pair_id,pair_type,beta,Delta_policy,Delta_ref,u,sigmoid_beta_u,gradient_scale,near_zero,saturated
protocol_v1_A_001_02200_collision_orbit_right_64_seed41200_background_drift_local,local_corruption,0.05,0.01144854724407196,0.01144854724407196,0.0,0.5,0.025,True,False
protocol_v1_A_001_02200_collision_orbit_right_64_seed41200_background_drift_local,local_corruption,0.1,0.01144854724407196,0.01144854724407196,0.0,0.5,0.05,True,False
protocol_v1_A_001_02200_collision_orbit_right_64_seed41200_background_drift_local,local_corruption,0.2,0.01144854724407196,0.01144854724407196,0.0,0.5,0.1,True,False
protocol_v1_A_001_02200_collision_orbit_right_64_seed41200_background_drift_local,local_corruption,0.5,0.01144854724407196,0.01144854724407196,0.0,0.5,0.25,True,False
protocol_v1_A_001_02200_collision_orbit_right_64_seed41200_background_drift_local,local_corruption,1.0,0.01144854724407196,0.01144854724407196,0.0,0.5,0.5,True,False
protocol_v1_A_001_02200_collision_orbit_right_64_seed41200_background_drift_local,local_corruption,2.0,0.01144854724407196,0.01144854724407196,0.0,0.5,1.0,True,False
protocol_v1_A_001_02200_collision_orbit_right_64_seed41200_background_drift_local,local_corruption,5.0,0.01144854724407196,0.01144854724407196,0.0,0.5,2.5,True,False
protocol_v1_A_001_02200_collision_orbit_right_64_seed41200_background_drift_local,local_corruption,10.0,0.01144854724407196,0.01144854724407196,0.0,0.5,5.0,True,False
protocol_v1_A_002_02200_collision_orbit_right_64_seed41200_wrong_camera_motion_local,local_corruption,0.05,0.019627079367637634,0.019627079367637634,0.0,0.5,0.025,True,False
protocol_v1_A_002_02200_collision_orbit_right_64_seed41200_wrong_camera_motion_local,local_corruption,0.1,0.019627079367637634,0.019627079367637634,0.0,0.5,0.05,True,False
protocol_v1_A_002_02200_collision_orbit_right_64_seed41200_wrong_camera_motion_local,local_corruption,0.2,0.019627079367637634,0.019627079367637634,0.0,0.5,0.1,True,False
protocol_v1_A_002_02200_collision_orbit_right_64_seed41200_wrong_camera_motion_local,local_corruption,0.5,0.019627079367637634,0.019627079367637634,0.0,0.5,0.25,True,False
protocol_v1_A_002_02200_collision_orbit_right_64_seed41200_wrong_camera_motion_local,local_corruption,1.0,0.019627079367637634,0.019627079367637634,0.0,0.5,0.5,True,False
protocol_v1_A_002_02200_collision_orbit_right_64_seed41200_wrong_camera_motion_local,local_corruption,2.0,0.019627079367637634,0.019627079367637634,0.0,0.5,1.0,True,False
protocol_v1_A_002_02200_collision_orbit_right_64_seed41200_wrong_camera_motion_local,local_corruption,5.0,0.019627079367637634,0.019627079367637634,0.0,0.5,2.5,True,False
protocol_v1_A_002_02200_collision_orbit_right_64_seed41200_wrong_camera_motion_local,local_corruption,10.0,0.019627079367637634,0.019627079367637634,0.0,0.5,5.0,True,False
protocol_v1_A_003_02200_collision_orbit_right_64_seed41200_object_deformation_local,local_corruption,0.05,0.023501377552747726,0.023501377552747726,0.0,0.5,0.025,True,False
protocol_v1_A_003_02200_collision_orbit_right_64_seed41200_object_deformation_local,local_corruption,0.1,0.023501377552747726,0.023501377552747726,0.0,0.5,0.05,True,False
protocol_v1_A_003_02200_collision_orbit_right_64_seed41200_object_deformation_local,local_corruption,0.2,0.023501377552747726,0.023501377552747726,0.0,0.5,0.1,True,False
protocol_v1_A_003_02200_collision_orbit_right_64_seed41200_object_deformation_local,local_corruption,0.5,0.023501377552747726,0.023501377552747726,0.0,0.5,0.25,True,False
protocol_v1_A_003_02200_collision_orbit_right_64_seed41200_object_deformation_local,local_corruption,1.0,0.023501377552747726,0.023501377552747726,0.0,0.5,0.5,True,False
protocol_v1_A_003_02200_collision_orbit_right_64_seed41200_object_deformation_local,local_corruption,2.0,0.023501377552747726,0.023501377552747726,0.0,0.5,1.0,True,False
protocol_v1_A_003_02200_collision_orbit_right_64_seed41200_object_deformation_local,local_corruption,5.0,0.023501377552747726,0.023501377552747726,0.0,0.5,2.5,True,False
protocol_v1_A_003_02200_collision_orbit_right_64_seed41200_object_deformation_local,local_corruption,10.0,0.023501377552747726,0.023501377552747726,0.0,0.5,5.0,True,False
protocol_v1_A_004_02200_collision_orbit_right_64_seed41200_object_identity_change_local,local_corruption,0.05,0.00760408490896225,0.00760408490896225,0.0,0.5,0.025,True,False
protocol_v1_A_004_02200_collision_orbit_right_64_seed41200_object_identity_change_local,local_corruption,0.1,0.00760408490896225,0.00760408490896225,0.0,0.5,0.05,True,False
protocol_v1_A_004_02200_collision_orbit_right_64_seed41200_object_identity_change_local,local_corruption,0.2,0.00760408490896225,0.00760408490896225,0.0,0.5,0.1,True,False
protocol_v1_A_004_02200_collision_orbit_right_64_seed41200_object_identity_change_local,local_corruption,0.5,0.00760408490896225,0.00760408490896225,0.0,0.5,0.25,True,False
protocol_v1_A_004_02200_collision_orbit_right_64_seed41200_object_identity_change_local,local_corruption,1.0,0.00760408490896225,0.00760408490896225,0.0,0.5,0.5,True,False
protocol_v1_A_004_02200_collision_orbit_right_64_seed41200_object_identity_change_local,local_corruption,2.0,0.00760408490896225,0.00760408490896225,0.0,0.5,1.0,True,False
protocol_v1_A_004_02200_collision_orbit_right_64_seed41200_object_identity_change_local,local_corruption,5.0,0.00760408490896225,0.00760408490896225,0.0,0.5,2.5,True,False
protocol_v1_A_004_02200_collision_orbit_right_64_seed41200_object_identity_change_local,local_corruption,10.0,0.00760408490896225,0.00760408490896225,0.0,0.5,5.0,True,False
protocol_v1_A_005_02200_collision_orbit_right_64_seed41200_reobserve_mismatch_local,local_corruption,0.05,0.0004230281338095665,0.0004230281338095665,0.0,0.5,0.025,True,False
protocol_v1_A_005_02200_collision_orbit_right_64_seed41200_reobserve_mismatch_local,local_corruption,0.1,0.0004230281338095665,0.0004230281338095665,0.0,0.5,0.05,True,False
protocol_v1_A_005_02200_collision_orbit_right_64_seed41200_reobserve_mismatch_local,local_corruption,0.2,0.0004230281338095665,0.0004230281338095665,0.0,0.5,0.1,True,False
protocol_v1_A_005_02200_collision_orbit_right_64_seed41200_reobserve_mismatch_local,local_corruption,0.5,0.0004230281338095665,0.0004230281338095665,0.0,0.5,0.25,True,False
protocol_v1_A_005_02200_collision_orbit_right_64_seed41200_reobserve_mismatch_local,local_corruption,1.0,0.0004230281338095665,0.0004230281338095665,0.0,0.5,0.5,True,False
protocol_v1_A_005_02200_collision_orbit_right_64_seed41200_reobserve_mismatch_local,local_corruption,2.0,0.0004230281338095665,0.0004230281338095665,0.0,0.5,1.0,True,False
protocol_v1_A_005_02200_collision_orbit_right_64_seed41200_reobserve_mismatch_local,local_corruption,5.0,0.0004230281338095665,0.0004230281338095665,0.0,0.5,2.5,True,False
protocol_v1_A_005_02200_collision_orbit_right_64_seed41200_reobserve_mismatch_local,local_corruption,10.0,0.0004230281338095665,0.0004230281338095665,0.0,0.5,5.0,True,False
protocol_v1_A_006_02200_collision_orbit_right_64_seed41200_partial_freeze,local_corruption,0.05,0.022545889019966125,0.022545889019966125,0.0,0.5,0.025,True,False
protocol_v1_A_006_02200_collision_orbit_right_64_seed41200_partial_freeze,local_corruption,0.1,0.022545889019966125,0.022545889019966125,0.0,0.5,0.05,True,False
protocol_v1_A_006_02200_collision_orbit_right_64_seed41200_partial_freeze,local_corruption,0.2,0.022545889019966125,0.022545889019966125,0.0,0.5,0.1,True,False
protocol_v1_A_006_02200_collision_orbit_right_64_seed41200_partial_freeze,local_corruption,0.5,0.022545889019966125,0.022545889019966125,0.0,0.5,0.25,True,False
protocol_v1_A_006_02200_collision_orbit_right_64_seed41200_partial_freeze,local_corruption,1.0,0.022545889019966125,0.022545889019966125,0.0,0.5,0.5,True,False
protocol_v1_A_006_02200_collision_orbit_right_64_seed41200_partial_freeze,local_corruption,2.0,0.022545889019966125,0.022545889019966125,0.0,0.5,1.0,True,False
protocol_v1_A_006_02200_collision_orbit_right_64_seed41200_partial_freeze,local_corruption,5.0,0.022545889019966125,0.022545889019966125,0.0,0.5,2.5,True,False
protocol_v1_A_006_02200_collision_orbit_right_64_seed41200_partial_freeze,local_corruption,10.0,0.022545889019966125,0.022545889019966125,0.0,0.5,5.0,True,False
protocol_v1_A_007_02200_collision_orbit_right_64_seed41200_physical_event_local_failure,local_corruption,0.05,0.00939827412366867,0.00939827412366867,0.0,0.5,0.025,True,False
protocol_v1_A_007_02200_collision_orbit_right_64_seed41200_physical_event_local_failure,local_corruption,0.1,0.00939827412366867,0.00939827412366867,0.0,0.5,0.05,True,False
protocol_v1_A_007_02200_collision_orbit_right_64_seed41200_physical_event_local_failure,local_corruption,0.2,0.00939827412366867,0.00939827412366867,0.0,0.5,0.1,True,False
protocol_v1_A_007_02200_collision_orbit_right_64_seed41200_physical_event_local_failure,local_corruption,0.5,0.00939827412366867,0.00939827412366867,0.0,0.5,0.25,True,False
protocol_v1_A_007_02200_collision_orbit_right_64_seed41200_physical_event_local_failure,local_corruption,1.0,0.00939827412366867,0.00939827412366867,0.0,0.5,0.5,True,False
protocol_v1_A_007_02200_collision_orbit_right_64_seed41200_physical_event_local_failure,local_corruption,2.0,0.00939827412366867,0.00939827412366867,0.0,0.5,1.0,True,False
protocol_v1_A_007_02200_collision_orbit_right_64_seed41200_physical_event_local_failure,local_corruption,5.0,0.00939827412366867,0.00939827412366867,0.0,0.5,2.5,True,False
protocol_v1_A_007_02200_collision_orbit_right_64_seed41200_physical_event_local_failure,local_corruption,10.0,0.00939827412366867,0.00939827412366867,0.0,0.5,5.0,True,False
protocol_v1_A_008_02200_collision_orbit_right_64_seed41200_background_drift_local,local_corruption,0.05,0.013886384665966034,0.013886384665966034,0.0,0.5,0.025,True,False
protocol_v1_A_008_02200_collision_orbit_right_64_seed41200_background_drift_local,local_corruption,0.1,0.013886384665966034,0.013886384665966034,0.0,0.5,0.05,True,False
protocol_v1_A_008_02200_collision_orbit_right_64_seed41200_background_drift_local,local_corruption,0.2,0.013886384665966034,0.013886384665966034,0.0,0.5,0.1,True,False
protocol_v1_A_008_02200_collision_orbit_right_64_seed41200_background_drift_local,local_corruption,0.5,0.013886384665966034,0.013886384665966034,0.0,0.5,0.25,True,False
protocol_v1_A_008_02200_collision_orbit_right_64_seed41200_background_drift_local,local_corruption,1.0,0.013886384665966034,0.013886384665966034,0.0,0.5,0.5,True,False
protocol_v1_A_008_02200_collision_orbit_right_64_seed41200_background_drift_local,local_corruption,2.0,0.013886384665966034,0.013886384665966034,0.0,0.5,1.0,True,False
protocol_v1_A_008_02200_collision_orbit_right_64_seed41200_background_drift_local,local_corruption,5.0,0.013886384665966034,0.013886384665966034,0.0,0.5,2.5,True,False
protocol_v1_A_008_02200_collision_orbit_right_64_seed41200_background_drift_local,local_corruption,10.0,0.013886384665966034,0.013886384665966034,0.0,0.5,5.0,True,False
protocol_v1_A_009_02200_collision_orbit_right_64_seed41200_wrong_camera_motion_local,local_corruption,0.05,0.00571475550532341,0.00571475550532341,0.0,0.5,0.025,True,False
protocol_v1_A_009_02200_collision_orbit_right_64_seed41200_wrong_camera_motion_local,local_corruption,0.1,0.00571475550532341,0.00571475550532341,0.0,0.5,0.05,True,False
protocol_v1_A_009_02200_collision_orbit_right_64_seed41200_wrong_camera_motion_local,local_corruption,0.2,0.00571475550532341,0.00571475550532341,0.0,0.5,0.1,True,False
protocol_v1_A_009_02200_collision_orbit_right_64_seed41200_wrong_camera_motion_local,local_corruption,0.5,0.00571475550532341,0.00571475550532341,0.0,0.5,0.25,True,False
protocol_v1_A_009_02200_collision_orbit_right_64_seed41200_wrong_camera_motion_local,local_corruption,1.0,0.00571475550532341,0.00571475550532341,0.0,0.5,0.5,True,False
protocol_v1_A_009_02200_collision_orbit_right_64_seed41200_wrong_camera_motion_local,local_corruption,2.0,0.00571475550532341,0.00571475550532341,0.0,0.5,1.0,True,False
protocol_v1_A_009_02200_collision_orbit_right_64_seed41200_wrong_camera_motion_local,local_corruption,5.0,0.00571475550532341,0.00571475550532341,0.0,0.5,2.5,True,False
protocol_v1_A_009_02200_collision_orbit_right_64_seed41200_wrong_camera_motion_local,local_corruption,10.0,0.00571475550532341,0.00571475550532341,0.0,0.5,5.0,True,False
protocol_v1_A_010_02200_collision_orbit_right_64_seed41200_object_deformation_local,local_corruption,0.05,0.011354699730873108,0.011354699730873108,0.0,0.5,0.025,True,False
protocol_v1_A_010_02200_collision_orbit_right_64_seed41200_object_deformation_local,local_corruption,0.1,0.011354699730873108,0.011354699730873108,0.0,0.5,0.05,True,False
protocol_v1_A_010_02200_collision_orbit_right_64_seed41200_object_deformation_local,local_corruption,0.2,0.011354699730873108,0.011354699730873108,0.0,0.5,0.1,True,False
protocol_v1_A_010_02200_collision_orbit_right_64_seed41200_object_deformation_local,local_corruption,0.5,0.011354699730873108,0.011354699730873108,0.0,0.5,0.25,True,False
protocol_v1_A_010_02200_collision_orbit_right_64_seed41200_object_deformation_local,local_corruption,1.0,0.011354699730873108,0.011354699730873108,0.0,0.5,0.5,True,False
protocol_v1_A_010_02200_collision_orbit_right_64_seed41200_object_deformation_local,local_corruption,2.0,0.011354699730873108,0.011354699730873108,0.0,0.5,1.0,True,False
protocol_v1_A_010_02200_collision_orbit_right_64_seed41200_object_deformation_local,local_corruption,5.0,0.011354699730873108,0.011354699730873108,0.0,0.5,2.5,True,False
protocol_v1_A_010_02200_collision_orbit_right_64_seed41200_object_deformation_local,local_corruption,10.0,0.011354699730873108,0.011354699730873108,0.0,0.5,5.0,True,False
protocol_v1_A_011_02200_collision_orbit_right_64_seed41200_object_identity_change_local,local_corruption,0.05,0.013059079647064209,0.013059079647064209,0.0,0.5,0.025,True,False
protocol_v1_A_011_02200_collision_orbit_right_64_seed41200_object_identity_change_local,local_corruption,0.1,0.013059079647064209,0.013059079647064209,0.0,0.5,0.05,True,False
protocol_v1_A_011_02200_collision_orbit_right_64_seed41200_object_identity_change_local,local_corruption,0.2,0.013059079647064209,0.013059079647064209,0.0,0.5,0.1,True,False
protocol_v1_A_011_02200_collision_orbit_right_64_seed41200_object_identity_change_local,local_corruption,0.5,0.013059079647064209,0.013059079647064209,0.0,0.5,0.25,True,False
protocol_v1_A_011_02200_collision_orbit_right_64_seed41200_object_identity_change_local,local_corruption,1.0,0.013059079647064209,0.013059079647064209,0.0,0.5,0.5,True,False
protocol_v1_A_011_02200_collision_orbit_right_64_seed41200_object_identity_change_local,local_corruption,2.0,0.013059079647064209,0.013059079647064209,0.0,0.5,1.0,True,False
protocol_v1_A_011_02200_collision_orbit_right_64_seed41200_object_identity_change_local,local_corruption,5.0,0.013059079647064209,0.013059079647064209,0.0,0.5,2.5,True,False
protocol_v1_A_011_02200_collision_orbit_right_64_seed41200_object_identity_change_local,local_corruption,10.0,0.013059079647064209,0.013059079647064209,0.0,0.5,5.0,True,False
protocol_v1_A_012_02202_collision_orbit_right_64_seed41202_reobserve_mismatch_local,local_corruption,0.05,0.0005199089646339417,0.0005199089646339417,0.0,0.5,0.025,True,False
protocol_v1_A_012_02202_collision_orbit_right_64_seed41202_reobserve_mismatch_local,local_corruption,0.1,0.0005199089646339417,0.0005199089646339417,0.0,0.5,0.05,True,False
protocol_v1_A_012_02202_collision_orbit_right_64_seed41202_reobserve_mismatch_local,local_corruption,0.2,0.0005199089646339417,0.0005199089646339417,0.0,0.5,0.1,True,False
protocol_v1_A_012_02202_collision_orbit_right_64_seed41202_reobserve_mismatch_local,local_corruption,0.5,0.0005199089646339417,0.0005199089646339417,0.0,0.5,0.25,True,False
protocol_v1_A_012_02202_collision_orbit_right_64_seed41202_reobserve_mismatch_local,local_corruption,1.0,0.0005199089646339417,0.0005199089646339417,0.0,0.5,0.5,True,False
protocol_v1_A_012_02202_collision_orbit_right_64_seed41202_reobserve_mismatch_local,local_corruption,2.0,0.0005199089646339417,0.0005199089646339417,0.0,0.5,1.0,True,False
protocol_v1_A_012_02202_collision_orbit_right_64_seed41202_reobserve_mismatch_local,local_corruption,5.0,0.0005199089646339417,0.0005199089646339417,0.0,0.5,2.5,True,False
protocol_v1_A_012_02202_collision_orbit_right_64_seed41202_reobserve_mismatch_local,local_corruption,10.0,0.0005199089646339417,0.0005199089646339417,0.0,0.5,5.0,True,False
protocol_v1_A_013_02202_collision_orbit_right_64_seed41202_partial_freeze,local_corruption,0.05,0.027131497859954834,0.027131497859954834,0.0,0.5,0.025,True,False
protocol_v1_A_013_02202_collision_orbit_right_64_seed41202_partial_freeze,local_corruption,0.1,0.027131497859954834,0.027131497859954834,0.0,0.5,0.05,True,False
protocol_v1_A_013_02202_collision_orbit_right_64_seed41202_partial_freeze,local_corruption,0.2,0.027131497859954834,0.027131497859954834,0.0,0.5,0.1,True,False
protocol_v1_A_013_02202_collision_orbit_right_64_seed41202_partial_freeze,local_corruption,0.5,0.027131497859954834,0.027131497859954834,0.0,0.5,0.25,True,False
protocol_v1_A_013_02202_collision_orbit_right_64_seed41202_partial_freeze,local_corruption,1.0,0.027131497859954834,0.027131497859954834,0.0,0.5,0.5,True,False
protocol_v1_A_013_02202_collision_orbit_right_64_seed41202_partial_freeze,local_corruption,2.0,0.027131497859954834,0.027131497859954834,0.0,0.5,1.0,True,False
protocol_v1_A_013_02202_collision_orbit_right_64_seed41202_partial_freeze,local_corruption,5.0,0.027131497859954834,0.027131497859954834,0.0,0.5,2.5,True,False
protocol_v1_A_013_02202_collision_orbit_right_64_seed41202_partial_freeze,local_corruption,10.0,0.027131497859954834,0.027131497859954834,0.0,0.5,5.0,True,False
protocol_v1_A_014_02202_collision_orbit_right_64_seed41202_physical_event_local_failure,local_corruption,0.05,0.017158538103103638,0.017158538103103638,0.0,0.5,0.025,True,False
protocol_v1_A_014_02202_collision_orbit_right_64_seed41202_physical_event_local_failure,local_corruption,0.1,0.017158538103103638,0.017158538103103638,0.0,0.5,0.05,True,False
protocol_v1_A_014_02202_collision_orbit_right_64_seed41202_physical_event_local_failure,local_corruption,0.2,0.017158538103103638,0.017158538103103638,0.0,0.5,0.1,True,False
protocol_v1_A_014_02202_collision_orbit_right_64_seed41202_physical_event_local_failure,local_corruption,0.5,0.017158538103103638,0.017158538103103638,0.0,0.5,0.25,True,False
protocol_v1_A_014_02202_collision_orbit_right_64_seed41202_physical_event_local_failure,local_corruption,1.0,0.017158538103103638,0.017158538103103638,0.0,0.5,0.5,True,False
protocol_v1_A_014_02202_collision_orbit_right_64_seed41202_physical_event_local_failure,local_corruption,2.0,0.017158538103103638,0.017158538103103638,0.0,0.5,1.0,True,False
protocol_v1_A_014_02202_collision_orbit_right_64_seed41202_physical_event_local_failure,local_corruption,5.0,0.017158538103103638,0.017158538103103638,0.0,0.5,2.5,True,False
protocol_v1_A_014_02202_collision_orbit_right_64_seed41202_physical_event_local_failure,local_corruption,10.0,0.017158538103103638,0.017158538103103638,0.0,0.5,5.0,True,False
protocol_v1_A_015_02202_collision_orbit_right_64_seed41202_background_drift_local,local_corruption,0.05,0.0036029331386089325,0.0036029331386089325,0.0,0.5,0.025,True,False
protocol_v1_A_015_02202_collision_orbit_right_64_seed41202_background_drift_local,local_corruption,0.1,0.0036029331386089325,0.0036029331386089325,0.0,0.5,0.05,True,False
protocol_v1_A_015_02202_collision_orbit_right_64_seed41202_background_drift_local,local_corruption,0.2,0.0036029331386089325,0.0036029331386089325,0.0,0.5,0.1,True,False
protocol_v1_A_015_02202_collision_orbit_right_64_seed41202_background_drift_local,local_corruption,0.5,0.0036029331386089325,0.0036029331386089325,0.0,0.5,0.25,True,False
protocol_v1_A_015_02202_collision_orbit_right_64_seed41202_background_drift_local,local_corruption,1.0,0.0036029331386089325,0.0036029331386089325,0.0,0.5,0.5,True,False
protocol_v1_A_015_02202_collision_orbit_right_64_seed41202_background_drift_local,local_corruption,2.0,0.0036029331386089325,0.0036029331386089325,0.0,0.5,1.0,True,False
protocol_v1_A_015_02202_collision_orbit_right_64_seed41202_background_drift_local,local_corruption,5.0,0.0036029331386089325,0.0036029331386089325,0.0,0.5,2.5,True,False
protocol_v1_A_015_02202_collision_orbit_right_64_seed41202_background_drift_local,local_corruption,10.0,0.0036029331386089325,0.0036029331386089325,0.0,0.5,5.0,True,False
protocol_v1_A_016_02202_collision_orbit_right_64_seed41202_wrong_camera_motion_local,local_corruption,0.05,0.0033422261476516724,0.0033422261476516724,0.0,0.5,0.025,True,False
protocol_v1_A_016_02202_collision_orbit_right_64_seed41202_wrong_camera_motion_local,local_corruption,0.1,0.0033422261476516724,0.0033422261476516724,0.0,0.5,0.05,True,False
protocol_v1_A_016_02202_collision_orbit_right_64_seed41202_wrong_camera_motion_local,local_corruption,0.2,0.0033422261476516724,0.0033422261476516724,0.0,0.5,0.1,True,False
protocol_v1_A_016_02202_collision_orbit_right_64_seed41202_wrong_camera_motion_local,local_corruption,0.5,0.0033422261476516724,0.0033422261476516724,0.0,0.5,0.25,True,False
protocol_v1_A_016_02202_collision_orbit_right_64_seed41202_wrong_camera_motion_local,local_corruption,1.0,0.0033422261476516724,0.0033422261476516724,0.0,0.5,0.5,True,False
protocol_v1_A_016_02202_collision_orbit_right_64_seed41202_wrong_camera_motion_local,local_corruption,2.0,0.0033422261476516724,0.0033422261476516724,0.0,0.5,1.0,True,False
protocol_v1_A_016_02202_collision_orbit_right_64_seed41202_wrong_camera_motion_local,local_corruption,5.0,0.0033422261476516724,0.0033422261476516724,0.0,0.5,2.5,True,False
protocol_v1_A_016_02202_collision_orbit_right_64_seed41202_wrong_camera_motion_local,local_corruption,10.0,0.0033422261476516724,0.0033422261476516724,0.0,0.5,5.0,True,False
protocol_v1_A_017_02202_collision_orbit_right_64_seed41202_object_deformation_local,local_corruption,0.05,0.0007800981402397156,0.0007800981402397156,0.0,0.5,0.025,True,False
protocol_v1_A_017_02202_collision_orbit_right_64_seed41202_object_deformation_local,local_corruption,0.1,0.0007800981402397156,0.0007800981402397156,0.0,0.5,0.05,True,False
protocol_v1_A_017_02202_collision_orbit_right_64_seed41202_object_deformation_local,local_corruption,0.2,0.0007800981402397156,0.0007800981402397156,0.0,0.5,0.1,True,False
protocol_v1_A_017_02202_collision_orbit_right_64_seed41202_object_deformation_local,local_corruption,0.5,0.0007800981402397156,0.0007800981402397156,0.0,0.5,0.25,True,False
protocol_v1_A_017_02202_collision_orbit_right_64_seed41202_object_deformation_local,local_corruption,1.0,0.0007800981402397156,0.0007800981402397156,0.0,0.5,0.5,True,False
protocol_v1_A_017_02202_collision_orbit_right_64_seed41202_object_deformation_local,local_corruption,2.0,0.0007800981402397156,0.0007800981402397156,0.0,0.5,1.0,True,False
protocol_v1_A_017_02202_collision_orbit_right_64_seed41202_object_deformation_local,local_corruption,5.0,0.0007800981402397156,0.0007800981402397156,0.0,0.5,2.5,True,False
protocol_v1_A_017_02202_collision_orbit_right_64_seed41202_object_deformation_local,local_corruption,10.0,0.0007800981402397156,0.0007800981402397156,0.0,0.5,5.0,True,False
protocol_v1_A_018_02202_collision_orbit_right_64_seed41202_object_identity_change_local,local_corruption,0.05,0.009543418884277344,0.009543418884277344,0.0,0.5,0.025,True,False
protocol_v1_A_018_02202_collision_orbit_right_64_seed41202_object_identity_change_local,local_corruption,0.1,0.009543418884277344,0.009543418884277344,0.0,0.5,0.05,True,False
protocol_v1_A_018_02202_collision_orbit_right_64_seed41202_object_identity_change_local,local_corruption,0.2,0.009543418884277344,0.009543418884277344,0.0,0.5,0.1,True,False
protocol_v1_A_018_02202_collision_orbit_right_64_seed41202_object_identity_change_local,local_corruption,0.5,0.009543418884277344,0.009543418884277344,0.0,0.5,0.25,True,False
protocol_v1_A_018_02202_collision_orbit_right_64_seed41202_object_identity_change_local,local_corruption,1.0,0.009543418884277344,0.009543418884277344,0.0,0.5,0.5,True,False
protocol_v1_A_018_02202_collision_orbit_right_64_seed41202_object_identity_change_local,local_corruption,2.0,0.009543418884277344,0.009543418884277344,0.0,0.5,1.0,True,False
protocol_v1_A_018_02202_collision_orbit_right_64_seed41202_object_identity_change_local,local_corruption,5.0,0.009543418884277344,0.009543418884277344,0.0,0.5,2.5,True,False
protocol_v1_A_018_02202_collision_orbit_right_64_seed41202_object_identity_change_local,local_corruption,10.0,0.009543418884277344,0.009543418884277344,0.0,0.5,5.0,True,False
protocol_v1_A_019_02202_collision_orbit_right_64_seed41202_reobserve_mismatch_local,local_corruption,0.05,0.0006808042526245117,0.0006808042526245117,0.0,0.5,0.025,True,False
protocol_v1_A_019_02202_collision_orbit_right_64_seed41202_reobserve_mismatch_local,local_corruption,0.1,0.0006808042526245117,0.0006808042526245117,0.0,0.5,0.05,True,False
protocol_v1_A_019_02202_collision_orbit_right_64_seed41202_reobserve_mismatch_local,local_corruption,0.2,0.0006808042526245117,0.0006808042526245117,0.0,0.5,0.1,True,False
protocol_v1_A_019_02202_collision_orbit_right_64_seed41202_reobserve_mismatch_local,local_corruption,0.5,0.0006808042526245117,0.0006808042526245117,0.0,0.5,0.25,True,False
protocol_v1_A_019_02202_collision_orbit_right_64_seed41202_reobserve_mismatch_local,local_corruption,1.0,0.0006808042526245117,0.0006808042526245117,0.0,0.5,0.5,True,False
protocol_v1_A_019_02202_collision_orbit_right_64_seed41202_reobserve_mismatch_local,local_corruption,2.0,0.0006808042526245117,0.0006808042526245117,0.0,0.5,1.0,True,False
protocol_v1_A_019_02202_collision_orbit_right_64_seed41202_reobserve_mismatch_local,local_corruption,5.0,0.0006808042526245117,0.0006808042526245117,0.0,0.5,2.5,True,False
protocol_v1_A_019_02202_collision_orbit_right_64_seed41202_reobserve_mismatch_local,local_corruption,10.0,0.0006808042526245117,0.0006808042526245117,0.0,0.5,5.0,True,False
protocol_v1_A_020_02202_collision_orbit_right_64_seed41202_partial_freeze,local_corruption,0.05,0.003180079162120819,0.003180079162120819,0.0,0.5,0.025,True,False
protocol_v1_A_020_02202_collision_orbit_right_64_seed41202_partial_freeze,local_corruption,0.1,0.003180079162120819,0.003180079162120819,0.0,0.5,0.05,True,False
protocol_v1_A_020_02202_collision_orbit_right_64_seed41202_partial_freeze,local_corruption,0.2,0.003180079162120819,0.003180079162120819,0.0,0.5,0.1,True,False
protocol_v1_A_020_02202_collision_orbit_right_64_seed41202_partial_freeze,local_corruption,0.5,0.003180079162120819,0.003180079162120819,0.0,0.5,0.25,True,False
protocol_v1_A_020_02202_collision_orbit_right_64_seed41202_partial_freeze,local_corruption,1.0,0.003180079162120819,0.003180079162120819,0.0,0.5,0.5,True,False
protocol_v1_A_020_02202_collision_orbit_right_64_seed41202_partial_freeze,local_corruption,2.0,0.003180079162120819,0.003180079162120819,0.0,0.5,1.0,True,False
protocol_v1_A_020_02202_collision_orbit_right_64_seed41202_partial_freeze,local_corruption,5.0,0.003180079162120819,0.003180079162120819,0.0,0.5,2.5,True,False
protocol_v1_A_020_02202_collision_orbit_right_64_seed41202_partial_freeze,local_corruption,10.0,0.003180079162120819,0.003180079162120819,0.0,0.5,5.0,True,False
protocol_v1_A_021_02202_collision_orbit_right_64_seed41202_physical_event_local_failure,local_corruption,0.05,-0.004637688398361206,-0.004637688398361206,0.0,0.5,0.025,True,False
protocol_v1_A_021_02202_collision_orbit_right_64_seed41202_physical_event_local_failure,local_corruption,0.1,-0.004637688398361206,-0.004637688398361206,0.0,0.5,0.05,True,False
protocol_v1_A_021_02202_collision_orbit_right_64_seed41202_physical_event_local_failure,local_corruption,0.2,-0.004637688398361206,-0.004637688398361206,0.0,0.5,0.1,True,False
protocol_v1_A_021_02202_collision_orbit_right_64_seed41202_physical_event_local_failure,local_corruption,0.5,-0.004637688398361206,-0.004637688398361206,0.0,0.5,0.25,True,False
protocol_v1_A_021_02202_collision_orbit_right_64_seed41202_physical_event_local_failure,local_corruption,1.0,-0.004637688398361206,-0.004637688398361206,0.0,0.5,0.5,True,False
protocol_v1_A_021_02202_collision_orbit_right_64_seed41202_physical_event_local_failure,local_corruption,2.0,-0.004637688398361206,-0.004637688398361206,0.0,0.5,1.0,True,False
protocol_v1_A_021_02202_collision_orbit_right_64_seed41202_physical_event_local_failure,local_corruption,5.0,-0.004637688398361206,-0.004637688398361206,0.0,0.5,2.5,True,False
protocol_v1_A_021_02202_collision_orbit_right_64_seed41202_physical_event_local_failure,local_corruption,10.0,-0.004637688398361206,-0.004637688398361206,0.0,0.5,5.0,True,False
protocol_v1_A_022_02202_collision_orbit_right_64_seed41202_background_drift_local,local_corruption,0.05,0.005025491118431091,0.005025491118431091,0.0,0.5,0.025,True,False
protocol_v1_A_022_02202_collision_orbit_right_64_seed41202_background_drift_local,local_corruption,0.1,0.005025491118431091,0.005025491118431091,0.0,0.5,0.05,True,False
protocol_v1_A_022_02202_collision_orbit_right_64_seed41202_background_drift_local,local_corruption,0.2,0.005025491118431091,0.005025491118431091,0.0,0.5,0.1,True,False
protocol_v1_A_022_02202_collision_orbit_right_64_seed41202_background_drift_local,local_corruption,0.5,0.005025491118431091,0.005025491118431091,0.0,0.5,0.25,True,False
protocol_v1_A_022_02202_collision_orbit_right_64_seed41202_background_drift_local,local_corruption,1.0,0.005025491118431091,0.005025491118431091,0.0,0.5,0.5,True,False
protocol_v1_A_022_02202_collision_orbit_right_64_seed41202_background_drift_local,local_corruption,2.0,0.005025491118431091,0.005025491118431091,0.0,0.5,1.0,True,False
protocol_v1_A_022_02202_collision_orbit_right_64_seed41202_background_drift_local,local_corruption,5.0,0.005025491118431091,0.005025491118431091,0.0,0.5,2.5,True,False
protocol_v1_A_022_02202_collision_orbit_right_64_seed41202_background_drift_local,local_corruption,10.0,0.005025491118431091,0.005025491118431091,0.0,0.5,5.0,True,False
protocol_v1_A_023_02222_collision_orbit_right_64_seed41222_wrong_camera_motion_local,local_corruption,0.05,0.025608859956264496,0.025608859956264496,0.0,0.5,0.025,True,False
protocol_v1_A_023_02222_collision_orbit_right_64_seed41222_wrong_camera_motion_local,local_corruption,0.1,0.025608859956264496,0.025608859956264496,0.0,0.5,0.05,True,False
protocol_v1_A_023_02222_collision_orbit_right_64_seed41222_wrong_camera_motion_local,local_corruption,0.2,0.025608859956264496,0.025608859956264496,0.0,0.5,0.1,True,False
protocol_v1_A_023_02222_collision_orbit_right_64_seed41222_wrong_camera_motion_local,local_corruption,0.5,0.025608859956264496,0.025608859956264496,0.0,0.5,0.25,True,False
protocol_v1_A_023_02222_collision_orbit_right_64_seed41222_wrong_camera_motion_local,local_corruption,1.0,0.025608859956264496,0.025608859956264496,0.0,0.5,0.5,True,False
protocol_v1_A_023_02222_collision_orbit_right_64_seed41222_wrong_camera_motion_local,local_corruption,2.0,0.025608859956264496,0.025608859956264496,0.0,0.5,1.0,True,False
protocol_v1_A_023_02222_collision_orbit_right_64_seed41222_wrong_camera_motion_local,local_corruption,5.0,0.025608859956264496,0.025608859956264496,0.0,0.5,2.5,True,False
protocol_v1_A_023_02222_collision_orbit_right_64_seed41222_wrong_camera_motion_local,local_corruption,10.0,0.025608859956264496,0.025608859956264496,0.0,0.5,5.0,True,False
protocol_v1_A_024_02222_collision_orbit_right_64_seed41222_object_deformation_local,local_corruption,0.05,-0.024275071918964386,-0.024275071918964386,0.0,0.5,0.025,True,False
protocol_v1_A_024_02222_collision_orbit_right_64_seed41222_object_deformation_local,local_corruption,0.1,-0.024275071918964386,-0.024275071918964386,0.0,0.5,0.05,True,False
protocol_v1_A_024_02222_collision_orbit_right_64_seed41222_object_deformation_local,local_corruption,0.2,-0.024275071918964386,-0.024275071918964386,0.0,0.5,0.1,True,False
protocol_v1_A_024_02222_collision_orbit_right_64_seed41222_object_deformation_local,local_corruption,0.5,-0.024275071918964386,-0.024275071918964386,0.0,0.5,0.25,True,False
protocol_v1_A_024_02222_collision_orbit_right_64_seed41222_object_deformation_local,local_corruption,1.0,-0.024275071918964386,-0.024275071918964386,0.0,0.5,0.5,True,False
protocol_v1_A_024_02222_collision_orbit_right_64_seed41222_object_deformation_local,local_corruption,2.0,-0.024275071918964386,-0.024275071918964386,0.0,0.5,1.0,True,False
protocol_v1_A_024_02222_collision_orbit_right_64_seed41222_object_deformation_local,local_corruption,5.0,-0.024275071918964386,-0.024275071918964386,0.0,0.5,2.5,True,False
protocol_v1_A_024_02222_collision_orbit_right_64_seed41222_object_deformation_local,local_corruption,10.0,-0.024275071918964386,-0.024275071918964386,0.0,0.5,5.0,True,False
protocol_v1_A_025_02222_collision_orbit_right_64_seed41222_object_identity_change_local,local_corruption,0.05,0.003550207242369652,0.003550207242369652,0.0,0.5,0.025,True,False
protocol_v1_A_025_02222_collision_orbit_right_64_seed41222_object_identity_change_local,local_corruption,0.1,0.003550207242369652,0.003550207242369652,0.0,0.5,0.05,True,False
protocol_v1_A_025_02222_collision_orbit_right_64_seed41222_object_identity_change_local,local_corruption,0.2,0.003550207242369652,0.003550207242369652,0.0,0.5,0.1,True,False
protocol_v1_A_025_02222_collision_orbit_right_64_seed41222_object_identity_change_local,local_corruption,0.5,0.003550207242369652,0.003550207242369652,0.0,0.5,0.25,True,False
protocol_v1_A_025_02222_collision_orbit_right_64_seed41222_object_identity_change_local,local_corruption,1.0,0.003550207242369652,0.003550207242369652,0.0,0.5,0.5,True,False
protocol_v1_A_025_02222_collision_orbit_right_64_seed41222_object_identity_change_local,local_corruption,2.0,0.003550207242369652,0.003550207242369652,0.0,0.5,1.0,True,False
protocol_v1_A_025_02222_collision_orbit_right_64_seed41222_object_identity_change_local,local_corruption,5.0,0.003550207242369652,0.003550207242369652,0.0,0.5,2.5,True,False
protocol_v1_A_025_02222_collision_orbit_right_64_seed41222_object_identity_change_local,local_corruption,10.0,0.003550207242369652,0.003550207242369652,0.0,0.5,5.0,True,False
protocol_v1_A_026_02222_collision_orbit_right_64_seed41222_reobserve_mismatch_local,local_corruption,0.05,0.0034581273794174194,0.0034581273794174194,0.0,0.5,0.025,True,False
protocol_v1_A_026_02222_collision_orbit_right_64_seed41222_reobserve_mismatch_local,local_corruption,0.1,0.0034581273794174194,0.0034581273794174194,0.0,0.5,0.05,True,False
protocol_v1_A_026_02222_collision_orbit_right_64_seed41222_reobserve_mismatch_local,local_corruption,0.2,0.0034581273794174194,0.0034581273794174194,0.0,0.5,0.1,True,False
protocol_v1_A_026_02222_collision_orbit_right_64_seed41222_reobserve_mismatch_local,local_corruption,0.5,0.0034581273794174194,0.0034581273794174194,0.0,0.5,0.25,True,False
protocol_v1_A_026_02222_collision_orbit_right_64_seed41222_reobserve_mismatch_local,local_corruption,1.0,0.0034581273794174194,0.0034581273794174194,0.0,0.5,0.5,True,False
protocol_v1_A_026_02222_collision_orbit_right_64_seed41222_reobserve_mismatch_local,local_corruption,2.0,0.0034581273794174194,0.0034581273794174194,0.0,0.5,1.0,True,False
protocol_v1_A_026_02222_collision_orbit_right_64_seed41222_reobserve_mismatch_local,local_corruption,5.0,0.0034581273794174194,0.0034581273794174194,0.0,0.5,2.5,True,False
protocol_v1_A_026_02222_collision_orbit_right_64_seed41222_reobserve_mismatch_local,local_corruption,10.0,0.0034581273794174194,0.0034581273794174194,0.0,0.5,5.0,True,False
protocol_v1_A_027_02222_collision_orbit_right_64_seed41222_partial_freeze,local_corruption,0.05,0.019311197102069855,0.019311197102069855,0.0,0.5,0.025,True,False
protocol_v1_A_027_02222_collision_orbit_right_64_seed41222_partial_freeze,local_corruption,0.1,0.019311197102069855,0.019311197102069855,0.0,0.5,0.05,True,False
protocol_v1_A_027_02222_collision_orbit_right_64_seed41222_partial_freeze,local_corruption,0.2,0.019311197102069855,0.019311197102069855,0.0,0.5,0.1,True,False
protocol_v1_A_027_02222_collision_orbit_right_64_seed41222_partial_freeze,local_corruption,0.5,0.019311197102069855,0.019311197102069855,0.0,0.5,0.25,True,False
protocol_v1_A_027_02222_collision_orbit_right_64_seed41222_partial_freeze,local_corruption,1.0,0.019311197102069855,0.019311197102069855,0.0,0.5,0.5,True,False
protocol_v1_A_027_02222_collision_orbit_right_64_seed41222_partial_freeze,local_corruption,2.0,0.019311197102069855,0.019311197102069855,0.0,0.5,1.0,True,False
protocol_v1_A_027_02222_collision_orbit_right_64_seed41222_partial_freeze,local_corruption,5.0,0.019311197102069855,0.019311197102069855,0.0,0.5,2.5,True,False
protocol_v1_A_027_02222_collision_orbit_right_64_seed41222_partial_freeze,local_corruption,10.0,0.019311197102069855,0.019311197102069855,0.0,0.5,5.0,True,False
protocol_v1_A_028_02222_collision_orbit_right_64_seed41222_physical_event_local_failure,local_corruption,0.05,0.008275605738162994,0.008275605738162994,0.0,0.5,0.025,True,False
protocol_v1_A_028_02222_collision_orbit_right_64_seed41222_physical_event_local_failure,local_corruption,0.1,0.008275605738162994,0.008275605738162994,0.0,0.5,0.05,True,False
protocol_v1_A_028_02222_collision_orbit_right_64_seed41222_physical_event_local_failure,local_corruption,0.2,0.008275605738162994,0.008275605738162994,0.0,0.5,0.1,True,False
protocol_v1_A_028_02222_collision_orbit_right_64_seed41222_physical_event_local_failure,local_corruption,0.5,0.008275605738162994,0.008275605738162994,0.0,0.5,0.25,True,False
protocol_v1_A_028_02222_collision_orbit_right_64_seed41222_physical_event_local_failure,local_corruption,1.0,0.008275605738162994,0.008275605738162994,0.0,0.5,0.5,True,False
protocol_v1_A_028_02222_collision_orbit_right_64_seed41222_physical_event_local_failure,local_corruption,2.0,0.008275605738162994,0.008275605738162994,0.0,0.5,1.0,True,False
protocol_v1_A_028_02222_collision_orbit_right_64_seed41222_physical_event_local_failure,local_corruption,5.0,0.008275605738162994,0.008275605738162994,0.0,0.5,2.5,True,False
protocol_v1_A_028_02222_collision_orbit_right_64_seed41222_physical_event_local_failure,local_corruption,10.0,0.008275605738162994,0.008275605738162994,0.0,0.5,5.0,True,False
protocol_v1_A_029_02222_collision_orbit_right_64_seed41222_background_drift_local,local_corruption,0.05,0.0204792320728302,0.0204792320728302,0.0,0.5,0.025,True,False
protocol_v1_A_029_02222_collision_orbit_right_64_seed41222_background_drift_local,local_corruption,0.1,0.0204792320728302,0.0204792320728302,0.0,0.5,0.05,True,False
protocol_v1_A_029_02222_collision_orbit_right_64_seed41222_background_drift_local,local_corruption,0.2,0.0204792320728302,0.0204792320728302,0.0,0.5,0.1,True,False
protocol_v1_A_029_02222_collision_orbit_right_64_seed41222_background_drift_local,local_corruption,0.5,0.0204792320728302,0.0204792320728302,0.0,0.5,0.25,True,False
protocol_v1_A_029_02222_collision_orbit_right_64_seed41222_background_drift_local,local_corruption,1.0,0.0204792320728302,0.0204792320728302,0.0,0.5,0.5,True,False
protocol_v1_A_029_02222_collision_orbit_right_64_seed41222_background_drift_local,local_corruption,2.0,0.0204792320728302,0.0204792320728302,0.0,0.5,1.0,True,False
protocol_v1_A_029_02222_collision_orbit_right_64_seed41222_background_drift_local,local_corruption,5.0,0.0204792320728302,0.0204792320728302,0.0,0.5,2.5,True,False
protocol_v1_A_029_02222_collision_orbit_right_64_seed41222_background_drift_local,local_corruption,10.0,0.0204792320728302,0.0204792320728302,0.0,0.5,5.0,True,False
protocol_v1_A_030_02222_collision_orbit_right_64_seed41222_wrong_camera_motion_local,local_corruption,0.05,0.028059273958206177,0.028059273958206177,0.0,0.5,0.025,True,False
protocol_v1_A_030_02222_collision_orbit_right_64_seed41222_wrong_camera_motion_local,local_corruption,0.1,0.028059273958206177,0.028059273958206177,0.0,0.5,0.05,True,False
protocol_v1_A_030_02222_collision_orbit_right_64_seed41222_wrong_camera_motion_local,local_corruption,0.2,0.028059273958206177,0.028059273958206177,0.0,0.5,0.1,True,False
protocol_v1_A_030_02222_collision_orbit_right_64_seed41222_wrong_camera_motion_local,local_corruption,0.5,0.028059273958206177,0.028059273958206177,0.0,0.5,0.25,True,False
protocol_v1_A_030_02222_collision_orbit_right_64_seed41222_wrong_camera_motion_local,local_corruption,1.0,0.028059273958206177,0.028059273958206177,0.0,0.5,0.5,True,False
protocol_v1_A_030_02222_collision_orbit_right_64_seed41222_wrong_camera_motion_local,local_corruption,2.0,0.028059273958206177,0.028059273958206177,0.0,0.5,1.0,True,False
protocol_v1_A_030_02222_collision_orbit_right_64_seed41222_wrong_camera_motion_local,local_corruption,5.0,0.028059273958206177,0.028059273958206177,0.0,0.5,2.5,True,False
protocol_v1_A_030_02222_collision_orbit_right_64_seed41222_wrong_camera_motion_local,local_corruption,10.0,0.028059273958206177,0.028059273958206177,0.0,0.5,5.0,True,False
protocol_v1_A_031_02222_collision_orbit_right_64_seed41222_object_deformation_local,local_corruption,0.05,0.01172696053981781,0.01172696053981781,0.0,0.5,0.025,True,False
protocol_v1_A_031_02222_collision_orbit_right_64_seed41222_object_deformation_local,local_corruption,0.1,0.01172696053981781,0.01172696053981781,0.0,0.5,0.05,True,False
protocol_v1_A_031_02222_collision_orbit_right_64_seed41222_object_deformation_local,local_corruption,0.2,0.01172696053981781,0.01172696053981781,0.0,0.5,0.1,True,False
protocol_v1_A_031_02222_collision_orbit_right_64_seed41222_object_deformation_local,local_corruption,0.5,0.01172696053981781,0.01172696053981781,0.0,0.5,0.25,True,False
protocol_v1_A_031_02222_collision_orbit_right_64_seed41222_object_deformation_local,local_corruption,1.0,0.01172696053981781,0.01172696053981781,0.0,0.5,0.5,True,False
protocol_v1_A_031_02222_collision_orbit_right_64_seed41222_object_deformation_local,local_corruption,2.0,0.01172696053981781,0.01172696053981781,0.0,0.5,1.0,True,False
protocol_v1_A_031_02222_collision_orbit_right_64_seed41222_object_deformation_local,local_corruption,5.0,0.01172696053981781,0.01172696053981781,0.0,0.5,2.5,True,False
protocol_v1_A_031_02222_collision_orbit_right_64_seed41222_object_deformation_local,local_corruption,10.0,0.01172696053981781,0.01172696053981781,0.0,0.5,5.0,True,False
protocol_v1_A_032_02222_collision_orbit_right_64_seed41222_object_identity_change_local,local_corruption,0.05,0.027669377624988556,0.027669377624988556,0.0,0.5,0.025,True,False
protocol_v1_A_032_02222_collision_orbit_right_64_seed41222_object_identity_change_local,local_corruption,0.1,0.027669377624988556,0.027669377624988556,0.0,0.5,0.05,True,False
protocol_v1_A_032_02222_collision_orbit_right_64_seed41222_object_identity_change_local,local_corruption,0.2,0.027669377624988556,0.027669377624988556,0.0,0.5,0.1,True,False
protocol_v1_A_032_02222_collision_orbit_right_64_seed41222_object_identity_change_local,local_corruption,0.5,0.027669377624988556,0.027669377624988556,0.0,0.5,0.25,True,False
protocol_v1_A_032_02222_collision_orbit_right_64_seed41222_object_identity_change_local,local_corruption,1.0,0.027669377624988556,0.027669377624988556,0.0,0.5,0.5,True,False
protocol_v1_A_032_02222_collision_orbit_right_64_seed41222_object_identity_change_local,local_corruption,2.0,0.027669377624988556,0.027669377624988556,0.0,0.5,1.0,True,False
protocol_v1_A_032_02222_collision_orbit_right_64_seed41222_object_identity_change_local,local_corruption,5.0,0.027669377624988556,0.027669377624988556,0.0,0.5,2.5,True,False
protocol_v1_A_032_02222_collision_orbit_right_64_seed41222_object_identity_change_local,local_corruption,10.0,0.027669377624988556,0.027669377624988556,0.0,0.5,5.0,True,False
protocol_v1_A_033_02222_collision_orbit_right_64_seed41222_reobserve_mismatch_local,local_corruption,0.05,0.010373637080192566,0.010373637080192566,0.0,0.5,0.025,True,False
protocol_v1_A_033_02222_collision_orbit_right_64_seed41222_reobserve_mismatch_local,local_corruption,0.1,0.010373637080192566,0.010373637080192566,0.0,0.5,0.05,True,False
protocol_v1_A_033_02222_collision_orbit_right_64_seed41222_reobserve_mismatch_local,local_corruption,0.2,0.010373637080192566,0.010373637080192566,0.0,0.5,0.1,True,False
protocol_v1_A_033_02222_collision_orbit_right_64_seed41222_reobserve_mismatch_local,local_corruption,0.5,0.010373637080192566,0.010373637080192566,0.0,0.5,0.25,True,False
protocol_v1_A_033_02222_collision_orbit_right_64_seed41222_reobserve_mismatch_local,local_corruption,1.0,0.010373637080192566,0.010373637080192566,0.0,0.5,0.5,True,False
protocol_v1_A_033_02222_collision_orbit_right_64_seed41222_reobserve_mismatch_local,local_corruption,2.0,0.010373637080192566,0.010373637080192566,0.0,0.5,1.0,True,False
protocol_v1_A_033_02222_collision_orbit_right_64_seed41222_reobserve_mismatch_local,local_corruption,5.0,0.010373637080192566,0.010373637080192566,0.0,0.5,2.5,True,False
protocol_v1_A_033_02222_collision_orbit_right_64_seed41222_reobserve_mismatch_local,local_corruption,10.0,0.010373637080192566,0.010373637080192566,0.0,0.5,5.0,True,False
protocol_v1_A_034_02226_collision_orbit_right_64_seed41226_partial_freeze,local_corruption,0.05,0.010853692889213562,0.010853692889213562,0.0,0.5,0.025,True,False
protocol_v1_A_034_02226_collision_orbit_right_64_seed41226_partial_freeze,local_corruption,0.1,0.010853692889213562,0.010853692889213562,0.0,0.5,0.05,True,False
protocol_v1_A_034_02226_collision_orbit_right_64_seed41226_partial_freeze,local_corruption,0.2,0.010853692889213562,0.010853692889213562,0.0,0.5,0.1,True,False
protocol_v1_A_034_02226_collision_orbit_right_64_seed41226_partial_freeze,local_corruption,0.5,0.010853692889213562,0.010853692889213562,0.0,0.5,0.25,True,False
protocol_v1_A_034_02226_collision_orbit_right_64_seed41226_partial_freeze,local_corruption,1.0,0.010853692889213562,0.010853692889213562,0.0,0.5,0.5,True,False
protocol_v1_A_034_02226_collision_orbit_right_64_seed41226_partial_freeze,local_corruption,2.0,0.010853692889213562,0.010853692889213562,0.0,0.5,1.0,True,False
protocol_v1_A_034_02226_collision_orbit_right_64_seed41226_partial_freeze,local_corruption,5.0,0.010853692889213562,0.010853692889213562,0.0,0.5,2.5,True,False
protocol_v1_A_034_02226_collision_orbit_right_64_seed41226_partial_freeze,local_corruption,10.0,0.010853692889213562,0.010853692889213562,0.0,0.5,5.0,True,False
protocol_v1_A_035_02226_collision_orbit_right_64_seed41226_physical_event_local_failure,local_corruption,0.05,0.0034134909510612488,0.0034134909510612488,0.0,0.5,0.025,True,False
protocol_v1_A_035_02226_collision_orbit_right_64_seed41226_physical_event_local_failure,local_corruption,0.1,0.0034134909510612488,0.0034134909510612488,0.0,0.5,0.05,True,False
protocol_v1_A_035_02226_collision_orbit_right_64_seed41226_physical_event_local_failure,local_corruption,0.2,0.0034134909510612488,0.0034134909510612488,0.0,0.5,0.1,True,False
protocol_v1_A_035_02226_collision_orbit_right_64_seed41226_physical_event_local_failure,local_corruption,0.5,0.0034134909510612488,0.0034134909510612488,0.0,0.5,0.25,True,False
protocol_v1_A_035_02226_collision_orbit_right_64_seed41226_physical_event_local_failure,local_corruption,1.0,0.0034134909510612488,0.0034134909510612488,0.0,0.5,0.5,True,False
protocol_v1_A_035_02226_collision_orbit_right_64_seed41226_physical_event_local_failure,local_corruption,2.0,0.0034134909510612488,0.0034134909510612488,0.0,0.5,1.0,True,False
protocol_v1_A_035_02226_collision_orbit_right_64_seed41226_physical_event_local_failure,local_corruption,5.0,0.0034134909510612488,0.0034134909510612488,0.0,0.5,2.5,True,False
protocol_v1_A_035_02226_collision_orbit_right_64_seed41226_physical_event_local_failure,local_corruption,10.0,0.0034134909510612488,0.0034134909510612488,0.0,0.5,5.0,True,False
protocol_v1_A_036_02226_collision_orbit_right_64_seed41226_background_drift_local,local_corruption,0.05,0.0006158892065286636,0.0006158892065286636,0.0,0.5,0.025,True,False
protocol_v1_A_036_02226_collision_orbit_right_64_seed41226_background_drift_local,local_corruption,0.1,0.0006158892065286636,0.0006158892065286636,0.0,0.5,0.05,True,False
protocol_v1_A_036_02226_collision_orbit_right_64_seed41226_background_drift_local,local_corruption,0.2,0.0006158892065286636,0.0006158892065286636,0.0,0.5,0.1,True,False
protocol_v1_A_036_02226_collision_orbit_right_64_seed41226_background_drift_local,local_corruption,0.5,0.0006158892065286636,0.0006158892065286636,0.0,0.5,0.25,True,False
protocol_v1_A_036_02226_collision_orbit_right_64_seed41226_background_drift_local,local_corruption,1.0,0.0006158892065286636,0.0006158892065286636,0.0,0.5,0.5,True,False
protocol_v1_A_036_02226_collision_orbit_right_64_seed41226_background_drift_local,local_corruption,2.0,0.0006158892065286636,0.0006158892065286636,0.0,0.5,1.0,True,False
protocol_v1_A_036_02226_collision_orbit_right_64_seed41226_background_drift_local,local_corruption,5.0,0.0006158892065286636,0.0006158892065286636,0.0,0.5,2.5,True,False
protocol_v1_A_036_02226_collision_orbit_right_64_seed41226_background_drift_local,local_corruption,10.0,0.0006158892065286636,0.0006158892065286636,0.0,0.5,5.0,True,False
protocol_v1_A_037_02226_collision_orbit_right_64_seed41226_wrong_camera_motion_local,local_corruption,0.05,0.007965032011270523,0.007965032011270523,0.0,0.5,0.025,True,False
protocol_v1_A_037_02226_collision_orbit_right_64_seed41226_wrong_camera_motion_local,local_corruption,0.1,0.007965032011270523,0.007965032011270523,0.0,0.5,0.05,True,False
protocol_v1_A_037_02226_collision_orbit_right_64_seed41226_wrong_camera_motion_local,local_corruption,0.2,0.007965032011270523,0.007965032011270523,0.0,0.5,0.1,True,False
protocol_v1_A_037_02226_collision_orbit_right_64_seed41226_wrong_camera_motion_local,local_corruption,0.5,0.007965032011270523,0.007965032011270523,0.0,0.5,0.25,True,False
protocol_v1_A_037_02226_collision_orbit_right_64_seed41226_wrong_camera_motion_local,local_corruption,1.0,0.007965032011270523,0.007965032011270523,0.0,0.5,0.5,True,False
protocol_v1_A_037_02226_collision_orbit_right_64_seed41226_wrong_camera_motion_local,local_corruption,2.0,0.007965032011270523,0.007965032011270523,0.0,0.5,1.0,True,False
protocol_v1_A_037_02226_collision_orbit_right_64_seed41226_wrong_camera_motion_local,local_corruption,5.0,0.007965032011270523,0.007965032011270523,0.0,0.5,2.5,True,False
protocol_v1_A_037_02226_collision_orbit_right_64_seed41226_wrong_camera_motion_local,local_corruption,10.0,0.007965032011270523,0.007965032011270523,0.0,0.5,5.0,True,False
protocol_v1_A_038_02226_collision_orbit_right_64_seed41226_object_deformation_local,local_corruption,0.05,0.00934562087059021,0.00934562087059021,0.0,0.5,0.025,True,False
protocol_v1_A_038_02226_collision_orbit_right_64_seed41226_object_deformation_local,local_corruption,0.1,0.00934562087059021,0.00934562087059021,0.0,0.5,0.05,True,False
protocol_v1_A_038_02226_collision_orbit_right_64_seed41226_object_deformation_local,local_corruption,0.2,0.00934562087059021,0.00934562087059021,0.0,0.5,0.1,True,False
protocol_v1_A_038_02226_collision_orbit_right_64_seed41226_object_deformation_local,local_corruption,0.5,0.00934562087059021,0.00934562087059021,0.0,0.5,0.25,True,False
protocol_v1_A_038_02226_collision_orbit_right_64_seed41226_object_deformation_local,local_corruption,1.0,0.00934562087059021,0.00934562087059021,0.0,0.5,0.5,True,False
protocol_v1_A_038_02226_collision_orbit_right_64_seed41226_object_deformation_local,local_corruption,2.0,0.00934562087059021,0.00934562087059021,0.0,0.5,1.0,True,False
protocol_v1_A_038_02226_collision_orbit_right_64_seed41226_object_deformation_local,local_corruption,5.0,0.00934562087059021,0.00934562087059021,0.0,0.5,2.5,True,False
protocol_v1_A_038_02226_collision_orbit_right_64_seed41226_object_deformation_local,local_corruption,10.0,0.00934562087059021,0.00934562087059021,0.0,0.5,5.0,True,False
protocol_v1_A_039_02226_collision_orbit_right_64_seed41226_object_identity_change_local,local_corruption,0.05,0.010155301541090012,0.010155301541090012,0.0,0.5,0.025,True,False
protocol_v1_A_039_02226_collision_orbit_right_64_seed41226_object_identity_change_local,local_corruption,0.1,0.010155301541090012,0.010155301541090012,0.0,0.5,0.05,True,False
protocol_v1_A_039_02226_collision_orbit_right_64_seed41226_object_identity_change_local,local_corruption,0.2,0.010155301541090012,0.010155301541090012,0.0,0.5,0.1,True,False
protocol_v1_A_039_02226_collision_orbit_right_64_seed41226_object_identity_change_local,local_corruption,0.5,0.010155301541090012,0.010155301541090012,0.0,0.5,0.25,True,False
protocol_v1_A_039_02226_collision_orbit_right_64_seed41226_object_identity_change_local,local_corruption,1.0,0.010155301541090012,0.010155301541090012,0.0,0.5,0.5,True,False
protocol_v1_A_039_02226_collision_orbit_right_64_seed41226_object_identity_change_local,local_corruption,2.0,0.010155301541090012,0.010155301541090012,0.0,0.5,1.0,True,False
protocol_v1_A_039_02226_collision_orbit_right_64_seed41226_object_identity_change_local,local_corruption,5.0,0.010155301541090012,0.010155301541090012,0.0,0.5,2.5,True,False
protocol_v1_A_039_02226_collision_orbit_right_64_seed41226_object_identity_change_local,local_corruption,10.0,0.010155301541090012,0.010155301541090012,0.0,0.5,5.0,True,False
protocol_v1_A_040_02226_collision_orbit_right_64_seed41226_reobserve_mismatch_local,local_corruption,0.05,0.003439582884311676,0.003439582884311676,0.0,0.5,0.025,True,False
protocol_v1_A_040_02226_collision_orbit_right_64_seed41226_reobserve_mismatch_local,local_corruption,0.1,0.003439582884311676,0.003439582884311676,0.0,0.5,0.05,True,False
protocol_v1_A_040_02226_collision_orbit_right_64_seed41226_reobserve_mismatch_local,local_corruption,0.2,0.003439582884311676,0.003439582884311676,0.0,0.5,0.1,True,False
protocol_v1_A_040_02226_collision_orbit_right_64_seed41226_reobserve_mismatch_local,local_corruption,0.5,0.003439582884311676,0.003439582884311676,0.0,0.5,0.25,True,False
protocol_v1_A_040_02226_collision_orbit_right_64_seed41226_reobserve_mismatch_local,local_corruption,1.0,0.003439582884311676,0.003439582884311676,0.0,0.5,0.5,True,False
protocol_v1_A_040_02226_collision_orbit_right_64_seed41226_reobserve_mismatch_local,local_corruption,2.0,0.003439582884311676,0.003439582884311676,0.0,0.5,1.0,True,False
protocol_v1_A_040_02226_collision_orbit_right_64_seed41226_reobserve_mismatch_local,local_corruption,5.0,0.003439582884311676,0.003439582884311676,0.0,0.5,2.5,True,False
protocol_v1_A_040_02226_collision_orbit_right_64_seed41226_reobserve_mismatch_local,local_corruption,10.0,0.003439582884311676,0.003439582884311676,0.0,0.5,5.0,True,False
protocol_v1_A_041_02226_collision_orbit_right_64_seed41226_partial_freeze,local_corruption,0.05,0.021677203476428986,0.021677203476428986,0.0,0.5,0.025,True,False
protocol_v1_A_041_02226_collision_orbit_right_64_seed41226_partial_freeze,local_corruption,0.1,0.021677203476428986,0.021677203476428986,0.0,0.5,0.05,True,False
protocol_v1_A_041_02226_collision_orbit_right_64_seed41226_partial_freeze,local_corruption,0.2,0.021677203476428986,0.021677203476428986,0.0,0.5,0.1,True,False
protocol_v1_A_041_02226_collision_orbit_right_64_seed41226_partial_freeze,local_corruption,0.5,0.021677203476428986,0.021677203476428986,0.0,0.5,0.25,True,False
protocol_v1_A_041_02226_collision_orbit_right_64_seed41226_partial_freeze,local_corruption,1.0,0.021677203476428986,0.021677203476428986,0.0,0.5,0.5,True,False
protocol_v1_A_041_02226_collision_orbit_right_64_seed41226_partial_freeze,local_corruption,2.0,0.021677203476428986,0.021677203476428986,0.0,0.5,1.0,True,False
protocol_v1_A_041_02226_collision_orbit_right_64_seed41226_partial_freeze,local_corruption,5.0,0.021677203476428986,0.021677203476428986,0.0,0.5,2.5,True,False
protocol_v1_A_041_02226_collision_orbit_right_64_seed41226_partial_freeze,local_corruption,10.0,0.021677203476428986,0.021677203476428986,0.0,0.5,5.0,True,False
protocol_v1_A_042_02226_collision_orbit_right_64_seed41226_physical_event_local_failure,local_corruption,0.05,0.014823831617832184,0.014823831617832184,0.0,0.5,0.025,True,False
protocol_v1_A_042_02226_collision_orbit_right_64_seed41226_physical_event_local_failure,local_corruption,0.1,0.014823831617832184,0.014823831617832184,0.0,0.5,0.05,True,False
protocol_v1_A_042_02226_collision_orbit_right_64_seed41226_physical_event_local_failure,local_corruption,0.2,0.014823831617832184,0.014823831617832184,0.0,0.5,0.1,True,False
protocol_v1_A_042_02226_collision_orbit_right_64_seed41226_physical_event_local_failure,local_corruption,0.5,0.014823831617832184,0.014823831617832184,0.0,0.5,0.25,True,False
protocol_v1_A_042_02226_collision_orbit_right_64_seed41226_physical_event_local_failure,local_corruption,1.0,0.014823831617832184,0.014823831617832184,0.0,0.5,0.5,True,False
protocol_v1_A_042_02226_collision_orbit_right_64_seed41226_physical_event_local_failure,local_corruption,2.0,0.014823831617832184,0.014823831617832184,0.0,0.5,1.0,True,False
protocol_v1_A_042_02226_collision_orbit_right_64_seed41226_physical_event_local_failure,local_corruption,5.0,0.014823831617832184,0.014823831617832184,0.0,0.5,2.5,True,False
protocol_v1_A_042_02226_collision_orbit_right_64_seed41226_physical_event_local_failure,local_corruption,10.0,0.014823831617832184,0.014823831617832184,0.0,0.5,5.0,True,False
protocol_v1_A_043_02226_collision_orbit_right_64_seed41226_background_drift_local,local_corruption,0.05,0.003488503396511078,0.003488503396511078,0.0,0.5,0.025,True,False
protocol_v1_A_043_02226_collision_orbit_right_64_seed41226_background_drift_local,local_corruption,0.1,0.003488503396511078,0.003488503396511078,0.0,0.5,0.05,True,False
protocol_v1_A_043_02226_collision_orbit_right_64_seed41226_background_drift_local,local_corruption,0.2,0.003488503396511078,0.003488503396511078,0.0,0.5,0.1,True,False
protocol_v1_A_043_02226_collision_orbit_right_64_seed41226_background_drift_local,local_corruption,0.5,0.003488503396511078,0.003488503396511078,0.0,0.5,0.25,True,False
protocol_v1_A_043_02226_collision_orbit_right_64_seed41226_background_drift_local,local_corruption,1.0,0.003488503396511078,0.003488503396511078,0.0,0.5,0.5,True,False
protocol_v1_A_043_02226_collision_orbit_right_64_seed41226_background_drift_local,local_corruption,2.0,0.003488503396511078,0.003488503396511078,0.0,0.5,1.0,True,False
protocol_v1_A_043_02226_collision_orbit_right_64_seed41226_background_drift_local,local_corruption,5.0,0.003488503396511078,0.003488503396511078,0.0,0.5,2.5,True,False
protocol_v1_A_043_02226_collision_orbit_right_64_seed41226_background_drift_local,local_corruption,10.0,0.003488503396511078,0.003488503396511078,0.0,0.5,5.0,True,False
protocol_v1_A_044_02226_collision_orbit_right_64_seed41226_wrong_camera_motion_local,local_corruption,0.05,0.021780893206596375,0.021780893206596375,0.0,0.5,0.025,True,False
protocol_v1_A_044_02226_collision_orbit_right_64_seed41226_wrong_camera_motion_local,local_corruption,0.1,0.021780893206596375,0.021780893206596375,0.0,0.5,0.05,True,False
protocol_v1_A_044_02226_collision_orbit_right_64_seed41226_wrong_camera_motion_local,local_corruption,0.2,0.021780893206596375,0.021780893206596375,0.0,0.5,0.1,True,False
protocol_v1_A_044_02226_collision_orbit_right_64_seed41226_wrong_camera_motion_local,local_corruption,0.5,0.021780893206596375,0.021780893206596375,0.0,0.5,0.25,True,False
protocol_v1_A_044_02226_collision_orbit_right_64_seed41226_wrong_camera_motion_local,local_corruption,1.0,0.021780893206596375,0.021780893206596375,0.0,0.5,0.5,True,False
protocol_v1_A_044_02226_collision_orbit_right_64_seed41226_wrong_camera_motion_local,local_corruption,2.0,0.021780893206596375,0.021780893206596375,0.0,0.5,1.0,True,False
protocol_v1_A_044_02226_collision_orbit_right_64_seed41226_wrong_camera_motion_local,local_corruption,5.0,0.021780893206596375,0.021780893206596375,0.0,0.5,2.5,True,False
protocol_v1_A_044_02226_collision_orbit_right_64_seed41226_wrong_camera_motion_local,local_corruption,10.0,0.021780893206596375,0.021780893206596375,0.0,0.5,5.0,True,False
protocol_v1_A_045_04204_containment_orbit_left_44_seed43204_object_deformation_local,local_corruption,0.05,-0.00940270721912384,-0.00940270721912384,0.0,0.5,0.025,True,False
protocol_v1_A_045_04204_containment_orbit_left_44_seed43204_object_deformation_local,local_corruption,0.1,-0.00940270721912384,-0.00940270721912384,0.0,0.5,0.05,True,False
protocol_v1_A_045_04204_containment_orbit_left_44_seed43204_object_deformation_local,local_corruption,0.2,-0.00940270721912384,-0.00940270721912384,0.0,0.5,0.1,True,False
protocol_v1_A_045_04204_containment_orbit_left_44_seed43204_object_deformation_local,local_corruption,0.5,-0.00940270721912384,-0.00940270721912384,0.0,0.5,0.25,True,False
protocol_v1_A_045_04204_containment_orbit_left_44_seed43204_object_deformation_local,local_corruption,1.0,-0.00940270721912384,-0.00940270721912384,0.0,0.5,0.5,True,False
protocol_v1_A_045_04204_containment_orbit_left_44_seed43204_object_deformation_local,local_corruption,2.0,-0.00940270721912384,-0.00940270721912384,0.0,0.5,1.0,True,False
protocol_v1_A_045_04204_containment_orbit_left_44_seed43204_object_deformation_local,local_corruption,5.0,-0.00940270721912384,-0.00940270721912384,0.0,0.5,2.5,True,False
protocol_v1_A_045_04204_containment_orbit_left_44_seed43204_object_deformation_local,local_corruption,10.0,-0.00940270721912384,-0.00940270721912384,0.0,0.5,5.0,True,False
protocol_v1_A_046_04204_containment_orbit_left_44_seed43204_object_identity_change_local,local_corruption,0.05,0.01622651517391205,0.01622651517391205,0.0,0.5,0.025,True,False
protocol_v1_A_046_04204_containment_orbit_left_44_seed43204_object_identity_change_local,local_corruption,0.1,0.01622651517391205,0.01622651517391205,0.0,0.5,0.05,True,False
protocol_v1_A_046_04204_containment_orbit_left_44_seed43204_object_identity_change_local,local_corruption,0.2,0.01622651517391205,0.01622651517391205,0.0,0.5,0.1,True,False
protocol_v1_A_046_04204_containment_orbit_left_44_seed43204_object_identity_change_local,local_corruption,0.5,0.01622651517391205,0.01622651517391205,0.0,0.5,0.25,True,False
protocol_v1_A_046_04204_containment_orbit_left_44_seed43204_object_identity_change_local,local_corruption,1.0,0.01622651517391205,0.01622651517391205,0.0,0.5,0.5,True,False
protocol_v1_A_046_04204_containment_orbit_left_44_seed43204_object_identity_change_local,local_corruption,2.0,0.01622651517391205,0.01622651517391205,0.0,0.5,1.0,True,False
protocol_v1_A_046_04204_containment_orbit_left_44_seed43204_object_identity_change_local,local_corruption,5.0,0.01622651517391205,0.01622651517391205,0.0,0.5,2.5,True,False
protocol_v1_A_046_04204_containment_orbit_left_44_seed43204_object_identity_change_local,local_corruption,10.0,0.01622651517391205,0.01622651517391205,0.0,0.5,5.0,True,False
protocol_v1_A_047_04204_containment_orbit_left_44_seed43204_reobserve_mismatch_local,local_corruption,0.05,-0.003856867551803589,-0.003856867551803589,0.0,0.5,0.025,True,False
protocol_v1_A_047_04204_containment_orbit_left_44_seed43204_reobserve_mismatch_local,local_corruption,0.1,-0.003856867551803589,-0.003856867551803589,0.0,0.5,0.05,True,False
protocol_v1_A_047_04204_containment_orbit_left_44_seed43204_reobserve_mismatch_local,local_corruption,0.2,-0.003856867551803589,-0.003856867551803589,0.0,0.5,0.1,True,False
protocol_v1_A_047_04204_containment_orbit_left_44_seed43204_reobserve_mismatch_local,local_corruption,0.5,-0.003856867551803589,-0.003856867551803589,0.0,0.5,0.25,True,False
protocol_v1_A_047_04204_containment_orbit_left_44_seed43204_reobserve_mismatch_local,local_corruption,1.0,-0.003856867551803589,-0.003856867551803589,0.0,0.5,0.5,True,False
protocol_v1_A_047_04204_containment_orbit_left_44_seed43204_reobserve_mismatch_local,local_corruption,2.0,-0.003856867551803589,-0.003856867551803589,0.0,0.5,1.0,True,False
protocol_v1_A_047_04204_containment_orbit_left_44_seed43204_reobserve_mismatch_local,local_corruption,5.0,-0.003856867551803589,-0.003856867551803589,0.0,0.5,2.5,True,False
protocol_v1_A_047_04204_containment_orbit_left_44_seed43204_reobserve_mismatch_local,local_corruption,10.0,-0.003856867551803589,-0.003856867551803589,0.0,0.5,5.0,True,False
protocol_v1_A_048_04204_containment_orbit_left_44_seed43204_partial_freeze,local_corruption,0.05,0.023494437336921692,0.023494437336921692,0.0,0.5,0.025,True,False
protocol_v1_A_048_04204_containment_orbit_left_44_seed43204_partial_freeze,local_corruption,0.1,0.023494437336921692,0.023494437336921692,0.0,0.5,0.05,True,False
protocol_v1_A_048_04204_containment_orbit_left_44_seed43204_partial_freeze,local_corruption,0.2,0.023494437336921692,0.023494437336921692,0.0,0.5,0.1,True,False
protocol_v1_A_048_04204_containment_orbit_left_44_seed43204_partial_freeze,local_corruption,0.5,0.023494437336921692,0.023494437336921692,0.0,0.5,0.25,True,False
protocol_v1_A_048_04204_containment_orbit_left_44_seed43204_partial_freeze,local_corruption,1.0,0.023494437336921692,0.023494437336921692,0.0,0.5,0.5,True,False
protocol_v1_A_048_04204_containment_orbit_left_44_seed43204_partial_freeze,local_corruption,2.0,0.023494437336921692,0.023494437336921692,0.0,0.5,1.0,True,False
protocol_v1_A_048_04204_containment_orbit_left_44_seed43204_partial_freeze,local_corruption,5.0,0.023494437336921692,0.023494437336921692,0.0,0.5,2.5,True,False
protocol_v1_A_048_04204_containment_orbit_left_44_seed43204_partial_freeze,local_corruption,10.0,0.023494437336921692,0.023494437336921692,0.0,0.5,5.0,True,False
protocol_v1_A_049_04204_containment_orbit_left_44_seed43204_physical_event_local_failure,local_corruption,0.05,0.016747571527957916,0.016747571527957916,0.0,0.5,0.025,True,False
protocol_v1_A_049_04204_containment_orbit_left_44_seed43204_physical_event_local_failure,local_corruption,0.1,0.016747571527957916,0.016747571527957916,0.0,0.5,0.05,True,False
protocol_v1_A_049_04204_containment_orbit_left_44_seed43204_physical_event_local_failure,local_corruption,0.2,0.016747571527957916,0.016747571527957916,0.0,0.5,0.1,True,False
protocol_v1_A_049_04204_containment_orbit_left_44_seed43204_physical_event_local_failure,local_corruption,0.5,0.016747571527957916,0.016747571527957916,0.0,0.5,0.25,True,False
protocol_v1_A_049_04204_containment_orbit_left_44_seed43204_physical_event_local_failure,local_corruption,1.0,0.016747571527957916,0.016747571527957916,0.0,0.5,0.5,True,False
protocol_v1_A_049_04204_containment_orbit_left_44_seed43204_physical_event_local_failure,local_corruption,2.0,0.016747571527957916,0.016747571527957916,0.0,0.5,1.0,True,False
protocol_v1_A_049_04204_containment_orbit_left_44_seed43204_physical_event_local_failure,local_corruption,5.0,0.016747571527957916,0.016747571527957916,0.0,0.5,2.5,True,False
protocol_v1_A_049_04204_containment_orbit_left_44_seed43204_physical_event_local_failure,local_corruption,10.0,0.016747571527957916,0.016747571527957916,0.0,0.5,5.0,True,False
protocol_v1_A_050_04204_containment_orbit_left_44_seed43204_background_drift_local,local_corruption,0.05,0.02390124648809433,0.02390124648809433,0.0,0.5,0.025,True,False
protocol_v1_A_050_04204_containment_orbit_left_44_seed43204_background_drift_local,local_corruption,0.1,0.02390124648809433,0.02390124648809433,0.0,0.5,0.05,True,False
protocol_v1_A_050_04204_containment_orbit_left_44_seed43204_background_drift_local,local_corruption,0.2,0.02390124648809433,0.02390124648809433,0.0,0.5,0.1,True,False
protocol_v1_A_050_04204_containment_orbit_left_44_seed43204_background_drift_local,local_corruption,0.5,0.02390124648809433,0.02390124648809433,0.0,0.5,0.25,True,False
protocol_v1_A_050_04204_containment_orbit_left_44_seed43204_background_drift_local,local_corruption,1.0,0.02390124648809433,0.02390124648809433,0.0,0.5,0.5,True,False
protocol_v1_A_050_04204_containment_orbit_left_44_seed43204_background_drift_local,local_corruption,2.0,0.02390124648809433,0.02390124648809433,0.0,0.5,1.0,True,False
protocol_v1_A_050_04204_containment_orbit_left_44_seed43204_background_drift_local,local_corruption,5.0,0.02390124648809433,0.02390124648809433,0.0,0.5,2.5,True,False
protocol_v1_A_050_04204_containment_orbit_left_44_seed43204_background_drift_local,local_corruption,10.0,0.02390124648809433,0.02390124648809433,0.0,0.5,5.0,True,False
protocol_v1_B_001_prefix5_anchored_1128e39109fc83_object_deformation_stageA_final,gt_vs_medium_hard_rollout,0.05,0.10009658336639404,0.10009658336639404,0.0,0.5,0.025,True,False
protocol_v1_B_001_prefix5_anchored_1128e39109fc83_object_deformation_stageA_final,gt_vs_medium_hard_rollout,0.1,0.10009658336639404,0.10009658336639404,0.0,0.5,0.05,True,False
protocol_v1_B_001_prefix5_anchored_1128e39109fc83_object_deformation_stageA_final,gt_vs_medium_hard_rollout,0.2,0.10009658336639404,0.10009658336639404,0.0,0.5,0.1,True,False
protocol_v1_B_001_prefix5_anchored_1128e39109fc83_object_deformation_stageA_final,gt_vs_medium_hard_rollout,0.5,0.10009658336639404,0.10009658336639404,0.0,0.5,0.25,True,False
protocol_v1_B_001_prefix5_anchored_1128e39109fc83_object_deformation_stageA_final,gt_vs_medium_hard_rollout,1.0,0.10009658336639404,0.10009658336639404,0.0,0.5,0.5,True,False
protocol_v1_B_001_prefix5_anchored_1128e39109fc83_object_deformation_stageA_final,gt_vs_medium_hard_rollout,2.0,0.10009658336639404,0.10009658336639404,0.0,0.5,1.0,True,False
protocol_v1_B_001_prefix5_anchored_1128e39109fc83_object_deformation_stageA_final,gt_vs_medium_hard_rollout,5.0,0.10009658336639404,0.10009658336639404,0.0,0.5,2.5,True,False
protocol_v1_B_001_prefix5_anchored_1128e39109fc83_object_deformation_stageA_final,gt_vs_medium_hard_rollout,10.0,0.10009658336639404,0.10009658336639404,0.0,0.5,5.0,True,False
protocol_v1_B_002_prefix5_anchored_1279c3b65a6d9e_object_identity_change_stageA_final,gt_vs_medium_hard_rollout,0.05,0.0660821795463562,0.0660821795463562,0.0,0.5,0.025,True,False
protocol_v1_B_002_prefix5_anchored_1279c3b65a6d9e_object_identity_change_stageA_final,gt_vs_medium_hard_rollout,0.1,0.0660821795463562,0.0660821795463562,0.0,0.5,0.05,True,False
protocol_v1_B_002_prefix5_anchored_1279c3b65a6d9e_object_identity_change_stageA_final,gt_vs_medium_hard_rollout,0.2,0.0660821795463562,0.0660821795463562,0.0,0.5,0.1,True,False
protocol_v1_B_002_prefix5_anchored_1279c3b65a6d9e_object_identity_change_stageA_final,gt_vs_medium_hard_rollout,0.5,0.0660821795463562,0.0660821795463562,0.0,0.5,0.25,True,False
protocol_v1_B_002_prefix5_anchored_1279c3b65a6d9e_object_identity_change_stageA_final,gt_vs_medium_hard_rollout,1.0,0.0660821795463562,0.0660821795463562,0.0,0.5,0.5,True,False
protocol_v1_B_002_prefix5_anchored_1279c3b65a6d9e_object_identity_change_stageA_final,gt_vs_medium_hard_rollout,2.0,0.0660821795463562,0.0660821795463562,0.0,0.5,1.0,True,False
protocol_v1_B_002_prefix5_anchored_1279c3b65a6d9e_object_identity_change_stageA_final,gt_vs_medium_hard_rollout,5.0,0.0660821795463562,0.0660821795463562,0.0,0.5,2.5,True,False
protocol_v1_B_002_prefix5_anchored_1279c3b65a6d9e_object_identity_change_stageA_final,gt_vs_medium_hard_rollout,10.0,0.0660821795463562,0.0660821795463562,0.0,0.5,5.0,True,False
protocol_v1_B_003_prefix5_anchored_1ca3412d8f73c8_nonrigid_background_warp_stageA_final,gt_vs_medium_hard_rollout,0.05,0.04315667599439621,0.04315667599439621,0.0,0.5,0.025,True,False
protocol_v1_B_003_prefix5_anchored_1ca3412d8f73c8_nonrigid_background_warp_stageA_final,gt_vs_medium_hard_rollout,0.1,0.04315667599439621,0.04315667599439621,0.0,0.5,0.05,True,False
protocol_v1_B_003_prefix5_anchored_1ca3412d8f73c8_nonrigid_background_warp_stageA_final,gt_vs_medium_hard_rollout,0.2,0.04315667599439621,0.04315667599439621,0.0,0.5,0.1,True,False
protocol_v1_B_003_prefix5_anchored_1ca3412d8f73c8_nonrigid_background_warp_stageA_final,gt_vs_medium_hard_rollout,0.5,0.04315667599439621,0.04315667599439621,0.0,0.5,0.25,True,False
protocol_v1_B_003_prefix5_anchored_1ca3412d8f73c8_nonrigid_background_warp_stageA_final,gt_vs_medium_hard_rollout,1.0,0.04315667599439621,0.04315667599439621,0.0,0.5,0.5,True,False
protocol_v1_B_003_prefix5_anchored_1ca3412d8f73c8_nonrigid_background_warp_stageA_final,gt_vs_medium_hard_rollout,2.0,0.04315667599439621,0.04315667599439621,0.0,0.5,1.0,True,False
protocol_v1_B_003_prefix5_anchored_1ca3412d8f73c8_nonrigid_background_warp_stageA_final,gt_vs_medium_hard_rollout,5.0,0.04315667599439621,0.04315667599439621,0.0,0.5,2.5,True,False
protocol_v1_B_003_prefix5_anchored_1ca3412d8f73c8_nonrigid_background_warp_stageA_final,gt_vs_medium_hard_rollout,10.0,0.04315667599439621,0.04315667599439621,0.0,0.5,5.0,True,False
protocol_v1_B_004_prefix5_anchored_29df7c5cf94c4b_reobserve_mismatch_stageA_final,gt_vs_medium_hard_rollout,0.05,0.08167500793933868,0.08167500793933868,0.0,0.5,0.025,True,False
protocol_v1_B_004_prefix5_anchored_29df7c5cf94c4b_reobserve_mismatch_stageA_final,gt_vs_medium_hard_rollout,0.1,0.08167500793933868,0.08167500793933868,0.0,0.5,0.05,True,False
protocol_v1_B_004_prefix5_anchored_29df7c5cf94c4b_reobserve_mismatch_stageA_final,gt_vs_medium_hard_rollout,0.2,0.08167500793933868,0.08167500793933868,0.0,0.5,0.1,True,False
protocol_v1_B_004_prefix5_anchored_29df7c5cf94c4b_reobserve_mismatch_stageA_final,gt_vs_medium_hard_rollout,0.5,0.08167500793933868,0.08167500793933868,0.0,0.5,0.25,True,False
protocol_v1_B_004_prefix5_anchored_29df7c5cf94c4b_reobserve_mismatch_stageA_final,gt_vs_medium_hard_rollout,1.0,0.08167500793933868,0.08167500793933868,0.0,0.5,0.5,True,False
protocol_v1_B_004_prefix5_anchored_29df7c5cf94c4b_reobserve_mismatch_stageA_final,gt_vs_medium_hard_rollout,2.0,0.08167500793933868,0.08167500793933868,0.0,0.5,1.0,True,False
protocol_v1_B_004_prefix5_anchored_29df7c5cf94c4b_reobserve_mismatch_stageA_final,gt_vs_medium_hard_rollout,5.0,0.08167500793933868,0.08167500793933868,0.0,0.5,2.5,True,False
protocol_v1_B_004_prefix5_anchored_29df7c5cf94c4b_reobserve_mismatch_stageA_final,gt_vs_medium_hard_rollout,10.0,0.08167500793933868,0.08167500793933868,0.0,0.5,5.0,True,False
protocol_v1_B_005_prefix5_anchored_3e28b01a2ca2ef_reobserve_mismatch_stageA_final,gt_vs_medium_hard_rollout,0.05,0.07380025833845139,0.07380025833845139,0.0,0.5,0.025,True,False
protocol_v1_B_005_prefix5_anchored_3e28b01a2ca2ef_reobserve_mismatch_stageA_final,gt_vs_medium_hard_rollout,0.1,0.07380025833845139,0.07380025833845139,0.0,0.5,0.05,True,False
protocol_v1_B_005_prefix5_anchored_3e28b01a2ca2ef_reobserve_mismatch_stageA_final,gt_vs_medium_hard_rollout,0.2,0.07380025833845139,0.07380025833845139,0.0,0.5,0.1,True,False
protocol_v1_B_005_prefix5_anchored_3e28b01a2ca2ef_reobserve_mismatch_stageA_final,gt_vs_medium_hard_rollout,0.5,0.07380025833845139,0.07380025833845139,0.0,0.5,0.25,True,False
protocol_v1_B_005_prefix5_anchored_3e28b01a2ca2ef_reobserve_mismatch_stageA_final,gt_vs_medium_hard_rollout,1.0,0.07380025833845139,0.07380025833845139,0.0,0.5,0.5,True,False
protocol_v1_B_005_prefix5_anchored_3e28b01a2ca2ef_reobserve_mismatch_stageA_final,gt_vs_medium_hard_rollout,2.0,0.07380025833845139,0.07380025833845139,0.0,0.5,1.0,True,False
protocol_v1_B_005_prefix5_anchored_3e28b01a2ca2ef_reobserve_mismatch_stageA_final,gt_vs_medium_hard_rollout,5.0,0.07380025833845139,0.07380025833845139,0.0,0.5,2.5,True,False
protocol_v1_B_005_prefix5_anchored_3e28b01a2ca2ef_reobserve_mismatch_stageA_final,gt_vs_medium_hard_rollout,10.0,0.07380025833845139,0.07380025833845139,0.0,0.5,5.0,True,False
protocol_v1_B_006_prefix5_anchored_525c18bc4422f0_background_drift_stageA_final,gt_vs_medium_hard_rollout,0.05,0.09552425891160965,0.09552425891160965,0.0,0.5,0.025,True,False
protocol_v1_B_006_prefix5_anchored_525c18bc4422f0_background_drift_stageA_final,gt_vs_medium_hard_rollout,0.1,0.09552425891160965,0.09552425891160965,0.0,0.5,0.05,True,False
protocol_v1_B_006_prefix5_anchored_525c18bc4422f0_background_drift_stageA_final,gt_vs_medium_hard_rollout,0.2,0.09552425891160965,0.09552425891160965,0.0,0.5,0.1,True,False
protocol_v1_B_006_prefix5_anchored_525c18bc4422f0_background_drift_stageA_final,gt_vs_medium_hard_rollout,0.5,0.09552425891160965,0.09552425891160965,0.0,0.5,0.25,True,False
protocol_v1_B_006_prefix5_anchored_525c18bc4422f0_background_drift_stageA_final,gt_vs_medium_hard_rollout,1.0,0.09552425891160965,0.09552425891160965,0.0,0.5,0.5,True,False
protocol_v1_B_006_prefix5_anchored_525c18bc4422f0_background_drift_stageA_final,gt_vs_medium_hard_rollout,2.0,0.09552425891160965,0.09552425891160965,0.0,0.5,1.0,True,False
protocol_v1_B_006_prefix5_anchored_525c18bc4422f0_background_drift_stageA_final,gt_vs_medium_hard_rollout,5.0,0.09552425891160965,0.09552425891160965,0.0,0.5,2.5,True,False
protocol_v1_B_006_prefix5_anchored_525c18bc4422f0_background_drift_stageA_final,gt_vs_medium_hard_rollout,10.0,0.09552425891160965,0.09552425891160965,0.0,0.5,5.0,True,False
protocol_v1_B_007_prefix5_anchored_7f708dfe212ad6_freeze_foreground_stageA_final,gt_vs_medium_hard_rollout,0.05,0.07681088149547577,0.07681088149547577,0.0,0.5,0.025,True,False
protocol_v1_B_007_prefix5_anchored_7f708dfe212ad6_freeze_foreground_stageA_final,gt_vs_medium_hard_rollout,0.1,0.07681088149547577,0.07681088149547577,0.0,0.5,0.05,True,False
protocol_v1_B_007_prefix5_anchored_7f708dfe212ad6_freeze_foreground_stageA_final,gt_vs_medium_hard_rollout,0.2,0.07681088149547577,0.07681088149547577,0.0,0.5,0.1,True,False
protocol_v1_B_007_prefix5_anchored_7f708dfe212ad6_freeze_foreground_stageA_final,gt_vs_medium_hard_rollout,0.5,0.07681088149547577,0.07681088149547577,0.0,0.5,0.25,True,False
protocol_v1_B_007_prefix5_anchored_7f708dfe212ad6_freeze_foreground_stageA_final,gt_vs_medium_hard_rollout,1.0,0.07681088149547577,0.07681088149547577,0.0,0.5,0.5,True,False
protocol_v1_B_007_prefix5_anchored_7f708dfe212ad6_freeze_foreground_stageA_final,gt_vs_medium_hard_rollout,2.0,0.07681088149547577,0.07681088149547577,0.0,0.5,1.0,True,False
protocol_v1_B_007_prefix5_anchored_7f708dfe212ad6_freeze_foreground_stageA_final,gt_vs_medium_hard_rollout,5.0,0.07681088149547577,0.07681088149547577,0.0,0.5,2.5,True,False
protocol_v1_B_007_prefix5_anchored_7f708dfe212ad6_freeze_foreground_stageA_final,gt_vs_medium_hard_rollout,10.0,0.07681088149547577,0.07681088149547577,0.0,0.5,5.0,True,False
protocol_v1_B_008_prefix5_anchored_95981b8f74bed0_background_drift_stageA_final,gt_vs_medium_hard_rollout,0.05,0.11708655208349228,0.11708655208349228,0.0,0.5,0.025,True,False
protocol_v1_B_008_prefix5_anchored_95981b8f74bed0_background_drift_stageA_final,gt_vs_medium_hard_rollout,0.1,0.11708655208349228,0.11708655208349228,0.0,0.5,0.05,True,False
protocol_v1_B_008_prefix5_anchored_95981b8f74bed0_background_drift_stageA_final,gt_vs_medium_hard_rollout,0.2,0.11708655208349228,0.11708655208349228,0.0,0.5,0.1,True,False
protocol_v1_B_008_prefix5_anchored_95981b8f74bed0_background_drift_stageA_final,gt_vs_medium_hard_rollout,0.5,0.11708655208349228,0.11708655208349228,0.0,0.5,0.25,True,False
protocol_v1_B_008_prefix5_anchored_95981b8f74bed0_background_drift_stageA_final,gt_vs_medium_hard_rollout,1.0,0.11708655208349228,0.11708655208349228,0.0,0.5,0.5,True,False
protocol_v1_B_008_prefix5_anchored_95981b8f74bed0_background_drift_stageA_final,gt_vs_medium_hard_rollout,2.0,0.11708655208349228,0.11708655208349228,0.0,0.5,1.0,True,False
protocol_v1_B_008_prefix5_anchored_95981b8f74bed0_background_drift_stageA_final,gt_vs_medium_hard_rollout,5.0,0.11708655208349228,0.11708655208349228,0.0,0.5,2.5,True,False
protocol_v1_B_008_prefix5_anchored_95981b8f74bed0_background_drift_stageA_final,gt_vs_medium_hard_rollout,10.0,0.11708655208349228,0.11708655208349228,0.0,0.5,5.0,True,False
protocol_v1_B_009_prefix5_anchored_b53591379e11c1_object_deformation_stageA_final,gt_vs_medium_hard_rollout,0.05,0.08621502295136452,0.08621502295136452,0.0,0.5,0.025,True,False
protocol_v1_B_009_prefix5_anchored_b53591379e11c1_object_deformation_stageA_final,gt_vs_medium_hard_rollout,0.1,0.08621502295136452,0.08621502295136452,0.0,0.5,0.05,True,False
protocol_v1_B_009_prefix5_anchored_b53591379e11c1_object_deformation_stageA_final,gt_vs_medium_hard_rollout,0.2,0.08621502295136452,0.08621502295136452,0.0,0.5,0.1,True,False
protocol_v1_B_009_prefix5_anchored_b53591379e11c1_object_deformation_stageA_final,gt_vs_medium_hard_rollout,0.5,0.08621502295136452,0.08621502295136452,0.0,0.5,0.25,True,False
protocol_v1_B_009_prefix5_anchored_b53591379e11c1_object_deformation_stageA_final,gt_vs_medium_hard_rollout,1.0,0.08621502295136452,0.08621502295136452,0.0,0.5,0.5,True,False
protocol_v1_B_009_prefix5_anchored_b53591379e11c1_object_deformation_stageA_final,gt_vs_medium_hard_rollout,2.0,0.08621502295136452,0.08621502295136452,0.0,0.5,1.0,True,False
protocol_v1_B_009_prefix5_anchored_b53591379e11c1_object_deformation_stageA_final,gt_vs_medium_hard_rollout,5.0,0.08621502295136452,0.08621502295136452,0.0,0.5,2.5,True,False
protocol_v1_B_009_prefix5_anchored_b53591379e11c1_object_deformation_stageA_final,gt_vs_medium_hard_rollout,10.0,0.08621502295136452,0.08621502295136452,0.0,0.5,5.0,True,False
protocol_v1_B_010_prefix5_anchored_d744c2d6f264ba_object_deformation_stageA_final,gt_vs_medium_hard_rollout,0.05,0.08626076579093933,0.08626076579093933,0.0,0.5,0.025,True,False
protocol_v1_B_010_prefix5_anchored_d744c2d6f264ba_object_deformation_stageA_final,gt_vs_medium_hard_rollout,0.1,0.08626076579093933,0.08626076579093933,0.0,0.5,0.05,True,False
protocol_v1_B_010_prefix5_anchored_d744c2d6f264ba_object_deformation_stageA_final,gt_vs_medium_hard_rollout,0.2,0.08626076579093933,0.08626076579093933,0.0,0.5,0.1,True,False
protocol_v1_B_010_prefix5_anchored_d744c2d6f264ba_object_deformation_stageA_final,gt_vs_medium_hard_rollout,0.5,0.08626076579093933,0.08626076579093933,0.0,0.5,0.25,True,False
protocol_v1_B_010_prefix5_anchored_d744c2d6f264ba_object_deformation_stageA_final,gt_vs_medium_hard_rollout,1.0,0.08626076579093933,0.08626076579093933,0.0,0.5,0.5,True,False
protocol_v1_B_010_prefix5_anchored_d744c2d6f264ba_object_deformation_stageA_final,gt_vs_medium_hard_rollout,2.0,0.08626076579093933,0.08626076579093933,0.0,0.5,1.0,True,False
protocol_v1_B_010_prefix5_anchored_d744c2d6f264ba_object_deformation_stageA_final,gt_vs_medium_hard_rollout,5.0,0.08626076579093933,0.08626076579093933,0.0,0.5,2.5,True,False
protocol_v1_B_010_prefix5_anchored_d744c2d6f264ba_object_deformation_stageA_final,gt_vs_medium_hard_rollout,10.0,0.08626076579093933,0.08626076579093933,0.0,0.5,5.0,True,False
protocol_v1_B_011_prefix5_anchored_d86ae2fb1d25b2_freeze_foreground_stageA_final,gt_vs_medium_hard_rollout,0.05,0.05023999512195587,0.05023999512195587,0.0,0.5,0.025,True,False
protocol_v1_B_011_prefix5_anchored_d86ae2fb1d25b2_freeze_foreground_stageA_final,gt_vs_medium_hard_rollout,0.1,0.05023999512195587,0.05023999512195587,0.0,0.5,0.05,True,False
protocol_v1_B_011_prefix5_anchored_d86ae2fb1d25b2_freeze_foreground_stageA_final,gt_vs_medium_hard_rollout,0.2,0.05023999512195587,0.05023999512195587,0.0,0.5,0.1,True,False
protocol_v1_B_011_prefix5_anchored_d86ae2fb1d25b2_freeze_foreground_stageA_final,gt_vs_medium_hard_rollout,0.5,0.05023999512195587,0.05023999512195587,0.0,0.5,0.25,True,False
protocol_v1_B_011_prefix5_anchored_d86ae2fb1d25b2_freeze_foreground_stageA_final,gt_vs_medium_hard_rollout,1.0,0.05023999512195587,0.05023999512195587,0.0,0.5,0.5,True,False
protocol_v1_B_011_prefix5_anchored_d86ae2fb1d25b2_freeze_foreground_stageA_final,gt_vs_medium_hard_rollout,2.0,0.05023999512195587,0.05023999512195587,0.0,0.5,1.0,True,False
protocol_v1_B_011_prefix5_anchored_d86ae2fb1d25b2_freeze_foreground_stageA_final,gt_vs_medium_hard_rollout,5.0,0.05023999512195587,0.05023999512195587,0.0,0.5,2.5,True,False
protocol_v1_B_011_prefix5_anchored_d86ae2fb1d25b2_freeze_foreground_stageA_final,gt_vs_medium_hard_rollout,10.0,0.05023999512195587,0.05023999512195587,0.0,0.5,5.0,True,False
protocol_v1_B_012_prefix5_anchored_dc458b2cf487d8_wrong_camera_motion_stageA_final,gt_vs_medium_hard_rollout,0.05,0.03438229113817215,0.03438229113817215,0.0,0.5,0.025,True,False
protocol_v1_B_012_prefix5_anchored_dc458b2cf487d8_wrong_camera_motion_stageA_final,gt_vs_medium_hard_rollout,0.1,0.03438229113817215,0.03438229113817215,0.0,0.5,0.05,True,False
protocol_v1_B_012_prefix5_anchored_dc458b2cf487d8_wrong_camera_motion_stageA_final,gt_vs_medium_hard_rollout,0.2,0.03438229113817215,0.03438229113817215,0.0,0.5,0.1,True,False
protocol_v1_B_012_prefix5_anchored_dc458b2cf487d8_wrong_camera_motion_stageA_final,gt_vs_medium_hard_rollout,0.5,0.03438229113817215,0.03438229113817215,0.0,0.5,0.25,True,False
protocol_v1_B_012_prefix5_anchored_dc458b2cf487d8_wrong_camera_motion_stageA_final,gt_vs_medium_hard_rollout,1.0,0.03438229113817215,0.03438229113817215,0.0,0.5,0.5,True,False
protocol_v1_B_012_prefix5_anchored_dc458b2cf487d8_wrong_camera_motion_stageA_final,gt_vs_medium_hard_rollout,2.0,0.03438229113817215,0.03438229113817215,0.0,0.5,1.0,True,False
protocol_v1_B_012_prefix5_anchored_dc458b2cf487d8_wrong_camera_motion_stageA_final,gt_vs_medium_hard_rollout,5.0,0.03438229113817215,0.03438229113817215,0.0,0.5,2.5,True,False
protocol_v1_B_012_prefix5_anchored_dc458b2cf487d8_wrong_camera_motion_stageA_final,gt_vs_medium_hard_rollout,10.0,0.03438229113817215,0.03438229113817215,0.0,0.5,5.0,True,False
protocol_v1_B_013_prefix5_anchored_e78653865b3413_wrong_camera_motion_stageA_final,gt_vs_medium_hard_rollout,0.05,0.014671958051621914,0.014671958051621914,0.0,0.5,0.025,True,False
protocol_v1_B_013_prefix5_anchored_e78653865b3413_wrong_camera_motion_stageA_final,gt_vs_medium_hard_rollout,0.1,0.014671958051621914,0.014671958051621914,0.0,0.5,0.05,True,False
protocol_v1_B_013_prefix5_anchored_e78653865b3413_wrong_camera_motion_stageA_final,gt_vs_medium_hard_rollout,0.2,0.014671958051621914,0.014671958051621914,0.0,0.5,0.1,True,False
protocol_v1_B_013_prefix5_anchored_e78653865b3413_wrong_camera_motion_stageA_final,gt_vs_medium_hard_rollout,0.5,0.014671958051621914,0.014671958051621914,0.0,0.5,0.25,True,False
protocol_v1_B_013_prefix5_anchored_e78653865b3413_wrong_camera_motion_stageA_final,gt_vs_medium_hard_rollout,1.0,0.014671958051621914,0.014671958051621914,0.0,0.5,0.5,True,False
protocol_v1_B_013_prefix5_anchored_e78653865b3413_wrong_camera_motion_stageA_final,gt_vs_medium_hard_rollout,2.0,0.014671958051621914,0.014671958051621914,0.0,0.5,1.0,True,False
protocol_v1_B_013_prefix5_anchored_e78653865b3413_wrong_camera_motion_stageA_final,gt_vs_medium_hard_rollout,5.0,0.014671958051621914,0.014671958051621914,0.0,0.5,2.5,True,False
protocol_v1_B_013_prefix5_anchored_e78653865b3413_wrong_camera_motion_stageA_final,gt_vs_medium_hard_rollout,10.0,0.014671958051621914,0.014671958051621914,0.0,0.5,5.0,True,False
protocol_v1_B_014_prefix5_anchored_ebade3740fe2f4_object_identity_change_stageA_final,gt_vs_medium_hard_rollout,0.05,0.07010449096560478,0.07010449096560478,0.0,0.5,0.025,True,False
protocol_v1_B_014_prefix5_anchored_ebade3740fe2f4_object_identity_change_stageA_final,gt_vs_medium_hard_rollout,0.1,0.07010449096560478,0.07010449096560478,0.0,0.5,0.05,True,False
protocol_v1_B_014_prefix5_anchored_ebade3740fe2f4_object_identity_change_stageA_final,gt_vs_medium_hard_rollout,0.2,0.07010449096560478,0.07010449096560478,0.0,0.5,0.1,True,False
protocol_v1_B_014_prefix5_anchored_ebade3740fe2f4_object_identity_change_stageA_final,gt_vs_medium_hard_rollout,0.5,0.07010449096560478,0.07010449096560478,0.0,0.5,0.25,True,False
protocol_v1_B_014_prefix5_anchored_ebade3740fe2f4_object_identity_change_stageA_final,gt_vs_medium_hard_rollout,1.0,0.07010449096560478,0.07010449096560478,0.0,0.5,0.5,True,False
protocol_v1_B_014_prefix5_anchored_ebade3740fe2f4_object_identity_change_stageA_final,gt_vs_medium_hard_rollout,2.0,0.07010449096560478,0.07010449096560478,0.0,0.5,1.0,True,False
protocol_v1_B_014_prefix5_anchored_ebade3740fe2f4_object_identity_change_stageA_final,gt_vs_medium_hard_rollout,5.0,0.07010449096560478,0.07010449096560478,0.0,0.5,2.5,True,False
protocol_v1_B_014_prefix5_anchored_ebade3740fe2f4_object_identity_change_stageA_final,gt_vs_medium_hard_rollout,10.0,0.07010449096560478,0.07010449096560478,0.0,0.5,5.0,True,False
protocol_v1_B_015_prefix5_anchored_ede413792fce8b_nonrigid_background_warp_stageA_final,gt_vs_medium_hard_rollout,0.05,0.09400106966495514,0.09400106966495514,0.0,0.5,0.025,True,False
protocol_v1_B_015_prefix5_anchored_ede413792fce8b_nonrigid_background_warp_stageA_final,gt_vs_medium_hard_rollout,0.1,0.09400106966495514,0.09400106966495514,0.0,0.5,0.05,True,False
protocol_v1_B_015_prefix5_anchored_ede413792fce8b_nonrigid_background_warp_stageA_final,gt_vs_medium_hard_rollout,0.2,0.09400106966495514,0.09400106966495514,0.0,0.5,0.1,True,False
protocol_v1_B_015_prefix5_anchored_ede413792fce8b_nonrigid_background_warp_stageA_final,gt_vs_medium_hard_rollout,0.5,0.09400106966495514,0.09400106966495514,0.0,0.5,0.25,True,False
protocol_v1_B_015_prefix5_anchored_ede413792fce8b_nonrigid_background_warp_stageA_final,gt_vs_medium_hard_rollout,1.0,0.09400106966495514,0.09400106966495514,0.0,0.5,0.5,True,False
protocol_v1_B_015_prefix5_anchored_ede413792fce8b_nonrigid_background_warp_stageA_final,gt_vs_medium_hard_rollout,2.0,0.09400106966495514,0.09400106966495514,0.0,0.5,1.0,True,False
protocol_v1_B_015_prefix5_anchored_ede413792fce8b_nonrigid_background_warp_stageA_final,gt_vs_medium_hard_rollout,5.0,0.09400106966495514,0.09400106966495514,0.0,0.5,2.5,True,False
protocol_v1_B_015_prefix5_anchored_ede413792fce8b_nonrigid_background_warp_stageA_final,gt_vs_medium_hard_rollout,10.0,0.09400106966495514,0.09400106966495514,0.0,0.5,5.0,True,False
protocol_v1_B_016_prefix5_anchored_ff65f1ae3e7ca8_background_drift_stageA_final,gt_vs_medium_hard_rollout,0.05,0.02641628310084343,0.02641628310084343,0.0,0.5,0.025,True,False
protocol_v1_B_016_prefix5_anchored_ff65f1ae3e7ca8_background_drift_stageA_final,gt_vs_medium_hard_rollout,0.1,0.02641628310084343,0.02641628310084343,0.0,0.5,0.05,True,False
protocol_v1_B_016_prefix5_anchored_ff65f1ae3e7ca8_background_drift_stageA_final,gt_vs_medium_hard_rollout,0.2,0.02641628310084343,0.02641628310084343,0.0,0.5,0.1,True,False
protocol_v1_B_016_prefix5_anchored_ff65f1ae3e7ca8_background_drift_stageA_final,gt_vs_medium_hard_rollout,0.5,0.02641628310084343,0.02641628310084343,0.0,0.5,0.25,True,False
protocol_v1_B_016_prefix5_anchored_ff65f1ae3e7ca8_background_drift_stageA_final,gt_vs_medium_hard_rollout,1.0,0.02641628310084343,0.02641628310084343,0.0,0.5,0.5,True,False
protocol_v1_B_016_prefix5_anchored_ff65f1ae3e7ca8_background_drift_stageA_final,gt_vs_medium_hard_rollout,2.0,0.02641628310084343,0.02641628310084343,0.0,0.5,1.0,True,False
protocol_v1_B_016_prefix5_anchored_ff65f1ae3e7ca8_background_drift_stageA_final,gt_vs_medium_hard_rollout,5.0,0.02641628310084343,0.02641628310084343,0.0,0.5,2.5,True,False
protocol_v1_B_016_prefix5_anchored_ff65f1ae3e7ca8_background_drift_stageA_final,gt_vs_medium_hard_rollout,10.0,0.02641628310084343,0.02641628310084343,0.0,0.5,5.0,True,False
protocol_v1_B_008_prefix5_anchored_95981b8f74bed0_background_drift_stageA_final,gt_vs_medium_hard_rollout,0.05,0.11708655208349228,0.11708655208349228,0.0,0.5,0.025,True,False
protocol_v1_B_008_prefix5_anchored_95981b8f74bed0_background_drift_stageA_final,gt_vs_medium_hard_rollout,0.1,0.11708655208349228,0.11708655208349228,0.0,0.5,0.05,True,False
protocol_v1_B_008_prefix5_anchored_95981b8f74bed0_background_drift_stageA_final,gt_vs_medium_hard_rollout,0.2,0.11708655208349228,0.11708655208349228,0.0,0.5,0.1,True,False
protocol_v1_B_008_prefix5_anchored_95981b8f74bed0_background_drift_stageA_final,gt_vs_medium_hard_rollout,0.5,0.11708655208349228,0.11708655208349228,0.0,0.5,0.25,True,False
protocol_v1_B_008_prefix5_anchored_95981b8f74bed0_background_drift_stageA_final,gt_vs_medium_hard_rollout,1.0,0.11708655208349228,0.11708655208349228,0.0,0.5,0.5,True,False
protocol_v1_B_008_prefix5_anchored_95981b8f74bed0_background_drift_stageA_final,gt_vs_medium_hard_rollout,2.0,0.11708655208349228,0.11708655208349228,0.0,0.5,1.0,True,False
protocol_v1_B_008_prefix5_anchored_95981b8f74bed0_background_drift_stageA_final,gt_vs_medium_hard_rollout,5.0,0.11708655208349228,0.11708655208349228,0.0,0.5,2.5,True,False
protocol_v1_B_008_prefix5_anchored_95981b8f74bed0_background_drift_stageA_final,gt_vs_medium_hard_rollout,10.0,0.11708655208349228,0.11708655208349228,0.0,0.5,5.0,True,False
protocol_v1_B_001_prefix5_anchored_1128e39109fc83_object_deformation_stageA_final,gt_vs_medium_hard_rollout,0.05,0.10009658336639404,0.10009658336639404,0.0,0.5,0.025,True,False
protocol_v1_B_001_prefix5_anchored_1128e39109fc83_object_deformation_stageA_final,gt_vs_medium_hard_rollout,0.1,0.10009658336639404,0.10009658336639404,0.0,0.5,0.05,True,False
protocol_v1_B_001_prefix5_anchored_1128e39109fc83_object_deformation_stageA_final,gt_vs_medium_hard_rollout,0.2,0.10009658336639404,0.10009658336639404,0.0,0.5,0.1,True,False
protocol_v1_B_001_prefix5_anchored_1128e39109fc83_object_deformation_stageA_final,gt_vs_medium_hard_rollout,0.5,0.10009658336639404,0.10009658336639404,0.0,0.5,0.25,True,False
protocol_v1_B_001_prefix5_anchored_1128e39109fc83_object_deformation_stageA_final,gt_vs_medium_hard_rollout,1.0,0.10009658336639404,0.10009658336639404,0.0,0.5,0.5,True,False
protocol_v1_B_001_prefix5_anchored_1128e39109fc83_object_deformation_stageA_final,gt_vs_medium_hard_rollout,2.0,0.10009658336639404,0.10009658336639404,0.0,0.5,1.0,True,False
protocol_v1_B_001_prefix5_anchored_1128e39109fc83_object_deformation_stageA_final,gt_vs_medium_hard_rollout,5.0,0.10009658336639404,0.10009658336639404,0.0,0.5,2.5,True,False
protocol_v1_B_001_prefix5_anchored_1128e39109fc83_object_deformation_stageA_final,gt_vs_medium_hard_rollout,10.0,0.10009658336639404,0.10009658336639404,0.0,0.5,5.0,True,False
protocol_v1_B_006_prefix5_anchored_525c18bc4422f0_background_drift_stageA_final,gt_vs_medium_hard_rollout,0.05,0.09552425891160965,0.09552425891160965,0.0,0.5,0.025,True,False
protocol_v1_B_006_prefix5_anchored_525c18bc4422f0_background_drift_stageA_final,gt_vs_medium_hard_rollout,0.1,0.09552425891160965,0.09552425891160965,0.0,0.5,0.05,True,False
protocol_v1_B_006_prefix5_anchored_525c18bc4422f0_background_drift_stageA_final,gt_vs_medium_hard_rollout,0.2,0.09552425891160965,0.09552425891160965,0.0,0.5,0.1,True,False
protocol_v1_B_006_prefix5_anchored_525c18bc4422f0_background_drift_stageA_final,gt_vs_medium_hard_rollout,0.5,0.09552425891160965,0.09552425891160965,0.0,0.5,0.25,True,False
protocol_v1_B_006_prefix5_anchored_525c18bc4422f0_background_drift_stageA_final,gt_vs_medium_hard_rollout,1.0,0.09552425891160965,0.09552425891160965,0.0,0.5,0.5,True,False
protocol_v1_B_006_prefix5_anchored_525c18bc4422f0_background_drift_stageA_final,gt_vs_medium_hard_rollout,2.0,0.09552425891160965,0.09552425891160965,0.0,0.5,1.0,True,False
protocol_v1_B_006_prefix5_anchored_525c18bc4422f0_background_drift_stageA_final,gt_vs_medium_hard_rollout,5.0,0.09552425891160965,0.09552425891160965,0.0,0.5,2.5,True,False
protocol_v1_B_006_prefix5_anchored_525c18bc4422f0_background_drift_stageA_final,gt_vs_medium_hard_rollout,10.0,0.09552425891160965,0.09552425891160965,0.0,0.5,5.0,True,False
protocol_v1_B_015_prefix5_anchored_ede413792fce8b_nonrigid_background_warp_stageA_final,gt_vs_medium_hard_rollout,0.05,0.09400106966495514,0.09400106966495514,0.0,0.5,0.025,True,False
protocol_v1_B_015_prefix5_anchored_ede413792fce8b_nonrigid_background_warp_stageA_final,gt_vs_medium_hard_rollout,0.1,0.09400106966495514,0.09400106966495514,0.0,0.5,0.05,True,False
protocol_v1_B_015_prefix5_anchored_ede413792fce8b_nonrigid_background_warp_stageA_final,gt_vs_medium_hard_rollout,0.2,0.09400106966495514,0.09400106966495514,0.0,0.5,0.1,True,False
protocol_v1_B_015_prefix5_anchored_ede413792fce8b_nonrigid_background_warp_stageA_final,gt_vs_medium_hard_rollout,0.5,0.09400106966495514,0.09400106966495514,0.0,0.5,0.25,True,False
protocol_v1_B_015_prefix5_anchored_ede413792fce8b_nonrigid_background_warp_stageA_final,gt_vs_medium_hard_rollout,1.0,0.09400106966495514,0.09400106966495514,0.0,0.5,0.5,True,False
protocol_v1_B_015_prefix5_anchored_ede413792fce8b_nonrigid_background_warp_stageA_final,gt_vs_medium_hard_rollout,2.0,0.09400106966495514,0.09400106966495514,0.0,0.5,1.0,True,False
protocol_v1_B_015_prefix5_anchored_ede413792fce8b_nonrigid_background_warp_stageA_final,gt_vs_medium_hard_rollout,5.0,0.09400106966495514,0.09400106966495514,0.0,0.5,2.5,True,False
protocol_v1_B_015_prefix5_anchored_ede413792fce8b_nonrigid_background_warp_stageA_final,gt_vs_medium_hard_rollout,10.0,0.09400106966495514,0.09400106966495514,0.0,0.5,5.0,True,False
protocol_v1_B_010_prefix5_anchored_d744c2d6f264ba_object_deformation_stageA_final,gt_vs_medium_hard_rollout,0.05,0.08626076579093933,0.08626076579093933,0.0,0.5,0.025,True,False
protocol_v1_B_010_prefix5_anchored_d744c2d6f264ba_object_deformation_stageA_final,gt_vs_medium_hard_rollout,0.1,0.08626076579093933,0.08626076579093933,0.0,0.5,0.05,True,False
protocol_v1_B_010_prefix5_anchored_d744c2d6f264ba_object_deformation_stageA_final,gt_vs_medium_hard_rollout,0.2,0.08626076579093933,0.08626076579093933,0.0,0.5,0.1,True,False
protocol_v1_B_010_prefix5_anchored_d744c2d6f264ba_object_deformation_stageA_final,gt_vs_medium_hard_rollout,0.5,0.08626076579093933,0.08626076579093933,0.0,0.5,0.25,True,False
protocol_v1_B_010_prefix5_anchored_d744c2d6f264ba_object_deformation_stageA_final,gt_vs_medium_hard_rollout,1.0,0.08626076579093933,0.08626076579093933,0.0,0.5,0.5,True,False
protocol_v1_B_010_prefix5_anchored_d744c2d6f264ba_object_deformation_stageA_final,gt_vs_medium_hard_rollout,2.0,0.08626076579093933,0.08626076579093933,0.0,0.5,1.0,True,False
protocol_v1_B_010_prefix5_anchored_d744c2d6f264ba_object_deformation_stageA_final,gt_vs_medium_hard_rollout,5.0,0.08626076579093933,0.08626076579093933,0.0,0.5,2.5,True,False
protocol_v1_B_010_prefix5_anchored_d744c2d6f264ba_object_deformation_stageA_final,gt_vs_medium_hard_rollout,10.0,0.08626076579093933,0.08626076579093933,0.0,0.5,5.0,True,False
protocol_v1_A_030_02222_collision_orbit_right_64_seed41222_wrong_camera_motion_local,local_corruption,0.05,0.028059273958206177,0.028059273958206177,0.0,0.5,0.025,True,False
protocol_v1_A_030_02222_collision_orbit_right_64_seed41222_wrong_camera_motion_local,local_corruption,0.1,0.028059273958206177,0.028059273958206177,0.0,0.5,0.05,True,False
protocol_v1_A_030_02222_collision_orbit_right_64_seed41222_wrong_camera_motion_local,local_corruption,0.2,0.028059273958206177,0.028059273958206177,0.0,0.5,0.1,True,False
protocol_v1_A_030_02222_collision_orbit_right_64_seed41222_wrong_camera_motion_local,local_corruption,0.5,0.028059273958206177,0.028059273958206177,0.0,0.5,0.25,True,False
protocol_v1_A_030_02222_collision_orbit_right_64_seed41222_wrong_camera_motion_local,local_corruption,1.0,0.028059273958206177,0.028059273958206177,0.0,0.5,0.5,True,False
protocol_v1_A_030_02222_collision_orbit_right_64_seed41222_wrong_camera_motion_local,local_corruption,2.0,0.028059273958206177,0.028059273958206177,0.0,0.5,1.0,True,False
protocol_v1_A_030_02222_collision_orbit_right_64_seed41222_wrong_camera_motion_local,local_corruption,5.0,0.028059273958206177,0.028059273958206177,0.0,0.5,2.5,True,False
protocol_v1_A_030_02222_collision_orbit_right_64_seed41222_wrong_camera_motion_local,local_corruption,10.0,0.028059273958206177,0.028059273958206177,0.0,0.5,5.0,True,False
protocol_v1_A_032_02222_collision_orbit_right_64_seed41222_object_identity_change_local,local_corruption,0.05,0.027669377624988556,0.027669377624988556,0.0,0.5,0.025,True,False
protocol_v1_A_032_02222_collision_orbit_right_64_seed41222_object_identity_change_local,local_corruption,0.1,0.027669377624988556,0.027669377624988556,0.0,0.5,0.05,True,False
protocol_v1_A_032_02222_collision_orbit_right_64_seed41222_object_identity_change_local,local_corruption,0.2,0.027669377624988556,0.027669377624988556,0.0,0.5,0.1,True,False
protocol_v1_A_032_02222_collision_orbit_right_64_seed41222_object_identity_change_local,local_corruption,0.5,0.027669377624988556,0.027669377624988556,0.0,0.5,0.25,True,False
protocol_v1_A_032_02222_collision_orbit_right_64_seed41222_object_identity_change_local,local_corruption,1.0,0.027669377624988556,0.027669377624988556,0.0,0.5,0.5,True,False
protocol_v1_A_032_02222_collision_orbit_right_64_seed41222_object_identity_change_local,local_corruption,2.0,0.027669377624988556,0.027669377624988556,0.0,0.5,1.0,True,False
protocol_v1_A_032_02222_collision_orbit_right_64_seed41222_object_identity_change_local,local_corruption,5.0,0.027669377624988556,0.027669377624988556,0.0,0.5,2.5,True,False
protocol_v1_A_032_02222_collision_orbit_right_64_seed41222_object_identity_change_local,local_corruption,10.0,0.027669377624988556,0.027669377624988556,0.0,0.5,5.0,True,False
protocol_v1_A_013_02202_collision_orbit_right_64_seed41202_partial_freeze,local_corruption,0.05,0.027131497859954834,0.027131497859954834,0.0,0.5,0.025,True,False
protocol_v1_A_013_02202_collision_orbit_right_64_seed41202_partial_freeze,local_corruption,0.1,0.027131497859954834,0.027131497859954834,0.0,0.5,0.05,True,False
protocol_v1_A_013_02202_collision_orbit_right_64_seed41202_partial_freeze,local_corruption,0.2,0.027131497859954834,0.027131497859954834,0.0,0.5,0.1,True,False
protocol_v1_A_013_02202_collision_orbit_right_64_seed41202_partial_freeze,local_corruption,0.5,0.027131497859954834,0.027131497859954834,0.0,0.5,0.25,True,False
protocol_v1_A_013_02202_collision_orbit_right_64_seed41202_partial_freeze,local_corruption,1.0,0.027131497859954834,0.027131497859954834,0.0,0.5,0.5,True,False
protocol_v1_A_013_02202_collision_orbit_right_64_seed41202_partial_freeze,local_corruption,2.0,0.027131497859954834,0.027131497859954834,0.0,0.5,1.0,True,False
protocol_v1_A_013_02202_collision_orbit_right_64_seed41202_partial_freeze,local_corruption,5.0,0.027131497859954834,0.027131497859954834,0.0,0.5,2.5,True,False
protocol_v1_A_013_02202_collision_orbit_right_64_seed41202_partial_freeze,local_corruption,10.0,0.027131497859954834,0.027131497859954834,0.0,0.5,5.0,True,False
protocol_v1_A_023_02222_collision_orbit_right_64_seed41222_wrong_camera_motion_local,local_corruption,0.05,0.025608859956264496,0.025608859956264496,0.0,0.5,0.025,True,False
protocol_v1_A_023_02222_collision_orbit_right_64_seed41222_wrong_camera_motion_local,local_corruption,0.1,0.025608859956264496,0.025608859956264496,0.0,0.5,0.05,True,False
protocol_v1_A_023_02222_collision_orbit_right_64_seed41222_wrong_camera_motion_local,local_corruption,0.2,0.025608859956264496,0.025608859956264496,0.0,0.5,0.1,True,False
protocol_v1_A_023_02222_collision_orbit_right_64_seed41222_wrong_camera_motion_local,local_corruption,0.5,0.025608859956264496,0.025608859956264496,0.0,0.5,0.25,True,False
protocol_v1_A_023_02222_collision_orbit_right_64_seed41222_wrong_camera_motion_local,local_corruption,1.0,0.025608859956264496,0.025608859956264496,0.0,0.5,0.5,True,False
protocol_v1_A_023_02222_collision_orbit_right_64_seed41222_wrong_camera_motion_local,local_corruption,2.0,0.025608859956264496,0.025608859956264496,0.0,0.5,1.0,True,False
protocol_v1_A_023_02222_collision_orbit_right_64_seed41222_wrong_camera_motion_local,local_corruption,5.0,0.025608859956264496,0.025608859956264496,0.0,0.5,2.5,True,False
protocol_v1_A_023_02222_collision_orbit_right_64_seed41222_wrong_camera_motion_local,local_corruption,10.0,0.025608859956264496,0.025608859956264496,0.0,0.5,5.0,True,False
protocol_v1_A_050_04204_containment_orbit_left_44_seed43204_background_drift_local,local_corruption,0.05,0.02390124648809433,0.02390124648809433,0.0,0.5,0.025,True,False
protocol_v1_A_050_04204_containment_orbit_left_44_seed43204_background_drift_local,local_corruption,0.1,0.02390124648809433,0.02390124648809433,0.0,0.5,0.05,True,False
protocol_v1_A_050_04204_containment_orbit_left_44_seed43204_background_drift_local,local_corruption,0.2,0.02390124648809433,0.02390124648809433,0.0,0.5,0.1,True,False
protocol_v1_A_050_04204_containment_orbit_left_44_seed43204_background_drift_local,local_corruption,0.5,0.02390124648809433,0.02390124648809433,0.0,0.5,0.25,True,False
protocol_v1_A_050_04204_containment_orbit_left_44_seed43204_background_drift_local,local_corruption,1.0,0.02390124648809433,0.02390124648809433,0.0,0.5,0.5,True,False
protocol_v1_A_050_04204_containment_orbit_left_44_seed43204_background_drift_local,local_corruption,2.0,0.02390124648809433,0.02390124648809433,0.0,0.5,1.0,True,False
protocol_v1_A_050_04204_containment_orbit_left_44_seed43204_background_drift_local,local_corruption,5.0,0.02390124648809433,0.02390124648809433,0.0,0.5,2.5,True,False
protocol_v1_A_050_04204_containment_orbit_left_44_seed43204_background_drift_local,local_corruption,10.0,0.02390124648809433,0.02390124648809433,0.0,0.5,5.0,True,False
protocol_v1_B_008_prefix5_anchored_95981b8f74bed0_background_drift_stageA_final,gt_vs_medium_hard_rollout,0.05,0.11708655208349228,0.11708655208349228,0.0,0.5,0.025,True,False
protocol_v1_B_008_prefix5_anchored_95981b8f74bed0_background_drift_stageA_final,gt_vs_medium_hard_rollout,0.1,0.11708655208349228,0.11708655208349228,0.0,0.5,0.05,True,False
protocol_v1_B_008_prefix5_anchored_95981b8f74bed0_background_drift_stageA_final,gt_vs_medium_hard_rollout,0.2,0.11708655208349228,0.11708655208349228,0.0,0.5,0.1,True,False
protocol_v1_B_008_prefix5_anchored_95981b8f74bed0_background_drift_stageA_final,gt_vs_medium_hard_rollout,0.5,0.11708655208349228,0.11708655208349228,0.0,0.5,0.25,True,False
protocol_v1_B_008_prefix5_anchored_95981b8f74bed0_background_drift_stageA_final,gt_vs_medium_hard_rollout,1.0,0.11708655208349228,0.11708655208349228,0.0,0.5,0.5,True,False
protocol_v1_B_008_prefix5_anchored_95981b8f74bed0_background_drift_stageA_final,gt_vs_medium_hard_rollout,2.0,0.11708655208349228,0.11708655208349228,0.0,0.5,1.0,True,False
protocol_v1_B_008_prefix5_anchored_95981b8f74bed0_background_drift_stageA_final,gt_vs_medium_hard_rollout,5.0,0.11708655208349228,0.11708655208349228,0.0,0.5,2.5,True,False
protocol_v1_B_008_prefix5_anchored_95981b8f74bed0_background_drift_stageA_final,gt_vs_medium_hard_rollout,10.0,0.11708655208349228,0.11708655208349228,0.0,0.5,5.0,True,False
protocol_v1_B_001_prefix5_anchored_1128e39109fc83_object_deformation_stageA_final,gt_vs_medium_hard_rollout,0.05,0.10009658336639404,0.10009658336639404,0.0,0.5,0.025,True,False
protocol_v1_B_001_prefix5_anchored_1128e39109fc83_object_deformation_stageA_final,gt_vs_medium_hard_rollout,0.1,0.10009658336639404,0.10009658336639404,0.0,0.5,0.05,True,False
protocol_v1_B_001_prefix5_anchored_1128e39109fc83_object_deformation_stageA_final,gt_vs_medium_hard_rollout,0.2,0.10009658336639404,0.10009658336639404,0.0,0.5,0.1,True,False
protocol_v1_B_001_prefix5_anchored_1128e39109fc83_object_deformation_stageA_final,gt_vs_medium_hard_rollout,0.5,0.10009658336639404,0.10009658336639404,0.0,0.5,0.25,True,False
protocol_v1_B_001_prefix5_anchored_1128e39109fc83_object_deformation_stageA_final,gt_vs_medium_hard_rollout,1.0,0.10009658336639404,0.10009658336639404,0.0,0.5,0.5,True,False
protocol_v1_B_001_prefix5_anchored_1128e39109fc83_object_deformation_stageA_final,gt_vs_medium_hard_rollout,2.0,0.10009658336639404,0.10009658336639404,0.0,0.5,1.0,True,False
protocol_v1_B_001_prefix5_anchored_1128e39109fc83_object_deformation_stageA_final,gt_vs_medium_hard_rollout,5.0,0.10009658336639404,0.10009658336639404,0.0,0.5,2.5,True,False
protocol_v1_B_001_prefix5_anchored_1128e39109fc83_object_deformation_stageA_final,gt_vs_medium_hard_rollout,10.0,0.10009658336639404,0.10009658336639404,0.0,0.5,5.0,True,False
protocol_v1_B_006_prefix5_anchored_525c18bc4422f0_background_drift_stageA_final,gt_vs_medium_hard_rollout,0.05,0.09552425891160965,0.09552425891160965,0.0,0.5,0.025,True,False
protocol_v1_B_006_prefix5_anchored_525c18bc4422f0_background_drift_stageA_final,gt_vs_medium_hard_rollout,0.1,0.09552425891160965,0.09552425891160965,0.0,0.5,0.05,True,False
protocol_v1_B_006_prefix5_anchored_525c18bc4422f0_background_drift_stageA_final,gt_vs_medium_hard_rollout,0.2,0.09552425891160965,0.09552425891160965,0.0,0.5,0.1,True,False
protocol_v1_B_006_prefix5_anchored_525c18bc4422f0_background_drift_stageA_final,gt_vs_medium_hard_rollout,0.5,0.09552425891160965,0.09552425891160965,0.0,0.5,0.25,True,False
protocol_v1_B_006_prefix5_anchored_525c18bc4422f0_background_drift_stageA_final,gt_vs_medium_hard_rollout,1.0,0.09552425891160965,0.09552425891160965,0.0,0.5,0.5,True,False
protocol_v1_B_006_prefix5_anchored_525c18bc4422f0_background_drift_stageA_final,gt_vs_medium_hard_rollout,2.0,0.09552425891160965,0.09552425891160965,0.0,0.5,1.0,True,False
protocol_v1_B_006_prefix5_anchored_525c18bc4422f0_background_drift_stageA_final,gt_vs_medium_hard_rollout,5.0,0.09552425891160965,0.09552425891160965,0.0,0.5,2.5,True,False
protocol_v1_B_006_prefix5_anchored_525c18bc4422f0_background_drift_stageA_final,gt_vs_medium_hard_rollout,10.0,0.09552425891160965,0.09552425891160965,0.0,0.5,5.0,True,False
protocol_v1_B_015_prefix5_anchored_ede413792fce8b_nonrigid_background_warp_stageA_final,gt_vs_medium_hard_rollout,0.05,0.09400106966495514,0.09400106966495514,0.0,0.5,0.025,True,False
protocol_v1_B_015_prefix5_anchored_ede413792fce8b_nonrigid_background_warp_stageA_final,gt_vs_medium_hard_rollout,0.1,0.09400106966495514,0.09400106966495514,0.0,0.5,0.05,True,False
protocol_v1_B_015_prefix5_anchored_ede413792fce8b_nonrigid_background_warp_stageA_final,gt_vs_medium_hard_rollout,0.2,0.09400106966495514,0.09400106966495514,0.0,0.5,0.1,True,False
protocol_v1_B_015_prefix5_anchored_ede413792fce8b_nonrigid_background_warp_stageA_final,gt_vs_medium_hard_rollout,0.5,0.09400106966495514,0.09400106966495514,0.0,0.5,0.25,True,False
protocol_v1_B_015_prefix5_anchored_ede413792fce8b_nonrigid_background_warp_stageA_final,gt_vs_medium_hard_rollout,1.0,0.09400106966495514,0.09400106966495514,0.0,0.5,0.5,True,False
protocol_v1_B_015_prefix5_anchored_ede413792fce8b_nonrigid_background_warp_stageA_final,gt_vs_medium_hard_rollout,2.0,0.09400106966495514,0.09400106966495514,0.0,0.5,1.0,True,False
protocol_v1_B_015_prefix5_anchored_ede413792fce8b_nonrigid_background_warp_stageA_final,gt_vs_medium_hard_rollout,5.0,0.09400106966495514,0.09400106966495514,0.0,0.5,2.5,True,False
protocol_v1_B_015_prefix5_anchored_ede413792fce8b_nonrigid_background_warp_stageA_final,gt_vs_medium_hard_rollout,10.0,0.09400106966495514,0.09400106966495514,0.0,0.5,5.0,True,False
protocol_v1_A_030_02222_collision_orbit_right_64_seed41222_wrong_camera_motion_local,local_corruption,0.05,0.028059273958206177,0.028059273958206177,0.0,0.5,0.025,True,False
protocol_v1_A_030_02222_collision_orbit_right_64_seed41222_wrong_camera_motion_local,local_corruption,0.1,0.028059273958206177,0.028059273958206177,0.0,0.5,0.05,True,False
protocol_v1_A_030_02222_collision_orbit_right_64_seed41222_wrong_camera_motion_local,local_corruption,0.2,0.028059273958206177,0.028059273958206177,0.0,0.5,0.1,True,False
protocol_v1_A_030_02222_collision_orbit_right_64_seed41222_wrong_camera_motion_local,local_corruption,0.5,0.028059273958206177,0.028059273958206177,0.0,0.5,0.25,True,False
protocol_v1_A_030_02222_collision_orbit_right_64_seed41222_wrong_camera_motion_local,local_corruption,1.0,0.028059273958206177,0.028059273958206177,0.0,0.5,0.5,True,False
protocol_v1_A_030_02222_collision_orbit_right_64_seed41222_wrong_camera_motion_local,local_corruption,2.0,0.028059273958206177,0.028059273958206177,0.0,0.5,1.0,True,False
protocol_v1_A_030_02222_collision_orbit_right_64_seed41222_wrong_camera_motion_local,local_corruption,5.0,0.028059273958206177,0.028059273958206177,0.0,0.5,2.5,True,False
protocol_v1_A_030_02222_collision_orbit_right_64_seed41222_wrong_camera_motion_local,local_corruption,10.0,0.028059273958206177,0.028059273958206177,0.0,0.5,5.0,True,False
protocol_v1_A_032_02222_collision_orbit_right_64_seed41222_object_identity_change_local,local_corruption,0.05,0.027669377624988556,0.027669377624988556,0.0,0.5,0.025,True,False
protocol_v1_A_032_02222_collision_orbit_right_64_seed41222_object_identity_change_local,local_corruption,0.1,0.027669377624988556,0.027669377624988556,0.0,0.5,0.05,True,False
protocol_v1_A_032_02222_collision_orbit_right_64_seed41222_object_identity_change_local,local_corruption,0.2,0.027669377624988556,0.027669377624988556,0.0,0.5,0.1,True,False
protocol_v1_A_032_02222_collision_orbit_right_64_seed41222_object_identity_change_local,local_corruption,0.5,0.027669377624988556,0.027669377624988556,0.0,0.5,0.25,True,False
protocol_v1_A_032_02222_collision_orbit_right_64_seed41222_object_identity_change_local,local_corruption,1.0,0.027669377624988556,0.027669377624988556,0.0,0.5,0.5,True,False
protocol_v1_A_032_02222_collision_orbit_right_64_seed41222_object_identity_change_local,local_corruption,2.0,0.027669377624988556,0.027669377624988556,0.0,0.5,1.0,True,False
protocol_v1_A_032_02222_collision_orbit_right_64_seed41222_object_identity_change_local,local_corruption,5.0,0.027669377624988556,0.027669377624988556,0.0,0.5,2.5,True,False
protocol_v1_A_032_02222_collision_orbit_right_64_seed41222_object_identity_change_local,local_corruption,10.0,0.027669377624988556,0.027669377624988556,0.0,0.5,5.0,True,False
protocol_v1_A_013_02202_collision_orbit_right_64_seed41202_partial_freeze,local_corruption,0.05,0.027131497859954834,0.027131497859954834,0.0,0.5,0.025,True,False
protocol_v1_A_013_02202_collision_orbit_right_64_seed41202_partial_freeze,local_corruption,0.1,0.027131497859954834,0.027131497859954834,0.0,0.5,0.05,True,False
protocol_v1_A_013_02202_collision_orbit_right_64_seed41202_partial_freeze,local_corruption,0.2,0.027131497859954834,0.027131497859954834,0.0,0.5,0.1,True,False
protocol_v1_A_013_02202_collision_orbit_right_64_seed41202_partial_freeze,local_corruption,0.5,0.027131497859954834,0.027131497859954834,0.0,0.5,0.25,True,False
protocol_v1_A_013_02202_collision_orbit_right_64_seed41202_partial_freeze,local_corruption,1.0,0.027131497859954834,0.027131497859954834,0.0,0.5,0.5,True,False
protocol_v1_A_013_02202_collision_orbit_right_64_seed41202_partial_freeze,local_corruption,2.0,0.027131497859954834,0.027131497859954834,0.0,0.5,1.0,True,False
protocol_v1_A_013_02202_collision_orbit_right_64_seed41202_partial_freeze,local_corruption,5.0,0.027131497859954834,0.027131497859954834,0.0,0.5,2.5,True,False
protocol_v1_A_013_02202_collision_orbit_right_64_seed41202_partial_freeze,local_corruption,10.0,0.027131497859954834,0.027131497859954834,0.0,0.5,5.0,True,False
protocol_v1_A_023_02222_collision_orbit_right_64_seed41222_wrong_camera_motion_local,local_corruption,0.05,0.025608859956264496,0.025608859956264496,0.0,0.5,0.025,True,False
protocol_v1_A_023_02222_collision_orbit_right_64_seed41222_wrong_camera_motion_local,local_corruption,0.1,0.025608859956264496,0.025608859956264496,0.0,0.5,0.05,True,False
protocol_v1_A_023_02222_collision_orbit_right_64_seed41222_wrong_camera_motion_local,local_corruption,0.2,0.025608859956264496,0.025608859956264496,0.0,0.5,0.1,True,False
protocol_v1_A_023_02222_collision_orbit_right_64_seed41222_wrong_camera_motion_local,local_corruption,0.5,0.025608859956264496,0.025608859956264496,0.0,0.5,0.25,True,False
protocol_v1_A_023_02222_collision_orbit_right_64_seed41222_wrong_camera_motion_local,local_corruption,1.0,0.025608859956264496,0.025608859956264496,0.0,0.5,0.5,True,False
protocol_v1_A_023_02222_collision_orbit_right_64_seed41222_wrong_camera_motion_local,local_corruption,2.0,0.025608859956264496,0.025608859956264496,0.0,0.5,1.0,True,False
protocol_v1_A_023_02222_collision_orbit_right_64_seed41222_wrong_camera_motion_local,local_corruption,5.0,0.025608859956264496,0.025608859956264496,0.0,0.5,2.5,True,False
protocol_v1_A_023_02222_collision_orbit_right_64_seed41222_wrong_camera_motion_local,local_corruption,10.0,0.025608859956264496,0.025608859956264496,0.0,0.5,5.0,True,False
