root,status,score,input_rows,exists,is_dir,signals,evidence,penalty_reasons,next_action
/home/nvme03/nvme02_migration/VIDEOPHY2/physical_ti2v_5b_49f/checkpoint-860,WEAK_CANDIDATE,10,13,True,True,"action,camera,replay,video",/home/nvme03/nvme02_migration/VIDEOPHY2/physical_ti2v_5b_49f/checkpoint-860/0459_In_a_serene_winter_landscape_a_young_child_bundled_in_a_cozy_blue_jacket_and_a_knitted_hat_kneels_beside_a_fres_2053651e.mp4;/home/nvme03/nvme02_migration/VIDEOPHY2/physical_ti2v_5b_49f/checkpoint-860/0419_In_a_softly_lit_sewing_room_a_skilled_seamstress_clad_in_a_light_blue_shirt_and_a_patterned_headscarf_is_captur_b3a2055d.mp4;/home/nvme03/nvme02_migration/VIDEOPHY2/physical_ti2v_5b_49f/checkpoint-860/0231_In_a_breathtaking_display_of_outdoor_adventure_a_climber_ascends_a_thick_dark_rope_their_body_securely_harnesse_6ee8a4b4.mp4;/home/nvme03/nvme02_migration/VIDEOPHY2/physical_ti2v_5b_49f/checkpoint-860/0109_In_a_serene_garden_a_skilled_gardener_clad_in_a_dark_blue_shirt_and_a_wide-brimmed_hat_meticulously_tends_to_a__9e3dd105.mp4;/home/nvme03/nvme02_migration/VIDEOPHY2/physical_ti2v_5b_49f/checkpoint-860/0282_In_a_vibrant_outdoor_setting_a_large_circular_cardboard_target_stands_as_the_focal_point_its_surface_adorned_wi_a1dc5c21.mp4;/home/nvme03/nvme02_migration/VIDEOPHY2/physical_ti2v_5b_49f/checkpoint-860/0030_In_a_sleek_modern_billiards_room_the_camera_captures_a_close-up_of_a_vibrant_array_of_colorful_balls_each_one_a_8f2385ef.mp4;/home/nvme03/nvme02_migration/VIDEOPHY2/physical_ti2v_5b_49f/checkpoint-860/0249_A_vibrant_circular_jump_rope_lies_artfully_on_a_textured_light-colored_surface_its_colorful_woven_strands_creat_ab66e7fb.mp4;/home/nvme03/nvme02_migration/VIDEOPHY2/physical_ti2v_5b_49f/checkpoint-860/0367_In_a_breathtaking_outdoor_setting_a_javelin_soars_through_the_air_from_a_high_vantage_point_its_sleek_design_gl_4168853c.mp4,,Inspect manually; root lacks enough action/camera/gravity evidence for automatic selection.
/home/nvme03/nvme02_migration/VIDEOPHY2/physical_ti2v_5b_49f_bs4/checkpoint-3200_8gpu_704x480,WEAK_CANDIDATE,10,13,True,True,"action,camera,replay,video",/home/nvme03/nvme02_migration/VIDEOPHY2/physical_ti2v_5b_49f_bs4/checkpoint-3200_8gpu_704x480/0459_In_a_serene_winter_landscape_a_young_child_bundled_in_a_cozy_blue_jacket_and_a_knitted_hat_kneels_beside_a_fres_2053651e.mp4;/home/nvme03/nvme02_migration/VIDEOPHY2/physical_ti2v_5b_49f_bs4/checkpoint-3200_8gpu_704x480/0419_In_a_softly_lit_sewing_room_a_skilled_seamstress_clad_in_a_light_blue_shirt_and_a_patterned_headscarf_is_captur_b3a2055d.mp4;/home/nvme03/nvme02_migration/VIDEOPHY2/physical_ti2v_5b_49f_bs4/checkpoint-3200_8gpu_704x480/0231_In_a_breathtaking_display_of_outdoor_adventure_a_climber_ascends_a_thick_dark_rope_their_body_securely_harnesse_6ee8a4b4.mp4;/home/nvme03/nvme02_migration/VIDEOPHY2/physical_ti2v_5b_49f_bs4/checkpoint-3200_8gpu_704x480/0109_In_a_serene_garden_a_skilled_gardener_clad_in_a_dark_blue_shirt_and_a_wide-brimmed_hat_meticulously_tends_to_a__9e3dd105.mp4;/home/nvme03/nvme02_migration/VIDEOPHY2/physical_ti2v_5b_49f_bs4/checkpoint-3200_8gpu_704x480/0282_In_a_vibrant_outdoor_setting_a_large_circular_cardboard_target_stands_as_the_focal_point_its_surface_adorned_wi_a1dc5c21.mp4;/home/nvme03/nvme02_migration/VIDEOPHY2/physical_ti2v_5b_49f_bs4/checkpoint-3200_8gpu_704x480/0030_In_a_sleek_modern_billiards_room_the_camera_captures_a_close-up_of_a_vibrant_array_of_colorful_balls_each_one_a_8f2385ef.mp4;/home/nvme03/nvme02_migration/VIDEOPHY2/physical_ti2v_5b_49f_bs4/checkpoint-3200_8gpu_704x480/0249_A_vibrant_circular_jump_rope_lies_artfully_on_a_textured_light-colored_surface_its_colorful_woven_strands_creat_ab66e7fb.mp4;/home/nvme03/nvme02_migration/VIDEOPHY2/physical_ti2v_5b_49f_bs4/checkpoint-3200_8gpu_704x480/0367_In_a_breathtaking_outdoor_setting_a_javelin_soars_through_the_air_from_a_high_vantage_point_its_sleek_design_gl_4168853c.mp4,,Inspect manually; root lacks enough action/camera/gravity evidence for automatic selection.
/home/nvme03/nvme02_migration/VIDEOPHY2/physical_ti2v_5b_49f_bs8/checkpoint-4000,WEAK_CANDIDATE,10,13,True,True,"action,camera,replay,video",/home/nvme03/nvme02_migration/VIDEOPHY2/physical_ti2v_5b_49f_bs8/checkpoint-4000/0459_In_a_serene_winter_landscape_a_young_child_bundled_in_a_cozy_blue_jacket_and_a_knitted_hat_kneels_beside_a_fres_2053651e.mp4;/home/nvme03/nvme02_migration/VIDEOPHY2/physical_ti2v_5b_49f_bs8/checkpoint-4000/0419_In_a_softly_lit_sewing_room_a_skilled_seamstress_clad_in_a_light_blue_shirt_and_a_patterned_headscarf_is_captur_b3a2055d.mp4;/home/nvme03/nvme02_migration/VIDEOPHY2/physical_ti2v_5b_49f_bs8/checkpoint-4000/0231_In_a_breathtaking_display_of_outdoor_adventure_a_climber_ascends_a_thick_dark_rope_their_body_securely_harnesse_6ee8a4b4.mp4;/home/nvme03/nvme02_migration/VIDEOPHY2/physical_ti2v_5b_49f_bs8/checkpoint-4000/0109_In_a_serene_garden_a_skilled_gardener_clad_in_a_dark_blue_shirt_and_a_wide-brimmed_hat_meticulously_tends_to_a__9e3dd105.mp4;/home/nvme03/nvme02_migration/VIDEOPHY2/physical_ti2v_5b_49f_bs8/checkpoint-4000/0282_In_a_vibrant_outdoor_setting_a_large_circular_cardboard_target_stands_as_the_focal_point_its_surface_adorned_wi_a1dc5c21.mp4;/home/nvme03/nvme02_migration/VIDEOPHY2/physical_ti2v_5b_49f_bs8/checkpoint-4000/0030_In_a_sleek_modern_billiards_room_the_camera_captures_a_close-up_of_a_vibrant_array_of_colorful_balls_each_one_a_8f2385ef.mp4;/home/nvme03/nvme02_migration/VIDEOPHY2/physical_ti2v_5b_49f_bs8/checkpoint-4000/0249_A_vibrant_circular_jump_rope_lies_artfully_on_a_textured_light-colored_surface_its_colorful_woven_strands_creat_ab66e7fb.mp4;/home/nvme03/nvme02_migration/VIDEOPHY2/physical_ti2v_5b_49f_bs8/checkpoint-4000/0367_In_a_breathtaking_outdoor_setting_a_javelin_soars_through_the_air_from_a_high_vantage_point_its_sleek_design_gl_4168853c.mp4,,Inspect manually; root lacks enough action/camera/gravity evidence for automatic selection.
/home/nvme03/nvme02_migration/VIDEOPHY2/physical_ti2v_5b_49f_concat/checkpoint-400,WEAK_CANDIDATE,10,13,True,True,"action,camera,replay,video",/home/nvme03/nvme02_migration/VIDEOPHY2/physical_ti2v_5b_49f_concat/checkpoint-400/0459_In_a_serene_winter_landscape_a_young_child_bundled_in_a_cozy_blue_jacket_and_a_knitted_hat_kneels_beside_a_fres_2053651e.mp4;/home/nvme03/nvme02_migration/VIDEOPHY2/physical_ti2v_5b_49f_concat/checkpoint-400/0419_In_a_softly_lit_sewing_room_a_skilled_seamstress_clad_in_a_light_blue_shirt_and_a_patterned_headscarf_is_captur_b3a2055d.mp4;/home/nvme03/nvme02_migration/VIDEOPHY2/physical_ti2v_5b_49f_concat/checkpoint-400/0231_In_a_breathtaking_display_of_outdoor_adventure_a_climber_ascends_a_thick_dark_rope_their_body_securely_harnesse_6ee8a4b4.mp4;/home/nvme03/nvme02_migration/VIDEOPHY2/physical_ti2v_5b_49f_concat/checkpoint-400/0109_In_a_serene_garden_a_skilled_gardener_clad_in_a_dark_blue_shirt_and_a_wide-brimmed_hat_meticulously_tends_to_a__9e3dd105.mp4;/home/nvme03/nvme02_migration/VIDEOPHY2/physical_ti2v_5b_49f_concat/checkpoint-400/0282_In_a_vibrant_outdoor_setting_a_large_circular_cardboard_target_stands_as_the_focal_point_its_surface_adorned_wi_a1dc5c21.mp4;/home/nvme03/nvme02_migration/VIDEOPHY2/physical_ti2v_5b_49f_concat/checkpoint-400/0030_In_a_sleek_modern_billiards_room_the_camera_captures_a_close-up_of_a_vibrant_array_of_colorful_balls_each_one_a_8f2385ef.mp4;/home/nvme03/nvme02_migration/VIDEOPHY2/physical_ti2v_5b_49f_concat/checkpoint-400/0249_A_vibrant_circular_jump_rope_lies_artfully_on_a_textured_light-colored_surface_its_colorful_woven_strands_creat_ab66e7fb.mp4;/home/nvme03/nvme02_migration/VIDEOPHY2/physical_ti2v_5b_49f_concat/checkpoint-400/0367_In_a_breathtaking_outdoor_setting_a_javelin_soars_through_the_air_from_a_high_vantage_point_its_sleek_design_gl_4168853c.mp4,,Inspect manually; root lacks enough action/camera/gravity evidence for automatic selection.
/home/nvme03/nvme02_migration/VIDEOPHY2/physical_ti2v_5b_49f_dit_query/checkpoint-400,WEAK_CANDIDATE,10,13,True,True,"action,camera,replay,video",/home/nvme03/nvme02_migration/VIDEOPHY2/physical_ti2v_5b_49f_dit_query/checkpoint-400/0459_In_a_serene_winter_landscape_a_young_child_bundled_in_a_cozy_blue_jacket_and_a_knitted_hat_kneels_beside_a_fres_2053651e.mp4;/home/nvme03/nvme02_migration/VIDEOPHY2/physical_ti2v_5b_49f_dit_query/checkpoint-400/0419_In_a_softly_lit_sewing_room_a_skilled_seamstress_clad_in_a_light_blue_shirt_and_a_patterned_headscarf_is_captur_b3a2055d.mp4;/home/nvme03/nvme02_migration/VIDEOPHY2/physical_ti2v_5b_49f_dit_query/checkpoint-400/0231_In_a_breathtaking_display_of_outdoor_adventure_a_climber_ascends_a_thick_dark_rope_their_body_securely_harnesse_6ee8a4b4.mp4;/home/nvme03/nvme02_migration/VIDEOPHY2/physical_ti2v_5b_49f_dit_query/checkpoint-400/0109_In_a_serene_garden_a_skilled_gardener_clad_in_a_dark_blue_shirt_and_a_wide-brimmed_hat_meticulously_tends_to_a__9e3dd105.mp4;/home/nvme03/nvme02_migration/VIDEOPHY2/physical_ti2v_5b_49f_dit_query/checkpoint-400/0282_In_a_vibrant_outdoor_setting_a_large_circular_cardboard_target_stands_as_the_focal_point_its_surface_adorned_wi_a1dc5c21.mp4;/home/nvme03/nvme02_migration/VIDEOPHY2/physical_ti2v_5b_49f_dit_query/checkpoint-400/0030_In_a_sleek_modern_billiards_room_the_camera_captures_a_close-up_of_a_vibrant_array_of_colorful_balls_each_one_a_8f2385ef.mp4;/home/nvme03/nvme02_migration/VIDEOPHY2/physical_ti2v_5b_49f_dit_query/checkpoint-400/0249_A_vibrant_circular_jump_rope_lies_artfully_on_a_textured_light-colored_surface_its_colorful_woven_strands_creat_ab66e7fb.mp4;/home/nvme03/nvme02_migration/VIDEOPHY2/physical_ti2v_5b_49f_dit_query/checkpoint-400/0367_In_a_breathtaking_outdoor_setting_a_javelin_soars_through_the_air_from_a_high_vantage_point_its_sleek_design_gl_4168853c.mp4,,Inspect manually; root lacks enough action/camera/gravity evidence for automatic selection.
/home/nvme03/nvme02_migration/VIDEOPHY2/physical_ti2v_5b_49f_rag_back,WEAK_CANDIDATE,10,13,True,True,"action,camera,replay,video",/home/nvme03/nvme02_migration/VIDEOPHY2/physical_ti2v_5b_49f_rag_back/0459_In_a_serene_winter_landscape_a_young_child_bundled_in_a_cozy_blue_jacket_and_a_knitted_hat_kneels_beside_a_fres_2053651e.mp4;/home/nvme03/nvme02_migration/VIDEOPHY2/physical_ti2v_5b_49f_rag_back/0419_In_a_softly_lit_sewing_room_a_skilled_seamstress_clad_in_a_light_blue_shirt_and_a_patterned_headscarf_is_captur_b3a2055d.mp4;/home/nvme03/nvme02_migration/VIDEOPHY2/physical_ti2v_5b_49f_rag_back/0231_In_a_breathtaking_display_of_outdoor_adventure_a_climber_ascends_a_thick_dark_rope_their_body_securely_harnesse_6ee8a4b4.mp4;/home/nvme03/nvme02_migration/VIDEOPHY2/physical_ti2v_5b_49f_rag_back/0109_In_a_serene_garden_a_skilled_gardener_clad_in_a_dark_blue_shirt_and_a_wide-brimmed_hat_meticulously_tends_to_a__9e3dd105.mp4;/home/nvme03/nvme02_migration/VIDEOPHY2/physical_ti2v_5b_49f_rag_back/0282_In_a_vibrant_outdoor_setting_a_large_circular_cardboard_target_stands_as_the_focal_point_its_surface_adorned_wi_a1dc5c21.mp4;/home/nvme03/nvme02_migration/VIDEOPHY2/physical_ti2v_5b_49f_rag_back/0030_In_a_sleek_modern_billiards_room_the_camera_captures_a_close-up_of_a_vibrant_array_of_colorful_balls_each_one_a_8f2385ef.mp4;/home/nvme03/nvme02_migration/VIDEOPHY2/physical_ti2v_5b_49f_rag_back/0249_A_vibrant_circular_jump_rope_lies_artfully_on_a_textured_light-colored_surface_its_colorful_woven_strands_creat_ab66e7fb.mp4;/home/nvme03/nvme02_migration/VIDEOPHY2/physical_ti2v_5b_49f_rag_back/0367_In_a_breathtaking_outdoor_setting_a_javelin_soars_through_the_air_from_a_high_vantage_point_its_sleek_design_gl_4168853c.mp4,,Inspect manually; root lacks enough action/camera/gravity evidence for automatic selection.
/home/nvme03/nvme02_migration/VIDEOPHY2/physical_ti2v_5b_49f_rag_front/checkpoint-400,WEAK_CANDIDATE,10,13,True,True,"action,camera,replay,video",/home/nvme03/nvme02_migration/VIDEOPHY2/physical_ti2v_5b_49f_rag_front/checkpoint-400/0459_In_a_serene_winter_landscape_a_young_child_bundled_in_a_cozy_blue_jacket_and_a_knitted_hat_kneels_beside_a_fres_2053651e.mp4;/home/nvme03/nvme02_migration/VIDEOPHY2/physical_ti2v_5b_49f_rag_front/checkpoint-400/0419_In_a_softly_lit_sewing_room_a_skilled_seamstress_clad_in_a_light_blue_shirt_and_a_patterned_headscarf_is_captur_b3a2055d.mp4;/home/nvme03/nvme02_migration/VIDEOPHY2/physical_ti2v_5b_49f_rag_front/checkpoint-400/0231_In_a_breathtaking_display_of_outdoor_adventure_a_climber_ascends_a_thick_dark_rope_their_body_securely_harnesse_6ee8a4b4.mp4;/home/nvme03/nvme02_migration/VIDEOPHY2/physical_ti2v_5b_49f_rag_front/checkpoint-400/0109_In_a_serene_garden_a_skilled_gardener_clad_in_a_dark_blue_shirt_and_a_wide-brimmed_hat_meticulously_tends_to_a__9e3dd105.mp4;/home/nvme03/nvme02_migration/VIDEOPHY2/physical_ti2v_5b_49f_rag_front/checkpoint-400/0282_In_a_vibrant_outdoor_setting_a_large_circular_cardboard_target_stands_as_the_focal_point_its_surface_adorned_wi_a1dc5c21.mp4;/home/nvme03/nvme02_migration/VIDEOPHY2/physical_ti2v_5b_49f_rag_front/checkpoint-400/0030_In_a_sleek_modern_billiards_room_the_camera_captures_a_close-up_of_a_vibrant_array_of_colorful_balls_each_one_a_8f2385ef.mp4;/home/nvme03/nvme02_migration/VIDEOPHY2/physical_ti2v_5b_49f_rag_front/checkpoint-400/0249_A_vibrant_circular_jump_rope_lies_artfully_on_a_textured_light-colored_surface_its_colorful_woven_strands_creat_ab66e7fb.mp4;/home/nvme03/nvme02_migration/VIDEOPHY2/physical_ti2v_5b_49f_rag_front/checkpoint-400/0367_In_a_breathtaking_outdoor_setting_a_javelin_soars_through_the_air_from_a_high_vantage_point_its_sleek_design_gl_4168853c.mp4,,Inspect manually; root lacks enough action/camera/gravity evidence for automatic selection.
/home/nvme03/nvme02_migration/VIDEOPHY2/physical_ti2v_5b_49f_rag_mid/checkpoint-400,WEAK_CANDIDATE,10,13,True,True,"action,camera,replay,video",/home/nvme03/nvme02_migration/VIDEOPHY2/physical_ti2v_5b_49f_rag_mid/checkpoint-400/0459_In_a_serene_winter_landscape_a_young_child_bundled_in_a_cozy_blue_jacket_and_a_knitted_hat_kneels_beside_a_fres_2053651e.mp4;/home/nvme03/nvme02_migration/VIDEOPHY2/physical_ti2v_5b_49f_rag_mid/checkpoint-400/0419_In_a_softly_lit_sewing_room_a_skilled_seamstress_clad_in_a_light_blue_shirt_and_a_patterned_headscarf_is_captur_b3a2055d.mp4;/home/nvme03/nvme02_migration/VIDEOPHY2/physical_ti2v_5b_49f_rag_mid/checkpoint-400/0231_In_a_breathtaking_display_of_outdoor_adventure_a_climber_ascends_a_thick_dark_rope_their_body_securely_harnesse_6ee8a4b4.mp4;/home/nvme03/nvme02_migration/VIDEOPHY2/physical_ti2v_5b_49f_rag_mid/checkpoint-400/0109_In_a_serene_garden_a_skilled_gardener_clad_in_a_dark_blue_shirt_and_a_wide-brimmed_hat_meticulously_tends_to_a__9e3dd105.mp4;/home/nvme03/nvme02_migration/VIDEOPHY2/physical_ti2v_5b_49f_rag_mid/checkpoint-400/0282_In_a_vibrant_outdoor_setting_a_large_circular_cardboard_target_stands_as_the_focal_point_its_surface_adorned_wi_a1dc5c21.mp4;/home/nvme03/nvme02_migration/VIDEOPHY2/physical_ti2v_5b_49f_rag_mid/checkpoint-400/0030_In_a_sleek_modern_billiards_room_the_camera_captures_a_close-up_of_a_vibrant_array_of_colorful_balls_each_one_a_8f2385ef.mp4;/home/nvme03/nvme02_migration/VIDEOPHY2/physical_ti2v_5b_49f_rag_mid/checkpoint-400/0249_A_vibrant_circular_jump_rope_lies_artfully_on_a_textured_light-colored_surface_its_colorful_woven_strands_creat_ab66e7fb.mp4;/home/nvme03/nvme02_migration/VIDEOPHY2/physical_ti2v_5b_49f_rag_mid/checkpoint-400/0367_In_a_breathtaking_outdoor_setting_a_javelin_soars_through_the_air_from_a_high_vantage_point_its_sleek_design_gl_4168853c.mp4,,Inspect manually; root lacks enough action/camera/gravity evidence for automatic selection.
/home/nvme03/nvme02_migration/VIDEOPHY2/physical_ti2v_5b_49f_rag_plugin/checkpoint-800_8gpu_704x480,WEAK_CANDIDATE,10,11,True,True,"action,camera,replay,video",/home/nvme03/nvme02_migration/VIDEOPHY2/physical_ti2v_5b_49f_rag_plugin/checkpoint-800_8gpu_704x480/0459_In_a_serene_winter_landscape_a_young_child_bundled_in_a_cozy_blue_jacket_and_a_knitted_hat_kneels_beside_a_fres_2053651e.mp4;/home/nvme03/nvme02_migration/VIDEOPHY2/physical_ti2v_5b_49f_rag_plugin/checkpoint-800_8gpu_704x480/0419_In_a_softly_lit_sewing_room_a_skilled_seamstress_clad_in_a_light_blue_shirt_and_a_patterned_headscarf_is_captur_b3a2055d.mp4;/home/nvme03/nvme02_migration/VIDEOPHY2/physical_ti2v_5b_49f_rag_plugin/checkpoint-800_8gpu_704x480/0231_In_a_breathtaking_display_of_outdoor_adventure_a_climber_ascends_a_thick_dark_rope_their_body_securely_harnesse_6ee8a4b4.mp4;/home/nvme03/nvme02_migration/VIDEOPHY2/physical_ti2v_5b_49f_rag_plugin/checkpoint-800_8gpu_704x480/0109_In_a_serene_garden_a_skilled_gardener_clad_in_a_dark_blue_shirt_and_a_wide-brimmed_hat_meticulously_tends_to_a__9e3dd105.mp4;/home/nvme03/nvme02_migration/VIDEOPHY2/physical_ti2v_5b_49f_rag_plugin/checkpoint-800_8gpu_704x480/0282_In_a_vibrant_outdoor_setting_a_large_circular_cardboard_target_stands_as_the_focal_point_its_surface_adorned_wi_a1dc5c21.mp4;/home/nvme03/nvme02_migration/VIDEOPHY2/physical_ti2v_5b_49f_rag_plugin/checkpoint-800_8gpu_704x480/0030_In_a_sleek_modern_billiards_room_the_camera_captures_a_close-up_of_a_vibrant_array_of_colorful_balls_each_one_a_8f2385ef.mp4;/home/nvme03/nvme02_migration/VIDEOPHY2/physical_ti2v_5b_49f_rag_plugin/checkpoint-800_8gpu_704x480/0249_A_vibrant_circular_jump_rope_lies_artfully_on_a_textured_light-colored_surface_its_colorful_woven_strands_creat_ab66e7fb.mp4;/home/nvme03/nvme02_migration/VIDEOPHY2/physical_ti2v_5b_49f_rag_plugin/checkpoint-800_8gpu_704x480/0367_In_a_breathtaking_outdoor_setting_a_javelin_soars_through_the_air_from_a_high_vantage_point_its_sleek_design_gl_4168853c.mp4,,Inspect manually; root lacks enough action/camera/gravity evidence for automatic selection.
/home/nvme03/nvme02_migration/VIDEOPHY2/physical_ti2v_5b_49f_rag_yuan/checkpoint-400,WEAK_CANDIDATE,10,13,True,True,"action,camera,replay,video",/home/nvme03/nvme02_migration/VIDEOPHY2/physical_ti2v_5b_49f_rag_yuan/checkpoint-400/0459_In_a_serene_winter_landscape_a_young_child_bundled_in_a_cozy_blue_jacket_and_a_knitted_hat_kneels_beside_a_fres_2053651e.mp4;/home/nvme03/nvme02_migration/VIDEOPHY2/physical_ti2v_5b_49f_rag_yuan/checkpoint-400/0419_In_a_softly_lit_sewing_room_a_skilled_seamstress_clad_in_a_light_blue_shirt_and_a_patterned_headscarf_is_captur_b3a2055d.mp4;/home/nvme03/nvme02_migration/VIDEOPHY2/physical_ti2v_5b_49f_rag_yuan/checkpoint-400/0231_In_a_breathtaking_display_of_outdoor_adventure_a_climber_ascends_a_thick_dark_rope_their_body_securely_harnesse_6ee8a4b4.mp4;/home/nvme03/nvme02_migration/VIDEOPHY2/physical_ti2v_5b_49f_rag_yuan/checkpoint-400/0109_In_a_serene_garden_a_skilled_gardener_clad_in_a_dark_blue_shirt_and_a_wide-brimmed_hat_meticulously_tends_to_a__9e3dd105.mp4;/home/nvme03/nvme02_migration/VIDEOPHY2/physical_ti2v_5b_49f_rag_yuan/checkpoint-400/0282_In_a_vibrant_outdoor_setting_a_large_circular_cardboard_target_stands_as_the_focal_point_its_surface_adorned_wi_a1dc5c21.mp4;/home/nvme03/nvme02_migration/VIDEOPHY2/physical_ti2v_5b_49f_rag_yuan/checkpoint-400/0030_In_a_sleek_modern_billiards_room_the_camera_captures_a_close-up_of_a_vibrant_array_of_colorful_balls_each_one_a_8f2385ef.mp4;/home/nvme03/nvme02_migration/VIDEOPHY2/physical_ti2v_5b_49f_rag_yuan/checkpoint-400/0249_A_vibrant_circular_jump_rope_lies_artfully_on_a_textured_light-colored_surface_its_colorful_woven_strands_creat_ab66e7fb.mp4;/home/nvme03/nvme02_migration/VIDEOPHY2/physical_ti2v_5b_49f_rag_yuan/checkpoint-400/0367_In_a_breathtaking_outdoor_setting_a_javelin_soars_through_the_air_from_a_high_vantage_point_its_sleek_design_gl_4168853c.mp4,,Inspect manually; root lacks enough action/camera/gravity evidence for automatic selection.
/home/nvme03/nvme02_migration/VIDEOPHY2/physical_ti2v_5b_49f_sft/checkpoint-400_8gpu_704x480,WEAK_CANDIDATE,10,12,True,True,"action,camera,replay,video",/home/nvme03/nvme02_migration/VIDEOPHY2/physical_ti2v_5b_49f_sft/checkpoint-400_8gpu_704x480/0459_In_a_serene_winter_landscape_a_young_child_bundled_in_a_cozy_blue_jacket_and_a_knitted_hat_kneels_beside_a_fres_2053651e.mp4;/home/nvme03/nvme02_migration/VIDEOPHY2/physical_ti2v_5b_49f_sft/checkpoint-400_8gpu_704x480/0419_In_a_softly_lit_sewing_room_a_skilled_seamstress_clad_in_a_light_blue_shirt_and_a_patterned_headscarf_is_captur_b3a2055d.mp4;/home/nvme03/nvme02_migration/VIDEOPHY2/physical_ti2v_5b_49f_sft/checkpoint-400_8gpu_704x480/0231_In_a_breathtaking_display_of_outdoor_adventure_a_climber_ascends_a_thick_dark_rope_their_body_securely_harnesse_6ee8a4b4.mp4;/home/nvme03/nvme02_migration/VIDEOPHY2/physical_ti2v_5b_49f_sft/checkpoint-400_8gpu_704x480/0109_In_a_serene_garden_a_skilled_gardener_clad_in_a_dark_blue_shirt_and_a_wide-brimmed_hat_meticulously_tends_to_a__9e3dd105.mp4;/home/nvme03/nvme02_migration/VIDEOPHY2/physical_ti2v_5b_49f_sft/checkpoint-400_8gpu_704x480/0282_In_a_vibrant_outdoor_setting_a_large_circular_cardboard_target_stands_as_the_focal_point_its_surface_adorned_wi_a1dc5c21.mp4;/home/nvme03/nvme02_migration/VIDEOPHY2/physical_ti2v_5b_49f_sft/checkpoint-400_8gpu_704x480/0030_In_a_sleek_modern_billiards_room_the_camera_captures_a_close-up_of_a_vibrant_array_of_colorful_balls_each_one_a_8f2385ef.mp4;/home/nvme03/nvme02_migration/VIDEOPHY2/physical_ti2v_5b_49f_sft/checkpoint-400_8gpu_704x480/0249_A_vibrant_circular_jump_rope_lies_artfully_on_a_textured_light-colored_surface_its_colorful_woven_strands_creat_ab66e7fb.mp4;/home/nvme03/nvme02_migration/VIDEOPHY2/physical_ti2v_5b_49f_sft/checkpoint-400_8gpu_704x480/0367_In_a_breathtaking_outdoor_setting_a_javelin_soars_through_the_air_from_a_high_vantage_point_its_sleek_design_gl_4168853c.mp4,,Inspect manually; root lacks enough action/camera/gravity evidence for automatic selection.
/home/nvme03/nvme02_migration/VIDEOPHY2/physical_ti2v_5b_49f_sft_yuan/checkpoint-400,WEAK_CANDIDATE,10,13,True,True,"action,camera,replay,video",/home/nvme03/nvme02_migration/VIDEOPHY2/physical_ti2v_5b_49f_sft_yuan/checkpoint-400/0459_In_a_serene_winter_landscape_a_young_child_bundled_in_a_cozy_blue_jacket_and_a_knitted_hat_kneels_beside_a_fres_2053651e.mp4;/home/nvme03/nvme02_migration/VIDEOPHY2/physical_ti2v_5b_49f_sft_yuan/checkpoint-400/0419_In_a_softly_lit_sewing_room_a_skilled_seamstress_clad_in_a_light_blue_shirt_and_a_patterned_headscarf_is_captur_b3a2055d.mp4;/home/nvme03/nvme02_migration/VIDEOPHY2/physical_ti2v_5b_49f_sft_yuan/checkpoint-400/0231_In_a_breathtaking_display_of_outdoor_adventure_a_climber_ascends_a_thick_dark_rope_their_body_securely_harnesse_6ee8a4b4.mp4;/home/nvme03/nvme02_migration/VIDEOPHY2/physical_ti2v_5b_49f_sft_yuan/checkpoint-400/0109_In_a_serene_garden_a_skilled_gardener_clad_in_a_dark_blue_shirt_and_a_wide-brimmed_hat_meticulously_tends_to_a__9e3dd105.mp4;/home/nvme03/nvme02_migration/VIDEOPHY2/physical_ti2v_5b_49f_sft_yuan/checkpoint-400/0282_In_a_vibrant_outdoor_setting_a_large_circular_cardboard_target_stands_as_the_focal_point_its_surface_adorned_wi_a1dc5c21.mp4;/home/nvme03/nvme02_migration/VIDEOPHY2/physical_ti2v_5b_49f_sft_yuan/checkpoint-400/0030_In_a_sleek_modern_billiards_room_the_camera_captures_a_close-up_of_a_vibrant_array_of_colorful_balls_each_one_a_8f2385ef.mp4;/home/nvme03/nvme02_migration/VIDEOPHY2/physical_ti2v_5b_49f_sft_yuan/checkpoint-400/0249_A_vibrant_circular_jump_rope_lies_artfully_on_a_textured_light-colored_surface_its_colorful_woven_strands_creat_ab66e7fb.mp4;/home/nvme03/nvme02_migration/VIDEOPHY2/physical_ti2v_5b_49f_sft_yuan/checkpoint-400/0367_In_a_breathtaking_outdoor_setting_a_javelin_soars_through_the_air_from_a_high_vantage_point_its_sleek_design_gl_4168853c.mp4,,Inspect manually; root lacks enough action/camera/gravity evidence for automatic selection.
/home/nvme03/nvme02_migration/VIDEOPHY2/wan-ti2v-5b-base,WEAK_CANDIDATE,10,10,True,True,"action,camera,replay,video",/home/nvme03/nvme02_migration/VIDEOPHY2/wan-ti2v-5b-base/0231_In_a_breathtaking_display_of_outdoor_adventure_a_climber_ascends_a_thick_dark_rope_their_body_securely_harnesse_6ee8a4b4.mp4;/home/nvme03/nvme02_migration/VIDEOPHY2/wan-ti2v-5b-base/0109_In_a_serene_garden_a_skilled_gardener_clad_in_a_dark_blue_shirt_and_a_wide-brimmed_hat_meticulously_tends_to_a__9e3dd105.mp4;/home/nvme03/nvme02_migration/VIDEOPHY2/wan-ti2v-5b-base/0282_In_a_vibrant_outdoor_setting_a_large_circular_cardboard_target_stands_as_the_focal_point_its_surface_adorned_wi_a1dc5c21.mp4;/home/nvme03/nvme02_migration/VIDEOPHY2/wan-ti2v-5b-base/0030_In_a_sleek_modern_billiards_room_the_camera_captures_a_close-up_of_a_vibrant_array_of_colorful_balls_each_one_a_8f2385ef.mp4;/home/nvme03/nvme02_migration/VIDEOPHY2/wan-ti2v-5b-base/0249_A_vibrant_circular_jump_rope_lies_artfully_on_a_textured_light-colored_surface_its_colorful_woven_strands_creat_ab66e7fb.mp4;/home/nvme03/nvme02_migration/VIDEOPHY2/wan-ti2v-5b-base/0367_In_a_breathtaking_outdoor_setting_a_javelin_soars_through_the_air_from_a_high_vantage_point_its_sleek_design_gl_4168853c.mp4;/home/nvme03/nvme02_migration/VIDEOPHY2/wan-ti2v-5b-base/0298_In_a_serene_outdoor_setting_a_person_clad_in_a_dark_blue_shirt_and_a_light_blue_cap_stands_poised_wielding_a_pa_1ddc3396.mp4;/home/nvme03/nvme02_migration/VIDEOPHY2/wan-ti2v-5b-base/0214_In_a_thrilling_hockey_match_the_camera_captures_a_dynamic_moment_as_a_player_in_a_vibrant_red_jersey_adorned_wi_0a05b2c0.mp4,,Inspect manually; root lacks enough action/camera/gravity evidence for automatic selection.
/home/nvme03/nvme02_migration/VIDEOPHY2/wan22_5b_base_8gpu_704x480,WEAK_CANDIDATE,10,13,True,True,"action,camera,replay,video",/home/nvme03/nvme02_migration/VIDEOPHY2/wan22_5b_base_8gpu_704x480/0459_In_a_serene_winter_landscape_a_young_child_bundled_in_a_cozy_blue_jacket_and_a_knitted_hat_kneels_beside_a_fres_2053651e.mp4;/home/nvme03/nvme02_migration/VIDEOPHY2/wan22_5b_base_8gpu_704x480/0419_In_a_softly_lit_sewing_room_a_skilled_seamstress_clad_in_a_light_blue_shirt_and_a_patterned_headscarf_is_captur_b3a2055d.mp4;/home/nvme03/nvme02_migration/VIDEOPHY2/wan22_5b_base_8gpu_704x480/0231_In_a_breathtaking_display_of_outdoor_adventure_a_climber_ascends_a_thick_dark_rope_their_body_securely_harnesse_6ee8a4b4.mp4;/home/nvme03/nvme02_migration/VIDEOPHY2/wan22_5b_base_8gpu_704x480/0109_In_a_serene_garden_a_skilled_gardener_clad_in_a_dark_blue_shirt_and_a_wide-brimmed_hat_meticulously_tends_to_a__9e3dd105.mp4;/home/nvme03/nvme02_migration/VIDEOPHY2/wan22_5b_base_8gpu_704x480/0282_In_a_vibrant_outdoor_setting_a_large_circular_cardboard_target_stands_as_the_focal_point_its_surface_adorned_wi_a1dc5c21.mp4;/home/nvme03/nvme02_migration/VIDEOPHY2/wan22_5b_base_8gpu_704x480/0030_In_a_sleek_modern_billiards_room_the_camera_captures_a_close-up_of_a_vibrant_array_of_colorful_balls_each_one_a_8f2385ef.mp4;/home/nvme03/nvme02_migration/VIDEOPHY2/wan22_5b_base_8gpu_704x480/0249_A_vibrant_circular_jump_rope_lies_artfully_on_a_textured_light-colored_surface_its_colorful_woven_strands_creat_ab66e7fb.mp4;/home/nvme03/nvme02_migration/VIDEOPHY2/wan22_5b_base_8gpu_704x480/0367_In_a_breathtaking_outdoor_setting_a_javelin_soars_through_the_air_from_a_high_vantage_point_its_sleek_design_gl_4168853c.mp4,,Inspect manually; root lacks enough action/camera/gravity evidence for automatic selection.
/home/nvme03/workspace/lingbot-world/physinone_sft_conditions_81f_pull50_20260513/MovingHitsFixed_WindGravityBalance__bg156__vbGA3S,REJECT_LIKELY_FALSE_POSITIVE,10,2,True,True,"action,camera,gravity,intrinsics,video",/home/nvme03/workspace/lingbot-world/physinone_sft_conditions_81f_pull50_20260513/MovingHitsFixed_WindGravityBalance__bg156__vbGA3S/action.npy;/home/nvme03/workspace/lingbot-world/physinone_sft_conditions_81f_pull50_20260513/MovingHitsFixed_WindGravityBalance__bg156__vbGA3S/poses.npy;/home/nvme03/workspace/lingbot-world/physinone_sft_conditions_81f_pull50_20260513/MovingHitsFixed_WindGravityBalance__bg156__vbGA3S/prompt.txt;/home/nvme03/workspace/lingbot-world/physinone_sft_conditions_81f_pull50_20260513/MovingHitsFixed_WindGravityBalance__bg156__vbGA3S/image.jpg;/home/nvme03/workspace/lingbot-world/physinone_sft_conditions_81f_pull50_20260513/MovingHitsFixed_WindGravityBalance__bg156__vbGA3S/scene_trajectory.json;/home/nvme03/workspace/lingbot-world/physinone_sft_conditions_81f_pull50_20260513/MovingHitsFixed_WindGravityBalance__bg156__vbGA3S/target_video.mp4;/home/nvme03/workspace/lingbot-world/physinone_sft_conditions_81f_pull50_20260513/MovingHitsFixed_WindGravityBalance__bg156__vbGA3S/target_video.contact_sheet.jpg;/home/nvme03/workspace/lingbot-world/physinone_sft_conditions_81f_pull50_20260513/MovingHitsFixed_WindGravityBalance__bg156__vbGA3S/metadata.json,physinone,Do not use as PhysEditWorld selected 50h root.
/home/nvme03/workspace/Wan2.2/results/ECCV_Rebuttal_256p/PHY_GRAVITY_001_Seed1024,WEAK_CANDIDATE,9,1,True,True,"gravity,video",/home/nvme03/workspace/Wan2.2/results/ECCV_Rebuttal_256p/PHY_GRAVITY_001_Seed1024/latent_variance.npy;/home/nvme03/workspace/Wan2.2/results/ECCV_Rebuttal_256p/PHY_GRAVITY_001_Seed1024/output_16s_256p.mp4;/home/nvme03/workspace/Wan2.2/results/ECCV_Rebuttal_256p/PHY_GRAVITY_001_Seed1024/vram_usage_log.csv;/home/nvme03/workspace/Wan2.2/results/ECCV_Rebuttal_256p/PHY_GRAVITY_001_Seed1024/Chart_2_VRAM.pdf;/home/nvme03/workspace/Wan2.2/results/ECCV_Rebuttal_256p/PHY_GRAVITY_001_Seed1024/Chart_1_Entropy.pdf;/home/nvme03/workspace/Wan2.2/results/ECCV_Rebuttal_256p/PHY_GRAVITY_001_Seed1024/attention_entropy.npy;/home/nvme03/workspace/Wan2.2/results/ECCV_Rebuttal_256p/PHY_GRAVITY_001_Seed1024/heatmaps/global_step00.png;/home/nvme03/workspace/Wan2.2/results/ECCV_Rebuttal_256p/PHY_GRAVITY_001_Seed1024/heatmaps/zoomed_step25.png,,Inspect manually; root lacks enough action/camera/gravity evidence for automatic selection.
/home/nvme03/workspace/Wan2.2/results/ECCV_Rebuttal_256p/PHY_GRAVITY_001_Seed2046,WEAK_CANDIDATE,9,1,True,True,"gravity,video",/home/nvme03/workspace/Wan2.2/results/ECCV_Rebuttal_256p/PHY_GRAVITY_001_Seed2046/latent_variance.npy;/home/nvme03/workspace/Wan2.2/results/ECCV_Rebuttal_256p/PHY_GRAVITY_001_Seed2046/output_16s_256p.mp4;/home/nvme03/workspace/Wan2.2/results/ECCV_Rebuttal_256p/PHY_GRAVITY_001_Seed2046/vram_usage_log.csv;/home/nvme03/workspace/Wan2.2/results/ECCV_Rebuttal_256p/PHY_GRAVITY_001_Seed2046/Chart_2_VRAM.pdf;/home/nvme03/workspace/Wan2.2/results/ECCV_Rebuttal_256p/PHY_GRAVITY_001_Seed2046/Chart_1_Entropy.pdf;/home/nvme03/workspace/Wan2.2/results/ECCV_Rebuttal_256p/PHY_GRAVITY_001_Seed2046/attention_entropy.npy;/home/nvme03/workspace/Wan2.2/results/ECCV_Rebuttal_256p/PHY_GRAVITY_001_Seed2046/heatmaps/global_step00.png;/home/nvme03/workspace/Wan2.2/results/ECCV_Rebuttal_256p/PHY_GRAVITY_001_Seed2046/heatmaps/zoomed_step25.png,,Inspect manually; root lacks enough action/camera/gravity evidence for automatic selection.
/home/nvme03/workspace/Wan2.2/results/ECCV_Rebuttal_256p/PHY_GRAVITY_001_Seed42,WEAK_CANDIDATE,9,1,True,True,"gravity,video",/home/nvme03/workspace/Wan2.2/results/ECCV_Rebuttal_256p/PHY_GRAVITY_001_Seed42/latent_variance.npy;/home/nvme03/workspace/Wan2.2/results/ECCV_Rebuttal_256p/PHY_GRAVITY_001_Seed42/output_16s_256p.mp4;/home/nvme03/workspace/Wan2.2/results/ECCV_Rebuttal_256p/PHY_GRAVITY_001_Seed42/vram_usage_log.csv;/home/nvme03/workspace/Wan2.2/results/ECCV_Rebuttal_256p/PHY_GRAVITY_001_Seed42/Chart_2_VRAM.pdf;/home/nvme03/workspace/Wan2.2/results/ECCV_Rebuttal_256p/PHY_GRAVITY_001_Seed42/Chart_1_Entropy.pdf;/home/nvme03/workspace/Wan2.2/results/ECCV_Rebuttal_256p/PHY_GRAVITY_001_Seed42/attention_entropy.npy;/home/nvme03/workspace/Wan2.2/results/ECCV_Rebuttal_256p/PHY_GRAVITY_001_Seed42/heatmaps/global_step00.png;/home/nvme03/workspace/Wan2.2/results/ECCV_Rebuttal_256p/PHY_GRAVITY_001_Seed42/heatmaps/zoomed_step25.png,,Inspect manually; root lacks enough action/camera/gravity evidence for automatic selection.
/home/nvme03/workspace/Wan2.2/results/ECCV_Rebuttal_256p/PHY_GRAVITY_002_Seed1024,WEAK_CANDIDATE,9,1,True,True,"gravity,video",/home/nvme03/workspace/Wan2.2/results/ECCV_Rebuttal_256p/PHY_GRAVITY_002_Seed1024/latent_variance.npy;/home/nvme03/workspace/Wan2.2/results/ECCV_Rebuttal_256p/PHY_GRAVITY_002_Seed1024/output_16s_256p.mp4;/home/nvme03/workspace/Wan2.2/results/ECCV_Rebuttal_256p/PHY_GRAVITY_002_Seed1024/vram_usage_log.csv;/home/nvme03/workspace/Wan2.2/results/ECCV_Rebuttal_256p/PHY_GRAVITY_002_Seed1024/Chart_2_VRAM.pdf;/home/nvme03/workspace/Wan2.2/results/ECCV_Rebuttal_256p/PHY_GRAVITY_002_Seed1024/Chart_1_Entropy.pdf;/home/nvme03/workspace/Wan2.2/results/ECCV_Rebuttal_256p/PHY_GRAVITY_002_Seed1024/attention_entropy.npy;/home/nvme03/workspace/Wan2.2/results/ECCV_Rebuttal_256p/PHY_GRAVITY_002_Seed1024/heatmaps/global_step00.png;/home/nvme03/workspace/Wan2.2/results/ECCV_Rebuttal_256p/PHY_GRAVITY_002_Seed1024/heatmaps/zoomed_step25.png,,Inspect manually; root lacks enough action/camera/gravity evidence for automatic selection.
/home/nvme03/workspace/Wan2.2/results/ECCV_Rebuttal_256p/PHY_GRAVITY_002_Seed2046,WEAK_CANDIDATE,9,1,True,True,"gravity,video",/home/nvme03/workspace/Wan2.2/results/ECCV_Rebuttal_256p/PHY_GRAVITY_002_Seed2046/latent_variance.npy;/home/nvme03/workspace/Wan2.2/results/ECCV_Rebuttal_256p/PHY_GRAVITY_002_Seed2046/output_16s_256p.mp4;/home/nvme03/workspace/Wan2.2/results/ECCV_Rebuttal_256p/PHY_GRAVITY_002_Seed2046/vram_usage_log.csv;/home/nvme03/workspace/Wan2.2/results/ECCV_Rebuttal_256p/PHY_GRAVITY_002_Seed2046/Chart_2_VRAM.pdf;/home/nvme03/workspace/Wan2.2/results/ECCV_Rebuttal_256p/PHY_GRAVITY_002_Seed2046/Chart_1_Entropy.pdf;/home/nvme03/workspace/Wan2.2/results/ECCV_Rebuttal_256p/PHY_GRAVITY_002_Seed2046/attention_entropy.npy;/home/nvme03/workspace/Wan2.2/results/ECCV_Rebuttal_256p/PHY_GRAVITY_002_Seed2046/heatmaps/global_step00.png;/home/nvme03/workspace/Wan2.2/results/ECCV_Rebuttal_256p/PHY_GRAVITY_002_Seed2046/heatmaps/zoomed_step25.png,,Inspect manually; root lacks enough action/camera/gravity evidence for automatic selection.
/home/nvme03/workspace/Wan2.2/results/ECCV_Rebuttal_256p/PHY_GRAVITY_002_Seed42,WEAK_CANDIDATE,9,1,True,True,"gravity,video",/home/nvme03/workspace/Wan2.2/results/ECCV_Rebuttal_256p/PHY_GRAVITY_002_Seed42/latent_variance.npy;/home/nvme03/workspace/Wan2.2/results/ECCV_Rebuttal_256p/PHY_GRAVITY_002_Seed42/output_16s_256p.mp4;/home/nvme03/workspace/Wan2.2/results/ECCV_Rebuttal_256p/PHY_GRAVITY_002_Seed42/vram_usage_log.csv;/home/nvme03/workspace/Wan2.2/results/ECCV_Rebuttal_256p/PHY_GRAVITY_002_Seed42/Chart_2_VRAM.pdf;/home/nvme03/workspace/Wan2.2/results/ECCV_Rebuttal_256p/PHY_GRAVITY_002_Seed42/Chart_1_Entropy.pdf;/home/nvme03/workspace/Wan2.2/results/ECCV_Rebuttal_256p/PHY_GRAVITY_002_Seed42/attention_entropy.npy;/home/nvme03/workspace/Wan2.2/results/ECCV_Rebuttal_256p/PHY_GRAVITY_002_Seed42/heatmaps/global_step00.png;/home/nvme03/workspace/Wan2.2/results/ECCV_Rebuttal_256p/PHY_GRAVITY_002_Seed42/heatmaps/zoomed_step25.png,,Inspect manually; root lacks enough action/camera/gravity evidence for automatic selection.
/home/nvme03/workspace/Wan2.2/results/ECCV_Rebuttal_256p/PHY_GRAVITY_003_Seed1024,WEAK_CANDIDATE,9,1,True,True,"gravity,video",/home/nvme03/workspace/Wan2.2/results/ECCV_Rebuttal_256p/PHY_GRAVITY_003_Seed1024/latent_variance.npy;/home/nvme03/workspace/Wan2.2/results/ECCV_Rebuttal_256p/PHY_GRAVITY_003_Seed1024/output_16s_256p.mp4;/home/nvme03/workspace/Wan2.2/results/ECCV_Rebuttal_256p/PHY_GRAVITY_003_Seed1024/vram_usage_log.csv;/home/nvme03/workspace/Wan2.2/results/ECCV_Rebuttal_256p/PHY_GRAVITY_003_Seed1024/Chart_2_VRAM.pdf;/home/nvme03/workspace/Wan2.2/results/ECCV_Rebuttal_256p/PHY_GRAVITY_003_Seed1024/Chart_1_Entropy.pdf;/home/nvme03/workspace/Wan2.2/results/ECCV_Rebuttal_256p/PHY_GRAVITY_003_Seed1024/attention_entropy.npy;/home/nvme03/workspace/Wan2.2/results/ECCV_Rebuttal_256p/PHY_GRAVITY_003_Seed1024/heatmaps/global_step00.png;/home/nvme03/workspace/Wan2.2/results/ECCV_Rebuttal_256p/PHY_GRAVITY_003_Seed1024/heatmaps/zoomed_step25.png,,Inspect manually; root lacks enough action/camera/gravity evidence for automatic selection.
/home/nvme03/workspace/Wan2.2/results/ECCV_Rebuttal_256p/PHY_GRAVITY_003_Seed2046,WEAK_CANDIDATE,9,1,True,True,"gravity,video",/home/nvme03/workspace/Wan2.2/results/ECCV_Rebuttal_256p/PHY_GRAVITY_003_Seed2046/latent_variance.npy;/home/nvme03/workspace/Wan2.2/results/ECCV_Rebuttal_256p/PHY_GRAVITY_003_Seed2046/output_16s_256p.mp4;/home/nvme03/workspace/Wan2.2/results/ECCV_Rebuttal_256p/PHY_GRAVITY_003_Seed2046/vram_usage_log.csv;/home/nvme03/workspace/Wan2.2/results/ECCV_Rebuttal_256p/PHY_GRAVITY_003_Seed2046/Chart_2_VRAM.pdf;/home/nvme03/workspace/Wan2.2/results/ECCV_Rebuttal_256p/PHY_GRAVITY_003_Seed2046/Chart_1_Entropy.pdf;/home/nvme03/workspace/Wan2.2/results/ECCV_Rebuttal_256p/PHY_GRAVITY_003_Seed2046/attention_entropy.npy;/home/nvme03/workspace/Wan2.2/results/ECCV_Rebuttal_256p/PHY_GRAVITY_003_Seed2046/heatmaps/global_step00.png;/home/nvme03/workspace/Wan2.2/results/ECCV_Rebuttal_256p/PHY_GRAVITY_003_Seed2046/heatmaps/zoomed_step25.png,,Inspect manually; root lacks enough action/camera/gravity evidence for automatic selection.
/home/nvme03/workspace/Wan2.2/results/ECCV_Rebuttal_256p/PHY_GRAVITY_003_Seed42,WEAK_CANDIDATE,9,1,True,True,"gravity,video",/home/nvme03/workspace/Wan2.2/results/ECCV_Rebuttal_256p/PHY_GRAVITY_003_Seed42/latent_variance.npy;/home/nvme03/workspace/Wan2.2/results/ECCV_Rebuttal_256p/PHY_GRAVITY_003_Seed42/output_16s_256p.mp4;/home/nvme03/workspace/Wan2.2/results/ECCV_Rebuttal_256p/PHY_GRAVITY_003_Seed42/vram_usage_log.csv;/home/nvme03/workspace/Wan2.2/results/ECCV_Rebuttal_256p/PHY_GRAVITY_003_Seed42/Chart_2_VRAM.pdf;/home/nvme03/workspace/Wan2.2/results/ECCV_Rebuttal_256p/PHY_GRAVITY_003_Seed42/Chart_1_Entropy.pdf;/home/nvme03/workspace/Wan2.2/results/ECCV_Rebuttal_256p/PHY_GRAVITY_003_Seed42/attention_entropy.npy;/home/nvme03/workspace/Wan2.2/results/ECCV_Rebuttal_256p/PHY_GRAVITY_003_Seed42/heatmaps/global_step00.png;/home/nvme03/workspace/Wan2.2/results/ECCV_Rebuttal_256p/PHY_GRAVITY_003_Seed42/heatmaps/zoomed_step25.png,,Inspect manually; root lacks enough action/camera/gravity evidence for automatic selection.
/home/nvme03/workspace/Wan2.2/results/ECCV_Rebuttal_256p/PHY_GRAVITY_004_Seed1024,WEAK_CANDIDATE,9,1,True,True,"gravity,video",/home/nvme03/workspace/Wan2.2/results/ECCV_Rebuttal_256p/PHY_GRAVITY_004_Seed1024/latent_variance.npy;/home/nvme03/workspace/Wan2.2/results/ECCV_Rebuttal_256p/PHY_GRAVITY_004_Seed1024/output_16s_256p.mp4;/home/nvme03/workspace/Wan2.2/results/ECCV_Rebuttal_256p/PHY_GRAVITY_004_Seed1024/vram_usage_log.csv;/home/nvme03/workspace/Wan2.2/results/ECCV_Rebuttal_256p/PHY_GRAVITY_004_Seed1024/Chart_2_VRAM.pdf;/home/nvme03/workspace/Wan2.2/results/ECCV_Rebuttal_256p/PHY_GRAVITY_004_Seed1024/Chart_1_Entropy.pdf;/home/nvme03/workspace/Wan2.2/results/ECCV_Rebuttal_256p/PHY_GRAVITY_004_Seed1024/attention_entropy.npy;/home/nvme03/workspace/Wan2.2/results/ECCV_Rebuttal_256p/PHY_GRAVITY_004_Seed1024/heatmaps/global_step00.png;/home/nvme03/workspace/Wan2.2/results/ECCV_Rebuttal_256p/PHY_GRAVITY_004_Seed1024/heatmaps/zoomed_step25.png,,Inspect manually; root lacks enough action/camera/gravity evidence for automatic selection.
/home/nvme03/workspace/Wan2.2/results/ECCV_Rebuttal_256p/PHY_GRAVITY_004_Seed2046,WEAK_CANDIDATE,9,1,True,True,"gravity,video",/home/nvme03/workspace/Wan2.2/results/ECCV_Rebuttal_256p/PHY_GRAVITY_004_Seed2046/latent_variance.npy;/home/nvme03/workspace/Wan2.2/results/ECCV_Rebuttal_256p/PHY_GRAVITY_004_Seed2046/output_16s_256p.mp4;/home/nvme03/workspace/Wan2.2/results/ECCV_Rebuttal_256p/PHY_GRAVITY_004_Seed2046/vram_usage_log.csv;/home/nvme03/workspace/Wan2.2/results/ECCV_Rebuttal_256p/PHY_GRAVITY_004_Seed2046/Chart_2_VRAM.pdf;/home/nvme03/workspace/Wan2.2/results/ECCV_Rebuttal_256p/PHY_GRAVITY_004_Seed2046/Chart_1_Entropy.pdf;/home/nvme03/workspace/Wan2.2/results/ECCV_Rebuttal_256p/PHY_GRAVITY_004_Seed2046/attention_entropy.npy;/home/nvme03/workspace/Wan2.2/results/ECCV_Rebuttal_256p/PHY_GRAVITY_004_Seed2046/heatmaps/global_step00.png;/home/nvme03/workspace/Wan2.2/results/ECCV_Rebuttal_256p/PHY_GRAVITY_004_Seed2046/heatmaps/zoomed_step25.png,,Inspect manually; root lacks enough action/camera/gravity evidence for automatic selection.
/home/nvme03/workspace/Wan2.2/results/ECCV_Rebuttal_256p/PHY_GRAVITY_004_Seed42,WEAK_CANDIDATE,9,1,True,True,"gravity,video",/home/nvme03/workspace/Wan2.2/results/ECCV_Rebuttal_256p/PHY_GRAVITY_004_Seed42/latent_variance.npy;/home/nvme03/workspace/Wan2.2/results/ECCV_Rebuttal_256p/PHY_GRAVITY_004_Seed42/output_16s_256p.mp4;/home/nvme03/workspace/Wan2.2/results/ECCV_Rebuttal_256p/PHY_GRAVITY_004_Seed42/vram_usage_log.csv;/home/nvme03/workspace/Wan2.2/results/ECCV_Rebuttal_256p/PHY_GRAVITY_004_Seed42/Chart_2_VRAM.pdf;/home/nvme03/workspace/Wan2.2/results/ECCV_Rebuttal_256p/PHY_GRAVITY_004_Seed42/Chart_1_Entropy.pdf;/home/nvme03/workspace/Wan2.2/results/ECCV_Rebuttal_256p/PHY_GRAVITY_004_Seed42/attention_entropy.npy;/home/nvme03/workspace/Wan2.2/results/ECCV_Rebuttal_256p/PHY_GRAVITY_004_Seed42/heatmaps/global_step00.png;/home/nvme03/workspace/Wan2.2/results/ECCV_Rebuttal_256p/PHY_GRAVITY_004_Seed42/heatmaps/zoomed_step25.png,,Inspect manually; root lacks enough action/camera/gravity evidence for automatic selection.
/home/nvme03/workspace/Wan2.2/results/ECCV_Rebuttal_256p/PHY_GRAVITY_005_Seed1024,WEAK_CANDIDATE,9,1,True,True,"gravity,video",/home/nvme03/workspace/Wan2.2/results/ECCV_Rebuttal_256p/PHY_GRAVITY_005_Seed1024/latent_variance.npy;/home/nvme03/workspace/Wan2.2/results/ECCV_Rebuttal_256p/PHY_GRAVITY_005_Seed1024/output_16s_256p.mp4;/home/nvme03/workspace/Wan2.2/results/ECCV_Rebuttal_256p/PHY_GRAVITY_005_Seed1024/vram_usage_log.csv;/home/nvme03/workspace/Wan2.2/results/ECCV_Rebuttal_256p/PHY_GRAVITY_005_Seed1024/Chart_2_VRAM.pdf;/home/nvme03/workspace/Wan2.2/results/ECCV_Rebuttal_256p/PHY_GRAVITY_005_Seed1024/Chart_1_Entropy.pdf;/home/nvme03/workspace/Wan2.2/results/ECCV_Rebuttal_256p/PHY_GRAVITY_005_Seed1024/attention_entropy.npy;/home/nvme03/workspace/Wan2.2/results/ECCV_Rebuttal_256p/PHY_GRAVITY_005_Seed1024/heatmaps/global_step00.png;/home/nvme03/workspace/Wan2.2/results/ECCV_Rebuttal_256p/PHY_GRAVITY_005_Seed1024/heatmaps/zoomed_step25.png,,Inspect manually; root lacks enough action/camera/gravity evidence for automatic selection.
/home/nvme03/workspace/Wan2.2/results/ECCV_Rebuttal_256p/PHY_GRAVITY_005_Seed2046,WEAK_CANDIDATE,9,1,True,True,"gravity,video",/home/nvme03/workspace/Wan2.2/results/ECCV_Rebuttal_256p/PHY_GRAVITY_005_Seed2046/latent_variance.npy;/home/nvme03/workspace/Wan2.2/results/ECCV_Rebuttal_256p/PHY_GRAVITY_005_Seed2046/output_16s_256p.mp4;/home/nvme03/workspace/Wan2.2/results/ECCV_Rebuttal_256p/PHY_GRAVITY_005_Seed2046/vram_usage_log.csv;/home/nvme03/workspace/Wan2.2/results/ECCV_Rebuttal_256p/PHY_GRAVITY_005_Seed2046/Chart_2_VRAM.pdf;/home/nvme03/workspace/Wan2.2/results/ECCV_Rebuttal_256p/PHY_GRAVITY_005_Seed2046/Chart_1_Entropy.pdf;/home/nvme03/workspace/Wan2.2/results/ECCV_Rebuttal_256p/PHY_GRAVITY_005_Seed2046/attention_entropy.npy;/home/nvme03/workspace/Wan2.2/results/ECCV_Rebuttal_256p/PHY_GRAVITY_005_Seed2046/heatmaps/global_step00.png;/home/nvme03/workspace/Wan2.2/results/ECCV_Rebuttal_256p/PHY_GRAVITY_005_Seed2046/heatmaps/zoomed_step25.png,,Inspect manually; root lacks enough action/camera/gravity evidence for automatic selection.
/home/nvme03/workspace/Wan2.2/results/ECCV_Rebuttal_256p/PHY_GRAVITY_005_Seed42,WEAK_CANDIDATE,9,1,True,True,"gravity,video",/home/nvme03/workspace/Wan2.2/results/ECCV_Rebuttal_256p/PHY_GRAVITY_005_Seed42/latent_variance.npy;/home/nvme03/workspace/Wan2.2/results/ECCV_Rebuttal_256p/PHY_GRAVITY_005_Seed42/output_16s_256p.mp4;/home/nvme03/workspace/Wan2.2/results/ECCV_Rebuttal_256p/PHY_GRAVITY_005_Seed42/vram_usage_log.csv;/home/nvme03/workspace/Wan2.2/results/ECCV_Rebuttal_256p/PHY_GRAVITY_005_Seed42/Chart_2_VRAM.pdf;/home/nvme03/workspace/Wan2.2/results/ECCV_Rebuttal_256p/PHY_GRAVITY_005_Seed42/Chart_1_Entropy.pdf;/home/nvme03/workspace/Wan2.2/results/ECCV_Rebuttal_256p/PHY_GRAVITY_005_Seed42/attention_entropy.npy;/home/nvme03/workspace/Wan2.2/results/ECCV_Rebuttal_256p/PHY_GRAVITY_005_Seed42/heatmaps/global_step00.png;/home/nvme03/workspace/Wan2.2/results/ECCV_Rebuttal_256p/PHY_GRAVITY_005_Seed42/heatmaps/zoomed_step25.png,,Inspect manually; root lacks enough action/camera/gravity evidence for automatic selection.
/home/nvme03/workspace/Wan2.2/results/ECCV_Rebuttal_5s/PHY_GRAVITY_001_Seed1024,WEAK_CANDIDATE,9,1,True,True,"gravity,video",/home/nvme03/workspace/Wan2.2/results/ECCV_Rebuttal_5s/PHY_GRAVITY_001_Seed1024/latent_variance.npy;/home/nvme03/workspace/Wan2.2/results/ECCV_Rebuttal_5s/PHY_GRAVITY_001_Seed1024/vram_usage_log.csv;/home/nvme03/workspace/Wan2.2/results/ECCV_Rebuttal_5s/PHY_GRAVITY_001_Seed1024/Chart_2_VRAM.pdf;/home/nvme03/workspace/Wan2.2/results/ECCV_Rebuttal_5s/PHY_GRAVITY_001_Seed1024/Chart_1_Entropy.pdf;/home/nvme03/workspace/Wan2.2/results/ECCV_Rebuttal_5s/PHY_GRAVITY_001_Seed1024/output_5s.mp4;/home/nvme03/workspace/Wan2.2/results/ECCV_Rebuttal_5s/PHY_GRAVITY_001_Seed1024/attention_entropy.npy;/home/nvme03/workspace/Wan2.2/results/ECCV_Rebuttal_5s/PHY_GRAVITY_001_Seed1024/heatmaps/global_step00.png;/home/nvme03/workspace/Wan2.2/results/ECCV_Rebuttal_5s/PHY_GRAVITY_001_Seed1024/heatmaps/zoomed_step25.png,,Inspect manually; root lacks enough action/camera/gravity evidence for automatic selection.
/home/nvme03/workspace/Wan2.2/results/ECCV_Rebuttal_5s/PHY_GRAVITY_001_Seed2046,WEAK_CANDIDATE,9,1,True,True,"gravity,video",/home/nvme03/workspace/Wan2.2/results/ECCV_Rebuttal_5s/PHY_GRAVITY_001_Seed2046/latent_variance.npy;/home/nvme03/workspace/Wan2.2/results/ECCV_Rebuttal_5s/PHY_GRAVITY_001_Seed2046/vram_usage_log.csv;/home/nvme03/workspace/Wan2.2/results/ECCV_Rebuttal_5s/PHY_GRAVITY_001_Seed2046/Chart_2_VRAM.pdf;/home/nvme03/workspace/Wan2.2/results/ECCV_Rebuttal_5s/PHY_GRAVITY_001_Seed2046/Chart_1_Entropy.pdf;/home/nvme03/workspace/Wan2.2/results/ECCV_Rebuttal_5s/PHY_GRAVITY_001_Seed2046/output_5s.mp4;/home/nvme03/workspace/Wan2.2/results/ECCV_Rebuttal_5s/PHY_GRAVITY_001_Seed2046/attention_entropy.npy;/home/nvme03/workspace/Wan2.2/results/ECCV_Rebuttal_5s/PHY_GRAVITY_001_Seed2046/heatmaps/global_step00.png;/home/nvme03/workspace/Wan2.2/results/ECCV_Rebuttal_5s/PHY_GRAVITY_001_Seed2046/heatmaps/zoomed_step25.png,,Inspect manually; root lacks enough action/camera/gravity evidence for automatic selection.
/home/nvme03/workspace/Wan2.2/results/ECCV_Rebuttal_5s/PHY_GRAVITY_001_Seed42,WEAK_CANDIDATE,9,1,True,True,"gravity,video",/home/nvme03/workspace/Wan2.2/results/ECCV_Rebuttal_5s/PHY_GRAVITY_001_Seed42/latent_variance.npy;/home/nvme03/workspace/Wan2.2/results/ECCV_Rebuttal_5s/PHY_GRAVITY_001_Seed42/vram_usage_log.csv;/home/nvme03/workspace/Wan2.2/results/ECCV_Rebuttal_5s/PHY_GRAVITY_001_Seed42/Chart_2_VRAM.pdf;/home/nvme03/workspace/Wan2.2/results/ECCV_Rebuttal_5s/PHY_GRAVITY_001_Seed42/Chart_1_Entropy.pdf;/home/nvme03/workspace/Wan2.2/results/ECCV_Rebuttal_5s/PHY_GRAVITY_001_Seed42/output_5s.mp4;/home/nvme03/workspace/Wan2.2/results/ECCV_Rebuttal_5s/PHY_GRAVITY_001_Seed42/attention_entropy.npy;/home/nvme03/workspace/Wan2.2/results/ECCV_Rebuttal_5s/PHY_GRAVITY_001_Seed42/heatmaps/global_step00.png;/home/nvme03/workspace/Wan2.2/results/ECCV_Rebuttal_5s/PHY_GRAVITY_001_Seed42/heatmaps/zoomed_step25.png,,Inspect manually; root lacks enough action/camera/gravity evidence for automatic selection.
/home/nvme03/workspace/Wan2.2/results/ECCV_Rebuttal_5s/PHY_GRAVITY_002_Seed1024,WEAK_CANDIDATE,9,1,True,True,"gravity,video",/home/nvme03/workspace/Wan2.2/results/ECCV_Rebuttal_5s/PHY_GRAVITY_002_Seed1024/latent_variance.npy;/home/nvme03/workspace/Wan2.2/results/ECCV_Rebuttal_5s/PHY_GRAVITY_002_Seed1024/vram_usage_log.csv;/home/nvme03/workspace/Wan2.2/results/ECCV_Rebuttal_5s/PHY_GRAVITY_002_Seed1024/Chart_2_VRAM.pdf;/home/nvme03/workspace/Wan2.2/results/ECCV_Rebuttal_5s/PHY_GRAVITY_002_Seed1024/Chart_1_Entropy.pdf;/home/nvme03/workspace/Wan2.2/results/ECCV_Rebuttal_5s/PHY_GRAVITY_002_Seed1024/output_5s.mp4;/home/nvme03/workspace/Wan2.2/results/ECCV_Rebuttal_5s/PHY_GRAVITY_002_Seed1024/attention_entropy.npy;/home/nvme03/workspace/Wan2.2/results/ECCV_Rebuttal_5s/PHY_GRAVITY_002_Seed1024/heatmaps/global_step00.png;/home/nvme03/workspace/Wan2.2/results/ECCV_Rebuttal_5s/PHY_GRAVITY_002_Seed1024/heatmaps/zoomed_step25.png,,Inspect manually; root lacks enough action/camera/gravity evidence for automatic selection.
/home/nvme03/workspace/Wan2.2/results/ECCV_Rebuttal_5s/PHY_GRAVITY_002_Seed2046,WEAK_CANDIDATE,9,1,True,True,"gravity,video",/home/nvme03/workspace/Wan2.2/results/ECCV_Rebuttal_5s/PHY_GRAVITY_002_Seed2046/latent_variance.npy;/home/nvme03/workspace/Wan2.2/results/ECCV_Rebuttal_5s/PHY_GRAVITY_002_Seed2046/vram_usage_log.csv;/home/nvme03/workspace/Wan2.2/results/ECCV_Rebuttal_5s/PHY_GRAVITY_002_Seed2046/Chart_2_VRAM.pdf;/home/nvme03/workspace/Wan2.2/results/ECCV_Rebuttal_5s/PHY_GRAVITY_002_Seed2046/Chart_1_Entropy.pdf;/home/nvme03/workspace/Wan2.2/results/ECCV_Rebuttal_5s/PHY_GRAVITY_002_Seed2046/output_5s.mp4;/home/nvme03/workspace/Wan2.2/results/ECCV_Rebuttal_5s/PHY_GRAVITY_002_Seed2046/attention_entropy.npy;/home/nvme03/workspace/Wan2.2/results/ECCV_Rebuttal_5s/PHY_GRAVITY_002_Seed2046/heatmaps/global_step00.png;/home/nvme03/workspace/Wan2.2/results/ECCV_Rebuttal_5s/PHY_GRAVITY_002_Seed2046/heatmaps/zoomed_step25.png,,Inspect manually; root lacks enough action/camera/gravity evidence for automatic selection.
/home/nvme03/workspace/Wan2.2/results/ECCV_Rebuttal_5s/PHY_GRAVITY_002_Seed42,WEAK_CANDIDATE,9,1,True,True,"gravity,video",/home/nvme03/workspace/Wan2.2/results/ECCV_Rebuttal_5s/PHY_GRAVITY_002_Seed42/latent_variance.npy;/home/nvme03/workspace/Wan2.2/results/ECCV_Rebuttal_5s/PHY_GRAVITY_002_Seed42/vram_usage_log.csv;/home/nvme03/workspace/Wan2.2/results/ECCV_Rebuttal_5s/PHY_GRAVITY_002_Seed42/Chart_2_VRAM.pdf;/home/nvme03/workspace/Wan2.2/results/ECCV_Rebuttal_5s/PHY_GRAVITY_002_Seed42/Chart_1_Entropy.pdf;/home/nvme03/workspace/Wan2.2/results/ECCV_Rebuttal_5s/PHY_GRAVITY_002_Seed42/output_5s.mp4;/home/nvme03/workspace/Wan2.2/results/ECCV_Rebuttal_5s/PHY_GRAVITY_002_Seed42/attention_entropy.npy;/home/nvme03/workspace/Wan2.2/results/ECCV_Rebuttal_5s/PHY_GRAVITY_002_Seed42/heatmaps/global_step00.png;/home/nvme03/workspace/Wan2.2/results/ECCV_Rebuttal_5s/PHY_GRAVITY_002_Seed42/heatmaps/zoomed_step25.png,,Inspect manually; root lacks enough action/camera/gravity evidence for automatic selection.
/home/nvme03/workspace/Wan2.2/results/ECCV_Rebuttal_5s/PHY_GRAVITY_003_Seed1024,WEAK_CANDIDATE,9,1,True,True,"gravity,video",/home/nvme03/workspace/Wan2.2/results/ECCV_Rebuttal_5s/PHY_GRAVITY_003_Seed1024/latent_variance.npy;/home/nvme03/workspace/Wan2.2/results/ECCV_Rebuttal_5s/PHY_GRAVITY_003_Seed1024/vram_usage_log.csv;/home/nvme03/workspace/Wan2.2/results/ECCV_Rebuttal_5s/PHY_GRAVITY_003_Seed1024/Chart_2_VRAM.pdf;/home/nvme03/workspace/Wan2.2/results/ECCV_Rebuttal_5s/PHY_GRAVITY_003_Seed1024/Chart_1_Entropy.pdf;/home/nvme03/workspace/Wan2.2/results/ECCV_Rebuttal_5s/PHY_GRAVITY_003_Seed1024/output_5s.mp4;/home/nvme03/workspace/Wan2.2/results/ECCV_Rebuttal_5s/PHY_GRAVITY_003_Seed1024/attention_entropy.npy;/home/nvme03/workspace/Wan2.2/results/ECCV_Rebuttal_5s/PHY_GRAVITY_003_Seed1024/heatmaps/global_step00.png;/home/nvme03/workspace/Wan2.2/results/ECCV_Rebuttal_5s/PHY_GRAVITY_003_Seed1024/heatmaps/zoomed_step25.png,,Inspect manually; root lacks enough action/camera/gravity evidence for automatic selection.
/home/nvme03/workspace/Wan2.2/results/ECCV_Rebuttal_5s/PHY_GRAVITY_003_Seed2046,WEAK_CANDIDATE,9,1,True,True,"gravity,video",/home/nvme03/workspace/Wan2.2/results/ECCV_Rebuttal_5s/PHY_GRAVITY_003_Seed2046/latent_variance.npy;/home/nvme03/workspace/Wan2.2/results/ECCV_Rebuttal_5s/PHY_GRAVITY_003_Seed2046/vram_usage_log.csv;/home/nvme03/workspace/Wan2.2/results/ECCV_Rebuttal_5s/PHY_GRAVITY_003_Seed2046/Chart_2_VRAM.pdf;/home/nvme03/workspace/Wan2.2/results/ECCV_Rebuttal_5s/PHY_GRAVITY_003_Seed2046/Chart_1_Entropy.pdf;/home/nvme03/workspace/Wan2.2/results/ECCV_Rebuttal_5s/PHY_GRAVITY_003_Seed2046/output_5s.mp4;/home/nvme03/workspace/Wan2.2/results/ECCV_Rebuttal_5s/PHY_GRAVITY_003_Seed2046/attention_entropy.npy;/home/nvme03/workspace/Wan2.2/results/ECCV_Rebuttal_5s/PHY_GRAVITY_003_Seed2046/heatmaps/global_step00.png;/home/nvme03/workspace/Wan2.2/results/ECCV_Rebuttal_5s/PHY_GRAVITY_003_Seed2046/heatmaps/zoomed_step25.png,,Inspect manually; root lacks enough action/camera/gravity evidence for automatic selection.
/home/nvme03/workspace/Wan2.2/results/ECCV_Rebuttal_5s/PHY_GRAVITY_003_Seed42,WEAK_CANDIDATE,9,1,True,True,"gravity,video",/home/nvme03/workspace/Wan2.2/results/ECCV_Rebuttal_5s/PHY_GRAVITY_003_Seed42/latent_variance.npy;/home/nvme03/workspace/Wan2.2/results/ECCV_Rebuttal_5s/PHY_GRAVITY_003_Seed42/vram_usage_log.csv;/home/nvme03/workspace/Wan2.2/results/ECCV_Rebuttal_5s/PHY_GRAVITY_003_Seed42/Chart_2_VRAM.pdf;/home/nvme03/workspace/Wan2.2/results/ECCV_Rebuttal_5s/PHY_GRAVITY_003_Seed42/Chart_1_Entropy.pdf;/home/nvme03/workspace/Wan2.2/results/ECCV_Rebuttal_5s/PHY_GRAVITY_003_Seed42/output_5s.mp4;/home/nvme03/workspace/Wan2.2/results/ECCV_Rebuttal_5s/PHY_GRAVITY_003_Seed42/attention_entropy.npy;/home/nvme03/workspace/Wan2.2/results/ECCV_Rebuttal_5s/PHY_GRAVITY_003_Seed42/heatmaps/global_step00.png;/home/nvme03/workspace/Wan2.2/results/ECCV_Rebuttal_5s/PHY_GRAVITY_003_Seed42/heatmaps/zoomed_step25.png,,Inspect manually; root lacks enough action/camera/gravity evidence for automatic selection.
/home/nvme03/workspace/Wan2.2/results/ECCV_Rebuttal_5s/PHY_GRAVITY_004_Seed1024,WEAK_CANDIDATE,9,1,True,True,"gravity,video",/home/nvme03/workspace/Wan2.2/results/ECCV_Rebuttal_5s/PHY_GRAVITY_004_Seed1024/latent_variance.npy;/home/nvme03/workspace/Wan2.2/results/ECCV_Rebuttal_5s/PHY_GRAVITY_004_Seed1024/vram_usage_log.csv;/home/nvme03/workspace/Wan2.2/results/ECCV_Rebuttal_5s/PHY_GRAVITY_004_Seed1024/Chart_2_VRAM.pdf;/home/nvme03/workspace/Wan2.2/results/ECCV_Rebuttal_5s/PHY_GRAVITY_004_Seed1024/Chart_1_Entropy.pdf;/home/nvme03/workspace/Wan2.2/results/ECCV_Rebuttal_5s/PHY_GRAVITY_004_Seed1024/output_5s.mp4;/home/nvme03/workspace/Wan2.2/results/ECCV_Rebuttal_5s/PHY_GRAVITY_004_Seed1024/attention_entropy.npy;/home/nvme03/workspace/Wan2.2/results/ECCV_Rebuttal_5s/PHY_GRAVITY_004_Seed1024/heatmaps/global_step00.png;/home/nvme03/workspace/Wan2.2/results/ECCV_Rebuttal_5s/PHY_GRAVITY_004_Seed1024/heatmaps/zoomed_step25.png,,Inspect manually; root lacks enough action/camera/gravity evidence for automatic selection.
/home/nvme03/workspace/Wan2.2/results/ECCV_Rebuttal_5s/PHY_GRAVITY_004_Seed2046,WEAK_CANDIDATE,9,1,True,True,"gravity,video",/home/nvme03/workspace/Wan2.2/results/ECCV_Rebuttal_5s/PHY_GRAVITY_004_Seed2046/latent_variance.npy;/home/nvme03/workspace/Wan2.2/results/ECCV_Rebuttal_5s/PHY_GRAVITY_004_Seed2046/vram_usage_log.csv;/home/nvme03/workspace/Wan2.2/results/ECCV_Rebuttal_5s/PHY_GRAVITY_004_Seed2046/Chart_2_VRAM.pdf;/home/nvme03/workspace/Wan2.2/results/ECCV_Rebuttal_5s/PHY_GRAVITY_004_Seed2046/Chart_1_Entropy.pdf;/home/nvme03/workspace/Wan2.2/results/ECCV_Rebuttal_5s/PHY_GRAVITY_004_Seed2046/output_5s.mp4;/home/nvme03/workspace/Wan2.2/results/ECCV_Rebuttal_5s/PHY_GRAVITY_004_Seed2046/attention_entropy.npy;/home/nvme03/workspace/Wan2.2/results/ECCV_Rebuttal_5s/PHY_GRAVITY_004_Seed2046/heatmaps/global_step00.png;/home/nvme03/workspace/Wan2.2/results/ECCV_Rebuttal_5s/PHY_GRAVITY_004_Seed2046/heatmaps/zoomed_step25.png,,Inspect manually; root lacks enough action/camera/gravity evidence for automatic selection.
/home/nvme03/workspace/Wan2.2/results/ECCV_Rebuttal_5s/PHY_GRAVITY_004_Seed42,WEAK_CANDIDATE,9,1,True,True,"gravity,video",/home/nvme03/workspace/Wan2.2/results/ECCV_Rebuttal_5s/PHY_GRAVITY_004_Seed42/latent_variance.npy;/home/nvme03/workspace/Wan2.2/results/ECCV_Rebuttal_5s/PHY_GRAVITY_004_Seed42/vram_usage_log.csv;/home/nvme03/workspace/Wan2.2/results/ECCV_Rebuttal_5s/PHY_GRAVITY_004_Seed42/Chart_2_VRAM.pdf;/home/nvme03/workspace/Wan2.2/results/ECCV_Rebuttal_5s/PHY_GRAVITY_004_Seed42/Chart_1_Entropy.pdf;/home/nvme03/workspace/Wan2.2/results/ECCV_Rebuttal_5s/PHY_GRAVITY_004_Seed42/output_5s.mp4;/home/nvme03/workspace/Wan2.2/results/ECCV_Rebuttal_5s/PHY_GRAVITY_004_Seed42/attention_entropy.npy;/home/nvme03/workspace/Wan2.2/results/ECCV_Rebuttal_5s/PHY_GRAVITY_004_Seed42/heatmaps/global_step00.png;/home/nvme03/workspace/Wan2.2/results/ECCV_Rebuttal_5s/PHY_GRAVITY_004_Seed42/heatmaps/zoomed_step25.png,,Inspect manually; root lacks enough action/camera/gravity evidence for automatic selection.
/home/nvme03/workspace/Wan2.2/results/ECCV_Rebuttal_5s/PHY_GRAVITY_005_Seed1024,WEAK_CANDIDATE,9,1,True,True,"gravity,video",/home/nvme03/workspace/Wan2.2/results/ECCV_Rebuttal_5s/PHY_GRAVITY_005_Seed1024/latent_variance.npy;/home/nvme03/workspace/Wan2.2/results/ECCV_Rebuttal_5s/PHY_GRAVITY_005_Seed1024/vram_usage_log.csv;/home/nvme03/workspace/Wan2.2/results/ECCV_Rebuttal_5s/PHY_GRAVITY_005_Seed1024/Chart_2_VRAM.pdf;/home/nvme03/workspace/Wan2.2/results/ECCV_Rebuttal_5s/PHY_GRAVITY_005_Seed1024/Chart_1_Entropy.pdf;/home/nvme03/workspace/Wan2.2/results/ECCV_Rebuttal_5s/PHY_GRAVITY_005_Seed1024/output_5s.mp4;/home/nvme03/workspace/Wan2.2/results/ECCV_Rebuttal_5s/PHY_GRAVITY_005_Seed1024/attention_entropy.npy;/home/nvme03/workspace/Wan2.2/results/ECCV_Rebuttal_5s/PHY_GRAVITY_005_Seed1024/heatmaps/global_step00.png;/home/nvme03/workspace/Wan2.2/results/ECCV_Rebuttal_5s/PHY_GRAVITY_005_Seed1024/heatmaps/zoomed_step25.png,,Inspect manually; root lacks enough action/camera/gravity evidence for automatic selection.
/home/nvme03/workspace/Wan2.2/results/ECCV_Rebuttal_5s/PHY_GRAVITY_005_Seed2046,WEAK_CANDIDATE,9,1,True,True,"gravity,video",/home/nvme03/workspace/Wan2.2/results/ECCV_Rebuttal_5s/PHY_GRAVITY_005_Seed2046/latent_variance.npy;/home/nvme03/workspace/Wan2.2/results/ECCV_Rebuttal_5s/PHY_GRAVITY_005_Seed2046/vram_usage_log.csv;/home/nvme03/workspace/Wan2.2/results/ECCV_Rebuttal_5s/PHY_GRAVITY_005_Seed2046/Chart_2_VRAM.pdf;/home/nvme03/workspace/Wan2.2/results/ECCV_Rebuttal_5s/PHY_GRAVITY_005_Seed2046/Chart_1_Entropy.pdf;/home/nvme03/workspace/Wan2.2/results/ECCV_Rebuttal_5s/PHY_GRAVITY_005_Seed2046/output_5s.mp4;/home/nvme03/workspace/Wan2.2/results/ECCV_Rebuttal_5s/PHY_GRAVITY_005_Seed2046/attention_entropy.npy;/home/nvme03/workspace/Wan2.2/results/ECCV_Rebuttal_5s/PHY_GRAVITY_005_Seed2046/heatmaps/global_step00.png;/home/nvme03/workspace/Wan2.2/results/ECCV_Rebuttal_5s/PHY_GRAVITY_005_Seed2046/heatmaps/zoomed_step25.png,,Inspect manually; root lacks enough action/camera/gravity evidence for automatic selection.
/home/nvme03/workspace/Wan2.2/results/ECCV_Rebuttal_5s/PHY_GRAVITY_005_Seed42,WEAK_CANDIDATE,9,1,True,True,"gravity,video",/home/nvme03/workspace/Wan2.2/results/ECCV_Rebuttal_5s/PHY_GRAVITY_005_Seed42/latent_variance.npy;/home/nvme03/workspace/Wan2.2/results/ECCV_Rebuttal_5s/PHY_GRAVITY_005_Seed42/vram_usage_log.csv;/home/nvme03/workspace/Wan2.2/results/ECCV_Rebuttal_5s/PHY_GRAVITY_005_Seed42/Chart_2_VRAM.pdf;/home/nvme03/workspace/Wan2.2/results/ECCV_Rebuttal_5s/PHY_GRAVITY_005_Seed42/Chart_1_Entropy.pdf;/home/nvme03/workspace/Wan2.2/results/ECCV_Rebuttal_5s/PHY_GRAVITY_005_Seed42/output_5s.mp4;/home/nvme03/workspace/Wan2.2/results/ECCV_Rebuttal_5s/PHY_GRAVITY_005_Seed42/attention_entropy.npy;/home/nvme03/workspace/Wan2.2/results/ECCV_Rebuttal_5s/PHY_GRAVITY_005_Seed42/heatmaps/global_step00.png;/home/nvme03/workspace/Wan2.2/results/ECCV_Rebuttal_5s/PHY_GRAVITY_005_Seed42/heatmaps/zoomed_step25.png,,Inspect manually; root lacks enough action/camera/gravity evidence for automatic selection.
/home/nvme03/workspace/Wan2.2/results/ECCV_Rebuttal_5s_1_3B/PHY_GRAVITY_001_Seed_1024,WEAK_CANDIDATE,9,1,True,True,"gravity,video",/home/nvme03/workspace/Wan2.2/results/ECCV_Rebuttal_5s_1_3B/PHY_GRAVITY_001_Seed_1024/latent_variance.npy;/home/nvme03/workspace/Wan2.2/results/ECCV_Rebuttal_5s_1_3B/PHY_GRAVITY_001_Seed_1024/vram_usage_log.csv;/home/nvme03/workspace/Wan2.2/results/ECCV_Rebuttal_5s_1_3B/PHY_GRAVITY_001_Seed_1024/Chart_2_VRAM.pdf;/home/nvme03/workspace/Wan2.2/results/ECCV_Rebuttal_5s_1_3B/PHY_GRAVITY_001_Seed_1024/Chart_1_Entropy.pdf;/home/nvme03/workspace/Wan2.2/results/ECCV_Rebuttal_5s_1_3B/PHY_GRAVITY_001_Seed_1024/output_5s.mp4;/home/nvme03/workspace/Wan2.2/results/ECCV_Rebuttal_5s_1_3B/PHY_GRAVITY_001_Seed_1024/attention_entropy.npy,,Inspect manually; root lacks enough action/camera/gravity evidence for automatic selection.
/home/nvme03/workspace/Wan2.2/results/ECCV_Rebuttal_5s_1_3B/PHY_GRAVITY_001_Seed_2046,WEAK_CANDIDATE,9,1,True,True,"gravity,video",/home/nvme03/workspace/Wan2.2/results/ECCV_Rebuttal_5s_1_3B/PHY_GRAVITY_001_Seed_2046/latent_variance.npy;/home/nvme03/workspace/Wan2.2/results/ECCV_Rebuttal_5s_1_3B/PHY_GRAVITY_001_Seed_2046/vram_usage_log.csv;/home/nvme03/workspace/Wan2.2/results/ECCV_Rebuttal_5s_1_3B/PHY_GRAVITY_001_Seed_2046/Chart_2_VRAM.pdf;/home/nvme03/workspace/Wan2.2/results/ECCV_Rebuttal_5s_1_3B/PHY_GRAVITY_001_Seed_2046/Chart_1_Entropy.pdf;/home/nvme03/workspace/Wan2.2/results/ECCV_Rebuttal_5s_1_3B/PHY_GRAVITY_001_Seed_2046/output_5s.mp4;/home/nvme03/workspace/Wan2.2/results/ECCV_Rebuttal_5s_1_3B/PHY_GRAVITY_001_Seed_2046/attention_entropy.npy,,Inspect manually; root lacks enough action/camera/gravity evidence for automatic selection.
/home/nvme03/workspace/Wan2.2/results/ECCV_Rebuttal_5s_1_3B/PHY_GRAVITY_001_Seed_42,WEAK_CANDIDATE,9,1,True,True,"gravity,video",/home/nvme03/workspace/Wan2.2/results/ECCV_Rebuttal_5s_1_3B/PHY_GRAVITY_001_Seed_42/latent_variance.npy;/home/nvme03/workspace/Wan2.2/results/ECCV_Rebuttal_5s_1_3B/PHY_GRAVITY_001_Seed_42/vram_usage_log.csv;/home/nvme03/workspace/Wan2.2/results/ECCV_Rebuttal_5s_1_3B/PHY_GRAVITY_001_Seed_42/Chart_2_VRAM.pdf;/home/nvme03/workspace/Wan2.2/results/ECCV_Rebuttal_5s_1_3B/PHY_GRAVITY_001_Seed_42/Chart_1_Entropy.pdf;/home/nvme03/workspace/Wan2.2/results/ECCV_Rebuttal_5s_1_3B/PHY_GRAVITY_001_Seed_42/output_5s.mp4;/home/nvme03/workspace/Wan2.2/results/ECCV_Rebuttal_5s_1_3B/PHY_GRAVITY_001_Seed_42/attention_entropy.npy,,Inspect manually; root lacks enough action/camera/gravity evidence for automatic selection.
/home/nvme03/workspace/Wan2.2/results/ECCV_Rebuttal_5s_1_3B/PHY_GRAVITY_002_Seed_1024,WEAK_CANDIDATE,9,1,True,True,"gravity,video",/home/nvme03/workspace/Wan2.2/results/ECCV_Rebuttal_5s_1_3B/PHY_GRAVITY_002_Seed_1024/latent_variance.npy;/home/nvme03/workspace/Wan2.2/results/ECCV_Rebuttal_5s_1_3B/PHY_GRAVITY_002_Seed_1024/vram_usage_log.csv;/home/nvme03/workspace/Wan2.2/results/ECCV_Rebuttal_5s_1_3B/PHY_GRAVITY_002_Seed_1024/Chart_2_VRAM.pdf;/home/nvme03/workspace/Wan2.2/results/ECCV_Rebuttal_5s_1_3B/PHY_GRAVITY_002_Seed_1024/Chart_1_Entropy.pdf;/home/nvme03/workspace/Wan2.2/results/ECCV_Rebuttal_5s_1_3B/PHY_GRAVITY_002_Seed_1024/output_5s.mp4;/home/nvme03/workspace/Wan2.2/results/ECCV_Rebuttal_5s_1_3B/PHY_GRAVITY_002_Seed_1024/attention_entropy.npy,,Inspect manually; root lacks enough action/camera/gravity evidence for automatic selection.
/home/nvme03/workspace/Wan2.2/results/ECCV_Rebuttal_5s_1_3B/PHY_GRAVITY_002_Seed_2046,WEAK_CANDIDATE,9,1,True,True,"gravity,video",/home/nvme03/workspace/Wan2.2/results/ECCV_Rebuttal_5s_1_3B/PHY_GRAVITY_002_Seed_2046/latent_variance.npy;/home/nvme03/workspace/Wan2.2/results/ECCV_Rebuttal_5s_1_3B/PHY_GRAVITY_002_Seed_2046/vram_usage_log.csv;/home/nvme03/workspace/Wan2.2/results/ECCV_Rebuttal_5s_1_3B/PHY_GRAVITY_002_Seed_2046/Chart_2_VRAM.pdf;/home/nvme03/workspace/Wan2.2/results/ECCV_Rebuttal_5s_1_3B/PHY_GRAVITY_002_Seed_2046/Chart_1_Entropy.pdf;/home/nvme03/workspace/Wan2.2/results/ECCV_Rebuttal_5s_1_3B/PHY_GRAVITY_002_Seed_2046/output_5s.mp4;/home/nvme03/workspace/Wan2.2/results/ECCV_Rebuttal_5s_1_3B/PHY_GRAVITY_002_Seed_2046/attention_entropy.npy,,Inspect manually; root lacks enough action/camera/gravity evidence for automatic selection.
/home/nvme03/workspace/Wan2.2/results/ECCV_Rebuttal_5s_1_3B/PHY_GRAVITY_002_Seed_42,WEAK_CANDIDATE,9,1,True,True,"gravity,video",/home/nvme03/workspace/Wan2.2/results/ECCV_Rebuttal_5s_1_3B/PHY_GRAVITY_002_Seed_42/latent_variance.npy;/home/nvme03/workspace/Wan2.2/results/ECCV_Rebuttal_5s_1_3B/PHY_GRAVITY_002_Seed_42/vram_usage_log.csv;/home/nvme03/workspace/Wan2.2/results/ECCV_Rebuttal_5s_1_3B/PHY_GRAVITY_002_Seed_42/Chart_2_VRAM.pdf;/home/nvme03/workspace/Wan2.2/results/ECCV_Rebuttal_5s_1_3B/PHY_GRAVITY_002_Seed_42/Chart_1_Entropy.pdf;/home/nvme03/workspace/Wan2.2/results/ECCV_Rebuttal_5s_1_3B/PHY_GRAVITY_002_Seed_42/output_5s.mp4;/home/nvme03/workspace/Wan2.2/results/ECCV_Rebuttal_5s_1_3B/PHY_GRAVITY_002_Seed_42/attention_entropy.npy,,Inspect manually; root lacks enough action/camera/gravity evidence for automatic selection.
/home/nvme03/workspace/Wan2.2/results/ECCV_Rebuttal_5s_1_3B/PHY_GRAVITY_003_Seed_1024,WEAK_CANDIDATE,9,1,True,True,"gravity,video",/home/nvme03/workspace/Wan2.2/results/ECCV_Rebuttal_5s_1_3B/PHY_GRAVITY_003_Seed_1024/latent_variance.npy;/home/nvme03/workspace/Wan2.2/results/ECCV_Rebuttal_5s_1_3B/PHY_GRAVITY_003_Seed_1024/vram_usage_log.csv;/home/nvme03/workspace/Wan2.2/results/ECCV_Rebuttal_5s_1_3B/PHY_GRAVITY_003_Seed_1024/Chart_2_VRAM.pdf;/home/nvme03/workspace/Wan2.2/results/ECCV_Rebuttal_5s_1_3B/PHY_GRAVITY_003_Seed_1024/Chart_1_Entropy.pdf;/home/nvme03/workspace/Wan2.2/results/ECCV_Rebuttal_5s_1_3B/PHY_GRAVITY_003_Seed_1024/output_5s.mp4;/home/nvme03/workspace/Wan2.2/results/ECCV_Rebuttal_5s_1_3B/PHY_GRAVITY_003_Seed_1024/attention_entropy.npy,,Inspect manually; root lacks enough action/camera/gravity evidence for automatic selection.
/home/nvme03/workspace/Wan2.2/results/ECCV_Rebuttal_5s_1_3B/PHY_GRAVITY_003_Seed_2046,WEAK_CANDIDATE,9,1,True,True,"gravity,video",/home/nvme03/workspace/Wan2.2/results/ECCV_Rebuttal_5s_1_3B/PHY_GRAVITY_003_Seed_2046/latent_variance.npy;/home/nvme03/workspace/Wan2.2/results/ECCV_Rebuttal_5s_1_3B/PHY_GRAVITY_003_Seed_2046/vram_usage_log.csv;/home/nvme03/workspace/Wan2.2/results/ECCV_Rebuttal_5s_1_3B/PHY_GRAVITY_003_Seed_2046/Chart_2_VRAM.pdf;/home/nvme03/workspace/Wan2.2/results/ECCV_Rebuttal_5s_1_3B/PHY_GRAVITY_003_Seed_2046/Chart_1_Entropy.pdf;/home/nvme03/workspace/Wan2.2/results/ECCV_Rebuttal_5s_1_3B/PHY_GRAVITY_003_Seed_2046/output_5s.mp4;/home/nvme03/workspace/Wan2.2/results/ECCV_Rebuttal_5s_1_3B/PHY_GRAVITY_003_Seed_2046/attention_entropy.npy,,Inspect manually; root lacks enough action/camera/gravity evidence for automatic selection.
/home/nvme03/workspace/Wan2.2/results/ECCV_Rebuttal_5s_1_3B/PHY_GRAVITY_003_Seed_42,WEAK_CANDIDATE,9,1,True,True,"gravity,video",/home/nvme03/workspace/Wan2.2/results/ECCV_Rebuttal_5s_1_3B/PHY_GRAVITY_003_Seed_42/latent_variance.npy;/home/nvme03/workspace/Wan2.2/results/ECCV_Rebuttal_5s_1_3B/PHY_GRAVITY_003_Seed_42/vram_usage_log.csv;/home/nvme03/workspace/Wan2.2/results/ECCV_Rebuttal_5s_1_3B/PHY_GRAVITY_003_Seed_42/Chart_2_VRAM.pdf;/home/nvme03/workspace/Wan2.2/results/ECCV_Rebuttal_5s_1_3B/PHY_GRAVITY_003_Seed_42/Chart_1_Entropy.pdf;/home/nvme03/workspace/Wan2.2/results/ECCV_Rebuttal_5s_1_3B/PHY_GRAVITY_003_Seed_42/output_5s.mp4;/home/nvme03/workspace/Wan2.2/results/ECCV_Rebuttal_5s_1_3B/PHY_GRAVITY_003_Seed_42/attention_entropy.npy,,Inspect manually; root lacks enough action/camera/gravity evidence for automatic selection.
/home/nvme03/workspace/Wan2.2/results/ECCV_Rebuttal_5s_1_3B/PHY_GRAVITY_004_Seed_1024,WEAK_CANDIDATE,9,1,True,True,"gravity,video",/home/nvme03/workspace/Wan2.2/results/ECCV_Rebuttal_5s_1_3B/PHY_GRAVITY_004_Seed_1024/latent_variance.npy;/home/nvme03/workspace/Wan2.2/results/ECCV_Rebuttal_5s_1_3B/PHY_GRAVITY_004_Seed_1024/vram_usage_log.csv;/home/nvme03/workspace/Wan2.2/results/ECCV_Rebuttal_5s_1_3B/PHY_GRAVITY_004_Seed_1024/Chart_2_VRAM.pdf;/home/nvme03/workspace/Wan2.2/results/ECCV_Rebuttal_5s_1_3B/PHY_GRAVITY_004_Seed_1024/Chart_1_Entropy.pdf;/home/nvme03/workspace/Wan2.2/results/ECCV_Rebuttal_5s_1_3B/PHY_GRAVITY_004_Seed_1024/output_5s.mp4;/home/nvme03/workspace/Wan2.2/results/ECCV_Rebuttal_5s_1_3B/PHY_GRAVITY_004_Seed_1024/attention_entropy.npy,,Inspect manually; root lacks enough action/camera/gravity evidence for automatic selection.
/home/nvme03/workspace/Wan2.2/results/ECCV_Rebuttal_5s_1_3B/PHY_GRAVITY_004_Seed_2046,WEAK_CANDIDATE,9,1,True,True,"gravity,video",/home/nvme03/workspace/Wan2.2/results/ECCV_Rebuttal_5s_1_3B/PHY_GRAVITY_004_Seed_2046/latent_variance.npy;/home/nvme03/workspace/Wan2.2/results/ECCV_Rebuttal_5s_1_3B/PHY_GRAVITY_004_Seed_2046/vram_usage_log.csv;/home/nvme03/workspace/Wan2.2/results/ECCV_Rebuttal_5s_1_3B/PHY_GRAVITY_004_Seed_2046/Chart_2_VRAM.pdf;/home/nvme03/workspace/Wan2.2/results/ECCV_Rebuttal_5s_1_3B/PHY_GRAVITY_004_Seed_2046/Chart_1_Entropy.pdf;/home/nvme03/workspace/Wan2.2/results/ECCV_Rebuttal_5s_1_3B/PHY_GRAVITY_004_Seed_2046/output_5s.mp4;/home/nvme03/workspace/Wan2.2/results/ECCV_Rebuttal_5s_1_3B/PHY_GRAVITY_004_Seed_2046/attention_entropy.npy,,Inspect manually; root lacks enough action/camera/gravity evidence for automatic selection.
/home/nvme03/workspace/Wan2.2/results/ECCV_Rebuttal_5s_1_3B/PHY_GRAVITY_004_Seed_42,WEAK_CANDIDATE,9,1,True,True,"gravity,video",/home/nvme03/workspace/Wan2.2/results/ECCV_Rebuttal_5s_1_3B/PHY_GRAVITY_004_Seed_42/latent_variance.npy;/home/nvme03/workspace/Wan2.2/results/ECCV_Rebuttal_5s_1_3B/PHY_GRAVITY_004_Seed_42/vram_usage_log.csv;/home/nvme03/workspace/Wan2.2/results/ECCV_Rebuttal_5s_1_3B/PHY_GRAVITY_004_Seed_42/Chart_2_VRAM.pdf;/home/nvme03/workspace/Wan2.2/results/ECCV_Rebuttal_5s_1_3B/PHY_GRAVITY_004_Seed_42/Chart_1_Entropy.pdf;/home/nvme03/workspace/Wan2.2/results/ECCV_Rebuttal_5s_1_3B/PHY_GRAVITY_004_Seed_42/output_5s.mp4;/home/nvme03/workspace/Wan2.2/results/ECCV_Rebuttal_5s_1_3B/PHY_GRAVITY_004_Seed_42/attention_entropy.npy,,Inspect manually; root lacks enough action/camera/gravity evidence for automatic selection.
/home/nvme03/workspace/Wan2.2/results/ECCV_Rebuttal_5s_1_3B/PHY_GRAVITY_005_Seed_1024,WEAK_CANDIDATE,9,1,True,True,"gravity,video",/home/nvme03/workspace/Wan2.2/results/ECCV_Rebuttal_5s_1_3B/PHY_GRAVITY_005_Seed_1024/latent_variance.npy;/home/nvme03/workspace/Wan2.2/results/ECCV_Rebuttal_5s_1_3B/PHY_GRAVITY_005_Seed_1024/vram_usage_log.csv;/home/nvme03/workspace/Wan2.2/results/ECCV_Rebuttal_5s_1_3B/PHY_GRAVITY_005_Seed_1024/Chart_2_VRAM.pdf;/home/nvme03/workspace/Wan2.2/results/ECCV_Rebuttal_5s_1_3B/PHY_GRAVITY_005_Seed_1024/Chart_1_Entropy.pdf;/home/nvme03/workspace/Wan2.2/results/ECCV_Rebuttal_5s_1_3B/PHY_GRAVITY_005_Seed_1024/output_5s.mp4;/home/nvme03/workspace/Wan2.2/results/ECCV_Rebuttal_5s_1_3B/PHY_GRAVITY_005_Seed_1024/attention_entropy.npy,,Inspect manually; root lacks enough action/camera/gravity evidence for automatic selection.
/home/nvme03/workspace/Wan2.2/results/ECCV_Rebuttal_5s_1_3B/PHY_GRAVITY_005_Seed_2046,WEAK_CANDIDATE,9,1,True,True,"gravity,video",/home/nvme03/workspace/Wan2.2/results/ECCV_Rebuttal_5s_1_3B/PHY_GRAVITY_005_Seed_2046/latent_variance.npy;/home/nvme03/workspace/Wan2.2/results/ECCV_Rebuttal_5s_1_3B/PHY_GRAVITY_005_Seed_2046/vram_usage_log.csv;/home/nvme03/workspace/Wan2.2/results/ECCV_Rebuttal_5s_1_3B/PHY_GRAVITY_005_Seed_2046/Chart_2_VRAM.pdf;/home/nvme03/workspace/Wan2.2/results/ECCV_Rebuttal_5s_1_3B/PHY_GRAVITY_005_Seed_2046/Chart_1_Entropy.pdf;/home/nvme03/workspace/Wan2.2/results/ECCV_Rebuttal_5s_1_3B/PHY_GRAVITY_005_Seed_2046/output_5s.mp4;/home/nvme03/workspace/Wan2.2/results/ECCV_Rebuttal_5s_1_3B/PHY_GRAVITY_005_Seed_2046/attention_entropy.npy,,Inspect manually; root lacks enough action/camera/gravity evidence for automatic selection.
/home/nvme03/workspace/Wan2.2/results/ECCV_Rebuttal_5s_1_3B/PHY_GRAVITY_005_Seed_42,WEAK_CANDIDATE,9,1,True,True,"gravity,video",/home/nvme03/workspace/Wan2.2/results/ECCV_Rebuttal_5s_1_3B/PHY_GRAVITY_005_Seed_42/latent_variance.npy;/home/nvme03/workspace/Wan2.2/results/ECCV_Rebuttal_5s_1_3B/PHY_GRAVITY_005_Seed_42/vram_usage_log.csv;/home/nvme03/workspace/Wan2.2/results/ECCV_Rebuttal_5s_1_3B/PHY_GRAVITY_005_Seed_42/Chart_2_VRAM.pdf;/home/nvme03/workspace/Wan2.2/results/ECCV_Rebuttal_5s_1_3B/PHY_GRAVITY_005_Seed_42/Chart_1_Entropy.pdf;/home/nvme03/workspace/Wan2.2/results/ECCV_Rebuttal_5s_1_3B/PHY_GRAVITY_005_Seed_42/output_5s.mp4;/home/nvme03/workspace/Wan2.2/results/ECCV_Rebuttal_5s_1_3B/PHY_GRAVITY_005_Seed_42/attention_entropy.npy,,Inspect manually; root lacks enough action/camera/gravity evidence for automatic selection.
/home/nvme03/workspace/Wan2.2/results/ECCV_Rebuttal_64s_1_3B/PHY_GRAVITY_001_Seed_1024,WEAK_CANDIDATE,9,1,True,True,"gravity,video",/home/nvme03/workspace/Wan2.2/results/ECCV_Rebuttal_64s_1_3B/PHY_GRAVITY_001_Seed_1024/latent_variance.npy;/home/nvme03/workspace/Wan2.2/results/ECCV_Rebuttal_64s_1_3B/PHY_GRAVITY_001_Seed_1024/vram_usage_log.csv;/home/nvme03/workspace/Wan2.2/results/ECCV_Rebuttal_64s_1_3B/PHY_GRAVITY_001_Seed_1024/Chart_2_VRAM.pdf;/home/nvme03/workspace/Wan2.2/results/ECCV_Rebuttal_64s_1_3B/PHY_GRAVITY_001_Seed_1024/Chart_1_Entropy.pdf;/home/nvme03/workspace/Wan2.2/results/ECCV_Rebuttal_64s_1_3B/PHY_GRAVITY_001_Seed_1024/output_64s.mp4;/home/nvme03/workspace/Wan2.2/results/ECCV_Rebuttal_64s_1_3B/PHY_GRAVITY_001_Seed_1024/attention_entropy.npy,,Inspect manually; root lacks enough action/camera/gravity evidence for automatic selection.
/home/nvme03/workspace/Wan2.2/results/ECCV_Rebuttal_64s_1_3B/PHY_GRAVITY_001_Seed_2046,WEAK_CANDIDATE,9,1,True,True,"gravity,video",/home/nvme03/workspace/Wan2.2/results/ECCV_Rebuttal_64s_1_3B/PHY_GRAVITY_001_Seed_2046/latent_variance.npy;/home/nvme03/workspace/Wan2.2/results/ECCV_Rebuttal_64s_1_3B/PHY_GRAVITY_001_Seed_2046/vram_usage_log.csv;/home/nvme03/workspace/Wan2.2/results/ECCV_Rebuttal_64s_1_3B/PHY_GRAVITY_001_Seed_2046/Chart_2_VRAM.pdf;/home/nvme03/workspace/Wan2.2/results/ECCV_Rebuttal_64s_1_3B/PHY_GRAVITY_001_Seed_2046/Chart_1_Entropy.pdf;/home/nvme03/workspace/Wan2.2/results/ECCV_Rebuttal_64s_1_3B/PHY_GRAVITY_001_Seed_2046/output_64s.mp4;/home/nvme03/workspace/Wan2.2/results/ECCV_Rebuttal_64s_1_3B/PHY_GRAVITY_001_Seed_2046/attention_entropy.npy,,Inspect manually; root lacks enough action/camera/gravity evidence for automatic selection.
/home/nvme03/workspace/Wan2.2/results/ECCV_Rebuttal_64s_1_3B/PHY_GRAVITY_001_Seed_42,WEAK_CANDIDATE,9,1,True,True,"gravity,video",/home/nvme03/workspace/Wan2.2/results/ECCV_Rebuttal_64s_1_3B/PHY_GRAVITY_001_Seed_42/latent_variance.npy;/home/nvme03/workspace/Wan2.2/results/ECCV_Rebuttal_64s_1_3B/PHY_GRAVITY_001_Seed_42/vram_usage_log.csv;/home/nvme03/workspace/Wan2.2/results/ECCV_Rebuttal_64s_1_3B/PHY_GRAVITY_001_Seed_42/Chart_2_VRAM.pdf;/home/nvme03/workspace/Wan2.2/results/ECCV_Rebuttal_64s_1_3B/PHY_GRAVITY_001_Seed_42/Chart_1_Entropy.pdf;/home/nvme03/workspace/Wan2.2/results/ECCV_Rebuttal_64s_1_3B/PHY_GRAVITY_001_Seed_42/output_64s.mp4;/home/nvme03/workspace/Wan2.2/results/ECCV_Rebuttal_64s_1_3B/PHY_GRAVITY_001_Seed_42/attention_entropy.npy,,Inspect manually; root lacks enough action/camera/gravity evidence for automatic selection.
/home/nvme03/workspace/Wan2.2/results/ECCV_Rebuttal_64s_1_3B/PHY_GRAVITY_002_Seed_1024,WEAK_CANDIDATE,9,1,True,True,"gravity,video",/home/nvme03/workspace/Wan2.2/results/ECCV_Rebuttal_64s_1_3B/PHY_GRAVITY_002_Seed_1024/latent_variance.npy;/home/nvme03/workspace/Wan2.2/results/ECCV_Rebuttal_64s_1_3B/PHY_GRAVITY_002_Seed_1024/vram_usage_log.csv;/home/nvme03/workspace/Wan2.2/results/ECCV_Rebuttal_64s_1_3B/PHY_GRAVITY_002_Seed_1024/Chart_2_VRAM.pdf;/home/nvme03/workspace/Wan2.2/results/ECCV_Rebuttal_64s_1_3B/PHY_GRAVITY_002_Seed_1024/Chart_1_Entropy.pdf;/home/nvme03/workspace/Wan2.2/results/ECCV_Rebuttal_64s_1_3B/PHY_GRAVITY_002_Seed_1024/output_64s.mp4;/home/nvme03/workspace/Wan2.2/results/ECCV_Rebuttal_64s_1_3B/PHY_GRAVITY_002_Seed_1024/attention_entropy.npy,,Inspect manually; root lacks enough action/camera/gravity evidence for automatic selection.
/home/nvme03/workspace/Wan2.2/results/ECCV_Rebuttal_64s_1_3B/PHY_GRAVITY_002_Seed_2046,WEAK_CANDIDATE,9,1,True,True,"gravity,video",/home/nvme03/workspace/Wan2.2/results/ECCV_Rebuttal_64s_1_3B/PHY_GRAVITY_002_Seed_2046/latent_variance.npy;/home/nvme03/workspace/Wan2.2/results/ECCV_Rebuttal_64s_1_3B/PHY_GRAVITY_002_Seed_2046/vram_usage_log.csv;/home/nvme03/workspace/Wan2.2/results/ECCV_Rebuttal_64s_1_3B/PHY_GRAVITY_002_Seed_2046/Chart_2_VRAM.pdf;/home/nvme03/workspace/Wan2.2/results/ECCV_Rebuttal_64s_1_3B/PHY_GRAVITY_002_Seed_2046/Chart_1_Entropy.pdf;/home/nvme03/workspace/Wan2.2/results/ECCV_Rebuttal_64s_1_3B/PHY_GRAVITY_002_Seed_2046/output_64s.mp4;/home/nvme03/workspace/Wan2.2/results/ECCV_Rebuttal_64s_1_3B/PHY_GRAVITY_002_Seed_2046/attention_entropy.npy,,Inspect manually; root lacks enough action/camera/gravity evidence for automatic selection.
/home/nvme03/workspace/Wan2.2/results/ECCV_Rebuttal_64s_1_3B/PHY_GRAVITY_002_Seed_42,WEAK_CANDIDATE,9,1,True,True,"gravity,video",/home/nvme03/workspace/Wan2.2/results/ECCV_Rebuttal_64s_1_3B/PHY_GRAVITY_002_Seed_42/latent_variance.npy;/home/nvme03/workspace/Wan2.2/results/ECCV_Rebuttal_64s_1_3B/PHY_GRAVITY_002_Seed_42/vram_usage_log.csv;/home/nvme03/workspace/Wan2.2/results/ECCV_Rebuttal_64s_1_3B/PHY_GRAVITY_002_Seed_42/Chart_2_VRAM.pdf;/home/nvme03/workspace/Wan2.2/results/ECCV_Rebuttal_64s_1_3B/PHY_GRAVITY_002_Seed_42/Chart_1_Entropy.pdf;/home/nvme03/workspace/Wan2.2/results/ECCV_Rebuttal_64s_1_3B/PHY_GRAVITY_002_Seed_42/output_64s.mp4;/home/nvme03/workspace/Wan2.2/results/ECCV_Rebuttal_64s_1_3B/PHY_GRAVITY_002_Seed_42/attention_entropy.npy,,Inspect manually; root lacks enough action/camera/gravity evidence for automatic selection.
/home/nvme03/workspace/Wan2.2/results/ECCV_Rebuttal_64s_1_3B/PHY_GRAVITY_003_Seed_1024,WEAK_CANDIDATE,9,1,True,True,"gravity,video",/home/nvme03/workspace/Wan2.2/results/ECCV_Rebuttal_64s_1_3B/PHY_GRAVITY_003_Seed_1024/latent_variance.npy;/home/nvme03/workspace/Wan2.2/results/ECCV_Rebuttal_64s_1_3B/PHY_GRAVITY_003_Seed_1024/vram_usage_log.csv;/home/nvme03/workspace/Wan2.2/results/ECCV_Rebuttal_64s_1_3B/PHY_GRAVITY_003_Seed_1024/Chart_2_VRAM.pdf;/home/nvme03/workspace/Wan2.2/results/ECCV_Rebuttal_64s_1_3B/PHY_GRAVITY_003_Seed_1024/Chart_1_Entropy.pdf;/home/nvme03/workspace/Wan2.2/results/ECCV_Rebuttal_64s_1_3B/PHY_GRAVITY_003_Seed_1024/output_64s.mp4;/home/nvme03/workspace/Wan2.2/results/ECCV_Rebuttal_64s_1_3B/PHY_GRAVITY_003_Seed_1024/attention_entropy.npy,,Inspect manually; root lacks enough action/camera/gravity evidence for automatic selection.
/home/nvme03/workspace/Wan2.2/results/ECCV_Rebuttal_64s_1_3B/PHY_GRAVITY_003_Seed_2046,WEAK_CANDIDATE,9,1,True,True,"gravity,video",/home/nvme03/workspace/Wan2.2/results/ECCV_Rebuttal_64s_1_3B/PHY_GRAVITY_003_Seed_2046/latent_variance.npy;/home/nvme03/workspace/Wan2.2/results/ECCV_Rebuttal_64s_1_3B/PHY_GRAVITY_003_Seed_2046/vram_usage_log.csv;/home/nvme03/workspace/Wan2.2/results/ECCV_Rebuttal_64s_1_3B/PHY_GRAVITY_003_Seed_2046/Chart_2_VRAM.pdf;/home/nvme03/workspace/Wan2.2/results/ECCV_Rebuttal_64s_1_3B/PHY_GRAVITY_003_Seed_2046/Chart_1_Entropy.pdf;/home/nvme03/workspace/Wan2.2/results/ECCV_Rebuttal_64s_1_3B/PHY_GRAVITY_003_Seed_2046/output_64s.mp4;/home/nvme03/workspace/Wan2.2/results/ECCV_Rebuttal_64s_1_3B/PHY_GRAVITY_003_Seed_2046/attention_entropy.npy,,Inspect manually; root lacks enough action/camera/gravity evidence for automatic selection.
/home/nvme03/workspace/Wan2.2/results/ECCV_Rebuttal_64s_1_3B/PHY_GRAVITY_003_Seed_42,WEAK_CANDIDATE,9,1,True,True,"gravity,video",/home/nvme03/workspace/Wan2.2/results/ECCV_Rebuttal_64s_1_3B/PHY_GRAVITY_003_Seed_42/latent_variance.npy;/home/nvme03/workspace/Wan2.2/results/ECCV_Rebuttal_64s_1_3B/PHY_GRAVITY_003_Seed_42/vram_usage_log.csv;/home/nvme03/workspace/Wan2.2/results/ECCV_Rebuttal_64s_1_3B/PHY_GRAVITY_003_Seed_42/Chart_2_VRAM.pdf;/home/nvme03/workspace/Wan2.2/results/ECCV_Rebuttal_64s_1_3B/PHY_GRAVITY_003_Seed_42/Chart_1_Entropy.pdf;/home/nvme03/workspace/Wan2.2/results/ECCV_Rebuttal_64s_1_3B/PHY_GRAVITY_003_Seed_42/output_64s.mp4;/home/nvme03/workspace/Wan2.2/results/ECCV_Rebuttal_64s_1_3B/PHY_GRAVITY_003_Seed_42/attention_entropy.npy,,Inspect manually; root lacks enough action/camera/gravity evidence for automatic selection.
/home/nvme03/workspace/Wan2.2/results/ECCV_Rebuttal_64s_1_3B/PHY_GRAVITY_004_Seed_1024,WEAK_CANDIDATE,9,1,True,True,"gravity,video",/home/nvme03/workspace/Wan2.2/results/ECCV_Rebuttal_64s_1_3B/PHY_GRAVITY_004_Seed_1024/latent_variance.npy;/home/nvme03/workspace/Wan2.2/results/ECCV_Rebuttal_64s_1_3B/PHY_GRAVITY_004_Seed_1024/vram_usage_log.csv;/home/nvme03/workspace/Wan2.2/results/ECCV_Rebuttal_64s_1_3B/PHY_GRAVITY_004_Seed_1024/Chart_2_VRAM.pdf;/home/nvme03/workspace/Wan2.2/results/ECCV_Rebuttal_64s_1_3B/PHY_GRAVITY_004_Seed_1024/Chart_1_Entropy.pdf;/home/nvme03/workspace/Wan2.2/results/ECCV_Rebuttal_64s_1_3B/PHY_GRAVITY_004_Seed_1024/output_64s.mp4;/home/nvme03/workspace/Wan2.2/results/ECCV_Rebuttal_64s_1_3B/PHY_GRAVITY_004_Seed_1024/attention_entropy.npy,,Inspect manually; root lacks enough action/camera/gravity evidence for automatic selection.
/home/nvme03/workspace/Wan2.2/results/ECCV_Rebuttal_64s_1_3B/PHY_GRAVITY_004_Seed_2046,WEAK_CANDIDATE,9,1,True,True,"gravity,video",/home/nvme03/workspace/Wan2.2/results/ECCV_Rebuttal_64s_1_3B/PHY_GRAVITY_004_Seed_2046/latent_variance.npy;/home/nvme03/workspace/Wan2.2/results/ECCV_Rebuttal_64s_1_3B/PHY_GRAVITY_004_Seed_2046/vram_usage_log.csv;/home/nvme03/workspace/Wan2.2/results/ECCV_Rebuttal_64s_1_3B/PHY_GRAVITY_004_Seed_2046/Chart_2_VRAM.pdf;/home/nvme03/workspace/Wan2.2/results/ECCV_Rebuttal_64s_1_3B/PHY_GRAVITY_004_Seed_2046/Chart_1_Entropy.pdf;/home/nvme03/workspace/Wan2.2/results/ECCV_Rebuttal_64s_1_3B/PHY_GRAVITY_004_Seed_2046/output_64s.mp4;/home/nvme03/workspace/Wan2.2/results/ECCV_Rebuttal_64s_1_3B/PHY_GRAVITY_004_Seed_2046/attention_entropy.npy,,Inspect manually; root lacks enough action/camera/gravity evidence for automatic selection.
/home/nvme03/workspace/Wan2.2/results/ECCV_Rebuttal_64s_1_3B/PHY_GRAVITY_004_Seed_42,WEAK_CANDIDATE,9,1,True,True,"gravity,video",/home/nvme03/workspace/Wan2.2/results/ECCV_Rebuttal_64s_1_3B/PHY_GRAVITY_004_Seed_42/latent_variance.npy;/home/nvme03/workspace/Wan2.2/results/ECCV_Rebuttal_64s_1_3B/PHY_GRAVITY_004_Seed_42/vram_usage_log.csv;/home/nvme03/workspace/Wan2.2/results/ECCV_Rebuttal_64s_1_3B/PHY_GRAVITY_004_Seed_42/Chart_2_VRAM.pdf;/home/nvme03/workspace/Wan2.2/results/ECCV_Rebuttal_64s_1_3B/PHY_GRAVITY_004_Seed_42/Chart_1_Entropy.pdf;/home/nvme03/workspace/Wan2.2/results/ECCV_Rebuttal_64s_1_3B/PHY_GRAVITY_004_Seed_42/output_64s.mp4;/home/nvme03/workspace/Wan2.2/results/ECCV_Rebuttal_64s_1_3B/PHY_GRAVITY_004_Seed_42/attention_entropy.npy,,Inspect manually; root lacks enough action/camera/gravity evidence for automatic selection.
/home/nvme03/workspace/Wan2.2/results/ECCV_Rebuttal_64s_1_3B/PHY_GRAVITY_005_Seed_1024,WEAK_CANDIDATE,9,1,True,True,"gravity,video",/home/nvme03/workspace/Wan2.2/results/ECCV_Rebuttal_64s_1_3B/PHY_GRAVITY_005_Seed_1024/latent_variance.npy;/home/nvme03/workspace/Wan2.2/results/ECCV_Rebuttal_64s_1_3B/PHY_GRAVITY_005_Seed_1024/vram_usage_log.csv;/home/nvme03/workspace/Wan2.2/results/ECCV_Rebuttal_64s_1_3B/PHY_GRAVITY_005_Seed_1024/Chart_2_VRAM.pdf;/home/nvme03/workspace/Wan2.2/results/ECCV_Rebuttal_64s_1_3B/PHY_GRAVITY_005_Seed_1024/Chart_1_Entropy.pdf;/home/nvme03/workspace/Wan2.2/results/ECCV_Rebuttal_64s_1_3B/PHY_GRAVITY_005_Seed_1024/output_64s.mp4;/home/nvme03/workspace/Wan2.2/results/ECCV_Rebuttal_64s_1_3B/PHY_GRAVITY_005_Seed_1024/attention_entropy.npy,,Inspect manually; root lacks enough action/camera/gravity evidence for automatic selection.
/home/nvme03/workspace/Wan2.2/results/ECCV_Rebuttal_64s_1_3B/PHY_GRAVITY_005_Seed_2046,WEAK_CANDIDATE,9,1,True,True,"gravity,video",/home/nvme03/workspace/Wan2.2/results/ECCV_Rebuttal_64s_1_3B/PHY_GRAVITY_005_Seed_2046/latent_variance.npy;/home/nvme03/workspace/Wan2.2/results/ECCV_Rebuttal_64s_1_3B/PHY_GRAVITY_005_Seed_2046/vram_usage_log.csv;/home/nvme03/workspace/Wan2.2/results/ECCV_Rebuttal_64s_1_3B/PHY_GRAVITY_005_Seed_2046/Chart_2_VRAM.pdf;/home/nvme03/workspace/Wan2.2/results/ECCV_Rebuttal_64s_1_3B/PHY_GRAVITY_005_Seed_2046/Chart_1_Entropy.pdf;/home/nvme03/workspace/Wan2.2/results/ECCV_Rebuttal_64s_1_3B/PHY_GRAVITY_005_Seed_2046/output_64s.mp4;/home/nvme03/workspace/Wan2.2/results/ECCV_Rebuttal_64s_1_3B/PHY_GRAVITY_005_Seed_2046/attention_entropy.npy,,Inspect manually; root lacks enough action/camera/gravity evidence for automatic selection.
/home/nvme03/workspace/Wan2.2/results/ECCV_Rebuttal_64s_1_3B/PHY_GRAVITY_005_Seed_42,WEAK_CANDIDATE,9,1,True,True,"gravity,video",/home/nvme03/workspace/Wan2.2/results/ECCV_Rebuttal_64s_1_3B/PHY_GRAVITY_005_Seed_42/latent_variance.npy;/home/nvme03/workspace/Wan2.2/results/ECCV_Rebuttal_64s_1_3B/PHY_GRAVITY_005_Seed_42/vram_usage_log.csv;/home/nvme03/workspace/Wan2.2/results/ECCV_Rebuttal_64s_1_3B/PHY_GRAVITY_005_Seed_42/Chart_2_VRAM.pdf;/home/nvme03/workspace/Wan2.2/results/ECCV_Rebuttal_64s_1_3B/PHY_GRAVITY_005_Seed_42/Chart_1_Entropy.pdf;/home/nvme03/workspace/Wan2.2/results/ECCV_Rebuttal_64s_1_3B/PHY_GRAVITY_005_Seed_42/output_64s.mp4;/home/nvme03/workspace/Wan2.2/results/ECCV_Rebuttal_64s_1_3B/PHY_GRAVITY_005_Seed_42/attention_entropy.npy,,Inspect manually; root lacks enough action/camera/gravity evidence for automatic selection.
/home/nvme03/workspace/lingbot-world/examples/00,WEAK_CANDIDATE,8,3,True,True,"action,camera,intrinsics",/home/nvme03/workspace/lingbot-world/examples/00/action.npy;/home/nvme03/workspace/lingbot-world/examples/00/poses.npy;/home/nvme03/workspace/lingbot-world/examples/00/wasd_action.npy;/home/nvme03/workspace/lingbot-world/examples/00/intrinsics.npy;/home/nvme03/workspace/lingbot-world/examples/00/ijkl_action.npy,,Inspect manually; root lacks enough action/camera/gravity evidence for automatic selection.
/home/nvme03/workspace/lingbot-world/examples/01,WEAK_CANDIDATE,8,3,True,True,"action,camera,intrinsics",/home/nvme03/workspace/lingbot-world/examples/01/action.npy;/home/nvme03/workspace/lingbot-world/examples/01/poses.npy;/home/nvme03/workspace/lingbot-world/examples/01/wasd_action.npy;/home/nvme03/workspace/lingbot-world/examples/01/intrinsics.npy;/home/nvme03/workspace/lingbot-world/examples/01/ijkl_action.npy,,Inspect manually; root lacks enough action/camera/gravity evidence for automatic selection.
/home/nvme03/workspace/lingbot-world/examples/02,WEAK_CANDIDATE,8,3,True,True,"action,camera,intrinsics",/home/nvme03/workspace/lingbot-world/examples/02/action.npy;/home/nvme03/workspace/lingbot-world/examples/02/poses.npy;/home/nvme03/workspace/lingbot-world/examples/02/wasd_action.npy;/home/nvme03/workspace/lingbot-world/examples/02/intrinsics.npy;/home/nvme03/workspace/lingbot-world/examples/02/ijkl_action.npy,,Inspect manually; root lacks enough action/camera/gravity evidence for automatic selection.
/home/nvme03/workspace/lingbot-world/examples/03,WEAK_CANDIDATE,8,2,True,True,"action,camera,intrinsics",/home/nvme03/workspace/lingbot-world/examples/03/action.npy;/home/nvme03/workspace/lingbot-world/examples/03/poses.npy;/home/nvme03/workspace/lingbot-world/examples/03/wasd_action.npy;/home/nvme03/workspace/lingbot-world/examples/03/intrinsics.npy,,Inspect manually; root lacks enough action/camera/gravity evidence for automatic selection.
/home/nvme03/workspace/lingbot-world/examples/04,WEAK_CANDIDATE,8,2,True,True,"action,camera,intrinsics",/home/nvme03/workspace/lingbot-world/examples/04/action.npy;/home/nvme03/workspace/lingbot-world/examples/04/poses.npy;/home/nvme03/workspace/lingbot-world/examples/04/wasd_action.npy;/home/nvme03/workspace/lingbot-world/examples/04/intrinsics.npy,,Inspect manually; root lacks enough action/camera/gravity evidence for automatic selection.
/home/nvme03/workspace/lingbot-world/examples/05,WEAK_CANDIDATE,8,3,True,True,"action,camera,intrinsics",/home/nvme03/workspace/lingbot-world/examples/05/action.npy;/home/nvme03/workspace/lingbot-world/examples/05/poses.npy;/home/nvme03/workspace/lingbot-world/examples/05/wasd_action.npy;/home/nvme03/workspace/lingbot-world/examples/05/intrinsics.npy;/home/nvme03/workspace/lingbot-world/examples/05/ijkl_action.npy,,Inspect manually; root lacks enough action/camera/gravity evidence for automatic selection.
/home/nvme03/workspace/Wan2.2/AI_Eval_Frames/Wan2_1_14B_16s/PHY_GRAVITY_001_Seed_1024,WEAK_CANDIDATE,7,1,True,True,gravity,/home/nvme03/workspace/Wan2.2/AI_Eval_Frames/Wan2_1_14B_16s/PHY_GRAVITY_001_Seed_1024/t_13s.jpg;/home/nvme03/workspace/Wan2.2/AI_Eval_Frames/Wan2_1_14B_16s/PHY_GRAVITY_001_Seed_1024/t_07s.jpg;/home/nvme03/workspace/Wan2.2/AI_Eval_Frames/Wan2_1_14B_16s/PHY_GRAVITY_001_Seed_1024/t_09s.jpg;/home/nvme03/workspace/Wan2.2/AI_Eval_Frames/Wan2_1_14B_16s/PHY_GRAVITY_001_Seed_1024/t_05s.jpg;/home/nvme03/workspace/Wan2.2/AI_Eval_Frames/Wan2_1_14B_16s/PHY_GRAVITY_001_Seed_1024/t_03s.jpg;/home/nvme03/workspace/Wan2.2/AI_Eval_Frames/Wan2_1_14B_16s/PHY_GRAVITY_001_Seed_1024/t_11s.jpg;/home/nvme03/workspace/Wan2.2/AI_Eval_Frames/Wan2_1_14B_16s/PHY_GRAVITY_001_Seed_1024/t_15s.jpg;/home/nvme03/workspace/Wan2.2/AI_Eval_Frames/Wan2_1_14B_16s/PHY_GRAVITY_001_Seed_1024/t_01s.jpg,,Inspect manually; root lacks enough action/camera/gravity evidence for automatic selection.
/home/nvme03/workspace/Wan2.2/AI_Eval_Frames/Wan2_1_14B_16s/PHY_GRAVITY_001_Seed_2046,WEAK_CANDIDATE,7,1,True,True,gravity,/home/nvme03/workspace/Wan2.2/AI_Eval_Frames/Wan2_1_14B_16s/PHY_GRAVITY_001_Seed_2046/t_13s.jpg;/home/nvme03/workspace/Wan2.2/AI_Eval_Frames/Wan2_1_14B_16s/PHY_GRAVITY_001_Seed_2046/t_07s.jpg;/home/nvme03/workspace/Wan2.2/AI_Eval_Frames/Wan2_1_14B_16s/PHY_GRAVITY_001_Seed_2046/t_09s.jpg;/home/nvme03/workspace/Wan2.2/AI_Eval_Frames/Wan2_1_14B_16s/PHY_GRAVITY_001_Seed_2046/t_05s.jpg;/home/nvme03/workspace/Wan2.2/AI_Eval_Frames/Wan2_1_14B_16s/PHY_GRAVITY_001_Seed_2046/t_03s.jpg;/home/nvme03/workspace/Wan2.2/AI_Eval_Frames/Wan2_1_14B_16s/PHY_GRAVITY_001_Seed_2046/t_11s.jpg;/home/nvme03/workspace/Wan2.2/AI_Eval_Frames/Wan2_1_14B_16s/PHY_GRAVITY_001_Seed_2046/t_15s.jpg;/home/nvme03/workspace/Wan2.2/AI_Eval_Frames/Wan2_1_14B_16s/PHY_GRAVITY_001_Seed_2046/t_01s.jpg,,Inspect manually; root lacks enough action/camera/gravity evidence for automatic selection.
/home/nvme03/workspace/Wan2.2/AI_Eval_Frames/Wan2_1_14B_16s/PHY_GRAVITY_001_Seed_42,WEAK_CANDIDATE,7,1,True,True,gravity,/home/nvme03/workspace/Wan2.2/AI_Eval_Frames/Wan2_1_14B_16s/PHY_GRAVITY_001_Seed_42/t_13s.jpg;/home/nvme03/workspace/Wan2.2/AI_Eval_Frames/Wan2_1_14B_16s/PHY_GRAVITY_001_Seed_42/t_07s.jpg;/home/nvme03/workspace/Wan2.2/AI_Eval_Frames/Wan2_1_14B_16s/PHY_GRAVITY_001_Seed_42/t_09s.jpg;/home/nvme03/workspace/Wan2.2/AI_Eval_Frames/Wan2_1_14B_16s/PHY_GRAVITY_001_Seed_42/t_05s.jpg;/home/nvme03/workspace/Wan2.2/AI_Eval_Frames/Wan2_1_14B_16s/PHY_GRAVITY_001_Seed_42/t_03s.jpg;/home/nvme03/workspace/Wan2.2/AI_Eval_Frames/Wan2_1_14B_16s/PHY_GRAVITY_001_Seed_42/t_11s.jpg;/home/nvme03/workspace/Wan2.2/AI_Eval_Frames/Wan2_1_14B_16s/PHY_GRAVITY_001_Seed_42/t_15s.jpg;/home/nvme03/workspace/Wan2.2/AI_Eval_Frames/Wan2_1_14B_16s/PHY_GRAVITY_001_Seed_42/t_01s.jpg,,Inspect manually; root lacks enough action/camera/gravity evidence for automatic selection.
/home/nvme03/workspace/Wan2.2/AI_Eval_Frames/Wan2_1_14B_16s/PHY_GRAVITY_002_Seed_1024,WEAK_CANDIDATE,7,1,True,True,gravity,/home/nvme03/workspace/Wan2.2/AI_Eval_Frames/Wan2_1_14B_16s/PHY_GRAVITY_002_Seed_1024/t_13s.jpg;/home/nvme03/workspace/Wan2.2/AI_Eval_Frames/Wan2_1_14B_16s/PHY_GRAVITY_002_Seed_1024/t_07s.jpg;/home/nvme03/workspace/Wan2.2/AI_Eval_Frames/Wan2_1_14B_16s/PHY_GRAVITY_002_Seed_1024/t_09s.jpg;/home/nvme03/workspace/Wan2.2/AI_Eval_Frames/Wan2_1_14B_16s/PHY_GRAVITY_002_Seed_1024/t_05s.jpg;/home/nvme03/workspace/Wan2.2/AI_Eval_Frames/Wan2_1_14B_16s/PHY_GRAVITY_002_Seed_1024/t_03s.jpg;/home/nvme03/workspace/Wan2.2/AI_Eval_Frames/Wan2_1_14B_16s/PHY_GRAVITY_002_Seed_1024/t_11s.jpg;/home/nvme03/workspace/Wan2.2/AI_Eval_Frames/Wan2_1_14B_16s/PHY_GRAVITY_002_Seed_1024/t_15s.jpg;/home/nvme03/workspace/Wan2.2/AI_Eval_Frames/Wan2_1_14B_16s/PHY_GRAVITY_002_Seed_1024/t_01s.jpg,,Inspect manually; root lacks enough action/camera/gravity evidence for automatic selection.
/home/nvme03/workspace/Wan2.2/AI_Eval_Frames/Wan2_1_14B_16s/PHY_GRAVITY_002_Seed_2046,WEAK_CANDIDATE,7,1,True,True,gravity,/home/nvme03/workspace/Wan2.2/AI_Eval_Frames/Wan2_1_14B_16s/PHY_GRAVITY_002_Seed_2046/t_13s.jpg;/home/nvme03/workspace/Wan2.2/AI_Eval_Frames/Wan2_1_14B_16s/PHY_GRAVITY_002_Seed_2046/t_07s.jpg;/home/nvme03/workspace/Wan2.2/AI_Eval_Frames/Wan2_1_14B_16s/PHY_GRAVITY_002_Seed_2046/t_09s.jpg;/home/nvme03/workspace/Wan2.2/AI_Eval_Frames/Wan2_1_14B_16s/PHY_GRAVITY_002_Seed_2046/t_05s.jpg;/home/nvme03/workspace/Wan2.2/AI_Eval_Frames/Wan2_1_14B_16s/PHY_GRAVITY_002_Seed_2046/t_03s.jpg;/home/nvme03/workspace/Wan2.2/AI_Eval_Frames/Wan2_1_14B_16s/PHY_GRAVITY_002_Seed_2046/t_11s.jpg;/home/nvme03/workspace/Wan2.2/AI_Eval_Frames/Wan2_1_14B_16s/PHY_GRAVITY_002_Seed_2046/t_15s.jpg;/home/nvme03/workspace/Wan2.2/AI_Eval_Frames/Wan2_1_14B_16s/PHY_GRAVITY_002_Seed_2046/t_01s.jpg,,Inspect manually; root lacks enough action/camera/gravity evidence for automatic selection.
/home/nvme03/workspace/Wan2.2/AI_Eval_Frames/Wan2_1_14B_16s/PHY_GRAVITY_002_Seed_42,WEAK_CANDIDATE,7,1,True,True,gravity,/home/nvme03/workspace/Wan2.2/AI_Eval_Frames/Wan2_1_14B_16s/PHY_GRAVITY_002_Seed_42/t_13s.jpg;/home/nvme03/workspace/Wan2.2/AI_Eval_Frames/Wan2_1_14B_16s/PHY_GRAVITY_002_Seed_42/t_07s.jpg;/home/nvme03/workspace/Wan2.2/AI_Eval_Frames/Wan2_1_14B_16s/PHY_GRAVITY_002_Seed_42/t_09s.jpg;/home/nvme03/workspace/Wan2.2/AI_Eval_Frames/Wan2_1_14B_16s/PHY_GRAVITY_002_Seed_42/t_05s.jpg;/home/nvme03/workspace/Wan2.2/AI_Eval_Frames/Wan2_1_14B_16s/PHY_GRAVITY_002_Seed_42/t_03s.jpg;/home/nvme03/workspace/Wan2.2/AI_Eval_Frames/Wan2_1_14B_16s/PHY_GRAVITY_002_Seed_42/t_11s.jpg;/home/nvme03/workspace/Wan2.2/AI_Eval_Frames/Wan2_1_14B_16s/PHY_GRAVITY_002_Seed_42/t_15s.jpg;/home/nvme03/workspace/Wan2.2/AI_Eval_Frames/Wan2_1_14B_16s/PHY_GRAVITY_002_Seed_42/t_01s.jpg,,Inspect manually; root lacks enough action/camera/gravity evidence for automatic selection.
/home/nvme03/workspace/Wan2.2/AI_Eval_Frames/Wan2_1_14B_16s/PHY_GRAVITY_003_Seed_1024,WEAK_CANDIDATE,7,1,True,True,gravity,/home/nvme03/workspace/Wan2.2/AI_Eval_Frames/Wan2_1_14B_16s/PHY_GRAVITY_003_Seed_1024/t_13s.jpg;/home/nvme03/workspace/Wan2.2/AI_Eval_Frames/Wan2_1_14B_16s/PHY_GRAVITY_003_Seed_1024/t_07s.jpg;/home/nvme03/workspace/Wan2.2/AI_Eval_Frames/Wan2_1_14B_16s/PHY_GRAVITY_003_Seed_1024/t_09s.jpg;/home/nvme03/workspace/Wan2.2/AI_Eval_Frames/Wan2_1_14B_16s/PHY_GRAVITY_003_Seed_1024/t_05s.jpg;/home/nvme03/workspace/Wan2.2/AI_Eval_Frames/Wan2_1_14B_16s/PHY_GRAVITY_003_Seed_1024/t_03s.jpg;/home/nvme03/workspace/Wan2.2/AI_Eval_Frames/Wan2_1_14B_16s/PHY_GRAVITY_003_Seed_1024/t_11s.jpg;/home/nvme03/workspace/Wan2.2/AI_Eval_Frames/Wan2_1_14B_16s/PHY_GRAVITY_003_Seed_1024/t_15s.jpg;/home/nvme03/workspace/Wan2.2/AI_Eval_Frames/Wan2_1_14B_16s/PHY_GRAVITY_003_Seed_1024/t_01s.jpg,,Inspect manually; root lacks enough action/camera/gravity evidence for automatic selection.
/home/nvme03/workspace/Wan2.2/AI_Eval_Frames/Wan2_1_14B_16s/PHY_GRAVITY_003_Seed_2046,WEAK_CANDIDATE,7,1,True,True,gravity,/home/nvme03/workspace/Wan2.2/AI_Eval_Frames/Wan2_1_14B_16s/PHY_GRAVITY_003_Seed_2046/t_13s.jpg;/home/nvme03/workspace/Wan2.2/AI_Eval_Frames/Wan2_1_14B_16s/PHY_GRAVITY_003_Seed_2046/t_07s.jpg;/home/nvme03/workspace/Wan2.2/AI_Eval_Frames/Wan2_1_14B_16s/PHY_GRAVITY_003_Seed_2046/t_09s.jpg;/home/nvme03/workspace/Wan2.2/AI_Eval_Frames/Wan2_1_14B_16s/PHY_GRAVITY_003_Seed_2046/t_05s.jpg;/home/nvme03/workspace/Wan2.2/AI_Eval_Frames/Wan2_1_14B_16s/PHY_GRAVITY_003_Seed_2046/t_03s.jpg;/home/nvme03/workspace/Wan2.2/AI_Eval_Frames/Wan2_1_14B_16s/PHY_GRAVITY_003_Seed_2046/t_11s.jpg;/home/nvme03/workspace/Wan2.2/AI_Eval_Frames/Wan2_1_14B_16s/PHY_GRAVITY_003_Seed_2046/t_15s.jpg;/home/nvme03/workspace/Wan2.2/AI_Eval_Frames/Wan2_1_14B_16s/PHY_GRAVITY_003_Seed_2046/t_01s.jpg,,Inspect manually; root lacks enough action/camera/gravity evidence for automatic selection.
/home/nvme03/workspace/Wan2.2/AI_Eval_Frames/Wan2_1_14B_16s/PHY_GRAVITY_003_Seed_42,WEAK_CANDIDATE,7,1,True,True,gravity,/home/nvme03/workspace/Wan2.2/AI_Eval_Frames/Wan2_1_14B_16s/PHY_GRAVITY_003_Seed_42/t_13s.jpg;/home/nvme03/workspace/Wan2.2/AI_Eval_Frames/Wan2_1_14B_16s/PHY_GRAVITY_003_Seed_42/t_07s.jpg;/home/nvme03/workspace/Wan2.2/AI_Eval_Frames/Wan2_1_14B_16s/PHY_GRAVITY_003_Seed_42/t_09s.jpg;/home/nvme03/workspace/Wan2.2/AI_Eval_Frames/Wan2_1_14B_16s/PHY_GRAVITY_003_Seed_42/t_05s.jpg;/home/nvme03/workspace/Wan2.2/AI_Eval_Frames/Wan2_1_14B_16s/PHY_GRAVITY_003_Seed_42/t_03s.jpg;/home/nvme03/workspace/Wan2.2/AI_Eval_Frames/Wan2_1_14B_16s/PHY_GRAVITY_003_Seed_42/t_11s.jpg;/home/nvme03/workspace/Wan2.2/AI_Eval_Frames/Wan2_1_14B_16s/PHY_GRAVITY_003_Seed_42/t_15s.jpg;/home/nvme03/workspace/Wan2.2/AI_Eval_Frames/Wan2_1_14B_16s/PHY_GRAVITY_003_Seed_42/t_01s.jpg,,Inspect manually; root lacks enough action/camera/gravity evidence for automatic selection.
/home/nvme03/workspace/Wan2.2/AI_Eval_Frames/Wan2_1_14B_16s/PHY_GRAVITY_004_Seed_1024,WEAK_CANDIDATE,7,1,True,True,gravity,/home/nvme03/workspace/Wan2.2/AI_Eval_Frames/Wan2_1_14B_16s/PHY_GRAVITY_004_Seed_1024/t_13s.jpg;/home/nvme03/workspace/Wan2.2/AI_Eval_Frames/Wan2_1_14B_16s/PHY_GRAVITY_004_Seed_1024/t_07s.jpg;/home/nvme03/workspace/Wan2.2/AI_Eval_Frames/Wan2_1_14B_16s/PHY_GRAVITY_004_Seed_1024/t_09s.jpg;/home/nvme03/workspace/Wan2.2/AI_Eval_Frames/Wan2_1_14B_16s/PHY_GRAVITY_004_Seed_1024/t_05s.jpg;/home/nvme03/workspace/Wan2.2/AI_Eval_Frames/Wan2_1_14B_16s/PHY_GRAVITY_004_Seed_1024/t_03s.jpg;/home/nvme03/workspace/Wan2.2/AI_Eval_Frames/Wan2_1_14B_16s/PHY_GRAVITY_004_Seed_1024/t_11s.jpg;/home/nvme03/workspace/Wan2.2/AI_Eval_Frames/Wan2_1_14B_16s/PHY_GRAVITY_004_Seed_1024/t_15s.jpg;/home/nvme03/workspace/Wan2.2/AI_Eval_Frames/Wan2_1_14B_16s/PHY_GRAVITY_004_Seed_1024/t_01s.jpg,,Inspect manually; root lacks enough action/camera/gravity evidence for automatic selection.
/home/nvme03/workspace/Wan2.2/AI_Eval_Frames/Wan2_1_14B_16s/PHY_GRAVITY_004_Seed_2046,WEAK_CANDIDATE,7,1,True,True,gravity,/home/nvme03/workspace/Wan2.2/AI_Eval_Frames/Wan2_1_14B_16s/PHY_GRAVITY_004_Seed_2046/t_13s.jpg;/home/nvme03/workspace/Wan2.2/AI_Eval_Frames/Wan2_1_14B_16s/PHY_GRAVITY_004_Seed_2046/t_07s.jpg;/home/nvme03/workspace/Wan2.2/AI_Eval_Frames/Wan2_1_14B_16s/PHY_GRAVITY_004_Seed_2046/t_09s.jpg;/home/nvme03/workspace/Wan2.2/AI_Eval_Frames/Wan2_1_14B_16s/PHY_GRAVITY_004_Seed_2046/t_05s.jpg;/home/nvme03/workspace/Wan2.2/AI_Eval_Frames/Wan2_1_14B_16s/PHY_GRAVITY_004_Seed_2046/t_03s.jpg;/home/nvme03/workspace/Wan2.2/AI_Eval_Frames/Wan2_1_14B_16s/PHY_GRAVITY_004_Seed_2046/t_11s.jpg;/home/nvme03/workspace/Wan2.2/AI_Eval_Frames/Wan2_1_14B_16s/PHY_GRAVITY_004_Seed_2046/t_15s.jpg;/home/nvme03/workspace/Wan2.2/AI_Eval_Frames/Wan2_1_14B_16s/PHY_GRAVITY_004_Seed_2046/t_01s.jpg,,Inspect manually; root lacks enough action/camera/gravity evidence for automatic selection.
/home/nvme03/workspace/Wan2.2/AI_Eval_Frames/Wan2_1_14B_16s/PHY_GRAVITY_004_Seed_42,WEAK_CANDIDATE,7,1,True,True,gravity,/home/nvme03/workspace/Wan2.2/AI_Eval_Frames/Wan2_1_14B_16s/PHY_GRAVITY_004_Seed_42/t_13s.jpg;/home/nvme03/workspace/Wan2.2/AI_Eval_Frames/Wan2_1_14B_16s/PHY_GRAVITY_004_Seed_42/t_07s.jpg;/home/nvme03/workspace/Wan2.2/AI_Eval_Frames/Wan2_1_14B_16s/PHY_GRAVITY_004_Seed_42/t_09s.jpg;/home/nvme03/workspace/Wan2.2/AI_Eval_Frames/Wan2_1_14B_16s/PHY_GRAVITY_004_Seed_42/t_05s.jpg;/home/nvme03/workspace/Wan2.2/AI_Eval_Frames/Wan2_1_14B_16s/PHY_GRAVITY_004_Seed_42/t_03s.jpg;/home/nvme03/workspace/Wan2.2/AI_Eval_Frames/Wan2_1_14B_16s/PHY_GRAVITY_004_Seed_42/t_11s.jpg;/home/nvme03/workspace/Wan2.2/AI_Eval_Frames/Wan2_1_14B_16s/PHY_GRAVITY_004_Seed_42/t_15s.jpg;/home/nvme03/workspace/Wan2.2/AI_Eval_Frames/Wan2_1_14B_16s/PHY_GRAVITY_004_Seed_42/t_01s.jpg,,Inspect manually; root lacks enough action/camera/gravity evidence for automatic selection.
/home/nvme03/workspace/Wan2.2/AI_Eval_Frames/Wan2_1_14B_16s/PHY_GRAVITY_005_Seed_1024,WEAK_CANDIDATE,7,1,True,True,gravity,/home/nvme03/workspace/Wan2.2/AI_Eval_Frames/Wan2_1_14B_16s/PHY_GRAVITY_005_Seed_1024/t_13s.jpg;/home/nvme03/workspace/Wan2.2/AI_Eval_Frames/Wan2_1_14B_16s/PHY_GRAVITY_005_Seed_1024/t_07s.jpg;/home/nvme03/workspace/Wan2.2/AI_Eval_Frames/Wan2_1_14B_16s/PHY_GRAVITY_005_Seed_1024/t_09s.jpg;/home/nvme03/workspace/Wan2.2/AI_Eval_Frames/Wan2_1_14B_16s/PHY_GRAVITY_005_Seed_1024/t_05s.jpg;/home/nvme03/workspace/Wan2.2/AI_Eval_Frames/Wan2_1_14B_16s/PHY_GRAVITY_005_Seed_1024/t_03s.jpg;/home/nvme03/workspace/Wan2.2/AI_Eval_Frames/Wan2_1_14B_16s/PHY_GRAVITY_005_Seed_1024/t_11s.jpg;/home/nvme03/workspace/Wan2.2/AI_Eval_Frames/Wan2_1_14B_16s/PHY_GRAVITY_005_Seed_1024/t_15s.jpg;/home/nvme03/workspace/Wan2.2/AI_Eval_Frames/Wan2_1_14B_16s/PHY_GRAVITY_005_Seed_1024/t_01s.jpg,,Inspect manually; root lacks enough action/camera/gravity evidence for automatic selection.
/home/nvme03/workspace/Wan2.2/AI_Eval_Frames/Wan2_1_14B_16s/PHY_GRAVITY_005_Seed_2046,WEAK_CANDIDATE,7,1,True,True,gravity,/home/nvme03/workspace/Wan2.2/AI_Eval_Frames/Wan2_1_14B_16s/PHY_GRAVITY_005_Seed_2046/t_13s.jpg;/home/nvme03/workspace/Wan2.2/AI_Eval_Frames/Wan2_1_14B_16s/PHY_GRAVITY_005_Seed_2046/t_07s.jpg;/home/nvme03/workspace/Wan2.2/AI_Eval_Frames/Wan2_1_14B_16s/PHY_GRAVITY_005_Seed_2046/t_09s.jpg;/home/nvme03/workspace/Wan2.2/AI_Eval_Frames/Wan2_1_14B_16s/PHY_GRAVITY_005_Seed_2046/t_05s.jpg;/home/nvme03/workspace/Wan2.2/AI_Eval_Frames/Wan2_1_14B_16s/PHY_GRAVITY_005_Seed_2046/t_03s.jpg;/home/nvme03/workspace/Wan2.2/AI_Eval_Frames/Wan2_1_14B_16s/PHY_GRAVITY_005_Seed_2046/t_11s.jpg;/home/nvme03/workspace/Wan2.2/AI_Eval_Frames/Wan2_1_14B_16s/PHY_GRAVITY_005_Seed_2046/t_15s.jpg;/home/nvme03/workspace/Wan2.2/AI_Eval_Frames/Wan2_1_14B_16s/PHY_GRAVITY_005_Seed_2046/t_01s.jpg,,Inspect manually; root lacks enough action/camera/gravity evidence for automatic selection.
/home/nvme03/workspace/Wan2.2/AI_Eval_Frames/Wan2_1_14B_16s/PHY_GRAVITY_005_Seed_42,WEAK_CANDIDATE,7,1,True,True,gravity,/home/nvme03/workspace/Wan2.2/AI_Eval_Frames/Wan2_1_14B_16s/PHY_GRAVITY_005_Seed_42/t_13s.jpg;/home/nvme03/workspace/Wan2.2/AI_Eval_Frames/Wan2_1_14B_16s/PHY_GRAVITY_005_Seed_42/t_07s.jpg;/home/nvme03/workspace/Wan2.2/AI_Eval_Frames/Wan2_1_14B_16s/PHY_GRAVITY_005_Seed_42/t_09s.jpg;/home/nvme03/workspace/Wan2.2/AI_Eval_Frames/Wan2_1_14B_16s/PHY_GRAVITY_005_Seed_42/t_05s.jpg;/home/nvme03/workspace/Wan2.2/AI_Eval_Frames/Wan2_1_14B_16s/PHY_GRAVITY_005_Seed_42/t_03s.jpg;/home/nvme03/workspace/Wan2.2/AI_Eval_Frames/Wan2_1_14B_16s/PHY_GRAVITY_005_Seed_42/t_11s.jpg;/home/nvme03/workspace/Wan2.2/AI_Eval_Frames/Wan2_1_14B_16s/PHY_GRAVITY_005_Seed_42/t_15s.jpg;/home/nvme03/workspace/Wan2.2/AI_Eval_Frames/Wan2_1_14B_16s/PHY_GRAVITY_005_Seed_42/t_01s.jpg,,Inspect manually; root lacks enough action/camera/gravity evidence for automatic selection.
/home/nvme03/workspace/Wan2.2/AI_Eval_Frames/Wan2_1_14B_64s/PHY_GRAVITY_001_Seed_1024,WEAK_CANDIDATE,7,1,True,True,gravity,/home/nvme03/workspace/Wan2.2/AI_Eval_Frames/Wan2_1_14B_64s/PHY_GRAVITY_001_Seed_1024/t_27s.jpg;/home/nvme03/workspace/Wan2.2/AI_Eval_Frames/Wan2_1_14B_64s/PHY_GRAVITY_001_Seed_1024/t_47s.jpg;/home/nvme03/workspace/Wan2.2/AI_Eval_Frames/Wan2_1_14B_64s/PHY_GRAVITY_001_Seed_1024/t_55s.jpg;/home/nvme03/workspace/Wan2.2/AI_Eval_Frames/Wan2_1_14B_64s/PHY_GRAVITY_001_Seed_1024/t_19s.jpg;/home/nvme03/workspace/Wan2.2/AI_Eval_Frames/Wan2_1_14B_64s/PHY_GRAVITY_001_Seed_1024/t_33s.jpg;/home/nvme03/workspace/Wan2.2/AI_Eval_Frames/Wan2_1_14B_64s/PHY_GRAVITY_001_Seed_1024/t_29s.jpg;/home/nvme03/workspace/Wan2.2/AI_Eval_Frames/Wan2_1_14B_64s/PHY_GRAVITY_001_Seed_1024/t_13s.jpg;/home/nvme03/workspace/Wan2.2/AI_Eval_Frames/Wan2_1_14B_64s/PHY_GRAVITY_001_Seed_1024/t_31s.jpg,,Inspect manually; root lacks enough action/camera/gravity evidence for automatic selection.
/home/nvme03/workspace/Wan2.2/AI_Eval_Frames/Wan2_1_14B_64s/PHY_GRAVITY_001_Seed_2046,WEAK_CANDIDATE,7,1,True,True,gravity,/home/nvme03/workspace/Wan2.2/AI_Eval_Frames/Wan2_1_14B_64s/PHY_GRAVITY_001_Seed_2046/t_27s.jpg;/home/nvme03/workspace/Wan2.2/AI_Eval_Frames/Wan2_1_14B_64s/PHY_GRAVITY_001_Seed_2046/t_47s.jpg;/home/nvme03/workspace/Wan2.2/AI_Eval_Frames/Wan2_1_14B_64s/PHY_GRAVITY_001_Seed_2046/t_55s.jpg;/home/nvme03/workspace/Wan2.2/AI_Eval_Frames/Wan2_1_14B_64s/PHY_GRAVITY_001_Seed_2046/t_19s.jpg;/home/nvme03/workspace/Wan2.2/AI_Eval_Frames/Wan2_1_14B_64s/PHY_GRAVITY_001_Seed_2046/t_33s.jpg;/home/nvme03/workspace/Wan2.2/AI_Eval_Frames/Wan2_1_14B_64s/PHY_GRAVITY_001_Seed_2046/t_29s.jpg;/home/nvme03/workspace/Wan2.2/AI_Eval_Frames/Wan2_1_14B_64s/PHY_GRAVITY_001_Seed_2046/t_13s.jpg;/home/nvme03/workspace/Wan2.2/AI_Eval_Frames/Wan2_1_14B_64s/PHY_GRAVITY_001_Seed_2046/t_31s.jpg,,Inspect manually; root lacks enough action/camera/gravity evidence for automatic selection.
/home/nvme03/workspace/Wan2.2/AI_Eval_Frames/Wan2_1_14B_64s/PHY_GRAVITY_001_Seed_42,WEAK_CANDIDATE,7,1,True,True,gravity,/home/nvme03/workspace/Wan2.2/AI_Eval_Frames/Wan2_1_14B_64s/PHY_GRAVITY_001_Seed_42/t_27s.jpg;/home/nvme03/workspace/Wan2.2/AI_Eval_Frames/Wan2_1_14B_64s/PHY_GRAVITY_001_Seed_42/t_47s.jpg;/home/nvme03/workspace/Wan2.2/AI_Eval_Frames/Wan2_1_14B_64s/PHY_GRAVITY_001_Seed_42/t_55s.jpg;/home/nvme03/workspace/Wan2.2/AI_Eval_Frames/Wan2_1_14B_64s/PHY_GRAVITY_001_Seed_42/t_19s.jpg;/home/nvme03/workspace/Wan2.2/AI_Eval_Frames/Wan2_1_14B_64s/PHY_GRAVITY_001_Seed_42/t_33s.jpg;/home/nvme03/workspace/Wan2.2/AI_Eval_Frames/Wan2_1_14B_64s/PHY_GRAVITY_001_Seed_42/t_29s.jpg;/home/nvme03/workspace/Wan2.2/AI_Eval_Frames/Wan2_1_14B_64s/PHY_GRAVITY_001_Seed_42/t_13s.jpg;/home/nvme03/workspace/Wan2.2/AI_Eval_Frames/Wan2_1_14B_64s/PHY_GRAVITY_001_Seed_42/t_31s.jpg,,Inspect manually; root lacks enough action/camera/gravity evidence for automatic selection.
/home/nvme03/workspace/Wan2.2/AI_Eval_Frames/Wan2_1_14B_64s/PHY_GRAVITY_002_Seed_1024,WEAK_CANDIDATE,7,1,True,True,gravity,/home/nvme03/workspace/Wan2.2/AI_Eval_Frames/Wan2_1_14B_64s/PHY_GRAVITY_002_Seed_1024/t_27s.jpg;/home/nvme03/workspace/Wan2.2/AI_Eval_Frames/Wan2_1_14B_64s/PHY_GRAVITY_002_Seed_1024/t_47s.jpg;/home/nvme03/workspace/Wan2.2/AI_Eval_Frames/Wan2_1_14B_64s/PHY_GRAVITY_002_Seed_1024/t_55s.jpg;/home/nvme03/workspace/Wan2.2/AI_Eval_Frames/Wan2_1_14B_64s/PHY_GRAVITY_002_Seed_1024/t_19s.jpg;/home/nvme03/workspace/Wan2.2/AI_Eval_Frames/Wan2_1_14B_64s/PHY_GRAVITY_002_Seed_1024/t_33s.jpg;/home/nvme03/workspace/Wan2.2/AI_Eval_Frames/Wan2_1_14B_64s/PHY_GRAVITY_002_Seed_1024/t_29s.jpg;/home/nvme03/workspace/Wan2.2/AI_Eval_Frames/Wan2_1_14B_64s/PHY_GRAVITY_002_Seed_1024/t_13s.jpg;/home/nvme03/workspace/Wan2.2/AI_Eval_Frames/Wan2_1_14B_64s/PHY_GRAVITY_002_Seed_1024/t_31s.jpg,,Inspect manually; root lacks enough action/camera/gravity evidence for automatic selection.
/home/nvme03/workspace/Wan2.2/AI_Eval_Frames/Wan2_1_14B_64s/PHY_GRAVITY_002_Seed_2046,WEAK_CANDIDATE,7,1,True,True,gravity,/home/nvme03/workspace/Wan2.2/AI_Eval_Frames/Wan2_1_14B_64s/PHY_GRAVITY_002_Seed_2046/t_27s.jpg;/home/nvme03/workspace/Wan2.2/AI_Eval_Frames/Wan2_1_14B_64s/PHY_GRAVITY_002_Seed_2046/t_47s.jpg;/home/nvme03/workspace/Wan2.2/AI_Eval_Frames/Wan2_1_14B_64s/PHY_GRAVITY_002_Seed_2046/t_55s.jpg;/home/nvme03/workspace/Wan2.2/AI_Eval_Frames/Wan2_1_14B_64s/PHY_GRAVITY_002_Seed_2046/t_19s.jpg;/home/nvme03/workspace/Wan2.2/AI_Eval_Frames/Wan2_1_14B_64s/PHY_GRAVITY_002_Seed_2046/t_33s.jpg;/home/nvme03/workspace/Wan2.2/AI_Eval_Frames/Wan2_1_14B_64s/PHY_GRAVITY_002_Seed_2046/t_29s.jpg;/home/nvme03/workspace/Wan2.2/AI_Eval_Frames/Wan2_1_14B_64s/PHY_GRAVITY_002_Seed_2046/t_13s.jpg;/home/nvme03/workspace/Wan2.2/AI_Eval_Frames/Wan2_1_14B_64s/PHY_GRAVITY_002_Seed_2046/t_31s.jpg,,Inspect manually; root lacks enough action/camera/gravity evidence for automatic selection.
/home/nvme03/workspace/Wan2.2/AI_Eval_Frames/Wan2_1_14B_64s/PHY_GRAVITY_002_Seed_42,WEAK_CANDIDATE,7,1,True,True,gravity,/home/nvme03/workspace/Wan2.2/AI_Eval_Frames/Wan2_1_14B_64s/PHY_GRAVITY_002_Seed_42/t_27s.jpg;/home/nvme03/workspace/Wan2.2/AI_Eval_Frames/Wan2_1_14B_64s/PHY_GRAVITY_002_Seed_42/t_47s.jpg;/home/nvme03/workspace/Wan2.2/AI_Eval_Frames/Wan2_1_14B_64s/PHY_GRAVITY_002_Seed_42/t_55s.jpg;/home/nvme03/workspace/Wan2.2/AI_Eval_Frames/Wan2_1_14B_64s/PHY_GRAVITY_002_Seed_42/t_19s.jpg;/home/nvme03/workspace/Wan2.2/AI_Eval_Frames/Wan2_1_14B_64s/PHY_GRAVITY_002_Seed_42/t_33s.jpg;/home/nvme03/workspace/Wan2.2/AI_Eval_Frames/Wan2_1_14B_64s/PHY_GRAVITY_002_Seed_42/t_29s.jpg;/home/nvme03/workspace/Wan2.2/AI_Eval_Frames/Wan2_1_14B_64s/PHY_GRAVITY_002_Seed_42/t_13s.jpg;/home/nvme03/workspace/Wan2.2/AI_Eval_Frames/Wan2_1_14B_64s/PHY_GRAVITY_002_Seed_42/t_31s.jpg,,Inspect manually; root lacks enough action/camera/gravity evidence for automatic selection.
/home/nvme03/workspace/Wan2.2/AI_Eval_Frames/Wan2_1_14B_64s/PHY_GRAVITY_003_Seed_1024,WEAK_CANDIDATE,7,1,True,True,gravity,/home/nvme03/workspace/Wan2.2/AI_Eval_Frames/Wan2_1_14B_64s/PHY_GRAVITY_003_Seed_1024/t_27s.jpg;/home/nvme03/workspace/Wan2.2/AI_Eval_Frames/Wan2_1_14B_64s/PHY_GRAVITY_003_Seed_1024/t_47s.jpg;/home/nvme03/workspace/Wan2.2/AI_Eval_Frames/Wan2_1_14B_64s/PHY_GRAVITY_003_Seed_1024/t_55s.jpg;/home/nvme03/workspace/Wan2.2/AI_Eval_Frames/Wan2_1_14B_64s/PHY_GRAVITY_003_Seed_1024/t_19s.jpg;/home/nvme03/workspace/Wan2.2/AI_Eval_Frames/Wan2_1_14B_64s/PHY_GRAVITY_003_Seed_1024/t_33s.jpg;/home/nvme03/workspace/Wan2.2/AI_Eval_Frames/Wan2_1_14B_64s/PHY_GRAVITY_003_Seed_1024/t_29s.jpg;/home/nvme03/workspace/Wan2.2/AI_Eval_Frames/Wan2_1_14B_64s/PHY_GRAVITY_003_Seed_1024/t_13s.jpg;/home/nvme03/workspace/Wan2.2/AI_Eval_Frames/Wan2_1_14B_64s/PHY_GRAVITY_003_Seed_1024/t_31s.jpg,,Inspect manually; root lacks enough action/camera/gravity evidence for automatic selection.
/home/nvme03/workspace/Wan2.2/AI_Eval_Frames/Wan2_1_14B_64s/PHY_GRAVITY_003_Seed_2046,WEAK_CANDIDATE,7,1,True,True,gravity,/home/nvme03/workspace/Wan2.2/AI_Eval_Frames/Wan2_1_14B_64s/PHY_GRAVITY_003_Seed_2046/t_27s.jpg;/home/nvme03/workspace/Wan2.2/AI_Eval_Frames/Wan2_1_14B_64s/PHY_GRAVITY_003_Seed_2046/t_47s.jpg;/home/nvme03/workspace/Wan2.2/AI_Eval_Frames/Wan2_1_14B_64s/PHY_GRAVITY_003_Seed_2046/t_55s.jpg;/home/nvme03/workspace/Wan2.2/AI_Eval_Frames/Wan2_1_14B_64s/PHY_GRAVITY_003_Seed_2046/t_19s.jpg;/home/nvme03/workspace/Wan2.2/AI_Eval_Frames/Wan2_1_14B_64s/PHY_GRAVITY_003_Seed_2046/t_33s.jpg;/home/nvme03/workspace/Wan2.2/AI_Eval_Frames/Wan2_1_14B_64s/PHY_GRAVITY_003_Seed_2046/t_29s.jpg;/home/nvme03/workspace/Wan2.2/AI_Eval_Frames/Wan2_1_14B_64s/PHY_GRAVITY_003_Seed_2046/t_13s.jpg;/home/nvme03/workspace/Wan2.2/AI_Eval_Frames/Wan2_1_14B_64s/PHY_GRAVITY_003_Seed_2046/t_31s.jpg,,Inspect manually; root lacks enough action/camera/gravity evidence for automatic selection.
/home/nvme03/workspace/Wan2.2/AI_Eval_Frames/Wan2_1_14B_64s/PHY_GRAVITY_003_Seed_42,WEAK_CANDIDATE,7,1,True,True,gravity,/home/nvme03/workspace/Wan2.2/AI_Eval_Frames/Wan2_1_14B_64s/PHY_GRAVITY_003_Seed_42/t_27s.jpg;/home/nvme03/workspace/Wan2.2/AI_Eval_Frames/Wan2_1_14B_64s/PHY_GRAVITY_003_Seed_42/t_47s.jpg;/home/nvme03/workspace/Wan2.2/AI_Eval_Frames/Wan2_1_14B_64s/PHY_GRAVITY_003_Seed_42/t_55s.jpg;/home/nvme03/workspace/Wan2.2/AI_Eval_Frames/Wan2_1_14B_64s/PHY_GRAVITY_003_Seed_42/t_19s.jpg;/home/nvme03/workspace/Wan2.2/AI_Eval_Frames/Wan2_1_14B_64s/PHY_GRAVITY_003_Seed_42/t_33s.jpg;/home/nvme03/workspace/Wan2.2/AI_Eval_Frames/Wan2_1_14B_64s/PHY_GRAVITY_003_Seed_42/t_29s.jpg;/home/nvme03/workspace/Wan2.2/AI_Eval_Frames/Wan2_1_14B_64s/PHY_GRAVITY_003_Seed_42/t_13s.jpg;/home/nvme03/workspace/Wan2.2/AI_Eval_Frames/Wan2_1_14B_64s/PHY_GRAVITY_003_Seed_42/t_31s.jpg,,Inspect manually; root lacks enough action/camera/gravity evidence for automatic selection.
/home/nvme03/workspace/Wan2.2/AI_Eval_Frames/Wan2_1_14B_64s/PHY_GRAVITY_004_Seed_1024,WEAK_CANDIDATE,7,1,True,True,gravity,/home/nvme03/workspace/Wan2.2/AI_Eval_Frames/Wan2_1_14B_64s/PHY_GRAVITY_004_Seed_1024/t_27s.jpg;/home/nvme03/workspace/Wan2.2/AI_Eval_Frames/Wan2_1_14B_64s/PHY_GRAVITY_004_Seed_1024/t_47s.jpg;/home/nvme03/workspace/Wan2.2/AI_Eval_Frames/Wan2_1_14B_64s/PHY_GRAVITY_004_Seed_1024/t_55s.jpg;/home/nvme03/workspace/Wan2.2/AI_Eval_Frames/Wan2_1_14B_64s/PHY_GRAVITY_004_Seed_1024/t_19s.jpg;/home/nvme03/workspace/Wan2.2/AI_Eval_Frames/Wan2_1_14B_64s/PHY_GRAVITY_004_Seed_1024/t_33s.jpg;/home/nvme03/workspace/Wan2.2/AI_Eval_Frames/Wan2_1_14B_64s/PHY_GRAVITY_004_Seed_1024/t_29s.jpg;/home/nvme03/workspace/Wan2.2/AI_Eval_Frames/Wan2_1_14B_64s/PHY_GRAVITY_004_Seed_1024/t_13s.jpg;/home/nvme03/workspace/Wan2.2/AI_Eval_Frames/Wan2_1_14B_64s/PHY_GRAVITY_004_Seed_1024/t_31s.jpg,,Inspect manually; root lacks enough action/camera/gravity evidence for automatic selection.
/home/nvme03/workspace/Wan2.2/AI_Eval_Frames/Wan2_1_14B_64s/PHY_GRAVITY_004_Seed_2046,WEAK_CANDIDATE,7,1,True,True,gravity,/home/nvme03/workspace/Wan2.2/AI_Eval_Frames/Wan2_1_14B_64s/PHY_GRAVITY_004_Seed_2046/t_27s.jpg;/home/nvme03/workspace/Wan2.2/AI_Eval_Frames/Wan2_1_14B_64s/PHY_GRAVITY_004_Seed_2046/t_47s.jpg;/home/nvme03/workspace/Wan2.2/AI_Eval_Frames/Wan2_1_14B_64s/PHY_GRAVITY_004_Seed_2046/t_55s.jpg;/home/nvme03/workspace/Wan2.2/AI_Eval_Frames/Wan2_1_14B_64s/PHY_GRAVITY_004_Seed_2046/t_19s.jpg;/home/nvme03/workspace/Wan2.2/AI_Eval_Frames/Wan2_1_14B_64s/PHY_GRAVITY_004_Seed_2046/t_33s.jpg;/home/nvme03/workspace/Wan2.2/AI_Eval_Frames/Wan2_1_14B_64s/PHY_GRAVITY_004_Seed_2046/t_29s.jpg;/home/nvme03/workspace/Wan2.2/AI_Eval_Frames/Wan2_1_14B_64s/PHY_GRAVITY_004_Seed_2046/t_13s.jpg;/home/nvme03/workspace/Wan2.2/AI_Eval_Frames/Wan2_1_14B_64s/PHY_GRAVITY_004_Seed_2046/t_31s.jpg,,Inspect manually; root lacks enough action/camera/gravity evidence for automatic selection.
/home/nvme03/workspace/Wan2.2/AI_Eval_Frames/Wan2_1_14B_64s/PHY_GRAVITY_004_Seed_42,WEAK_CANDIDATE,7,1,True,True,gravity,/home/nvme03/workspace/Wan2.2/AI_Eval_Frames/Wan2_1_14B_64s/PHY_GRAVITY_004_Seed_42/t_27s.jpg;/home/nvme03/workspace/Wan2.2/AI_Eval_Frames/Wan2_1_14B_64s/PHY_GRAVITY_004_Seed_42/t_47s.jpg;/home/nvme03/workspace/Wan2.2/AI_Eval_Frames/Wan2_1_14B_64s/PHY_GRAVITY_004_Seed_42/t_55s.jpg;/home/nvme03/workspace/Wan2.2/AI_Eval_Frames/Wan2_1_14B_64s/PHY_GRAVITY_004_Seed_42/t_19s.jpg;/home/nvme03/workspace/Wan2.2/AI_Eval_Frames/Wan2_1_14B_64s/PHY_GRAVITY_004_Seed_42/t_33s.jpg;/home/nvme03/workspace/Wan2.2/AI_Eval_Frames/Wan2_1_14B_64s/PHY_GRAVITY_004_Seed_42/t_29s.jpg;/home/nvme03/workspace/Wan2.2/AI_Eval_Frames/Wan2_1_14B_64s/PHY_GRAVITY_004_Seed_42/t_13s.jpg;/home/nvme03/workspace/Wan2.2/AI_Eval_Frames/Wan2_1_14B_64s/PHY_GRAVITY_004_Seed_42/t_31s.jpg,,Inspect manually; root lacks enough action/camera/gravity evidence for automatic selection.
/home/nvme03/workspace/Wan2.2/AI_Eval_Frames/Wan2_1_14B_64s/PHY_GRAVITY_005_Seed_1024,WEAK_CANDIDATE,7,1,True,True,gravity,/home/nvme03/workspace/Wan2.2/AI_Eval_Frames/Wan2_1_14B_64s/PHY_GRAVITY_005_Seed_1024/t_27s.jpg;/home/nvme03/workspace/Wan2.2/AI_Eval_Frames/Wan2_1_14B_64s/PHY_GRAVITY_005_Seed_1024/t_47s.jpg;/home/nvme03/workspace/Wan2.2/AI_Eval_Frames/Wan2_1_14B_64s/PHY_GRAVITY_005_Seed_1024/t_55s.jpg;/home/nvme03/workspace/Wan2.2/AI_Eval_Frames/Wan2_1_14B_64s/PHY_GRAVITY_005_Seed_1024/t_19s.jpg;/home/nvme03/workspace/Wan2.2/AI_Eval_Frames/Wan2_1_14B_64s/PHY_GRAVITY_005_Seed_1024/t_33s.jpg;/home/nvme03/workspace/Wan2.2/AI_Eval_Frames/Wan2_1_14B_64s/PHY_GRAVITY_005_Seed_1024/t_29s.jpg;/home/nvme03/workspace/Wan2.2/AI_Eval_Frames/Wan2_1_14B_64s/PHY_GRAVITY_005_Seed_1024/t_13s.jpg;/home/nvme03/workspace/Wan2.2/AI_Eval_Frames/Wan2_1_14B_64s/PHY_GRAVITY_005_Seed_1024/t_31s.jpg,,Inspect manually; root lacks enough action/camera/gravity evidence for automatic selection.
/home/nvme03/workspace/Wan2.2/AI_Eval_Frames/Wan2_1_14B_64s/PHY_GRAVITY_005_Seed_2046,WEAK_CANDIDATE,7,1,True,True,gravity,/home/nvme03/workspace/Wan2.2/AI_Eval_Frames/Wan2_1_14B_64s/PHY_GRAVITY_005_Seed_2046/t_27s.jpg;/home/nvme03/workspace/Wan2.2/AI_Eval_Frames/Wan2_1_14B_64s/PHY_GRAVITY_005_Seed_2046/t_47s.jpg;/home/nvme03/workspace/Wan2.2/AI_Eval_Frames/Wan2_1_14B_64s/PHY_GRAVITY_005_Seed_2046/t_55s.jpg;/home/nvme03/workspace/Wan2.2/AI_Eval_Frames/Wan2_1_14B_64s/PHY_GRAVITY_005_Seed_2046/t_19s.jpg;/home/nvme03/workspace/Wan2.2/AI_Eval_Frames/Wan2_1_14B_64s/PHY_GRAVITY_005_Seed_2046/t_33s.jpg;/home/nvme03/workspace/Wan2.2/AI_Eval_Frames/Wan2_1_14B_64s/PHY_GRAVITY_005_Seed_2046/t_29s.jpg;/home/nvme03/workspace/Wan2.2/AI_Eval_Frames/Wan2_1_14B_64s/PHY_GRAVITY_005_Seed_2046/t_13s.jpg;/home/nvme03/workspace/Wan2.2/AI_Eval_Frames/Wan2_1_14B_64s/PHY_GRAVITY_005_Seed_2046/t_31s.jpg,,Inspect manually; root lacks enough action/camera/gravity evidence for automatic selection.
/home/nvme03/workspace/Wan2.2/AI_Eval_Frames/Wan2_1_14B_64s/PHY_GRAVITY_005_Seed_42,WEAK_CANDIDATE,7,1,True,True,gravity,/home/nvme03/workspace/Wan2.2/AI_Eval_Frames/Wan2_1_14B_64s/PHY_GRAVITY_005_Seed_42/t_27s.jpg;/home/nvme03/workspace/Wan2.2/AI_Eval_Frames/Wan2_1_14B_64s/PHY_GRAVITY_005_Seed_42/t_47s.jpg;/home/nvme03/workspace/Wan2.2/AI_Eval_Frames/Wan2_1_14B_64s/PHY_GRAVITY_005_Seed_42/t_55s.jpg;/home/nvme03/workspace/Wan2.2/AI_Eval_Frames/Wan2_1_14B_64s/PHY_GRAVITY_005_Seed_42/t_19s.jpg;/home/nvme03/workspace/Wan2.2/AI_Eval_Frames/Wan2_1_14B_64s/PHY_GRAVITY_005_Seed_42/t_33s.jpg;/home/nvme03/workspace/Wan2.2/AI_Eval_Frames/Wan2_1_14B_64s/PHY_GRAVITY_005_Seed_42/t_29s.jpg;/home/nvme03/workspace/Wan2.2/AI_Eval_Frames/Wan2_1_14B_64s/PHY_GRAVITY_005_Seed_42/t_13s.jpg;/home/nvme03/workspace/Wan2.2/AI_Eval_Frames/Wan2_1_14B_64s/PHY_GRAVITY_005_Seed_42/t_31s.jpg,,Inspect manually; root lacks enough action/camera/gravity evidence for automatic selection.
/home/nvme03/workspace/Wan2.2/AI_Eval_Frames/Wan2_1_1_3B_16s/PHY_GRAVITY_001_Seed_1024,WEAK_CANDIDATE,7,1,True,True,gravity,/home/nvme03/workspace/Wan2.2/AI_Eval_Frames/Wan2_1_1_3B_16s/PHY_GRAVITY_001_Seed_1024/t_13s.jpg;/home/nvme03/workspace/Wan2.2/AI_Eval_Frames/Wan2_1_1_3B_16s/PHY_GRAVITY_001_Seed_1024/t_07s.jpg;/home/nvme03/workspace/Wan2.2/AI_Eval_Frames/Wan2_1_1_3B_16s/PHY_GRAVITY_001_Seed_1024/t_09s.jpg;/home/nvme03/workspace/Wan2.2/AI_Eval_Frames/Wan2_1_1_3B_16s/PHY_GRAVITY_001_Seed_1024/t_05s.jpg;/home/nvme03/workspace/Wan2.2/AI_Eval_Frames/Wan2_1_1_3B_16s/PHY_GRAVITY_001_Seed_1024/t_03s.jpg;/home/nvme03/workspace/Wan2.2/AI_Eval_Frames/Wan2_1_1_3B_16s/PHY_GRAVITY_001_Seed_1024/t_11s.jpg;/home/nvme03/workspace/Wan2.2/AI_Eval_Frames/Wan2_1_1_3B_16s/PHY_GRAVITY_001_Seed_1024/t_15s.jpg;/home/nvme03/workspace/Wan2.2/AI_Eval_Frames/Wan2_1_1_3B_16s/PHY_GRAVITY_001_Seed_1024/t_01s.jpg,,Inspect manually; root lacks enough action/camera/gravity evidence for automatic selection.
/home/nvme03/workspace/Wan2.2/AI_Eval_Frames/Wan2_1_1_3B_16s/PHY_GRAVITY_001_Seed_2046,WEAK_CANDIDATE,7,1,True,True,gravity,/home/nvme03/workspace/Wan2.2/AI_Eval_Frames/Wan2_1_1_3B_16s/PHY_GRAVITY_001_Seed_2046/t_13s.jpg;/home/nvme03/workspace/Wan2.2/AI_Eval_Frames/Wan2_1_1_3B_16s/PHY_GRAVITY_001_Seed_2046/t_07s.jpg;/home/nvme03/workspace/Wan2.2/AI_Eval_Frames/Wan2_1_1_3B_16s/PHY_GRAVITY_001_Seed_2046/t_09s.jpg;/home/nvme03/workspace/Wan2.2/AI_Eval_Frames/Wan2_1_1_3B_16s/PHY_GRAVITY_001_Seed_2046/t_05s.jpg;/home/nvme03/workspace/Wan2.2/AI_Eval_Frames/Wan2_1_1_3B_16s/PHY_GRAVITY_001_Seed_2046/t_03s.jpg;/home/nvme03/workspace/Wan2.2/AI_Eval_Frames/Wan2_1_1_3B_16s/PHY_GRAVITY_001_Seed_2046/t_11s.jpg;/home/nvme03/workspace/Wan2.2/AI_Eval_Frames/Wan2_1_1_3B_16s/PHY_GRAVITY_001_Seed_2046/t_15s.jpg;/home/nvme03/workspace/Wan2.2/AI_Eval_Frames/Wan2_1_1_3B_16s/PHY_GRAVITY_001_Seed_2046/t_01s.jpg,,Inspect manually; root lacks enough action/camera/gravity evidence for automatic selection.
/home/nvme03/workspace/Wan2.2/AI_Eval_Frames/Wan2_1_1_3B_16s/PHY_GRAVITY_001_Seed_42,WEAK_CANDIDATE,7,1,True,True,gravity,/home/nvme03/workspace/Wan2.2/AI_Eval_Frames/Wan2_1_1_3B_16s/PHY_GRAVITY_001_Seed_42/t_13s.jpg;/home/nvme03/workspace/Wan2.2/AI_Eval_Frames/Wan2_1_1_3B_16s/PHY_GRAVITY_001_Seed_42/t_07s.jpg;/home/nvme03/workspace/Wan2.2/AI_Eval_Frames/Wan2_1_1_3B_16s/PHY_GRAVITY_001_Seed_42/t_09s.jpg;/home/nvme03/workspace/Wan2.2/AI_Eval_Frames/Wan2_1_1_3B_16s/PHY_GRAVITY_001_Seed_42/t_05s.jpg;/home/nvme03/workspace/Wan2.2/AI_Eval_Frames/Wan2_1_1_3B_16s/PHY_GRAVITY_001_Seed_42/t_03s.jpg;/home/nvme03/workspace/Wan2.2/AI_Eval_Frames/Wan2_1_1_3B_16s/PHY_GRAVITY_001_Seed_42/t_11s.jpg;/home/nvme03/workspace/Wan2.2/AI_Eval_Frames/Wan2_1_1_3B_16s/PHY_GRAVITY_001_Seed_42/t_15s.jpg;/home/nvme03/workspace/Wan2.2/AI_Eval_Frames/Wan2_1_1_3B_16s/PHY_GRAVITY_001_Seed_42/t_01s.jpg,,Inspect manually; root lacks enough action/camera/gravity evidence for automatic selection.
/home/nvme03/workspace/Wan2.2/AI_Eval_Frames/Wan2_1_1_3B_16s/PHY_GRAVITY_002_Seed_1024,WEAK_CANDIDATE,7,1,True,True,gravity,/home/nvme03/workspace/Wan2.2/AI_Eval_Frames/Wan2_1_1_3B_16s/PHY_GRAVITY_002_Seed_1024/t_13s.jpg;/home/nvme03/workspace/Wan2.2/AI_Eval_Frames/Wan2_1_1_3B_16s/PHY_GRAVITY_002_Seed_1024/t_07s.jpg;/home/nvme03/workspace/Wan2.2/AI_Eval_Frames/Wan2_1_1_3B_16s/PHY_GRAVITY_002_Seed_1024/t_09s.jpg;/home/nvme03/workspace/Wan2.2/AI_Eval_Frames/Wan2_1_1_3B_16s/PHY_GRAVITY_002_Seed_1024/t_05s.jpg;/home/nvme03/workspace/Wan2.2/AI_Eval_Frames/Wan2_1_1_3B_16s/PHY_GRAVITY_002_Seed_1024/t_03s.jpg;/home/nvme03/workspace/Wan2.2/AI_Eval_Frames/Wan2_1_1_3B_16s/PHY_GRAVITY_002_Seed_1024/t_11s.jpg;/home/nvme03/workspace/Wan2.2/AI_Eval_Frames/Wan2_1_1_3B_16s/PHY_GRAVITY_002_Seed_1024/t_15s.jpg;/home/nvme03/workspace/Wan2.2/AI_Eval_Frames/Wan2_1_1_3B_16s/PHY_GRAVITY_002_Seed_1024/t_01s.jpg,,Inspect manually; root lacks enough action/camera/gravity evidence for automatic selection.
/home/nvme03/workspace/Wan2.2/AI_Eval_Frames/Wan2_1_1_3B_16s/PHY_GRAVITY_002_Seed_2046,WEAK_CANDIDATE,7,1,True,True,gravity,/home/nvme03/workspace/Wan2.2/AI_Eval_Frames/Wan2_1_1_3B_16s/PHY_GRAVITY_002_Seed_2046/t_13s.jpg;/home/nvme03/workspace/Wan2.2/AI_Eval_Frames/Wan2_1_1_3B_16s/PHY_GRAVITY_002_Seed_2046/t_07s.jpg;/home/nvme03/workspace/Wan2.2/AI_Eval_Frames/Wan2_1_1_3B_16s/PHY_GRAVITY_002_Seed_2046/t_09s.jpg;/home/nvme03/workspace/Wan2.2/AI_Eval_Frames/Wan2_1_1_3B_16s/PHY_GRAVITY_002_Seed_2046/t_05s.jpg;/home/nvme03/workspace/Wan2.2/AI_Eval_Frames/Wan2_1_1_3B_16s/PHY_GRAVITY_002_Seed_2046/t_03s.jpg;/home/nvme03/workspace/Wan2.2/AI_Eval_Frames/Wan2_1_1_3B_16s/PHY_GRAVITY_002_Seed_2046/t_11s.jpg;/home/nvme03/workspace/Wan2.2/AI_Eval_Frames/Wan2_1_1_3B_16s/PHY_GRAVITY_002_Seed_2046/t_15s.jpg;/home/nvme03/workspace/Wan2.2/AI_Eval_Frames/Wan2_1_1_3B_16s/PHY_GRAVITY_002_Seed_2046/t_01s.jpg,,Inspect manually; root lacks enough action/camera/gravity evidence for automatic selection.
/home/nvme03/workspace/Wan2.2/AI_Eval_Frames/Wan2_1_1_3B_16s/PHY_GRAVITY_002_Seed_42,WEAK_CANDIDATE,7,1,True,True,gravity,/home/nvme03/workspace/Wan2.2/AI_Eval_Frames/Wan2_1_1_3B_16s/PHY_GRAVITY_002_Seed_42/t_13s.jpg;/home/nvme03/workspace/Wan2.2/AI_Eval_Frames/Wan2_1_1_3B_16s/PHY_GRAVITY_002_Seed_42/t_07s.jpg;/home/nvme03/workspace/Wan2.2/AI_Eval_Frames/Wan2_1_1_3B_16s/PHY_GRAVITY_002_Seed_42/t_09s.jpg;/home/nvme03/workspace/Wan2.2/AI_Eval_Frames/Wan2_1_1_3B_16s/PHY_GRAVITY_002_Seed_42/t_05s.jpg;/home/nvme03/workspace/Wan2.2/AI_Eval_Frames/Wan2_1_1_3B_16s/PHY_GRAVITY_002_Seed_42/t_03s.jpg;/home/nvme03/workspace/Wan2.2/AI_Eval_Frames/Wan2_1_1_3B_16s/PHY_GRAVITY_002_Seed_42/t_11s.jpg;/home/nvme03/workspace/Wan2.2/AI_Eval_Frames/Wan2_1_1_3B_16s/PHY_GRAVITY_002_Seed_42/t_15s.jpg;/home/nvme03/workspace/Wan2.2/AI_Eval_Frames/Wan2_1_1_3B_16s/PHY_GRAVITY_002_Seed_42/t_01s.jpg,,Inspect manually; root lacks enough action/camera/gravity evidence for automatic selection.
/home/nvme03/workspace/Wan2.2/AI_Eval_Frames/Wan2_1_1_3B_16s/PHY_GRAVITY_003_Seed_1024,WEAK_CANDIDATE,7,1,True,True,gravity,/home/nvme03/workspace/Wan2.2/AI_Eval_Frames/Wan2_1_1_3B_16s/PHY_GRAVITY_003_Seed_1024/t_13s.jpg;/home/nvme03/workspace/Wan2.2/AI_Eval_Frames/Wan2_1_1_3B_16s/PHY_GRAVITY_003_Seed_1024/t_07s.jpg;/home/nvme03/workspace/Wan2.2/AI_Eval_Frames/Wan2_1_1_3B_16s/PHY_GRAVITY_003_Seed_1024/t_09s.jpg;/home/nvme03/workspace/Wan2.2/AI_Eval_Frames/Wan2_1_1_3B_16s/PHY_GRAVITY_003_Seed_1024/t_05s.jpg;/home/nvme03/workspace/Wan2.2/AI_Eval_Frames/Wan2_1_1_3B_16s/PHY_GRAVITY_003_Seed_1024/t_03s.jpg;/home/nvme03/workspace/Wan2.2/AI_Eval_Frames/Wan2_1_1_3B_16s/PHY_GRAVITY_003_Seed_1024/t_11s.jpg;/home/nvme03/workspace/Wan2.2/AI_Eval_Frames/Wan2_1_1_3B_16s/PHY_GRAVITY_003_Seed_1024/t_15s.jpg;/home/nvme03/workspace/Wan2.2/AI_Eval_Frames/Wan2_1_1_3B_16s/PHY_GRAVITY_003_Seed_1024/t_01s.jpg,,Inspect manually; root lacks enough action/camera/gravity evidence for automatic selection.
/home/nvme03/workspace/Wan2.2/AI_Eval_Frames/Wan2_1_1_3B_16s/PHY_GRAVITY_003_Seed_2046,WEAK_CANDIDATE,7,1,True,True,gravity,/home/nvme03/workspace/Wan2.2/AI_Eval_Frames/Wan2_1_1_3B_16s/PHY_GRAVITY_003_Seed_2046/t_13s.jpg;/home/nvme03/workspace/Wan2.2/AI_Eval_Frames/Wan2_1_1_3B_16s/PHY_GRAVITY_003_Seed_2046/t_07s.jpg;/home/nvme03/workspace/Wan2.2/AI_Eval_Frames/Wan2_1_1_3B_16s/PHY_GRAVITY_003_Seed_2046/t_09s.jpg;/home/nvme03/workspace/Wan2.2/AI_Eval_Frames/Wan2_1_1_3B_16s/PHY_GRAVITY_003_Seed_2046/t_05s.jpg;/home/nvme03/workspace/Wan2.2/AI_Eval_Frames/Wan2_1_1_3B_16s/PHY_GRAVITY_003_Seed_2046/t_03s.jpg;/home/nvme03/workspace/Wan2.2/AI_Eval_Frames/Wan2_1_1_3B_16s/PHY_GRAVITY_003_Seed_2046/t_11s.jpg;/home/nvme03/workspace/Wan2.2/AI_Eval_Frames/Wan2_1_1_3B_16s/PHY_GRAVITY_003_Seed_2046/t_15s.jpg;/home/nvme03/workspace/Wan2.2/AI_Eval_Frames/Wan2_1_1_3B_16s/PHY_GRAVITY_003_Seed_2046/t_01s.jpg,,Inspect manually; root lacks enough action/camera/gravity evidence for automatic selection.
/home/nvme03/workspace/Wan2.2/AI_Eval_Frames/Wan2_1_1_3B_16s/PHY_GRAVITY_003_Seed_42,WEAK_CANDIDATE,7,1,True,True,gravity,/home/nvme03/workspace/Wan2.2/AI_Eval_Frames/Wan2_1_1_3B_16s/PHY_GRAVITY_003_Seed_42/t_13s.jpg;/home/nvme03/workspace/Wan2.2/AI_Eval_Frames/Wan2_1_1_3B_16s/PHY_GRAVITY_003_Seed_42/t_07s.jpg;/home/nvme03/workspace/Wan2.2/AI_Eval_Frames/Wan2_1_1_3B_16s/PHY_GRAVITY_003_Seed_42/t_09s.jpg;/home/nvme03/workspace/Wan2.2/AI_Eval_Frames/Wan2_1_1_3B_16s/PHY_GRAVITY_003_Seed_42/t_05s.jpg;/home/nvme03/workspace/Wan2.2/AI_Eval_Frames/Wan2_1_1_3B_16s/PHY_GRAVITY_003_Seed_42/t_03s.jpg;/home/nvme03/workspace/Wan2.2/AI_Eval_Frames/Wan2_1_1_3B_16s/PHY_GRAVITY_003_Seed_42/t_11s.jpg;/home/nvme03/workspace/Wan2.2/AI_Eval_Frames/Wan2_1_1_3B_16s/PHY_GRAVITY_003_Seed_42/t_15s.jpg;/home/nvme03/workspace/Wan2.2/AI_Eval_Frames/Wan2_1_1_3B_16s/PHY_GRAVITY_003_Seed_42/t_01s.jpg,,Inspect manually; root lacks enough action/camera/gravity evidence for automatic selection.
/home/nvme03/workspace/Wan2.2/AI_Eval_Frames/Wan2_1_1_3B_16s/PHY_GRAVITY_004_Seed_1024,WEAK_CANDIDATE,7,1,True,True,gravity,/home/nvme03/workspace/Wan2.2/AI_Eval_Frames/Wan2_1_1_3B_16s/PHY_GRAVITY_004_Seed_1024/t_13s.jpg;/home/nvme03/workspace/Wan2.2/AI_Eval_Frames/Wan2_1_1_3B_16s/PHY_GRAVITY_004_Seed_1024/t_07s.jpg;/home/nvme03/workspace/Wan2.2/AI_Eval_Frames/Wan2_1_1_3B_16s/PHY_GRAVITY_004_Seed_1024/t_09s.jpg;/home/nvme03/workspace/Wan2.2/AI_Eval_Frames/Wan2_1_1_3B_16s/PHY_GRAVITY_004_Seed_1024/t_05s.jpg;/home/nvme03/workspace/Wan2.2/AI_Eval_Frames/Wan2_1_1_3B_16s/PHY_GRAVITY_004_Seed_1024/t_03s.jpg;/home/nvme03/workspace/Wan2.2/AI_Eval_Frames/Wan2_1_1_3B_16s/PHY_GRAVITY_004_Seed_1024/t_11s.jpg;/home/nvme03/workspace/Wan2.2/AI_Eval_Frames/Wan2_1_1_3B_16s/PHY_GRAVITY_004_Seed_1024/t_15s.jpg;/home/nvme03/workspace/Wan2.2/AI_Eval_Frames/Wan2_1_1_3B_16s/PHY_GRAVITY_004_Seed_1024/t_01s.jpg,,Inspect manually; root lacks enough action/camera/gravity evidence for automatic selection.
/home/nvme03/workspace/Wan2.2/AI_Eval_Frames/Wan2_1_1_3B_16s/PHY_GRAVITY_004_Seed_2046,WEAK_CANDIDATE,7,1,True,True,gravity,/home/nvme03/workspace/Wan2.2/AI_Eval_Frames/Wan2_1_1_3B_16s/PHY_GRAVITY_004_Seed_2046/t_13s.jpg;/home/nvme03/workspace/Wan2.2/AI_Eval_Frames/Wan2_1_1_3B_16s/PHY_GRAVITY_004_Seed_2046/t_07s.jpg;/home/nvme03/workspace/Wan2.2/AI_Eval_Frames/Wan2_1_1_3B_16s/PHY_GRAVITY_004_Seed_2046/t_09s.jpg;/home/nvme03/workspace/Wan2.2/AI_Eval_Frames/Wan2_1_1_3B_16s/PHY_GRAVITY_004_Seed_2046/t_05s.jpg;/home/nvme03/workspace/Wan2.2/AI_Eval_Frames/Wan2_1_1_3B_16s/PHY_GRAVITY_004_Seed_2046/t_03s.jpg;/home/nvme03/workspace/Wan2.2/AI_Eval_Frames/Wan2_1_1_3B_16s/PHY_GRAVITY_004_Seed_2046/t_11s.jpg;/home/nvme03/workspace/Wan2.2/AI_Eval_Frames/Wan2_1_1_3B_16s/PHY_GRAVITY_004_Seed_2046/t_15s.jpg;/home/nvme03/workspace/Wan2.2/AI_Eval_Frames/Wan2_1_1_3B_16s/PHY_GRAVITY_004_Seed_2046/t_01s.jpg,,Inspect manually; root lacks enough action/camera/gravity evidence for automatic selection.
/home/nvme03/workspace/Wan2.2/AI_Eval_Frames/Wan2_1_1_3B_16s/PHY_GRAVITY_004_Seed_42,WEAK_CANDIDATE,7,1,True,True,gravity,/home/nvme03/workspace/Wan2.2/AI_Eval_Frames/Wan2_1_1_3B_16s/PHY_GRAVITY_004_Seed_42/t_13s.jpg;/home/nvme03/workspace/Wan2.2/AI_Eval_Frames/Wan2_1_1_3B_16s/PHY_GRAVITY_004_Seed_42/t_07s.jpg;/home/nvme03/workspace/Wan2.2/AI_Eval_Frames/Wan2_1_1_3B_16s/PHY_GRAVITY_004_Seed_42/t_09s.jpg;/home/nvme03/workspace/Wan2.2/AI_Eval_Frames/Wan2_1_1_3B_16s/PHY_GRAVITY_004_Seed_42/t_05s.jpg;/home/nvme03/workspace/Wan2.2/AI_Eval_Frames/Wan2_1_1_3B_16s/PHY_GRAVITY_004_Seed_42/t_03s.jpg;/home/nvme03/workspace/Wan2.2/AI_Eval_Frames/Wan2_1_1_3B_16s/PHY_GRAVITY_004_Seed_42/t_11s.jpg;/home/nvme03/workspace/Wan2.2/AI_Eval_Frames/Wan2_1_1_3B_16s/PHY_GRAVITY_004_Seed_42/t_15s.jpg;/home/nvme03/workspace/Wan2.2/AI_Eval_Frames/Wan2_1_1_3B_16s/PHY_GRAVITY_004_Seed_42/t_01s.jpg,,Inspect manually; root lacks enough action/camera/gravity evidence for automatic selection.
/home/nvme03/workspace/Wan2.2/AI_Eval_Frames/Wan2_1_1_3B_16s/PHY_GRAVITY_005_Seed_1024,WEAK_CANDIDATE,7,1,True,True,gravity,/home/nvme03/workspace/Wan2.2/AI_Eval_Frames/Wan2_1_1_3B_16s/PHY_GRAVITY_005_Seed_1024/t_13s.jpg;/home/nvme03/workspace/Wan2.2/AI_Eval_Frames/Wan2_1_1_3B_16s/PHY_GRAVITY_005_Seed_1024/t_07s.jpg;/home/nvme03/workspace/Wan2.2/AI_Eval_Frames/Wan2_1_1_3B_16s/PHY_GRAVITY_005_Seed_1024/t_09s.jpg;/home/nvme03/workspace/Wan2.2/AI_Eval_Frames/Wan2_1_1_3B_16s/PHY_GRAVITY_005_Seed_1024/t_05s.jpg;/home/nvme03/workspace/Wan2.2/AI_Eval_Frames/Wan2_1_1_3B_16s/PHY_GRAVITY_005_Seed_1024/t_03s.jpg;/home/nvme03/workspace/Wan2.2/AI_Eval_Frames/Wan2_1_1_3B_16s/PHY_GRAVITY_005_Seed_1024/t_11s.jpg;/home/nvme03/workspace/Wan2.2/AI_Eval_Frames/Wan2_1_1_3B_16s/PHY_GRAVITY_005_Seed_1024/t_15s.jpg;/home/nvme03/workspace/Wan2.2/AI_Eval_Frames/Wan2_1_1_3B_16s/PHY_GRAVITY_005_Seed_1024/t_01s.jpg,,Inspect manually; root lacks enough action/camera/gravity evidence for automatic selection.
/home/nvme03/workspace/Wan2.2/AI_Eval_Frames/Wan2_1_1_3B_16s/PHY_GRAVITY_005_Seed_2046,WEAK_CANDIDATE,7,1,True,True,gravity,/home/nvme03/workspace/Wan2.2/AI_Eval_Frames/Wan2_1_1_3B_16s/PHY_GRAVITY_005_Seed_2046/t_13s.jpg;/home/nvme03/workspace/Wan2.2/AI_Eval_Frames/Wan2_1_1_3B_16s/PHY_GRAVITY_005_Seed_2046/t_07s.jpg;/home/nvme03/workspace/Wan2.2/AI_Eval_Frames/Wan2_1_1_3B_16s/PHY_GRAVITY_005_Seed_2046/t_09s.jpg;/home/nvme03/workspace/Wan2.2/AI_Eval_Frames/Wan2_1_1_3B_16s/PHY_GRAVITY_005_Seed_2046/t_05s.jpg;/home/nvme03/workspace/Wan2.2/AI_Eval_Frames/Wan2_1_1_3B_16s/PHY_GRAVITY_005_Seed_2046/t_03s.jpg;/home/nvme03/workspace/Wan2.2/AI_Eval_Frames/Wan2_1_1_3B_16s/PHY_GRAVITY_005_Seed_2046/t_11s.jpg;/home/nvme03/workspace/Wan2.2/AI_Eval_Frames/Wan2_1_1_3B_16s/PHY_GRAVITY_005_Seed_2046/t_15s.jpg;/home/nvme03/workspace/Wan2.2/AI_Eval_Frames/Wan2_1_1_3B_16s/PHY_GRAVITY_005_Seed_2046/t_01s.jpg,,Inspect manually; root lacks enough action/camera/gravity evidence for automatic selection.
/home/nvme03/workspace/Wan2.2/AI_Eval_Frames/Wan2_1_1_3B_16s/PHY_GRAVITY_005_Seed_42,WEAK_CANDIDATE,7,1,True,True,gravity,/home/nvme03/workspace/Wan2.2/AI_Eval_Frames/Wan2_1_1_3B_16s/PHY_GRAVITY_005_Seed_42/t_13s.jpg;/home/nvme03/workspace/Wan2.2/AI_Eval_Frames/Wan2_1_1_3B_16s/PHY_GRAVITY_005_Seed_42/t_07s.jpg;/home/nvme03/workspace/Wan2.2/AI_Eval_Frames/Wan2_1_1_3B_16s/PHY_GRAVITY_005_Seed_42/t_09s.jpg;/home/nvme03/workspace/Wan2.2/AI_Eval_Frames/Wan2_1_1_3B_16s/PHY_GRAVITY_005_Seed_42/t_05s.jpg;/home/nvme03/workspace/Wan2.2/AI_Eval_Frames/Wan2_1_1_3B_16s/PHY_GRAVITY_005_Seed_42/t_03s.jpg;/home/nvme03/workspace/Wan2.2/AI_Eval_Frames/Wan2_1_1_3B_16s/PHY_GRAVITY_005_Seed_42/t_11s.jpg;/home/nvme03/workspace/Wan2.2/AI_Eval_Frames/Wan2_1_1_3B_16s/PHY_GRAVITY_005_Seed_42/t_15s.jpg;/home/nvme03/workspace/Wan2.2/AI_Eval_Frames/Wan2_1_1_3B_16s/PHY_GRAVITY_005_Seed_42/t_01s.jpg,,Inspect manually; root lacks enough action/camera/gravity evidence for automatic selection.
/home/nvme03/SZQ-WAM/miniconda3/lib/python3.13/__pycache__/antigravity.cpython-313.pyc,WEAK_CANDIDATE,6,1,True,False,gravity,,,Inspect manually; root lacks enough action/camera/gravity evidence for automatic selection.
/home/nvme03/envs/worldmodel_phys/lib/python3.10/__pycache__/antigravity.cpython-310.pyc,WEAK_CANDIDATE,6,1,True,False,gravity,,,Inspect manually; root lacks enough action/camera/gravity evidence for automatic selection.
/home/nvme03/nvme02_migration/VIDEOPHY2/output/random_subset_replay_videophy2,WEAK_CANDIDATE,6,1,True,True,replay,/home/nvme03/nvme02_migration/VIDEOPHY2/output/random_subset_replay_videophy2/summary.json;/home/nvme03/nvme02_migration/VIDEOPHY2/output/random_subset_replay_videophy2/manifests/random100_seed4.csv;/home/nvme03/nvme02_migration/VIDEOPHY2/output/random_subset_replay_videophy2/manifests/random100_seed2.csv;/home/nvme03/nvme02_migration/VIDEOPHY2/output/random_subset_replay_videophy2/manifests/random100_seed0.csv;/home/nvme03/nvme02_migration/VIDEOPHY2/output/random_subset_replay_videophy2/manifests/random100_seed1.csv;/home/nvme03/nvme02_migration/VIDEOPHY2/output/random_subset_replay_videophy2/manifests/random100_seed3.csv,,Inspect manually; root lacks enough action/camera/gravity evidence for automatic selection.
/home/nvme03/qianyupeng/miniconda3/lib/python3.13/__pycache__/antigravity.cpython-313.pyc,WEAK_CANDIDATE,6,1,True,False,gravity,,,Inspect manually; root lacks enough action/camera/gravity evidence for automatic selection.
/home/nvme03/ubuntu_home_redirect/.vscode-server/extensions/openai.chatgpt-26.506.31421-linux-x64/webview/apps/antigravity.png,WEAK_CANDIDATE,6,1,True,False,gravity,,,Inspect manually; root lacks enough action/camera/gravity evidence for automatic selection.
/home/nvme03/workspace/world_model_phys/outputs/cogvideox_i2v_bon/official_eval_replay,WEAK_CANDIDATE,6,1,True,True,replay,/home/nvme03/workspace/world_model_phys/outputs/cogvideox_i2v_bon/official_eval_replay/results/physics_IQ_score_barplot.pdf;/home/nvme03/workspace/world_model_phys/outputs/cogvideox_i2v_bon/official_eval_replay/results/explicit.csv;/home/nvme03/workspace/world_model_phys/outputs/cogvideox_i2v_bon/official_eval_replay/results/bo1_guidance.csv,,Inspect manually; root lacks enough action/camera/gravity evidence for automatic selection.
/home/nvme04/chenzhihong/habitat-sim/src/esp/gfx/replay,WEAK_CANDIDATE,6,1,True,True,replay,/home/nvme04/chenzhihong/habitat-sim/src/esp/gfx/replay/Recorder.cpp;/home/nvme04/chenzhihong/habitat-sim/src/esp/gfx/replay/ReplayManager.h;/home/nvme04/chenzhihong/habitat-sim/src/esp/gfx/replay/Player.h;/home/nvme04/chenzhihong/habitat-sim/src/esp/gfx/replay/Recorder.h;/home/nvme04/chenzhihong/habitat-sim/src/esp/gfx/replay/Player.cpp;/home/nvme04/chenzhihong/habitat-sim/src/esp/gfx/replay/ReplayManager.cpp;/home/nvme04/chenzhihong/habitat-sim/src/esp/gfx/replay/Keyframe.h,,Inspect manually; root lacks enough action/camera/gravity evidence for automatic selection.
/home/nvme04/hezekai/habitat-sim.bak/src/esp/gfx/replay,WEAK_CANDIDATE,6,1,True,True,replay,/home/nvme04/hezekai/habitat-sim.bak/src/esp/gfx/replay/Recorder.cpp;/home/nvme04/hezekai/habitat-sim.bak/src/esp/gfx/replay/ReplayManager.h;/home/nvme04/hezekai/habitat-sim.bak/src/esp/gfx/replay/Player.h;/home/nvme04/hezekai/habitat-sim.bak/src/esp/gfx/replay/Recorder.h;/home/nvme04/hezekai/habitat-sim.bak/src/esp/gfx/replay/Player.cpp;/home/nvme04/hezekai/habitat-sim.bak/src/esp/gfx/replay/ReplayManager.cpp;/home/nvme04/hezekai/habitat-sim.bak/src/esp/gfx/replay/Keyframe.h,,Inspect manually; root lacks enough action/camera/gravity evidence for automatic selection.
/home/nvme04/hezekai/habitat-sim/src/esp/gfx/replay,WEAK_CANDIDATE,6,1,True,True,replay,/home/nvme04/hezekai/habitat-sim/src/esp/gfx/replay/Recorder.cpp;/home/nvme04/hezekai/habitat-sim/src/esp/gfx/replay/ReplayManager.h;/home/nvme04/hezekai/habitat-sim/src/esp/gfx/replay/Player.h;/home/nvme04/hezekai/habitat-sim/src/esp/gfx/replay/Recorder.h;/home/nvme04/hezekai/habitat-sim/src/esp/gfx/replay/Player.cpp;/home/nvme04/hezekai/habitat-sim/src/esp/gfx/replay/ReplayManager.cpp;/home/nvme04/hezekai/habitat-sim/src/esp/gfx/replay/Keyframe.h,,Inspect manually; root lacks enough action/camera/gravity evidence for automatic selection.
/home/nvme03/ubuntu_home_redirect/.vscode-server/extensions/ms-python.vscode-pylance-2026.2.1/typings/vscode.proposed.codeActionAI.d.ts,WEAK_CANDIDATE,5,1,True,False,"action,camera",,,Inspect manually; root lacks enough action/camera/gravity evidence for automatic selection.
/home/nvme03/workspace/lingbot-world/physinone_candidate128_missing77_conditions_81f_20260519_0034/AccelPanelSpin_BalloonFloat_BalloonTether__bg162__svs3C7,REJECT_LIKELY_FALSE_POSITIVE,5,1,True,True,"action,camera,intrinsics,video",/home/nvme03/workspace/lingbot-world/physinone_candidate128_missing77_conditions_81f_20260519_0034/AccelPanelSpin_BalloonFloat_BalloonTether__bg162__svs3C7/action.npy;/home/nvme03/workspace/lingbot-world/physinone_candidate128_missing77_conditions_81f_20260519_0034/AccelPanelSpin_BalloonFloat_BalloonTether__bg162__svs3C7/poses.npy;/home/nvme03/workspace/lingbot-world/physinone_candidate128_missing77_conditions_81f_20260519_0034/AccelPanelSpin_BalloonFloat_BalloonTether__bg162__svs3C7/scene_trajectory.json;/home/nvme03/workspace/lingbot-world/physinone_candidate128_missing77_conditions_81f_20260519_0034/AccelPanelSpin_BalloonFloat_BalloonTether__bg162__svs3C7/target_video.mp4;/home/nvme03/workspace/lingbot-world/physinone_candidate128_missing77_conditions_81f_20260519_0034/AccelPanelSpin_BalloonFloat_BalloonTether__bg162__svs3C7/intrinsics.npy,physinone,Do not use as PhysEditWorld selected 50h root.
/home/nvme03/workspace/lingbot-world/physinone_candidate128_missing77_conditions_81f_20260519_0034/FrictionStop_BalloonLift_ChainSuspend__bg167__QWmx92,REJECT_LIKELY_FALSE_POSITIVE,5,1,True,True,"action,camera,intrinsics,video",/home/nvme03/workspace/lingbot-world/physinone_candidate128_missing77_conditions_81f_20260519_0034/FrictionStop_BalloonLift_ChainSuspend__bg167__QWmx92/action.npy;/home/nvme03/workspace/lingbot-world/physinone_candidate128_missing77_conditions_81f_20260519_0034/FrictionStop_BalloonLift_ChainSuspend__bg167__QWmx92/poses.npy;/home/nvme03/workspace/lingbot-world/physinone_candidate128_missing77_conditions_81f_20260519_0034/FrictionStop_BalloonLift_ChainSuspend__bg167__QWmx92/scene_trajectory.json;/home/nvme03/workspace/lingbot-world/physinone_candidate128_missing77_conditions_81f_20260519_0034/FrictionStop_BalloonLift_ChainSuspend__bg167__QWmx92/target_video.mp4;/home/nvme03/workspace/lingbot-world/physinone_candidate128_missing77_conditions_81f_20260519_0034/FrictionStop_BalloonLift_ChainSuspend__bg167__QWmx92/intrinsics.npy,physinone,Do not use as PhysEditWorld selected 50h root.
/home/nvme03/workspace/lingbot-world/physinone_candidate128_missing77_conditions_81f_20260519_0034/FrictionStop_BalloonLift_StickSupportFail__bg167__TeHlbr,REJECT_LIKELY_FALSE_POSITIVE,5,1,True,True,"action,camera,intrinsics,video",/home/nvme03/workspace/lingbot-world/physinone_candidate128_missing77_conditions_81f_20260519_0034/FrictionStop_BalloonLift_StickSupportFail__bg167__TeHlbr/action.npy;/home/nvme03/workspace/lingbot-world/physinone_candidate128_missing77_conditions_81f_20260519_0034/FrictionStop_BalloonLift_StickSupportFail__bg167__TeHlbr/poses.npy;/home/nvme03/workspace/lingbot-world/physinone_candidate128_missing77_conditions_81f_20260519_0034/FrictionStop_BalloonLift_StickSupportFail__bg167__TeHlbr/scene_trajectory.json;/home/nvme03/workspace/lingbot-world/physinone_candidate128_missing77_conditions_81f_20260519_0034/FrictionStop_BalloonLift_StickSupportFail__bg167__TeHlbr/target_video.mp4;/home/nvme03/workspace/lingbot-world/physinone_candidate128_missing77_conditions_81f_20260519_0034/FrictionStop_BalloonLift_StickSupportFail__bg167__TeHlbr/intrinsics.npy,physinone,Do not use as PhysEditWorld selected 50h root.
/home/nvme03/workspace/lingbot-world/physinone_candidate128_missing77_conditions_81f_20260519_0034/FrictionStop_BalloonTether_ChainSuspend__bg178__GEVX0g,REJECT_LIKELY_FALSE_POSITIVE,5,1,True,True,"action,camera,intrinsics,video",/home/nvme03/workspace/lingbot-world/physinone_candidate128_missing77_conditions_81f_20260519_0034/FrictionStop_BalloonTether_ChainSuspend__bg178__GEVX0g/action.npy;/home/nvme03/workspace/lingbot-world/physinone_candidate128_missing77_conditions_81f_20260519_0034/FrictionStop_BalloonTether_ChainSuspend__bg178__GEVX0g/poses.npy;/home/nvme03/workspace/lingbot-world/physinone_candidate128_missing77_conditions_81f_20260519_0034/FrictionStop_BalloonTether_ChainSuspend__bg178__GEVX0g/scene_trajectory.json;/home/nvme03/workspace/lingbot-world/physinone_candidate128_missing77_conditions_81f_20260519_0034/FrictionStop_BalloonTether_ChainSuspend__bg178__GEVX0g/target_video.mp4;/home/nvme03/workspace/lingbot-world/physinone_candidate128_missing77_conditions_81f_20260519_0034/FrictionStop_BalloonTether_ChainSuspend__bg178__GEVX0g/intrinsics.npy,physinone,Do not use as PhysEditWorld selected 50h root.
/home/nvme03/workspace/lingbot-world/physinone_candidate128_missing77_conditions_81f_20260519_0034/FrictionStop_ElasticCouple_BalloonFloat__bg177__nHSnYf,REJECT_LIKELY_FALSE_POSITIVE,5,1,True,True,"action,camera,intrinsics,video",/home/nvme03/workspace/lingbot-world/physinone_candidate128_missing77_conditions_81f_20260519_0034/FrictionStop_ElasticCouple_BalloonFloat__bg177__nHSnYf/action.npy;/home/nvme03/workspace/lingbot-world/physinone_candidate128_missing77_conditions_81f_20260519_0034/FrictionStop_ElasticCouple_BalloonFloat__bg177__nHSnYf/poses.npy;/home/nvme03/workspace/lingbot-world/physinone_candidate128_missing77_conditions_81f_20260519_0034/FrictionStop_ElasticCouple_BalloonFloat__bg177__nHSnYf/scene_trajectory.json;/home/nvme03/workspace/lingbot-world/physinone_candidate128_missing77_conditions_81f_20260519_0034/FrictionStop_ElasticCouple_BalloonFloat__bg177__nHSnYf/target_video.mp4;/home/nvme03/workspace/lingbot-world/physinone_candidate128_missing77_conditions_81f_20260519_0034/FrictionStop_ElasticCouple_BalloonFloat__bg177__nHSnYf/intrinsics.npy,physinone,Do not use as PhysEditWorld selected 50h root.
/home/nvme03/workspace/lingbot-world/physinone_candidate128_missing77_conditions_81f_20260519_0034/FrictionStop_ImpactFracture_FixedPlanarRedirect__bg151__mQYXvs,REJECT_LIKELY_FALSE_POSITIVE,5,1,True,True,"action,camera,intrinsics,video",/home/nvme03/workspace/lingbot-world/physinone_candidate128_missing77_conditions_81f_20260519_0034/FrictionStop_ImpactFracture_FixedPlanarRedirect__bg151__mQYXvs/action.npy;/home/nvme03/workspace/lingbot-world/physinone_candidate128_missing77_conditions_81f_20260519_0034/FrictionStop_ImpactFracture_FixedPlanarRedirect__bg151__mQYXvs/poses.npy;/home/nvme03/workspace/lingbot-world/physinone_candidate128_missing77_conditions_81f_20260519_0034/FrictionStop_ImpactFracture_FixedPlanarRedirect__bg151__mQYXvs/scene_trajectory.json;/home/nvme03/workspace/lingbot-world/physinone_candidate128_missing77_conditions_81f_20260519_0034/FrictionStop_ImpactFracture_FixedPlanarRedirect__bg151__mQYXvs/target_video.mp4;/home/nvme03/workspace/lingbot-world/physinone_candidate128_missing77_conditions_81f_20260519_0034/FrictionStop_ImpactFracture_FixedPlanarRedirect__bg151__mQYXvs/intrinsics.npy,physinone,Do not use as PhysEditWorld selected 50h root.
/home/nvme03/workspace/lingbot-world/physinone_candidate128_missing77_conditions_81f_20260519_0034/FrictionStop_SeesawOffsetPivot_BalloonLift__bg156__A8JKS7,REJECT_LIKELY_FALSE_POSITIVE,5,1,True,True,"action,camera,intrinsics,video",/home/nvme03/workspace/lingbot-world/physinone_candidate128_missing77_conditions_81f_20260519_0034/FrictionStop_SeesawOffsetPivot_BalloonLift__bg156__A8JKS7/action.npy;/home/nvme03/workspace/lingbot-world/physinone_candidate128_missing77_conditions_81f_20260519_0034/FrictionStop_SeesawOffsetPivot_BalloonLift__bg156__A8JKS7/poses.npy;/home/nvme03/workspace/lingbot-world/physinone_candidate128_missing77_conditions_81f_20260519_0034/FrictionStop_SeesawOffsetPivot_BalloonLift__bg156__A8JKS7/scene_trajectory.json;/home/nvme03/workspace/lingbot-world/physinone_candidate128_missing77_conditions_81f_20260519_0034/FrictionStop_SeesawOffsetPivot_BalloonLift__bg156__A8JKS7/target_video.mp4;/home/nvme03/workspace/lingbot-world/physinone_candidate128_missing77_conditions_81f_20260519_0034/FrictionStop_SeesawOffsetPivot_BalloonLift__bg156__A8JKS7/intrinsics.npy,physinone,Do not use as PhysEditWorld selected 50h root.
/home/nvme03/workspace/lingbot-world/physinone_candidate128_missing77_conditions_81f_20260519_0034/ImpactFracture_BalloonFloat_DoublePendulum__bg162__iELRlW,REJECT_LIKELY_FALSE_POSITIVE,5,1,True,True,"action,camera,intrinsics,video",/home/nvme03/workspace/lingbot-world/physinone_candidate128_missing77_conditions_81f_20260519_0034/ImpactFracture_BalloonFloat_DoublePendulum__bg162__iELRlW/action.npy;/home/nvme03/workspace/lingbot-world/physinone_candidate128_missing77_conditions_81f_20260519_0034/ImpactFracture_BalloonFloat_DoublePendulum__bg162__iELRlW/poses.npy;/home/nvme03/workspace/lingbot-world/physinone_candidate128_missing77_conditions_81f_20260519_0034/ImpactFracture_BalloonFloat_DoublePendulum__bg162__iELRlW/scene_trajectory.json;/home/nvme03/workspace/lingbot-world/physinone_candidate128_missing77_conditions_81f_20260519_0034/ImpactFracture_BalloonFloat_DoublePendulum__bg162__iELRlW/target_video.mp4;/home/nvme03/workspace/lingbot-world/physinone_candidate128_missing77_conditions_81f_20260519_0034/ImpactFracture_BalloonFloat_DoublePendulum__bg162__iELRlW/intrinsics.npy,physinone,Do not use as PhysEditWorld selected 50h root.
/home/nvme03/workspace/lingbot-world/physinone_candidate128_missing77_conditions_81f_20260519_0034/ImpactFracture_BalloonTether_CrankPush__bg156__FApQAd,REJECT_LIKELY_FALSE_POSITIVE,5,1,True,True,"action,camera,intrinsics,video",/home/nvme03/workspace/lingbot-world/physinone_candidate128_missing77_conditions_81f_20260519_0034/ImpactFracture_BalloonTether_CrankPush__bg156__FApQAd/action.npy;/home/nvme03/workspace/lingbot-world/physinone_candidate128_missing77_conditions_81f_20260519_0034/ImpactFracture_BalloonTether_CrankPush__bg156__FApQAd/poses.npy;/home/nvme03/workspace/lingbot-world/physinone_candidate128_missing77_conditions_81f_20260519_0034/ImpactFracture_BalloonTether_CrankPush__bg156__FApQAd/scene_trajectory.json;/home/nvme03/workspace/lingbot-world/physinone_candidate128_missing77_conditions_81f_20260519_0034/ImpactFracture_BalloonTether_CrankPush__bg156__FApQAd/target_video.mp4;/home/nvme03/workspace/lingbot-world/physinone_candidate128_missing77_conditions_81f_20260519_0034/ImpactFracture_BalloonTether_CrankPush__bg156__FApQAd/intrinsics.npy,physinone,Do not use as PhysEditWorld selected 50h root.
/home/nvme03/workspace/lingbot-world/physinone_candidate128_missing77_conditions_81f_20260519_0034/ImpactFracture_BalloonTether_FixedConcaveRedirect__bg177__T1RKRp,REJECT_LIKELY_FALSE_POSITIVE,5,1,True,True,"action,camera,intrinsics,video",/home/nvme03/workspace/lingbot-world/physinone_candidate128_missing77_conditions_81f_20260519_0034/ImpactFracture_BalloonTether_FixedConcaveRedirect__bg177__T1RKRp/action.npy;/home/nvme03/workspace/lingbot-world/physinone_candidate128_missing77_conditions_81f_20260519_0034/ImpactFracture_BalloonTether_FixedConcaveRedirect__bg177__T1RKRp/poses.npy;/home/nvme03/workspace/lingbot-world/physinone_candidate128_missing77_conditions_81f_20260519_0034/ImpactFracture_BalloonTether_FixedConcaveRedirect__bg177__T1RKRp/scene_trajectory.json;/home/nvme03/workspace/lingbot-world/physinone_candidate128_missing77_conditions_81f_20260519_0034/ImpactFracture_BalloonTether_FixedConcaveRedirect__bg177__T1RKRp/target_video.mp4;/home/nvme03/workspace/lingbot-world/physinone_candidate128_missing77_conditions_81f_20260519_0034/ImpactFracture_BalloonTether_FixedConcaveRedirect__bg177__T1RKRp/intrinsics.npy,physinone,Do not use as PhysEditWorld selected 50h root.
/home/nvme03/workspace/lingbot-world/physinone_candidate128_missing77_conditions_81f_20260519_0034/ImpactFracture_ElasticCouple_BalloonTether__bg151__7acoWu,REJECT_LIKELY_FALSE_POSITIVE,5,1,True,True,"action,camera,intrinsics,video",/home/nvme03/workspace/lingbot-world/physinone_candidate128_missing77_conditions_81f_20260519_0034/ImpactFracture_ElasticCouple_BalloonTether__bg151__7acoWu/action.npy;/home/nvme03/workspace/lingbot-world/physinone_candidate128_missing77_conditions_81f_20260519_0034/ImpactFracture_ElasticCouple_BalloonTether__bg151__7acoWu/poses.npy;/home/nvme03/workspace/lingbot-world/physinone_candidate128_missing77_conditions_81f_20260519_0034/ImpactFracture_ElasticCouple_BalloonTether__bg151__7acoWu/scene_trajectory.json;/home/nvme03/workspace/lingbot-world/physinone_candidate128_missing77_conditions_81f_20260519_0034/ImpactFracture_ElasticCouple_BalloonTether__bg151__7acoWu/target_video.mp4;/home/nvme03/workspace/lingbot-world/physinone_candidate128_missing77_conditions_81f_20260519_0034/ImpactFracture_ElasticCouple_BalloonTether__bg151__7acoWu/intrinsics.npy,physinone,Do not use as PhysEditWorld selected 50h root.
/home/nvme03/workspace/lingbot-world/physinone_candidate128_missing77_conditions_81f_20260519_0034/MagnetRepel_BalloonFloat_BalloonLift__bg186__CUWNm7,REJECT_LIKELY_FALSE_POSITIVE,5,1,True,True,"action,camera,intrinsics,video",/home/nvme03/workspace/lingbot-world/physinone_candidate128_missing77_conditions_81f_20260519_0034/MagnetRepel_BalloonFloat_BalloonLift__bg186__CUWNm7/action.npy;/home/nvme03/workspace/lingbot-world/physinone_candidate128_missing77_conditions_81f_20260519_0034/MagnetRepel_BalloonFloat_BalloonLift__bg186__CUWNm7/poses.npy;/home/nvme03/workspace/lingbot-world/physinone_candidate128_missing77_conditions_81f_20260519_0034/MagnetRepel_BalloonFloat_BalloonLift__bg186__CUWNm7/scene_trajectory.json;/home/nvme03/workspace/lingbot-world/physinone_candidate128_missing77_conditions_81f_20260519_0034/MagnetRepel_BalloonFloat_BalloonLift__bg186__CUWNm7/target_video.mp4;/home/nvme03/workspace/lingbot-world/physinone_candidate128_missing77_conditions_81f_20260519_0034/MagnetRepel_BalloonFloat_BalloonLift__bg186__CUWNm7/intrinsics.npy,physinone,Do not use as PhysEditWorld selected 50h root.
/home/nvme03/workspace/lingbot-world/physinone_candidate128_missing77_conditions_81f_20260519_0034/MagnetRepel_BalloonFloat_BalloonTether__bg151__dPPv5v,REJECT_LIKELY_FALSE_POSITIVE,5,1,True,True,"action,camera,intrinsics,video",/home/nvme03/workspace/lingbot-world/physinone_candidate128_missing77_conditions_81f_20260519_0034/MagnetRepel_BalloonFloat_BalloonTether__bg151__dPPv5v/action.npy;/home/nvme03/workspace/lingbot-world/physinone_candidate128_missing77_conditions_81f_20260519_0034/MagnetRepel_BalloonFloat_BalloonTether__bg151__dPPv5v/poses.npy;/home/nvme03/workspace/lingbot-world/physinone_candidate128_missing77_conditions_81f_20260519_0034/MagnetRepel_BalloonFloat_BalloonTether__bg151__dPPv5v/scene_trajectory.json;/home/nvme03/workspace/lingbot-world/physinone_candidate128_missing77_conditions_81f_20260519_0034/MagnetRepel_BalloonFloat_BalloonTether__bg151__dPPv5v/target_video.mp4;/home/nvme03/workspace/lingbot-world/physinone_candidate128_missing77_conditions_81f_20260519_0034/MagnetRepel_BalloonFloat_BalloonTether__bg151__dPPv5v/intrinsics.npy,physinone,Do not use as PhysEditWorld selected 50h root.
/home/nvme03/workspace/lingbot-world/physinone_candidate128_missing77_conditions_81f_20260519_0034/MovingHitsFixed_FrictionStop_BalloonTether__bg178__ZXkQkR,REJECT_LIKELY_FALSE_POSITIVE,5,1,True,True,"action,camera,intrinsics,video",/home/nvme03/workspace/lingbot-world/physinone_candidate128_missing77_conditions_81f_20260519_0034/MovingHitsFixed_FrictionStop_BalloonTether__bg178__ZXkQkR/action.npy;/home/nvme03/workspace/lingbot-world/physinone_candidate128_missing77_conditions_81f_20260519_0034/MovingHitsFixed_FrictionStop_BalloonTether__bg178__ZXkQkR/poses.npy;/home/nvme03/workspace/lingbot-world/physinone_candidate128_missing77_conditions_81f_20260519_0034/MovingHitsFixed_FrictionStop_BalloonTether__bg178__ZXkQkR/scene_trajectory.json;/home/nvme03/workspace/lingbot-world/physinone_candidate128_missing77_conditions_81f_20260519_0034/MovingHitsFixed_FrictionStop_BalloonTether__bg178__ZXkQkR/target_video.mp4;/home/nvme03/workspace/lingbot-world/physinone_candidate128_missing77_conditions_81f_20260519_0034/MovingHitsFixed_FrictionStop_BalloonTether__bg178__ZXkQkR/intrinsics.npy,physinone,Do not use as PhysEditWorld selected 50h root.
/home/nvme03/workspace/lingbot-world/physinone_candidate128_missing77_conditions_81f_20260519_0034/MovingHitsFixed_MovingHitsMoving_BalloonTether__bg168__hbhjeE,REJECT_LIKELY_FALSE_POSITIVE,5,1,True,True,"action,camera,intrinsics,video",/home/nvme03/workspace/lingbot-world/physinone_candidate128_missing77_conditions_81f_20260519_0034/MovingHitsFixed_MovingHitsMoving_BalloonTether__bg168__hbhjeE/action.npy;/home/nvme03/workspace/lingbot-world/physinone_candidate128_missing77_conditions_81f_20260519_0034/MovingHitsFixed_MovingHitsMoving_BalloonTether__bg168__hbhjeE/poses.npy;/home/nvme03/workspace/lingbot-world/physinone_candidate128_missing77_conditions_81f_20260519_0034/MovingHitsFixed_MovingHitsMoving_BalloonTether__bg168__hbhjeE/scene_trajectory.json;/home/nvme03/workspace/lingbot-world/physinone_candidate128_missing77_conditions_81f_20260519_0034/MovingHitsFixed_MovingHitsMoving_BalloonTether__bg168__hbhjeE/target_video.mp4;/home/nvme03/workspace/lingbot-world/physinone_candidate128_missing77_conditions_81f_20260519_0034/MovingHitsFixed_MovingHitsMoving_BalloonTether__bg168__hbhjeE/intrinsics.npy,physinone,Do not use as PhysEditWorld selected 50h root.
/home/nvme03/workspace/lingbot-world/physinone_candidate128_missing77_conditions_81f_20260519_0034/MovingHitsFixed_MovingHitsMoving_FrictionStop__bg172__RHYarG,REJECT_LIKELY_FALSE_POSITIVE,5,1,True,True,"action,camera,intrinsics,video",/home/nvme03/workspace/lingbot-world/physinone_candidate128_missing77_conditions_81f_20260519_0034/MovingHitsFixed_MovingHitsMoving_FrictionStop__bg172__RHYarG/action.npy;/home/nvme03/workspace/lingbot-world/physinone_candidate128_missing77_conditions_81f_20260519_0034/MovingHitsFixed_MovingHitsMoving_FrictionStop__bg172__RHYarG/poses.npy;/home/nvme03/workspace/lingbot-world/physinone_candidate128_missing77_conditions_81f_20260519_0034/MovingHitsFixed_MovingHitsMoving_FrictionStop__bg172__RHYarG/scene_trajectory.json;/home/nvme03/workspace/lingbot-world/physinone_candidate128_missing77_conditions_81f_20260519_0034/MovingHitsFixed_MovingHitsMoving_FrictionStop__bg172__RHYarG/target_video.mp4;/home/nvme03/workspace/lingbot-world/physinone_candidate128_missing77_conditions_81f_20260519_0034/MovingHitsFixed_MovingHitsMoving_FrictionStop__bg172__RHYarG/intrinsics.npy,physinone,Do not use as PhysEditWorld selected 50h root.
/home/nvme03/workspace/lingbot-world/physinone_candidate128_missing77_conditions_81f_20260519_0034/MovingHitsFixed_MovingHitsMoving_ObliqueProjectile__bg180__8YnHJg,REJECT_LIKELY_FALSE_POSITIVE,5,1,True,True,"action,camera,intrinsics,video",/home/nvme03/workspace/lingbot-world/physinone_candidate128_missing77_conditions_81f_20260519_0034/MovingHitsFixed_MovingHitsMoving_ObliqueProjectile__bg180__8YnHJg/action.npy;/home/nvme03/workspace/lingbot-world/physinone_candidate128_missing77_conditions_81f_20260519_0034/MovingHitsFixed_MovingHitsMoving_ObliqueProjectile__bg180__8YnHJg/poses.npy;/home/nvme03/workspace/lingbot-world/physinone_candidate128_missing77_conditions_81f_20260519_0034/MovingHitsFixed_MovingHitsMoving_ObliqueProjectile__bg180__8YnHJg/scene_trajectory.json;/home/nvme03/workspace/lingbot-world/physinone_candidate128_missing77_conditions_81f_20260519_0034/MovingHitsFixed_MovingHitsMoving_ObliqueProjectile__bg180__8YnHJg/target_video.mp4;/home/nvme03/workspace/lingbot-world/physinone_candidate128_missing77_conditions_81f_20260519_0034/MovingHitsFixed_MovingHitsMoving_ObliqueProjectile__bg180__8YnHJg/intrinsics.npy,physinone,Do not use as PhysEditWorld selected 50h root.
/home/nvme03/workspace/lingbot-world/physinone_candidate128_missing77_conditions_81f_20260519_0034/MovingHitsFixed_ObliqueProjectile_ImpactFracture__bg156__WMLTdQ,REJECT_LIKELY_FALSE_POSITIVE,5,1,True,True,"action,camera,intrinsics,video",/home/nvme03/workspace/lingbot-world/physinone_candidate128_missing77_conditions_81f_20260519_0034/MovingHitsFixed_ObliqueProjectile_ImpactFracture__bg156__WMLTdQ/action.npy;/home/nvme03/workspace/lingbot-world/physinone_candidate128_missing77_conditions_81f_20260519_0034/MovingHitsFixed_ObliqueProjectile_ImpactFracture__bg156__WMLTdQ/poses.npy;/home/nvme03/workspace/lingbot-world/physinone_candidate128_missing77_conditions_81f_20260519_0034/MovingHitsFixed_ObliqueProjectile_ImpactFracture__bg156__WMLTdQ/scene_trajectory.json;/home/nvme03/workspace/lingbot-world/physinone_candidate128_missing77_conditions_81f_20260519_0034/MovingHitsFixed_ObliqueProjectile_ImpactFracture__bg156__WMLTdQ/target_video.mp4;/home/nvme03/workspace/lingbot-world/physinone_candidate128_missing77_conditions_81f_20260519_0034/MovingHitsFixed_ObliqueProjectile_ImpactFracture__bg156__WMLTdQ/intrinsics.npy,physinone,Do not use as PhysEditWorld selected 50h root.
/home/nvme03/workspace/lingbot-world/physinone_candidate128_missing77_conditions_81f_20260519_0034/MovingHitsFixed_RollUpSlope_BalloonFloat__bg157__t5vRxy,REJECT_LIKELY_FALSE_POSITIVE,5,1,True,True,"action,camera,intrinsics,video",/home/nvme03/workspace/lingbot-world/physinone_candidate128_missing77_conditions_81f_20260519_0034/MovingHitsFixed_RollUpSlope_BalloonFloat__bg157__t5vRxy/action.npy;/home/nvme03/workspace/lingbot-world/physinone_candidate128_missing77_conditions_81f_20260519_0034/MovingHitsFixed_RollUpSlope_BalloonFloat__bg157__t5vRxy/poses.npy;/home/nvme03/workspace/lingbot-world/physinone_candidate128_missing77_conditions_81f_20260519_0034/MovingHitsFixed_RollUpSlope_BalloonFloat__bg157__t5vRxy/scene_trajectory.json;/home/nvme03/workspace/lingbot-world/physinone_candidate128_missing77_conditions_81f_20260519_0034/MovingHitsFixed_RollUpSlope_BalloonFloat__bg157__t5vRxy/target_video.mp4;/home/nvme03/workspace/lingbot-world/physinone_candidate128_missing77_conditions_81f_20260519_0034/MovingHitsFixed_RollUpSlope_BalloonFloat__bg157__t5vRxy/intrinsics.npy,physinone,Do not use as PhysEditWorld selected 50h root.
/home/nvme03/workspace/lingbot-world/physinone_candidate128_missing77_conditions_81f_20260519_0034/MovingHitsMoving_ImpactFracture_FixedArrayRedirect__bg177__Cm2UCl,REJECT_LIKELY_FALSE_POSITIVE,5,1,True,True,"action,camera,intrinsics,video",/home/nvme03/workspace/lingbot-world/physinone_candidate128_missing77_conditions_81f_20260519_0034/MovingHitsMoving_ImpactFracture_FixedArrayRedirect__bg177__Cm2UCl/action.npy;/home/nvme03/workspace/lingbot-world/physinone_candidate128_missing77_conditions_81f_20260519_0034/MovingHitsMoving_ImpactFracture_FixedArrayRedirect__bg177__Cm2UCl/poses.npy;/home/nvme03/workspace/lingbot-world/physinone_candidate128_missing77_conditions_81f_20260519_0034/MovingHitsMoving_ImpactFracture_FixedArrayRedirect__bg177__Cm2UCl/scene_trajectory.json;/home/nvme03/workspace/lingbot-world/physinone_candidate128_missing77_conditions_81f_20260519_0034/MovingHitsMoving_ImpactFracture_FixedArrayRedirect__bg177__Cm2UCl/target_video.mp4;/home/nvme03/workspace/lingbot-world/physinone_candidate128_missing77_conditions_81f_20260519_0034/MovingHitsMoving_ImpactFracture_FixedArrayRedirect__bg177__Cm2UCl/intrinsics.npy,physinone,Do not use as PhysEditWorld selected 50h root.
/home/nvme03/workspace/lingbot-world/physinone_candidate128_missing77_conditions_81f_20260519_0034/MovingHitsMoving_ObliqueProjectile_RollUpSlope__bg156__HQYJPJ,REJECT_LIKELY_FALSE_POSITIVE,5,1,True,True,"action,camera,intrinsics,video",/home/nvme03/workspace/lingbot-world/physinone_candidate128_missing77_conditions_81f_20260519_0034/MovingHitsMoving_ObliqueProjectile_RollUpSlope__bg156__HQYJPJ/action.npy;/home/nvme03/workspace/lingbot-world/physinone_candidate128_missing77_conditions_81f_20260519_0034/MovingHitsMoving_ObliqueProjectile_RollUpSlope__bg156__HQYJPJ/poses.npy;/home/nvme03/workspace/lingbot-world/physinone_candidate128_missing77_conditions_81f_20260519_0034/MovingHitsMoving_ObliqueProjectile_RollUpSlope__bg156__HQYJPJ/scene_trajectory.json;/home/nvme03/workspace/lingbot-world/physinone_candidate128_missing77_conditions_81f_20260519_0034/MovingHitsMoving_ObliqueProjectile_RollUpSlope__bg156__HQYJPJ/target_video.mp4;/home/nvme03/workspace/lingbot-world/physinone_candidate128_missing77_conditions_81f_20260519_0034/MovingHitsMoving_ObliqueProjectile_RollUpSlope__bg156__HQYJPJ/intrinsics.npy,physinone,Do not use as PhysEditWorld selected 50h root.
/home/nvme03/workspace/lingbot-world/physinone_candidate128_missing77_conditions_81f_20260519_0034/MovingHitsMoving_RollDownSlope_RollUpSlope__bg180__nd0EOh,REJECT_LIKELY_FALSE_POSITIVE,5,1,True,True,"action,camera,intrinsics,video",/home/nvme03/workspace/lingbot-world/physinone_candidate128_missing77_conditions_81f_20260519_0034/MovingHitsMoving_RollDownSlope_RollUpSlope__bg180__nd0EOh/action.npy;/home/nvme03/workspace/lingbot-world/physinone_candidate128_missing77_conditions_81f_20260519_0034/MovingHitsMoving_RollDownSlope_RollUpSlope__bg180__nd0EOh/poses.npy;/home/nvme03/workspace/lingbot-world/physinone_candidate128_missing77_conditions_81f_20260519_0034/MovingHitsMoving_RollDownSlope_RollUpSlope__bg180__nd0EOh/scene_trajectory.json;/home/nvme03/workspace/lingbot-world/physinone_candidate128_missing77_conditions_81f_20260519_0034/MovingHitsMoving_RollDownSlope_RollUpSlope__bg180__nd0EOh/target_video.mp4;/home/nvme03/workspace/lingbot-world/physinone_candidate128_missing77_conditions_81f_20260519_0034/MovingHitsMoving_RollDownSlope_RollUpSlope__bg180__nd0EOh/intrinsics.npy,physinone,Do not use as PhysEditWorld selected 50h root.
/home/nvme03/workspace/lingbot-world/physinone_candidate128_missing77_conditions_81f_20260519_0034/MovingHitsStationary_ImpactFracture_BalloonTether__bg156__R3zLox,REJECT_LIKELY_FALSE_POSITIVE,5,1,True,True,"action,camera,intrinsics,video",/home/nvme03/workspace/lingbot-world/physinone_candidate128_missing77_conditions_81f_20260519_0034/MovingHitsStationary_ImpactFracture_BalloonTether__bg156__R3zLox/action.npy;/home/nvme03/workspace/lingbot-world/physinone_candidate128_missing77_conditions_81f_20260519_0034/MovingHitsStationary_ImpactFracture_BalloonTether__bg156__R3zLox/poses.npy;/home/nvme03/workspace/lingbot-world/physinone_candidate128_missing77_conditions_81f_20260519_0034/MovingHitsStationary_ImpactFracture_BalloonTether__bg156__R3zLox/scene_trajectory.json;/home/nvme03/workspace/lingbot-world/physinone_candidate128_missing77_conditions_81f_20260519_0034/MovingHitsStationary_ImpactFracture_BalloonTether__bg156__R3zLox/target_video.mp4;/home/nvme03/workspace/lingbot-world/physinone_candidate128_missing77_conditions_81f_20260519_0034/MovingHitsStationary_ImpactFracture_BalloonTether__bg156__R3zLox/intrinsics.npy,physinone,Do not use as PhysEditWorld selected 50h root.
/home/nvme03/workspace/lingbot-world/physinone_candidate128_missing77_conditions_81f_20260519_0034/MovingHitsStationary_ImpactFracture_FixedArrayRedirect__bg162__fL5e7U,REJECT_LIKELY_FALSE_POSITIVE,5,1,True,True,"action,camera,intrinsics,video",/home/nvme03/workspace/lingbot-world/physinone_candidate128_missing77_conditions_81f_20260519_0034/MovingHitsStationary_ImpactFracture_FixedArrayRedirect__bg162__fL5e7U/action.npy;/home/nvme03/workspace/lingbot-world/physinone_candidate128_missing77_conditions_81f_20260519_0034/MovingHitsStationary_ImpactFracture_FixedArrayRedirect__bg162__fL5e7U/poses.npy;/home/nvme03/workspace/lingbot-world/physinone_candidate128_missing77_conditions_81f_20260519_0034/MovingHitsStationary_ImpactFracture_FixedArrayRedirect__bg162__fL5e7U/scene_trajectory.json;/home/nvme03/workspace/lingbot-world/physinone_candidate128_missing77_conditions_81f_20260519_0034/MovingHitsStationary_ImpactFracture_FixedArrayRedirect__bg162__fL5e7U/target_video.mp4;/home/nvme03/workspace/lingbot-world/physinone_candidate128_missing77_conditions_81f_20260519_0034/MovingHitsStationary_ImpactFracture_FixedArrayRedirect__bg162__fL5e7U/intrinsics.npy,physinone,Do not use as PhysEditWorld selected 50h root.
/home/nvme03/workspace/lingbot-world/physinone_candidate128_missing77_conditions_81f_20260519_0034/MovingHitsStationary_MovingHitsMoving_RollDownSlope__bg177__66efPp,REJECT_LIKELY_FALSE_POSITIVE,5,1,True,True,"action,camera,intrinsics,video",/home/nvme03/workspace/lingbot-world/physinone_candidate128_missing77_conditions_81f_20260519_0034/MovingHitsStationary_MovingHitsMoving_RollDownSlope__bg177__66efPp/action.npy;/home/nvme03/workspace/lingbot-world/physinone_candidate128_missing77_conditions_81f_20260519_0034/MovingHitsStationary_MovingHitsMoving_RollDownSlope__bg177__66efPp/poses.npy;/home/nvme03/workspace/lingbot-world/physinone_candidate128_missing77_conditions_81f_20260519_0034/MovingHitsStationary_MovingHitsMoving_RollDownSlope__bg177__66efPp/scene_trajectory.json;/home/nvme03/workspace/lingbot-world/physinone_candidate128_missing77_conditions_81f_20260519_0034/MovingHitsStationary_MovingHitsMoving_RollDownSlope__bg177__66efPp/target_video.mp4;/home/nvme03/workspace/lingbot-world/physinone_candidate128_missing77_conditions_81f_20260519_0034/MovingHitsStationary_MovingHitsMoving_RollDownSlope__bg177__66efPp/intrinsics.npy,physinone,Do not use as PhysEditWorld selected 50h root.
/home/nvme03/workspace/lingbot-world/physinone_candidate128_missing77_conditions_81f_20260519_0034/MovingHitsStationary_MovingHitsMoving_RollDownSlope__bg182__8f63Cw,REJECT_LIKELY_FALSE_POSITIVE,5,1,True,True,"action,camera,intrinsics,video",/home/nvme03/workspace/lingbot-world/physinone_candidate128_missing77_conditions_81f_20260519_0034/MovingHitsStationary_MovingHitsMoving_RollDownSlope__bg182__8f63Cw/action.npy;/home/nvme03/workspace/lingbot-world/physinone_candidate128_missing77_conditions_81f_20260519_0034/MovingHitsStationary_MovingHitsMoving_RollDownSlope__bg182__8f63Cw/poses.npy;/home/nvme03/workspace/lingbot-world/physinone_candidate128_missing77_conditions_81f_20260519_0034/MovingHitsStationary_MovingHitsMoving_RollDownSlope__bg182__8f63Cw/scene_trajectory.json;/home/nvme03/workspace/lingbot-world/physinone_candidate128_missing77_conditions_81f_20260519_0034/MovingHitsStationary_MovingHitsMoving_RollDownSlope__bg182__8f63Cw/target_video.mp4;/home/nvme03/workspace/lingbot-world/physinone_candidate128_missing77_conditions_81f_20260519_0034/MovingHitsStationary_MovingHitsMoving_RollDownSlope__bg182__8f63Cw/intrinsics.npy,physinone,Do not use as PhysEditWorld selected 50h root.
/home/nvme03/workspace/lingbot-world/physinone_candidate128_missing77_conditions_81f_20260519_0034/MovingHitsStationary_ObliqueProjectile_AccelConcaveSpin__bg180__tHatUK,REJECT_LIKELY_FALSE_POSITIVE,5,1,True,True,"action,camera,intrinsics,video",/home/nvme03/workspace/lingbot-world/physinone_candidate128_missing77_conditions_81f_20260519_0034/MovingHitsStationary_ObliqueProjectile_AccelConcaveSpin__bg180__tHatUK/action.npy;/home/nvme03/workspace/lingbot-world/physinone_candidate128_missing77_conditions_81f_20260519_0034/MovingHitsStationary_ObliqueProjectile_AccelConcaveSpin__bg180__tHatUK/poses.npy;/home/nvme03/workspace/lingbot-world/physinone_candidate128_missing77_conditions_81f_20260519_0034/MovingHitsStationary_ObliqueProjectile_AccelConcaveSpin__bg180__tHatUK/scene_trajectory.json;/home/nvme03/workspace/lingbot-world/physinone_candidate128_missing77_conditions_81f_20260519_0034/MovingHitsStationary_ObliqueProjectile_AccelConcaveSpin__bg180__tHatUK/target_video.mp4;/home/nvme03/workspace/lingbot-world/physinone_candidate128_missing77_conditions_81f_20260519_0034/MovingHitsStationary_ObliqueProjectile_AccelConcaveSpin__bg180__tHatUK/intrinsics.npy,physinone,Do not use as PhysEditWorld selected 50h root.
/home/nvme03/workspace/lingbot-world/physinone_candidate128_missing77_conditions_81f_20260519_0034/MovingHitsStationary_ObliqueProjectile_VerticalFall__bg156__p7hHbe,REJECT_LIKELY_FALSE_POSITIVE,5,1,True,True,"action,camera,intrinsics,video",/home/nvme03/workspace/lingbot-world/physinone_candidate128_missing77_conditions_81f_20260519_0034/MovingHitsStationary_ObliqueProjectile_VerticalFall__bg156__p7hHbe/action.npy;/home/nvme03/workspace/lingbot-world/physinone_candidate128_missing77_conditions_81f_20260519_0034/MovingHitsStationary_ObliqueProjectile_VerticalFall__bg156__p7hHbe/poses.npy;/home/nvme03/workspace/lingbot-world/physinone_candidate128_missing77_conditions_81f_20260519_0034/MovingHitsStationary_ObliqueProjectile_VerticalFall__bg156__p7hHbe/scene_trajectory.json;/home/nvme03/workspace/lingbot-world/physinone_candidate128_missing77_conditions_81f_20260519_0034/MovingHitsStationary_ObliqueProjectile_VerticalFall__bg156__p7hHbe/target_video.mp4;/home/nvme03/workspace/lingbot-world/physinone_candidate128_missing77_conditions_81f_20260519_0034/MovingHitsStationary_ObliqueProjectile_VerticalFall__bg156__p7hHbe/intrinsics.npy,physinone,Do not use as PhysEditWorld selected 50h root.
/home/nvme03/workspace/lingbot-world/physinone_candidate128_missing77_conditions_81f_20260519_0034/MovingHitsStationary_RollDownSlope_CatapultLaunch__bg172__YyYGra,REJECT_LIKELY_FALSE_POSITIVE,5,1,True,True,"action,camera,intrinsics,video",/home/nvme03/workspace/lingbot-world/physinone_candidate128_missing77_conditions_81f_20260519_0034/MovingHitsStationary_RollDownSlope_CatapultLaunch__bg172__YyYGra/action.npy;/home/nvme03/workspace/lingbot-world/physinone_candidate128_missing77_conditions_81f_20260519_0034/MovingHitsStationary_RollDownSlope_CatapultLaunch__bg172__YyYGra/poses.npy;/home/nvme03/workspace/lingbot-world/physinone_candidate128_missing77_conditions_81f_20260519_0034/MovingHitsStationary_RollDownSlope_CatapultLaunch__bg172__YyYGra/scene_trajectory.json;/home/nvme03/workspace/lingbot-world/physinone_candidate128_missing77_conditions_81f_20260519_0034/MovingHitsStationary_RollDownSlope_CatapultLaunch__bg172__YyYGra/target_video.mp4;/home/nvme03/workspace/lingbot-world/physinone_candidate128_missing77_conditions_81f_20260519_0034/MovingHitsStationary_RollDownSlope_CatapultLaunch__bg172__YyYGra/intrinsics.npy,physinone,Do not use as PhysEditWorld selected 50h root.
/home/nvme03/workspace/lingbot-world/physinone_candidate128_missing77_conditions_81f_20260519_0034/MovingHitsStationary_RollDownSlope_FixedPlanarRedirect__bg177__zICS1p,REJECT_LIKELY_FALSE_POSITIVE,5,1,True,True,"action,camera,intrinsics,video",/home/nvme03/workspace/lingbot-world/physinone_candidate128_missing77_conditions_81f_20260519_0034/MovingHitsStationary_RollDownSlope_FixedPlanarRedirect__bg177__zICS1p/action.npy;/home/nvme03/workspace/lingbot-world/physinone_candidate128_missing77_conditions_81f_20260519_0034/MovingHitsStationary_RollDownSlope_FixedPlanarRedirect__bg177__zICS1p/poses.npy;/home/nvme03/workspace/lingbot-world/physinone_candidate128_missing77_conditions_81f_20260519_0034/MovingHitsStationary_RollDownSlope_FixedPlanarRedirect__bg177__zICS1p/scene_trajectory.json;/home/nvme03/workspace/lingbot-world/physinone_candidate128_missing77_conditions_81f_20260519_0034/MovingHitsStationary_RollDownSlope_FixedPlanarRedirect__bg177__zICS1p/target_video.mp4;/home/nvme03/workspace/lingbot-world/physinone_candidate128_missing77_conditions_81f_20260519_0034/MovingHitsStationary_RollDownSlope_FixedPlanarRedirect__bg177__zICS1p/intrinsics.npy,physinone,Do not use as PhysEditWorld selected 50h root.
/home/nvme03/workspace/lingbot-world/physinone_candidate128_missing77_conditions_81f_20260519_0034/MovingHitsStationary_RollDownSlope_RotBoardInertia__bg167__24acKV,REJECT_LIKELY_FALSE_POSITIVE,5,1,True,True,"action,camera,intrinsics,video",/home/nvme03/workspace/lingbot-world/physinone_candidate128_missing77_conditions_81f_20260519_0034/MovingHitsStationary_RollDownSlope_RotBoardInertia__bg167__24acKV/action.npy;/home/nvme03/workspace/lingbot-world/physinone_candidate128_missing77_conditions_81f_20260519_0034/MovingHitsStationary_RollDownSlope_RotBoardInertia__bg167__24acKV/poses.npy;/home/nvme03/workspace/lingbot-world/physinone_candidate128_missing77_conditions_81f_20260519_0034/MovingHitsStationary_RollDownSlope_RotBoardInertia__bg167__24acKV/scene_trajectory.json;/home/nvme03/workspace/lingbot-world/physinone_candidate128_missing77_conditions_81f_20260519_0034/MovingHitsStationary_RollDownSlope_RotBoardInertia__bg167__24acKV/target_video.mp4;/home/nvme03/workspace/lingbot-world/physinone_candidate128_missing77_conditions_81f_20260519_0034/MovingHitsStationary_RollDownSlope_RotBoardInertia__bg167__24acKV/intrinsics.npy,physinone,Do not use as PhysEditWorld selected 50h root.
/home/nvme03/workspace/lingbot-world/physinone_candidate128_missing77_conditions_81f_20260519_0034/MovingHitsStationary_RollDownSlope_SimplePendulum__bg152__viBm4x,REJECT_LIKELY_FALSE_POSITIVE,5,1,True,True,"action,camera,intrinsics,video",/home/nvme03/workspace/lingbot-world/physinone_candidate128_missing77_conditions_81f_20260519_0034/MovingHitsStationary_RollDownSlope_SimplePendulum__bg152__viBm4x/action.npy;/home/nvme03/workspace/lingbot-world/physinone_candidate128_missing77_conditions_81f_20260519_0034/MovingHitsStationary_RollDownSlope_SimplePendulum__bg152__viBm4x/poses.npy;/home/nvme03/workspace/lingbot-world/physinone_candidate128_missing77_conditions_81f_20260519_0034/MovingHitsStationary_RollDownSlope_SimplePendulum__bg152__viBm4x/scene_trajectory.json;/home/nvme03/workspace/lingbot-world/physinone_candidate128_missing77_conditions_81f_20260519_0034/MovingHitsStationary_RollDownSlope_SimplePendulum__bg152__viBm4x/target_video.mp4;/home/nvme03/workspace/lingbot-world/physinone_candidate128_missing77_conditions_81f_20260519_0034/MovingHitsStationary_RollDownSlope_SimplePendulum__bg152__viBm4x/intrinsics.npy,physinone,Do not use as PhysEditWorld selected 50h root.
/home/nvme03/workspace/lingbot-world/physinone_candidate128_missing77_conditions_81f_20260519_0034/MovingHitsStationary_RollDownSlope_SpringCompress__bg157__jM56ad,REJECT_LIKELY_FALSE_POSITIVE,5,1,True,True,"action,camera,intrinsics,video",/home/nvme03/workspace/lingbot-world/physinone_candidate128_missing77_conditions_81f_20260519_0034/MovingHitsStationary_RollDownSlope_SpringCompress__bg157__jM56ad/action.npy;/home/nvme03/workspace/lingbot-world/physinone_candidate128_missing77_conditions_81f_20260519_0034/MovingHitsStationary_RollDownSlope_SpringCompress__bg157__jM56ad/poses.npy;/home/nvme03/workspace/lingbot-world/physinone_candidate128_missing77_conditions_81f_20260519_0034/MovingHitsStationary_RollDownSlope_SpringCompress__bg157__jM56ad/scene_trajectory.json;/home/nvme03/workspace/lingbot-world/physinone_candidate128_missing77_conditions_81f_20260519_0034/MovingHitsStationary_RollDownSlope_SpringCompress__bg157__jM56ad/target_video.mp4;/home/nvme03/workspace/lingbot-world/physinone_candidate128_missing77_conditions_81f_20260519_0034/MovingHitsStationary_RollDownSlope_SpringCompress__bg157__jM56ad/intrinsics.npy,physinone,Do not use as PhysEditWorld selected 50h root.
/home/nvme03/workspace/lingbot-world/physinone_candidate128_missing77_conditions_81f_20260519_0034/ObliqueProjectile_RollDownSlope_CrankPush__bg177__hRUwKI,REJECT_LIKELY_FALSE_POSITIVE,5,1,True,True,"action,camera,intrinsics,video",/home/nvme03/workspace/lingbot-world/physinone_candidate128_missing77_conditions_81f_20260519_0034/ObliqueProjectile_RollDownSlope_CrankPush__bg177__hRUwKI/action.npy;/home/nvme03/workspace/lingbot-world/physinone_candidate128_missing77_conditions_81f_20260519_0034/ObliqueProjectile_RollDownSlope_CrankPush__bg177__hRUwKI/poses.npy;/home/nvme03/workspace/lingbot-world/physinone_candidate128_missing77_conditions_81f_20260519_0034/ObliqueProjectile_RollDownSlope_CrankPush__bg177__hRUwKI/scene_trajectory.json;/home/nvme03/workspace/lingbot-world/physinone_candidate128_missing77_conditions_81f_20260519_0034/ObliqueProjectile_RollDownSlope_CrankPush__bg177__hRUwKI/target_video.mp4;/home/nvme03/workspace/lingbot-world/physinone_candidate128_missing77_conditions_81f_20260519_0034/ObliqueProjectile_RollDownSlope_CrankPush__bg177__hRUwKI/intrinsics.npy,physinone,Do not use as PhysEditWorld selected 50h root.
/home/nvme03/workspace/lingbot-world/physinone_candidate128_missing77_conditions_81f_20260519_0034/ObliqueProjectile_RollUpSlope_AccelConcaveSpin__bg180__OwQKWJ,REJECT_LIKELY_FALSE_POSITIVE,5,1,True,True,"action,camera,intrinsics,video",/home/nvme03/workspace/lingbot-world/physinone_candidate128_missing77_conditions_81f_20260519_0034/ObliqueProjectile_RollUpSlope_AccelConcaveSpin__bg180__OwQKWJ/action.npy;/home/nvme03/workspace/lingbot-world/physinone_candidate128_missing77_conditions_81f_20260519_0034/ObliqueProjectile_RollUpSlope_AccelConcaveSpin__bg180__OwQKWJ/poses.npy;/home/nvme03/workspace/lingbot-world/physinone_candidate128_missing77_conditions_81f_20260519_0034/ObliqueProjectile_RollUpSlope_AccelConcaveSpin__bg180__OwQKWJ/scene_trajectory.json;/home/nvme03/workspace/lingbot-world/physinone_candidate128_missing77_conditions_81f_20260519_0034/ObliqueProjectile_RollUpSlope_AccelConcaveSpin__bg180__OwQKWJ/target_video.mp4;/home/nvme03/workspace/lingbot-world/physinone_candidate128_missing77_conditions_81f_20260519_0034/ObliqueProjectile_RollUpSlope_AccelConcaveSpin__bg180__OwQKWJ/intrinsics.npy,physinone,Do not use as PhysEditWorld selected 50h root.
/home/nvme03/workspace/lingbot-world/physinone_candidate128_missing77_conditions_81f_20260519_0034/ObliqueProjectile_RollUpSlope_ChainSuspend__bg158__pvMqSA,REJECT_LIKELY_FALSE_POSITIVE,5,1,True,True,"action,camera,intrinsics,video",/home/nvme03/workspace/lingbot-world/physinone_candidate128_missing77_conditions_81f_20260519_0034/ObliqueProjectile_RollUpSlope_ChainSuspend__bg158__pvMqSA/action.npy;/home/nvme03/workspace/lingbot-world/physinone_candidate128_missing77_conditions_81f_20260519_0034/ObliqueProjectile_RollUpSlope_ChainSuspend__bg158__pvMqSA/poses.npy;/home/nvme03/workspace/lingbot-world/physinone_candidate128_missing77_conditions_81f_20260519_0034/ObliqueProjectile_RollUpSlope_ChainSuspend__bg158__pvMqSA/scene_trajectory.json;/home/nvme03/workspace/lingbot-world/physinone_candidate128_missing77_conditions_81f_20260519_0034/ObliqueProjectile_RollUpSlope_ChainSuspend__bg158__pvMqSA/target_video.mp4;/home/nvme03/workspace/lingbot-world/physinone_candidate128_missing77_conditions_81f_20260519_0034/ObliqueProjectile_RollUpSlope_ChainSuspend__bg158__pvMqSA/intrinsics.npy,physinone,Do not use as PhysEditWorld selected 50h root.
/home/nvme03/workspace/lingbot-world/physinone_candidate128_missing77_conditions_81f_20260519_0034/VerticalFall_RollUpSlope_FixedPlanarRedirect__bg168__lN3bV0,REJECT_LIKELY_FALSE_POSITIVE,5,1,True,True,"action,camera,intrinsics,video",/home/nvme03/workspace/lingbot-world/physinone_candidate128_missing77_conditions_81f_20260519_0034/VerticalFall_RollUpSlope_FixedPlanarRedirect__bg168__lN3bV0/action.npy;/home/nvme03/workspace/lingbot-world/physinone_candidate128_missing77_conditions_81f_20260519_0034/VerticalFall_RollUpSlope_FixedPlanarRedirect__bg168__lN3bV0/poses.npy;/home/nvme03/workspace/lingbot-world/physinone_candidate128_missing77_conditions_81f_20260519_0034/VerticalFall_RollUpSlope_FixedPlanarRedirect__bg168__lN3bV0/scene_trajectory.json;/home/nvme03/workspace/lingbot-world/physinone_candidate128_missing77_conditions_81f_20260519_0034/VerticalFall_RollUpSlope_FixedPlanarRedirect__bg168__lN3bV0/target_video.mp4;/home/nvme03/workspace/lingbot-world/physinone_candidate128_missing77_conditions_81f_20260519_0034/VerticalFall_RollUpSlope_FixedPlanarRedirect__bg168__lN3bV0/intrinsics.npy,physinone,Do not use as PhysEditWorld selected 50h root.
/home/nvme03/workspace/lingbot-world/physinone_candidate128_missing77_conditions_81f_20260519_0034/VerticalFall_RollUpSlope_UniformSurfaceSpin__bg156__FGs3ZY,REJECT_LIKELY_FALSE_POSITIVE,5,1,True,True,"action,camera,intrinsics,video",/home/nvme03/workspace/lingbot-world/physinone_candidate128_missing77_conditions_81f_20260519_0034/VerticalFall_RollUpSlope_UniformSurfaceSpin__bg156__FGs3ZY/action.npy;/home/nvme03/workspace/lingbot-world/physinone_candidate128_missing77_conditions_81f_20260519_0034/VerticalFall_RollUpSlope_UniformSurfaceSpin__bg156__FGs3ZY/poses.npy;/home/nvme03/workspace/lingbot-world/physinone_candidate128_missing77_conditions_81f_20260519_0034/VerticalFall_RollUpSlope_UniformSurfaceSpin__bg156__FGs3ZY/scene_trajectory.json;/home/nvme03/workspace/lingbot-world/physinone_candidate128_missing77_conditions_81f_20260519_0034/VerticalFall_RollUpSlope_UniformSurfaceSpin__bg156__FGs3ZY/target_video.mp4;/home/nvme03/workspace/lingbot-world/physinone_candidate128_missing77_conditions_81f_20260519_0034/VerticalFall_RollUpSlope_UniformSurfaceSpin__bg156__FGs3ZY/intrinsics.npy,physinone,Do not use as PhysEditWorld selected 50h root.
/home/nvme03/workspace/lingbot-world/physinone_candidate128_missing77_conditions_81f_20260519_0034/VerticalFall_SeesawOffsetPivot_BalloonLift__bg167__EyoV2y,REJECT_LIKELY_FALSE_POSITIVE,5,1,True,True,"action,camera,intrinsics,video",/home/nvme03/workspace/lingbot-world/physinone_candidate128_missing77_conditions_81f_20260519_0034/VerticalFall_SeesawOffsetPivot_BalloonLift__bg167__EyoV2y/action.npy;/home/nvme03/workspace/lingbot-world/physinone_candidate128_missing77_conditions_81f_20260519_0034/VerticalFall_SeesawOffsetPivot_BalloonLift__bg167__EyoV2y/poses.npy;/home/nvme03/workspace/lingbot-world/physinone_candidate128_missing77_conditions_81f_20260519_0034/VerticalFall_SeesawOffsetPivot_BalloonLift__bg167__EyoV2y/scene_trajectory.json;/home/nvme03/workspace/lingbot-world/physinone_candidate128_missing77_conditions_81f_20260519_0034/VerticalFall_SeesawOffsetPivot_BalloonLift__bg167__EyoV2y/target_video.mp4;/home/nvme03/workspace/lingbot-world/physinone_candidate128_missing77_conditions_81f_20260519_0034/VerticalFall_SeesawOffsetPivot_BalloonLift__bg167__EyoV2y/intrinsics.npy,physinone,Do not use as PhysEditWorld selected 50h root.
/home/nvme03/workspace/lingbot-world/physinone_candidate128_missing77_conditions_81f_20260519_0034/WindDeflectMotion_VerticalFall_DoublePendulum__bg157__aXkqvS,REJECT_LIKELY_FALSE_POSITIVE,5,1,True,True,"action,camera,intrinsics,video",/home/nvme03/workspace/lingbot-world/physinone_candidate128_missing77_conditions_81f_20260519_0034/WindDeflectMotion_VerticalFall_DoublePendulum__bg157__aXkqvS/action.npy;/home/nvme03/workspace/lingbot-world/physinone_candidate128_missing77_conditions_81f_20260519_0034/WindDeflectMotion_VerticalFall_DoublePendulum__bg157__aXkqvS/poses.npy;/home/nvme03/workspace/lingbot-world/physinone_candidate128_missing77_conditions_81f_20260519_0034/WindDeflectMotion_VerticalFall_DoublePendulum__bg157__aXkqvS/scene_trajectory.json;/home/nvme03/workspace/lingbot-world/physinone_candidate128_missing77_conditions_81f_20260519_0034/WindDeflectMotion_VerticalFall_DoublePendulum__bg157__aXkqvS/target_video.mp4;/home/nvme03/workspace/lingbot-world/physinone_candidate128_missing77_conditions_81f_20260519_0034/WindDeflectMotion_VerticalFall_DoublePendulum__bg157__aXkqvS/intrinsics.npy,physinone,Do not use as PhysEditWorld selected 50h root.
/home/nvme03/workspace/lingbot-world/physinone_candidate128_missing77_conditions_81f_20260519_0034/WindPushOppDir_ObliqueProjectile_RollUpSlope__bg161__uuYLku,REJECT_LIKELY_FALSE_POSITIVE,5,1,True,True,"action,camera,intrinsics,video",/home/nvme03/workspace/lingbot-world/physinone_candidate128_missing77_conditions_81f_20260519_0034/WindPushOppDir_ObliqueProjectile_RollUpSlope__bg161__uuYLku/action.npy;/home/nvme03/workspace/lingbot-world/physinone_candidate128_missing77_conditions_81f_20260519_0034/WindPushOppDir_ObliqueProjectile_RollUpSlope__bg161__uuYLku/poses.npy;/home/nvme03/workspace/lingbot-world/physinone_candidate128_missing77_conditions_81f_20260519_0034/WindPushOppDir_ObliqueProjectile_RollUpSlope__bg161__uuYLku/scene_trajectory.json;/home/nvme03/workspace/lingbot-world/physinone_candidate128_missing77_conditions_81f_20260519_0034/WindPushOppDir_ObliqueProjectile_RollUpSlope__bg161__uuYLku/target_video.mp4;/home/nvme03/workspace/lingbot-world/physinone_candidate128_missing77_conditions_81f_20260519_0034/WindPushOppDir_ObliqueProjectile_RollUpSlope__bg161__uuYLku/intrinsics.npy,physinone,Do not use as PhysEditWorld selected 50h root.
/home/nvme03/workspace/lingbot-world/physinone_candidate128_missing77_conditions_81f_20260519_0034/WindPushOppDir_SpringStretch_BalloonFloat__bg170__E4mREt,REJECT_LIKELY_FALSE_POSITIVE,5,1,True,True,"action,camera,intrinsics,video",/home/nvme03/workspace/lingbot-world/physinone_candidate128_missing77_conditions_81f_20260519_0034/WindPushOppDir_SpringStretch_BalloonFloat__bg170__E4mREt/action.npy;/home/nvme03/workspace/lingbot-world/physinone_candidate128_missing77_conditions_81f_20260519_0034/WindPushOppDir_SpringStretch_BalloonFloat__bg170__E4mREt/poses.npy;/home/nvme03/workspace/lingbot-world/physinone_candidate128_missing77_conditions_81f_20260519_0034/WindPushOppDir_SpringStretch_BalloonFloat__bg170__E4mREt/scene_trajectory.json;/home/nvme03/workspace/lingbot-world/physinone_candidate128_missing77_conditions_81f_20260519_0034/WindPushOppDir_SpringStretch_BalloonFloat__bg170__E4mREt/target_video.mp4;/home/nvme03/workspace/lingbot-world/physinone_candidate128_missing77_conditions_81f_20260519_0034/WindPushOppDir_SpringStretch_BalloonFloat__bg170__E4mREt/intrinsics.npy,physinone,Do not use as PhysEditWorld selected 50h root.
/home/nvme03/workspace/lingbot-world/physinone_candidate128_missing77_conditions_81f_20260519_0034/WindPushOppDir_UniformPanelSpin_BalloonLift__bg177__sjF4zd,REJECT_LIKELY_FALSE_POSITIVE,5,1,True,True,"action,camera,intrinsics,video",/home/nvme03/workspace/lingbot-world/physinone_candidate128_missing77_conditions_81f_20260519_0034/WindPushOppDir_UniformPanelSpin_BalloonLift__bg177__sjF4zd/action.npy;/home/nvme03/workspace/lingbot-world/physinone_candidate128_missing77_conditions_81f_20260519_0034/WindPushOppDir_UniformPanelSpin_BalloonLift__bg177__sjF4zd/poses.npy;/home/nvme03/workspace/lingbot-world/physinone_candidate128_missing77_conditions_81f_20260519_0034/WindPushOppDir_UniformPanelSpin_BalloonLift__bg177__sjF4zd/scene_trajectory.json;/home/nvme03/workspace/lingbot-world/physinone_candidate128_missing77_conditions_81f_20260519_0034/WindPushOppDir_UniformPanelSpin_BalloonLift__bg177__sjF4zd/target_video.mp4;/home/nvme03/workspace/lingbot-world/physinone_candidate128_missing77_conditions_81f_20260519_0034/WindPushOppDir_UniformPanelSpin_BalloonLift__bg177__sjF4zd/intrinsics.npy,physinone,Do not use as PhysEditWorld selected 50h root.
/home/nvme03/workspace/lingbot-world/physinone_candidate128_missing77_conditions_81f_20260519_0034/WindPushOppDir_WindDeflectMotion_AccelSurfaceSpin__bg156__rfTwrm,REJECT_LIKELY_FALSE_POSITIVE,5,1,True,True,"action,camera,intrinsics,video",/home/nvme03/workspace/lingbot-world/physinone_candidate128_missing77_conditions_81f_20260519_0034/WindPushOppDir_WindDeflectMotion_AccelSurfaceSpin__bg156__rfTwrm/action.npy;/home/nvme03/workspace/lingbot-world/physinone_candidate128_missing77_conditions_81f_20260519_0034/WindPushOppDir_WindDeflectMotion_AccelSurfaceSpin__bg156__rfTwrm/poses.npy;/home/nvme03/workspace/lingbot-world/physinone_candidate128_missing77_conditions_81f_20260519_0034/WindPushOppDir_WindDeflectMotion_AccelSurfaceSpin__bg156__rfTwrm/scene_trajectory.json;/home/nvme03/workspace/lingbot-world/physinone_candidate128_missing77_conditions_81f_20260519_0034/WindPushOppDir_WindDeflectMotion_AccelSurfaceSpin__bg156__rfTwrm/target_video.mp4;/home/nvme03/workspace/lingbot-world/physinone_candidate128_missing77_conditions_81f_20260519_0034/WindPushOppDir_WindDeflectMotion_AccelSurfaceSpin__bg156__rfTwrm/intrinsics.npy,physinone,Do not use as PhysEditWorld selected 50h root.
/home/nvme03/workspace/lingbot-world/physinone_candidate128_missing77_conditions_81f_20260519_0034/WindPushOppDir_WindDeflectMotion_VerticalFall__bg177__ZCqbkR,REJECT_LIKELY_FALSE_POSITIVE,5,1,True,True,"action,camera,intrinsics,video",/home/nvme03/workspace/lingbot-world/physinone_candidate128_missing77_conditions_81f_20260519_0034/WindPushOppDir_WindDeflectMotion_VerticalFall__bg177__ZCqbkR/action.npy;/home/nvme03/workspace/lingbot-world/physinone_candidate128_missing77_conditions_81f_20260519_0034/WindPushOppDir_WindDeflectMotion_VerticalFall__bg177__ZCqbkR/poses.npy;/home/nvme03/workspace/lingbot-world/physinone_candidate128_missing77_conditions_81f_20260519_0034/WindPushOppDir_WindDeflectMotion_VerticalFall__bg177__ZCqbkR/scene_trajectory.json;/home/nvme03/workspace/lingbot-world/physinone_candidate128_missing77_conditions_81f_20260519_0034/WindPushOppDir_WindDeflectMotion_VerticalFall__bg177__ZCqbkR/target_video.mp4;/home/nvme03/workspace/lingbot-world/physinone_candidate128_missing77_conditions_81f_20260519_0034/WindPushOppDir_WindDeflectMotion_VerticalFall__bg177__ZCqbkR/intrinsics.npy,physinone,Do not use as PhysEditWorld selected 50h root.
/home/nvme03/workspace/lingbot-world/physinone_candidate128_missing77_conditions_81f_20260519_0034/WindPushSameDir_ObliqueProjectile_RollUpSlope__bg167__UogbDX,REJECT_LIKELY_FALSE_POSITIVE,5,1,True,True,"action,camera,intrinsics,video",/home/nvme03/workspace/lingbot-world/physinone_candidate128_missing77_conditions_81f_20260519_0034/WindPushSameDir_ObliqueProjectile_RollUpSlope__bg167__UogbDX/action.npy;/home/nvme03/workspace/lingbot-world/physinone_candidate128_missing77_conditions_81f_20260519_0034/WindPushSameDir_ObliqueProjectile_RollUpSlope__bg167__UogbDX/poses.npy;/home/nvme03/workspace/lingbot-world/physinone_candidate128_missing77_conditions_81f_20260519_0034/WindPushSameDir_ObliqueProjectile_RollUpSlope__bg167__UogbDX/scene_trajectory.json;/home/nvme03/workspace/lingbot-world/physinone_candidate128_missing77_conditions_81f_20260519_0034/WindPushSameDir_ObliqueProjectile_RollUpSlope__bg167__UogbDX/target_video.mp4;/home/nvme03/workspace/lingbot-world/physinone_candidate128_missing77_conditions_81f_20260519_0034/WindPushSameDir_ObliqueProjectile_RollUpSlope__bg167__UogbDX/intrinsics.npy,physinone,Do not use as PhysEditWorld selected 50h root.
/home/nvme03/workspace/lingbot-world/physinone_candidate128_missing77_conditions_81f_20260519_0034/WindPushSameDir_UniformConcaveSpin_BalloonFloat__bg167__cU96PK,REJECT_LIKELY_FALSE_POSITIVE,5,1,True,True,"action,camera,intrinsics,video",/home/nvme03/workspace/lingbot-world/physinone_candidate128_missing77_conditions_81f_20260519_0034/WindPushSameDir_UniformConcaveSpin_BalloonFloat__bg167__cU96PK/action.npy;/home/nvme03/workspace/lingbot-world/physinone_candidate128_missing77_conditions_81f_20260519_0034/WindPushSameDir_UniformConcaveSpin_BalloonFloat__bg167__cU96PK/poses.npy;/home/nvme03/workspace/lingbot-world/physinone_candidate128_missing77_conditions_81f_20260519_0034/WindPushSameDir_UniformConcaveSpin_BalloonFloat__bg167__cU96PK/scene_trajectory.json;/home/nvme03/workspace/lingbot-world/physinone_candidate128_missing77_conditions_81f_20260519_0034/WindPushSameDir_UniformConcaveSpin_BalloonFloat__bg167__cU96PK/target_video.mp4;/home/nvme03/workspace/lingbot-world/physinone_candidate128_missing77_conditions_81f_20260519_0034/WindPushSameDir_UniformConcaveSpin_BalloonFloat__bg167__cU96PK/intrinsics.npy,physinone,Do not use as PhysEditWorld selected 50h root.
/home/nvme03/workspace/lingbot-world/physinone_candidate128_missing77_conditions_81f_20260519_0034/WindPushSameDir_WindDeflectMotion_ChainSuspend__bg187__mAFFEx,REJECT_LIKELY_FALSE_POSITIVE,5,1,True,True,"action,camera,intrinsics,video",/home/nvme03/workspace/lingbot-world/physinone_candidate128_missing77_conditions_81f_20260519_0034/WindPushSameDir_WindDeflectMotion_ChainSuspend__bg187__mAFFEx/action.npy;/home/nvme03/workspace/lingbot-world/physinone_candidate128_missing77_conditions_81f_20260519_0034/WindPushSameDir_WindDeflectMotion_ChainSuspend__bg187__mAFFEx/poses.npy;/home/nvme03/workspace/lingbot-world/physinone_candidate128_missing77_conditions_81f_20260519_0034/WindPushSameDir_WindDeflectMotion_ChainSuspend__bg187__mAFFEx/scene_trajectory.json;/home/nvme03/workspace/lingbot-world/physinone_candidate128_missing77_conditions_81f_20260519_0034/WindPushSameDir_WindDeflectMotion_ChainSuspend__bg187__mAFFEx/target_video.mp4;/home/nvme03/workspace/lingbot-world/physinone_candidate128_missing77_conditions_81f_20260519_0034/WindPushSameDir_WindDeflectMotion_ChainSuspend__bg187__mAFFEx/intrinsics.npy,physinone,Do not use as PhysEditWorld selected 50h root.
/home/nvme03/workspace/lingbot-world/physinone_candidate128_missing77_conditions_81f_20260519_0034/WindPushSameDir_WindDeflectMotion_FixedConvexRedirect__bg161__mDNCMM,REJECT_LIKELY_FALSE_POSITIVE,5,1,True,True,"action,camera,intrinsics,video",/home/nvme03/workspace/lingbot-world/physinone_candidate128_missing77_conditions_81f_20260519_0034/WindPushSameDir_WindDeflectMotion_FixedConvexRedirect__bg161__mDNCMM/action.npy;/home/nvme03/workspace/lingbot-world/physinone_candidate128_missing77_conditions_81f_20260519_0034/WindPushSameDir_WindDeflectMotion_FixedConvexRedirect__bg161__mDNCMM/poses.npy;/home/nvme03/workspace/lingbot-world/physinone_candidate128_missing77_conditions_81f_20260519_0034/WindPushSameDir_WindDeflectMotion_FixedConvexRedirect__bg161__mDNCMM/scene_trajectory.json;/home/nvme03/workspace/lingbot-world/physinone_candidate128_missing77_conditions_81f_20260519_0034/WindPushSameDir_WindDeflectMotion_FixedConvexRedirect__bg161__mDNCMM/target_video.mp4;/home/nvme03/workspace/lingbot-world/physinone_candidate128_missing77_conditions_81f_20260519_0034/WindPushSameDir_WindDeflectMotion_FixedConvexRedirect__bg161__mDNCMM/intrinsics.npy,physinone,Do not use as PhysEditWorld selected 50h root.
/home/nvme03/workspace/lingbot-world/physinone_candidate128_missing77_conditions_81f_20260519_0034/WindPushSameDir_WindDeflectMotion_SpringCompress__bg177__inFbq1,REJECT_LIKELY_FALSE_POSITIVE,5,1,True,True,"action,camera,intrinsics,video",/home/nvme03/workspace/lingbot-world/physinone_candidate128_missing77_conditions_81f_20260519_0034/WindPushSameDir_WindDeflectMotion_SpringCompress__bg177__inFbq1/action.npy;/home/nvme03/workspace/lingbot-world/physinone_candidate128_missing77_conditions_81f_20260519_0034/WindPushSameDir_WindDeflectMotion_SpringCompress__bg177__inFbq1/poses.npy;/home/nvme03/workspace/lingbot-world/physinone_candidate128_missing77_conditions_81f_20260519_0034/WindPushSameDir_WindDeflectMotion_SpringCompress__bg177__inFbq1/scene_trajectory.json;/home/nvme03/workspace/lingbot-world/physinone_candidate128_missing77_conditions_81f_20260519_0034/WindPushSameDir_WindDeflectMotion_SpringCompress__bg177__inFbq1/target_video.mp4;/home/nvme03/workspace/lingbot-world/physinone_candidate128_missing77_conditions_81f_20260519_0034/WindPushSameDir_WindDeflectMotion_SpringCompress__bg177__inFbq1/intrinsics.npy,physinone,Do not use as PhysEditWorld selected 50h root.
/home/nvme03/workspace/lingbot-world/physinone_candidate128_missing77_conditions_81f_20260519_0034/WindPushSameDir_WindPushOppDir_UniformSurfaceSpin__bg151__Rwm0Lq,REJECT_LIKELY_FALSE_POSITIVE,5,1,True,True,"action,camera,intrinsics,video",/home/nvme03/workspace/lingbot-world/physinone_candidate128_missing77_conditions_81f_20260519_0034/WindPushSameDir_WindPushOppDir_UniformSurfaceSpin__bg151__Rwm0Lq/action.npy;/home/nvme03/workspace/lingbot-world/physinone_candidate128_missing77_conditions_81f_20260519_0034/WindPushSameDir_WindPushOppDir_UniformSurfaceSpin__bg151__Rwm0Lq/poses.npy;/home/nvme03/workspace/lingbot-world/physinone_candidate128_missing77_conditions_81f_20260519_0034/WindPushSameDir_WindPushOppDir_UniformSurfaceSpin__bg151__Rwm0Lq/scene_trajectory.json;/home/nvme03/workspace/lingbot-world/physinone_candidate128_missing77_conditions_81f_20260519_0034/WindPushSameDir_WindPushOppDir_UniformSurfaceSpin__bg151__Rwm0Lq/target_video.mp4;/home/nvme03/workspace/lingbot-world/physinone_candidate128_missing77_conditions_81f_20260519_0034/WindPushSameDir_WindPushOppDir_UniformSurfaceSpin__bg151__Rwm0Lq/intrinsics.npy,physinone,Do not use as PhysEditWorld selected 50h root.
/home/nvme03/workspace/lingbot-world/physinone_candidate128_missing77_conditions_81f_20260519_0034/WindPushSameDir_WindPushOppDir_VerticalFall__bg177__z1tzEa,REJECT_LIKELY_FALSE_POSITIVE,5,1,True,True,"action,camera,intrinsics,video",/home/nvme03/workspace/lingbot-world/physinone_candidate128_missing77_conditions_81f_20260519_0034/WindPushSameDir_WindPushOppDir_VerticalFall__bg177__z1tzEa/action.npy;/home/nvme03/workspace/lingbot-world/physinone_candidate128_missing77_conditions_81f_20260519_0034/WindPushSameDir_WindPushOppDir_VerticalFall__bg177__z1tzEa/poses.npy;/home/nvme03/workspace/lingbot-world/physinone_candidate128_missing77_conditions_81f_20260519_0034/WindPushSameDir_WindPushOppDir_VerticalFall__bg177__z1tzEa/scene_trajectory.json;/home/nvme03/workspace/lingbot-world/physinone_candidate128_missing77_conditions_81f_20260519_0034/WindPushSameDir_WindPushOppDir_VerticalFall__bg177__z1tzEa/target_video.mp4;/home/nvme03/workspace/lingbot-world/physinone_candidate128_missing77_conditions_81f_20260519_0034/WindPushSameDir_WindPushOppDir_VerticalFall__bg177__z1tzEa/intrinsics.npy,physinone,Do not use as PhysEditWorld selected 50h root.
/home/nvme03/workspace/lingbot-world/physinone_candidate128_missing77_conditions_81f_20260519_0034/WindPushStationary_UniformPanelSpin_BalloonFloat__bg188__vLEeaF,REJECT_LIKELY_FALSE_POSITIVE,5,1,True,True,"action,camera,intrinsics,video",/home/nvme03/workspace/lingbot-world/physinone_candidate128_missing77_conditions_81f_20260519_0034/WindPushStationary_UniformPanelSpin_BalloonFloat__bg188__vLEeaF/action.npy;/home/nvme03/workspace/lingbot-world/physinone_candidate128_missing77_conditions_81f_20260519_0034/WindPushStationary_UniformPanelSpin_BalloonFloat__bg188__vLEeaF/poses.npy;/home/nvme03/workspace/lingbot-world/physinone_candidate128_missing77_conditions_81f_20260519_0034/WindPushStationary_UniformPanelSpin_BalloonFloat__bg188__vLEeaF/scene_trajectory.json;/home/nvme03/workspace/lingbot-world/physinone_candidate128_missing77_conditions_81f_20260519_0034/WindPushStationary_UniformPanelSpin_BalloonFloat__bg188__vLEeaF/target_video.mp4;/home/nvme03/workspace/lingbot-world/physinone_candidate128_missing77_conditions_81f_20260519_0034/WindPushStationary_UniformPanelSpin_BalloonFloat__bg188__vLEeaF/intrinsics.npy,physinone,Do not use as PhysEditWorld selected 50h root.
/home/nvme03/workspace/lingbot-world/physinone_candidate128_missing77_conditions_81f_20260519_0034/WindPushStationary_WindDeflectMotion_FrictionStop__bg177__Io2w25,REJECT_LIKELY_FALSE_POSITIVE,5,1,True,True,"action,camera,intrinsics,video",/home/nvme03/workspace/lingbot-world/physinone_candidate128_missing77_conditions_81f_20260519_0034/WindPushStationary_WindDeflectMotion_FrictionStop__bg177__Io2w25/action.npy;/home/nvme03/workspace/lingbot-world/physinone_candidate128_missing77_conditions_81f_20260519_0034/WindPushStationary_WindDeflectMotion_FrictionStop__bg177__Io2w25/poses.npy;/home/nvme03/workspace/lingbot-world/physinone_candidate128_missing77_conditions_81f_20260519_0034/WindPushStationary_WindDeflectMotion_FrictionStop__bg177__Io2w25/scene_trajectory.json;/home/nvme03/workspace/lingbot-world/physinone_candidate128_missing77_conditions_81f_20260519_0034/WindPushStationary_WindDeflectMotion_FrictionStop__bg177__Io2w25/target_video.mp4;/home/nvme03/workspace/lingbot-world/physinone_candidate128_missing77_conditions_81f_20260519_0034/WindPushStationary_WindDeflectMotion_FrictionStop__bg177__Io2w25/intrinsics.npy,physinone,Do not use as PhysEditWorld selected 50h root.
/home/nvme03/workspace/lingbot-world/physinone_candidate128_missing77_conditions_81f_20260519_0034/WindPushStationary_WindDeflectMotion_RollDownSlope__bg178__U5mgEm,REJECT_LIKELY_FALSE_POSITIVE,5,1,True,True,"action,camera,intrinsics,video",/home/nvme03/workspace/lingbot-world/physinone_candidate128_missing77_conditions_81f_20260519_0034/WindPushStationary_WindDeflectMotion_RollDownSlope__bg178__U5mgEm/action.npy;/home/nvme03/workspace/lingbot-world/physinone_candidate128_missing77_conditions_81f_20260519_0034/WindPushStationary_WindDeflectMotion_RollDownSlope__bg178__U5mgEm/poses.npy;/home/nvme03/workspace/lingbot-world/physinone_candidate128_missing77_conditions_81f_20260519_0034/WindPushStationary_WindDeflectMotion_RollDownSlope__bg178__U5mgEm/scene_trajectory.json;/home/nvme03/workspace/lingbot-world/physinone_candidate128_missing77_conditions_81f_20260519_0034/WindPushStationary_WindDeflectMotion_RollDownSlope__bg178__U5mgEm/target_video.mp4;/home/nvme03/workspace/lingbot-world/physinone_candidate128_missing77_conditions_81f_20260519_0034/WindPushStationary_WindDeflectMotion_RollDownSlope__bg178__U5mgEm/intrinsics.npy,physinone,Do not use as PhysEditWorld selected 50h root.
/home/nvme03/workspace/lingbot-world/physinone_candidate128_missing77_conditions_81f_20260519_0034/WindPushStationary_WindPushOppDir_FrictionStop__bg188__zzFz5W,REJECT_LIKELY_FALSE_POSITIVE,5,1,True,True,"action,camera,intrinsics,video",/home/nvme03/workspace/lingbot-world/physinone_candidate128_missing77_conditions_81f_20260519_0034/WindPushStationary_WindPushOppDir_FrictionStop__bg188__zzFz5W/action.npy;/home/nvme03/workspace/lingbot-world/physinone_candidate128_missing77_conditions_81f_20260519_0034/WindPushStationary_WindPushOppDir_FrictionStop__bg188__zzFz5W/poses.npy;/home/nvme03/workspace/lingbot-world/physinone_candidate128_missing77_conditions_81f_20260519_0034/WindPushStationary_WindPushOppDir_FrictionStop__bg188__zzFz5W/scene_trajectory.json;/home/nvme03/workspace/lingbot-world/physinone_candidate128_missing77_conditions_81f_20260519_0034/WindPushStationary_WindPushOppDir_FrictionStop__bg188__zzFz5W/target_video.mp4;/home/nvme03/workspace/lingbot-world/physinone_candidate128_missing77_conditions_81f_20260519_0034/WindPushStationary_WindPushOppDir_FrictionStop__bg188__zzFz5W/intrinsics.npy,physinone,Do not use as PhysEditWorld selected 50h root.
/home/nvme03/workspace/lingbot-world/physinone_candidate128_missing77_conditions_81f_20260519_0034/WindPushStationary_WindPushOppDir_VerticalFall__bg151__WgQYLa,REJECT_LIKELY_FALSE_POSITIVE,5,1,True,True,"action,camera,intrinsics,video",/home/nvme03/workspace/lingbot-world/physinone_candidate128_missing77_conditions_81f_20260519_0034/WindPushStationary_WindPushOppDir_VerticalFall__bg151__WgQYLa/action.npy;/home/nvme03/workspace/lingbot-world/physinone_candidate128_missing77_conditions_81f_20260519_0034/WindPushStationary_WindPushOppDir_VerticalFall__bg151__WgQYLa/poses.npy;/home/nvme03/workspace/lingbot-world/physinone_candidate128_missing77_conditions_81f_20260519_0034/WindPushStationary_WindPushOppDir_VerticalFall__bg151__WgQYLa/scene_trajectory.json;/home/nvme03/workspace/lingbot-world/physinone_candidate128_missing77_conditions_81f_20260519_0034/WindPushStationary_WindPushOppDir_VerticalFall__bg151__WgQYLa/target_video.mp4;/home/nvme03/workspace/lingbot-world/physinone_candidate128_missing77_conditions_81f_20260519_0034/WindPushStationary_WindPushOppDir_VerticalFall__bg151__WgQYLa/intrinsics.npy,physinone,Do not use as PhysEditWorld selected 50h root.
/home/nvme03/workspace/lingbot-world/physinone_candidate128_missing77_conditions_81f_20260519_0034/WindPushStationary_WindPushSameDir_AccelConcaveSpin__bg177__ORsHJl,REJECT_LIKELY_FALSE_POSITIVE,5,1,True,True,"action,camera,intrinsics,video",/home/nvme03/workspace/lingbot-world/physinone_candidate128_missing77_conditions_81f_20260519_0034/WindPushStationary_WindPushSameDir_AccelConcaveSpin__bg177__ORsHJl/action.npy;/home/nvme03/workspace/lingbot-world/physinone_candidate128_missing77_conditions_81f_20260519_0034/WindPushStationary_WindPushSameDir_AccelConcaveSpin__bg177__ORsHJl/poses.npy;/home/nvme03/workspace/lingbot-world/physinone_candidate128_missing77_conditions_81f_20260519_0034/WindPushStationary_WindPushSameDir_AccelConcaveSpin__bg177__ORsHJl/scene_trajectory.json;/home/nvme03/workspace/lingbot-world/physinone_candidate128_missing77_conditions_81f_20260519_0034/WindPushStationary_WindPushSameDir_AccelConcaveSpin__bg177__ORsHJl/target_video.mp4;/home/nvme03/workspace/lingbot-world/physinone_candidate128_missing77_conditions_81f_20260519_0034/WindPushStationary_WindPushSameDir_AccelConcaveSpin__bg177__ORsHJl/intrinsics.npy,physinone,Do not use as PhysEditWorld selected 50h root.
/home/nvme03/workspace/lingbot-world/physinone_candidate128_missing77_conditions_81f_20260519_0034/WindPushStationary_WindPushSameDir_CrankPush__bg177__4LXH4B,REJECT_LIKELY_FALSE_POSITIVE,5,1,True,True,"action,camera,intrinsics,video",/home/nvme03/workspace/lingbot-world/physinone_candidate128_missing77_conditions_81f_20260519_0034/WindPushStationary_WindPushSameDir_CrankPush__bg177__4LXH4B/action.npy;/home/nvme03/workspace/lingbot-world/physinone_candidate128_missing77_conditions_81f_20260519_0034/WindPushStationary_WindPushSameDir_CrankPush__bg177__4LXH4B/poses.npy;/home/nvme03/workspace/lingbot-world/physinone_candidate128_missing77_conditions_81f_20260519_0034/WindPushStationary_WindPushSameDir_CrankPush__bg177__4LXH4B/scene_trajectory.json;/home/nvme03/workspace/lingbot-world/physinone_candidate128_missing77_conditions_81f_20260519_0034/WindPushStationary_WindPushSameDir_CrankPush__bg177__4LXH4B/target_video.mp4;/home/nvme03/workspace/lingbot-world/physinone_candidate128_missing77_conditions_81f_20260519_0034/WindPushStationary_WindPushSameDir_CrankPush__bg177__4LXH4B/intrinsics.npy,physinone,Do not use as PhysEditWorld selected 50h root.
/home/nvme03/workspace/lingbot-world/physinone_sft_conditions_81f_20260513/CatapultLaunch__bg189__JJT3If,REJECT_LIKELY_FALSE_POSITIVE,5,1,True,True,"action,camera,intrinsics,video",/home/nvme03/workspace/lingbot-world/physinone_sft_conditions_81f_20260513/CatapultLaunch__bg189__JJT3If/action.npy;/home/nvme03/workspace/lingbot-world/physinone_sft_conditions_81f_20260513/CatapultLaunch__bg189__JJT3If/poses.npy;/home/nvme03/workspace/lingbot-world/physinone_sft_conditions_81f_20260513/CatapultLaunch__bg189__JJT3If/scene_trajectory.json;/home/nvme03/workspace/lingbot-world/physinone_sft_conditions_81f_20260513/CatapultLaunch__bg189__JJT3If/target_video.mp4;/home/nvme03/workspace/lingbot-world/physinone_sft_conditions_81f_20260513/CatapultLaunch__bg189__JJT3If/intrinsics.npy,physinone,Do not use as PhysEditWorld selected 50h root.
/home/nvme03/workspace/lingbot-world/physinone_sft_conditions_81f_pull1_test_20260513/MagnetRepel__bg175__aVA9WC,REJECT_LIKELY_FALSE_POSITIVE,5,1,True,True,"action,camera,intrinsics,video",/home/nvme03/workspace/lingbot-world/physinone_sft_conditions_81f_pull1_test_20260513/MagnetRepel__bg175__aVA9WC/action.npy;/home/nvme03/workspace/lingbot-world/physinone_sft_conditions_81f_pull1_test_20260513/MagnetRepel__bg175__aVA9WC/poses.npy;/home/nvme03/workspace/lingbot-world/physinone_sft_conditions_81f_pull1_test_20260513/MagnetRepel__bg175__aVA9WC/scene_trajectory.json;/home/nvme03/workspace/lingbot-world/physinone_sft_conditions_81f_pull1_test_20260513/MagnetRepel__bg175__aVA9WC/target_video.mp4;/home/nvme03/workspace/lingbot-world/physinone_sft_conditions_81f_pull1_test_20260513/MagnetRepel__bg175__aVA9WC/intrinsics.npy,physinone,Do not use as PhysEditWorld selected 50h root.
/home/nvme03/workspace/lingbot-world/physinone_sft_conditions_81f_pull50_20260513/AccelConcaveSpin_AccelSurfaceSpin__bg162__IG1rFr,REJECT_LIKELY_FALSE_POSITIVE,5,1,True,True,"action,camera,intrinsics,video",/home/nvme03/workspace/lingbot-world/physinone_sft_conditions_81f_pull50_20260513/AccelConcaveSpin_AccelSurfaceSpin__bg162__IG1rFr/action.npy;/home/nvme03/workspace/lingbot-world/physinone_sft_conditions_81f_pull50_20260513/AccelConcaveSpin_AccelSurfaceSpin__bg162__IG1rFr/poses.npy;/home/nvme03/workspace/lingbot-world/physinone_sft_conditions_81f_pull50_20260513/AccelConcaveSpin_AccelSurfaceSpin__bg162__IG1rFr/scene_trajectory.json;/home/nvme03/workspace/lingbot-world/physinone_sft_conditions_81f_pull50_20260513/AccelConcaveSpin_AccelSurfaceSpin__bg162__IG1rFr/target_video.mp4;/home/nvme03/workspace/lingbot-world/physinone_sft_conditions_81f_pull50_20260513/AccelConcaveSpin_AccelSurfaceSpin__bg162__IG1rFr/intrinsics.npy,physinone,Do not use as PhysEditWorld selected 50h root.
/home/nvme03/workspace/lingbot-world/physinone_sft_conditions_81f_pull50_20260513/AccelConcaveSpin__bg186__S6yt3H,REJECT_LIKELY_FALSE_POSITIVE,5,1,True,True,"action,camera,intrinsics,video",/home/nvme03/workspace/lingbot-world/physinone_sft_conditions_81f_pull50_20260513/AccelConcaveSpin__bg186__S6yt3H/action.npy;/home/nvme03/workspace/lingbot-world/physinone_sft_conditions_81f_pull50_20260513/AccelConcaveSpin__bg186__S6yt3H/poses.npy;/home/nvme03/workspace/lingbot-world/physinone_sft_conditions_81f_pull50_20260513/AccelConcaveSpin__bg186__S6yt3H/scene_trajectory.json;/home/nvme03/workspace/lingbot-world/physinone_sft_conditions_81f_pull50_20260513/AccelConcaveSpin__bg186__S6yt3H/target_video.mp4;/home/nvme03/workspace/lingbot-world/physinone_sft_conditions_81f_pull50_20260513/AccelConcaveSpin__bg186__S6yt3H/intrinsics.npy,physinone,Do not use as PhysEditWorld selected 50h root.
/home/nvme03/workspace/lingbot-world/physinone_sft_conditions_81f_pull50_20260513/AccelPanelSpin_BalloonFloat__bg170__28WzBF,REJECT_LIKELY_FALSE_POSITIVE,5,1,True,True,"action,camera,intrinsics,video",/home/nvme03/workspace/lingbot-world/physinone_sft_conditions_81f_pull50_20260513/AccelPanelSpin_BalloonFloat__bg170__28WzBF/action.npy;/home/nvme03/workspace/lingbot-world/physinone_sft_conditions_81f_pull50_20260513/AccelPanelSpin_BalloonFloat__bg170__28WzBF/poses.npy;/home/nvme03/workspace/lingbot-world/physinone_sft_conditions_81f_pull50_20260513/AccelPanelSpin_BalloonFloat__bg170__28WzBF/scene_trajectory.json;/home/nvme03/workspace/lingbot-world/physinone_sft_conditions_81f_pull50_20260513/AccelPanelSpin_BalloonFloat__bg170__28WzBF/target_video.mp4;/home/nvme03/workspace/lingbot-world/physinone_sft_conditions_81f_pull50_20260513/AccelPanelSpin_BalloonFloat__bg170__28WzBF/intrinsics.npy,physinone,Do not use as PhysEditWorld selected 50h root.
/home/nvme03/workspace/lingbot-world/physinone_sft_conditions_81f_pull50_20260513/AccelPanelSpin__bg171__l4cZ0u,REJECT_LIKELY_FALSE_POSITIVE,5,1,True,True,"action,camera,intrinsics,video",/home/nvme03/workspace/lingbot-world/physinone_sft_conditions_81f_pull50_20260513/AccelPanelSpin__bg171__l4cZ0u/action.npy;/home/nvme03/workspace/lingbot-world/physinone_sft_conditions_81f_pull50_20260513/AccelPanelSpin__bg171__l4cZ0u/poses.npy;/home/nvme03/workspace/lingbot-world/physinone_sft_conditions_81f_pull50_20260513/AccelPanelSpin__bg171__l4cZ0u/scene_trajectory.json;/home/nvme03/workspace/lingbot-world/physinone_sft_conditions_81f_pull50_20260513/AccelPanelSpin__bg171__l4cZ0u/target_video.mp4;/home/nvme03/workspace/lingbot-world/physinone_sft_conditions_81f_pull50_20260513/AccelPanelSpin__bg171__l4cZ0u/intrinsics.npy,physinone,Do not use as PhysEditWorld selected 50h root.
/home/nvme03/workspace/lingbot-world/physinone_sft_conditions_81f_pull50_20260513/AccelSurfaceSpin__bg171__78WkSp,REJECT_LIKELY_FALSE_POSITIVE,5,1,True,True,"action,camera,intrinsics,video",/home/nvme03/workspace/lingbot-world/physinone_sft_conditions_81f_pull50_20260513/AccelSurfaceSpin__bg171__78WkSp/action.npy;/home/nvme03/workspace/lingbot-world/physinone_sft_conditions_81f_pull50_20260513/AccelSurfaceSpin__bg171__78WkSp/poses.npy;/home/nvme03/workspace/lingbot-world/physinone_sft_conditions_81f_pull50_20260513/AccelSurfaceSpin__bg171__78WkSp/scene_trajectory.json;/home/nvme03/workspace/lingbot-world/physinone_sft_conditions_81f_pull50_20260513/AccelSurfaceSpin__bg171__78WkSp/target_video.mp4;/home/nvme03/workspace/lingbot-world/physinone_sft_conditions_81f_pull50_20260513/AccelSurfaceSpin__bg171__78WkSp/intrinsics.npy,physinone,Do not use as PhysEditWorld selected 50h root.
/home/nvme03/workspace/lingbot-world/physinone_sft_conditions_81f_pull50_20260513/BalloonFloat__bg181__3wm0fr,REJECT_LIKELY_FALSE_POSITIVE,5,1,True,True,"action,camera,intrinsics,video",/home/nvme03/workspace/lingbot-world/physinone_sft_conditions_81f_pull50_20260513/BalloonFloat__bg181__3wm0fr/action.npy;/home/nvme03/workspace/lingbot-world/physinone_sft_conditions_81f_pull50_20260513/BalloonFloat__bg181__3wm0fr/poses.npy;/home/nvme03/workspace/lingbot-world/physinone_sft_conditions_81f_pull50_20260513/BalloonFloat__bg181__3wm0fr/scene_trajectory.json;/home/nvme03/workspace/lingbot-world/physinone_sft_conditions_81f_pull50_20260513/BalloonFloat__bg181__3wm0fr/target_video.mp4;/home/nvme03/workspace/lingbot-world/physinone_sft_conditions_81f_pull50_20260513/BalloonFloat__bg181__3wm0fr/intrinsics.npy,physinone,Do not use as PhysEditWorld selected 50h root.
/home/nvme03/workspace/lingbot-world/physinone_sft_conditions_81f_pull50_20260513/BalloonLift__bg152__o7mKY1,REJECT_LIKELY_FALSE_POSITIVE,5,1,True,True,"action,camera,intrinsics,video",/home/nvme03/workspace/lingbot-world/physinone_sft_conditions_81f_pull50_20260513/BalloonLift__bg152__o7mKY1/action.npy;/home/nvme03/workspace/lingbot-world/physinone_sft_conditions_81f_pull50_20260513/BalloonLift__bg152__o7mKY1/poses.npy;/home/nvme03/workspace/lingbot-world/physinone_sft_conditions_81f_pull50_20260513/BalloonLift__bg152__o7mKY1/scene_trajectory.json;/home/nvme03/workspace/lingbot-world/physinone_sft_conditions_81f_pull50_20260513/BalloonLift__bg152__o7mKY1/target_video.mp4;/home/nvme03/workspace/lingbot-world/physinone_sft_conditions_81f_pull50_20260513/BalloonLift__bg152__o7mKY1/intrinsics.npy,physinone,Do not use as PhysEditWorld selected 50h root.
/home/nvme03/workspace/lingbot-world/physinone_sft_conditions_81f_pull50_20260513/BalloonTether_BlockWallCollapse__bg162__a8Ynit,REJECT_LIKELY_FALSE_POSITIVE,5,1,True,True,"action,camera,intrinsics,video",/home/nvme03/workspace/lingbot-world/physinone_sft_conditions_81f_pull50_20260513/BalloonTether_BlockWallCollapse__bg162__a8Ynit/action.npy;/home/nvme03/workspace/lingbot-world/physinone_sft_conditions_81f_pull50_20260513/BalloonTether_BlockWallCollapse__bg162__a8Ynit/poses.npy;/home/nvme03/workspace/lingbot-world/physinone_sft_conditions_81f_pull50_20260513/BalloonTether_BlockWallCollapse__bg162__a8Ynit/scene_trajectory.json;/home/nvme03/workspace/lingbot-world/physinone_sft_conditions_81f_pull50_20260513/BalloonTether_BlockWallCollapse__bg162__a8Ynit/target_video.mp4;/home/nvme03/workspace/lingbot-world/physinone_sft_conditions_81f_pull50_20260513/BalloonTether_BlockWallCollapse__bg162__a8Ynit/intrinsics.npy,physinone,Do not use as PhysEditWorld selected 50h root.
/home/nvme03/workspace/lingbot-world/physinone_sft_conditions_81f_pull50_20260513/BlockWallCollapse__bg177__dd8FBJ,REJECT_LIKELY_FALSE_POSITIVE,5,1,True,True,"action,camera,intrinsics,video",/home/nvme03/workspace/lingbot-world/physinone_sft_conditions_81f_pull50_20260513/BlockWallCollapse__bg177__dd8FBJ/action.npy;/home/nvme03/workspace/lingbot-world/physinone_sft_conditions_81f_pull50_20260513/BlockWallCollapse__bg177__dd8FBJ/poses.npy;/home/nvme03/workspace/lingbot-world/physinone_sft_conditions_81f_pull50_20260513/BlockWallCollapse__bg177__dd8FBJ/scene_trajectory.json;/home/nvme03/workspace/lingbot-world/physinone_sft_conditions_81f_pull50_20260513/BlockWallCollapse__bg177__dd8FBJ/target_video.mp4;/home/nvme03/workspace/lingbot-world/physinone_sft_conditions_81f_pull50_20260513/BlockWallCollapse__bg177__dd8FBJ/intrinsics.npy,physinone,Do not use as PhysEditWorld selected 50h root.
/home/nvme03/workspace/lingbot-world/physinone_sft_conditions_81f_pull50_20260513/CartMove__bg177__qI31mn,REJECT_LIKELY_FALSE_POSITIVE,5,1,True,True,"action,camera,intrinsics,video",/home/nvme03/workspace/lingbot-world/physinone_sft_conditions_81f_pull50_20260513/CartMove__bg177__qI31mn/action.npy;/home/nvme03/workspace/lingbot-world/physinone_sft_conditions_81f_pull50_20260513/CartMove__bg177__qI31mn/poses.npy;/home/nvme03/workspace/lingbot-world/physinone_sft_conditions_81f_pull50_20260513/CartMove__bg177__qI31mn/scene_trajectory.json;/home/nvme03/workspace/lingbot-world/physinone_sft_conditions_81f_pull50_20260513/CartMove__bg177__qI31mn/target_video.mp4;/home/nvme03/workspace/lingbot-world/physinone_sft_conditions_81f_pull50_20260513/CartMove__bg177__qI31mn/intrinsics.npy,physinone,Do not use as PhysEditWorld selected 50h root.
/home/nvme03/workspace/lingbot-world/physinone_sft_conditions_81f_pull50_20260513/CatapultLaunch_StickSupportFail__bg177__v11WsG,REJECT_LIKELY_FALSE_POSITIVE,5,1,True,True,"action,camera,intrinsics,video",/home/nvme03/workspace/lingbot-world/physinone_sft_conditions_81f_pull50_20260513/CatapultLaunch_StickSupportFail__bg177__v11WsG/action.npy;/home/nvme03/workspace/lingbot-world/physinone_sft_conditions_81f_pull50_20260513/CatapultLaunch_StickSupportFail__bg177__v11WsG/poses.npy;/home/nvme03/workspace/lingbot-world/physinone_sft_conditions_81f_pull50_20260513/CatapultLaunch_StickSupportFail__bg177__v11WsG/scene_trajectory.json;/home/nvme03/workspace/lingbot-world/physinone_sft_conditions_81f_pull50_20260513/CatapultLaunch_StickSupportFail__bg177__v11WsG/target_video.mp4;/home/nvme03/workspace/lingbot-world/physinone_sft_conditions_81f_pull50_20260513/CatapultLaunch_StickSupportFail__bg177__v11WsG/intrinsics.npy,physinone,Do not use as PhysEditWorld selected 50h root.
/home/nvme03/workspace/lingbot-world/physinone_sft_conditions_81f_pull50_20260513/CatapultLaunch__bg189__JJT3If,REJECT_LIKELY_FALSE_POSITIVE,5,1,True,True,"action,camera,intrinsics,video",/home/nvme03/workspace/lingbot-world/physinone_sft_conditions_81f_pull50_20260513/CatapultLaunch__bg189__JJT3If/action.npy;/home/nvme03/workspace/lingbot-world/physinone_sft_conditions_81f_pull50_20260513/CatapultLaunch__bg189__JJT3If/poses.npy;/home/nvme03/workspace/lingbot-world/physinone_sft_conditions_81f_pull50_20260513/CatapultLaunch__bg189__JJT3If/scene_trajectory.json;/home/nvme03/workspace/lingbot-world/physinone_sft_conditions_81f_pull50_20260513/CatapultLaunch__bg189__JJT3If/target_video.mp4;/home/nvme03/workspace/lingbot-world/physinone_sft_conditions_81f_pull50_20260513/CatapultLaunch__bg189__JJT3If/intrinsics.npy,physinone,Do not use as PhysEditWorld selected 50h root.
/home/nvme03/workspace/lingbot-world/physinone_sft_conditions_81f_pull50_20260513/CrankPush__bg185__Fcdkys,REJECT_LIKELY_FALSE_POSITIVE,5,1,True,True,"action,camera,intrinsics,video",/home/nvme03/workspace/lingbot-world/physinone_sft_conditions_81f_pull50_20260513/CrankPush__bg185__Fcdkys/action.npy;/home/nvme03/workspace/lingbot-world/physinone_sft_conditions_81f_pull50_20260513/CrankPush__bg185__Fcdkys/poses.npy;/home/nvme03/workspace/lingbot-world/physinone_sft_conditions_81f_pull50_20260513/CrankPush__bg185__Fcdkys/scene_trajectory.json;/home/nvme03/workspace/lingbot-world/physinone_sft_conditions_81f_pull50_20260513/CrankPush__bg185__Fcdkys/target_video.mp4;/home/nvme03/workspace/lingbot-world/physinone_sft_conditions_81f_pull50_20260513/CrankPush__bg185__Fcdkys/intrinsics.npy,physinone,Do not use as PhysEditWorld selected 50h root.
/home/nvme03/workspace/lingbot-world/physinone_sft_conditions_81f_pull50_20260513/DoublePendulum__bg165__0B8QGt,REJECT_LIKELY_FALSE_POSITIVE,5,1,True,True,"action,camera,intrinsics,video",/home/nvme03/workspace/lingbot-world/physinone_sft_conditions_81f_pull50_20260513/DoublePendulum__bg165__0B8QGt/action.npy;/home/nvme03/workspace/lingbot-world/physinone_sft_conditions_81f_pull50_20260513/DoublePendulum__bg165__0B8QGt/poses.npy;/home/nvme03/workspace/lingbot-world/physinone_sft_conditions_81f_pull50_20260513/DoublePendulum__bg165__0B8QGt/scene_trajectory.json;/home/nvme03/workspace/lingbot-world/physinone_sft_conditions_81f_pull50_20260513/DoublePendulum__bg165__0B8QGt/target_video.mp4;/home/nvme03/workspace/lingbot-world/physinone_sft_conditions_81f_pull50_20260513/DoublePendulum__bg165__0B8QGt/intrinsics.npy,physinone,Do not use as PhysEditWorld selected 50h root.
/home/nvme03/workspace/lingbot-world/physinone_sft_conditions_81f_pull50_20260513/ElasticCouple_CartMove__bg184__Aq05Bw,REJECT_LIKELY_FALSE_POSITIVE,5,1,True,True,"action,camera,intrinsics,video",/home/nvme03/workspace/lingbot-world/physinone_sft_conditions_81f_pull50_20260513/ElasticCouple_CartMove__bg184__Aq05Bw/action.npy;/home/nvme03/workspace/lingbot-world/physinone_sft_conditions_81f_pull50_20260513/ElasticCouple_CartMove__bg184__Aq05Bw/poses.npy;/home/nvme03/workspace/lingbot-world/physinone_sft_conditions_81f_pull50_20260513/ElasticCouple_CartMove__bg184__Aq05Bw/scene_trajectory.json;/home/nvme03/workspace/lingbot-world/physinone_sft_conditions_81f_pull50_20260513/ElasticCouple_CartMove__bg184__Aq05Bw/target_video.mp4;/home/nvme03/workspace/lingbot-world/physinone_sft_conditions_81f_pull50_20260513/ElasticCouple_CartMove__bg184__Aq05Bw/intrinsics.npy,physinone,Do not use as PhysEditWorld selected 50h root.
/home/nvme03/workspace/lingbot-world/physinone_sft_conditions_81f_pull50_20260513/ElasticCouple__bg168__ke2JYk,REJECT_LIKELY_FALSE_POSITIVE,5,1,True,True,"action,camera,intrinsics,video",/home/nvme03/workspace/lingbot-world/physinone_sft_conditions_81f_pull50_20260513/ElasticCouple__bg168__ke2JYk/action.npy;/home/nvme03/workspace/lingbot-world/physinone_sft_conditions_81f_pull50_20260513/ElasticCouple__bg168__ke2JYk/poses.npy;/home/nvme03/workspace/lingbot-world/physinone_sft_conditions_81f_pull50_20260513/ElasticCouple__bg168__ke2JYk/scene_trajectory.json;/home/nvme03/workspace/lingbot-world/physinone_sft_conditions_81f_pull50_20260513/ElasticCouple__bg168__ke2JYk/target_video.mp4;/home/nvme03/workspace/lingbot-world/physinone_sft_conditions_81f_pull50_20260513/ElasticCouple__bg168__ke2JYk/intrinsics.npy,physinone,Do not use as PhysEditWorld selected 50h root.
/home/nvme03/workspace/lingbot-world/physinone_sft_conditions_81f_pull50_20260513/FrictionStop_CrankPush__bg177__4Ylgd9,REJECT_LIKELY_FALSE_POSITIVE,5,1,True,True,"action,camera,intrinsics,video",/home/nvme03/workspace/lingbot-world/physinone_sft_conditions_81f_pull50_20260513/FrictionStop_CrankPush__bg177__4Ylgd9/action.npy;/home/nvme03/workspace/lingbot-world/physinone_sft_conditions_81f_pull50_20260513/FrictionStop_CrankPush__bg177__4Ylgd9/poses.npy;/home/nvme03/workspace/lingbot-world/physinone_sft_conditions_81f_pull50_20260513/FrictionStop_CrankPush__bg177__4Ylgd9/scene_trajectory.json;/home/nvme03/workspace/lingbot-world/physinone_sft_conditions_81f_pull50_20260513/FrictionStop_CrankPush__bg177__4Ylgd9/target_video.mp4;/home/nvme03/workspace/lingbot-world/physinone_sft_conditions_81f_pull50_20260513/FrictionStop_CrankPush__bg177__4Ylgd9/intrinsics.npy,physinone,Do not use as PhysEditWorld selected 50h root.
/home/nvme03/workspace/lingbot-world/physinone_sft_conditions_81f_pull50_20260513/ImpactFracture_DoublePendulum__bg158__jA9YZ9,REJECT_LIKELY_FALSE_POSITIVE,5,1,True,True,"action,camera,intrinsics,video",/home/nvme03/workspace/lingbot-world/physinone_sft_conditions_81f_pull50_20260513/ImpactFracture_DoublePendulum__bg158__jA9YZ9/action.npy;/home/nvme03/workspace/lingbot-world/physinone_sft_conditions_81f_pull50_20260513/ImpactFracture_DoublePendulum__bg158__jA9YZ9/poses.npy;/home/nvme03/workspace/lingbot-world/physinone_sft_conditions_81f_pull50_20260513/ImpactFracture_DoublePendulum__bg158__jA9YZ9/scene_trajectory.json;/home/nvme03/workspace/lingbot-world/physinone_sft_conditions_81f_pull50_20260513/ImpactFracture_DoublePendulum__bg158__jA9YZ9/target_video.mp4;/home/nvme03/workspace/lingbot-world/physinone_sft_conditions_81f_pull50_20260513/ImpactFracture_DoublePendulum__bg158__jA9YZ9/intrinsics.npy,physinone,Do not use as PhysEditWorld selected 50h root.
/home/nvme03/workspace/lingbot-world/physinone_sft_conditions_81f_pull50_20260513/LinCarryInertia_SimplePendulum__bg162__hpaxl2,REJECT_LIKELY_FALSE_POSITIVE,5,1,True,True,"action,camera,intrinsics,video",/home/nvme03/workspace/lingbot-world/physinone_sft_conditions_81f_pull50_20260513/LinCarryInertia_SimplePendulum__bg162__hpaxl2/action.npy;/home/nvme03/workspace/lingbot-world/physinone_sft_conditions_81f_pull50_20260513/LinCarryInertia_SimplePendulum__bg162__hpaxl2/poses.npy;/home/nvme03/workspace/lingbot-world/physinone_sft_conditions_81f_pull50_20260513/LinCarryInertia_SimplePendulum__bg162__hpaxl2/scene_trajectory.json;/home/nvme03/workspace/lingbot-world/physinone_sft_conditions_81f_pull50_20260513/LinCarryInertia_SimplePendulum__bg162__hpaxl2/target_video.mp4;/home/nvme03/workspace/lingbot-world/physinone_sft_conditions_81f_pull50_20260513/LinCarryInertia_SimplePendulum__bg162__hpaxl2/intrinsics.npy,physinone,Do not use as PhysEditWorld selected 50h root.
/home/nvme03/workspace/lingbot-world/physinone_sft_conditions_81f_pull50_20260513/MagnetAttract_MagnetRepel__bg151__YFWrcE,REJECT_LIKELY_FALSE_POSITIVE,5,1,True,True,"action,camera,intrinsics,video",/home/nvme03/workspace/lingbot-world/physinone_sft_conditions_81f_pull50_20260513/MagnetAttract_MagnetRepel__bg151__YFWrcE/action.npy;/home/nvme03/workspace/lingbot-world/physinone_sft_conditions_81f_pull50_20260513/MagnetAttract_MagnetRepel__bg151__YFWrcE/poses.npy;/home/nvme03/workspace/lingbot-world/physinone_sft_conditions_81f_pull50_20260513/MagnetAttract_MagnetRepel__bg151__YFWrcE/scene_trajectory.json;/home/nvme03/workspace/lingbot-world/physinone_sft_conditions_81f_pull50_20260513/MagnetAttract_MagnetRepel__bg151__YFWrcE/target_video.mp4;/home/nvme03/workspace/lingbot-world/physinone_sft_conditions_81f_pull50_20260513/MagnetAttract_MagnetRepel__bg151__YFWrcE/intrinsics.npy,physinone,Do not use as PhysEditWorld selected 50h root.
/home/nvme03/workspace/lingbot-world/physinone_sft_conditions_81f_pull50_20260513/MovingHitsFixed_MovingHitsMoving_RollUpSlope__bg155__CkrkFH,REJECT_LIKELY_FALSE_POSITIVE,5,1,True,True,"action,camera,intrinsics,video",/home/nvme03/workspace/lingbot-world/physinone_sft_conditions_81f_pull50_20260513/MovingHitsFixed_MovingHitsMoving_RollUpSlope__bg155__CkrkFH/action.npy;/home/nvme03/workspace/lingbot-world/physinone_sft_conditions_81f_pull50_20260513/MovingHitsFixed_MovingHitsMoving_RollUpSlope__bg155__CkrkFH/poses.npy;/home/nvme03/workspace/lingbot-world/physinone_sft_conditions_81f_pull50_20260513/MovingHitsFixed_MovingHitsMoving_RollUpSlope__bg155__CkrkFH/scene_trajectory.json;/home/nvme03/workspace/lingbot-world/physinone_sft_conditions_81f_pull50_20260513/MovingHitsFixed_MovingHitsMoving_RollUpSlope__bg155__CkrkFH/target_video.mp4;/home/nvme03/workspace/lingbot-world/physinone_sft_conditions_81f_pull50_20260513/MovingHitsFixed_MovingHitsMoving_RollUpSlope__bg155__CkrkFH/intrinsics.npy,physinone,Do not use as PhysEditWorld selected 50h root.
/home/nvme03/workspace/lingbot-world/physinone_sft_conditions_81f_pull50_20260513/MovingHitsFixed_WindPushStationary__bg152__TlnQVm,REJECT_LIKELY_FALSE_POSITIVE,5,1,True,True,"action,camera,intrinsics,video",/home/nvme03/workspace/lingbot-world/physinone_sft_conditions_81f_pull50_20260513/MovingHitsFixed_WindPushStationary__bg152__TlnQVm/action.npy;/home/nvme03/workspace/lingbot-world/physinone_sft_conditions_81f_pull50_20260513/MovingHitsFixed_WindPushStationary__bg152__TlnQVm/poses.npy;/home/nvme03/workspace/lingbot-world/physinone_sft_conditions_81f_pull50_20260513/MovingHitsFixed_WindPushStationary__bg152__TlnQVm/scene_trajectory.json;/home/nvme03/workspace/lingbot-world/physinone_sft_conditions_81f_pull50_20260513/MovingHitsFixed_WindPushStationary__bg152__TlnQVm/target_video.mp4;/home/nvme03/workspace/lingbot-world/physinone_sft_conditions_81f_pull50_20260513/MovingHitsFixed_WindPushStationary__bg152__TlnQVm/intrinsics.npy,physinone,Do not use as PhysEditWorld selected 50h root.
/home/nvme03/workspace/lingbot-world/physinone_sft_conditions_81f_pull50_20260513/MovingHitsFixed__bg184__HH13M0,REJECT_LIKELY_FALSE_POSITIVE,5,1,True,True,"action,camera,intrinsics,video",/home/nvme03/workspace/lingbot-world/physinone_sft_conditions_81f_pull50_20260513/MovingHitsFixed__bg184__HH13M0/action.npy;/home/nvme03/workspace/lingbot-world/physinone_sft_conditions_81f_pull50_20260513/MovingHitsFixed__bg184__HH13M0/poses.npy;/home/nvme03/workspace/lingbot-world/physinone_sft_conditions_81f_pull50_20260513/MovingHitsFixed__bg184__HH13M0/scene_trajectory.json;/home/nvme03/workspace/lingbot-world/physinone_sft_conditions_81f_pull50_20260513/MovingHitsFixed__bg184__HH13M0/target_video.mp4;/home/nvme03/workspace/lingbot-world/physinone_sft_conditions_81f_pull50_20260513/MovingHitsFixed__bg184__HH13M0/intrinsics.npy,physinone,Do not use as PhysEditWorld selected 50h root.
/home/nvme03/workspace/lingbot-world/physinone_sft_conditions_81f_pull50_20260513/MovingHitsMoving__bg161__9DyEeE,REJECT_LIKELY_FALSE_POSITIVE,5,1,True,True,"action,camera,intrinsics,video",/home/nvme03/workspace/lingbot-world/physinone_sft_conditions_81f_pull50_20260513/MovingHitsMoving__bg161__9DyEeE/action.npy;/home/nvme03/workspace/lingbot-world/physinone_sft_conditions_81f_pull50_20260513/MovingHitsMoving__bg161__9DyEeE/poses.npy;/home/nvme03/workspace/lingbot-world/physinone_sft_conditions_81f_pull50_20260513/MovingHitsMoving__bg161__9DyEeE/scene_trajectory.json;/home/nvme03/workspace/lingbot-world/physinone_sft_conditions_81f_pull50_20260513/MovingHitsMoving__bg161__9DyEeE/target_video.mp4;/home/nvme03/workspace/lingbot-world/physinone_sft_conditions_81f_pull50_20260513/MovingHitsMoving__bg161__9DyEeE/intrinsics.npy,physinone,Do not use as PhysEditWorld selected 50h root.
/home/nvme03/workspace/lingbot-world/physinone_sft_conditions_81f_pull50_20260513/MovingHitsStationary_FrictionStop_BalloonFloat__bg154__PnIX27,REJECT_LIKELY_FALSE_POSITIVE,5,1,True,True,"action,camera,intrinsics,video",/home/nvme03/workspace/lingbot-world/physinone_sft_conditions_81f_pull50_20260513/MovingHitsStationary_FrictionStop_BalloonFloat__bg154__PnIX27/action.npy;/home/nvme03/workspace/lingbot-world/physinone_sft_conditions_81f_pull50_20260513/MovingHitsStationary_FrictionStop_BalloonFloat__bg154__PnIX27/poses.npy;/home/nvme03/workspace/lingbot-world/physinone_sft_conditions_81f_pull50_20260513/MovingHitsStationary_FrictionStop_BalloonFloat__bg154__PnIX27/scene_trajectory.json;/home/nvme03/workspace/lingbot-world/physinone_sft_conditions_81f_pull50_20260513/MovingHitsStationary_FrictionStop_BalloonFloat__bg154__PnIX27/target_video.mp4;/home/nvme03/workspace/lingbot-world/physinone_sft_conditions_81f_pull50_20260513/MovingHitsStationary_FrictionStop_BalloonFloat__bg154__PnIX27/intrinsics.npy,physinone,Do not use as PhysEditWorld selected 50h root.
/home/nvme03/workspace/lingbot-world/physinone_sft_conditions_81f_pull50_20260513/MovingHitsStationary_MovingHitsMoving__bg156__qESzh4,REJECT_LIKELY_FALSE_POSITIVE,5,1,True,True,"action,camera,intrinsics,video",/home/nvme03/workspace/lingbot-world/physinone_sft_conditions_81f_pull50_20260513/MovingHitsStationary_MovingHitsMoving__bg156__qESzh4/action.npy;/home/nvme03/workspace/lingbot-world/physinone_sft_conditions_81f_pull50_20260513/MovingHitsStationary_MovingHitsMoving__bg156__qESzh4/poses.npy;/home/nvme03/workspace/lingbot-world/physinone_sft_conditions_81f_pull50_20260513/MovingHitsStationary_MovingHitsMoving__bg156__qESzh4/scene_trajectory.json;/home/nvme03/workspace/lingbot-world/physinone_sft_conditions_81f_pull50_20260513/MovingHitsStationary_MovingHitsMoving__bg156__qESzh4/target_video.mp4;/home/nvme03/workspace/lingbot-world/physinone_sft_conditions_81f_pull50_20260513/MovingHitsStationary_MovingHitsMoving__bg156__qESzh4/intrinsics.npy,physinone,Do not use as PhysEditWorld selected 50h root.
/home/nvme03/workspace/lingbot-world/physinone_sft_conditions_81f_pull50_20260513/MovingHitsStationary_MovingHitsMoving__bg167__rz5d0k,REJECT_LIKELY_FALSE_POSITIVE,5,1,True,True,"action,camera,intrinsics,video",/home/nvme03/workspace/lingbot-world/physinone_sft_conditions_81f_pull50_20260513/MovingHitsStationary_MovingHitsMoving__bg167__rz5d0k/action.npy;/home/nvme03/workspace/lingbot-world/physinone_sft_conditions_81f_pull50_20260513/MovingHitsStationary_MovingHitsMoving__bg167__rz5d0k/poses.npy;/home/nvme03/workspace/lingbot-world/physinone_sft_conditions_81f_pull50_20260513/MovingHitsStationary_MovingHitsMoving__bg167__rz5d0k/scene_trajectory.json;/home/nvme03/workspace/lingbot-world/physinone_sft_conditions_81f_pull50_20260513/MovingHitsStationary_MovingHitsMoving__bg167__rz5d0k/target_video.mp4;/home/nvme03/workspace/lingbot-world/physinone_sft_conditions_81f_pull50_20260513/MovingHitsStationary_MovingHitsMoving__bg167__rz5d0k/intrinsics.npy,physinone,Do not use as PhysEditWorld selected 50h root.
/home/nvme03/workspace/lingbot-world/physinone_sft_conditions_81f_pull50_20260513/MovingHitsStationary__bg173__UOmxob,REJECT_LIKELY_FALSE_POSITIVE,5,1,True,True,"action,camera,intrinsics,video",/home/nvme03/workspace/lingbot-world/physinone_sft_conditions_81f_pull50_20260513/MovingHitsStationary__bg173__UOmxob/action.npy;/home/nvme03/workspace/lingbot-world/physinone_sft_conditions_81f_pull50_20260513/MovingHitsStationary__bg173__UOmxob/poses.npy;/home/nvme03/workspace/lingbot-world/physinone_sft_conditions_81f_pull50_20260513/MovingHitsStationary__bg173__UOmxob/scene_trajectory.json;/home/nvme03/workspace/lingbot-world/physinone_sft_conditions_81f_pull50_20260513/MovingHitsStationary__bg173__UOmxob/target_video.mp4;/home/nvme03/workspace/lingbot-world/physinone_sft_conditions_81f_pull50_20260513/MovingHitsStationary__bg173__UOmxob/intrinsics.npy,physinone,Do not use as PhysEditWorld selected 50h root.
/home/nvme03/workspace/lingbot-world/physinone_sft_conditions_81f_pull50_20260513/ObliqueProjectile_RollDownSlope__bg164__ejRxnJ,REJECT_LIKELY_FALSE_POSITIVE,5,1,True,True,"action,camera,intrinsics,video",/home/nvme03/workspace/lingbot-world/physinone_sft_conditions_81f_pull50_20260513/ObliqueProjectile_RollDownSlope__bg164__ejRxnJ/action.npy;/home/nvme03/workspace/lingbot-world/physinone_sft_conditions_81f_pull50_20260513/ObliqueProjectile_RollDownSlope__bg164__ejRxnJ/poses.npy;/home/nvme03/workspace/lingbot-world/physinone_sft_conditions_81f_pull50_20260513/ObliqueProjectile_RollDownSlope__bg164__ejRxnJ/scene_trajectory.json;/home/nvme03/workspace/lingbot-world/physinone_sft_conditions_81f_pull50_20260513/ObliqueProjectile_RollDownSlope__bg164__ejRxnJ/target_video.mp4;/home/nvme03/workspace/lingbot-world/physinone_sft_conditions_81f_pull50_20260513/ObliqueProjectile_RollDownSlope__bg164__ejRxnJ/intrinsics.npy,physinone,Do not use as PhysEditWorld selected 50h root.
/home/nvme03/workspace/lingbot-world/physinone_sft_conditions_81f_pull50_20260513/RollUpSlope_AccelPanelSpin__bg168__H5NqD2,REJECT_LIKELY_FALSE_POSITIVE,5,1,True,True,"action,camera,intrinsics,video",/home/nvme03/workspace/lingbot-world/physinone_sft_conditions_81f_pull50_20260513/RollUpSlope_AccelPanelSpin__bg168__H5NqD2/action.npy;/home/nvme03/workspace/lingbot-world/physinone_sft_conditions_81f_pull50_20260513/RollUpSlope_AccelPanelSpin__bg168__H5NqD2/poses.npy;/home/nvme03/workspace/lingbot-world/physinone_sft_conditions_81f_pull50_20260513/RollUpSlope_AccelPanelSpin__bg168__H5NqD2/scene_trajectory.json;/home/nvme03/workspace/lingbot-world/physinone_sft_conditions_81f_pull50_20260513/RollUpSlope_AccelPanelSpin__bg168__H5NqD2/target_video.mp4;/home/nvme03/workspace/lingbot-world/physinone_sft_conditions_81f_pull50_20260513/RollUpSlope_AccelPanelSpin__bg168__H5NqD2/intrinsics.npy,physinone,Do not use as PhysEditWorld selected 50h root.
/home/nvme03/workspace/lingbot-world/physinone_sft_conditions_81f_pull50_20260513/SpringCompress_SpringStretch__bg185__RlEZ7S,REJECT_LIKELY_FALSE_POSITIVE,5,1,True,True,"action,camera,intrinsics,video",/home/nvme03/workspace/lingbot-world/physinone_sft_conditions_81f_pull50_20260513/SpringCompress_SpringStretch__bg185__RlEZ7S/action.npy;/home/nvme03/workspace/lingbot-world/physinone_sft_conditions_81f_pull50_20260513/SpringCompress_SpringStretch__bg185__RlEZ7S/poses.npy;/home/nvme03/workspace/lingbot-world/physinone_sft_conditions_81f_pull50_20260513/SpringCompress_SpringStretch__bg185__RlEZ7S/scene_trajectory.json;/home/nvme03/workspace/lingbot-world/physinone_sft_conditions_81f_pull50_20260513/SpringCompress_SpringStretch__bg185__RlEZ7S/target_video.mp4;/home/nvme03/workspace/lingbot-world/physinone_sft_conditions_81f_pull50_20260513/SpringCompress_SpringStretch__bg185__RlEZ7S/intrinsics.npy,physinone,Do not use as PhysEditWorld selected 50h root.
/home/nvme03/workspace/lingbot-world/physinone_sft_conditions_81f_pull50_20260513/UniformConcaveSpin_SpringboardRebound__bg177__SxO4Sc,REJECT_LIKELY_FALSE_POSITIVE,5,1,True,True,"action,camera,intrinsics,video",/home/nvme03/workspace/lingbot-world/physinone_sft_conditions_81f_pull50_20260513/UniformConcaveSpin_SpringboardRebound__bg177__SxO4Sc/action.npy;/home/nvme03/workspace/lingbot-world/physinone_sft_conditions_81f_pull50_20260513/UniformConcaveSpin_SpringboardRebound__bg177__SxO4Sc/poses.npy;/home/nvme03/workspace/lingbot-world/physinone_sft_conditions_81f_pull50_20260513/UniformConcaveSpin_SpringboardRebound__bg177__SxO4Sc/scene_trajectory.json;/home/nvme03/workspace/lingbot-world/physinone_sft_conditions_81f_pull50_20260513/UniformConcaveSpin_SpringboardRebound__bg177__SxO4Sc/target_video.mp4;/home/nvme03/workspace/lingbot-world/physinone_sft_conditions_81f_pull50_20260513/UniformConcaveSpin_SpringboardRebound__bg177__SxO4Sc/intrinsics.npy,physinone,Do not use as PhysEditWorld selected 50h root.
/home/nvme03/workspace/lingbot-world/physinone_sft_conditions_81f_pull50_20260513/VerticalFall_UniformPanelSpin__bg151__oHmost,REJECT_LIKELY_FALSE_POSITIVE,5,1,True,True,"action,camera,intrinsics,video",/home/nvme03/workspace/lingbot-world/physinone_sft_conditions_81f_pull50_20260513/VerticalFall_UniformPanelSpin__bg151__oHmost/action.npy;/home/nvme03/workspace/lingbot-world/physinone_sft_conditions_81f_pull50_20260513/VerticalFall_UniformPanelSpin__bg151__oHmost/poses.npy;/home/nvme03/workspace/lingbot-world/physinone_sft_conditions_81f_pull50_20260513/VerticalFall_UniformPanelSpin__bg151__oHmost/scene_trajectory.json;/home/nvme03/workspace/lingbot-world/physinone_sft_conditions_81f_pull50_20260513/VerticalFall_UniformPanelSpin__bg151__oHmost/target_video.mp4;/home/nvme03/workspace/lingbot-world/physinone_sft_conditions_81f_pull50_20260513/VerticalFall_UniformPanelSpin__bg151__oHmost/intrinsics.npy,physinone,Do not use as PhysEditWorld selected 50h root.
/home/nvme03/workspace/lingbot-world/physinone_sft_conditions_81f_pull50_20260513/WindDeflectMotion_UniformSurfaceSpin__bg171__CjZIfz,REJECT_LIKELY_FALSE_POSITIVE,5,1,True,True,"action,camera,intrinsics,video",/home/nvme03/workspace/lingbot-world/physinone_sft_conditions_81f_pull50_20260513/WindDeflectMotion_UniformSurfaceSpin__bg171__CjZIfz/action.npy;/home/nvme03/workspace/lingbot-world/physinone_sft_conditions_81f_pull50_20260513/WindDeflectMotion_UniformSurfaceSpin__bg171__CjZIfz/poses.npy;/home/nvme03/workspace/lingbot-world/physinone_sft_conditions_81f_pull50_20260513/WindDeflectMotion_UniformSurfaceSpin__bg171__CjZIfz/scene_trajectory.json;/home/nvme03/workspace/lingbot-world/physinone_sft_conditions_81f_pull50_20260513/WindDeflectMotion_UniformSurfaceSpin__bg171__CjZIfz/target_video.mp4;/home/nvme03/workspace/lingbot-world/physinone_sft_conditions_81f_pull50_20260513/WindDeflectMotion_UniformSurfaceSpin__bg171__CjZIfz/intrinsics.npy,physinone,Do not use as PhysEditWorld selected 50h root.
/home/nvme03/workspace/lingbot-world/physinone_sft_heldout_conditions_81f_rank53_20260517/MovingHitsStationary_MovingHitsMoving_RollDownSlope__bg182__8f63Cw,REJECT_LIKELY_FALSE_POSITIVE,5,1,True,True,"action,camera,intrinsics,video",/home/nvme03/workspace/lingbot-world/physinone_sft_heldout_conditions_81f_rank53_20260517/MovingHitsStationary_MovingHitsMoving_RollDownSlope__bg182__8f63Cw/action.npy;/home/nvme03/workspace/lingbot-world/physinone_sft_heldout_conditions_81f_rank53_20260517/MovingHitsStationary_MovingHitsMoving_RollDownSlope__bg182__8f63Cw/poses.npy;/home/nvme03/workspace/lingbot-world/physinone_sft_heldout_conditions_81f_rank53_20260517/MovingHitsStationary_MovingHitsMoving_RollDownSlope__bg182__8f63Cw/scene_trajectory.json;/home/nvme03/workspace/lingbot-world/physinone_sft_heldout_conditions_81f_rank53_20260517/MovingHitsStationary_MovingHitsMoving_RollDownSlope__bg182__8f63Cw/target_video.mp4;/home/nvme03/workspace/lingbot-world/physinone_sft_heldout_conditions_81f_rank53_20260517/MovingHitsStationary_MovingHitsMoving_RollDownSlope__bg182__8f63Cw/intrinsics.npy,physinone,Do not use as PhysEditWorld selected 50h root.
/home/nvme03/workspace/world_model_phys/outputs/cogvideox_i2v_bon/logs/run_physics_iq_replay_20260409.log,WEAK_CANDIDATE,5,1,True,False,replay,,,Inspect manually; root lacks enough action/camera/gravity evidence for automatic selection.
/home/nvme04/WM_datacollector/TWIST2/rsl_rl/rsl_rl/storage/__pycache__/replay_buffer.cpython-38.pyc,WEAK_CANDIDATE,5,1,True,False,replay,,,Inspect manually; root lacks enough action/camera/gravity evidence for automatic selection.
/home/nvme04/WM_datacollector/TWIST2/rsl_rl/rsl_rl/storage/replay_buffer.py,WEAK_CANDIDATE,5,1,True,False,replay,,,Inspect manually; root lacks enough action/camera/gravity evidence for automatic selection.
/home/nvme04/chenzhihong/habitat-sim/build/lib.linux-x86_64-cpython-38/habitat_sim/utils/gfx_replay_utils.py,WEAK_CANDIDATE,5,1,True,False,replay,,,Inspect manually; root lacks enough action/camera/gravity evidence for automatic selection.
/home/nvme04/chenzhihong/habitat-sim/examples/tutorials/colabs/replay_tutorial.ipynb,WEAK_CANDIDATE,5,1,True,False,replay,,,Inspect manually; root lacks enough action/camera/gravity evidence for automatic selection.
/home/nvme04/chenzhihong/habitat-sim/examples/tutorials/nb_python/replay_tutorial.py,WEAK_CANDIDATE,5,1,True,False,replay,,,Inspect manually; root lacks enough action/camera/gravity evidence for automatic selection.
/home/nvme04/chenzhihong/habitat-sim/habitat_sim/utils/gfx_replay_utils.py,WEAK_CANDIDATE,5,1,True,False,replay,,,Inspect manually; root lacks enough action/camera/gravity evidence for automatic selection.
/home/nvme04/chenzhihong/habitat-sim/src/esp/bindings/GfxReplayBindings.cpp,WEAK_CANDIDATE,5,1,True,False,replay,,,Inspect manually; root lacks enough action/camera/gravity evidence for automatic selection.
/home/nvme04/chenzhihong/habitat-sim/src/esp/gfx/replay/ReplayManager.cpp,WEAK_CANDIDATE,5,1,True,False,replay,,,Inspect manually; root lacks enough action/camera/gravity evidence for automatic selection.
/home/nvme04/chenzhihong/habitat-sim/src/esp/gfx/replay/ReplayManager.h,WEAK_CANDIDATE,5,1,True,False,replay,,,Inspect manually; root lacks enough action/camera/gravity evidence for automatic selection.
/home/nvme04/hezekai/habitat-sim.bak/build/lib.linux-x86_64-cpython-38/habitat_sim/utils/gfx_replay_utils.py,WEAK_CANDIDATE,5,1,True,False,replay,,,Inspect manually; root lacks enough action/camera/gravity evidence for automatic selection.
/home/nvme04/hezekai/habitat-sim.bak/examples/tutorials/colabs/replay_tutorial.ipynb,WEAK_CANDIDATE,5,1,True,False,replay,,,Inspect manually; root lacks enough action/camera/gravity evidence for automatic selection.
/home/nvme04/hezekai/habitat-sim.bak/examples/tutorials/nb_python/replay_tutorial.py,WEAK_CANDIDATE,5,1,True,False,replay,,,Inspect manually; root lacks enough action/camera/gravity evidence for automatic selection.
/home/nvme04/hezekai/habitat-sim.bak/habitat_sim/utils/gfx_replay_utils.py,WEAK_CANDIDATE,5,1,True,False,replay,,,Inspect manually; root lacks enough action/camera/gravity evidence for automatic selection.
/home/nvme04/hezekai/habitat-sim.bak/src/esp/bindings/GfxReplayBindings.cpp,WEAK_CANDIDATE,5,1,True,False,replay,,,Inspect manually; root lacks enough action/camera/gravity evidence for automatic selection.
/home/nvme04/hezekai/habitat-sim.bak/src/esp/gfx/replay/ReplayManager.cpp,WEAK_CANDIDATE,5,1,True,False,replay,,,Inspect manually; root lacks enough action/camera/gravity evidence for automatic selection.
/home/nvme04/hezekai/habitat-sim.bak/src/esp/gfx/replay/ReplayManager.h,WEAK_CANDIDATE,5,1,True,False,replay,,,Inspect manually; root lacks enough action/camera/gravity evidence for automatic selection.
/home/nvme04/hezekai/habitat-sim/build/lib.linux-x86_64-cpython-313/habitat_sim/utils/gfx_replay_utils.py,WEAK_CANDIDATE,5,1,True,False,replay,,,Inspect manually; root lacks enough action/camera/gravity evidence for automatic selection.
/home/nvme04/hezekai/habitat-sim/examples/tutorials/colabs/replay_tutorial.ipynb,WEAK_CANDIDATE,5,1,True,False,replay,,,Inspect manually; root lacks enough action/camera/gravity evidence for automatic selection.
/home/nvme04/hezekai/habitat-sim/examples/tutorials/nb_python/replay_tutorial.py,WEAK_CANDIDATE,5,1,True,False,replay,,,Inspect manually; root lacks enough action/camera/gravity evidence for automatic selection.
/home/nvme04/hezekai/habitat-sim/habitat_sim/utils/gfx_replay_utils.py,WEAK_CANDIDATE,5,1,True,False,replay,,,Inspect manually; root lacks enough action/camera/gravity evidence for automatic selection.
/home/nvme04/hezekai/habitat-sim/src/esp/bindings/GfxReplayBindings.cpp,WEAK_CANDIDATE,5,1,True,False,replay,,,Inspect manually; root lacks enough action/camera/gravity evidence for automatic selection.
/home/nvme04/hezekai/habitat-sim/src/esp/gfx/replay/ReplayManager.cpp,WEAK_CANDIDATE,5,1,True,False,replay,,,Inspect manually; root lacks enough action/camera/gravity evidence for automatic selection.
/home/nvme04/hezekai/habitat-sim/src/esp/gfx/replay/ReplayManager.h,WEAK_CANDIDATE,5,1,True,False,replay,,,Inspect manually; root lacks enough action/camera/gravity evidence for automatic selection.
/home/nvme04/holodiffusion/holosoma/src/holosoma/holosoma/replay.py,WEAK_CANDIDATE,5,1,True,False,replay,,,Inspect manually; root lacks enough action/camera/gravity evidence for automatic selection.
/home/nvme03/.cache/torch/hub/facebookresearch_vjepa2_main/evals/action_anticipation_frozen,WEAK_CANDIDATE,4,1,True,True,action,/home/nvme03/.cache/torch/hub/facebookresearch_vjepa2_main/evals/action_anticipation_frozen/epickitchens.py;/home/nvme03/.cache/torch/hub/facebookresearch_vjepa2_main/evals/action_anticipation_frozen/losses.py;/home/nvme03/.cache/torch/hub/facebookresearch_vjepa2_main/evals/action_anticipation_frozen/utils.py;/home/nvme03/.cache/torch/hub/facebookresearch_vjepa2_main/evals/action_anticipation_frozen/dataloader.py;/home/nvme03/.cache/torch/hub/facebookresearch_vjepa2_main/evals/action_anticipation_frozen/models.py;/home/nvme03/.cache/torch/hub/facebookresearch_vjepa2_main/evals/action_anticipation_frozen/eval.py;/home/nvme03/.cache/torch/hub/facebookresearch_vjepa2_main/evals/action_anticipation_frozen/metrics.py;/home/nvme03/.cache/torch/hub/facebookresearch_vjepa2_main/evals/action_anticipation_frozen/modelcustom/vit_encoder_predictor_concat_ar.py,,Inspect manually; root lacks enough action/camera/gravity evidence for automatic selection.
/home/nvme03/SZQ-WAM/archive/exp1_v2_20260701_exp1v2_action,WEAK_CANDIDATE,4,1,True,True,action,/home/nvme03/SZQ-WAM/archive/exp1_v2_20260701_exp1v2_action/probe_npz/libero_object_task02_episode002.npz;/home/nvme03/SZQ-WAM/archive/exp1_v2_20260701_exp1v2_action/probe_npz/libero_object_task03_episode001.json;/home/nvme03/SZQ-WAM/archive/exp1_v2_20260701_exp1v2_action/probe_npz/libero_object_task07_episode000.npz;/home/nvme03/SZQ-WAM/archive/exp1_v2_20260701_exp1v2_action/probe_npz/libero_object_task07_episode002.json;/home/nvme03/SZQ-WAM/archive/exp1_v2_20260701_exp1v2_action/probe_npz/libero_object_task07_episode002.npz;/home/nvme03/SZQ-WAM/archive/exp1_v2_20260701_exp1v2_action/probe_npz/libero_object_task04_episode002.json;/home/nvme03/SZQ-WAM/archive/exp1_v2_20260701_exp1v2_action/probe_npz/libero_object_task08_episode000.npz;/home/nvme03/SZQ-WAM/archive/exp1_v2_20260701_exp1v2_action/probe_npz/libero_object_task04_episode002.npz,,Inspect manually; root lacks enough action/camera/gravity evidence for automatic selection.
/home/nvme03/envs/worldmodel_phys/lib/python3.10/site-packages/sklearn/feature_extraction,WEAK_CANDIDATE,4,1,True,True,action,/home/nvme03/envs/worldmodel_phys/lib/python3.10/site-packages/sklearn/feature_extraction/__init__.py;/home/nvme03/envs/worldmodel_phys/lib/python3.10/site-packages/sklearn/feature_extraction/text.py;/home/nvme03/envs/worldmodel_phys/lib/python3.10/site-packages/sklearn/feature_extraction/_hash.py;/home/nvme03/envs/worldmodel_phys/lib/python3.10/site-packages/sklearn/feature_extraction/_stop_words.py;/home/nvme03/envs/worldmodel_phys/lib/python3.10/site-packages/sklearn/feature_extraction/_hashing_fast.cpython-310-x86_64-linux-gnu.so;/home/nvme03/envs/worldmodel_phys/lib/python3.10/site-packages/sklearn/feature_extraction/_hashing_fast.pyx;/home/nvme03/envs/worldmodel_phys/lib/python3.10/site-packages/sklearn/feature_extraction/image.py;/home/nvme03/envs/worldmodel_phys/lib/python3.10/site-packages/sklearn/feature_extraction/_dict_vectorizer.py,,Inspect manually; root lacks enough action/camera/gravity evidence for automatic selection.
/home/nvme03/qianyupeng/MemoryVLA-openvla-codebase/action_model,WEAK_CANDIDATE,4,1,True,True,action,/home/nvme03/qianyupeng/MemoryVLA-openvla-codebase/action_model/__init__.py;/home/nvme03/qianyupeng/MemoryVLA-openvla-codebase/action_model/action_model.py;/home/nvme03/qianyupeng/MemoryVLA-openvla-codebase/action_model/models.py;/home/nvme03/qianyupeng/MemoryVLA-openvla-codebase/action_model/diffusion_utils.py;/home/nvme03/qianyupeng/MemoryVLA-openvla-codebase/action_model/respace.py;/home/nvme03/qianyupeng/MemoryVLA-openvla-codebase/action_model/gaussian_diffusion.py;/home/nvme03/qianyupeng/MemoryVLA-openvla-codebase/action_model/__pycache__/__init__.cpython-310.pyc;/home/nvme03/qianyupeng/MemoryVLA-openvla-codebase/action_model/__pycache__/models.cpython-310.pyc,,Inspect manually; root lacks enough action/camera/gravity evidence for automatic selection.
/home/nvme03/qianyupeng/MemoryVLA-openvla-codebase/third_libs/SimplerEnv/simpler_env/utils/action,WEAK_CANDIDATE,4,1,True,True,action,/home/nvme03/qianyupeng/MemoryVLA-openvla-codebase/third_libs/SimplerEnv/simpler_env/utils/action/__init__.py;/home/nvme03/qianyupeng/MemoryVLA-openvla-codebase/third_libs/SimplerEnv/simpler_env/utils/action/action_ensemble.py,,Inspect manually; root lacks enough action/camera/gravity evidence for automatic selection.
/home/nvme03/ubuntu_home_redirect/.cache/ov/ogn_generated/1.79.2/omni.graph.action_nodes-1.50.4,WEAK_CANDIDATE,4,1,True,True,action,/home/nvme03/ubuntu_home_redirect/.cache/ov/ogn_generated/1.79.2/omni.graph.action_nodes-1.50.4/omni.graph.action_nodes/ogn/__init__.py;/home/nvme03/ubuntu_home_redirect/.cache/ov/ogn_generated/1.79.2/omni.graph.action_nodes-1.50.4/omni.graph.action_nodes/ogn/icons/omni.graph.action.ForEach.svg;/home/nvme03/ubuntu_home_redirect/.cache/ov/ogn_generated/1.79.2/omni.graph.action_nodes-1.50.4/omni.graph.action_nodes/ogn/icons/omni.graph.action.ForEachTarget.svg;/home/nvme03/ubuntu_home_redirect/.cache/ov/ogn_generated/1.79.2/omni.graph.action_nodes-1.50.4/omni.graph.action_nodes/ogn/icons/omni.graph.action.ForLoop.svg;/home/nvme03/ubuntu_home_redirect/.cache/ov/ogn_generated/1.79.2/omni.graph.action_nodes-1.50.4/omni.graph.action_nodes/ogn/tests/TestOgnOnClosing.py;/home/nvme03/ubuntu_home_redirect/.cache/ov/ogn_generated/1.79.2/omni.graph.action_nodes-1.50.4/omni.graph.action_nodes/ogn/tests/TestOgnGate.py;/home/nvme03/ubuntu_home_redirect/.cache/ov/ogn_generated/1.79.2/omni.graph.action_nodes-1.50.4/omni.graph.action_nodes/ogn/tests/__init__.py;/home/nvme03/ubuntu_home_redirect/.cache/ov/ogn_generated/1.79.2/omni.graph.action_nodes-1.50.4/omni.graph.action_nodes/ogn/tests/TestOgnOnMouseInput.py,,Inspect manually; root lacks enough action/camera/gravity evidence for automatic selection.
/home/nvme03/ubuntu_home_redirect/.cache/ov/ogn_generated/1.79.2/omni.graph.action_nodes-1.50.4/omni.graph.action_nodes,WEAK_CANDIDATE,4,1,True,True,action,/home/nvme03/ubuntu_home_redirect/.cache/ov/ogn_generated/1.79.2/omni.graph.action_nodes-1.50.4/omni.graph.action_nodes/ogn/__init__.py;/home/nvme03/ubuntu_home_redirect/.cache/ov/ogn_generated/1.79.2/omni.graph.action_nodes-1.50.4/omni.graph.action_nodes/ogn/icons/omni.graph.action.ForEach.svg;/home/nvme03/ubuntu_home_redirect/.cache/ov/ogn_generated/1.79.2/omni.graph.action_nodes-1.50.4/omni.graph.action_nodes/ogn/icons/omni.graph.action.ForEachTarget.svg;/home/nvme03/ubuntu_home_redirect/.cache/ov/ogn_generated/1.79.2/omni.graph.action_nodes-1.50.4/omni.graph.action_nodes/ogn/icons/omni.graph.action.ForLoop.svg;/home/nvme03/ubuntu_home_redirect/.cache/ov/ogn_generated/1.79.2/omni.graph.action_nodes-1.50.4/omni.graph.action_nodes/ogn/tests/TestOgnOnClosing.py;/home/nvme03/ubuntu_home_redirect/.cache/ov/ogn_generated/1.79.2/omni.graph.action_nodes-1.50.4/omni.graph.action_nodes/ogn/tests/TestOgnGate.py;/home/nvme03/ubuntu_home_redirect/.cache/ov/ogn_generated/1.79.2/omni.graph.action_nodes-1.50.4/omni.graph.action_nodes/ogn/tests/__init__.py;/home/nvme03/ubuntu_home_redirect/.cache/ov/ogn_generated/1.79.2/omni.graph.action_nodes-1.50.4/omni.graph.action_nodes/ogn/tests/TestOgnOnMouseInput.py,,Inspect manually; root lacks enough action/camera/gravity evidence for automatic selection.
/home/nvme03/ubuntu_home_redirect/.cache/uv/archive-v0/lr1dzzQ7AqRpzvwsk3bw4/sklearn/feature_extraction,WEAK_CANDIDATE,4,1,True,True,action,/home/nvme03/ubuntu_home_redirect/.cache/uv/archive-v0/lr1dzzQ7AqRpzvwsk3bw4/sklearn/feature_extraction/__init__.py;/home/nvme03/ubuntu_home_redirect/.cache/uv/archive-v0/lr1dzzQ7AqRpzvwsk3bw4/sklearn/feature_extraction/text.py;/home/nvme03/ubuntu_home_redirect/.cache/uv/archive-v0/lr1dzzQ7AqRpzvwsk3bw4/sklearn/feature_extraction/_hash.py;/home/nvme03/ubuntu_home_redirect/.cache/uv/archive-v0/lr1dzzQ7AqRpzvwsk3bw4/sklearn/feature_extraction/_stop_words.py;/home/nvme03/ubuntu_home_redirect/.cache/uv/archive-v0/lr1dzzQ7AqRpzvwsk3bw4/sklearn/feature_extraction/_hashing_fast.pyx;/home/nvme03/ubuntu_home_redirect/.cache/uv/archive-v0/lr1dzzQ7AqRpzvwsk3bw4/sklearn/feature_extraction/image.py;/home/nvme03/ubuntu_home_redirect/.cache/uv/archive-v0/lr1dzzQ7AqRpzvwsk3bw4/sklearn/feature_extraction/_dict_vectorizer.py;/home/nvme03/ubuntu_home_redirect/.cache/uv/archive-v0/lr1dzzQ7AqRpzvwsk3bw4/sklearn/feature_extraction/meson.build,,Inspect manually; root lacks enough action/camera/gravity evidence for automatic selection.
/home/nvme03/ubuntu_home_redirect/.vscode-server/extensions/ms-python.vscode-python-envs-1.30.0-linux-x64/.github/actions,WEAK_CANDIDATE,4,1,True,True,action,/home/nvme03/ubuntu_home_redirect/.vscode-server/extensions/ms-python.vscode-python-envs-1.30.0-linux-x64/.github/actions/build-vsix/action.yml,,Inspect manually; root lacks enough action/camera/gravity evidence for automatic selection.
/home/nvme03/workspace/phys_data_audit_20260505/raw/hf_metadata/MIND_data100,WEAK_CANDIDATE,4,1,True,True,action,/home/nvme03/workspace/phys_data_audit_20260505/raw/hf_metadata/MIND_data100/action.json,,Inspect manually; root lacks enough action/camera/gravity evidence for automatic selection.
/home/nvme03/workspace/world_model_phys/external/WMReward/vjepa2/evals/action_anticipation_frozen,WEAK_CANDIDATE,4,1,True,True,action,/home/nvme03/workspace/world_model_phys/external/WMReward/vjepa2/evals/action_anticipation_frozen/epickitchens.py;/home/nvme03/workspace/world_model_phys/external/WMReward/vjepa2/evals/action_anticipation_frozen/losses.py;/home/nvme03/workspace/world_model_phys/external/WMReward/vjepa2/evals/action_anticipation_frozen/utils.py;/home/nvme03/workspace/world_model_phys/external/WMReward/vjepa2/evals/action_anticipation_frozen/dataloader.py;/home/nvme03/workspace/world_model_phys/external/WMReward/vjepa2/evals/action_anticipation_frozen/models.py;/home/nvme03/workspace/world_model_phys/external/WMReward/vjepa2/evals/action_anticipation_frozen/eval.py;/home/nvme03/workspace/world_model_phys/external/WMReward/vjepa2/evals/action_anticipation_frozen/metrics.py;/home/nvme03/workspace/world_model_phys/external/WMReward/vjepa2/evals/action_anticipation_frozen/modelcustom/vit_encoder_predictor_concat_ar.py,,Inspect manually; root lacks enough action/camera/gravity evidence for automatic selection.
/home/nvme04/WM_datacollector/InstinctMJ/src/instinct_mj/envs/mdp/actions,WEAK_CANDIDATE,4,1,True,True,action,/home/nvme04/WM_datacollector/InstinctMJ/src/instinct_mj/envs/mdp/actions/joint_actions.py;/home/nvme04/WM_datacollector/InstinctMJ/src/instinct_mj/envs/mdp/actions/action_cfg.py;/home/nvme04/WM_datacollector/InstinctMJ/src/instinct_mj/envs/mdp/actions/__init__.py,,Inspect manually; root lacks enough action/camera/gravity evidence for automatic selection.
/home/nvme04/WM_datacollector/mjlab/src/mjlab/envs/mdp/actions,WEAK_CANDIDATE,4,1,True,True,action,/home/nvme04/WM_datacollector/mjlab/src/mjlab/envs/mdp/actions/actions.py;/home/nvme04/WM_datacollector/mjlab/src/mjlab/envs/mdp/actions/differential_ik.py;/home/nvme04/WM_datacollector/mjlab/src/mjlab/envs/mdp/actions/__init__.py,,Inspect manually; root lacks enough action/camera/gravity evidence for automatic selection.
/home/nvme04/World_Explore/unitree/xf_mic_asr_offline_line/build/wheeltec_mic_aiui/CMakeFiles/actionlib_generate_messages_cpp.dir,WEAK_CANDIDATE,4,1,True,True,action,/home/nvme04/World_Explore/unitree/xf_mic_asr_offline_line/build/wheeltec_mic_aiui/CMakeFiles/actionlib_generate_messages_cpp.dir/build.make;/home/nvme04/World_Explore/unitree/xf_mic_asr_offline_line/build/wheeltec_mic_aiui/CMakeFiles/actionlib_generate_messages_cpp.dir/cmake_clean.cmake;/home/nvme04/World_Explore/unitree/xf_mic_asr_offline_line/build/wheeltec_mic_aiui/CMakeFiles/actionlib_generate_messages_cpp.dir/DependInfo.cmake;/home/nvme04/World_Explore/unitree/xf_mic_asr_offline_line/build/wheeltec_mic_aiui/CMakeFiles/actionlib_generate_messages_cpp.dir/progress.make,,Inspect manually; root lacks enough action/camera/gravity evidence for automatic selection.
/home/nvme04/World_Explore/unitree/xf_mic_asr_offline_line/build/wheeltec_mic_aiui/CMakeFiles/actionlib_generate_messages_eus.dir,WEAK_CANDIDATE,4,1,True,True,action,/home/nvme04/World_Explore/unitree/xf_mic_asr_offline_line/build/wheeltec_mic_aiui/CMakeFiles/actionlib_generate_messages_eus.dir/build.make;/home/nvme04/World_Explore/unitree/xf_mic_asr_offline_line/build/wheeltec_mic_aiui/CMakeFiles/actionlib_generate_messages_eus.dir/cmake_clean.cmake;/home/nvme04/World_Explore/unitree/xf_mic_asr_offline_line/build/wheeltec_mic_aiui/CMakeFiles/actionlib_generate_messages_eus.dir/DependInfo.cmake;/home/nvme04/World_Explore/unitree/xf_mic_asr_offline_line/build/wheeltec_mic_aiui/CMakeFiles/actionlib_generate_messages_eus.dir/progress.make,,Inspect manually; root lacks enough action/camera/gravity evidence for automatic selection.
/home/nvme04/World_Explore/unitree/xf_mic_asr_offline_line/build/wheeltec_mic_aiui/CMakeFiles/actionlib_generate_messages_lisp.dir,WEAK_CANDIDATE,4,1,True,True,action,/home/nvme04/World_Explore/unitree/xf_mic_asr_offline_line/build/wheeltec_mic_aiui/CMakeFiles/actionlib_generate_messages_lisp.dir/build.make;/home/nvme04/World_Explore/unitree/xf_mic_asr_offline_line/build/wheeltec_mic_aiui/CMakeFiles/actionlib_generate_messages_lisp.dir/cmake_clean.cmake;/home/nvme04/World_Explore/unitree/xf_mic_asr_offline_line/build/wheeltec_mic_aiui/CMakeFiles/actionlib_generate_messages_lisp.dir/DependInfo.cmake;/home/nvme04/World_Explore/unitree/xf_mic_asr_offline_line/build/wheeltec_mic_aiui/CMakeFiles/actionlib_generate_messages_lisp.dir/progress.make,,Inspect manually; root lacks enough action/camera/gravity evidence for automatic selection.
/home/nvme04/World_Explore/unitree/xf_mic_asr_offline_line/build/wheeltec_mic_aiui/CMakeFiles/actionlib_generate_messages_nodejs.dir,WEAK_CANDIDATE,4,1,True,True,action,/home/nvme04/World_Explore/unitree/xf_mic_asr_offline_line/build/wheeltec_mic_aiui/CMakeFiles/actionlib_generate_messages_nodejs.dir/build.make;/home/nvme04/World_Explore/unitree/xf_mic_asr_offline_line/build/wheeltec_mic_aiui/CMakeFiles/actionlib_generate_messages_nodejs.dir/cmake_clean.cmake;/home/nvme04/World_Explore/unitree/xf_mic_asr_offline_line/build/wheeltec_mic_aiui/CMakeFiles/actionlib_generate_messages_nodejs.dir/DependInfo.cmake;/home/nvme04/World_Explore/unitree/xf_mic_asr_offline_line/build/wheeltec_mic_aiui/CMakeFiles/actionlib_generate_messages_nodejs.dir/progress.make,,Inspect manually; root lacks enough action/camera/gravity evidence for automatic selection.
/home/nvme04/World_Explore/unitree/xf_mic_asr_offline_line/build/wheeltec_mic_aiui/CMakeFiles/actionlib_generate_messages_py.dir,WEAK_CANDIDATE,4,1,True,True,action,/home/nvme04/World_Explore/unitree/xf_mic_asr_offline_line/build/wheeltec_mic_aiui/CMakeFiles/actionlib_generate_messages_py.dir/build.make;/home/nvme04/World_Explore/unitree/xf_mic_asr_offline_line/build/wheeltec_mic_aiui/CMakeFiles/actionlib_generate_messages_py.dir/cmake_clean.cmake;/home/nvme04/World_Explore/unitree/xf_mic_asr_offline_line/build/wheeltec_mic_aiui/CMakeFiles/actionlib_generate_messages_py.dir/DependInfo.cmake;/home/nvme04/World_Explore/unitree/xf_mic_asr_offline_line/build/wheeltec_mic_aiui/CMakeFiles/actionlib_generate_messages_py.dir/progress.make,,Inspect manually; root lacks enough action/camera/gravity evidence for automatic selection.
/home/nvme04/World_Explore/unitree/xf_mic_asr_offline_line/build/wheeltec_mic_aiui/CMakeFiles/actionlib_msgs_generate_messages_cpp.dir,WEAK_CANDIDATE,4,1,True,True,action,/home/nvme04/World_Explore/unitree/xf_mic_asr_offline_line/build/wheeltec_mic_aiui/CMakeFiles/actionlib_msgs_generate_messages_cpp.dir/build.make;/home/nvme04/World_Explore/unitree/xf_mic_asr_offline_line/build/wheeltec_mic_aiui/CMakeFiles/actionlib_msgs_generate_messages_cpp.dir/cmake_clean.cmake;/home/nvme04/World_Explore/unitree/xf_mic_asr_offline_line/build/wheeltec_mic_aiui/CMakeFiles/actionlib_msgs_generate_messages_cpp.dir/DependInfo.cmake;/home/nvme04/World_Explore/unitree/xf_mic_asr_offline_line/build/wheeltec_mic_aiui/CMakeFiles/actionlib_msgs_generate_messages_cpp.dir/progress.make,,Inspect manually; root lacks enough action/camera/gravity evidence for automatic selection.
/home/nvme04/World_Explore/unitree/xf_mic_asr_offline_line/build/wheeltec_mic_aiui/CMakeFiles/actionlib_msgs_generate_messages_eus.dir,WEAK_CANDIDATE,4,1,True,True,action,/home/nvme04/World_Explore/unitree/xf_mic_asr_offline_line/build/wheeltec_mic_aiui/CMakeFiles/actionlib_msgs_generate_messages_eus.dir/build.make;/home/nvme04/World_Explore/unitree/xf_mic_asr_offline_line/build/wheeltec_mic_aiui/CMakeFiles/actionlib_msgs_generate_messages_eus.dir/cmake_clean.cmake;/home/nvme04/World_Explore/unitree/xf_mic_asr_offline_line/build/wheeltec_mic_aiui/CMakeFiles/actionlib_msgs_generate_messages_eus.dir/DependInfo.cmake;/home/nvme04/World_Explore/unitree/xf_mic_asr_offline_line/build/wheeltec_mic_aiui/CMakeFiles/actionlib_msgs_generate_messages_eus.dir/progress.make,,Inspect manually; root lacks enough action/camera/gravity evidence for automatic selection.
/home/nvme04/World_Explore/unitree/xf_mic_asr_offline_line/build/wheeltec_mic_aiui/CMakeFiles/actionlib_msgs_generate_messages_lisp.dir,WEAK_CANDIDATE,4,1,True,True,action,/home/nvme04/World_Explore/unitree/xf_mic_asr_offline_line/build/wheeltec_mic_aiui/CMakeFiles/actionlib_msgs_generate_messages_lisp.dir/build.make;/home/nvme04/World_Explore/unitree/xf_mic_asr_offline_line/build/wheeltec_mic_aiui/CMakeFiles/actionlib_msgs_generate_messages_lisp.dir/cmake_clean.cmake;/home/nvme04/World_Explore/unitree/xf_mic_asr_offline_line/build/wheeltec_mic_aiui/CMakeFiles/actionlib_msgs_generate_messages_lisp.dir/DependInfo.cmake;/home/nvme04/World_Explore/unitree/xf_mic_asr_offline_line/build/wheeltec_mic_aiui/CMakeFiles/actionlib_msgs_generate_messages_lisp.dir/progress.make,,Inspect manually; root lacks enough action/camera/gravity evidence for automatic selection.
/home/nvme04/World_Explore/unitree/xf_mic_asr_offline_line/build/wheeltec_mic_aiui/CMakeFiles/actionlib_msgs_generate_messages_nodejs.dir,WEAK_CANDIDATE,4,1,True,True,action,/home/nvme04/World_Explore/unitree/xf_mic_asr_offline_line/build/wheeltec_mic_aiui/CMakeFiles/actionlib_msgs_generate_messages_nodejs.dir/build.make;/home/nvme04/World_Explore/unitree/xf_mic_asr_offline_line/build/wheeltec_mic_aiui/CMakeFiles/actionlib_msgs_generate_messages_nodejs.dir/cmake_clean.cmake;/home/nvme04/World_Explore/unitree/xf_mic_asr_offline_line/build/wheeltec_mic_aiui/CMakeFiles/actionlib_msgs_generate_messages_nodejs.dir/DependInfo.cmake;/home/nvme04/World_Explore/unitree/xf_mic_asr_offline_line/build/wheeltec_mic_aiui/CMakeFiles/actionlib_msgs_generate_messages_nodejs.dir/progress.make,,Inspect manually; root lacks enough action/camera/gravity evidence for automatic selection.
/home/nvme04/World_Explore/unitree/xf_mic_asr_offline_line/build/wheeltec_mic_aiui/CMakeFiles/actionlib_msgs_generate_messages_py.dir,WEAK_CANDIDATE,4,1,True,True,action,/home/nvme04/World_Explore/unitree/xf_mic_asr_offline_line/build/wheeltec_mic_aiui/CMakeFiles/actionlib_msgs_generate_messages_py.dir/build.make;/home/nvme04/World_Explore/unitree/xf_mic_asr_offline_line/build/wheeltec_mic_aiui/CMakeFiles/actionlib_msgs_generate_messages_py.dir/cmake_clean.cmake;/home/nvme04/World_Explore/unitree/xf_mic_asr_offline_line/build/wheeltec_mic_aiui/CMakeFiles/actionlib_msgs_generate_messages_py.dir/DependInfo.cmake;/home/nvme04/World_Explore/unitree/xf_mic_asr_offline_line/build/wheeltec_mic_aiui/CMakeFiles/actionlib_msgs_generate_messages_py.dir/progress.make,,Inspect manually; root lacks enough action/camera/gravity evidence for automatic selection.
/home/nvme04/chenzhihong/detectron2/.github/actions,WEAK_CANDIDATE,4,1,True,True,action,/home/nvme04/chenzhihong/detectron2/.github/actions/run_unittests_win/action.yml;/home/nvme04/chenzhihong/detectron2/.github/actions/install_linux_gpu_dep/action.yml;/home/nvme04/chenzhihong/detectron2/.github/actions/install_detectron2/action.yml;/home/nvme04/chenzhihong/detectron2/.github/actions/install_windows_dep/action.yml;/home/nvme04/chenzhihong/detectron2/.github/actions/install_linux_dep/action.yml;/home/nvme04/chenzhihong/detectron2/.github/actions/install_detectron2_win/action.yml;/home/nvme04/chenzhihong/detectron2/.github/actions/uninstall_tests/action.yml;/home/nvme04/chenzhihong/detectron2/.github/actions/run_unittests/action.yml,,Inspect manually; root lacks enough action/camera/gravity evidence for automatic selection.
/home/nvme04/holodiffusion/holosoma/src/holosoma/holosoma/managers/action,WEAK_CANDIDATE,4,1,True,True,action,/home/nvme04/holodiffusion/holosoma/src/holosoma/holosoma/managers/action/base.py;/home/nvme04/holodiffusion/holosoma/src/holosoma/holosoma/managers/action/manager.py;/home/nvme04/holodiffusion/holosoma/src/holosoma/holosoma/managers/action/__init__.py;/home/nvme04/holodiffusion/holosoma/src/holosoma/holosoma/managers/action/terms/joint_control.py;/home/nvme04/holodiffusion/holosoma/src/holosoma/holosoma/managers/action/terms/__init__.py,,Inspect manually; root lacks enough action/camera/gravity evidence for automatic selection.
/home/nvme04/workspace/world_model_phys/PHYS/world_model_phys/docs/experiments/EXP_physeditworld_50h_prompt_gravity_lingbotfast.md,REJECT_LIKELY_FALSE_POSITIVE,4,1,True,False,gravity,,"/world_model_phys/PHYS/world_model_phys/,/docs/",Do not use as PhysEditWorld selected 50h root.
/home/nvme03/SZQ-WAM/miniconda3/envs/fastwam/lib/python3.10/fractions.py,REJECT_LIKELY_FALSE_POSITIVE,3,1,True,False,action,,,Do not use as PhysEditWorld selected 50h root.
/home/nvme03/SZQ-WAM/miniconda3/include/gmock/gmock-actions.h,REJECT_LIKELY_FALSE_POSITIVE,3,1,True,False,action,,,Do not use as PhysEditWorld selected 50h root.
/home/nvme03/SZQ-WAM/miniconda3/include/gmock/gmock-more-actions.h,REJECT_LIKELY_FALSE_POSITIVE,3,1,True,False,action,,,Do not use as PhysEditWorld selected 50h root.
/home/nvme03/SZQ-WAM/miniconda3/include/gmock/internal/custom/gmock-generated-actions.h,REJECT_LIKELY_FALSE_POSITIVE,3,1,True,False,action,,,Do not use as PhysEditWorld selected 50h root.
/home/nvme03/SZQ-WAM/miniconda3/include/mamba/core/transaction.hpp,REJECT_LIKELY_FALSE_POSITIVE,3,1,True,False,action,,,Do not use as PhysEditWorld selected 50h root.
/home/nvme03/SZQ-WAM/miniconda3/include/solv/transaction.h,REJECT_LIKELY_FALSE_POSITIVE,3,1,True,False,action,,,Do not use as PhysEditWorld selected 50h root.
/home/nvme03/SZQ-WAM/miniconda3/lib/python3.13/__pycache__/fractions.cpython-313.pyc,REJECT_LIKELY_FALSE_POSITIVE,3,1,True,False,action,,,Do not use as PhysEditWorld selected 50h root.
/home/nvme03/SZQ-WAM/miniconda3/lib/python3.13/fractions.py,REJECT_LIKELY_FALSE_POSITIVE,3,1,True,False,action,,,Do not use as PhysEditWorld selected 50h root.
/home/nvme03/SZQ-WAM/miniconda3/lib/python3.13/site-packages/anaconda_auth/actions.py,REJECT_LIKELY_FALSE_POSITIVE,3,1,True,False,action,,,Do not use as PhysEditWorld selected 50h root.
/home/nvme03/SZQ-WAM/miniconda3/lib/python3.13/site-packages/anaconda_cloud_auth/actions.py,REJECT_LIKELY_FALSE_POSITIVE,3,1,True,False,action,,,Do not use as PhysEditWorld selected 50h root.
/home/nvme03/SZQ-WAM/miniconda3/pkgs/libsolv-0.7.30-h6f1ccf3_2/include/solv/transaction.h,REJECT_LIKELY_FALSE_POSITIVE,3,1,True,False,action,,,Do not use as PhysEditWorld selected 50h root.
/home/nvme03/SZQ-WAM/miniconda3/pkgs/python-3.10.20-h267e890_1_cpython/lib/python3.10/fractions.py,REJECT_LIKELY_FALSE_POSITIVE,3,1,True,False,action,,,Do not use as PhysEditWorld selected 50h root.
/home/nvme03/SZQ-WAM/miniconda3/pkgs/python-3.13.13-hb7b561f_100_cp313/lib/python3.13/fractions.py,REJECT_LIKELY_FALSE_POSITIVE,3,1,True,False,action,,,Do not use as PhysEditWorld selected 50h root.
/home/nvme03/SZQ-WAM/miniconda3/pkgs/yaml-cpp-0.8.0-h6a678d5_1/include/gmock/gmock-actions.h,REJECT_LIKELY_FALSE_POSITIVE,3,1,True,False,action,,,Do not use as PhysEditWorld selected 50h root.
/home/nvme03/SZQ-WAM/miniconda3/pkgs/yaml-cpp-0.8.0-h6a678d5_1/include/gmock/gmock-more-actions.h,REJECT_LIKELY_FALSE_POSITIVE,3,1,True,False,action,,,Do not use as PhysEditWorld selected 50h root.
/home/nvme03/SZQ-WAM/repos/FastWAM/checkpoints/ActionDiT_linear_interp_Wan22_alphascale_1024hdim.pt,REJECT_LIKELY_FALSE_POSITIVE,3,1,True,False,action,,,Do not use as PhysEditWorld selected 50h root.
/home/nvme03/SZQ-WAM/repos/FastWAM/experiments/libero/__pycache__/action_ensembler.cpython-310.pyc,REJECT_LIKELY_FALSE_POSITIVE,3,1,True,False,action,,,Do not use as PhysEditWorld selected 50h root.
/home/nvme03/SZQ-WAM/repos/FastWAM/experiments/libero/action_ensembler.py,REJECT_LIKELY_FALSE_POSITIVE,3,1,True,False,action,,,Do not use as PhysEditWorld selected 50h root.
/home/nvme03/envs/worldmodel_phys/lib/python3.10/__pycache__/fractions.cpython-310.pyc,REJECT_LIKELY_FALSE_POSITIVE,3,1,True,False,action,,,Do not use as PhysEditWorld selected 50h root.
/home/nvme03/envs/worldmodel_phys/lib/python3.10/fractions.py,REJECT_LIKELY_FALSE_POSITIVE,3,1,True,False,action,,,Do not use as PhysEditWorld selected 50h root.
/home/nvme03/envs/worldmodel_phys/lib/python3.10/site-packages/fsspec/transaction.py,REJECT_LIKELY_FALSE_POSITIVE,3,1,True,False,action,,,Do not use as PhysEditWorld selected 50h root.
/home/nvme03/envs/worldmodel_phys/lib/python3.10/site-packages/pyparsing/actions.py,REJECT_LIKELY_FALSE_POSITIVE,3,1,True,False,action,,,Do not use as PhysEditWorld selected 50h root.
/home/nvme03/envs/worldmodel_phys/lib/python3.10/site-packages/transformers/feature_extraction_sequence_utils.py,REJECT_LIKELY_FALSE_POSITIVE,3,1,True,False,action,,,Do not use as PhysEditWorld selected 50h root.
/home/nvme03/envs/worldmodel_phys/lib/python3.10/site-packages/transformers/feature_extraction_utils.py,REJECT_LIKELY_FALSE_POSITIVE,3,1,True,False,action,,,Do not use as PhysEditWorld selected 50h root.
/home/nvme03/envs/worldmodel_phys/lib/python3.10/site-packages/~ransformers/feature_extraction_sequence_utils.py,REJECT_LIKELY_FALSE_POSITIVE,3,1,True,False,action,,,Do not use as PhysEditWorld selected 50h root.
/home/nvme03/envs/worldmodel_phys/lib/python3.10/site-packages/~ransformers/feature_extraction_utils.py,REJECT_LIKELY_FALSE_POSITIVE,3,1,True,False,action,,,Do not use as PhysEditWorld selected 50h root.
/home/nvme03/qianyupeng/MemoryVLA-openvla-codebase/action_model/__pycache__/action_model.cpython-310.pyc,REJECT_LIKELY_FALSE_POSITIVE,3,1,True,False,action,,,Do not use as PhysEditWorld selected 50h root.
/home/nvme03/qianyupeng/MemoryVLA-openvla-codebase/action_model/action_model.py,REJECT_LIKELY_FALSE_POSITIVE,3,1,True,False,action,,,Do not use as PhysEditWorld selected 50h root.
/home/nvme03/qianyupeng/MemoryVLA-openvla-codebase/vla/__pycache__/action_tokenizer.cpython-310.pyc,REJECT_LIKELY_FALSE_POSITIVE,3,1,True,False,action,,,Do not use as PhysEditWorld selected 50h root.
/home/nvme03/qianyupeng/MemoryVLA-openvla-codebase/vla/action_tokenizer.py,REJECT_LIKELY_FALSE_POSITIVE,3,1,True,False,action,,,Do not use as PhysEditWorld selected 50h root.
/home/nvme03/qianyupeng/miniconda3/envs/memoryvla/lib/python3.10/fractions.py,REJECT_LIKELY_FALSE_POSITIVE,3,1,True,False,action,,,Do not use as PhysEditWorld selected 50h root.
/home/nvme03/qianyupeng/miniconda3/envs/mikasa/lib/python3.10/fractions.py,REJECT_LIKELY_FALSE_POSITIVE,3,1,True,False,action,,,Do not use as PhysEditWorld selected 50h root.
/home/nvme03/qianyupeng/miniconda3/include/gmock/gmock-actions.h,REJECT_LIKELY_FALSE_POSITIVE,3,1,True,False,action,,,Do not use as PhysEditWorld selected 50h root.
/home/nvme03/qianyupeng/miniconda3/include/gmock/gmock-more-actions.h,REJECT_LIKELY_FALSE_POSITIVE,3,1,True,False,action,,,Do not use as PhysEditWorld selected 50h root.
/home/nvme03/qianyupeng/miniconda3/include/gmock/internal/custom/gmock-generated-actions.h,REJECT_LIKELY_FALSE_POSITIVE,3,1,True,False,action,,,Do not use as PhysEditWorld selected 50h root.
/home/nvme03/qianyupeng/miniconda3/include/mamba/core/transaction.hpp,REJECT_LIKELY_FALSE_POSITIVE,3,1,True,False,action,,,Do not use as PhysEditWorld selected 50h root.
/home/nvme03/qianyupeng/miniconda3/include/solv/transaction.h,REJECT_LIKELY_FALSE_POSITIVE,3,1,True,False,action,,,Do not use as PhysEditWorld selected 50h root.
/home/nvme03/qianyupeng/miniconda3/lib/python3.13/__pycache__/fractions.cpython-313.pyc,REJECT_LIKELY_FALSE_POSITIVE,3,1,True,False,action,,,Do not use as PhysEditWorld selected 50h root.
/home/nvme03/qianyupeng/miniconda3/lib/python3.13/fractions.py,REJECT_LIKELY_FALSE_POSITIVE,3,1,True,False,action,,,Do not use as PhysEditWorld selected 50h root.
/home/nvme03/qianyupeng/miniconda3/lib/python3.13/site-packages/anaconda_auth/actions.py,REJECT_LIKELY_FALSE_POSITIVE,3,1,True,False,action,,,Do not use as PhysEditWorld selected 50h root.
/home/nvme03/qianyupeng/miniconda3/lib/python3.13/site-packages/anaconda_cloud_auth/actions.py,REJECT_LIKELY_FALSE_POSITIVE,3,1,True,False,action,,,Do not use as PhysEditWorld selected 50h root.
/home/nvme03/qianyupeng/miniconda3/pkgs/libsolv-0.7.30-h6f1ccf3_2/include/solv/transaction.h,REJECT_LIKELY_FALSE_POSITIVE,3,1,True,False,action,,,Do not use as PhysEditWorld selected 50h root.
/home/nvme03/qianyupeng/miniconda3/pkgs/python-3.10.20-h741d88c_0/lib/python3.10/fractions.py,REJECT_LIKELY_FALSE_POSITIVE,3,1,True,False,action,,,Do not use as PhysEditWorld selected 50h root.
/home/nvme03/qianyupeng/miniconda3/pkgs/python-3.13.12-hb7b561f_100_cp313/lib/python3.13/fractions.py,REJECT_LIKELY_FALSE_POSITIVE,3,1,True,False,action,,,Do not use as PhysEditWorld selected 50h root.
/home/nvme03/qianyupeng/miniconda3/pkgs/yaml-cpp-0.8.0-h6a678d5_1/include/gmock/gmock-actions.h,REJECT_LIKELY_FALSE_POSITIVE,3,1,True,False,action,,,Do not use as PhysEditWorld selected 50h root.
/home/nvme03/qianyupeng/miniconda3/pkgs/yaml-cpp-0.8.0-h6a678d5_1/include/gmock/gmock-more-actions.h,REJECT_LIKELY_FALSE_POSITIVE,3,1,True,False,action,,,Do not use as PhysEditWorld selected 50h root.
/home/nvme03/ubuntu_home_redirect/.cache/uv/.tmpM9KSJy/transformers/feature_extraction_sequence_utils.py,REJECT_LIKELY_FALSE_POSITIVE,3,1,True,False,action,,,Do not use as PhysEditWorld selected 50h root.
/home/nvme03/ubuntu_home_redirect/.cache/uv/.tmpM9KSJy/transformers/feature_extraction_utils.py,REJECT_LIKELY_FALSE_POSITIVE,3,1,True,False,action,,,Do not use as PhysEditWorld selected 50h root.
/home/nvme03/ubuntu_home_redirect/.cache/uv/.tmpnfspql/transformers/feature_extraction_sequence_utils.py,REJECT_LIKELY_FALSE_POSITIVE,3,1,True,False,action,,,Do not use as PhysEditWorld selected 50h root.
/home/nvme03/ubuntu_home_redirect/.cache/uv/.tmpnfspql/transformers/feature_extraction_utils.py,REJECT_LIKELY_FALSE_POSITIVE,3,1,True,False,action,,,Do not use as PhysEditWorld selected 50h root.
/home/nvme03/ubuntu_home_redirect/.cache/uv/.tmptkOTia/transformers/feature_extraction_sequence_utils.py,REJECT_LIKELY_FALSE_POSITIVE,3,1,True,False,action,,,Do not use as PhysEditWorld selected 50h root.
/home/nvme03/ubuntu_home_redirect/.cache/uv/.tmptkOTia/transformers/feature_extraction_utils.py,REJECT_LIKELY_FALSE_POSITIVE,3,1,True,False,action,,,Do not use as PhysEditWorld selected 50h root.
/home/nvme03/ubuntu_home_redirect/.cache/uv/.tmpx3wIqR/transformers/feature_extraction_sequence_utils.py,REJECT_LIKELY_FALSE_POSITIVE,3,1,True,False,action,,,Do not use as PhysEditWorld selected 50h root.
/home/nvme03/ubuntu_home_redirect/.cache/uv/.tmpx3wIqR/transformers/feature_extraction_utils.py,REJECT_LIKELY_FALSE_POSITIVE,3,1,True,False,action,,,Do not use as PhysEditWorld selected 50h root.
/home/nvme03/ubuntu_home_redirect/.cache/uv/archive-v0/C-ySTfgPderOgS2u1R2x3/fsspec/transaction.py,REJECT_LIKELY_FALSE_POSITIVE,3,1,True,False,action,,,Do not use as PhysEditWorld selected 50h root.
/home/nvme03/ubuntu_home_redirect/.cache/uv/archive-v0/GeV30pCmybIU1X8pzZGzl/fsspec/transaction.py,REJECT_LIKELY_FALSE_POSITIVE,3,1,True,False,action,,,Do not use as PhysEditWorld selected 50h root.
/home/nvme03/ubuntu_home_redirect/.cache/uv/archive-v0/UgEN48htl6bHYkOL24T5H/fsspec/transaction.py,REJECT_LIKELY_FALSE_POSITIVE,3,1,True,False,action,,,Do not use as PhysEditWorld selected 50h root.
/home/nvme03/ubuntu_home_redirect/.cache/uv/archive-v0/YXNUHxBkpi55bCC2wWmwM/fsspec/transaction.py,REJECT_LIKELY_FALSE_POSITIVE,3,1,True,False,action,,,Do not use as PhysEditWorld selected 50h root.
/home/nvme03/ubuntu_home_redirect/.cache/uv/archive-v0/ZFcepjykxeD45EfmcThjP/pyparsing/actions.py,REJECT_LIKELY_FALSE_POSITIVE,3,1,True,False,action,,,Do not use as PhysEditWorld selected 50h root.
/home/nvme03/ubuntu_home_redirect/.cache/uv/archive-v0/t0D2a7y7JCk-U9yQ_0cWj/cyclopts/_result_action.py,REJECT_LIKELY_FALSE_POSITIVE,3,1,True,False,action,,,Do not use as PhysEditWorld selected 50h root.
/home/nvme03/ubuntu_home_redirect/.cache/uv/archive-v0/x4oJta8YSwstX4cLpx_W2/transformers/feature_extraction_sequence_utils.py,REJECT_LIKELY_FALSE_POSITIVE,3,1,True,False,action,,,Do not use as PhysEditWorld selected 50h root.
/home/nvme03/ubuntu_home_redirect/.cache/uv/archive-v0/x4oJta8YSwstX4cLpx_W2/transformers/feature_extraction_utils.py,REJECT_LIKELY_FALSE_POSITIVE,3,1,True,False,action,,,Do not use as PhysEditWorld selected 50h root.
/home/nvme03/ubuntu_home_redirect/.vscode-server/extensions/openai.chatgpt-26.506.31421-linux-x64/webview/assets/actionscript-3-D3xu282x.js,REJECT_LIKELY_FALSE_POSITIVE,3,1,True,False,action,,,Do not use as PhysEditWorld selected 50h root.
/home/nvme03/ubuntu_home_redirect/.vscode-server/extensions/openai.chatgpt-26.506.31421-linux-x64/webview/assets/primary-runtime-install-action-Cmpt3kQ8.js,REJECT_LIKELY_FALSE_POSITIVE,3,1,True,False,action,,,Do not use as PhysEditWorld selected 50h root.
/home/nvme03/workspace/lingbot-world/physinone_pull50_20260513/source_zips/Val/DoublePhysics/MovingHitsFixed_WindGravityBalance__bg156__vbGA3S_trajectory.zip,REJECT_LIKELY_FALSE_POSITIVE,3,1,True,False,"camera,gravity",,physinone,Do not use as PhysEditWorld selected 50h root.
/home/nvme03/workspace/phys_data_audit_20260505/repos/MIND_meta/src/metrics/action.py,REJECT_LIKELY_FALSE_POSITIVE,3,1,True,False,action,,,Do not use as PhysEditWorld selected 50h root.
/home/nvme03/workspace/physion_moving_camera_mainline_20260505/repos/tdw_physics/tdw_physics/target_controllers/gravity.py,REJECT_LIKELY_FALSE_POSITIVE,3,1,True,False,"camera,gravity",,physion,Do not use as PhysEditWorld selected 50h root.
/home/nvme03/workspace/zhengqi/multiview-map-v0/tools/legacy/diagnose_action_transition_v0.py,REJECT_LIKELY_FALSE_POSITIVE,3,1,True,False,action,,,Do not use as PhysEditWorld selected 50h root.
/home/nvme03/workspace/zhengqi/multiview-map-v0/tools/legacy/fit_action_velocity_v0.py,REJECT_LIKELY_FALSE_POSITIVE,3,1,True,False,action,,,Do not use as PhysEditWorld selected 50h root.
/home/nvme04/WM_datacollector/mjlab/src/mjlab/managers/action_manager.py,REJECT_LIKELY_FALSE_POSITIVE,3,1,True,False,action,,,Do not use as PhysEditWorld selected 50h root.
/home/nvme04/chenzhihong/SMCG/env_utils/__pycache__/noisy_actions.cpython-38.pyc,REJECT_LIKELY_FALSE_POSITIVE,3,1,True,False,action,,,Do not use as PhysEditWorld selected 50h root.
/home/nvme04/chenzhihong/SMCG/env_utils/noisy_actions.py,REJECT_LIKELY_FALSE_POSITIVE,3,1,True,False,action,,,Do not use as PhysEditWorld selected 50h root.
/home/nvme04/chenzhihong/detectron2/.github/actions/install_detectron2/action.yml,REJECT_LIKELY_FALSE_POSITIVE,3,1,True,False,action,,,Do not use as PhysEditWorld selected 50h root.
/home/nvme04/chenzhihong/detectron2/.github/actions/install_detectron2_win/action.yml,REJECT_LIKELY_FALSE_POSITIVE,3,1,True,False,action,,,Do not use as PhysEditWorld selected 50h root.
/home/nvme04/chenzhihong/detectron2/.github/actions/install_linux_dep/action.yml,REJECT_LIKELY_FALSE_POSITIVE,3,1,True,False,action,,,Do not use as PhysEditWorld selected 50h root.
/home/nvme04/chenzhihong/detectron2/.github/actions/install_linux_gpu_dep/action.yml,REJECT_LIKELY_FALSE_POSITIVE,3,1,True,False,action,,,Do not use as PhysEditWorld selected 50h root.
/home/nvme04/chenzhihong/detectron2/.github/actions/install_windows_dep/action.yml,REJECT_LIKELY_FALSE_POSITIVE,3,1,True,False,action,,,Do not use as PhysEditWorld selected 50h root.
/home/nvme04/chenzhihong/detectron2/.github/actions/run_unittests/action.yml,REJECT_LIKELY_FALSE_POSITIVE,3,1,True,False,action,,,Do not use as PhysEditWorld selected 50h root.
/home/nvme04/chenzhihong/detectron2/.github/actions/run_unittests_win/action.yml,REJECT_LIKELY_FALSE_POSITIVE,3,1,True,False,action,,,Do not use as PhysEditWorld selected 50h root.
/home/nvme04/chenzhihong/detectron2/.github/actions/uninstall_tests/action.yml,REJECT_LIKELY_FALSE_POSITIVE,3,1,True,False,action,,,Do not use as PhysEditWorld selected 50h root.
/home/nvme04/chenzhihong/habitat-lab/examples/new_actions.py,REJECT_LIKELY_FALSE_POSITIVE,3,1,True,False,action,,,Do not use as PhysEditWorld selected 50h root.
/home/nvme04/chenzhihong/habitat-lab/habitat/sims/habitat_simulator/__pycache__/actions.cpython-38.pyc,REJECT_LIKELY_FALSE_POSITIVE,3,1,True,False,action,,,Do not use as PhysEditWorld selected 50h root.
/home/nvme04/chenzhihong/habitat-lab/habitat/sims/habitat_simulator/actions.py,REJECT_LIKELY_FALSE_POSITIVE,3,1,True,False,action,,,Do not use as PhysEditWorld selected 50h root.
/home/nvme04/chenzhihong/habitat-lab/habitat/tasks/rearrange/__pycache__/actions.cpython-38.pyc,REJECT_LIKELY_FALSE_POSITIVE,3,1,True,False,action,,,Do not use as PhysEditWorld selected 50h root.
/home/nvme04/chenzhihong/habitat-lab/habitat/tasks/rearrange/actions.py,REJECT_LIKELY_FALSE_POSITIVE,3,1,True,False,action,,,Do not use as PhysEditWorld selected 50h root.
/home/nvme04/chenzhihong/habitat-sim/examples/tutorials/new_actions.py,REJECT_LIKELY_FALSE_POSITIVE,3,1,True,False,action,,,Do not use as PhysEditWorld selected 50h root.
/home/nvme04/code_sync/H20_Video_inpainting_DPO_from_pai_20260527_164734/external/VBench/VBench-2.0/vbench2/human_interaction.py,REJECT_LIKELY_FALSE_POSITIVE,3,1,True,False,action,,,Do not use as PhysEditWorld selected 50h root.
/home/nvme04/code_sync/H20_Video_inpainting_DPO_from_pai_20260527_164734/external/VBench/prompts/prompts_per_dimension/human_action.txt,REJECT_LIKELY_FALSE_POSITIVE,3,1,True,False,action,,,Do not use as PhysEditWorld selected 50h root.
/home/nvme04/code_sync/H20_Video_inpainting_DPO_from_pai_20260527_164734/external/VBench/prompts/prompts_per_dimension_chinese/human_action.txt,REJECT_LIKELY_FALSE_POSITIVE,3,1,True,False,action,,,Do not use as PhysEditWorld selected 50h root.
/home/nvme04/code_sync/H20_Video_inpainting_DPO_from_pai_20260527_164734/external/VBench/vbench/human_action.py,REJECT_LIKELY_FALSE_POSITIVE,3,1,True,False,action,,,Do not use as PhysEditWorld selected 50h root.
/home/nvme04/code_sync/H20_Video_inpainting_DPO_from_pai_20260527_164734/external/VBench/vbench2_beta_long/human_action.py,REJECT_LIKELY_FALSE_POSITIVE,3,1,True,False,action,,,Do not use as PhysEditWorld selected 50h root.
/home/nvme04/code_sync/H20_active_code_backup_before_promote_20260529_112635/third_party_video_inpainting/repos/VBench/vbench/human_action.py,REJECT_LIKELY_FALSE_POSITIVE,3,1,True,False,action,,,Do not use as PhysEditWorld selected 50h root.
/home/nvme04/code_sync/H20_active_code_backup_before_promote_20260529_112635/third_party_video_inpainting/repos/VBench/vbench2_beta_long/human_action.py,REJECT_LIKELY_FALSE_POSITIVE,3,1,True,False,action,,,Do not use as PhysEditWorld selected 50h root.
/home/nvme04/hezekai/habitat-lab/examples/new_actions.py,REJECT_LIKELY_FALSE_POSITIVE,3,1,True,False,action,,,Do not use as PhysEditWorld selected 50h root.
/home/nvme04/hezekai/habitat-lab/habitat/sims/habitat_simulator/__pycache__/actions.cpython-38.pyc,REJECT_LIKELY_FALSE_POSITIVE,3,1,True,False,action,,,Do not use as PhysEditWorld selected 50h root.
/home/nvme04/hezekai/habitat-lab/habitat/sims/habitat_simulator/actions.py,REJECT_LIKELY_FALSE_POSITIVE,3,1,True,False,action,,,Do not use as PhysEditWorld selected 50h root.
/home/nvme04/hezekai/habitat-lab/habitat/tasks/rearrange/actions.py,REJECT_LIKELY_FALSE_POSITIVE,3,1,True,False,action,,,Do not use as PhysEditWorld selected 50h root.
/home/nvme04/hezekai/habitat-lab/habitat/tasks/rearrange/grip_actions.py,REJECT_LIKELY_FALSE_POSITIVE,3,1,True,False,action,,,Do not use as PhysEditWorld selected 50h root.
/home/nvme04/hezekai/habitat-lab/habitat_/sims/habitat_simulator/__pycache__/actions.cpython-38.pyc,REJECT_LIKELY_FALSE_POSITIVE,3,1,True,False,action,,,Do not use as PhysEditWorld selected 50h root.
/home/nvme04/hezekai/habitat-lab/habitat_/sims/habitat_simulator/actions.py,REJECT_LIKELY_FALSE_POSITIVE,3,1,True,False,action,,,Do not use as PhysEditWorld selected 50h root.
/home/nvme04/hezekai/habitat-lab/habitat_/tasks/rearrange/actions.py,REJECT_LIKELY_FALSE_POSITIVE,3,1,True,False,action,,,Do not use as PhysEditWorld selected 50h root.
/home/nvme04/hezekai/habitat-lab/habitat_/tasks/rearrange/grip_actions.py,REJECT_LIKELY_FALSE_POSITIVE,3,1,True,False,action,,,Do not use as PhysEditWorld selected 50h root.
/home/nvme04/hezekai/habitat-sim.bak/examples/tutorials/new_actions.py,REJECT_LIKELY_FALSE_POSITIVE,3,1,True,False,action,,,Do not use as PhysEditWorld selected 50h root.
/home/nvme04/hezekai/habitat-sim/examples/tutorials/new_actions.py,REJECT_LIKELY_FALSE_POSITIVE,3,1,True,False,action,,,Do not use as PhysEditWorld selected 50h root.
/home/nvme04/holodiffusion/holosoma/src/holosoma/holosoma/config_types/action.py,REJECT_LIKELY_FALSE_POSITIVE,3,1,True,False,action,,,Do not use as PhysEditWorld selected 50h root.
/home/nvme04/holodiffusion/holosoma/src/holosoma/holosoma/config_values/action.py,REJECT_LIKELY_FALSE_POSITIVE,3,1,True,False,action,,,Do not use as PhysEditWorld selected 50h root.
/home/nvme04/holodiffusion/holosoma/src/holosoma_retargeting/holosoma_retargeting/src/interaction_mesh_retargeter.py,REJECT_LIKELY_FALSE_POSITIVE,3,1,True,False,action,,,Do not use as PhysEditWorld selected 50h root.
/home/nvme03/workspace/lingbot-world/outputs/physinone_reprojection_sanity_20260515/MovingHitsFixed_WindGravityBalance__bg156__vbGA3S,REJECT_LIKELY_FALSE_POSITIVE,2,1,True,True,gravity,/home/nvme03/workspace/lingbot-world/outputs/physinone_reprojection_sanity_20260515/MovingHitsFixed_WindGravityBalance__bg156__vbGA3S/reprojection_overlay.jpg;/home/nvme03/workspace/lingbot-world/outputs/physinone_reprojection_sanity_20260515/MovingHitsFixed_WindGravityBalance__bg156__vbGA3S/reprojection_sanity.json,physinone,Do not use as PhysEditWorld selected 50h root.
/home/nvme03/workspace/lingbot-world/outputs/physinone_sft_pull50_cache_first_20260515/MovingHitsFixed_WindGravityBalance__bg156__vbGA3S,REJECT_LIKELY_FALSE_POSITIVE,2,1,True,True,gravity,/home/nvme03/workspace/lingbot-world/outputs/physinone_sft_pull50_cache_first_20260515/MovingHitsFixed_WindGravityBalance__bg156__vbGA3S/target_latent.pt;/home/nvme03/workspace/lingbot-world/outputs/physinone_sft_pull50_cache_first_20260515/MovingHitsFixed_WindGravityBalance__bg156__vbGA3S/c2ws_plucker_emb.pt;/home/nvme03/workspace/lingbot-world/outputs/physinone_sft_pull50_cache_first_20260515/MovingHitsFixed_WindGravityBalance__bg156__vbGA3S/metadata.json;/home/nvme03/workspace/lingbot-world/outputs/physinone_sft_pull50_cache_first_20260515/MovingHitsFixed_WindGravityBalance__bg156__vbGA3S/prompt_emb.pt;/home/nvme03/workspace/lingbot-world/outputs/physinone_sft_pull50_cache_first_20260515/MovingHitsFixed_WindGravityBalance__bg156__vbGA3S/y_latent.pt,physinone,Do not use as PhysEditWorld selected 50h root.
/home/nvme03/workspace/lingbot-world/outputs/physinone_sft_pull50_cache_first_prefix9_20260517/MovingHitsFixed_WindGravityBalance__bg156__vbGA3S,REJECT_LIKELY_FALSE_POSITIVE,2,1,True,True,gravity,/home/nvme03/workspace/lingbot-world/outputs/physinone_sft_pull50_cache_first_prefix9_20260517/MovingHitsFixed_WindGravityBalance__bg156__vbGA3S/target_latent.pt;/home/nvme03/workspace/lingbot-world/outputs/physinone_sft_pull50_cache_first_prefix9_20260517/MovingHitsFixed_WindGravityBalance__bg156__vbGA3S/c2ws_plucker_emb.pt;/home/nvme03/workspace/lingbot-world/outputs/physinone_sft_pull50_cache_first_prefix9_20260517/MovingHitsFixed_WindGravityBalance__bg156__vbGA3S/metadata.json;/home/nvme03/workspace/lingbot-world/outputs/physinone_sft_pull50_cache_first_prefix9_20260517/MovingHitsFixed_WindGravityBalance__bg156__vbGA3S/prompt_emb.pt;/home/nvme03/workspace/lingbot-world/outputs/physinone_sft_pull50_cache_first_prefix9_20260517/MovingHitsFixed_WindGravityBalance__bg156__vbGA3S/y_latent.pt,physinone,Do not use as PhysEditWorld selected 50h root.
/home/nvme03/workspace/lingbot-world/outputs/physinone_sft_pull50_cache_first_prefix9_clean_20260517/MovingHitsFixed_WindGravityBalance__bg156__vbGA3S,REJECT_LIKELY_FALSE_POSITIVE,2,1,True,True,gravity,/home/nvme03/workspace/lingbot-world/outputs/physinone_sft_pull50_cache_first_prefix9_clean_20260517/MovingHitsFixed_WindGravityBalance__bg156__vbGA3S/target_latent.pt;/home/nvme03/workspace/lingbot-world/outputs/physinone_sft_pull50_cache_first_prefix9_clean_20260517/MovingHitsFixed_WindGravityBalance__bg156__vbGA3S/c2ws_plucker_emb.pt;/home/nvme03/workspace/lingbot-world/outputs/physinone_sft_pull50_cache_first_prefix9_clean_20260517/MovingHitsFixed_WindGravityBalance__bg156__vbGA3S/metadata.json;/home/nvme03/workspace/lingbot-world/outputs/physinone_sft_pull50_cache_first_prefix9_clean_20260517/MovingHitsFixed_WindGravityBalance__bg156__vbGA3S/prompt_emb.pt;/home/nvme03/workspace/lingbot-world/outputs/physinone_sft_pull50_cache_first_prefix9_clean_20260517/MovingHitsFixed_WindGravityBalance__bg156__vbGA3S/y_latent.pt,physinone,Do not use as PhysEditWorld selected 50h root.
/home/nvme03/workspace/lingbot-world/outputs/physinone_sft_pull50_cache_first_prefix9_sharded_20260517/shards/shard1/MovingHitsFixed_WindGravityBalance__bg156__vbGA3S,REJECT_LIKELY_FALSE_POSITIVE,2,1,True,True,gravity,/home/nvme03/workspace/lingbot-world/outputs/physinone_sft_pull50_cache_first_prefix9_sharded_20260517/shards/shard1/MovingHitsFixed_WindGravityBalance__bg156__vbGA3S/target_latent.pt;/home/nvme03/workspace/lingbot-world/outputs/physinone_sft_pull50_cache_first_prefix9_sharded_20260517/shards/shard1/MovingHitsFixed_WindGravityBalance__bg156__vbGA3S/c2ws_plucker_emb.pt;/home/nvme03/workspace/lingbot-world/outputs/physinone_sft_pull50_cache_first_prefix9_sharded_20260517/shards/shard1/MovingHitsFixed_WindGravityBalance__bg156__vbGA3S/metadata.json;/home/nvme03/workspace/lingbot-world/outputs/physinone_sft_pull50_cache_first_prefix9_sharded_20260517/shards/shard1/MovingHitsFixed_WindGravityBalance__bg156__vbGA3S/prompt_emb.pt;/home/nvme03/workspace/lingbot-world/outputs/physinone_sft_pull50_cache_first_prefix9_sharded_20260517/shards/shard1/MovingHitsFixed_WindGravityBalance__bg156__vbGA3S/y_latent.pt,physinone,Do not use as PhysEditWorld selected 50h root.
/home/nvme03/SZQ-WAM/miniconda3/envs/fastwam/lib/python3.10/antigravity.py,REJECT_LIKELY_FALSE_POSITIVE,1,1,True,False,gravity,,antigravity.py,Do not use as PhysEditWorld selected 50h root.
/home/nvme03/SZQ-WAM/miniconda3/lib/python3.13/antigravity.py,REJECT_LIKELY_FALSE_POSITIVE,1,1,True,False,gravity,,antigravity.py,Do not use as PhysEditWorld selected 50h root.
/home/nvme03/SZQ-WAM/miniconda3/pkgs/python-3.10.20-h267e890_1_cpython/lib/python3.10/antigravity.py,REJECT_LIKELY_FALSE_POSITIVE,1,1,True,False,gravity,,antigravity.py,Do not use as PhysEditWorld selected 50h root.
/home/nvme03/SZQ-WAM/miniconda3/pkgs/python-3.13.13-hb7b561f_100_cp313/lib/python3.13/antigravity.py,REJECT_LIKELY_FALSE_POSITIVE,1,1,True,False,gravity,,antigravity.py,Do not use as PhysEditWorld selected 50h root.
/home/nvme03/envs/worldmodel_phys/lib/python3.10/antigravity.py,REJECT_LIKELY_FALSE_POSITIVE,1,1,True,False,gravity,,antigravity.py,Do not use as PhysEditWorld selected 50h root.
/home/nvme03/qianyupeng/miniconda3/envs/memoryvla/lib/python3.10/antigravity.py,REJECT_LIKELY_FALSE_POSITIVE,1,1,True,False,gravity,,antigravity.py,Do not use as PhysEditWorld selected 50h root.
/home/nvme03/qianyupeng/miniconda3/envs/mikasa/lib/python3.10/antigravity.py,REJECT_LIKELY_FALSE_POSITIVE,1,1,True,False,gravity,,antigravity.py,Do not use as PhysEditWorld selected 50h root.
/home/nvme03/qianyupeng/miniconda3/lib/python3.13/antigravity.py,REJECT_LIKELY_FALSE_POSITIVE,1,1,True,False,gravity,,antigravity.py,Do not use as PhysEditWorld selected 50h root.
/home/nvme03/qianyupeng/miniconda3/pkgs/python-3.10.20-h741d88c_0/lib/python3.10/antigravity.py,REJECT_LIKELY_FALSE_POSITIVE,1,1,True,False,gravity,,antigravity.py,Do not use as PhysEditWorld selected 50h root.
/home/nvme03/qianyupeng/miniconda3/pkgs/python-3.13.12-hb7b561f_100_cp313/lib/python3.13/antigravity.py,REJECT_LIKELY_FALSE_POSITIVE,1,1,True,False,gravity,,antigravity.py,Do not use as PhysEditWorld selected 50h root.
/home/nvme03/workspace/world_model_phys/.conda_envs/phys-main/include/libavutil/replaygain.h,REJECT_LIKELY_FALSE_POSITIVE,0,1,True,False,replay,,.conda_envs,Do not use as PhysEditWorld selected 50h root.
/home/nvme04/chenzhihong/habitat-sim/src/tests/GfxReplayTest.cpp,REJECT_LIKELY_FALSE_POSITIVE,0,1,True,False,replay,,/tests/,Do not use as PhysEditWorld selected 50h root.
/home/nvme04/hezekai/habitat-sim.bak/src/tests/GfxReplayTest.cpp,REJECT_LIKELY_FALSE_POSITIVE,0,1,True,False,replay,,/tests/,Do not use as PhysEditWorld selected 50h root.
/home/nvme04/hezekai/habitat-sim/src/tests/GfxReplayTest.cpp,REJECT_LIKELY_FALSE_POSITIVE,0,1,True,False,replay,,/tests/,Do not use as PhysEditWorld selected 50h root.
/home/nvme04/workspace/world_model_phys/PHYS/world_model_phys/docs/physeditworld_50h_current_status.md,REJECT_LIKELY_FALSE_POSITIVE,-1,1,True,False,,,"/world_model_phys/PHYS/world_model_phys/,/docs/",Do not use as PhysEditWorld selected 50h root.
/home/nvme03/SZQ-WAM/repos/FastWAM/scripts/preprocess_action_dit_backbone.py,REJECT_LIKELY_FALSE_POSITIVE,-2,1,True,False,action,,/scripts/,Do not use as PhysEditWorld selected 50h root.
/home/nvme03/workspace/lingbot-world/.conda_envs/lingbot-world-v2/lib/python3.10/fractions.py,REJECT_LIKELY_FALSE_POSITIVE,-2,1,True,False,action,,.conda_envs,Do not use as PhysEditWorld selected 50h root.
/home/nvme03/workspace/lingbot-world/.conda_envs/lingbot-world/lib/python3.10/fractions.py,REJECT_LIKELY_FALSE_POSITIVE,-2,1,True,False,action,,.conda_envs,Do not use as PhysEditWorld selected 50h root.
/home/nvme03/workspace/lingbot-world/physinone_lingbot_inputs_20260507/BalloonTether__bg177__2cKZEx,REJECT_LIKELY_FALSE_POSITIVE,-2,1,True,True,"action,camera,intrinsics",/home/nvme03/workspace/lingbot-world/physinone_lingbot_inputs_20260507/BalloonTether__bg177__2cKZEx/action.npy;/home/nvme03/workspace/lingbot-world/physinone_lingbot_inputs_20260507/BalloonTether__bg177__2cKZEx/poses.npy;/home/nvme03/workspace/lingbot-world/physinone_lingbot_inputs_20260507/BalloonTether__bg177__2cKZEx/scene_trajectory.json;/home/nvme03/workspace/lingbot-world/physinone_lingbot_inputs_20260507/BalloonTether__bg177__2cKZEx/intrinsics.npy,"physinone,lingbot_inputs",Do not use as PhysEditWorld selected 50h root.
/home/nvme03/workspace/lingbot-world/physinone_lingbot_inputs_20260507/CatapultLaunch__bg189__JJT3If,REJECT_LIKELY_FALSE_POSITIVE,-2,1,True,True,"action,camera,intrinsics",/home/nvme03/workspace/lingbot-world/physinone_lingbot_inputs_20260507/CatapultLaunch__bg189__JJT3If/action.npy;/home/nvme03/workspace/lingbot-world/physinone_lingbot_inputs_20260507/CatapultLaunch__bg189__JJT3If/poses.npy;/home/nvme03/workspace/lingbot-world/physinone_lingbot_inputs_20260507/CatapultLaunch__bg189__JJT3If/scene_trajectory.json;/home/nvme03/workspace/lingbot-world/physinone_lingbot_inputs_20260507/CatapultLaunch__bg189__JJT3If/intrinsics.npy,"physinone,lingbot_inputs",Do not use as PhysEditWorld selected 50h root.
/home/nvme03/workspace/lingbot-world/physinone_lingbot_inputs_20260507/SeesawCenterPivot_SeesawOffsetPivot__bg169__WjpUdk,REJECT_LIKELY_FALSE_POSITIVE,-2,1,True,True,"action,camera,intrinsics",/home/nvme03/workspace/lingbot-world/physinone_lingbot_inputs_20260507/SeesawCenterPivot_SeesawOffsetPivot__bg169__WjpUdk/action.npy;/home/nvme03/workspace/lingbot-world/physinone_lingbot_inputs_20260507/SeesawCenterPivot_SeesawOffsetPivot__bg169__WjpUdk/poses.npy;/home/nvme03/workspace/lingbot-world/physinone_lingbot_inputs_20260507/SeesawCenterPivot_SeesawOffsetPivot__bg169__WjpUdk/scene_trajectory.json;/home/nvme03/workspace/lingbot-world/physinone_lingbot_inputs_20260507/SeesawCenterPivot_SeesawOffsetPivot__bg169__WjpUdk/intrinsics.npy,"physinone,lingbot_inputs",Do not use as PhysEditWorld selected 50h root.
/home/nvme03/workspace/lingbot-world/physion_lingbot_inputs_camera_support_probe_20260515/collision_00012_collision_lookaway_up_reobserve_seed19000,REJECT_LIKELY_FALSE_POSITIVE,-2,1,True,True,"action,camera,intrinsics",/home/nvme03/workspace/lingbot-world/physion_lingbot_inputs_camera_support_probe_20260515/collision_00012_collision_lookaway_up_reobserve_seed19000/action.npy;/home/nvme03/workspace/lingbot-world/physion_lingbot_inputs_camera_support_probe_20260515/collision_00012_collision_lookaway_up_reobserve_seed19000/poses.npy;/home/nvme03/workspace/lingbot-world/physion_lingbot_inputs_camera_support_probe_20260515/collision_00012_collision_lookaway_up_reobserve_seed19000/prompt.txt;/home/nvme03/workspace/lingbot-world/physion_lingbot_inputs_camera_support_probe_20260515/collision_00012_collision_lookaway_up_reobserve_seed19000/image.jpg;/home/nvme03/workspace/lingbot-world/physion_lingbot_inputs_camera_support_probe_20260515/collision_00012_collision_lookaway_up_reobserve_seed19000/metadata.json;/home/nvme03/workspace/lingbot-world/physion_lingbot_inputs_camera_support_probe_20260515/collision_00012_collision_lookaway_up_reobserve_seed19000/intrinsics.npy,"physion,lingbot_inputs",Do not use as PhysEditWorld selected 50h root.
/home/nvme03/workspace/lingbot-world/physion_lingbot_inputs_camera_support_probe_20260515/collision_00014_collision_offscreen_z_reobserve_seed19000,REJECT_LIKELY_FALSE_POSITIVE,-2,1,True,True,"action,camera,intrinsics",/home/nvme03/workspace/lingbot-world/physion_lingbot_inputs_camera_support_probe_20260515/collision_00014_collision_offscreen_z_reobserve_seed19000/action.npy;/home/nvme03/workspace/lingbot-world/physion_lingbot_inputs_camera_support_probe_20260515/collision_00014_collision_offscreen_z_reobserve_seed19000/poses.npy;/home/nvme03/workspace/lingbot-world/physion_lingbot_inputs_camera_support_probe_20260515/collision_00014_collision_offscreen_z_reobserve_seed19000/prompt.txt;/home/nvme03/workspace/lingbot-world/physion_lingbot_inputs_camera_support_probe_20260515/collision_00014_collision_offscreen_z_reobserve_seed19000/image.jpg;/home/nvme03/workspace/lingbot-world/physion_lingbot_inputs_camera_support_probe_20260515/collision_00014_collision_offscreen_z_reobserve_seed19000/metadata.json;/home/nvme03/workspace/lingbot-world/physion_lingbot_inputs_camera_support_probe_20260515/collision_00014_collision_offscreen_z_reobserve_seed19000/intrinsics.npy,"physion,lingbot_inputs",Do not use as PhysEditWorld selected 50h root.
/home/nvme03/workspace/lingbot-world/physion_lingbot_inputs_camera_support_probe_20260515/drop_00003_drop_lookaway_up_reobserve_seed19001,REJECT_LIKELY_FALSE_POSITIVE,-2,1,True,True,"action,camera,intrinsics",/home/nvme03/workspace/lingbot-world/physion_lingbot_inputs_camera_support_probe_20260515/drop_00003_drop_lookaway_up_reobserve_seed19001/action.npy;/home/nvme03/workspace/lingbot-world/physion_lingbot_inputs_camera_support_probe_20260515/drop_00003_drop_lookaway_up_reobserve_seed19001/poses.npy;/home/nvme03/workspace/lingbot-world/physion_lingbot_inputs_camera_support_probe_20260515/drop_00003_drop_lookaway_up_reobserve_seed19001/prompt.txt;/home/nvme03/workspace/lingbot-world/physion_lingbot_inputs_camera_support_probe_20260515/drop_00003_drop_lookaway_up_reobserve_seed19001/image.jpg;/home/nvme03/workspace/lingbot-world/physion_lingbot_inputs_camera_support_probe_20260515/drop_00003_drop_lookaway_up_reobserve_seed19001/metadata.json;/home/nvme03/workspace/lingbot-world/physion_lingbot_inputs_camera_support_probe_20260515/drop_00003_drop_lookaway_up_reobserve_seed19001/intrinsics.npy,"physion,lingbot_inputs",Do not use as PhysEditWorld selected 50h root.
/home/nvme03/workspace/lingbot-world/physion_lingbot_inputs_camera_support_probe_20260515/drop_00004_drop_offscreen_z_reobserve_seed19001,REJECT_LIKELY_FALSE_POSITIVE,-2,1,True,True,"action,camera,intrinsics",/home/nvme03/workspace/lingbot-world/physion_lingbot_inputs_camera_support_probe_20260515/drop_00004_drop_offscreen_z_reobserve_seed19001/action.npy;/home/nvme03/workspace/lingbot-world/physion_lingbot_inputs_camera_support_probe_20260515/drop_00004_drop_offscreen_z_reobserve_seed19001/poses.npy;/home/nvme03/workspace/lingbot-world/physion_lingbot_inputs_camera_support_probe_20260515/drop_00004_drop_offscreen_z_reobserve_seed19001/prompt.txt;/home/nvme03/workspace/lingbot-world/physion_lingbot_inputs_camera_support_probe_20260515/drop_00004_drop_offscreen_z_reobserve_seed19001/image.jpg;/home/nvme03/workspace/lingbot-world/physion_lingbot_inputs_camera_support_probe_20260515/drop_00004_drop_offscreen_z_reobserve_seed19001/metadata.json;/home/nvme03/workspace/lingbot-world/physion_lingbot_inputs_camera_support_probe_20260515/drop_00004_drop_offscreen_z_reobserve_seed19001/intrinsics.npy,"physion,lingbot_inputs",Do not use as PhysEditWorld selected 50h root.
/home/nvme03/workspace/lingbot-world/physion_lingbot_inputs_dpo_gate_20260517/00003_drop_lookaway_up_reobserve_seed19001,REJECT_LIKELY_FALSE_POSITIVE,-2,1,True,True,"action,camera,intrinsics",/home/nvme03/workspace/lingbot-world/physion_lingbot_inputs_dpo_gate_20260517/00003_drop_lookaway_up_reobserve_seed19001/action.npy;/home/nvme03/workspace/lingbot-world/physion_lingbot_inputs_dpo_gate_20260517/00003_drop_lookaway_up_reobserve_seed19001/poses.npy;/home/nvme03/workspace/lingbot-world/physion_lingbot_inputs_dpo_gate_20260517/00003_drop_lookaway_up_reobserve_seed19001/intrinsics.npy,"physion,lingbot_inputs",Do not use as PhysEditWorld selected 50h root.
/home/nvme03/workspace/lingbot-world/physion_lingbot_inputs_dpo_gate_20260517/00004_drop_offscreen_z_reobserve_seed19001,REJECT_LIKELY_FALSE_POSITIVE,-2,1,True,True,"action,camera,intrinsics",/home/nvme03/workspace/lingbot-world/physion_lingbot_inputs_dpo_gate_20260517/00004_drop_offscreen_z_reobserve_seed19001/action.npy;/home/nvme03/workspace/lingbot-world/physion_lingbot_inputs_dpo_gate_20260517/00004_drop_offscreen_z_reobserve_seed19001/poses.npy;/home/nvme03/workspace/lingbot-world/physion_lingbot_inputs_dpo_gate_20260517/00004_drop_offscreen_z_reobserve_seed19001/intrinsics.npy,"physion,lingbot_inputs",Do not use as PhysEditWorld selected 50h root.
/home/nvme03/workspace/lingbot-world/physion_lingbot_inputs_dpo_gate_20260517/00021_collision_offscreen_x_reobserve_seed19002,REJECT_LIKELY_FALSE_POSITIVE,-2,1,True,True,"action,camera,intrinsics",/home/nvme03/workspace/lingbot-world/physion_lingbot_inputs_dpo_gate_20260517/00021_collision_offscreen_x_reobserve_seed19002/action.npy;/home/nvme03/workspace/lingbot-world/physion_lingbot_inputs_dpo_gate_20260517/00021_collision_offscreen_x_reobserve_seed19002/poses.npy;/home/nvme03/workspace/lingbot-world/physion_lingbot_inputs_dpo_gate_20260517/00021_collision_offscreen_x_reobserve_seed19002/intrinsics.npy,"physion,lingbot_inputs",Do not use as PhysEditWorld selected 50h root.
/home/nvme03/workspace/lingbot-world/physion_lingbot_inputs_dpo_gate_20260517/00032_roll_offscreen_z_reobserve_seed19001,REJECT_LIKELY_FALSE_POSITIVE,-2,1,True,True,"action,camera,intrinsics",/home/nvme03/workspace/lingbot-world/physion_lingbot_inputs_dpo_gate_20260517/00032_roll_offscreen_z_reobserve_seed19001/action.npy;/home/nvme03/workspace/lingbot-world/physion_lingbot_inputs_dpo_gate_20260517/00032_roll_offscreen_z_reobserve_seed19001/poses.npy;/home/nvme03/workspace/lingbot-world/physion_lingbot_inputs_dpo_gate_20260517/00032_roll_offscreen_z_reobserve_seed19001/intrinsics.npy,"physion,lingbot_inputs",Do not use as PhysEditWorld selected 50h root.
/home/nvme03/workspace/lingbot-world/physion_lingbot_inputs_native832_object_anchor_prompt_20260512/native832_drop_pose1_object_anchor_prompt,REJECT_LIKELY_FALSE_POSITIVE,-2,1,True,True,"action,camera,intrinsics",/home/nvme03/workspace/lingbot-world/physion_lingbot_inputs_native832_object_anchor_prompt_20260512/native832_drop_pose1_object_anchor_prompt/action.npy;/home/nvme03/workspace/lingbot-world/physion_lingbot_inputs_native832_object_anchor_prompt_20260512/native832_drop_pose1_object_anchor_prompt/poses.npy;/home/nvme03/workspace/lingbot-world/physion_lingbot_inputs_native832_object_anchor_prompt_20260512/native832_drop_pose1_object_anchor_prompt/prompt.txt;/home/nvme03/workspace/lingbot-world/physion_lingbot_inputs_native832_object_anchor_prompt_20260512/native832_drop_pose1_object_anchor_prompt/image.jpg;/home/nvme03/workspace/lingbot-world/physion_lingbot_inputs_native832_object_anchor_prompt_20260512/native832_drop_pose1_object_anchor_prompt/metadata.json;/home/nvme03/workspace/lingbot-world/physion_lingbot_inputs_native832_object_anchor_prompt_20260512/native832_drop_pose1_object_anchor_prompt/intrinsics.npy,"physion,lingbot_inputs",Do not use as PhysEditWorld selected 50h root.
/home/nvme03/workspace/lingbot-world/physion_lingbot_inputs_native832_physics_k4_20260512/native832_drop_pose1_physics_prompt,REJECT_LIKELY_FALSE_POSITIVE,-2,1,True,True,"action,camera,intrinsics",/home/nvme03/workspace/lingbot-world/physion_lingbot_inputs_native832_physics_k4_20260512/native832_drop_pose1_physics_prompt/action.npy;/home/nvme03/workspace/lingbot-world/physion_lingbot_inputs_native832_physics_k4_20260512/native832_drop_pose1_physics_prompt/poses.npy;/home/nvme03/workspace/lingbot-world/physion_lingbot_inputs_native832_physics_k4_20260512/native832_drop_pose1_physics_prompt/prompt.txt;/home/nvme03/workspace/lingbot-world/physion_lingbot_inputs_native832_physics_k4_20260512/native832_drop_pose1_physics_prompt/image.jpg;/home/nvme03/workspace/lingbot-world/physion_lingbot_inputs_native832_physics_k4_20260512/native832_drop_pose1_physics_prompt/metadata.json;/home/nvme03/workspace/lingbot-world/physion_lingbot_inputs_native832_physics_k4_20260512/native832_drop_pose1_physics_prompt/intrinsics.npy,"physion,lingbot_inputs",Do not use as PhysEditWorld selected 50h root.
/home/nvme03/workspace/lingbot-world/physion_lingbot_inputs_native832_probe_20260511/native832_drop_lookaway_up_reobserve,REJECT_LIKELY_FALSE_POSITIVE,-2,1,True,True,"action,camera,intrinsics",/home/nvme03/workspace/lingbot-world/physion_lingbot_inputs_native832_probe_20260511/native832_drop_lookaway_up_reobserve/action.npy;/home/nvme03/workspace/lingbot-world/physion_lingbot_inputs_native832_probe_20260511/native832_drop_lookaway_up_reobserve/poses.npy;/home/nvme03/workspace/lingbot-world/physion_lingbot_inputs_native832_probe_20260511/native832_drop_lookaway_up_reobserve/intrinsics.npy,"physion,lingbot_inputs",Do not use as PhysEditWorld selected 50h root.
/home/nvme03/workspace/lingbot-world/physion_lingbot_inputs_native832_scene_prompt_20260512/native832_drop_pose1_scene_prompt,REJECT_LIKELY_FALSE_POSITIVE,-2,1,True,True,"action,camera,intrinsics",/home/nvme03/workspace/lingbot-world/physion_lingbot_inputs_native832_scene_prompt_20260512/native832_drop_pose1_scene_prompt/action.npy;/home/nvme03/workspace/lingbot-world/physion_lingbot_inputs_native832_scene_prompt_20260512/native832_drop_pose1_scene_prompt/poses.npy;/home/nvme03/workspace/lingbot-world/physion_lingbot_inputs_native832_scene_prompt_20260512/native832_drop_pose1_scene_prompt/prompt.txt;/home/nvme03/workspace/lingbot-world/physion_lingbot_inputs_native832_scene_prompt_20260512/native832_drop_pose1_scene_prompt/image.jpg;/home/nvme03/workspace/lingbot-world/physion_lingbot_inputs_native832_scene_prompt_20260512/native832_drop_pose1_scene_prompt/metadata.json;/home/nvme03/workspace/lingbot-world/physion_lingbot_inputs_native832_scene_prompt_20260512/native832_drop_pose1_scene_prompt/intrinsics.npy,"physion,lingbot_inputs",Do not use as PhysEditWorld selected 50h root.
/home/nvme03/workspace/lingbot-world/physion_lingbot_inputs_native832_scene_specific_prompt_20260512/native832_drop_pose1_scene_specific_prompt,REJECT_LIKELY_FALSE_POSITIVE,-2,1,True,True,"action,camera,intrinsics",/home/nvme03/workspace/lingbot-world/physion_lingbot_inputs_native832_scene_specific_prompt_20260512/native832_drop_pose1_scene_specific_prompt/action.npy;/home/nvme03/workspace/lingbot-world/physion_lingbot_inputs_native832_scene_specific_prompt_20260512/native832_drop_pose1_scene_specific_prompt/poses.npy;/home/nvme03/workspace/lingbot-world/physion_lingbot_inputs_native832_scene_specific_prompt_20260512/native832_drop_pose1_scene_specific_prompt/prompt.txt;/home/nvme03/workspace/lingbot-world/physion_lingbot_inputs_native832_scene_specific_prompt_20260512/native832_drop_pose1_scene_specific_prompt/image.jpg;/home/nvme03/workspace/lingbot-world/physion_lingbot_inputs_native832_scene_specific_prompt_20260512/native832_drop_pose1_scene_specific_prompt/metadata.json;/home/nvme03/workspace/lingbot-world/physion_lingbot_inputs_native832_scene_specific_prompt_20260512/native832_drop_pose1_scene_specific_prompt/intrinsics.npy,"physion,lingbot_inputs",Do not use as PhysEditWorld selected 50h root.
/home/nvme03/workspace/lingbot-world/physion_lingbot_inputs_prompt_ablation_20260519/00003_drop_lookaway_prompt_ablation_base,REJECT_LIKELY_FALSE_POSITIVE,-2,1,True,True,"action,camera,intrinsics",/home/nvme03/workspace/lingbot-world/physion_lingbot_inputs_prompt_ablation_20260519/00003_drop_lookaway_prompt_ablation_base/action.npy;/home/nvme03/workspace/lingbot-world/physion_lingbot_inputs_prompt_ablation_20260519/00003_drop_lookaway_prompt_ablation_base/poses.npy;/home/nvme03/workspace/lingbot-world/physion_lingbot_inputs_prompt_ablation_20260519/00003_drop_lookaway_prompt_ablation_base/intrinsics.npy,"physion,lingbot_inputs",Do not use as PhysEditWorld selected 50h root.
/home/nvme03/workspace/lingbot-world/physion_lingbot_inputs_returnfixed_probe8_20260513/collision_00000_collision_relative_yaw_180_reobserve_seed10000,REJECT_LIKELY_FALSE_POSITIVE,-2,1,True,True,"action,camera,intrinsics",/home/nvme03/workspace/lingbot-world/physion_lingbot_inputs_returnfixed_probe8_20260513/collision_00000_collision_relative_yaw_180_reobserve_seed10000/action.npy;/home/nvme03/workspace/lingbot-world/physion_lingbot_inputs_returnfixed_probe8_20260513/collision_00000_collision_relative_yaw_180_reobserve_seed10000/poses.npy;/home/nvme03/workspace/lingbot-world/physion_lingbot_inputs_returnfixed_probe8_20260513/collision_00000_collision_relative_yaw_180_reobserve_seed10000/intrinsics.npy,"physion,lingbot_inputs",Do not use as PhysEditWorld selected 50h root.
/home/nvme03/workspace/lingbot-world/physion_lingbot_inputs_returnfixed_probe8_20260513/collision_00001_collision_relative_yaw_180_reobserve_seed10001,REJECT_LIKELY_FALSE_POSITIVE,-2,1,True,True,"action,camera,intrinsics",/home/nvme03/workspace/lingbot-world/physion_lingbot_inputs_returnfixed_probe8_20260513/collision_00001_collision_relative_yaw_180_reobserve_seed10001/action.npy;/home/nvme03/workspace/lingbot-world/physion_lingbot_inputs_returnfixed_probe8_20260513/collision_00001_collision_relative_yaw_180_reobserve_seed10001/poses.npy;/home/nvme03/workspace/lingbot-world/physion_lingbot_inputs_returnfixed_probe8_20260513/collision_00001_collision_relative_yaw_180_reobserve_seed10001/intrinsics.npy,"physion,lingbot_inputs",Do not use as PhysEditWorld selected 50h root.
/home/nvme03/workspace/lingbot-world/physion_lingbot_inputs_returnfixed_probe8_20260513/containment_00000_containment_relative_yaw_180_reobserve_seed10000,REJECT_LIKELY_FALSE_POSITIVE,-2,1,True,True,"action,camera,intrinsics",/home/nvme03/workspace/lingbot-world/physion_lingbot_inputs_returnfixed_probe8_20260513/containment_00000_containment_relative_yaw_180_reobserve_seed10000/action.npy;/home/nvme03/workspace/lingbot-world/physion_lingbot_inputs_returnfixed_probe8_20260513/containment_00000_containment_relative_yaw_180_reobserve_seed10000/poses.npy;/home/nvme03/workspace/lingbot-world/physion_lingbot_inputs_returnfixed_probe8_20260513/containment_00000_containment_relative_yaw_180_reobserve_seed10000/intrinsics.npy,"physion,lingbot_inputs",Do not use as PhysEditWorld selected 50h root.
/home/nvme03/workspace/lingbot-world/physion_lingbot_inputs_returnfixed_probe8_20260513/containment_00001_containment_relative_yaw_180_reobserve_seed10001,REJECT_LIKELY_FALSE_POSITIVE,-2,1,True,True,"action,camera,intrinsics",/home/nvme03/workspace/lingbot-world/physion_lingbot_inputs_returnfixed_probe8_20260513/containment_00001_containment_relative_yaw_180_reobserve_seed10001/action.npy;/home/nvme03/workspace/lingbot-world/physion_lingbot_inputs_returnfixed_probe8_20260513/containment_00001_containment_relative_yaw_180_reobserve_seed10001/poses.npy;/home/nvme03/workspace/lingbot-world/physion_lingbot_inputs_returnfixed_probe8_20260513/containment_00001_containment_relative_yaw_180_reobserve_seed10001/intrinsics.npy,"physion,lingbot_inputs",Do not use as PhysEditWorld selected 50h root.
/home/nvme03/workspace/lingbot-world/physion_lingbot_inputs_returnfixed_probe8_20260513/drop_00000_drop_relative_yaw_180_reobserve_seed10000,REJECT_LIKELY_FALSE_POSITIVE,-2,1,True,True,"action,camera,intrinsics",/home/nvme03/workspace/lingbot-world/physion_lingbot_inputs_returnfixed_probe8_20260513/drop_00000_drop_relative_yaw_180_reobserve_seed10000/action.npy;/home/nvme03/workspace/lingbot-world/physion_lingbot_inputs_returnfixed_probe8_20260513/drop_00000_drop_relative_yaw_180_reobserve_seed10000/poses.npy;/home/nvme03/workspace/lingbot-world/physion_lingbot_inputs_returnfixed_probe8_20260513/drop_00000_drop_relative_yaw_180_reobserve_seed10000/intrinsics.npy,"physion,lingbot_inputs",Do not use as PhysEditWorld selected 50h root.
/home/nvme03/workspace/lingbot-world/physion_lingbot_inputs_returnfixed_probe8_20260513/drop_00001_drop_relative_yaw_180_reobserve_seed10001,REJECT_LIKELY_FALSE_POSITIVE,-2,1,True,True,"action,camera,intrinsics",/home/nvme03/workspace/lingbot-world/physion_lingbot_inputs_returnfixed_probe8_20260513/drop_00001_drop_relative_yaw_180_reobserve_seed10001/action.npy;/home/nvme03/workspace/lingbot-world/physion_lingbot_inputs_returnfixed_probe8_20260513/drop_00001_drop_relative_yaw_180_reobserve_seed10001/poses.npy;/home/nvme03/workspace/lingbot-world/physion_lingbot_inputs_returnfixed_probe8_20260513/drop_00001_drop_relative_yaw_180_reobserve_seed10001/intrinsics.npy,"physion,lingbot_inputs",Do not use as PhysEditWorld selected 50h root.
/home/nvme03/workspace/lingbot-world/physion_lingbot_inputs_returnfixed_probe8_20260513/roll_00000_roll_relative_yaw_180_reobserve_seed10000,REJECT_LIKELY_FALSE_POSITIVE,-2,1,True,True,"action,camera,intrinsics",/home/nvme03/workspace/lingbot-world/physion_lingbot_inputs_returnfixed_probe8_20260513/roll_00000_roll_relative_yaw_180_reobserve_seed10000/action.npy;/home/nvme03/workspace/lingbot-world/physion_lingbot_inputs_returnfixed_probe8_20260513/roll_00000_roll_relative_yaw_180_reobserve_seed10000/poses.npy;/home/nvme03/workspace/lingbot-world/physion_lingbot_inputs_returnfixed_probe8_20260513/roll_00000_roll_relative_yaw_180_reobserve_seed10000/intrinsics.npy,"physion,lingbot_inputs",Do not use as PhysEditWorld selected 50h root.
/home/nvme03/workspace/lingbot-world/physion_lingbot_inputs_returnfixed_probe8_20260513/roll_00001_roll_relative_yaw_180_reobserve_seed10001,REJECT_LIKELY_FALSE_POSITIVE,-2,1,True,True,"action,camera,intrinsics",/home/nvme03/workspace/lingbot-world/physion_lingbot_inputs_returnfixed_probe8_20260513/roll_00001_roll_relative_yaw_180_reobserve_seed10001/action.npy;/home/nvme03/workspace/lingbot-world/physion_lingbot_inputs_returnfixed_probe8_20260513/roll_00001_roll_relative_yaw_180_reobserve_seed10001/poses.npy;/home/nvme03/workspace/lingbot-world/physion_lingbot_inputs_returnfixed_probe8_20260513/roll_00001_roll_relative_yaw_180_reobserve_seed10001/intrinsics.npy,"physion,lingbot_inputs",Do not use as PhysEditWorld selected 50h root.
/home/nvme03/workspace/world_model_phys/.conda_envs/phys-main/include/gmock/gmock-actions.h,REJECT_LIKELY_FALSE_POSITIVE,-2,1,True,False,action,,.conda_envs,Do not use as PhysEditWorld selected 50h root.
/home/nvme03/workspace/world_model_phys/.conda_envs/phys-main/include/gmock/gmock-more-actions.h,REJECT_LIKELY_FALSE_POSITIVE,-2,1,True,False,action,,.conda_envs,Do not use as PhysEditWorld selected 50h root.
/home/nvme03/workspace/world_model_phys/.conda_envs/phys-main/include/wayland-protocols/fractional-scale-v1-enum.h,REJECT_LIKELY_FALSE_POSITIVE,-2,1,True,False,action,,.conda_envs,Do not use as PhysEditWorld selected 50h root.
/home/nvme03/workspace/world_model_phys/.conda_envs/phys-main/lib/python3.10/fractions.py,REJECT_LIKELY_FALSE_POSITIVE,-2,1,True,False,action,,.conda_envs,Do not use as PhysEditWorld selected 50h root.
/home/nvme03/workspace/world_model_phys/.conda_envs/phys-videophy/lib/python3.10/fractions.py,REJECT_LIKELY_FALSE_POSITIVE,-2,1,True,False,action,,.conda_envs,Do not use as PhysEditWorld selected 50h root.
/home/nvme03/workspace/world_model_phys/code/finetune_v3/lingbot-csgo-finetune/eval_action_control.py,REJECT_LIKELY_FALSE_POSITIVE,-2,1,True,False,action,,csgo,Do not use as PhysEditWorld selected 50h root.
/home/nvme03/workspace/world_model_phys/code/finetune_v3/lingbot-csgo-finetune/run_eval_action_control.sh,REJECT_LIKELY_FALSE_POSITIVE,-2,1,True,False,action,,csgo,Do not use as PhysEditWorld selected 50h root.
/home/nvme03/workspace/world_model_phys/external/sam2/training/scripts/sav_frame_extraction_submitit.py,REJECT_LIKELY_FALSE_POSITIVE,-2,1,True,False,action,,/scripts/,Do not use as PhysEditWorld selected 50h root.
/home/nvme04/WM_datacollector/mjlab/docs/source/actions.rst,REJECT_LIKELY_FALSE_POSITIVE,-2,1,True,False,action,,/docs/,Do not use as PhysEditWorld selected 50h root.
/home/nvme04/WM_datacollector/mjlab/tests/test_action_manager.py,REJECT_LIKELY_FALSE_POSITIVE,-2,1,True,False,action,,/tests/,Do not use as PhysEditWorld selected 50h root.
/home/nvme04/WM_datacollector/mjlab/tests/test_actions.py,REJECT_LIKELY_FALSE_POSITIVE,-2,1,True,False,action,,/tests/,Do not use as PhysEditWorld selected 50h root.
/home/nvme04/WM_datacollector/mjlab/tests/test_differential_ik_action.py,REJECT_LIKELY_FALSE_POSITIVE,-2,1,True,False,action,,/tests/,Do not use as PhysEditWorld selected 50h root.
/home/nvme04/WM_datacollector/mjlab/tests/test_native_viewer_actions.py,REJECT_LIKELY_FALSE_POSITIVE,-2,1,True,False,action,,/tests/,Do not use as PhysEditWorld selected 50h root.
/home/nvme04/chenzhihong/habitat-sim/build/lib.linux-x86_64-cpython-38/tests/test_data_extraction.py,REJECT_LIKELY_FALSE_POSITIVE,-2,1,True,False,action,,/tests/,Do not use as PhysEditWorld selected 50h root.
/home/nvme04/chenzhihong/habitat-sim/docs/pages/images/managed-rigid-object-tutorial-images/kinematic_interactions.gif,REJECT_LIKELY_FALSE_POSITIVE,-2,1,True,False,action,,/docs/,Do not use as PhysEditWorld selected 50h root.
/home/nvme04/chenzhihong/habitat-sim/docs/pages/new-actions.rst,REJECT_LIKELY_FALSE_POSITIVE,-2,1,True,False,action,,/docs/,Do not use as PhysEditWorld selected 50h root.
/home/nvme04/chenzhihong/habitat-sim/tests/test_data_extraction.py,REJECT_LIKELY_FALSE_POSITIVE,-2,1,True,False,action,,/tests/,Do not use as PhysEditWorld selected 50h root.
/home/nvme04/hezekai/habitat-sim.bak/build/lib.linux-x86_64-cpython-38/tests/test_data_extraction.py,REJECT_LIKELY_FALSE_POSITIVE,-2,1,True,False,action,,/tests/,Do not use as PhysEditWorld selected 50h root.
/home/nvme04/hezekai/habitat-sim.bak/docs/pages/images/managed-rigid-object-tutorial-images/kinematic_interactions.gif,REJECT_LIKELY_FALSE_POSITIVE,-2,1,True,False,action,,/docs/,Do not use as PhysEditWorld selected 50h root.
/home/nvme04/hezekai/habitat-sim.bak/docs/pages/new-actions.rst,REJECT_LIKELY_FALSE_POSITIVE,-2,1,True,False,action,,/docs/,Do not use as PhysEditWorld selected 50h root.
/home/nvme04/hezekai/habitat-sim.bak/tests/test_data_extraction.py,REJECT_LIKELY_FALSE_POSITIVE,-2,1,True,False,action,,/tests/,Do not use as PhysEditWorld selected 50h root.
/home/nvme04/hezekai/habitat-sim/build/lib.linux-x86_64-cpython-313/tests/test_data_extraction.py,REJECT_LIKELY_FALSE_POSITIVE,-2,1,True,False,action,,/tests/,Do not use as PhysEditWorld selected 50h root.
/home/nvme04/hezekai/habitat-sim/docs/pages/images/managed-rigid-object-tutorial-images/kinematic_interactions.gif,REJECT_LIKELY_FALSE_POSITIVE,-2,1,True,False,action,,/docs/,Do not use as PhysEditWorld selected 50h root.
/home/nvme04/hezekai/habitat-sim/docs/pages/new-actions.rst,REJECT_LIKELY_FALSE_POSITIVE,-2,1,True,False,action,,/docs/,Do not use as PhysEditWorld selected 50h root.
/home/nvme04/hezekai/habitat-sim/tests/test_data_extraction.py,REJECT_LIKELY_FALSE_POSITIVE,-2,1,True,False,action,,/tests/,Do not use as PhysEditWorld selected 50h root.
/home/nvme04/workspace/world_model_phys/PHYS/world_model_phys/eval_assets/finetune_code_eval_384/eval_action_control.py,REJECT_LIKELY_FALSE_POSITIVE,-2,1,True,False,action,,/world_model_phys/PHYS/world_model_phys/,Do not use as PhysEditWorld selected 50h root.
/home/nvme04/workspace/world_model_phys/PHYS/world_model_phys/eval_assets/finetune_code_eval_384/run_eval_action_control.sh,REJECT_LIKELY_FALSE_POSITIVE,-2,1,True,False,action,,/world_model_phys/PHYS/world_model_phys/,Do not use as PhysEditWorld selected 50h root.
/home/nvme04/workspace/world_model_phys/PHYS/world_model_phys_1pair_overfit_miniloop_work/docs/dit_action_modulation_probe_report.md,REJECT_LIKELY_FALSE_POSITIVE,-2,1,True,False,action,,/docs/,Do not use as PhysEditWorld selected 50h root.
/home/nvme04/workspace/world_model_phys/PHYS/world_model_phys_energy_forward_work/docs/dit_action_modulation_probe_report.md,REJECT_LIKELY_FALSE_POSITIVE,-2,1,True,False,action,,/docs/,Do not use as PhysEditWorld selected 50h root.
/home/nvme04/workspace/world_model_phys/PHYS/world_model_phys_fixed_noise_diagnostic_work/docs/dit_action_modulation_probe_report.md,REJECT_LIKELY_FALSE_POSITIVE,-2,1,True,False,action,,/docs/,Do not use as PhysEditWorld selected 50h root.
/home/nvme04/workspace/world_model_phys/PHYS/world_model_phys_fixed_noise_diagnostic_work/world_model_phys_tdw_generation_v2_prd_work/docs/dit_action_modulation_probe_report.md,REJECT_LIKELY_FALSE_POSITIVE,-2,1,True,False,action,,/docs/,Do not use as PhysEditWorld selected 50h root.
/home/nvme04/workspace/world_model_phys/PHYS/world_model_phys_gpu67_visible_motion_work/docs/dit_action_modulation_probe_report.md,REJECT_LIKELY_FALSE_POSITIVE,-2,1,True,False,action,,/docs/,Do not use as PhysEditWorld selected 50h root.
/home/nvme04/workspace/world_model_phys/PHYS/world_model_phys_lora_optimizer_step_work/docs/dit_action_modulation_probe_report.md,REJECT_LIKELY_FALSE_POSITIVE,-2,1,True,False,action,,/docs/,Do not use as PhysEditWorld selected 50h root.
/home/nvme04/workspace/world_model_phys/PHYS/world_model_phys_min_adapter_work/docs/dit_action_modulation_probe_report.md,REJECT_LIKELY_FALSE_POSITIVE,-2,1,True,False,action,,/docs/,Do not use as PhysEditWorld selected 50h root.
/home/nvme04/workspace/world_model_phys/PHYS/world_model_phys_template_diverse_run_work/docs/dit_action_modulation_probe_report.md,REJECT_LIKELY_FALSE_POSITIVE,-2,1,True,False,action,,/docs/,Do not use as PhysEditWorld selected 50h root.
/home/nvme04/workspace/world_model_phys/PHYS/world_model_phys_tiny_lora_work/docs/dit_action_modulation_probe_report.md,REJECT_LIKELY_FALSE_POSITIVE,-2,1,True,False,action,,/docs/,Do not use as PhysEditWorld selected 50h root.
/home/nvme04/workspace/world_model_phys/PHYS/world_model_phys_videogpa_encode_work/docs/dit_action_modulation_probe_report.md,REJECT_LIKELY_FALSE_POSITIVE,-2,1,True,False,action,,/docs/,Do not use as PhysEditWorld selected 50h root.
/home/nvme04/workspace/world_model_phys/PHYS/world_model_phys_visible_motion_v2_run_work/docs/dit_action_modulation_probe_report.md,REJECT_LIKELY_FALSE_POSITIVE,-2,1,True,False,action,,/docs/,Do not use as PhysEditWorld selected 50h root.
/home/nvme04/workspace/world_model_phys/PHYS/world_model_phys_visible_motion_work/docs/dit_action_modulation_probe_report.md,REJECT_LIKELY_FALSE_POSITIVE,-2,1,True,False,action,,/docs/,Do not use as PhysEditWorld selected 50h root.
/home/nvme03/workspace/lingbot-world/.conda_envs/lingbot-world-v2/lib/python3.10/antigravity.py,REJECT_LIKELY_FALSE_POSITIVE,-4,1,True,False,gravity,,".conda_envs,antigravity.py",Do not use as PhysEditWorld selected 50h root.
/home/nvme03/workspace/lingbot-world/.conda_envs/lingbot-world/lib/python3.10/antigravity.py,REJECT_LIKELY_FALSE_POSITIVE,-4,1,True,False,gravity,,".conda_envs,antigravity.py",Do not use as PhysEditWorld selected 50h root.
/home/nvme03/workspace/world_model_phys/.conda_envs/phys-main/lib/python3.10/antigravity.py,REJECT_LIKELY_FALSE_POSITIVE,-4,1,True,False,gravity,,".conda_envs,antigravity.py",Do not use as PhysEditWorld selected 50h root.
/home/nvme03/workspace/world_model_phys/.conda_envs/phys-videophy/lib/python3.10/antigravity.py,REJECT_LIKELY_FALSE_POSITIVE,-4,1,True,False,gravity,,".conda_envs,antigravity.py",Do not use as PhysEditWorld selected 50h root.
/home/nvme03/workspace/physion_moving_camera_mainline_20260505/.conda_envs/tdw-physion/lib/python3.10/fractions.py,REJECT_LIKELY_FALSE_POSITIVE,-5,1,True,False,"action,camera",,".conda_envs,physion",Do not use as PhysEditWorld selected 50h root.
/home/nvme03/workspace/physion_moving_camera_mainline_20260505/.conda_envs/tdw-physion/lib/python3.10/antigravity.py,REJECT_LIKELY_FALSE_POSITIVE,-7,1,True,False,"camera,gravity",,".conda_envs,physion,antigravity.py",Do not use as PhysEditWorld selected 50h root.
