category	path	resolved_target	exists	file_type	size_bytes	mtime	sha256_status	sha256	copy_recommendation	notes
weight_or_model_candidate	links/base_model	/home/nvme04/workspace/world_model_phys/PHYS/weight/Lingbot-base-cam	True	dir	4096	2026-04-27T03:51:27	PENDING_LARGE_OR_DIR		REVIEW_BEFORE_COPY	bounded search candidate; include only if required for PhysEditWorld restore
weight_or_model_candidate	links/lingbot_code	/home/nvme03/workspace/world_model_phys/code/lingbot-world	True	dir	4096	2026-04-11T05:38:50	PENDING_LARGE_OR_DIR		REVIEW_BEFORE_COPY	bounded search candidate; include only if required for PhysEditWorld restore
weight_or_model_candidate	links/stage1_epoch2	/home/nvme04/workspace/world_model_phys/PHYS/weight/Lingbot-Stage1	False	missing			PENDING_LARGE_OR_DIR		REVIEW_BEFORE_COPY	bounded search candidate; include only if required for PhysEditWorld restore
weight_or_model_candidate	links/stage1_final	/home/nvme04/workspace/world_model_phys/PHYS/weight/Lingbot-Stage1	False	missing			PENDING_LARGE_OR_DIR		REVIEW_BEFORE_COPY	bounded search candidate; include only if required for PhysEditWorld restore
weight_or_model_candidate	links/teacher_ckpt	/home/nvme04/workspace/world_model_phys/PHYS/world_model_phys/third_party/VideoREPA/ckpt/VideoMAEv2	True	dir	4096	2026-04-10T03:07:16	PENDING_LARGE_OR_DIR		REVIEW_BEFORE_COPY	bounded search candidate; include only if required for PhysEditWorld restore
weight_or_model_candidate	links/videophy2_checkpoint	/home/nvme04/workspace/world_model_phys/PHYS/weight/videophy_2_auto	True	dir	4096	2026-04-10T12:15:31	PENDING_LARGE_OR_DIR		REVIEW_BEFORE_COPY	bounded search candidate; include only if required for PhysEditWorld restore
weight_or_model_candidate	/home/nvme03/workspace/zhengqi/multiview-map-v0/tools/legacy/check_memory_dense_real_wan_noop_v0.py		True	file	9186	2026-05-26T16:55:52	SHA256_OK	7f79159038c30ebd7598a0aa101564df7d5622377ecaf79de025333082ec2d05	REVIEW_BEFORE_COPY	bounded search candidate; include only if required for PhysEditWorld restore
weight_or_model_candidate	/home/nvme03/workspace/zhengqi/multiview-map-v0/tools/legacy/memory_dense_wan_adapter_v0.py		True	file	6269	2026-05-26T16:46:05	SHA256_OK	15ef768524428d7176eda7255827fbf0706040a8c26c4a82a73c9b46a9245d7c	REVIEW_BEFORE_COPY	bounded search candidate; include only if required for PhysEditWorld restore
weight_or_model_candidate	/home/nvme03/workspace/zhengqi/multiview-map-v0/tools/legacy/smoke_memory_dense_wan_fast_v0.py		True	file	13954	2026-05-26T16:46:48	SHA256_OK	3bd2f39138237eff715b43c53885e40b9ac6dbd435c6d5be7317471f269dfb13	REVIEW_BEFORE_COPY	bounded search candidate; include only if required for PhysEditWorld restore
weight_or_model_candidate	/home/nvme03/workspace/zhengqi/multiview-map-v0/tools/memory_dense_wan_adapter_v0.py		True	file	19867	2026-06-13T08:59:33	SHA256_OK	314a2ae77f10765c8f5ba30c3c70e33bb5919d886609446fdf7a57e888f6460f	REVIEW_BEFORE_COPY	bounded search candidate; include only if required for PhysEditWorld restore
weight_or_model_candidate	/home/nvme03/workspace/zhengqi/multiview-map-v0/tools/__pycache__/memory_dense_wan_adapter_v0.cpython-310.pyc		True	file	19982	2026-06-13T09:02:07	SHA256_OK	11037f727efbfad24446f04e6c7ba921d8f551b65d522f75069fd6cc83e2f526	REVIEW_BEFORE_COPY	bounded search candidate; include only if required for PhysEditWorld restore
weight_or_model_candidate	/home/nvme03/workspace/world_model_phys/outputs/wan22_5s_queue_launcher.log		True	file	118	2026-04-30T22:04:58	SHA256_OK	b31dc0229c72405cb6ce3d96329ae3cf59c81375d0b469d918b6da34cf8471b2	REVIEW_BEFORE_COPY	bounded search candidate; include only if required for PhysEditWorld restore
weight_or_model_candidate	/home/nvme03/workspace/world_model_phys/outputs/wan22_ti2v_ssv2_expanded_kinematics_bo16_5s		True	dir	4096	2026-05-03T09:40:45	PENDING_LARGE_OR_DIR		REVIEW_BEFORE_COPY	bounded search candidate; include only if required for PhysEditWorld restore
weight_or_model_candidate	/home/nvme03/workspace/world_model_phys/outputs/wan22_ti2v_ssv2_expanded_kinematics_bo16_5s/manifest_wan_ti2v.json		True	file	27991	2026-05-03T09:40:45	SHA256_OK	3c45e765f2f79931408916718cf739c1dd12e1619c3d309beeaa7b0abb0a4e87	REVIEW_BEFORE_COPY	bounded search candidate; include only if required for PhysEditWorld restore
weight_or_model_candidate	/home/nvme03/workspace/world_model_phys/outputs/wan22_ti2v_ssv2_hard_kinematics_bo16_5s		True	dir	4096	2026-04-30T11:12:18	PENDING_LARGE_OR_DIR		REVIEW_BEFORE_COPY	bounded search candidate; include only if required for PhysEditWorld restore
weight_or_model_candidate	/home/nvme03/workspace/world_model_phys/outputs/wan22_ti2v_ssv2_hard_kinematics_bo16_5s/manifest_wan_ti2v.json		True	file	12966	2026-04-30T11:14:18	SHA256_OK	b6c0a091a5fca294fae38b43165fc6c06565287254d9c681ad85d1d39268708d	REVIEW_BEFORE_COPY	bounded search candidate; include only if required for PhysEditWorld restore
weight_or_model_candidate	/home/nvme03/workspace/world_model_phys/outputs/wan22_ti2v_ssv2_hard_kinematics_bo16_preview		True	dir	4096	2026-04-28T10:26:44	PENDING_LARGE_OR_DIR		REVIEW_BEFORE_COPY	bounded search candidate; include only if required for PhysEditWorld restore
weight_or_model_candidate	/home/nvme03/workspace/world_model_phys/outputs/wan22_ti2v_ssv2_hard_kinematics_bo16_preview/manifest_wan_ti2v.json		True	file	13126	2026-04-28T10:26:44	SHA256_OK	94b3fd45c18e85bb98980ae1d7ed17dbfc879c86d6e92b20bbb2f2a359e35972	REVIEW_BEFORE_COPY	bounded search candidate; include only if required for PhysEditWorld restore
weight_or_model_candidate	/home/nvme03/workspace/world_model_phys/outputs/wan22_ti2v_ssv2_expanded_kinematics_bo16_5s.launch.log		True	file	4138	2026-05-03T09:40:45	SHA256_OK	60dbce4057a1acbd09e373ec1413f87050fdfc1fb745104ee6bf027be1492b37	REVIEW_BEFORE_COPY	bounded search candidate; include only if required for PhysEditWorld restore
weight_or_model_candidate	/home/nvme03/workspace/world_model_phys/outputs/wan22_ti2v_physicsiq_kinematics_bo16_preview		True	dir	4096	2026-04-27T17:15:18	PENDING_LARGE_OR_DIR		REVIEW_BEFORE_COPY	bounded search candidate; include only if required for PhysEditWorld restore
weight_or_model_candidate	/home/nvme03/workspace/world_model_phys/outputs/wan22_ti2v_physicsiq_kinematics_bo16_preview/manifest_wan_ti2v.json		True	file	36614	2026-04-27T17:15:18	SHA256_OK	b3beecc335eaa8fc8f0bf673e0ac5ecd89825a108a6bd383c97fb23463e34eff	REVIEW_BEFORE_COPY	bounded search candidate; include only if required for PhysEditWorld restore
weight_or_model_candidate	/home/nvme03/workspace/world_model_phys/outputs/wan22_ti2v_physicsiq_kinematics_bo16_5s		True	dir	4096	2026-04-29T08:35:20	PENDING_LARGE_OR_DIR		REVIEW_BEFORE_COPY	bounded search candidate; include only if required for PhysEditWorld restore
weight_or_model_candidate	/home/nvme03/workspace/world_model_phys/outputs/wan22_ti2v_physicsiq_kinematics_bo16_5s/manifest_wan_ti2v.json		True	file	36614	2026-04-29T08:35:20	SHA256_OK	b3beecc335eaa8fc8f0bf673e0ac5ecd89825a108a6bd383c97fb23463e34eff	REVIEW_BEFORE_COPY	bounded search candidate; include only if required for PhysEditWorld restore
weight_or_model_candidate	/home/nvme03/workspace/world_model_phys/outputs/wan22_ti2v_ssv2_val_physics16_bo16		True	dir	4096	2026-04-22T16:47:04	PENDING_LARGE_OR_DIR		REVIEW_BEFORE_COPY	bounded search candidate; include only if required for PhysEditWorld restore
weight_or_model_candidate	/home/nvme03/workspace/world_model_phys/outputs/wan22_ti2v_ssv2_val_physics16_bo16/manifest_wan_ti2v.json		True	file	11549	2026-04-27T16:49:49	SHA256_OK	fa468159c6d93e87757e3a2e1a7a8f918a3fe23c88fba2827b711279d13b3572	REVIEW_BEFORE_COPY	bounded search candidate; include only if required for PhysEditWorld restore
weight_or_model_candidate	/home/nvme03/workspace/world_model_phys/outputs/wan22_5s_queue.log		True	file	5935	2026-04-30T22:04:58	SHA256_OK	e4bfa6e8985c17a5dc465347af3ce312b9a40deeee58d9e8b246a62d3d607a07	REVIEW_BEFORE_COPY	bounded search candidate; include only if required for PhysEditWorld restore
weight_or_model_candidate	/home/nvme03/workspace/world_model_phys/outputs/wan22_ti2v_ssv2_val_kinematics_bo16		True	dir	4096	2026-04-27T16:50:21	PENDING_LARGE_OR_DIR		REVIEW_BEFORE_COPY	bounded search candidate; include only if required for PhysEditWorld restore
weight_or_model_candidate	/home/nvme03/workspace/world_model_phys/outputs/wan22_ti2v_ssv2_val_kinematics_bo16/manifest_wan_ti2v.json		True	file	10169	2026-04-27T16:50:21	SHA256_OK	92a40d7f6103170c590abeec4dadaa0a62dd31426fa27b1bbabc06ebc0a25234	REVIEW_BEFORE_COPY	bounded search candidate; include only if required for PhysEditWorld restore
weight_or_model_candidate	/home/nvme03/workspace/world_model_phys/outputs/wan22_ti2v_physicsiq_kinematics_bo16_5s_eval		True	dir	4096	2026-05-01T15:45:56	PENDING_LARGE_OR_DIR		REVIEW_BEFORE_COPY	bounded search candidate; include only if required for PhysEditWorld restore
weight_or_model_candidate	/home/nvme03/workspace/world_model_phys/outputs/wan22_ti2v_ssv2_hard_kinematics_bo16		True	dir	4096	2026-04-28T10:29:03	PENDING_LARGE_OR_DIR		REVIEW_BEFORE_COPY	bounded search candidate; include only if required for PhysEditWorld restore
weight_or_model_candidate	/home/nvme03/workspace/world_model_phys/outputs/wan22_ti2v_ssv2_hard_kinematics_bo16/manifest_wan_ti2v.json		True	file	12870	2026-04-28T10:29:03	SHA256_OK	c7ea7ae0fa7ad7afb478f92b3d7f89bd7f0c8218885b50780b228156fcc06100	REVIEW_BEFORE_COPY	bounded search candidate; include only if required for PhysEditWorld restore
weight_or_model_candidate	/home/nvme03/workspace/world_model_phys/outputs/wan22_ti2v_physicsiq_kinematics_bo16		True	dir	4096	2026-04-27T17:15:34	PENDING_LARGE_OR_DIR		REVIEW_BEFORE_COPY	bounded search candidate; include only if required for PhysEditWorld restore
weight_or_model_candidate	/home/nvme03/workspace/world_model_phys/outputs/wan22_ti2v_physicsiq_kinematics_bo16/manifest_wan_ti2v.json		True	file	36614	2026-04-27T17:15:34	SHA256_OK	b3beecc335eaa8fc8f0bf673e0ac5ecd89825a108a6bd383c97fb23463e34eff	REVIEW_BEFORE_COPY	bounded search candidate; include only if required for PhysEditWorld restore
weight_or_model_candidate	/home/nvme03/workspace/world_model_phys/outputs/wan22_ti2v_ssv2_val_kinematics_bo16_5s		True	dir	4096	2026-04-30T22:04:58	PENDING_LARGE_OR_DIR		REVIEW_BEFORE_COPY	bounded search candidate; include only if required for PhysEditWorld restore
weight_or_model_candidate	/home/nvme03/workspace/world_model_phys/outputs/wan22_ti2v_ssv2_val_kinematics_bo16_5s/manifest_wan_ti2v.json		True	file	10211	2026-04-30T22:04:58	SHA256_OK	7fac7adb6bd8e8b0f6b74748fc9795cb4959159f0d7a07ab158c57b6b2cfc802	REVIEW_BEFORE_COPY	bounded search candidate; include only if required for PhysEditWorld restore
weight_or_model_candidate	/home/nvme03/workspace/world_model_phys/outputs/wan22_ti2v_physicsiq_kinematics_bo16_eval		True	dir	4096	2026-04-28T19:16:19	PENDING_LARGE_OR_DIR		REVIEW_BEFORE_COPY	bounded search candidate; include only if required for PhysEditWorld restore
weight_or_model_candidate	/home/nvme03/workspace/world_model_phys/code/lingbot-world/wan		True	dir	4096	2026-04-11T07:17:53	PENDING_LARGE_OR_DIR		REVIEW_BEFORE_COPY	bounded search candidate; include only if required for PhysEditWorld restore
weight_or_model_candidate	/home/nvme03/workspace/world_model_phys/code/lingbot-world/wan/modules/vae2_1.py		True	file	23029	2026-04-11T05:38:50	SHA256_OK	7b8134a4b6497aea0f2c0ca492c3550b6a1cecc1a23d63c421c876ef8d976a2f	REVIEW_BEFORE_COPY	bounded search candidate; include only if required for PhysEditWorld restore
weight_or_model_candidate	/home/nvme03/workspace/world_model_phys/code/lingbot-world/wan/modules/vae2_2.py		True	file	31773	2026-04-11T05:38:50	SHA256_OK	985a43d76863bddeda454c6818c9370458bca3b3c79272dce89954bd46661a55	REVIEW_BEFORE_COPY	bounded search candidate; include only if required for PhysEditWorld restore
weight_or_model_candidate	/home/nvme03/workspace/world_model_phys/code/lingbot-world/wan/modules/tokenizers.py		True	file	2358	2026-04-11T05:38:50	SHA256_OK	c6f8eb124058a26182bd22fc48484384aba67d299a07241cb2ef2bb3065f953a	REVIEW_BEFORE_COPY	bounded search candidate; include only if required for PhysEditWorld restore
weight_or_model_candidate	/home/nvme03/workspace/world_model_phys/code/lingbot-world/wan/modules/t5.py		True	file	16786	2026-04-11T05:38:50	SHA256_OK	d98ba202ea8c2ee520fed7232dbfff310d73a70ca1c280e0dc49130041b0fa9d	REVIEW_BEFORE_COPY	bounded search candidate; include only if required for PhysEditWorld restore
weight_or_model_candidate	/home/nvme03/workspace/world_model_phys/code/lingbot-world/wan/configs/wan_i2v_A14B.py		True	file	1728	2026-04-11T05:38:50	SHA256_OK	34e360422d0f445f5351bc1d0daba28c9577228d026778c61756d882358ea933	REVIEW_BEFORE_COPY	bounded search candidate; include only if required for PhysEditWorld restore
weight_or_model_candidate	/home/nvme03/workspace/world_model_phys/output/wandb		True	dir	4096	2026-04-09T05:00:50	PENDING_LARGE_OR_DIR		REVIEW_BEFORE_COPY	bounded search candidate; include only if required for PhysEditWorld restore
weight_or_model_candidate	/home/nvme03/workspace/world_model_phys/Diffueraser_DPO_Log/20260501_155045_h20-stage1-wingap-only-beta10-bf16-debug-gpu7/wandb		True	dir	4096	2026-05-01T23:50:51	PENDING_LARGE_OR_DIR		REVIEW_BEFORE_COPY	bounded search candidate; include only if required for PhysEditWorld restore
weight_or_model_candidate	/home/nvme03/workspace/world_model_phys/Diffueraser_DPO_Log/20260501_155045_h20-stage1-wingap-only-beta10-bf16-debug-gpu7/wandb/wandb		True	dir	4096	2026-05-01T23:51:09	PENDING_LARGE_OR_DIR		REVIEW_BEFORE_COPY	bounded search candidate; include only if required for PhysEditWorld restore
weight_or_model_candidate	/home/nvme03/workspace/world_model_phys/Diffueraser_DPO_Log/20260501_155045_h20-stage1-wingap-only-beta10-bf16-debug-gpu7/experiment/wandb_run_info.json		True	file	167	2026-05-01T23:50:52	SHA256_OK	ff9e2ef471d2d978ad58f4ff104094dca237bf285b541ec68e8133939ad340d8	REVIEW_BEFORE_COPY	bounded search candidate; include only if required for PhysEditWorld restore
weight_or_model_candidate	/home/nvme03/workspace/world_model_phys/Diffueraser_DPO_Log/20260429_113605_h20-stage2-smoke-gpu7-bf16-lowmem/wandb		True	dir	4096	2026-04-29T19:36:15	PENDING_LARGE_OR_DIR		REVIEW_BEFORE_COPY	bounded search candidate; include only if required for PhysEditWorld restore
weight_or_model_candidate	/home/nvme03/workspace/world_model_phys/Diffueraser_DPO_Log/20260429_113605_h20-stage2-smoke-gpu7-bf16-lowmem/wandb/wandb		True	dir	4096	2026-04-29T19:36:47	PENDING_LARGE_OR_DIR		REVIEW_BEFORE_COPY	bounded search candidate; include only if required for PhysEditWorld restore
weight_or_model_candidate	/home/nvme03/workspace/world_model_phys/Diffueraser_DPO_Log/20260429_113605_h20-stage2-smoke-gpu7-bf16-lowmem/experiment/wandb_run_info.json		True	file	237	2026-04-29T19:36:20	SHA256_OK	dc50bbc559d3974691a943a4a754650eae11252d19e8acb54fcc88be96e932c1	REVIEW_BEFORE_COPY	bounded search candidate; include only if required for PhysEditWorld restore
weight_or_model_candidate	/home/nvme03/workspace/world_model_phys/Diffueraser_DPO_Log/20260501_144827_h20-stage1-wingap-only-beta10-gpu3-7-15k/wandb		True	dir	4096	2026-05-01T22:48:40	PENDING_LARGE_OR_DIR		REVIEW_BEFORE_COPY	bounded search candidate; include only if required for PhysEditWorld restore
weight_or_model_candidate	/home/nvme03/workspace/world_model_phys/Diffueraser_DPO_Log/20260501_144827_h20-stage1-wingap-only-beta10-gpu3-7-15k/wandb/wandb		True	dir	4096	2026-05-01T22:48:40	PENDING_LARGE_OR_DIR		REVIEW_BEFORE_COPY	bounded search candidate; include only if required for PhysEditWorld restore
weight_or_model_candidate	/home/nvme03/workspace/world_model_phys/Diffueraser_DPO_Log/20260421_181029_h20-dpo-stage1-probe-beta50-600step-gpu01/wandb		True	dir	4096	2026-04-22T02:10:29	PENDING_LARGE_OR_DIR		REVIEW_BEFORE_COPY	bounded search candidate; include only if required for PhysEditWorld restore
weight_or_model_candidate	/home/nvme03/workspace/world_model_phys/Diffueraser_DPO_Log/20260501_233658_h20-stage1-wingap-policyfp32-refbf16-nolosergrad-debug-gpu7/wandb		True	dir	4096	2026-05-02T07:37:35	PENDING_LARGE_OR_DIR		REVIEW_BEFORE_COPY	bounded search candidate; include only if required for PhysEditWorld restore
weight_or_model_candidate	/home/nvme03/workspace/world_model_phys/Diffueraser_DPO_Log/20260501_233658_h20-stage1-wingap-policyfp32-refbf16-nolosergrad-debug-gpu7/wandb/wandb		True	dir	4096	2026-05-02T07:37:05	PENDING_LARGE_OR_DIR		REVIEW_BEFORE_COPY	bounded search candidate; include only if required for PhysEditWorld restore
weight_or_model_candidate	/home/nvme03/workspace/world_model_phys/Diffueraser_DPO_Log/20260501_233658_h20-stage1-wingap-policyfp32-refbf16-nolosergrad-debug-gpu7/experiment/wandb_run_info.json		True	file	166	2026-05-02T07:37:05	SHA256_OK	c386cc345e6d7d1c8dad10ccc4528938f9cb51c724c317e22d8e73a56e351e1c	REVIEW_BEFORE_COPY	bounded search candidate; include only if required for PhysEditWorld restore
weight_or_model_candidate	/home/nvme03/workspace/world_model_phys/Diffueraser_DPO_Log/20260424_040657_smoke_newdata_noanchor/wandb		True	dir	4096	2026-04-24T12:07:10	PENDING_LARGE_OR_DIR		REVIEW_BEFORE_COPY	bounded search candidate; include only if required for PhysEditWorld restore
weight_or_model_candidate	/home/nvme03/workspace/world_model_phys/Diffueraser_DPO_Log/20260424_040657_smoke_newdata_noanchor/wandb/wandb		True	dir	4096	2026-04-24T12:08:28	PENDING_LARGE_OR_DIR		REVIEW_BEFORE_COPY	bounded search candidate; include only if required for PhysEditWorld restore
weight_or_model_candidate	/home/nvme03/workspace/world_model_phys/Diffueraser_DPO_Log/20260424_040657_smoke_newdata_noanchor/experiment/wandb_run_info.json		True	file	213	2026-04-24T12:07:12	SHA256_OK	0954f9048120386b7c8f4f214685b6b8a57908af15bd0668ec8c88cfc1128d64	REVIEW_BEFORE_COPY	bounded search candidate; include only if required for PhysEditWorld restore
weight_or_model_candidate	/home/nvme03/workspace/world_model_phys/Diffueraser_DPO_Log/20260423_032723_h20-stage1/wandb		True	dir	4096	2026-04-23T11:27:23	PENDING_LARGE_OR_DIR		REVIEW_BEFORE_COPY	bounded search candidate; include only if required for PhysEditWorld restore
weight_or_model_candidate	/home/nvme03/workspace/world_model_phys/Diffueraser_DPO_Log/20260501_155342_h20-stage1-wingap-only-beta10-fp16-debug-gpu7/wandb		True	dir	4096	2026-05-01T23:53:49	PENDING_LARGE_OR_DIR		REVIEW_BEFORE_COPY	bounded search candidate; include only if required for PhysEditWorld restore
weight_or_model_candidate	/home/nvme03/workspace/world_model_phys/Diffueraser_DPO_Log/20260501_155342_h20-stage1-wingap-only-beta10-fp16-debug-gpu7/wandb/wandb		True	dir	4096	2026-05-01T23:54:06	PENDING_LARGE_OR_DIR		REVIEW_BEFORE_COPY	bounded search candidate; include only if required for PhysEditWorld restore
weight_or_model_candidate	/home/nvme03/workspace/world_model_phys/Diffueraser_DPO_Log/20260501_155342_h20-stage1-wingap-only-beta10-fp16-debug-gpu7/experiment/wandb_run_info.json		True	file	167	2026-05-01T23:53:49	SHA256_OK	afba4658ff0378819dddf416c24beace3d2c3557fcb772023d71c3d81344150c	REVIEW_BEFORE_COPY	bounded search candidate; include only if required for PhysEditWorld restore
weight_or_model_candidate	/home/nvme03/workspace/world_model_phys/Diffueraser_DPO_Log/20260424_044946_smoke_seed7_fp16_split_n8/wandb		True	dir	4096	2026-04-24T12:50:11	PENDING_LARGE_OR_DIR		REVIEW_BEFORE_COPY	bounded search candidate; include only if required for PhysEditWorld restore
weight_or_model_candidate	/home/nvme03/workspace/world_model_phys/Diffueraser_DPO_Log/20260424_044946_smoke_seed7_fp16_split_n8/wandb/wandb		True	dir	4096	2026-04-24T12:50:53	PENDING_LARGE_OR_DIR		REVIEW_BEFORE_COPY	bounded search candidate; include only if required for PhysEditWorld restore
weight_or_model_candidate	/home/nvme03/workspace/world_model_phys/Diffueraser_DPO_Log/20260424_044946_smoke_seed7_fp16_split_n8/experiment/wandb_run_info.json		True	file	212	2026-04-24T12:50:13	SHA256_OK	07072948d2bf8c54fa1c4a5f0bae9cf5ddacdba866112fd417c506dd7f930b11	REVIEW_BEFORE_COPY	bounded search candidate; include only if required for PhysEditWorld restore
weight_or_model_candidate	/home/nvme03/workspace/world_model_phys/Diffueraser_DPO_Log/20260501_233409_h20-stage1-wingap-policyfp32-refbf16-debug-gpu7/wandb		True	dir	4096	2026-05-02T07:34:15	PENDING_LARGE_OR_DIR		REVIEW_BEFORE_COPY	bounded search candidate; include only if required for PhysEditWorld restore
weight_or_model_candidate	/home/nvme03/workspace/world_model_phys/Diffueraser_DPO_Log/20260501_233409_h20-stage1-wingap-policyfp32-refbf16-debug-gpu7/wandb/wandb		True	dir	4096	2026-05-02T07:34:34	PENDING_LARGE_OR_DIR		REVIEW_BEFORE_COPY	bounded search candidate; include only if required for PhysEditWorld restore
weight_or_model_candidate	/home/nvme03/workspace/world_model_phys/Diffueraser_DPO_Log/20260501_233409_h20-stage1-wingap-policyfp32-refbf16-debug-gpu7/experiment/wandb_run_info.json		True	file	166	2026-05-02T07:34:16	SHA256_OK	a08dbc4094e01295e9f36944ef8d02b88feeedf9d340da0573035090ada48154	REVIEW_BEFORE_COPY	bounded search candidate; include only if required for PhysEditWorld restore
weight_or_model_candidate	/home/nvme03/workspace/world_model_phys/Diffueraser_DPO_Log/20260501_232140_h20-stage1-sigfpe-locate-bf16-vae-fp32-no-gc-gpu7		True	dir	4096	2026-05-02T07:21:40	PENDING_LARGE_OR_DIR		REVIEW_BEFORE_COPY	bounded search candidate; include only if required for PhysEditWorld restore
weight_or_model_candidate	/home/nvme03/workspace/world_model_phys/Diffueraser_DPO_Log/20260501_232140_h20-stage1-sigfpe-locate-bf16-vae-fp32-no-gc-gpu7/wandb		True	dir	4096	2026-05-02T07:21:46	PENDING_LARGE_OR_DIR		REVIEW_BEFORE_COPY	bounded search candidate; include only if required for PhysEditWorld restore
weight_or_model_candidate	/home/nvme03/workspace/world_model_phys/Diffueraser_DPO_Log/20260501_232140_h20-stage1-sigfpe-locate-bf16-vae-fp32-no-gc-gpu7/wandb/wandb		True	dir	4096	2026-05-02T07:22:06	PENDING_LARGE_OR_DIR		REVIEW_BEFORE_COPY	bounded search candidate; include only if required for PhysEditWorld restore
weight_or_model_candidate	/home/nvme03/workspace/world_model_phys/Diffueraser_DPO_Log/20260501_232140_h20-stage1-sigfpe-locate-bf16-vae-fp32-no-gc-gpu7/experiment/wandb_run_info.json		True	file	166	2026-05-02T07:21:47	SHA256_OK	b7b63404fbd1730591e7833baad5e4e124c50d7322dad02b3756cb274b459cbb	REVIEW_BEFORE_COPY	bounded search candidate; include only if required for PhysEditWorld restore
weight_or_model_candidate	/home/nvme03/workspace/world_model_phys/Diffueraser_DPO_Log/20260429_115545_h20-stage2-smoke-gpu7-fp32-lowmem/wandb		True	dir	4096	2026-04-29T20:17:37	PENDING_LARGE_OR_DIR		REVIEW_BEFORE_COPY	bounded search candidate; include only if required for PhysEditWorld restore
weight_or_model_candidate	/home/nvme03/workspace/world_model_phys/Diffueraser_DPO_Log/20260429_115545_h20-stage2-smoke-gpu7-fp32-lowmem/wandb/wandb		True	dir	4096	2026-04-29T19:55:55	PENDING_LARGE_OR_DIR		REVIEW_BEFORE_COPY	bounded search candidate; include only if required for PhysEditWorld restore
weight_or_model_candidate	/home/nvme03/workspace/world_model_phys/Diffueraser_DPO_Log/20260429_115545_h20-stage2-smoke-gpu7-fp32-lowmem/experiment/wandb_run_info.json		True	file	237	2026-04-29T19:55:59	SHA256_OK	0470a694d1247d149e3e5e7ea9d8e69cd6eaab8e507dbb2e1a212bd26652f5b0	REVIEW_BEFORE_COPY	bounded search candidate; include only if required for PhysEditWorld restore
weight_or_model_candidate	/home/nvme03/workspace/world_model_phys/Diffueraser_DPO_Log/20260427_124413_h20-stage1-smoke-gpu7/wandb		True	dir	4096	2026-04-27T20:44:20	PENDING_LARGE_OR_DIR		REVIEW_BEFORE_COPY	bounded search candidate; include only if required for PhysEditWorld restore
weight_or_model_candidate	/home/nvme03/workspace/world_model_phys/Diffueraser_DPO_Log/20260427_124413_h20-stage1-smoke-gpu7/wandb/wandb		True	dir	4096	2026-04-27T20:48:12	PENDING_LARGE_OR_DIR		REVIEW_BEFORE_COPY	bounded search candidate; include only if required for PhysEditWorld restore
weight_or_model_candidate	/home/nvme03/workspace/world_model_phys/Diffueraser_DPO_Log/20260427_124413_h20-stage1-smoke-gpu7/experiment/wandb_run_info.json		True	file	237	2026-04-27T20:44:23	SHA256_OK	03934d4a5b304cb9f27579443307a81745508a1c0bec22e550282c2bb0dc4c9d	REVIEW_BEFORE_COPY	bounded search candidate; include only if required for PhysEditWorld restore
weight_or_model_candidate	/home/nvme03/workspace/world_model_phys/Diffueraser_DPO_Log/20260424_045301_smoke_seed7_fp32_split_n8/wandb		True	dir	4096	2026-04-24T12:54:37	PENDING_LARGE_OR_DIR		REVIEW_BEFORE_COPY	bounded search candidate; include only if required for PhysEditWorld restore
weight_or_model_candidate	/home/nvme03/workspace/world_model_phys/Diffueraser_DPO_Log/20260424_045301_smoke_seed7_fp32_split_n8/wandb/wandb		True	dir	4096	2026-04-24T12:53:09	PENDING_LARGE_OR_DIR		REVIEW_BEFORE_COPY	bounded search candidate; include only if required for PhysEditWorld restore
weight_or_model_candidate	/home/nvme03/workspace/world_model_phys/Diffueraser_DPO_Log/20260424_045301_smoke_seed7_fp32_split_n8/experiment/wandb_run_info.json		True	file	211	2026-04-24T12:53:11	SHA256_OK	477654d492e284911035e153d27d3c680d0794e8f253caafa09303208e299470	REVIEW_BEFORE_COPY	bounded search candidate; include only if required for PhysEditWorld restore
weight_or_model_candidate	/home/nvme03/workspace/world_model_phys/Diffueraser_DPO_Log/20260501_231739_h20-stage1-sigfpe-locate-bf16-vae-fp32-gpu7		True	dir	4096	2026-05-02T07:17:39	PENDING_LARGE_OR_DIR		REVIEW_BEFORE_COPY	bounded search candidate; include only if required for PhysEditWorld restore
weight_or_model_candidate	/home/nvme03/workspace/world_model_phys/Diffueraser_DPO_Log/20260501_231739_h20-stage1-sigfpe-locate-bf16-vae-fp32-gpu7/wandb		True	dir	4096	2026-05-02T07:18:03	PENDING_LARGE_OR_DIR		REVIEW_BEFORE_COPY	bounded search candidate; include only if required for PhysEditWorld restore
weight_or_model_candidate	/home/nvme03/workspace/world_model_phys/Diffueraser_DPO_Log/20260501_231739_h20-stage1-sigfpe-locate-bf16-vae-fp32-gpu7/wandb/wandb		True	dir	4096	2026-05-02T07:18:22	PENDING_LARGE_OR_DIR		REVIEW_BEFORE_COPY	bounded search candidate; include only if required for PhysEditWorld restore
weight_or_model_candidate	/home/nvme03/workspace/world_model_phys/Diffueraser_DPO_Log/20260501_231739_h20-stage1-sigfpe-locate-bf16-vae-fp32-gpu7/experiment/wandb_run_info.json		True	file	166	2026-05-02T07:18:03	SHA256_OK	bb6953a4fa8e90691a71ea23cba210e4475f7271530db53f757c309d81ccb2fa	REVIEW_BEFORE_COPY	bounded search candidate; include only if required for PhysEditWorld restore
weight_or_model_candidate	/home/nvme03/workspace/world_model_phys/Diffueraser_DPO_Log/20260429_112539_h20-stage2-smoke-gpu7-bf16-lowmem/wandb		True	dir	4096	2026-04-29T19:25:48	PENDING_LARGE_OR_DIR		REVIEW_BEFORE_COPY	bounded search candidate; include only if required for PhysEditWorld restore
weight_or_model_candidate	/home/nvme03/workspace/world_model_phys/Diffueraser_DPO_Log/20260429_112539_h20-stage2-smoke-gpu7-bf16-lowmem/wandb/wandb		True	dir	4096	2026-04-29T19:28:11	PENDING_LARGE_OR_DIR		REVIEW_BEFORE_COPY	bounded search candidate; include only if required for PhysEditWorld restore
weight_or_model_candidate	/home/nvme03/workspace/world_model_phys/Diffueraser_DPO_Log/20260429_112539_h20-stage2-smoke-gpu7-bf16-lowmem/experiment/wandb_run_info.json		True	file	237	2026-04-29T19:25:51	SHA256_OK	40266b52f7c4c78e49d01e8c3d7be744c8bc91e36b80ad3a240dafee29b35cdd	REVIEW_BEFORE_COPY	bounded search candidate; include only if required for PhysEditWorld restore
weight_or_model_candidate	/home/nvme03/workspace/world_model_phys/Diffueraser_DPO_Log/20260424_044322_smoke_seed7_fp32/wandb		True	dir	4096	2026-04-24T12:43:46	PENDING_LARGE_OR_DIR		REVIEW_BEFORE_COPY	bounded search candidate; include only if required for PhysEditWorld restore
weight_or_model_candidate	/home/nvme03/workspace/world_model_phys/Diffueraser_DPO_Log/20260424_044322_smoke_seed7_fp32/wandb/wandb		True	dir	4096	2026-04-24T12:44:37	PENDING_LARGE_OR_DIR		REVIEW_BEFORE_COPY	bounded search candidate; include only if required for PhysEditWorld restore
weight_or_model_candidate	/home/nvme03/workspace/world_model_phys/Diffueraser_DPO_Log/20260424_044322_smoke_seed7_fp32/experiment/wandb_run_info.json		True	file	211	2026-04-24T12:43:48	SHA256_OK	510a97f343c6349a51ef7db7528dc97c398f1663063e9e0cef14c2446b174716	REVIEW_BEFORE_COPY	bounded search candidate; include only if required for PhysEditWorld restore
weight_or_model_candidate	/home/nvme03/workspace/world_model_phys/Diffueraser_DPO_Log/h20_dpo_stage1_p77ehlz2_20260422_000137/experiment/wandb_run_info.json		True	file	215	2026-04-21T15:08:53	SHA256_OK	403f38fa052fb1176448086872f898e3d06bf4ab925676c87ee9760d9a769feb	REVIEW_BEFORE_COPY	bounded search candidate; include only if required for PhysEditWorld restore
weight_or_model_candidate	/home/nvme03/workspace/world_model_phys/Diffueraser_DPO_Log/h20_dpo_stage1_p77ehlz2_20260422_000137/wandb_history_p77ehlz2.csv		True	file	675071	2026-04-22T00:01:58	SHA256_OK	be26038420b257b5dbb3ee73c50ab045e9047e42bdde97d55a7c4fa438b938fe	REVIEW_BEFORE_COPY	bounded search candidate; include only if required for PhysEditWorld restore
weight_or_model_candidate	/home/nvme03/workspace/world_model_phys/Diffueraser_DPO_Log/20260427_131423_h20-stage1-smoke-gpu7-fp32-lowmem/wandb		True	dir	4096	2026-04-27T21:20:33	PENDING_LARGE_OR_DIR		REVIEW_BEFORE_COPY	bounded search candidate; include only if required for PhysEditWorld restore
weight_or_model_candidate	/home/nvme03/workspace/world_model_phys/Diffueraser_DPO_Log/20260427_131423_h20-stage1-smoke-gpu7-fp32-lowmem/wandb/wandb		True	dir	4096	2026-04-27T21:14:30	PENDING_LARGE_OR_DIR		REVIEW_BEFORE_COPY	bounded search candidate; include only if required for PhysEditWorld restore
weight_or_model_candidate	/home/nvme03/workspace/world_model_phys/Diffueraser_DPO_Log/20260427_131423_h20-stage1-smoke-gpu7-fp32-lowmem/experiment/wandb_run_info.json		True	file	237	2026-04-27T21:14:34	SHA256_OK	e3532e8b8ce625305196e442f8160f6fb7affe2b2fc532cd7e29063203ae1a71	REVIEW_BEFORE_COPY	bounded search candidate; include only if required for PhysEditWorld restore
weight_or_model_candidate	/home/nvme03/workspace/world_model_phys/Diffueraser_DPO_Log/20260427_125435_h20-stage1-smoke-gpu7-fp16/wandb		True	dir	4096	2026-04-27T20:54:42	PENDING_LARGE_OR_DIR		REVIEW_BEFORE_COPY	bounded search candidate; include only if required for PhysEditWorld restore
weight_or_model_candidate	/home/nvme03/workspace/world_model_phys/Diffueraser_DPO_Log/20260427_125435_h20-stage1-smoke-gpu7-fp16/wandb/wandb		True	dir	4096	2026-04-27T20:57:56	PENDING_LARGE_OR_DIR		REVIEW_BEFORE_COPY	bounded search candidate; include only if required for PhysEditWorld restore
weight_or_model_candidate	/home/nvme03/workspace/world_model_phys/Diffueraser_DPO_Log/20260427_125435_h20-stage1-smoke-gpu7-fp16/experiment/wandb_run_info.json		True	file	237	2026-04-27T20:54:45	SHA256_OK	202e5419ca2fcde927b4187c729a7a648b66aa3141b29ff2f41422f6a22165bc	REVIEW_BEFORE_COPY	bounded search candidate; include only if required for PhysEditWorld restore
weight_or_model_candidate	/home/nvme03/workspace/world_model_phys/Diffueraser_DPO_Log/20260421_215512_h20-dpo-stage1-probe-beta50-600step-gpu014567/wandb		True	dir	4096	2026-04-22T05:55:27	PENDING_LARGE_OR_DIR		REVIEW_BEFORE_COPY	bounded search candidate; include only if required for PhysEditWorld restore
weight_or_model_candidate	/home/nvme03/workspace/world_model_phys/Diffueraser_DPO_Log/20260421_215512_h20-dpo-stage1-probe-beta50-600step-gpu014567/wandb/wandb		True	dir	4096	2026-04-22T05:59:49	PENDING_LARGE_OR_DIR		REVIEW_BEFORE_COPY	bounded search candidate; include only if required for PhysEditWorld restore
weight_or_model_candidate	/home/nvme03/workspace/world_model_phys/Diffueraser_DPO_Log/20260421_215512_h20-dpo-stage1-probe-beta50-600step-gpu014567/experiment/wandb_run_info.json		True	file	213	2026-04-22T05:55:29	SHA256_OK	ac9f775d57c386dda1715f559a0a3e07c8de28d39cd7699fd03c62472855a6f5	REVIEW_BEFORE_COPY	bounded search candidate; include only if required for PhysEditWorld restore
weight_or_model_candidate	/home/nvme03/workspace/world_model_phys/Diffueraser_DPO_Log/20260424_043516_smoke_seed7/wandb		True	dir	4096	2026-04-24T12:35:27	PENDING_LARGE_OR_DIR		REVIEW_BEFORE_COPY	bounded search candidate; include only if required for PhysEditWorld restore
weight_or_model_candidate	/home/nvme03/workspace/world_model_phys/Diffueraser_DPO_Log/20260424_043516_smoke_seed7/wandb/wandb		True	dir	4096	2026-04-24T12:36:09	PENDING_LARGE_OR_DIR		REVIEW_BEFORE_COPY	bounded search candidate; include only if required for PhysEditWorld restore
weight_or_model_candidate	/home/nvme03/workspace/world_model_phys/Diffueraser_DPO_Log/20260424_043516_smoke_seed7/experiment/wandb_run_info.json		True	file	211	2026-04-24T12:35:30	SHA256_OK	a7241c41aba332ac968b71d1d5ecf532841d717cb02d895776cc75f23d4e855b	REVIEW_BEFORE_COPY	bounded search candidate; include only if required for PhysEditWorld restore
weight_or_model_candidate	/home/nvme03/workspace/world_model_phys/Diffueraser_DPO_Log/20260428_160826_h20-stage1-smoke-gpu01-fp32-lowmem/wandb		True	dir	4096	2026-04-29T00:08:35	PENDING_LARGE_OR_DIR		REVIEW_BEFORE_COPY	bounded search candidate; include only if required for PhysEditWorld restore
weight_or_model_candidate	/home/nvme03/workspace/world_model_phys/Diffueraser_DPO_Log/20260428_160826_h20-stage1-smoke-gpu01-fp32-lowmem/wandb/wandb		True	dir	4096	2026-04-29T00:08:35	PENDING_LARGE_OR_DIR		REVIEW_BEFORE_COPY	bounded search candidate; include only if required for PhysEditWorld restore
weight_or_model_candidate	/home/nvme03/workspace/world_model_phys/Diffueraser_DPO_Log/20260428_160826_h20-stage1-smoke-gpu01-fp32-lowmem/experiment/wandb_run_info.json		True	file	237	2026-04-29T00:08:39	SHA256_OK	780a9336ff0a04d4cd1a18dfa5c7f85f83d2456fb156454e2ba3b8ae3a46364e	REVIEW_BEFORE_COPY	bounded search candidate; include only if required for PhysEditWorld restore
weight_or_model_candidate	/home/nvme03/workspace/world_model_phys/Diffueraser_DPO_Log/20260501_150358_h20-stage1-wingap-only-beta10-gpu3-7-15k/wandb		True	dir	4096	2026-05-01T23:04:11	PENDING_LARGE_OR_DIR		REVIEW_BEFORE_COPY	bounded search candidate; include only if required for PhysEditWorld restore
weight_or_model_candidate	/home/nvme03/workspace/world_model_phys/Diffueraser_DPO_Log/20260501_150358_h20-stage1-wingap-only-beta10-gpu3-7-15k/wandb/wandb		True	dir	4096	2026-05-01T23:04:32	PENDING_LARGE_OR_DIR		REVIEW_BEFORE_COPY	bounded search candidate; include only if required for PhysEditWorld restore
weight_or_model_candidate	/home/nvme03/workspace/world_model_phys/Diffueraser_DPO_Log/20260501_150358_h20-stage1-wingap-only-beta10-gpu3-7-15k/experiment/wandb_run_info.json		True	file	170	2026-05-01T23:04:11	SHA256_OK	803e6597f6ba559f8ded570dfd1777fdaf73dc5b12bf3f78bb6f7a680dfb5ec5	REVIEW_BEFORE_COPY	bounded search candidate; include only if required for PhysEditWorld restore
weight_or_model_candidate	/home/nvme03/workspace/world_model_phys/Diffueraser_DPO_Log/20260421_224309_h20-dpo-stage1-probe-beta50-600step-gpu4567-nosplit/wandb		True	dir	4096	2026-04-22T07:47:33	PENDING_LARGE_OR_DIR		REVIEW_BEFORE_COPY	bounded search candidate; include only if required for PhysEditWorld restore
weight_or_model_candidate	/home/nvme03/workspace/world_model_phys/Diffueraser_DPO_Log/20260421_224309_h20-dpo-stage1-probe-beta50-600step-gpu4567-nosplit/wandb/wandb		True	dir	4096	2026-04-22T06:43:22	PENDING_LARGE_OR_DIR		REVIEW_BEFORE_COPY	bounded search candidate; include only if required for PhysEditWorld restore
weight_or_model_candidate	/home/nvme03/workspace/world_model_phys/Diffueraser_DPO_Log/20260421_224309_h20-dpo-stage1-probe-beta50-600step-gpu4567-nosplit/experiment/wandb_run_info.json		True	file	213	2026-04-22T06:43:25	SHA256_OK	cd67b1c804c5f6fd351a9a74019b9cac99251d13c59b874416be69a1da63ffd7	REVIEW_BEFORE_COPY	bounded search candidate; include only if required for PhysEditWorld restore
weight_or_model_candidate	/home/nvme03/workspace/world_model_phys/Diffueraser_DPO_Log/20260424_042920_smoke_newdata_noanchor_1gpu_fp16_nosplit/wandb		True	dir	4096	2026-04-24T12:29:27	PENDING_LARGE_OR_DIR		REVIEW_BEFORE_COPY	bounded search candidate; include only if required for PhysEditWorld restore
weight_or_model_candidate	/home/nvme03/workspace/world_model_phys/Diffueraser_DPO_Log/20260424_042920_smoke_newdata_noanchor_1gpu_fp16_nosplit/wandb/wandb		True	dir	4096	2026-04-24T12:30:09	PENDING_LARGE_OR_DIR		REVIEW_BEFORE_COPY	bounded search candidate; include only if required for PhysEditWorld restore
weight_or_model_candidate	/home/nvme03/workspace/world_model_phys/Diffueraser_DPO_Log/20260424_042920_smoke_newdata_noanchor_1gpu_fp16_nosplit/experiment/wandb_run_info.json		True	file	213	2026-04-24T12:29:30	SHA256_OK	066adc285c56a22e7016974cd5a8f6d5df24fdf28dc1cbd998b20ea2a09b8dae	REVIEW_BEFORE_COPY	bounded search candidate; include only if required for PhysEditWorld restore
weight_or_model_candidate	/home/nvme03/workspace/world_model_phys/Diffueraser_DPO_Log/20260501_161048_h20-stage1-wingap-only-beta10-bf16-vae-fp32-debug-gpu7		True	dir	4096	2026-05-02T00:10:48	PENDING_LARGE_OR_DIR		REVIEW_BEFORE_COPY	bounded search candidate; include only if required for PhysEditWorld restore
weight_or_model_candidate	/home/nvme03/workspace/world_model_phys/Diffueraser_DPO_Log/20260501_161048_h20-stage1-wingap-only-beta10-bf16-vae-fp32-debug-gpu7/wandb		True	dir	4096	2026-05-02T00:10:55	PENDING_LARGE_OR_DIR		REVIEW_BEFORE_COPY	bounded search candidate; include only if required for PhysEditWorld restore
weight_or_model_candidate	/home/nvme03/workspace/world_model_phys/Diffueraser_DPO_Log/20260501_161048_h20-stage1-wingap-only-beta10-bf16-vae-fp32-debug-gpu7/wandb/wandb		True	dir	4096	2026-05-02T00:11:13	PENDING_LARGE_OR_DIR		REVIEW_BEFORE_COPY	bounded search candidate; include only if required for PhysEditWorld restore
weight_or_model_candidate	/home/nvme03/workspace/world_model_phys/Diffueraser_DPO_Log/20260501_161048_h20-stage1-wingap-only-beta10-bf16-vae-fp32-debug-gpu7/experiment/wandb_run_info.json		True	file	167	2026-05-02T00:10:55	SHA256_OK	b6c888d0f5c4392fe459ecca499c69655362b15a0b685d96ffe0975af8af7910	REVIEW_BEFORE_COPY	bounded search candidate; include only if required for PhysEditWorld restore
weight_or_model_candidate	/home/nvme03/workspace/world_model_phys/Diffueraser_DPO_Log/20260429_112426_h20-stage2-smoke-gpu7-bf16-lowmem/wandb		True	dir	4096	2026-04-29T19:24:34	PENDING_LARGE_OR_DIR		REVIEW_BEFORE_COPY	bounded search candidate; include only if required for PhysEditWorld restore
weight_or_model_candidate	/home/nvme03/workspace/world_model_phys/Diffueraser_DPO_Log/20260429_112426_h20-stage2-smoke-gpu7-bf16-lowmem/wandb/wandb		True	dir	4096	2026-04-29T19:24:44	PENDING_LARGE_OR_DIR		REVIEW_BEFORE_COPY	bounded search candidate; include only if required for PhysEditWorld restore
weight_or_model_candidate	/home/nvme03/workspace/world_model_phys/Diffueraser_DPO_Log/20260429_112426_h20-stage2-smoke-gpu7-bf16-lowmem/experiment/wandb_run_info.json		True	file	237	2026-04-29T19:24:37	SHA256_OK	6d40aa96b0688c53498dc8017b1eff3263d65fc023fd025f16d1346aeb622da0	REVIEW_BEFORE_COPY	bounded search candidate; include only if required for PhysEditWorld restore
weight_or_model_candidate	/home/nvme03/workspace/world_model_phys/Diffueraser_DPO_Log/20260501_143946_h20-stage1-wingap-only-gpu3-7-15k/wandb		True	dir	4096	2026-05-01T22:39:57	PENDING_LARGE_OR_DIR		REVIEW_BEFORE_COPY	bounded search candidate; include only if required for PhysEditWorld restore
weight_or_model_candidate	/home/nvme03/workspace/world_model_phys/Diffueraser_DPO_Log/20260501_143946_h20-stage1-wingap-only-gpu3-7-15k/wandb/wandb		True	dir	4096	2026-05-01T22:39:57	PENDING_LARGE_OR_DIR		REVIEW_BEFORE_COPY	bounded search candidate; include only if required for PhysEditWorld restore
weight_or_model_candidate	/home/nvme03/workspace/world_model_phys/Diffueraser_DPO_Log/20260424_042402_smoke_newdata_noanchor_1gpu/wandb		True	dir	4096	2026-04-24T12:24:10	PENDING_LARGE_OR_DIR		REVIEW_BEFORE_COPY	bounded search candidate; include only if required for PhysEditWorld restore
weight_or_model_candidate	/home/nvme03/workspace/world_model_phys/Diffueraser_DPO_Log/20260424_042402_smoke_newdata_noanchor_1gpu/wandb/wandb		True	dir	4096	2026-04-24T12:24:54	PENDING_LARGE_OR_DIR		REVIEW_BEFORE_COPY	bounded search candidate; include only if required for PhysEditWorld restore
weight_or_model_candidate	/home/nvme03/workspace/world_model_phys/Diffueraser_DPO_Log/20260424_042402_smoke_newdata_noanchor_1gpu/experiment/wandb_run_info.json		True	file	213	2026-04-24T12:24:13	SHA256_OK	dc1b307f76fe66a573444f4a5d3b984ac3527ee652d91e6c90d85e93289fe1b0	REVIEW_BEFORE_COPY	bounded search candidate; include only if required for PhysEditWorld restore
weight_or_model_candidate	/home/nvme03/workspace/world_model_phys/Diffueraser_DPO_Log/20260502_142408_h20-stage1-wingap-only-beta10-step48000-policyfp32-refbf16-gpu3-7-20k/wandb		True	dir	4096	2026-05-03T03:34:32	PENDING_LARGE_OR_DIR		REVIEW_BEFORE_COPY	bounded search candidate; include only if required for PhysEditWorld restore
weight_or_model_candidate	/home/nvme03/workspace/world_model_phys/Diffueraser_DPO_Log/20260502_142408_h20-stage1-wingap-only-beta10-step48000-policyfp32-refbf16-gpu3-7-20k/wandb/wandb		True	dir	4096	2026-05-04T11:48:27	PENDING_LARGE_OR_DIR		REVIEW_BEFORE_COPY	bounded search candidate; include only if required for PhysEditWorld restore
weight_or_model_candidate	/home/nvme03/workspace/world_model_phys/Diffueraser_DPO_Log/20260502_142408_h20-stage1-wingap-only-beta10-step48000-policyfp32-refbf16-gpu3-7-20k/experiment/wandb_run_info.json		True	file	146	2026-05-03T19:56:27	SHA256_OK	65ae7d4bb4247651e5dd6433ba963591efa956f8817ad3a1afec9486795645b2	REVIEW_BEFORE_COPY	bounded search candidate; include only if required for PhysEditWorld restore
weight_or_model_candidate	/home/nvme03/workspace/world_model_phys/Diffueraser_DPO_Log/20260502_142708_h20-stage1-wingap-only-beta10-policyfp32-refbf16-gpu3-7-15k/wandb		True	dir	4096	2026-05-02T22:27:08	PENDING_LARGE_OR_DIR		REVIEW_BEFORE_COPY	bounded search candidate; include only if required for PhysEditWorld restore
weight_or_model_candidate	/home/nvme03/workspace/world_model_phys/Diffueraser_DPO_Log/20260427_130823_h20-stage1-smoke-gpu7-fp32/wandb		True	dir	4096	2026-04-27T21:08:31	PENDING_LARGE_OR_DIR		REVIEW_BEFORE_COPY	bounded search candidate; include only if required for PhysEditWorld restore
weight_or_model_candidate	/home/nvme03/workspace/world_model_phys/Diffueraser_DPO_Log/20260427_130823_h20-stage1-smoke-gpu7-fp32/wandb/wandb		True	dir	4096	2026-04-27T21:12:02	PENDING_LARGE_OR_DIR		REVIEW_BEFORE_COPY	bounded search candidate; include only if required for PhysEditWorld restore
weight_or_model_candidate	/home/nvme03/workspace/world_model_phys/Diffueraser_DPO_Log/20260427_130823_h20-stage1-smoke-gpu7-fp32/experiment/wandb_run_info.json		True	file	237	2026-04-27T21:08:33	SHA256_OK	dfd42b16c53ecf60065ea1c4bb1cc1aa3db8ca3158b0268bf9a5fd5887b21771	REVIEW_BEFORE_COPY	bounded search candidate; include only if required for PhysEditWorld restore
weight_or_model_candidate	/home/nvme03/workspace/world_model_phys/Diffueraser_DPO_Log/20260427_130013_h20-stage1-smoke-gpu7-fp16/wandb		True	dir	4096	2026-04-27T21:00:20	PENDING_LARGE_OR_DIR		REVIEW_BEFORE_COPY	bounded search candidate; include only if required for PhysEditWorld restore
weight_or_model_candidate	/home/nvme03/workspace/world_model_phys/Diffueraser_DPO_Log/20260427_130013_h20-stage1-smoke-gpu7-fp16/wandb/wandb		True	dir	4096	2026-04-27T21:03:30	PENDING_LARGE_OR_DIR		REVIEW_BEFORE_COPY	bounded search candidate; include only if required for PhysEditWorld restore
weight_or_model_candidate	/home/nvme03/workspace/world_model_phys/Diffueraser_DPO_Log/20260427_130013_h20-stage1-smoke-gpu7-fp16/experiment/wandb_run_info.json		True	file	237	2026-04-27T21:00:22	SHA256_OK	df7e31c5d562346927bafc8c3b2738df242de77cb68d02913c7fc7530c02ac7c	REVIEW_BEFORE_COPY	bounded search candidate; include only if required for PhysEditWorld restore
weight_or_model_candidate	/home/nvme03/workspace/world_model_phys/Diffueraser_DPO_Log/20260424_045929_smoke_seed7_fp32_split_n8_500/wandb		True	dir	4096	2026-04-24T14:01:45	PENDING_LARGE_OR_DIR		REVIEW_BEFORE_COPY	bounded search candidate; include only if required for PhysEditWorld restore
weight_or_model_candidate	/home/nvme03/workspace/world_model_phys/Diffueraser_DPO_Log/20260424_045929_smoke_seed7_fp32_split_n8_500/wandb/wandb		True	dir	4096	2026-04-24T12:59:39	PENDING_LARGE_OR_DIR		REVIEW_BEFORE_COPY	bounded search candidate; include only if required for PhysEditWorld restore
weight_or_model_candidate	/home/nvme03/workspace/world_model_phys/Diffueraser_DPO_Log/20260424_045929_smoke_seed7_fp32_split_n8_500/experiment/wandb_run_info.json		True	file	213	2026-04-24T12:59:41	SHA256_OK	af124f4960c17ed984b4a736204df1744d0fff36216867c6a5e3c06636371bea	REVIEW_BEFORE_COPY	bounded search candidate; include only if required for PhysEditWorld restore
weight_or_model_candidate	/home/nvme03/workspace/world_model_phys/Diffueraser_DPO_Log/20260421_223030_h20-dpo-stage1-probe-beta50-600step-gpu4567/wandb		True	dir	4096	2026-04-22T06:30:43	PENDING_LARGE_OR_DIR		REVIEW_BEFORE_COPY	bounded search candidate; include only if required for PhysEditWorld restore
weight_or_model_candidate	/home/nvme03/workspace/world_model_phys/Diffueraser_DPO_Log/20260421_223030_h20-dpo-stage1-probe-beta50-600step-gpu4567/wandb/wandb		True	dir	4096	2026-04-22T06:32:33	PENDING_LARGE_OR_DIR		REVIEW_BEFORE_COPY	bounded search candidate; include only if required for PhysEditWorld restore
weight_or_model_candidate	/home/nvme03/workspace/world_model_phys/Diffueraser_DPO_Log/20260421_223030_h20-dpo-stage1-probe-beta50-600step-gpu4567/experiment/wandb_run_info.json		True	file	213	2026-04-22T06:30:45	SHA256_OK	bfdab2658dcdf0ea7bc3ce04e363fcc1d7af9a5242b8772edef0c65a2f71bda3	REVIEW_BEFORE_COPY	bounded search candidate; include only if required for PhysEditWorld restore
weight_or_model_candidate	/home/nvme03/workspace/world_model_phys/Diffueraser_DPO_Log/20260501_234820_h20-stage1-wingap-only-beta10-policyfp32-refbf16-gpu3-7-15k/wandb		True	dir	4096	2026-05-02T12:59:29	PENDING_LARGE_OR_DIR		REVIEW_BEFORE_COPY	bounded search candidate; include only if required for PhysEditWorld restore
weight_or_model_candidate	/home/nvme03/workspace/world_model_phys/Diffueraser_DPO_Log/20260501_234820_h20-stage1-wingap-only-beta10-policyfp32-refbf16-gpu3-7-15k/wandb/wandb		True	dir	4096	2026-05-02T22:15:10	PENDING_LARGE_OR_DIR		REVIEW_BEFORE_COPY	bounded search candidate; include only if required for PhysEditWorld restore
weight_or_model_candidate	/home/nvme03/workspace/world_model_phys/Diffueraser_DPO_Log/20260501_234820_h20-stage1-wingap-only-beta10-policyfp32-refbf16-gpu3-7-15k/experiment/wandb_run_info.json		True	file	146	2026-05-02T22:15:11	SHA256_OK	ee4d10d0c8b691c0ee5c04ad6eed03167a65ac96487656c524d75572ef9cdcb2	REVIEW_BEFORE_COPY	bounded search candidate; include only if required for PhysEditWorld restore
weight_or_model_candidate	/home/nvme03/workspace/world_model_phys/Diffueraser_DPO_Log/20260424_100058_regdpo_sft100_h20_smoke500/wandb		True	dir	4096	2026-04-24T19:03:44	PENDING_LARGE_OR_DIR		REVIEW_BEFORE_COPY	bounded search candidate; include only if required for PhysEditWorld restore
weight_or_model_candidate	/home/nvme03/workspace/world_model_phys/Diffueraser_DPO_Log/20260424_100058_regdpo_sft100_h20_smoke500/wandb/wandb		True	dir	4096	2026-04-24T18:01:09	PENDING_LARGE_OR_DIR		REVIEW_BEFORE_COPY	bounded search candidate; include only if required for PhysEditWorld restore
weight_or_model_candidate	/home/nvme03/workspace/world_model_phys/Diffueraser_DPO_Log/20260424_100058_regdpo_sft100_h20_smoke500/experiment/wandb_run_info.json		True	file	213	2026-04-24T18:01:14	SHA256_OK	6397d564234b0be2d7c1b01f631716218d970f9b624afc9183c1ba93984ae452	REVIEW_BEFORE_COPY	bounded search candidate; include only if required for PhysEditWorld restore
weight_or_model_candidate	/home/nvme03/workspace/world_model_phys/external/Depth-Anything-V2/metric_depth/depth_anything_v2/dinov2_layers		True	dir	4096	2025-01-22T15:53:27	PENDING_LARGE_OR_DIR		REVIEW_BEFORE_COPY	bounded search candidate; include only if required for PhysEditWorld restore
weight_or_model_candidate	/home/nvme03/workspace/world_model_phys/external/Depth-Anything-V2/metric_depth/depth_anything_v2/dinov2.py		True	file	15177	2025-01-22T15:53:27	SHA256_OK	0ceeaecd4e8026f8218694014642515fb7a0943c1833b75edc91ae7a79ac9690	REVIEW_BEFORE_COPY	bounded search candidate; include only if required for PhysEditWorld restore
weight_or_model_candidate	/home/nvme03/workspace/world_model_phys/external/Depth-Anything-V2/depth_anything_v2/dinov2_layers		True	dir	4096	2025-01-22T15:53:27	PENDING_LARGE_OR_DIR		REVIEW_BEFORE_COPY	bounded search candidate; include only if required for PhysEditWorld restore
weight_or_model_candidate	/home/nvme03/workspace/world_model_phys/external/Depth-Anything-V2/depth_anything_v2/dinov2.py		True	file	15178	2025-01-22T15:53:27	SHA256_OK	d22df8d0da44c8525ebed898fd9c33b3acfcda919a84d577cc2a08bfd3d50ac1	REVIEW_BEFORE_COPY	bounded search candidate; include only if required for PhysEditWorld restore
weight_or_model_candidate	/home/nvme03/workspace/world_model_phys/external/WorldModelBench/images/Ot5JtyflRRw_000122_000132.jpg		True	file	33312	2026-04-14T13:08:00	SHA256_OK	fe7ea0fc79d1998a9e568508a47822ed104588839e8d46ca9212517de1cb5d21	REVIEW_BEFORE_COPY	bounded search candidate; include only if required for PhysEditWorld restore
weight_or_model_candidate	/home/nvme03/workspace/world_model_phys/external/WorldModelBench/data/images/Ot5JtyflRRw_000122_000132.jpg		True	file	33312	2026-04-14T13:18:58	SHA256_OK	fe7ea0fc79d1998a9e568508a47822ed104588839e8d46ca9212517de1cb5d21	REVIEW_BEFORE_COPY	bounded search candidate; include only if required for PhysEditWorld restore
weight_or_model_candidate	/home/nvme03/workspace/world_model_phys/external/MAGI-1/inference/model/vae		True	dir	4096	2026-04-22T21:13:34	PENDING_LARGE_OR_DIR		REVIEW_BEFORE_COPY	bounded search candidate; include only if required for PhysEditWorld restore
weight_or_model_candidate	/home/nvme03/workspace/world_model_phys/external/MAGI-1/inference/model/t5		True	dir	4096	2026-04-22T21:13:32	PENDING_LARGE_OR_DIR		REVIEW_BEFORE_COPY	bounded search candidate; include only if required for PhysEditWorld restore
weight_or_model_candidate	/home/nvme03/workspace/world_model_phys/external/pisa-experiments/requirements/requirements-vae.txt		True	file	89	2026-03-09T19:09:47	SHA256_OK	b19182089afb6df8b6f1ba69f066515e16d8a5ce26a75a57bce8bd3539ec6077	REVIEW_BEFORE_COPY	bounded search candidate; include only if required for PhysEditWorld restore
weight_or_model_candidate	/home/nvme03/workspace/world_model_phys/external/pisa-experiments/opensora/models/vae		True	dir	4096	2026-03-09T19:09:47	PENDING_LARGE_OR_DIR		REVIEW_BEFORE_COPY	bounded search candidate; include only if required for PhysEditWorld restore
weight_or_model_candidate	/home/nvme03/workspace/world_model_phys/external/CogVideo/sat/vae_modules		True	dir	4096	2026-04-02T11:02:11	PENDING_LARGE_OR_DIR		REVIEW_BEFORE_COPY	bounded search candidate; include only if required for PhysEditWorld restore
weight_or_model_candidate	/home/nvme03/workspace/world_model_phys/external/CogVideo/inference/cli_vae_demo.py		True	file	6483	2026-04-02T11:02:11	SHA256_OK	eb63954873544326939c3d263eeb3c5f1d666059ac736c8534c049e049b97d29	REVIEW_BEFORE_COPY	bounded search candidate; include only if required for PhysEditWorld restore
weight_or_model_candidate	/home/nvme03/workspace/world_model_phys/external/videophy/videocon/training/wandb		True	dir	4096	2026-03-21T17:30:01	PENDING_LARGE_OR_DIR		REVIEW_BEFORE_COPY	bounded search candidate; include only if required for PhysEditWorld restore
weight_or_model_candidate	/home/nvme03/workspace/world_model_phys/external/WMReward/vjepa2		True	dir	4096	2026-03-09T21:29:54	PENDING_LARGE_OR_DIR		REVIEW_BEFORE_COPY	bounded search candidate; include only if required for PhysEditWorld restore
weight_or_model_candidate	/home/nvme03/workspace/world_model_phys/external/WMReward/vjepa2/notebooks/vjepa2_demo.py		True	file	6984	2026-03-02T20:08:33	SHA256_OK	c8cac3d63bcec5385496c087736f4f6badb242ef1d7d2256c1a9cfbfe4a26f73	REVIEW_BEFORE_COPY	bounded search candidate; include only if required for PhysEditWorld restore
weight_or_model_candidate	/home/nvme03/workspace/world_model_phys/external/WMReward/vjepa2/notebooks/vjepa2_demo.ipynb		True	file	13361	2026-03-02T20:08:33	SHA256_OK	0386b325e6a97b7d7c01f0d7a5640046ac4680c1cdb1fa70d3f3b824a144df3d	REVIEW_BEFORE_COPY	bounded search candidate; include only if required for PhysEditWorld restore
weight_or_model_candidate	/home/nvme03/workspace/world_model_phys/external/WMReward/vjepa2/app/vjepa		True	dir	4096	2026-03-09T21:29:54	PENDING_LARGE_OR_DIR		REVIEW_BEFORE_COPY	bounded search candidate; include only if required for PhysEditWorld restore
weight_or_model_candidate	/home/nvme03/workspace/world_model_phys/external/WMReward/vjepa2/app/vjepa_droid		True	dir	4096	2026-03-09T21:29:54	PENDING_LARGE_OR_DIR		REVIEW_BEFORE_COPY	bounded search candidate; include only if required for PhysEditWorld restore
weight_or_model_candidate	/home/nvme03/workspace/world_model_phys/external/WMReward/vjepa2/assets/vjepa2-abstract-new.png		True	file	27862	2026-03-02T20:08:33	SHA256_OK	9d092de5fd7e2bab74e2b531cfe80424d3d69f1c1606652ffec61196673cdb82	REVIEW_BEFORE_COPY	bounded search candidate; include only if required for PhysEditWorld restore
weight_or_model_candidate	/home/nvme03/workspace/world_model_phys/external/WMReward/vjepa2/assets/vjepa2-ac-abstract-new.png		True	file	25180	2026-03-02T20:08:33	SHA256_OK	30b48d9bab36759ba0d708c0812e439bed07de255c7bf6c74f3a29a0880dafb7	REVIEW_BEFORE_COPY	bounded search candidate; include only if required for PhysEditWorld restore
weight_or_model_candidate	/home/nvme03/workspace/world_model_phys/external/WMReward/.git/modules/vjepa2		True	dir	4096	2026-03-02T20:08:38	PENDING_LARGE_OR_DIR		REVIEW_BEFORE_COPY	bounded search candidate; include only if required for PhysEditWorld restore
weight_or_model_candidate	/home/nvme03/workspace/world_model_phys/checkpoints/MAGI-1/ckpt/vae		True	dir	4096	2026-03-10T10:59:43	PENDING_LARGE_OR_DIR		REVIEW_BEFORE_COPY	bounded search candidate; include only if required for PhysEditWorld restore
weight_or_model_candidate	/home/nvme03/workspace/world_model_phys/checkpoints/MAGI-1/ckpt/vae/diffusion_pytorch_model.safetensors		True	file	2455072868	2026-03-10T10:59:43	DEFERRED_GT256MB_TO_AVOID_IO_STORM		REVIEW_BEFORE_COPY	bounded search candidate; include only if required for PhysEditWorld restore
weight_or_model_candidate	/home/nvme03/workspace/world_model_phys/checkpoints/MAGI-1/ckpt/t5		True	dir	4096	2026-03-10T10:54:42	PENDING_LARGE_OR_DIR		REVIEW_BEFORE_COPY	bounded search candidate; include only if required for PhysEditWorld restore
weight_or_model_candidate	/home/nvme03/workspace/world_model_phys/checkpoints/MAGI-1/ckpt/t5/t5-v1_1-xxl		True	dir	4096	2026-03-10T10:54:42	PENDING_LARGE_OR_DIR		REVIEW_BEFORE_COPY	bounded search candidate; include only if required for PhysEditWorld restore
weight_or_model_candidate	/home/nvme03/workspace/world_model_phys/checkpoints/CogVideoX-5B-I2V/tokenizer		True	dir	4096	2026-04-07T14:20:55	PENDING_LARGE_OR_DIR		REVIEW_BEFORE_COPY	bounded search candidate; include only if required for PhysEditWorld restore
weight_or_model_candidate	/home/nvme03/workspace/world_model_phys/checkpoints/CogVideoX-5B-I2V/tokenizer/tokenizer_config.json		True	file	20617	2026-04-07T14:20:55	SHA256_OK	9c4f8a92630f7c6cc082831b291d6f46f18455d69d1a2a52c9b5f5303ab01469	REVIEW_BEFORE_COPY	bounded search candidate; include only if required for PhysEditWorld restore
weight_or_model_candidate	/home/nvme03/workspace/world_model_phys/checkpoints/CogVideoX-5B-I2V/vae		True	dir	4096	2026-04-07T14:32:33	PENDING_LARGE_OR_DIR		REVIEW_BEFORE_COPY	bounded search candidate; include only if required for PhysEditWorld restore
weight_or_model_candidate	/home/nvme03/workspace/world_model_phys/checkpoints/CogVideoX-5B-I2V/vae/diffusion_pytorch_model.safetensors		True	file	862388596	2026-04-07T14:32:33	DEFERRED_GT256MB_TO_AVOID_IO_STORM		REVIEW_BEFORE_COPY	bounded search candidate; include only if required for PhysEditWorld restore
weight_or_model_candidate	/home/nvme03/workspace/world_model_phys/scripts/launch_wan22_5s_queue.sh		True	file	3136	2026-05-03T09:22:01	SHA256_OK	3318411a3a273da68f6c104afe9e38864204822d5c9e25a8850a99d205b93b45	REVIEW_BEFORE_COPY	bounded search candidate; include only if required for PhysEditWorld restore
weight_or_model_candidate	/home/nvme03/workspace/world_model_phys/scripts/test_vjepa_load.py		True	file	1808	2026-03-12T12:25:29	SHA256_OK	a9f0507054224e2922b73796b4e22fa5b2111aa6b80e8f1978a0fe0c12b91d17	REVIEW_BEFORE_COPY	bounded search candidate; include only if required for PhysEditWorld restore
weight_or_model_candidate	/home/nvme03/workspace/world_model_phys/scripts/prepare_ssv2_expanded_kinematics_for_wan.py		True	file	5963	2026-05-03T09:37:59	SHA256_OK	9a8cd50d6768e62205be9bfed164fc5e51fce1434b80fd9a5b342aac2759b501	REVIEW_BEFORE_COPY	bounded search candidate; include only if required for PhysEditWorld restore
weight_or_model_candidate	/home/nvme03/workspace/world_model_phys/scripts/prepare_ssv2_val_physics16_for_wan.py		True	file	2908	2026-04-27T16:49:49	SHA256_OK	147753534214229afec4707c9ea96f7c91b2148da0563a84a247b42ee9627d5f	REVIEW_BEFORE_COPY	bounded search candidate; include only if required for PhysEditWorld restore
weight_or_model_candidate	/home/nvme03/workspace/world_model_phys/scripts/launch_wan22_ssv2_hard_kinematics_bo16.sh		True	file	1170	2026-04-30T11:09:50	SHA256_OK	d643f632297a5e8d18a1f93f50845f1528f096c48499aeb51117879448b9534a	REVIEW_BEFORE_COPY	bounded search candidate; include only if required for PhysEditWorld restore
weight_or_model_candidate	/home/nvme03/workspace/world_model_phys/scripts/wan22_ssv2_bo16_worker.py		True	file	9607	2026-04-30T22:04:40	SHA256_OK	fd06eb1421a735bd66603b93f3b17f0b7153f4d60fc080d41b2d6eeb8612b3b4	REVIEW_BEFORE_COPY	bounded search candidate; include only if required for PhysEditWorld restore
weight_or_model_candidate	/home/nvme03/workspace/world_model_phys/scripts/prepare_physicsiq_kinematics_for_wan.py		True	file	3816	2026-04-27T17:14:59	SHA256_OK	2a6ef64598e912d0d7000cbdfe6815be7435c88059bbdd124324e57b004f89fb	REVIEW_BEFORE_COPY	bounded search candidate; include only if required for PhysEditWorld restore
weight_or_model_candidate	/home/nvme03/workspace/world_model_phys/scripts/launch_wan22_physicsiq_kinematics_bo16.sh		True	file	1207	2026-04-29T08:35:11	SHA256_OK	84c9b348d9c28c4401458b577a03cf2222d5befc6535610f02aa76b618188570	REVIEW_BEFORE_COPY	bounded search candidate; include only if required for PhysEditWorld restore
weight_or_model_candidate	/home/nvme03/workspace/world_model_phys/scripts/prepare_ssv2_hard_kinematics_for_wan.py		True	file	4715	2026-04-28T10:24:34	SHA256_OK	9abf7985322f3526090c41b15a69e448c42a3bdc884b9fb205df9cdd33a784f3	REVIEW_BEFORE_COPY	bounded search candidate; include only if required for PhysEditWorld restore
weight_or_model_candidate	/home/nvme03/workspace/world_model_phys/scripts/launch_wan22_ssv2_val_physics16_bo16.sh		True	file	1441	2026-04-30T11:09:50	SHA256_OK	46dbf5dc4aa2074b5974a7eff5b6c8b028e64297972a7a82bb50387e6b576b89	REVIEW_BEFORE_COPY	bounded search candidate; include only if required for PhysEditWorld restore
weight_or_model_candidate	/home/nvme03/workspace/world_model_phys/scripts/__pycache__/prepare_ssv2_expanded_kinematics_for_wan.cpython-310.pyc		True	file	5678	2026-05-03T09:37:59	SHA256_OK	e6b13a7be138d7ab5c4dcc011fa86c35f4b7f7b4976d9a23071bfe57e4eb8573	REVIEW_BEFORE_COPY	bounded search candidate; include only if required for PhysEditWorld restore
weight_or_model_candidate	/home/nvme03/workspace/world_model_phys/scripts/launch_wan22_ssv2_expanded_kinematics_bo16.sh		True	file	1182	2026-04-30T22:04:40	SHA256_OK	29bd4aad7e9289e3dcf9de0f15a4e5499aefa89af7496294af13622a8efb1fcf	REVIEW_BEFORE_COPY	bounded search candidate; include only if required for PhysEditWorld restore
weight_or_model_candidate	/home/nvme03/workspace/world_model_phys/logs/downloads/vjepa2_download.log		True	file	615132	2026-03-10T11:02:25	SHA256_OK	fce1ca60c79a25c7f9ba13a2eaf7c67b8583ed480537ebdaee9b24f63a5d972e	REVIEW_BEFORE_COPY	bounded search candidate; include only if required for PhysEditWorld restore
weight_or_model_candidate	/home/nvme03/workspace/world_model_phys/.conda_envs/phys-videophy/share/zoneinfo/EST5EDT		True	file	1744	2026-03-05T03:23:13	SHA256_OK	d7f2206b3a45989fc9ad63d558922532fa7352280d5f87176bf1db79cb1d1fa9	REVIEW_BEFORE_COPY	bounded search candidate; include only if required for PhysEditWorld restore
weight_or_model_candidate	/home/nvme03/workspace/world_model_phys/.conda_envs/phys-main/share/zoneinfo/EST5EDT		True	file	1744	2026-03-05T03:23:13	SHA256_OK	d7f2206b3a45989fc9ad63d558922532fa7352280d5f87176bf1db79cb1d1fa9	REVIEW_BEFORE_COPY	bounded search candidate; include only if required for PhysEditWorld restore
weight_or_model_candidate	/home/nvme03/workspace/world_model_phys/.conda_envs/phys-main/include/libavutil/cast5.h		True	file	2561	2026-03-25T01:40:10	SHA256_OK	05b2e13aecaa0adbb470081a689f45baffb8e03a71997c31f37a22ea4e383a60	REVIEW_BEFORE_COPY	bounded search candidate; include only if required for PhysEditWorld restore
weight_or_model_candidate	/home/nvme03/workspace/world_model_phys/.conda_envs/phys-main/bin/wandb		True	file	214	2026-04-09T05:02:46	SHA256_OK	c7daeaf32495b87c9e7ff34ffd399b9f4df6b5a2ebb072134d80d554817c0c60	REVIEW_BEFORE_COPY	bounded search candidate; include only if required for PhysEditWorld restore
weight_or_model_candidate	/home/nvme03/workspace/lingbot-world/outputs/physinone_g6_heldout_rank53_base_retry_20260517.nohup.log		True	file	0	2026-05-17T08:24:38	SHA256_OK	e3b0c44298fc1c149afbf4c8996fb92427ae41e4649b934ca495991b7852b855	REVIEW_BEFORE_COPY	bounded search candidate; include only if required for PhysEditWorld restore
weight_or_model_candidate	/home/nvme03/workspace/lingbot-world/outputs/full_base_native832_clean_rollout_20260512		True	dir	4096	2026-05-12T10:32:22	PENDING_LARGE_OR_DIR		REVIEW_BEFORE_COPY	bounded search candidate; include only if required for PhysEditWorld restore
weight_or_model_candidate	/home/nvme03/workspace/lingbot-world/outputs/physinone_missing77_vlm_annotations_20260519_1005/MovingHitsFixed_RollUpSlope_BalloonFloat__bg157__t5vRxy.vlm_annotation.json		True	file	8092	2026-05-19T10:22:46	SHA256_OK	e27ae3ebde3bc705aa2ded7e9f999ca33c98dad0f849669806bb4c93f67f94d5	REVIEW_BEFORE_COPY	bounded search candidate; include only if required for PhysEditWorld restore
weight_or_model_candidate	/home/nvme03/workspace/lingbot-world/outputs/physinone_g6_same_input_catapult_20260517/logs/CatapultLaunch_StickSupportFail__bg177__v11WsG_seed7002_base.status		True	file	140	2026-05-17T02:12:03	SHA256_OK	f8a070335d3803aacebcf926a4e778af315ecc45c59c9a0844010d82ca309501	REVIEW_BEFORE_COPY	bounded search candidate; include only if required for PhysEditWorld restore
weight_or_model_candidate	/home/nvme03/workspace/lingbot-world/outputs/physinone_g6_same_input_catapult_20260517/logs/CatapultLaunch_StickSupportFail__bg177__v11WsG_seed7002_base.log		True	file	10673	2026-05-17T02:11:43	SHA256_OK	94c7faf2764d2a46e15e51b520c733385988ef56b7d4e84ba016683e9ae5ec50	REVIEW_BEFORE_COPY	bounded search candidate; include only if required for PhysEditWorld restore
weight_or_model_candidate	/home/nvme03/workspace/lingbot-world/outputs/physinone_sft_catapult20_infer_smoke_20260513/videos/catapult_base_seed7002_steps4.mp4		True	file	3429898	2026-05-13T14:32:10	SHA256_OK	0b5194f76781a82600293bfa7e84aabe1befd4ce9ef2f2d347a049ea4aca09bb	REVIEW_BEFORE_COPY	bounded search candidate; include only if required for PhysEditWorld restore
weight_or_model_candidate	/home/nvme03/workspace/lingbot-world/outputs/physinone_sft_catapult20_infer_smoke_20260513/logs/catapult_base_seed7002_steps4.log		True	file	5665	2026-05-13T14:32:10	SHA256_OK	02af0af9d69536cac2bcea2907ba1b75c2f022ea27a3ced75bfb7fe82236054c	REVIEW_BEFORE_COPY	bounded search candidate; include only if required for PhysEditWorld restore
weight_or_model_candidate	/home/nvme03/workspace/lingbot-world/outputs/physinone_missing77_inference_ablation_fL5e7U_20260520_0008/videos/MovingHitsStationary_ImpactFracture_FixedArrayRedirect__bg162__fL5e7U_seed7002_base_vlm_hybrid_p17.mp4		True	file	6262028	2026-05-20T01:14:49	SHA256_OK	be7429639f53de3a7e493b410ca5ccd208dbf65530068098ccb37577f83d4207	REVIEW_BEFORE_COPY	bounded search candidate; include only if required for PhysEditWorld restore
weight_or_model_candidate	/home/nvme03/workspace/lingbot-world/outputs/physinone_missing77_inference_ablation_fL5e7U_20260520_0008/videos/MovingHitsStationary_ImpactFracture_FixedArrayRedirect__bg162__fL5e7U_seed7002_base_vlm_hybrid_p9.mp4		True	file	6137091	2026-05-20T01:14:32	SHA256_OK	01799b4b8b5860b4a92cc554db792191c161a233caf43c6649564254e1915feb	REVIEW_BEFORE_COPY	bounded search candidate; include only if required for PhysEditWorld restore
weight_or_model_candidate	/home/nvme03/workspace/lingbot-world/outputs/physinone_missing77_inference_ablation_fL5e7U_20260520_0008/contact_sheets/MovingHitsStationary_ImpactFracture_FixedArrayRedirect__bg162__fL5e7U_inference_ablation_gt_baseline_new.json		True	file	1909	2026-05-20T01:18:34	SHA256_OK	79ccfe2a2bcb1bc8bb7f2fd58bb9ef5017ce5f1b428c2cdf9e5cfdb6ee17211c	REVIEW_BEFORE_COPY	bounded search candidate; include only if required for PhysEditWorld restore
weight_or_model_candidate	/home/nvme03/workspace/lingbot-world/outputs/physinone_missing77_inference_ablation_fL5e7U_20260520_0008/contact_sheets/MovingHitsStationary_ImpactFracture_FixedArrayRedirect__bg162__fL5e7U_inference_ablation_gt_baseline_new.jpg		True	file	814756	2026-05-20T01:18:34	SHA256_OK	eb943cf485d1849beb4a29a63172dc6569bcdcf40c0a3bd9e11f2772b41b0950	REVIEW_BEFORE_COPY	bounded search candidate; include only if required for PhysEditWorld restore
weight_or_model_candidate	/home/nvme03/workspace/lingbot-world/outputs/physinone_missing77_inference_ablation_fL5e7U_20260520_0008/logs/MovingHitsStationary_ImpactFracture_FixedArrayRedirect__bg162__fL5e7U_seed7002_base_vlm_hybrid_p17.log		True	file	14005	2026-05-20T01:14:49	SHA256_OK	68c881d3cd7a2d651e4f079b80d09fae276875035f420d1df1c6ac088272206c	REVIEW_BEFORE_COPY	bounded search candidate; include only if required for PhysEditWorld restore
weight_or_model_candidate	/home/nvme03/workspace/lingbot-world/outputs/physinone_missing77_inference_ablation_fL5e7U_20260520_0008/logs/MovingHitsStationary_ImpactFracture_FixedArrayRedirect__bg162__fL5e7U_seed7002_base_vlm_hybrid_p17.status		True	file	173	2026-05-20T01:18:08	SHA256_OK	9442e05bf3de4c64feaf8fed90d10a1c212c94a527d917762a3df375434797c5	REVIEW_BEFORE_COPY	bounded search candidate; include only if required for PhysEditWorld restore
weight_or_model_candidate	/home/nvme03/workspace/lingbot-world/outputs/physinone_missing77_inference_ablation_fL5e7U_20260520_0008/logs/MovingHitsStationary_ImpactFracture_FixedArrayRedirect__bg162__fL5e7U_seed7002_base_vlm_hybrid_p9.log		True	file	14001	2026-05-20T01:14:32	SHA256_OK	5ac69efed71415e1119ea21d5e4e7df0c9a8d549942e921c28372002ed82d83e	REVIEW_BEFORE_COPY	bounded search candidate; include only if required for PhysEditWorld restore
weight_or_model_candidate	/home/nvme03/workspace/lingbot-world/outputs/physinone_missing77_inference_ablation_fL5e7U_20260520_0008/logs/MovingHitsStationary_ImpactFracture_FixedArrayRedirect__bg162__fL5e7U_seed7002_base_vlm_hybrid_p9.status		True	file	171	2026-05-20T01:14:52	SHA256_OK	be113405a31aa6a8b5c96c29e616a8e10fd43b6a8500432b78a5e5e23d81a13d	REVIEW_BEFORE_COPY	bounded search candidate; include only if required for PhysEditWorld restore
weight_or_model_candidate	/home/nvme03/workspace/lingbot-world/outputs/full_base_returnfixed_probe8_k2_20260513_sizefix		True	dir	4096	2026-05-13T23:51:18	PENDING_LARGE_OR_DIR		REVIEW_BEFORE_COPY	bounded search candidate; include only if required for PhysEditWorld restore
weight_or_model_candidate	/home/nvme03/workspace/lingbot-world/outputs/physinone_missing77_vlm_prefix9_more_rollouts_20260519_1430/videos/MovingHitsStationary_RollDownSlope_CatapultLaunch__bg172__YyYGra_seed7002_base_prefix9.mp4		True	file	9087484	2026-05-19T15:25:16	SHA256_OK	c5c83fb69fc855a0b0f464319e06cbe5ec5d3a2e1c77615723fe4ce1eeefe231	REVIEW_BEFORE_COPY	bounded search candidate; include only if required for PhysEditWorld restore
weight_or_model_candidate	/home/nvme03/workspace/lingbot-world/outputs/physinone_missing77_vlm_prefix9_more_rollouts_20260519_1430/videos/VerticalFall_RollUpSlope_UniformSurfaceSpin__bg156__FGs3ZY_seed7002_base_prefix9.mp4		True	file	6265841	2026-05-19T16:25:24	SHA256_OK	3eaecfe9b6728eef543aa5d8ee31d3f288c01716e7d9b46848bdbbb73a649fea	REVIEW_BEFORE_COPY	bounded search candidate; include only if required for PhysEditWorld restore
weight_or_model_candidate	/home/nvme03/workspace/lingbot-world/outputs/physinone_missing77_vlm_prefix9_more_rollouts_20260519_1430/videos/MovingHitsStationary_MovingHitsMoving_RollDownSlope__bg177__66efPp_seed7002_base_prefix9.mp4		True	file	6576490	2026-05-19T15:24:55	SHA256_OK	b08c5aa76c81e4b5367c7cfb204998dbc93e898035279e35f83404bbc86eaa6a	REVIEW_BEFORE_COPY	bounded search candidate; include only if required for PhysEditWorld restore
weight_or_model_candidate	/home/nvme03/workspace/lingbot-world/outputs/physinone_missing77_vlm_prefix9_more_rollouts_20260519_1430/videos/WindPushStationary_WindDeflectMotion_RollDownSlope__bg178__U5mgEm_seed7002_base_prefix9.mp4		True	file	5293245	2026-05-19T16:25:29	SHA256_OK	62a6052f10ebc257452e13670545ea255e3b0a893da3c01f3fe8710c437931f7	REVIEW_BEFORE_COPY	bounded search candidate; include only if required for PhysEditWorld restore
weight_or_model_candidate	/home/nvme03/workspace/lingbot-world/outputs/physinone_missing77_vlm_prefix9_more_rollouts_20260519_1430/contact_sheets/VerticalFall_RollUpSlope_UniformSurfaceSpin__bg156__FGs3ZY_seed7002_gt_base_lowhigh.jpg		True	file	376687	2026-05-19T16:29:06	SHA256_OK	2baebd2722ead9fe9890cb8962d433ec28b0466e54e07dd8111f50a0d236bee0	REVIEW_BEFORE_COPY	bounded search candidate; include only if required for PhysEditWorld restore
weight_or_model_candidate	/home/nvme03/workspace/lingbot-world/outputs/physinone_missing77_vlm_prefix9_more_rollouts_20260519_1430/contact_sheets/WindPushStationary_WindDeflectMotion_RollDownSlope__bg178__U5mgEm_seed7002_gt_base_lowhigh.json		True	file	808	2026-05-19T16:29:22	SHA256_OK	4c49231367eeacd24845724f1a17f7d364deb17abb5085404b058dc805484e75	REVIEW_BEFORE_COPY	bounded search candidate; include only if required for PhysEditWorld restore
weight_or_model_candidate	/home/nvme03/workspace/lingbot-world/outputs/physinone_missing77_vlm_prefix9_more_rollouts_20260519_1430/contact_sheets/ALL_conditions_gt_base_lowhigh_overview.jpg		True	file	1490198	2026-05-19T16:29:31	SHA256_OK	9b8e6bd3ff6c86ea365097a6d756987e19c312d357f1af16566494d113d44380	REVIEW_BEFORE_COPY	bounded search candidate; include only if required for PhysEditWorld restore
weight_or_model_candidate	/home/nvme03/workspace/lingbot-world/outputs/physinone_missing77_vlm_prefix9_more_rollouts_20260519_1430/contact_sheets/VerticalFall_RollUpSlope_UniformSurfaceSpin__bg156__FGs3ZY_seed7002_gt_base_lowhigh.json		True	file	787	2026-05-19T16:29:06	SHA256_OK	114e15658dc015e1d3467956bb49b5fb3a790358fa4a55046a74a36f06e91414	REVIEW_BEFORE_COPY	bounded search candidate; include only if required for PhysEditWorld restore
weight_or_model_candidate	/home/nvme03/workspace/lingbot-world/outputs/physinone_missing77_vlm_prefix9_more_rollouts_20260519_1430/contact_sheets/MovingHitsStationary_MovingHitsMoving_RollDownSlope__bg177__66efPp_seed7002_gt_base_lowhigh.jpg		True	file	369352	2026-05-19T16:28:36	SHA256_OK	91aa562828b3db9b94fe49dfc60eb0821678515a66c5f1723e3a72111f1e8fd8	REVIEW_BEFORE_COPY	bounded search candidate; include only if required for PhysEditWorld restore
weight_or_model_candidate	/home/nvme03/workspace/lingbot-world/outputs/physinone_missing77_vlm_prefix9_more_rollouts_20260519_1430/contact_sheets/MovingHitsStationary_MovingHitsMoving_RollDownSlope__bg177__66efPp_seed7002_gt_base_lowhigh.json		True	file	811	2026-05-19T16:28:36	SHA256_OK	3783fa003ae84ac1e5efca4553895882fba909e06fc07255f6d707f8244bcd37	REVIEW_BEFORE_COPY	bounded search candidate; include only if required for PhysEditWorld restore
weight_or_model_candidate	/home/nvme03/workspace/lingbot-world/outputs/physinone_missing77_vlm_prefix9_more_rollouts_20260519_1430/contact_sheets/WindPushStationary_WindDeflectMotion_RollDownSlope__bg178__U5mgEm_seed7002_gt_base_lowhigh.jpg		True	file	401423	2026-05-19T16:29:22	SHA256_OK	e759652e43934283c200ba563a8258b28a52882b5db7475998a18c417c314d22	REVIEW_BEFORE_COPY	bounded search candidate; include only if required for PhysEditWorld restore
weight_or_model_candidate	/home/nvme03/workspace/lingbot-world/outputs/physinone_missing77_vlm_prefix9_more_rollouts_20260519_1430/contact_sheets/MovingHitsStationary_RollDownSlope_CatapultLaunch__bg172__YyYGra_seed7002_gt_base_lowhigh.jpg		True	file	309490	2026-05-19T16:28:51	SHA256_OK	241b25976b18e06d08139100ecc3ab7ae394c94b6638c2fcf19dc79a31eb8c4e	REVIEW_BEFORE_COPY	bounded search candidate; include only if required for PhysEditWorld restore
weight_or_model_candidate	/home/nvme03/workspace/lingbot-world/outputs/physinone_missing77_vlm_prefix9_more_rollouts_20260519_1430/contact_sheets/MovingHitsStationary_RollDownSlope_CatapultLaunch__bg172__YyYGra_seed7002_gt_base_lowhigh.json		True	file	805	2026-05-19T16:28:51	SHA256_OK	3b6fc7a34d79dcd7f04a4e22fd012ab2236b09f6fc1e3bbabbd78f323bb7c3db	REVIEW_BEFORE_COPY	bounded search candidate; include only if required for PhysEditWorld restore
weight_or_model_candidate	/home/nvme03/workspace/lingbot-world/outputs/physinone_missing77_vlm_prefix9_more_rollouts_20260519_1430/logs/MovingHitsStationary_RollDownSlope_CatapultLaunch__bg172__YyYGra_seed7002_base_prefix9.status		True	file	182	2026-05-19T15:28:45	SHA256_OK	eb57ce6c94fe19168600b2ee570354f66f8b0e1da82917180af5fc8a4bf82453	REVIEW_BEFORE_COPY	bounded search candidate; include only if required for PhysEditWorld restore
weight_or_model_candidate	/home/nvme03/workspace/lingbot-world/outputs/physinone_missing77_vlm_prefix9_more_rollouts_20260519_1430/logs/MovingHitsStationary_MovingHitsMoving_RollDownSlope__bg177__66efPp_seed7002_base_prefix9.log		True	file	12477	2026-05-19T15:24:55	SHA256_OK	32f7b7027f0e27fedc7cd4bb8ad347c052fe90892b4b18a78f1681ed96604883	REVIEW_BEFORE_COPY	bounded search candidate; include only if required for PhysEditWorld restore
weight_or_model_candidate	/home/nvme03/workspace/lingbot-world/outputs/physinone_missing77_vlm_prefix9_more_rollouts_20260519_1430/logs/WindPushStationary_WindDeflectMotion_RollDownSlope__bg178__U5mgEm_seed7002_base_prefix9.log		True	file	12472	2026-05-19T16:25:29	SHA256_OK	af125fd23271c9d3123f1fba21f45d1be2b7dc2dc0c23b7ed8f259bd2fb39285	REVIEW_BEFORE_COPY	bounded search candidate; include only if required for PhysEditWorld restore
weight_or_model_candidate	/home/nvme03/workspace/lingbot-world/outputs/physinone_missing77_vlm_prefix9_more_rollouts_20260519_1430/logs/VerticalFall_RollUpSlope_UniformSurfaceSpin__bg156__FGs3ZY_seed7002_base_prefix9.status		True	file	176	2026-05-19T16:25:44	SHA256_OK	e6b7e335b213fce0c17a5229f115aa679c85eb2275fd526df9539e64f9517c6d	REVIEW_BEFORE_COPY	bounded search candidate; include only if required for PhysEditWorld restore
weight_or_model_candidate	/home/nvme03/workspace/lingbot-world/outputs/physinone_missing77_vlm_prefix9_more_rollouts_20260519_1430/logs/WindPushStationary_WindDeflectMotion_RollDownSlope__bg178__U5mgEm_seed7002_base_prefix9.status		True	file	183	2026-05-19T16:28:31	SHA256_OK	9e2132ea7e0a7b9df3b3ba39328a1c450e3417232a4b53d3f9f3bc9aa7c3f9b6	REVIEW_BEFORE_COPY	bounded search candidate; include only if required for PhysEditWorld restore
weight_or_model_candidate	/home/nvme03/workspace/lingbot-world/outputs/physinone_missing77_vlm_prefix9_more_rollouts_20260519_1430/logs/MovingHitsStationary_RollDownSlope_CatapultLaunch__bg172__YyYGra_seed7002_base_prefix9.log		True	file	12437	2026-05-19T15:25:16	SHA256_OK	1c38f959921c8a4381b6c394d446a448b5ef569ca8bfc7c0fc3e3492ea3cd808	REVIEW_BEFORE_COPY	bounded search candidate; include only if required for PhysEditWorld restore
weight_or_model_candidate	/home/nvme03/workspace/lingbot-world/outputs/physinone_missing77_vlm_prefix9_more_rollouts_20260519_1430/logs/MovingHitsStationary_MovingHitsMoving_RollDownSlope__bg177__66efPp_seed7002_base_prefix9.status		True	file	184	2026-05-19T15:25:14	SHA256_OK	cddaec90dba5a9f89f049735860d7028674a612a068d4b5f3a07db4c516a5842	REVIEW_BEFORE_COPY	bounded search candidate; include only if required for PhysEditWorld restore
weight_or_model_candidate	/home/nvme03/workspace/lingbot-world/outputs/physinone_missing77_vlm_prefix9_more_rollouts_20260519_1430/logs/VerticalFall_RollUpSlope_UniformSurfaceSpin__bg156__FGs3ZY_seed7002_base_prefix9.log		True	file	12315	2026-05-19T16:25:24	SHA256_OK	c032ec05f949243c8cf4926d5e659cf3b4081cc4963c3c7d832d62b656db1e61	REVIEW_BEFORE_COPY	bounded search candidate; include only if required for PhysEditWorld restore
weight_or_model_candidate	/home/nvme03/workspace/lingbot-world/outputs/full_base_native832_object_anchor_prompt_rollout_20260512		True	dir	4096	2026-05-12T14:17:37	PENDING_LARGE_OR_DIR		REVIEW_BEFORE_COPY	bounded search candidate; include only if required for PhysEditWorld restore
weight_or_model_candidate	/home/nvme03/workspace/lingbot-world/outputs/physinone_s1_prefix9_rank53_20260518/videos/MovingHitsStationary_MovingHitsMoving_RollDownSlope__bg182__8f63Cw_seed7002_base_prefix9.mp4		True	file	4457253	2026-05-18T06:46:43	SHA256_OK	35143f8147c9df7aa60d7ea98bf46fd3207d7cbba9eb9f3af3722374f3e4310c	REVIEW_BEFORE_COPY	bounded search candidate; include only if required for PhysEditWorld restore
weight_or_model_candidate	/home/nvme03/workspace/lingbot-world/outputs/physinone_s1_prefix9_rank53_20260518/contact_sheets/MovingHitsStationary_MovingHitsMoving_RollDownSlope__bg182__8f63Cw_seed7002_gt_base_prefix9_sft_prefix9.json		True	file	1312	2026-05-18T06:49:53	SHA256_OK	0b0667886cc253ddec47e33cd27316e43a7fa3d6a3c4d359fc0355d7cdc02749	REVIEW_BEFORE_COPY	bounded search candidate; include only if required for PhysEditWorld restore
weight_or_model_candidate	/home/nvme03/workspace/lingbot-world/outputs/physinone_s1_prefix9_rank53_20260518/contact_sheets/MovingHitsStationary_MovingHitsMoving_RollDownSlope__bg182__8f63Cw_seed7002_gt_base_prefix9_sft_prefix9.jpg		True	file	438163	2026-05-18T06:49:53	SHA256_OK	175e684d316a02b842ec8a83c61339936c25a0d2609f9bec53b24c637a4db894	REVIEW_BEFORE_COPY	bounded search candidate; include only if required for PhysEditWorld restore
weight_or_model_candidate	/home/nvme03/workspace/lingbot-world/outputs/physinone_s1_prefix9_rank53_20260518/logs/MovingHitsStationary_MovingHitsMoving_RollDownSlope__bg182__8f63Cw_seed7002_base_prefix9.status		True	file	184	2026-05-18T06:47:02	SHA256_OK	2ec696421bd5e996b225a822dc3182b84448135dd11fdb34ac004186181a0914	REVIEW_BEFORE_COPY	bounded search candidate; include only if required for PhysEditWorld restore
weight_or_model_candidate	/home/nvme03/workspace/lingbot-world/outputs/physinone_s1_prefix9_rank53_20260518/logs/MovingHitsStationary_MovingHitsMoving_RollDownSlope__bg182__8f63Cw_seed7002_base_prefix9.log		True	file	12444	2026-05-18T06:46:43	SHA256_OK	cf2c3df55aac0376a38b3f9e14c2675c49e36863ac9e989fe2773c3d644a4a25	REVIEW_BEFORE_COPY	bounded search candidate; include only if required for PhysEditWorld restore
weight_or_model_candidate	/home/nvme03/workspace/lingbot-world/outputs/full_base_returnfixed_probe8_k2_20260513		True	dir	4096	2026-05-13T21:06:54	PENDING_LARGE_OR_DIR		REVIEW_BEFORE_COPY	bounded search candidate; include only if required for PhysEditWorld restore
weight_or_model_candidate	/home/nvme03/workspace/lingbot-world/outputs/full_base_native832_physics_k4_rollout_20260512		True	dir	4096	2026-05-12T14:01:58	PENDING_LARGE_OR_DIR		REVIEW_BEFORE_COPY	bounded search candidate; include only if required for PhysEditWorld restore
weight_or_model_candidate	/home/nvme03/workspace/lingbot-world/outputs/physinone_g6_heldout_rank53_20260517/logs/MovingHitsStationary_MovingHitsMoving_RollDownSlope__bg182__8f63Cw_seed7002_base.status		True	file	160	2026-05-17T07:33:21	SHA256_OK	cb97c7c1836ba8517e95bbd088ebe6888e3f95a3f2d1d8f34556c84da0aaf593	REVIEW_BEFORE_COPY	bounded search candidate; include only if required for PhysEditWorld restore
weight_or_model_candidate	/home/nvme03/workspace/lingbot-world/outputs/physinone_g6_heldout_rank53_20260517/logs/MovingHitsStationary_MovingHitsMoving_RollDownSlope__bg182__8f63Cw_seed7002_base.log		True	file	9660	2026-05-17T07:33:01	SHA256_OK	5cb90b6b5a4a19c547e15c80280ab5ab1420f60e7f99f8fc06edde159d3bc40f	REVIEW_BEFORE_COPY	bounded search candidate; include only if required for PhysEditWorld restore
weight_or_model_candidate	/home/nvme03/workspace/lingbot-world/outputs/physinone_missing77_vlm_cache_first_prefix9_480x832_20260519_1212_shard2/MovingHitsFixed_RollUpSlope_BalloonFloat__bg157__t5vRxy		True	dir	4096	2026-05-19T12:17:42	PENDING_LARGE_OR_DIR		REVIEW_BEFORE_COPY	bounded search candidate; include only if required for PhysEditWorld restore
weight_or_model_candidate	/home/nvme03/workspace/lingbot-world/outputs/physinone_missing77_inference_grid_fL5e7U_missing4_clean_20260520_0615/videos/MovingHitsStationary_ImpactFracture_FixedArrayRedirect__bg162__fL5e7U_seed7002_base_cleanneg_cfg2p5_p17_cam0p2early.mp4		True	file	5763468	2026-05-20T07:17:53	SHA256_OK	c87feb89f9cbc443838d3f35ad0f9c85c8f2a2d2b57e62dfd734c6d70699850d	REVIEW_BEFORE_COPY	bounded search candidate; include only if required for PhysEditWorld restore
weight_or_model_candidate	/home/nvme03/workspace/lingbot-world/outputs/physinone_missing77_inference_grid_fL5e7U_missing4_clean_20260520_0615/videos/MovingHitsStationary_ImpactFracture_FixedArrayRedirect__bg162__fL5e7U_seed7002_base_cleanneg_cfg2p5_p25.mp4		True	file	5866768	2026-05-20T07:10:47	SHA256_OK	2f4d091096e1bcee653982b9c3b84c88e910c54f7ddaede7f50c3afbde8eee03	REVIEW_BEFORE_COPY	bounded search candidate; include only if required for PhysEditWorld restore
weight_or_model_candidate	/home/nvme03/workspace/lingbot-world/outputs/physinone_missing77_inference_grid_fL5e7U_missing4_clean_20260520_0615/logs/MovingHitsStationary_ImpactFracture_FixedArrayRedirect__bg162__fL5e7U_seed7002_base_cleanneg_cfg2p5_p25.log		True	file	14079	2026-05-20T07:10:47	SHA256_OK	3c17bf3d188230fa0ac9e9e5b93061ef81adb4c6f858914e3d16054c57b2798b	REVIEW_BEFORE_COPY	bounded search candidate; include only if required for PhysEditWorld restore
weight_or_model_candidate	/home/nvme03/workspace/lingbot-world/outputs/physinone_missing77_inference_grid_fL5e7U_missing4_clean_20260520_0615/logs/MovingHitsStationary_ImpactFracture_FixedArrayRedirect__bg162__fL5e7U_seed7002_base_cleanneg_cfg2p5_p17_cam0p2early.log		True	file	14109	2026-05-20T07:17:53	SHA256_OK	9cbccdcf12dc22dd2e3b461696c69e4c51c375296c8060d2becb7072a8f72e2b	REVIEW_BEFORE_COPY	bounded search candidate; include only if required for PhysEditWorld restore
weight_or_model_candidate	/home/nvme03/workspace/lingbot-world/outputs/physinone_missing77_inference_grid_fL5e7U_missing4_clean_20260520_0615/logs/MovingHitsStationary_ImpactFracture_FixedArrayRedirect__bg162__fL5e7U_seed7002_base_cleanneg_cfg2p5_p17_cam0p2early.status		True	file	172	2026-05-20T07:18:15	SHA256_OK	e5be7a6ce854f189b7469a63a565945092efcbf3deec614a3f6330f3c271b0a4	REVIEW_BEFORE_COPY	bounded search candidate; include only if required for PhysEditWorld restore
weight_or_model_candidate	/home/nvme03/workspace/lingbot-world/outputs/physinone_missing77_inference_grid_fL5e7U_missing4_clean_20260520_0615/logs/MovingHitsStationary_ImpactFracture_FixedArrayRedirect__bg162__fL5e7U_seed7002_base_cleanneg_cfg2p5_p25.status		True	file	158	2026-05-20T07:11:06	SHA256_OK	9cd50eaad7094ea366808c183ff096eebea05ac54e842f15e25c7636b1afb2b0	REVIEW_BEFORE_COPY	bounded search candidate; include only if required for PhysEditWorld restore
weight_or_model_candidate	/home/nvme03/workspace/lingbot-world/outputs/physinone_missing77_vlm_prefix9_eval_heldout_20260519_1305/logs/MovingHitsStationary_ImpactFracture_FixedArrayRedirect__bg162__fL5e7U_seed7002_base_prefix9.log		True	file	6029	2026-05-19T13:05:13	SHA256_OK	4a6b0635bb0974ee4e8f840fdafb4490a7535a319b82ae8fd145cd10189fc384	REVIEW_BEFORE_COPY	bounded search candidate; include only if required for PhysEditWorld restore
weight_or_model_candidate	/home/nvme03/workspace/lingbot-world/outputs/physinone_missing77_vlm_prefix9_eval_heldout_20260519_1305/logs/MovingHitsStationary_ImpactFracture_FixedArrayRedirect__bg162__fL5e7U_seed7002_base_prefix9.status		True	file	156	2026-05-19T13:04:57	SHA256_OK	6c6875955e362698be082d1f104e7aeca1589b55fb7a382efe603848462f5398	REVIEW_BEFORE_COPY	bounded search candidate; include only if required for PhysEditWorld restore
weight_or_model_candidate	/home/nvme03/workspace/lingbot-world/outputs/full_base_native832_scene_specific_prompt_rollout_20260512		True	dir	4096	2026-05-12T14:03:35	PENDING_LARGE_OR_DIR		REVIEW_BEFORE_COPY	bounded search candidate; include only if required for PhysEditWorld restore
weight_or_model_candidate	/home/nvme03/workspace/lingbot-world/outputs/physinone_missing77_vlm_prefix9_more_rollouts_batch2_20260519_1701/videos/ObliqueProjectile_RollDownSlope_CrankPush__bg177__hRUwKI_seed7002_base_prefix9.mp4		True	file	6395290	2026-05-19T20:37:36	SHA256_OK	71d54f9415afd046264f5ebcd3bec417197b8a7e3c031bbfac72969dff6219fc	REVIEW_BEFORE_COPY	bounded search candidate; include only if required for PhysEditWorld restore
weight_or_model_candidate	/home/nvme03/workspace/lingbot-world/outputs/physinone_missing77_vlm_prefix9_more_rollouts_batch2_20260519_1701/videos/MovingHitsStationary_ObliqueProjectile_AccelConcaveSpin__bg180__tHatUK_seed7002_base_prefix9.mp4		True	file	7024851	2026-05-19T19:37:35	SHA256_OK	1a0306792b6d6b7eeb662e5c4b4f87ce60aa6b7ab1e93e9e3945a95d236c86f6	REVIEW_BEFORE_COPY	bounded search candidate; include only if required for PhysEditWorld restore
weight_or_model_candidate	/home/nvme03/workspace/lingbot-world/outputs/physinone_missing77_vlm_prefix9_more_rollouts_batch2_20260519_1701/videos/WindPushSameDir_WindPushOppDir_UniformSurfaceSpin__bg151__Rwm0Lq_seed7002_base_prefix9.mp4		True	file	6711090	2026-05-19T20:37:37	SHA256_OK	86e0f6ad468400b55bb8bf9ed0bf05d4fb1900c5a843c363e64a3841676d8ace	REVIEW_BEFORE_COPY	bounded search candidate; include only if required for PhysEditWorld restore
weight_or_model_candidate	/home/nvme03/workspace/lingbot-world/outputs/physinone_missing77_vlm_prefix9_more_rollouts_batch2_20260519_1701/videos/MovingHitsStationary_RollDownSlope_SpringCompress__bg157__jM56ad_seed7002_base_prefix9.mp4		True	file	6353963	2026-05-19T19:37:27	SHA256_OK	453ae286a821093526b089ca1d9e8e860ae1ec5c9ce7edddbcaac17f2384aeac	REVIEW_BEFORE_COPY	bounded search candidate; include only if required for PhysEditWorld restore
weight_or_model_candidate	/home/nvme03/workspace/lingbot-world/outputs/physinone_missing77_vlm_prefix9_more_rollouts_batch2_20260519_1701/contact_sheets/MovingHitsStationary_ObliqueProjectile_AccelConcaveSpin__bg180__tHatUK_seed7002_gt_base_lowhigh.json		True	file	837	2026-05-19T20:41:07	SHA256_OK	3007e27e2013abe55d099b7ebd9c08f49ab666e7580060d6d2707740ca1ee938	REVIEW_BEFORE_COPY	bounded search candidate; include only if required for PhysEditWorld restore
weight_or_model_candidate	/home/nvme03/workspace/lingbot-world/outputs/physinone_missing77_vlm_prefix9_more_rollouts_batch2_20260519_1701/contact_sheets/WindPushSameDir_WindPushOppDir_UniformSurfaceSpin__bg151__Rwm0Lq_seed7002_gt_base_lowhigh.json		True	file	819	2026-05-19T20:41:48	SHA256_OK	dcba421ce91edbdf3c8f1ae424d652b94ab83550fa03c08834dd952a6a2de24d	REVIEW_BEFORE_COPY	bounded search candidate; include only if required for PhysEditWorld restore
weight_or_model_candidate	/home/nvme03/workspace/lingbot-world/outputs/physinone_missing77_vlm_prefix9_more_rollouts_batch2_20260519_1701/contact_sheets/ALL_conditions_gt_base_lowhigh_overview.jpg		True	file	1410702	2026-05-19T20:41:57	SHA256_OK	8f54eb680f531a23a7009462436768b375a31fe5fcb61490eb7d33f9c33e1d14	REVIEW_BEFORE_COPY	bounded search candidate; include only if required for PhysEditWorld restore
weight_or_model_candidate	/home/nvme03/workspace/lingbot-world/outputs/physinone_missing77_vlm_prefix9_more_rollouts_batch2_20260519_1701/contact_sheets/MovingHitsStationary_RollDownSlope_SpringCompress__bg157__jM56ad_seed7002_gt_base_lowhigh.jpg		True	file	320871	2026-05-19T20:41:23	SHA256_OK	d0853df5a857ef67ee4efc020d0eb08d3acecb37b938eb8c8004c9d2d73b3c1c	REVIEW_BEFORE_COPY	bounded search candidate; include only if required for PhysEditWorld restore
weight_or_model_candidate	/home/nvme03/workspace/lingbot-world/outputs/physinone_missing77_vlm_prefix9_more_rollouts_batch2_20260519_1701/contact_sheets/MovingHitsStationary_RollDownSlope_SpringCompress__bg157__jM56ad_seed7002_gt_base_lowhigh.json		True	file	819	2026-05-19T20:41:23	SHA256_OK	663374a79f6b9505a483399c8ebf7f8d2c77321a6b2ce15dc5e1e8868ef84948	REVIEW_BEFORE_COPY	bounded search candidate; include only if required for PhysEditWorld restore
weight_or_model_candidate	/home/nvme03/workspace/lingbot-world/outputs/physinone_missing77_vlm_prefix9_more_rollouts_batch2_20260519_1701/contact_sheets/ObliqueProjectile_RollDownSlope_CrankPush__bg177__hRUwKI_seed7002_gt_base_lowhigh.json		True	file	795	2026-05-19T20:41:36	SHA256_OK	95bf2e4280f105f8f3d5ac4ad2dac1e5f5bc6ea32577f13147c0dab966088c7b	REVIEW_BEFORE_COPY	bounded search candidate; include only if required for PhysEditWorld restore
weight_or_model_candidate	/home/nvme03/workspace/lingbot-world/outputs/physinone_missing77_vlm_prefix9_more_rollouts_batch2_20260519_1701/contact_sheets/ObliqueProjectile_RollDownSlope_CrankPush__bg177__hRUwKI_seed7002_gt_base_lowhigh.jpg		True	file	353510	2026-05-19T20:41:36	SHA256_OK	78d6c95b5765e8d6d55e543aa9360d233dbfa8afbeb26a872eb409981d7ee6a8	REVIEW_BEFORE_COPY	bounded search candidate; include only if required for PhysEditWorld restore
weight_or_model_candidate	/home/nvme03/workspace/lingbot-world/outputs/physinone_missing77_vlm_prefix9_more_rollouts_batch2_20260519_1701/contact_sheets/WindPushSameDir_WindPushOppDir_UniformSurfaceSpin__bg151__Rwm0Lq_seed7002_gt_base_lowhigh.jpg		True	file	341849	2026-05-19T20:41:48	SHA256_OK	5ec1c023504875ff922ab86ef70b12ae4df1803ed25caa95770462973fcf6167	REVIEW_BEFORE_COPY	bounded search candidate; include only if required for PhysEditWorld restore
weight_or_model_candidate	/home/nvme03/workspace/lingbot-world/outputs/physinone_missing77_vlm_prefix9_more_rollouts_batch2_20260519_1701/contact_sheets/MovingHitsStationary_ObliqueProjectile_AccelConcaveSpin__bg180__tHatUK_seed7002_gt_base_lowhigh.jpg		True	file	351359	2026-05-19T20:41:07	SHA256_OK	dbadbf9149dbc661e7908a267e6234d7658817100b7672c2aa79e62b01be30c1	REVIEW_BEFORE_COPY	bounded search candidate; include only if required for PhysEditWorld restore
weight_or_model_candidate	/home/nvme03/workspace/lingbot-world/outputs/physinone_missing77_vlm_prefix9_more_rollouts_batch2_20260519_1701/logs/MovingHitsStationary_RollDownSlope_SpringCompress__bg157__jM56ad_seed7002_base_prefix9.log		True	file	12487	2026-05-19T19:37:27	SHA256_OK	cfd9317d8e8def9938df9a13b58070e27cee6d1003dbdc7bd0975629ccd1d4f5	REVIEW_BEFORE_COPY	bounded search candidate; include only if required for PhysEditWorld restore
weight_or_model_candidate	/home/nvme03/workspace/lingbot-world/outputs/physinone_missing77_vlm_prefix9_more_rollouts_batch2_20260519_1701/logs/MovingHitsStationary_RollDownSlope_SpringCompress__bg157__jM56ad_seed7002_base_prefix9.status		True	file	182	2026-05-19T19:41:06	SHA256_OK	f5cdb8dbea47c06df27c33df7835f0b9fda9a46259b6f2b5418fd4d1f06b936e	REVIEW_BEFORE_COPY	bounded search candidate; include only if required for PhysEditWorld restore
weight_or_model_candidate	/home/nvme03/workspace/lingbot-world/outputs/physinone_missing77_vlm_prefix9_more_rollouts_batch2_20260519_1701/logs/WindPushSameDir_WindPushOppDir_UniformSurfaceSpin__bg151__Rwm0Lq_seed7002_base_prefix9.status		True	file	182	2026-05-19T20:41:03	SHA256_OK	de69e5c6240f96e00fa1d349ca2ab3220f3f6d7659f7acb8a7d5f374bcb8fa91	REVIEW_BEFORE_COPY	bounded search candidate; include only if required for PhysEditWorld restore
weight_or_model_candidate	/home/nvme03/workspace/lingbot-world/outputs/physinone_missing77_vlm_prefix9_more_rollouts_batch2_20260519_1701/logs/MovingHitsStationary_ObliqueProjectile_AccelConcaveSpin__bg180__tHatUK_seed7002_base_prefix9.log		True	file	12431	2026-05-19T19:37:36	SHA256_OK	1684618a03e82b8be9d91e935edb8ff5e8361916218ef71c1d072a9346fce45b	REVIEW_BEFORE_COPY	bounded search candidate; include only if required for PhysEditWorld restore
weight_or_model_candidate	/home/nvme03/workspace/lingbot-world/outputs/physinone_missing77_vlm_prefix9_more_rollouts_batch2_20260519_1701/logs/WindPushSameDir_WindPushOppDir_UniformSurfaceSpin__bg151__Rwm0Lq_seed7002_base_prefix9.log		True	file	12597	2026-05-19T20:37:37	SHA256_OK	fe15b7521700bda58f4752dc05a34aa6e3a37bd5270411c12d993959fa280e0d	REVIEW_BEFORE_COPY	bounded search candidate; include only if required for PhysEditWorld restore
weight_or_model_candidate	/home/nvme03/workspace/lingbot-world/outputs/physinone_missing77_vlm_prefix9_more_rollouts_batch2_20260519_1701/logs/ObliqueProjectile_RollDownSlope_CrankPush__bg177__hRUwKI_seed7002_base_prefix9.log		True	file	12423	2026-05-19T20:37:36	SHA256_OK	1321cf96d07e9d7b9c1ad0d127b58e64e69e7d48bb35e147640a748c9b926613	REVIEW_BEFORE_COPY	bounded search candidate; include only if required for PhysEditWorld restore
weight_or_model_candidate	/home/nvme03/workspace/lingbot-world/outputs/physinone_missing77_vlm_prefix9_more_rollouts_batch2_20260519_1701/logs/ObliqueProjectile_RollDownSlope_CrankPush__bg177__hRUwKI_seed7002_base_prefix9.status		True	file	174	2026-05-19T20:37:56	SHA256_OK	d4673d7179a58be747872ecb0138fca79d7176bba48ae897c5a9533319925fe3	REVIEW_BEFORE_COPY	bounded search candidate; include only if required for PhysEditWorld restore
weight_or_model_candidate	/home/nvme03/workspace/lingbot-world/outputs/physinone_missing77_vlm_prefix9_more_rollouts_batch2_20260519_1701/logs/MovingHitsStationary_ObliqueProjectile_AccelConcaveSpin__bg180__tHatUK_seed7002_base_prefix9.status		True	file	188	2026-05-19T19:37:56	SHA256_OK	67bd48f8bf2b3fa827e5327ff7cb13095d26a31b7dd38af5710b400e733c6d37	REVIEW_BEFORE_COPY	bounded search candidate; include only if required for PhysEditWorld restore
weight_or_model_candidate	/home/nvme03/workspace/lingbot-world/outputs/physinone_g6_same_input_rank53_20260517/logs/MovingHitsStationary_MovingHitsMoving_RollDownSlope__bg182__8f63Cw_seed7002_base.status		True	file	129	2026-05-17T07:07:53	SHA256_OK	97e27295d9dd89754682d41ce98dc131d9e58861e436f509684896967e001876	REVIEW_BEFORE_COPY	bounded search candidate; include only if required for PhysEditWorld restore
weight_or_model_candidate	/home/nvme03/workspace/lingbot-world/outputs/physinone_g6_same_input_rank53_20260517/logs/MovingHitsStationary_MovingHitsMoving_RollDownSlope__bg182__8f63Cw_seed7002_base.log		True	file	8422	2026-05-17T07:41:04	SHA256_OK	9bf15e06ea545c28bd59a1ff10df32902614c4789fe7004fa9db8971879ae679	REVIEW_BEFORE_COPY	bounded search candidate; include only if required for PhysEditWorld restore
weight_or_model_candidate	/home/nvme03/workspace/lingbot-world/outputs/physinone_missing77_vlm_prefix9_eval_heldout_fL5e7U_20260519_1314/videos/MovingHitsStationary_ImpactFracture_FixedArrayRedirect__bg162__fL5e7U_seed7002_base_prefix9.mp4		True	file	6267456	2026-05-19T14:02:01	SHA256_OK	2c86a482b5043c7d7910f64c8e12f18a123a6131c6ee7d1a6e5c4ab44c668c40	REVIEW_BEFORE_COPY	bounded search candidate; include only if required for PhysEditWorld restore
weight_or_model_candidate	/home/nvme03/workspace/lingbot-world/outputs/physinone_missing77_vlm_prefix9_eval_heldout_fL5e7U_20260519_1314/contact_sheets/MovingHitsStationary_ImpactFracture_FixedArrayRedirect__bg162__fL5e7U_seed7002_gt_base_prefix9_sft_prefix9.json		True	file	1304	2026-05-19T14:05:39	SHA256_OK	5188561e16194a82216f6e255b338e4ba1dc9a808fc271907a0c5a5f9d21be4b	REVIEW_BEFORE_COPY	bounded search candidate; include only if required for PhysEditWorld restore
weight_or_model_candidate	/home/nvme03/workspace/lingbot-world/outputs/physinone_missing77_vlm_prefix9_eval_heldout_fL5e7U_20260519_1314/contact_sheets/MovingHitsStationary_ImpactFracture_FixedArrayRedirect__bg162__fL5e7U_seed7002_gt_base_prefix9_sft_prefix9.jpg		True	file	575124	2026-05-19T14:05:39	SHA256_OK	5e5aee66212ad99361e09f3d5d13353f41ccbda713a9c6318996d4a24a54696f	REVIEW_BEFORE_COPY	bounded search candidate; include only if required for PhysEditWorld restore
weight_or_model_candidate	/home/nvme03/workspace/lingbot-world/outputs/physinone_missing77_vlm_prefix9_eval_heldout_fL5e7U_20260519_1314/logs/MovingHitsStationary_ImpactFracture_FixedArrayRedirect__bg162__fL5e7U_seed7002_base_prefix9.log		True	file	12534	2026-05-19T14:02:01	SHA256_OK	ef764dd5fb00ade6c4dcc2149538e3601a5f46e0be3dcb4d94a4809123b675e0	REVIEW_BEFORE_COPY	bounded search candidate; include only if required for PhysEditWorld restore
weight_or_model_candidate	/home/nvme03/workspace/lingbot-world/outputs/physinone_missing77_vlm_prefix9_eval_heldout_fL5e7U_20260519_1314/logs/MovingHitsStationary_ImpactFracture_FixedArrayRedirect__bg162__fL5e7U_seed7002_base_prefix9.status		True	file	187	2026-05-19T14:02:21	SHA256_OK	0575a2935f382a06e250e7ec867292db9108c0142d0023ef9d02448d5e779d67	REVIEW_BEFORE_COPY	bounded search candidate; include only if required for PhysEditWorld restore
weight_or_model_candidate	/home/nvme03/workspace/lingbot-world/outputs/full_base_native832_scene_prompt_rollout_20260512		True	dir	4096	2026-05-12T13:51:42	PENDING_LARGE_OR_DIR		REVIEW_BEFORE_COPY	bounded search candidate; include only if required for PhysEditWorld restore
weight_or_model_candidate	/home/nvme03/workspace/lingbot-world/outputs/physinone_missing77_inference_grid_fL5e7U_cont_20260520_0503/videos/MovingHitsStationary_ImpactFracture_FixedArrayRedirect__bg162__fL5e7U_seed7002_base_cleanneg_cfg2p5_p17.mp4	/home/nvme03/workspace/lingbot-world/outputs/physinone_missing77_inference_grid_fL5e7U_20260520_0128/videos/MovingHitsStationary_ImpactFracture_FixedArrayRedirect__bg162__fL5e7U_seed7002_base_cleanneg_cfg2p5_p17.mp4	True	symlink	5858059	2026-05-20T02:30:23	SHA256_OK	9566d43693487197a0f8d6fb95cbb8389f016c53d61c4f875b17d444e0d5f72e	REVIEW_BEFORE_COPY	bounded search candidate; include only if required for PhysEditWorld restore
weight_or_model_candidate	/home/nvme03/workspace/lingbot-world/outputs/physinone_missing77_inference_grid_fL5e7U_cont_20260520_0503/videos/MovingHitsStationary_ImpactFracture_FixedArrayRedirect__bg162__fL5e7U_seed7002_base_cleanneg_cfg3p5_p17.mp4	/home/nvme03/workspace/lingbot-world/outputs/physinone_missing77_inference_grid_fL5e7U_20260520_0128/videos/MovingHitsStationary_ImpactFracture_FixedArrayRedirect__bg162__fL5e7U_seed7002_base_cleanneg_cfg3p5_p17.mp4	True	symlink	5662148	2026-05-20T02:30:19	SHA256_OK	03747899100086ef5aa45ee640777e843e0e81fdff421dfc4d52a86a1adb51ab	REVIEW_BEFORE_COPY	bounded search candidate; include only if required for PhysEditWorld restore
weight_or_model_candidate	/home/nvme03/workspace/lingbot-world/outputs/physinone_missing77_inference_grid_fL5e7U_cont_20260520_0503/logs/MovingHitsStationary_ImpactFracture_FixedArrayRedirect__bg162__fL5e7U_seed7002_base_cleanneg_cfg2p5_p25.log		True	file	9575	2026-05-20T05:14:02	SHA256_OK	3a9d1f6aa4e0ae3c36239569d8741b177bdb12641f2b01e39e0e4961d4a2c486	REVIEW_BEFORE_COPY	bounded search candidate; include only if required for PhysEditWorld restore
weight_or_model_candidate	/home/nvme03/workspace/lingbot-world/outputs/physinone_missing77_inference_grid_fL5e7U_cont_20260520_0503/logs/MovingHitsStationary_ImpactFracture_FixedArrayRedirect__bg162__fL5e7U_seed7002_base_cleanneg_cfg2p5_p17_cam0p2early.log		True	file	9589	2026-05-20T05:13:29	SHA256_OK	edc8f74ab361e9408e3c7fd810acd3cfcde3090d845caf0dc972ae2853ab407c	REVIEW_BEFORE_COPY	bounded search candidate; include only if required for PhysEditWorld restore
weight_or_model_candidate	/home/nvme03/workspace/lingbot-world/outputs/physinone_missing77_inference_grid_fL5e7U_cont_20260520_0503/logs/MovingHitsStationary_ImpactFracture_FixedArrayRedirect__bg162__fL5e7U_seed7002_base_cleanneg_cfg2p5_p17_cam0p2early.status		True	file	141	2026-05-20T05:02:24	SHA256_OK	4eebafa40cc2ada61a96cfea2bc5028cbc8af36e91a66aa21ed6a2339ab55deb	REVIEW_BEFORE_COPY	bounded search candidate; include only if required for PhysEditWorld restore
weight_or_model_candidate	/home/nvme03/workspace/lingbot-world/outputs/physinone_missing77_inference_grid_fL5e7U_cont_20260520_0503/logs/MovingHitsStationary_ImpactFracture_FixedArrayRedirect__bg162__fL5e7U_seed7002_base_cleanneg_cfg2p5_p25.status		True	file	127	2026-05-20T05:02:24	SHA256_OK	a2116e0232688047b85647ed5dfa69189bf0129f19814bb091325c2d9bdf5306	REVIEW_BEFORE_COPY	bounded search candidate; include only if required for PhysEditWorld restore
weight_or_model_candidate	/home/nvme03/workspace/lingbot-world/outputs/physinone_g6_heldout_rank53_clean_20260517/videos/MovingHitsStationary_MovingHitsMoving_RollDownSlope__bg182__8f63Cw_seed7002_base.mp4		True	file	4899419	2026-05-17T08:41:35	SHA256_OK	17a6b67df2ad318010d477b7af932e3beb3c6728532c66c902a12ada46f6abc5	REVIEW_BEFORE_COPY	bounded search candidate; include only if required for PhysEditWorld restore
weight_or_model_candidate	/home/nvme03/workspace/lingbot-world/outputs/physinone_g6_heldout_rank53_clean_20260517/contact_sheets/MovingHitsStationary_MovingHitsMoving_RollDownSlope__bg182__8f63Cw_seed7002_gt_base_sft.jpg		True	file	444007	2026-05-17T08:44:55	SHA256_OK	ccea850b1935c31c955b8c67d83008d4b680b1ffc35fea24a06a2cfbd37d7127	REVIEW_BEFORE_COPY	bounded search candidate; include only if required for PhysEditWorld restore
weight_or_model_candidate	/home/nvme03/workspace/lingbot-world/outputs/physinone_g6_heldout_rank53_clean_20260517/contact_sheets/MovingHitsStationary_MovingHitsMoving_RollDownSlope__bg182__8f63Cw_seed7002_gt_base_sft.json		True	file	1288	2026-05-17T08:44:55	SHA256_OK	a1917221199baf6b6fbf655bd2455ab0b78be5359730979923494e1883a66549	REVIEW_BEFORE_COPY	bounded search candidate; include only if required for PhysEditWorld restore
weight_or_model_candidate	/home/nvme03/workspace/lingbot-world/outputs/physinone_g6_heldout_rank53_clean_20260517/logs/MovingHitsStationary_MovingHitsMoving_RollDownSlope__bg182__8f63Cw_seed7002_base.status		True	file	160	2026-05-17T08:42:00	SHA256_OK	819013f7e01a82b55014c37feabbb6ce97d56ed56b0a7cb27b537701588f143a	REVIEW_BEFORE_COPY	bounded search candidate; include only if required for PhysEditWorld restore
weight_or_model_candidate	/home/nvme03/workspace/lingbot-world/outputs/physinone_g6_heldout_rank53_clean_20260517/logs/MovingHitsStationary_MovingHitsMoving_RollDownSlope__bg182__8f63Cw_seed7002_base.log		True	file	12028	2026-05-17T08:41:35	SHA256_OK	437b42c032fe45ac0a5f3ecb474001d85bd9b34ed8f1d5f568deed152bd1d426	REVIEW_BEFORE_COPY	bounded search candidate; include only if required for PhysEditWorld restore
weight_or_model_candidate	/home/nvme03/workspace/lingbot-world/outputs/physinone_missing77_inference_ablation_fL5e7U_20260519_2130/logs/MovingHitsStationary_ImpactFracture_FixedArrayRedirect__bg162__fL5e7U_seed7002_base_conservative_neg_p17.log		True	file	6679	2026-05-19T21:28:38	SHA256_OK	0ad6e15321f4dc90a1ae3f7a520df8d92accbe91fe9dcfdfa25822ce4e252086	REVIEW_BEFORE_COPY	bounded search candidate; include only if required for PhysEditWorld restore
weight_or_model_candidate	/home/nvme03/workspace/lingbot-world/outputs/physinone_missing77_inference_ablation_fL5e7U_20260519_2130/logs/MovingHitsStationary_ImpactFracture_FixedArrayRedirect__bg162__fL5e7U_seed7002_base_conservative_neg_p9.log		True	file	6676	2026-05-19T21:28:37	SHA256_OK	1a4f6411a87c8519f73168dcbe8794be5612832034bdc32a3dff709c07cde5f4	REVIEW_BEFORE_COPY	bounded search candidate; include only if required for PhysEditWorld restore
weight_or_model_candidate	/home/nvme03/workspace/lingbot-world/outputs/physinone_missing77_inference_ablation_fL5e7U_20260519_2130/logs/MovingHitsStationary_ImpactFracture_FixedArrayRedirect__bg162__fL5e7U_seed7002_base_conservative_neg_p17.status		True	file	90	2026-05-19T21:28:22	SHA256_OK	528a2339eff252c60d7b86ce5f41536daeacf07ec429b29f86a5e39d3d9f6d9c	REVIEW_BEFORE_COPY	bounded search candidate; include only if required for PhysEditWorld restore
weight_or_model_candidate	/home/nvme03/workspace/lingbot-world/outputs/physinone_missing77_inference_ablation_fL5e7U_20260519_2130/logs/MovingHitsStationary_ImpactFracture_FixedArrayRedirect__bg162__fL5e7U_seed7002_base_conservative_neg_p9.status		True	file	88	2026-05-19T21:28:22	SHA256_OK	66e78daae000f84088f5c17a959bf1477cd28faeb246daf9b44ebef46f111e6a	REVIEW_BEFORE_COPY	bounded search candidate; include only if required for PhysEditWorld restore
weight_or_model_candidate	/home/nvme03/workspace/lingbot-world/outputs/physinone_missing77_inference_grid_fL5e7U_20260520_0128/videos/MovingHitsStationary_ImpactFracture_FixedArrayRedirect__bg162__fL5e7U_seed7002_base_cleanneg_cfg2p5_p17.mp4		True	file	5858059	2026-05-20T02:30:23	SHA256_OK	9566d43693487197a0f8d6fb95cbb8389f016c53d61c4f875b17d444e0d5f72e	REVIEW_BEFORE_COPY	bounded search candidate; include only if required for PhysEditWorld restore
weight_or_model_candidate	/home/nvme03/workspace/lingbot-world/outputs/physinone_missing77_inference_grid_fL5e7U_20260520_0128/videos/MovingHitsStationary_ImpactFracture_FixedArrayRedirect__bg162__fL5e7U_seed7002_base_cleanneg_cfg3p5_p17.mp4		True	file	5662148	2026-05-20T02:30:19	SHA256_OK	03747899100086ef5aa45ee640777e843e0e81fdff421dfc4d52a86a1adb51ab	REVIEW_BEFORE_COPY	bounded search candidate; include only if required for PhysEditWorld restore
