blur_laplacian,contact_sheet,flicker_proxy,freeze_rate,model,reject_reasons,sample_id,typeB_quality_gate_pass,video_path,visual_inspection_status,written_reason
155.2785104535768,local_assets/overnight_quant_lora_dpo_20260624_overnight_test/video_audit_screen/original_fast/contact_sheets/original_fast_02200_collision_orbit_right_64_seed41200.jpg,0.003441213312856789,0.0,original_fast,sharpness_or_freeze_gate_failed;no_new_clear_medium_hard_visual_advantage,02200_collision_orbit_right_64_seed41200,false,local_assets/overnight_quant_lora_dpo_20260624_overnight_test/screen16_rollouts/original_fast/videos/02200_collision_orbit_right_64_seed41200_original_fast.mp4,codex_overview_inspected,overview inspected; no clearly sharper medium-hard TypeB loser versus Original Fast
473.9911921322387,local_assets/overnight_quant_lora_dpo_20260624_overnight_test/video_audit_screen/original_fast/contact_sheets/original_fast_02202_collision_orbit_right_64_seed41202.jpg,0.002790691340943223,0.0,original_fast,no_new_clear_medium_hard_visual_advantage,02202_collision_orbit_right_64_seed41202,false,local_assets/overnight_quant_lora_dpo_20260624_overnight_test/screen16_rollouts/original_fast/videos/02202_collision_orbit_right_64_seed41202_original_fast.mp4,codex_overview_inspected,overview inspected; no clearly sharper medium-hard TypeB loser versus Original Fast
258.00722184214186,local_assets/overnight_quant_lora_dpo_20260624_overnight_test/video_audit_screen/original_fast/contact_sheets/original_fast_02222_collision_orbit_right_64_seed41222.jpg,0.0020669581630931963,0.0,original_fast,sharpness_or_freeze_gate_failed;no_new_clear_medium_hard_visual_advantage,02222_collision_orbit_right_64_seed41222,false,local_assets/overnight_quant_lora_dpo_20260624_overnight_test/screen16_rollouts/original_fast/videos/02222_collision_orbit_right_64_seed41222_original_fast.mp4,codex_overview_inspected,overview inspected; no clearly sharper medium-hard TypeB loser versus Original Fast
173.02127828640775,local_assets/overnight_quant_lora_dpo_20260624_overnight_test/video_audit_screen/original_fast/contact_sheets/original_fast_02226_collision_orbit_right_64_seed41226.jpg,0.004729042143776528,0.0,original_fast,sharpness_or_freeze_gate_failed;no_new_clear_medium_hard_visual_advantage,02226_collision_orbit_right_64_seed41226,false,local_assets/overnight_quant_lora_dpo_20260624_overnight_test/screen16_rollouts/original_fast/videos/02226_collision_orbit_right_64_seed41226_original_fast.mp4,codex_overview_inspected,overview inspected; no clearly sharper medium-hard TypeB loser versus Original Fast
331.06820648888555,local_assets/overnight_quant_lora_dpo_20260624_overnight_test/video_audit_screen/original_fast/contact_sheets/original_fast_04204_containment_orbit_left_44_seed43204.jpg,0.005366204069971869,0.0,original_fast,no_new_clear_medium_hard_visual_advantage,04204_containment_orbit_left_44_seed43204,false,local_assets/overnight_quant_lora_dpo_20260624_overnight_test/screen16_rollouts/original_fast/videos/04204_containment_orbit_left_44_seed43204_original_fast.mp4,codex_overview_inspected,overview inspected; no clearly sharper medium-hard TypeB loser versus Original Fast
195.27001181036619,local_assets/overnight_quant_lora_dpo_20260624_overnight_test/video_audit_screen/original_fast/contact_sheets/original_fast_04209_containment_orbit_left_44_seed43209.jpg,0.006262215747728021,0.0,original_fast,sharpness_or_freeze_gate_failed;no_new_clear_medium_hard_visual_advantage,04209_containment_orbit_left_44_seed43209,false,local_assets/overnight_quant_lora_dpo_20260624_overnight_test/screen16_rollouts/original_fast/videos/04209_containment_orbit_left_44_seed43209_original_fast.mp4,codex_overview_inspected,overview inspected; no clearly sharper medium-hard TypeB loser versus Original Fast
441.1244354612063,local_assets/overnight_quant_lora_dpo_20260624_overnight_test/video_audit_screen/original_fast/contact_sheets/original_fast_04214_containment_orbit_left_44_seed43214.jpg,0.004783893494918251,0.0,original_fast,no_new_clear_medium_hard_visual_advantage,04214_containment_orbit_left_44_seed43214,false,local_assets/overnight_quant_lora_dpo_20260624_overnight_test/screen16_rollouts/original_fast/videos/04214_containment_orbit_left_44_seed43214_original_fast.mp4,codex_overview_inspected,overview inspected; no clearly sharper medium-hard TypeB loser versus Original Fast
543.8357762645543,local_assets/overnight_quant_lora_dpo_20260624_overnight_test/video_audit_screen/original_fast/contact_sheets/original_fast_04228_containment_orbit_left_44_seed43228.jpg,0.002980409260426027,0.0,original_fast,no_new_clear_medium_hard_visual_advantage,04228_containment_orbit_left_44_seed43228,false,local_assets/overnight_quant_lora_dpo_20260624_overnight_test/screen16_rollouts/original_fast/videos/04228_containment_orbit_left_44_seed43228_original_fast.mp4,codex_overview_inspected,overview inspected; no clearly sharper medium-hard TypeB loser versus Original Fast
247.62660531957414,local_assets/overnight_quant_lora_dpo_20260624_overnight_test/video_audit_screen/original_fast/contact_sheets/original_fast_01002_drop_orbit_left_72_seed40002.jpg,0.0035425155055733622,0.0,original_fast,sharpness_or_freeze_gate_failed;no_new_clear_medium_hard_visual_advantage,01002_drop_orbit_left_72_seed40002,false,local_assets/overnight_quant_lora_dpo_20260624_overnight_test/screen16_rollouts/original_fast/videos/01002_drop_orbit_left_72_seed40002_original_fast.mp4,codex_overview_inspected,overview inspected; no clearly sharper medium-hard TypeB loser versus Original Fast
295.4663609471115,local_assets/overnight_quant_lora_dpo_20260624_overnight_test/video_audit_screen/original_fast/contact_sheets/original_fast_01008_drop_orbit_left_72_seed40008.jpg,0.0033316806518128204,0.0,original_fast,sharpness_or_freeze_gate_failed;no_new_clear_medium_hard_visual_advantage,01008_drop_orbit_left_72_seed40008,false,local_assets/overnight_quant_lora_dpo_20260624_overnight_test/screen16_rollouts/original_fast/videos/01008_drop_orbit_left_72_seed40008_original_fast.mp4,codex_overview_inspected,overview inspected; no clearly sharper medium-hard TypeB loser versus Original Fast
484.63817561206827,local_assets/overnight_quant_lora_dpo_20260624_overnight_test/video_audit_screen/original_fast/contact_sheets/original_fast_01013_drop_orbit_left_72_seed40013.jpg,0.003867140514920671,0.0,original_fast,no_new_clear_medium_hard_visual_advantage,01013_drop_orbit_left_72_seed40013,false,local_assets/overnight_quant_lora_dpo_20260624_overnight_test/screen16_rollouts/original_fast/videos/01013_drop_orbit_left_72_seed40013_original_fast.mp4,codex_overview_inspected,overview inspected; no clearly sharper medium-hard TypeB loser versus Original Fast
322.45892460160627,local_assets/overnight_quant_lora_dpo_20260624_overnight_test/video_audit_screen/original_fast/contact_sheets/original_fast_01014_drop_orbit_left_72_seed40014.jpg,0.004389500614733889,0.0,original_fast,no_new_clear_medium_hard_visual_advantage,01014_drop_orbit_left_72_seed40014,false,local_assets/overnight_quant_lora_dpo_20260624_overnight_test/screen16_rollouts/original_fast/videos/01014_drop_orbit_left_72_seed40014_original_fast.mp4,codex_overview_inspected,overview inspected; no clearly sharper medium-hard TypeB loser versus Original Fast
432.47753920097,local_assets/overnight_quant_lora_dpo_20260624_overnight_test/video_audit_screen/original_fast/contact_sheets/original_fast_03409_roll_orbit_right_60_seed42409.jpg,0.0024856702965996335,0.0,original_fast,no_new_clear_medium_hard_visual_advantage,03409_roll_orbit_right_60_seed42409,false,local_assets/overnight_quant_lora_dpo_20260624_overnight_test/screen16_rollouts/original_fast/videos/03409_roll_orbit_right_60_seed42409_original_fast.mp4,codex_overview_inspected,overview inspected; no clearly sharper medium-hard TypeB loser versus Original Fast
157.5057640435077,local_assets/overnight_quant_lora_dpo_20260624_overnight_test/video_audit_screen/original_fast/contact_sheets/original_fast_03410_roll_orbit_right_60_seed42410.jpg,0.002902092466835004,0.0,original_fast,sharpness_or_freeze_gate_failed;no_new_clear_medium_hard_visual_advantage,03410_roll_orbit_right_60_seed42410,false,local_assets/overnight_quant_lora_dpo_20260624_overnight_test/screen16_rollouts/original_fast/videos/03410_roll_orbit_right_60_seed42410_original_fast.mp4,codex_overview_inspected,overview inspected; no clearly sharper medium-hard TypeB loser versus Original Fast
288.9407379765825,local_assets/overnight_quant_lora_dpo_20260624_overnight_test/video_audit_screen/original_fast/contact_sheets/original_fast_03413_roll_orbit_right_60_seed42413.jpg,0.002067743485133426,0.0,original_fast,sharpness_or_freeze_gate_failed;no_new_clear_medium_hard_visual_advantage,03413_roll_orbit_right_60_seed42413,false,local_assets/overnight_quant_lora_dpo_20260624_overnight_test/screen16_rollouts/original_fast/videos/03413_roll_orbit_right_60_seed42413_original_fast.mp4,codex_overview_inspected,overview inspected; no clearly sharper medium-hard TypeB loser versus Original Fast
272.2556416966839,local_assets/overnight_quant_lora_dpo_20260624_overnight_test/video_audit_screen/original_fast/contact_sheets/original_fast_03418_roll_orbit_right_60_seed42418.jpg,0.0030165104574367877,0.0,original_fast,sharpness_or_freeze_gate_failed;no_new_clear_medium_hard_visual_advantage,03418_roll_orbit_right_60_seed42418,false,local_assets/overnight_quant_lora_dpo_20260624_overnight_test/screen16_rollouts/original_fast/videos/03418_roll_orbit_right_60_seed42418_original_fast.mp4,codex_overview_inspected,overview inspected; no clearly sharper medium-hard TypeB loser versus Original Fast
103.5050028749488,local_assets/overnight_quant_lora_dpo_20260624_overnight_test/video_audit_screen/A_step050/contact_sheets/A_step050_02200_collision_orbit_right_64_seed41200.jpg,0.0028590623379139046,0.0,A_step050,sharpness_or_freeze_gate_failed;no_new_clear_medium_hard_visual_advantage,02200_collision_orbit_right_64_seed41200,false,local_assets/overnight_quant_lora_dpo_20260624_overnight_test/screen16_rollouts/A_step050/videos/02200_collision_orbit_right_64_seed41200_A_step050.mp4,codex_overview_inspected,overview inspected; no clearly sharper medium-hard TypeB loser versus Original Fast
362.660891764357,local_assets/overnight_quant_lora_dpo_20260624_overnight_test/video_audit_screen/A_step050/contact_sheets/A_step050_02202_collision_orbit_right_64_seed41202.jpg,0.0025288944564964893,0.0,A_step050,no_new_clear_medium_hard_visual_advantage,02202_collision_orbit_right_64_seed41202,false,local_assets/overnight_quant_lora_dpo_20260624_overnight_test/screen16_rollouts/A_step050/videos/02202_collision_orbit_right_64_seed41202_A_step050.mp4,codex_overview_inspected,overview inspected; no clearly sharper medium-hard TypeB loser versus Original Fast
265.66635916398656,local_assets/overnight_quant_lora_dpo_20260624_overnight_test/video_audit_screen/A_step050/contact_sheets/A_step050_02222_collision_orbit_right_64_seed41222.jpg,0.0020636258271362787,0.0,A_step050,sharpness_or_freeze_gate_failed;no_new_clear_medium_hard_visual_advantage,02222_collision_orbit_right_64_seed41222,false,local_assets/overnight_quant_lora_dpo_20260624_overnight_test/screen16_rollouts/A_step050/videos/02222_collision_orbit_right_64_seed41222_A_step050.mp4,codex_overview_inspected,overview inspected; no clearly sharper medium-hard TypeB loser versus Original Fast
131.2806394256386,local_assets/overnight_quant_lora_dpo_20260624_overnight_test/video_audit_screen/A_step050/contact_sheets/A_step050_02226_collision_orbit_right_64_seed41226.jpg,0.005412275053339254,0.0,A_step050,sharpness_or_freeze_gate_failed;no_new_clear_medium_hard_visual_advantage,02226_collision_orbit_right_64_seed41226,false,local_assets/overnight_quant_lora_dpo_20260624_overnight_test/screen16_rollouts/A_step050/videos/02226_collision_orbit_right_64_seed41226_A_step050.mp4,codex_overview_inspected,overview inspected; no clearly sharper medium-hard TypeB loser versus Original Fast
351.93775587578017,local_assets/overnight_quant_lora_dpo_20260624_overnight_test/video_audit_screen/A_step050/contact_sheets/A_step050_04204_containment_orbit_left_44_seed43204.jpg,0.0047350987442404706,0.0,A_step050,no_new_clear_medium_hard_visual_advantage,04204_containment_orbit_left_44_seed43204,false,local_assets/overnight_quant_lora_dpo_20260624_overnight_test/screen16_rollouts/A_step050/videos/04204_containment_orbit_left_44_seed43204_A_step050.mp4,codex_overview_inspected,overview inspected; no clearly sharper medium-hard TypeB loser versus Original Fast
231.31949382832397,local_assets/overnight_quant_lora_dpo_20260624_overnight_test/video_audit_screen/A_step050/contact_sheets/A_step050_04209_containment_orbit_left_44_seed43209.jpg,0.003586129219011518,0.0,A_step050,sharpness_or_freeze_gate_failed;no_new_clear_medium_hard_visual_advantage,04209_containment_orbit_left_44_seed43209,false,local_assets/overnight_quant_lora_dpo_20260624_overnight_test/screen16_rollouts/A_step050/videos/04209_containment_orbit_left_44_seed43209_A_step050.mp4,codex_overview_inspected,overview inspected; no clearly sharper medium-hard TypeB loser versus Original Fast
459.4303737340825,local_assets/overnight_quant_lora_dpo_20260624_overnight_test/video_audit_screen/A_step050/contact_sheets/A_step050_04214_containment_orbit_left_44_seed43214.jpg,0.00499934457057327,0.0,A_step050,no_new_clear_medium_hard_visual_advantage,04214_containment_orbit_left_44_seed43214,false,local_assets/overnight_quant_lora_dpo_20260624_overnight_test/screen16_rollouts/A_step050/videos/04214_containment_orbit_left_44_seed43214_A_step050.mp4,codex_overview_inspected,overview inspected; no clearly sharper medium-hard TypeB loser versus Original Fast
549.0993070778936,local_assets/overnight_quant_lora_dpo_20260624_overnight_test/video_audit_screen/A_step050/contact_sheets/A_step050_04228_containment_orbit_left_44_seed43228.jpg,0.003574810041064464,0.0,A_step050,no_new_clear_medium_hard_visual_advantage,04228_containment_orbit_left_44_seed43228,false,local_assets/overnight_quant_lora_dpo_20260624_overnight_test/screen16_rollouts/A_step050/videos/04228_containment_orbit_left_44_seed43228_A_step050.mp4,codex_overview_inspected,overview inspected; no clearly sharper medium-hard TypeB loser versus Original Fast
275.24781216833566,local_assets/overnight_quant_lora_dpo_20260624_overnight_test/video_audit_screen/A_step050/contact_sheets/A_step050_01002_drop_orbit_left_72_seed40002.jpg,0.003850715500720711,0.0,A_step050,sharpness_or_freeze_gate_failed;no_new_clear_medium_hard_visual_advantage,01002_drop_orbit_left_72_seed40002,false,local_assets/overnight_quant_lora_dpo_20260624_overnight_test/screen16_rollouts/A_step050/videos/01002_drop_orbit_left_72_seed40002_A_step050.mp4,codex_overview_inspected,overview inspected; no clearly sharper medium-hard TypeB loser versus Original Fast
294.2076928648139,local_assets/overnight_quant_lora_dpo_20260624_overnight_test/video_audit_screen/A_step050/contact_sheets/A_step050_01008_drop_orbit_left_72_seed40008.jpg,0.003331070964473912,0.0,A_step050,sharpness_or_freeze_gate_failed;no_new_clear_medium_hard_visual_advantage,01008_drop_orbit_left_72_seed40008,false,local_assets/overnight_quant_lora_dpo_20260624_overnight_test/screen16_rollouts/A_step050/videos/01008_drop_orbit_left_72_seed40008_A_step050.mp4,codex_overview_inspected,overview inspected; no clearly sharper medium-hard TypeB loser versus Original Fast
436.07983401994125,local_assets/overnight_quant_lora_dpo_20260624_overnight_test/video_audit_screen/A_step050/contact_sheets/A_step050_01013_drop_orbit_left_72_seed40013.jpg,0.003907976639515768,0.0,A_step050,no_new_clear_medium_hard_visual_advantage,01013_drop_orbit_left_72_seed40013,false,local_assets/overnight_quant_lora_dpo_20260624_overnight_test/screen16_rollouts/A_step050/videos/01013_drop_orbit_left_72_seed40013_A_step050.mp4,codex_overview_inspected,overview inspected; no clearly sharper medium-hard TypeB loser versus Original Fast
348.51819134079886,local_assets/overnight_quant_lora_dpo_20260624_overnight_test/video_audit_screen/A_step050/contact_sheets/A_step050_01014_drop_orbit_left_72_seed40014.jpg,0.004581104773843155,0.0,A_step050,no_new_clear_medium_hard_visual_advantage,01014_drop_orbit_left_72_seed40014,false,local_assets/overnight_quant_lora_dpo_20260624_overnight_test/screen16_rollouts/A_step050/videos/01014_drop_orbit_left_72_seed40014_A_step050.mp4,codex_overview_inspected,overview inspected; no clearly sharper medium-hard TypeB loser versus Original Fast
228.10928678001684,local_assets/overnight_quant_lora_dpo_20260624_overnight_test/video_audit_screen/A_step050/contact_sheets/A_step050_03409_roll_orbit_right_60_seed42409.jpg,0.0023840374681396437,0.0,A_step050,sharpness_or_freeze_gate_failed;no_new_clear_medium_hard_visual_advantage,03409_roll_orbit_right_60_seed42409,false,local_assets/overnight_quant_lora_dpo_20260624_overnight_test/screen16_rollouts/A_step050/videos/03409_roll_orbit_right_60_seed42409_A_step050.mp4,codex_overview_inspected,overview inspected; no clearly sharper medium-hard TypeB loser versus Original Fast
175.35290017135716,local_assets/overnight_quant_lora_dpo_20260624_overnight_test/video_audit_screen/A_step050/contact_sheets/A_step050_03410_roll_orbit_right_60_seed42410.jpg,0.0023973740213181997,0.0,A_step050,sharpness_or_freeze_gate_failed;no_new_clear_medium_hard_visual_advantage,03410_roll_orbit_right_60_seed42410,false,local_assets/overnight_quant_lora_dpo_20260624_overnight_test/screen16_rollouts/A_step050/videos/03410_roll_orbit_right_60_seed42410_A_step050.mp4,codex_overview_inspected,overview inspected; no clearly sharper medium-hard TypeB loser versus Original Fast
322.54475165019915,local_assets/overnight_quant_lora_dpo_20260624_overnight_test/video_audit_screen/A_step050/contact_sheets/A_step050_03413_roll_orbit_right_60_seed42413.jpg,0.0017707675790821003,0.0,A_step050,no_new_clear_medium_hard_visual_advantage,03413_roll_orbit_right_60_seed42413,false,local_assets/overnight_quant_lora_dpo_20260624_overnight_test/screen16_rollouts/A_step050/videos/03413_roll_orbit_right_60_seed42413_A_step050.mp4,codex_overview_inspected,overview inspected; no clearly sharper medium-hard TypeB loser versus Original Fast
147.34684546049326,local_assets/overnight_quant_lora_dpo_20260624_overnight_test/video_audit_screen/A_step050/contact_sheets/A_step050_03418_roll_orbit_right_60_seed42418.jpg,0.0035149609939318246,0.0,A_step050,sharpness_or_freeze_gate_failed;no_new_clear_medium_hard_visual_advantage,03418_roll_orbit_right_60_seed42418,false,local_assets/overnight_quant_lora_dpo_20260624_overnight_test/screen16_rollouts/A_step050/videos/03418_roll_orbit_right_60_seed42418_A_step050.mp4,codex_overview_inspected,overview inspected; no clearly sharper medium-hard TypeB loser versus Original Fast
104.44572716584601,local_assets/overnight_quant_lora_dpo_20260624_overnight_test/video_audit_screen/B_step050/contact_sheets/B_step050_02200_collision_orbit_right_64_seed41200.jpg,0.0026710527859715714,0.0,B_step050,sharpness_or_freeze_gate_failed;no_new_clear_medium_hard_visual_advantage,02200_collision_orbit_right_64_seed41200,false,local_assets/overnight_quant_lora_dpo_20260624_overnight_test/screen16_rollouts/B_step050/videos/02200_collision_orbit_right_64_seed41200_B_step050.mp4,codex_overview_inspected,overview inspected; no clearly sharper medium-hard TypeB loser versus Original Fast
365.9848582526076,local_assets/overnight_quant_lora_dpo_20260624_overnight_test/video_audit_screen/B_step050/contact_sheets/B_step050_02202_collision_orbit_right_64_seed41202.jpg,0.002627806625124892,0.0,B_step050,no_new_clear_medium_hard_visual_advantage,02202_collision_orbit_right_64_seed41202,false,local_assets/overnight_quant_lora_dpo_20260624_overnight_test/screen16_rollouts/B_step050/videos/02202_collision_orbit_right_64_seed41202_B_step050.mp4,codex_overview_inspected,overview inspected; no clearly sharper medium-hard TypeB loser versus Original Fast
258.7637931407071,local_assets/overnight_quant_lora_dpo_20260624_overnight_test/video_audit_screen/B_step050/contact_sheets/B_step050_02222_collision_orbit_right_64_seed41222.jpg,0.00217862690505851,0.0,B_step050,sharpness_or_freeze_gate_failed;no_new_clear_medium_hard_visual_advantage,02222_collision_orbit_right_64_seed41222,false,local_assets/overnight_quant_lora_dpo_20260624_overnight_test/screen16_rollouts/B_step050/videos/02222_collision_orbit_right_64_seed41222_B_step050.mp4,codex_overview_inspected,overview inspected; no clearly sharper medium-hard TypeB loser versus Original Fast
245.31198488079534,local_assets/overnight_quant_lora_dpo_20260624_overnight_test/video_audit_screen/B_step050/contact_sheets/B_step050_02226_collision_orbit_right_64_seed41226.jpg,0.006223398738552548,0.0,B_step050,sharpness_or_freeze_gate_failed;no_new_clear_medium_hard_visual_advantage,02226_collision_orbit_right_64_seed41226,false,local_assets/overnight_quant_lora_dpo_20260624_overnight_test/screen16_rollouts/B_step050/videos/02226_collision_orbit_right_64_seed41226_B_step050.mp4,codex_overview_inspected,overview inspected; no clearly sharper medium-hard TypeB loser versus Original Fast
405.2414796260514,local_assets/overnight_quant_lora_dpo_20260624_overnight_test/video_audit_screen/B_step050/contact_sheets/B_step050_04204_containment_orbit_left_44_seed43204.jpg,0.004656454919581441,0.0,B_step050,no_new_clear_medium_hard_visual_advantage,04204_containment_orbit_left_44_seed43204,false,local_assets/overnight_quant_lora_dpo_20260624_overnight_test/screen16_rollouts/B_step050/videos/04204_containment_orbit_left_44_seed43204_B_step050.mp4,codex_overview_inspected,overview inspected; no clearly sharper medium-hard TypeB loser versus Original Fast
272.36715430232283,local_assets/overnight_quant_lora_dpo_20260624_overnight_test/video_audit_screen/B_step050/contact_sheets/B_step050_04209_containment_orbit_left_44_seed43209.jpg,0.0033922384527082434,0.0,B_step050,sharpness_or_freeze_gate_failed;no_new_clear_medium_hard_visual_advantage,04209_containment_orbit_left_44_seed43209,false,local_assets/overnight_quant_lora_dpo_20260624_overnight_test/screen16_rollouts/B_step050/videos/04209_containment_orbit_left_44_seed43209_B_step050.mp4,codex_overview_inspected,overview inspected; no clearly sharper medium-hard TypeB loser versus Original Fast
493.8096717265221,local_assets/overnight_quant_lora_dpo_20260624_overnight_test/video_audit_screen/B_step050/contact_sheets/B_step050_04214_containment_orbit_left_44_seed43214.jpg,0.00496375474027245,0.0,B_step050,no_new_clear_medium_hard_visual_advantage,04214_containment_orbit_left_44_seed43214,false,local_assets/overnight_quant_lora_dpo_20260624_overnight_test/screen16_rollouts/B_step050/videos/04214_containment_orbit_left_44_seed43214_B_step050.mp4,codex_overview_inspected,overview inspected; no clearly sharper medium-hard TypeB loser versus Original Fast
540.7068167127902,local_assets/overnight_quant_lora_dpo_20260624_overnight_test/video_audit_screen/B_step050/contact_sheets/B_step050_04228_containment_orbit_left_44_seed43228.jpg,0.0031404726340998933,0.0,B_step050,no_new_clear_medium_hard_visual_advantage,04228_containment_orbit_left_44_seed43228,false,local_assets/overnight_quant_lora_dpo_20260624_overnight_test/screen16_rollouts/B_step050/videos/04228_containment_orbit_left_44_seed43228_B_step050.mp4,codex_overview_inspected,overview inspected; no clearly sharper medium-hard TypeB loser versus Original Fast
257.6229714943575,local_assets/overnight_quant_lora_dpo_20260624_overnight_test/video_audit_screen/B_step050/contact_sheets/B_step050_01002_drop_orbit_left_72_seed40002.jpg,0.003551368215453977,0.0,B_step050,sharpness_or_freeze_gate_failed;no_new_clear_medium_hard_visual_advantage,01002_drop_orbit_left_72_seed40002,false,local_assets/overnight_quant_lora_dpo_20260624_overnight_test/screen16_rollouts/B_step050/videos/01002_drop_orbit_left_72_seed40002_B_step050.mp4,codex_overview_inspected,overview inspected; no clearly sharper medium-hard TypeB loser versus Original Fast
306.7463609303132,local_assets/overnight_quant_lora_dpo_20260624_overnight_test/video_audit_screen/B_step050/contact_sheets/B_step050_01008_drop_orbit_left_72_seed40008.jpg,0.0033433994515324867,0.0,B_step050,no_new_clear_medium_hard_visual_advantage,01008_drop_orbit_left_72_seed40008,false,local_assets/overnight_quant_lora_dpo_20260624_overnight_test/screen16_rollouts/B_step050/videos/01008_drop_orbit_left_72_seed40008_B_step050.mp4,codex_overview_inspected,overview inspected; no clearly sharper medium-hard TypeB loser versus Original Fast
492.16514260675666,local_assets/overnight_quant_lora_dpo_20260624_overnight_test/video_audit_screen/B_step050/contact_sheets/B_step050_01013_drop_orbit_left_72_seed40013.jpg,0.003937401977689007,0.0,B_step050,no_new_clear_medium_hard_visual_advantage,01013_drop_orbit_left_72_seed40013,false,local_assets/overnight_quant_lora_dpo_20260624_overnight_test/screen16_rollouts/B_step050/videos/01013_drop_orbit_left_72_seed40013_B_step050.mp4,codex_overview_inspected,overview inspected; no clearly sharper medium-hard TypeB loser versus Original Fast
357.71621727057254,local_assets/overnight_quant_lora_dpo_20260624_overnight_test/video_audit_screen/B_step050/contact_sheets/B_step050_01014_drop_orbit_left_72_seed40014.jpg,0.00444008129562276,0.0,B_step050,no_new_clear_medium_hard_visual_advantage,01014_drop_orbit_left_72_seed40014,false,local_assets/overnight_quant_lora_dpo_20260624_overnight_test/screen16_rollouts/B_step050/videos/01014_drop_orbit_left_72_seed40014_B_step050.mp4,codex_overview_inspected,overview inspected; no clearly sharper medium-hard TypeB loser versus Original Fast
354.7890253287068,local_assets/overnight_quant_lora_dpo_20260624_overnight_test/video_audit_screen/B_step050/contact_sheets/B_step050_03409_roll_orbit_right_60_seed42409.jpg,0.00227102368505419,0.0,B_step050,no_new_clear_medium_hard_visual_advantage,03409_roll_orbit_right_60_seed42409,false,local_assets/overnight_quant_lora_dpo_20260624_overnight_test/screen16_rollouts/B_step050/videos/03409_roll_orbit_right_60_seed42409_B_step050.mp4,codex_overview_inspected,overview inspected; no clearly sharper medium-hard TypeB loser versus Original Fast
169.31723442396626,local_assets/overnight_quant_lora_dpo_20260624_overnight_test/video_audit_screen/B_step050/contact_sheets/B_step050_03410_roll_orbit_right_60_seed42410.jpg,0.002855417638188828,0.0,B_step050,sharpness_or_freeze_gate_failed;no_new_clear_medium_hard_visual_advantage,03410_roll_orbit_right_60_seed42410,false,local_assets/overnight_quant_lora_dpo_20260624_overnight_test/screen16_rollouts/B_step050/videos/03410_roll_orbit_right_60_seed42410_B_step050.mp4,codex_overview_inspected,overview inspected; no clearly sharper medium-hard TypeB loser versus Original Fast
314.20747442602504,local_assets/overnight_quant_lora_dpo_20260624_overnight_test/video_audit_screen/B_step050/contact_sheets/B_step050_03413_roll_orbit_right_60_seed42413.jpg,0.002021512155860406,0.0,B_step050,no_new_clear_medium_hard_visual_advantage,03413_roll_orbit_right_60_seed42413,false,local_assets/overnight_quant_lora_dpo_20260624_overnight_test/screen16_rollouts/B_step050/videos/03413_roll_orbit_right_60_seed42413_B_step050.mp4,codex_overview_inspected,overview inspected; no clearly sharper medium-hard TypeB loser versus Original Fast
118.20066606042428,local_assets/overnight_quant_lora_dpo_20260624_overnight_test/video_audit_screen/B_step050/contact_sheets/B_step050_03418_roll_orbit_right_60_seed42418.jpg,0.003048762482618004,0.0,B_step050,sharpness_or_freeze_gate_failed;no_new_clear_medium_hard_visual_advantage,03418_roll_orbit_right_60_seed42418,false,local_assets/overnight_quant_lora_dpo_20260624_overnight_test/screen16_rollouts/B_step050/videos/03418_roll_orbit_right_60_seed42418_B_step050.mp4,codex_overview_inspected,overview inspected; no clearly sharper medium-hard TypeB loser versus Original Fast
121.24931164844632,local_assets/overnight_quant_lora_dpo_20260624_overnight_test/video_audit_screen/C_step050/contact_sheets/C_step050_02200_collision_orbit_right_64_seed41200.jpg,0.0029895268517988274,0.0,C_step050,sharpness_or_freeze_gate_failed;no_new_clear_medium_hard_visual_advantage,02200_collision_orbit_right_64_seed41200,false,local_assets/overnight_quant_lora_dpo_20260624_overnight_test/screen16_rollouts/C_step050/videos/02200_collision_orbit_right_64_seed41200_C_step050.mp4,codex_overview_inspected,overview inspected; no clearly sharper medium-hard TypeB loser versus Original Fast
343.9106780114635,local_assets/overnight_quant_lora_dpo_20260624_overnight_test/video_audit_screen/C_step050/contact_sheets/C_step050_02202_collision_orbit_right_64_seed41202.jpg,0.0032319435097148273,0.0125,C_step050,sharpness_or_freeze_gate_failed;no_new_clear_medium_hard_visual_advantage,02202_collision_orbit_right_64_seed41202,false,local_assets/overnight_quant_lora_dpo_20260624_overnight_test/screen16_rollouts/C_step050/videos/02202_collision_orbit_right_64_seed41202_C_step050.mp4,codex_overview_inspected,overview inspected; no clearly sharper medium-hard TypeB loser versus Original Fast
272.649824735668,local_assets/overnight_quant_lora_dpo_20260624_overnight_test/video_audit_screen/C_step050/contact_sheets/C_step050_02222_collision_orbit_right_64_seed41222.jpg,0.0027600665159564237,0.0,C_step050,sharpness_or_freeze_gate_failed;no_new_clear_medium_hard_visual_advantage,02222_collision_orbit_right_64_seed41222,false,local_assets/overnight_quant_lora_dpo_20260624_overnight_test/screen16_rollouts/C_step050/videos/02222_collision_orbit_right_64_seed41222_C_step050.mp4,codex_overview_inspected,overview inspected; no clearly sharper medium-hard TypeB loser versus Original Fast
296.69868493968346,local_assets/overnight_quant_lora_dpo_20260624_overnight_test/video_audit_screen/C_step050/contact_sheets/C_step050_02226_collision_orbit_right_64_seed41226.jpg,0.005504478050957485,0.0,C_step050,sharpness_or_freeze_gate_failed;no_new_clear_medium_hard_visual_advantage,02226_collision_orbit_right_64_seed41226,false,local_assets/overnight_quant_lora_dpo_20260624_overnight_test/screen16_rollouts/C_step050/videos/02226_collision_orbit_right_64_seed41226_C_step050.mp4,codex_overview_inspected,overview inspected; no clearly sharper medium-hard TypeB loser versus Original Fast
382.8536915186714,local_assets/overnight_quant_lora_dpo_20260624_overnight_test/video_audit_screen/C_step050/contact_sheets/C_step050_04204_containment_orbit_left_44_seed43204.jpg,0.004528600812180608,0.0,C_step050,no_new_clear_medium_hard_visual_advantage,04204_containment_orbit_left_44_seed43204,false,local_assets/overnight_quant_lora_dpo_20260624_overnight_test/screen16_rollouts/C_step050/videos/04204_containment_orbit_left_44_seed43204_C_step050.mp4,codex_overview_inspected,overview inspected; no clearly sharper medium-hard TypeB loser versus Original Fast
206.09736120264478,local_assets/overnight_quant_lora_dpo_20260624_overnight_test/video_audit_screen/C_step050/contact_sheets/C_step050_04209_containment_orbit_left_44_seed43209.jpg,0.004525123792011122,0.0,C_step050,sharpness_or_freeze_gate_failed;no_new_clear_medium_hard_visual_advantage,04209_containment_orbit_left_44_seed43209,false,local_assets/overnight_quant_lora_dpo_20260624_overnight_test/screen16_rollouts/C_step050/videos/04209_containment_orbit_left_44_seed43209_C_step050.mp4,codex_overview_inspected,overview inspected; no clearly sharper medium-hard TypeB loser versus Original Fast
465.55955069879906,local_assets/overnight_quant_lora_dpo_20260624_overnight_test/video_audit_screen/C_step050/contact_sheets/C_step050_04214_containment_orbit_left_44_seed43214.jpg,0.005147038811366013,0.0,C_step050,no_new_clear_medium_hard_visual_advantage,04214_containment_orbit_left_44_seed43214,false,local_assets/overnight_quant_lora_dpo_20260624_overnight_test/screen16_rollouts/C_step050/videos/04214_containment_orbit_left_44_seed43214_C_step050.mp4,codex_overview_inspected,overview inspected; no clearly sharper medium-hard TypeB loser versus Original Fast
520.8850627131445,local_assets/overnight_quant_lora_dpo_20260624_overnight_test/video_audit_screen/C_step050/contact_sheets/C_step050_04228_containment_orbit_left_44_seed43228.jpg,0.0030955506720904834,0.0,C_step050,no_new_clear_medium_hard_visual_advantage,04228_containment_orbit_left_44_seed43228,false,local_assets/overnight_quant_lora_dpo_20260624_overnight_test/screen16_rollouts/C_step050/videos/04228_containment_orbit_left_44_seed43228_C_step050.mp4,codex_overview_inspected,overview inspected; no clearly sharper medium-hard TypeB loser versus Original Fast
259.6333313597764,local_assets/overnight_quant_lora_dpo_20260624_overnight_test/video_audit_screen/C_step050/contact_sheets/C_step050_01002_drop_orbit_left_72_seed40002.jpg,0.0036906916541770874,0.0,C_step050,sharpness_or_freeze_gate_failed;no_new_clear_medium_hard_visual_advantage,01002_drop_orbit_left_72_seed40002,false,local_assets/overnight_quant_lora_dpo_20260624_overnight_test/screen16_rollouts/C_step050/videos/01002_drop_orbit_left_72_seed40002_C_step050.mp4,codex_overview_inspected,overview inspected; no clearly sharper medium-hard TypeB loser versus Original Fast
303.15898049881133,local_assets/overnight_quant_lora_dpo_20260624_overnight_test/video_audit_screen/C_step050/contact_sheets/C_step050_01008_drop_orbit_left_72_seed40008.jpg,0.0032770908260861885,0.0,C_step050,no_new_clear_medium_hard_visual_advantage,01008_drop_orbit_left_72_seed40008,false,local_assets/overnight_quant_lora_dpo_20260624_overnight_test/screen16_rollouts/C_step050/videos/01008_drop_orbit_left_72_seed40008_C_step050.mp4,codex_overview_inspected,overview inspected; no clearly sharper medium-hard TypeB loser versus Original Fast
477.4159460183423,local_assets/overnight_quant_lora_dpo_20260624_overnight_test/video_audit_screen/C_step050/contact_sheets/C_step050_01013_drop_orbit_left_72_seed40013.jpg,0.0036352124680203266,0.0,C_step050,no_new_clear_medium_hard_visual_advantage,01013_drop_orbit_left_72_seed40013,false,local_assets/overnight_quant_lora_dpo_20260624_overnight_test/screen16_rollouts/C_step050/videos/01013_drop_orbit_left_72_seed40013_C_step050.mp4,codex_overview_inspected,overview inspected; no clearly sharper medium-hard TypeB loser versus Original Fast
341.09890153098706,local_assets/overnight_quant_lora_dpo_20260624_overnight_test/video_audit_screen/C_step050/contact_sheets/C_step050_01014_drop_orbit_left_72_seed40014.jpg,0.004332765261350403,0.0,C_step050,no_new_clear_medium_hard_visual_advantage,01014_drop_orbit_left_72_seed40014,false,local_assets/overnight_quant_lora_dpo_20260624_overnight_test/screen16_rollouts/C_step050/videos/01014_drop_orbit_left_72_seed40014_C_step050.mp4,codex_overview_inspected,overview inspected; no clearly sharper medium-hard TypeB loser versus Original Fast
442.0627256128038,local_assets/overnight_quant_lora_dpo_20260624_overnight_test/video_audit_screen/C_step050/contact_sheets/C_step050_03409_roll_orbit_right_60_seed42409.jpg,0.00178730408962107,0.0,C_step050,no_new_clear_medium_hard_visual_advantage,03409_roll_orbit_right_60_seed42409,false,local_assets/overnight_quant_lora_dpo_20260624_overnight_test/screen16_rollouts/C_step050/videos/03409_roll_orbit_right_60_seed42409_C_step050.mp4,codex_overview_inspected,overview inspected; no clearly sharper medium-hard TypeB loser versus Original Fast
159.8038481308087,local_assets/overnight_quant_lora_dpo_20260624_overnight_test/video_audit_screen/C_step050/contact_sheets/C_step050_03410_roll_orbit_right_60_seed42410.jpg,0.003133749044388121,0.0,C_step050,sharpness_or_freeze_gate_failed;no_new_clear_medium_hard_visual_advantage,03410_roll_orbit_right_60_seed42410,false,local_assets/overnight_quant_lora_dpo_20260624_overnight_test/screen16_rollouts/C_step050/videos/03410_roll_orbit_right_60_seed42410_C_step050.mp4,codex_overview_inspected,overview inspected; no clearly sharper medium-hard TypeB loser versus Original Fast
233.09542070390964,local_assets/overnight_quant_lora_dpo_20260624_overnight_test/video_audit_screen/C_step050/contact_sheets/C_step050_03413_roll_orbit_right_60_seed42413.jpg,0.0014248613119785276,0.0,C_step050,sharpness_or_freeze_gate_failed;no_new_clear_medium_hard_visual_advantage,03413_roll_orbit_right_60_seed42413,false,local_assets/overnight_quant_lora_dpo_20260624_overnight_test/screen16_rollouts/C_step050/videos/03413_roll_orbit_right_60_seed42413_C_step050.mp4,codex_overview_inspected,overview inspected; no clearly sharper medium-hard TypeB loser versus Original Fast
222.82387726505962,local_assets/overnight_quant_lora_dpo_20260624_overnight_test/video_audit_screen/C_step050/contact_sheets/C_step050_03418_roll_orbit_right_60_seed42418.jpg,0.002405773536491832,0.0,C_step050,sharpness_or_freeze_gate_failed;no_new_clear_medium_hard_visual_advantage,03418_roll_orbit_right_60_seed42418,false,local_assets/overnight_quant_lora_dpo_20260624_overnight_test/screen16_rollouts/C_step050/videos/03418_roll_orbit_right_60_seed42418_C_step050.mp4,codex_overview_inspected,overview inspected; no clearly sharper medium-hard TypeB loser versus Original Fast
139.90305989674556,local_assets/overnight_quant_lora_dpo_20260624_overnight_test/video_audit_screen/D_step050/contact_sheets/D_step050_02200_collision_orbit_right_64_seed41200.jpg,0.0033094240186134515,0.0,D_step050,sharpness_or_freeze_gate_failed;no_new_clear_medium_hard_visual_advantage,02200_collision_orbit_right_64_seed41200,false,local_assets/overnight_quant_lora_dpo_20260624_overnight_test/screen16_rollouts/D_step050/videos/02200_collision_orbit_right_64_seed41200_D_step050.mp4,codex_overview_inspected,overview inspected; no clearly sharper medium-hard TypeB loser versus Original Fast
420.62509574241767,local_assets/overnight_quant_lora_dpo_20260624_overnight_test/video_audit_screen/D_step050/contact_sheets/D_step050_02202_collision_orbit_right_64_seed41202.jpg,0.0030696142868052796,0.0,D_step050,no_new_clear_medium_hard_visual_advantage,02202_collision_orbit_right_64_seed41202,false,local_assets/overnight_quant_lora_dpo_20260624_overnight_test/screen16_rollouts/D_step050/videos/02202_collision_orbit_right_64_seed41202_D_step050.mp4,codex_overview_inspected,overview inspected; no clearly sharper medium-hard TypeB loser versus Original Fast
266.58281186009685,local_assets/overnight_quant_lora_dpo_20260624_overnight_test/video_audit_screen/D_step050/contact_sheets/D_step050_02222_collision_orbit_right_64_seed41222.jpg,0.0024038654202146966,0.0,D_step050,sharpness_or_freeze_gate_failed;no_new_clear_medium_hard_visual_advantage,02222_collision_orbit_right_64_seed41222,false,local_assets/overnight_quant_lora_dpo_20260624_overnight_test/screen16_rollouts/D_step050/videos/02222_collision_orbit_right_64_seed41222_D_step050.mp4,codex_overview_inspected,overview inspected; no clearly sharper medium-hard TypeB loser versus Original Fast
300.0438667609217,local_assets/overnight_quant_lora_dpo_20260624_overnight_test/video_audit_screen/D_step050/contact_sheets/D_step050_02226_collision_orbit_right_64_seed41226.jpg,0.0056490521344451355,0.0,D_step050,no_new_clear_medium_hard_visual_advantage,02226_collision_orbit_right_64_seed41226,false,local_assets/overnight_quant_lora_dpo_20260624_overnight_test/screen16_rollouts/D_step050/videos/02226_collision_orbit_right_64_seed41226_D_step050.mp4,codex_overview_inspected,overview inspected; no clearly sharper medium-hard TypeB loser versus Original Fast
381.57424363655326,local_assets/overnight_quant_lora_dpo_20260624_overnight_test/video_audit_screen/D_step050/contact_sheets/D_step050_04204_containment_orbit_left_44_seed43204.jpg,0.004422474569387955,0.0,D_step050,no_new_clear_medium_hard_visual_advantage,04204_containment_orbit_left_44_seed43204,false,local_assets/overnight_quant_lora_dpo_20260624_overnight_test/screen16_rollouts/D_step050/videos/04204_containment_orbit_left_44_seed43204_D_step050.mp4,codex_overview_inspected,overview inspected; no clearly sharper medium-hard TypeB loser versus Original Fast
297.2019256652509,local_assets/overnight_quant_lora_dpo_20260624_overnight_test/video_audit_screen/D_step050/contact_sheets/D_step050_04209_containment_orbit_left_44_seed43209.jpg,0.006390700051827782,0.0,D_step050,sharpness_or_freeze_gate_failed;no_new_clear_medium_hard_visual_advantage,04209_containment_orbit_left_44_seed43209,false,local_assets/overnight_quant_lora_dpo_20260624_overnight_test/screen16_rollouts/D_step050/videos/04209_containment_orbit_left_44_seed43209_D_step050.mp4,codex_overview_inspected,overview inspected; no clearly sharper medium-hard TypeB loser versus Original Fast
448.38260628961297,local_assets/overnight_quant_lora_dpo_20260624_overnight_test/video_audit_screen/D_step050/contact_sheets/D_step050_04214_containment_orbit_left_44_seed43214.jpg,0.004943390561657165,0.0,D_step050,no_new_clear_medium_hard_visual_advantage,04214_containment_orbit_left_44_seed43214,false,local_assets/overnight_quant_lora_dpo_20260624_overnight_test/screen16_rollouts/D_step050/videos/04214_containment_orbit_left_44_seed43214_D_step050.mp4,codex_overview_inspected,overview inspected; no clearly sharper medium-hard TypeB loser versus Original Fast
586.3184641855557,local_assets/overnight_quant_lora_dpo_20260624_overnight_test/video_audit_screen/D_step050/contact_sheets/D_step050_04228_containment_orbit_left_44_seed43228.jpg,0.003354309188073957,0.0,D_step050,no_new_clear_medium_hard_visual_advantage,04228_containment_orbit_left_44_seed43228,false,local_assets/overnight_quant_lora_dpo_20260624_overnight_test/screen16_rollouts/D_step050/videos/04228_containment_orbit_left_44_seed43228_D_step050.mp4,codex_overview_inspected,overview inspected; no clearly sharper medium-hard TypeB loser versus Original Fast
254.62543829739684,local_assets/overnight_quant_lora_dpo_20260624_overnight_test/video_audit_screen/D_step050/contact_sheets/D_step050_01002_drop_orbit_left_72_seed40002.jpg,0.0034875923095219834,0.0,D_step050,sharpness_or_freeze_gate_failed;no_new_clear_medium_hard_visual_advantage,01002_drop_orbit_left_72_seed40002,false,local_assets/overnight_quant_lora_dpo_20260624_overnight_test/screen16_rollouts/D_step050/videos/01002_drop_orbit_left_72_seed40002_D_step050.mp4,codex_overview_inspected,overview inspected; no clearly sharper medium-hard TypeB loser versus Original Fast
299.3436221942884,local_assets/overnight_quant_lora_dpo_20260624_overnight_test/video_audit_screen/D_step050/contact_sheets/D_step050_01008_drop_orbit_left_72_seed40008.jpg,0.003325339530590706,0.0,D_step050,sharpness_or_freeze_gate_failed;no_new_clear_medium_hard_visual_advantage,01008_drop_orbit_left_72_seed40008,false,local_assets/overnight_quant_lora_dpo_20260624_overnight_test/screen16_rollouts/D_step050/videos/01008_drop_orbit_left_72_seed40008_D_step050.mp4,codex_overview_inspected,overview inspected; no clearly sharper medium-hard TypeB loser versus Original Fast
451.8086036932136,local_assets/overnight_quant_lora_dpo_20260624_overnight_test/video_audit_screen/D_step050/contact_sheets/D_step050_01013_drop_orbit_left_72_seed40013.jpg,0.003690722977563301,0.0,D_step050,no_new_clear_medium_hard_visual_advantage,01013_drop_orbit_left_72_seed40013,false,local_assets/overnight_quant_lora_dpo_20260624_overnight_test/screen16_rollouts/D_step050/videos/01013_drop_orbit_left_72_seed40013_D_step050.mp4,codex_overview_inspected,overview inspected; no clearly sharper medium-hard TypeB loser versus Original Fast
334.9142185529484,local_assets/overnight_quant_lora_dpo_20260624_overnight_test/video_audit_screen/D_step050/contact_sheets/D_step050_01014_drop_orbit_left_72_seed40014.jpg,0.004349512458951455,0.0,D_step050,no_new_clear_medium_hard_visual_advantage,01014_drop_orbit_left_72_seed40014,false,local_assets/overnight_quant_lora_dpo_20260624_overnight_test/screen16_rollouts/D_step050/videos/01014_drop_orbit_left_72_seed40014_D_step050.mp4,codex_overview_inspected,overview inspected; no clearly sharper medium-hard TypeB loser versus Original Fast
379.50990468395844,local_assets/overnight_quant_lora_dpo_20260624_overnight_test/video_audit_screen/D_step050/contact_sheets/D_step050_03409_roll_orbit_right_60_seed42409.jpg,0.0021505969491618397,0.0,D_step050,no_new_clear_medium_hard_visual_advantage,03409_roll_orbit_right_60_seed42409,false,local_assets/overnight_quant_lora_dpo_20260624_overnight_test/screen16_rollouts/D_step050/videos/03409_roll_orbit_right_60_seed42409_D_step050.mp4,codex_overview_inspected,overview inspected; no clearly sharper medium-hard TypeB loser versus Original Fast
177.00643969581003,local_assets/overnight_quant_lora_dpo_20260624_overnight_test/video_audit_screen/D_step050/contact_sheets/D_step050_03410_roll_orbit_right_60_seed42410.jpg,0.002493686473189572,0.0,D_step050,sharpness_or_freeze_gate_failed;no_new_clear_medium_hard_visual_advantage,03410_roll_orbit_right_60_seed42410,false,local_assets/overnight_quant_lora_dpo_20260624_overnight_test/screen16_rollouts/D_step050/videos/03410_roll_orbit_right_60_seed42410_D_step050.mp4,codex_overview_inspected,overview inspected; no clearly sharper medium-hard TypeB loser versus Original Fast
370.3962149064238,local_assets/overnight_quant_lora_dpo_20260624_overnight_test/video_audit_screen/D_step050/contact_sheets/D_step050_03413_roll_orbit_right_60_seed42413.jpg,0.0020775085507872457,0.0,D_step050,no_new_clear_medium_hard_visual_advantage,03413_roll_orbit_right_60_seed42413,false,local_assets/overnight_quant_lora_dpo_20260624_overnight_test/screen16_rollouts/D_step050/videos/03413_roll_orbit_right_60_seed42413_D_step050.mp4,codex_overview_inspected,overview inspected; no clearly sharper medium-hard TypeB loser versus Original Fast
367.20872533499175,local_assets/overnight_quant_lora_dpo_20260624_overnight_test/video_audit_screen/D_step050/contact_sheets/D_step050_03418_roll_orbit_right_60_seed42418.jpg,0.0036744616653461098,0.0,D_step050,no_new_clear_medium_hard_visual_advantage,03418_roll_orbit_right_60_seed42418,false,local_assets/overnight_quant_lora_dpo_20260624_overnight_test/screen16_rollouts/D_step050/videos/03418_roll_orbit_right_60_seed42418_D_step050.mp4,codex_overview_inspected,overview inspected; no clearly sharper medium-hard TypeB loser versus Original Fast
101.2631240836797,local_assets/overnight_quant_lora_dpo_20260624_overnight_test/video_audit_screen/A_step100/contact_sheets/A_step100_02200_collision_orbit_right_64_seed41200.jpg,0.0030003495789341296,0.0,A_step100,sharpness_or_freeze_gate_failed;no_new_clear_medium_hard_visual_advantage,02200_collision_orbit_right_64_seed41200,false,local_assets/overnight_quant_lora_dpo_20260624_overnight_test/screen16_rollouts/A_step100/videos/02200_collision_orbit_right_64_seed41200_A_step100.mp4,metric_only_existing_artifact,not individually inspected this pass; retained as existing metric-only candidate
387.2507417567271,local_assets/overnight_quant_lora_dpo_20260624_overnight_test/video_audit_screen/A_step100/contact_sheets/A_step100_02202_collision_orbit_right_64_seed41202.jpg,0.00344256494183197,0.0,A_step100,no_new_clear_medium_hard_visual_advantage,02202_collision_orbit_right_64_seed41202,false,local_assets/overnight_quant_lora_dpo_20260624_overnight_test/screen16_rollouts/A_step100/videos/02202_collision_orbit_right_64_seed41202_A_step100.mp4,metric_only_existing_artifact,not individually inspected this pass; retained as existing metric-only candidate
287.12991220441234,local_assets/overnight_quant_lora_dpo_20260624_overnight_test/video_audit_screen/A_step100/contact_sheets/A_step100_02222_collision_orbit_right_64_seed41222.jpg,0.001993320735365718,0.0,A_step100,sharpness_or_freeze_gate_failed;no_new_clear_medium_hard_visual_advantage,02222_collision_orbit_right_64_seed41222,false,local_assets/overnight_quant_lora_dpo_20260624_overnight_test/screen16_rollouts/A_step100/videos/02222_collision_orbit_right_64_seed41222_A_step100.mp4,metric_only_existing_artifact,not individually inspected this pass; retained as existing metric-only candidate
195.62895245072937,local_assets/overnight_quant_lora_dpo_20260624_overnight_test/video_audit_screen/A_step100/contact_sheets/A_step100_02226_collision_orbit_right_64_seed41226.jpg,0.005151654287465544,0.0,A_step100,sharpness_or_freeze_gate_failed;no_new_clear_medium_hard_visual_advantage,02226_collision_orbit_right_64_seed41226,false,local_assets/overnight_quant_lora_dpo_20260624_overnight_test/screen16_rollouts/A_step100/videos/02226_collision_orbit_right_64_seed41226_A_step100.mp4,metric_only_existing_artifact,not individually inspected this pass; retained as existing metric-only candidate
394.043927018886,local_assets/overnight_quant_lora_dpo_20260624_overnight_test/video_audit_screen/A_step100/contact_sheets/A_step100_04204_containment_orbit_left_44_seed43204.jpg,0.0045688859186363544,0.0,A_step100,no_new_clear_medium_hard_visual_advantage,04204_containment_orbit_left_44_seed43204,false,local_assets/overnight_quant_lora_dpo_20260624_overnight_test/screen16_rollouts/A_step100/videos/04204_containment_orbit_left_44_seed43204_A_step100.mp4,metric_only_existing_artifact,not individually inspected this pass; retained as existing metric-only candidate
276.4227730857065,local_assets/overnight_quant_lora_dpo_20260624_overnight_test/video_audit_screen/A_step100/contact_sheets/A_step100_04209_containment_orbit_left_44_seed43209.jpg,0.003489008822654355,0.0,A_step100,sharpness_or_freeze_gate_failed;no_new_clear_medium_hard_visual_advantage,04209_containment_orbit_left_44_seed43209,false,local_assets/overnight_quant_lora_dpo_20260624_overnight_test/screen16_rollouts/A_step100/videos/04209_containment_orbit_left_44_seed43209_A_step100.mp4,metric_only_existing_artifact,not individually inspected this pass; retained as existing metric-only candidate
428.7160836639218,local_assets/overnight_quant_lora_dpo_20260624_overnight_test/video_audit_screen/A_step100/contact_sheets/A_step100_04214_containment_orbit_left_44_seed43214.jpg,0.004931104833506766,0.0,A_step100,no_new_clear_medium_hard_visual_advantage,04214_containment_orbit_left_44_seed43214,false,local_assets/overnight_quant_lora_dpo_20260624_overnight_test/screen16_rollouts/A_step100/videos/04214_containment_orbit_left_44_seed43214_A_step100.mp4,metric_only_existing_artifact,not individually inspected this pass; retained as existing metric-only candidate
513.8814563409468,local_assets/overnight_quant_lora_dpo_20260624_overnight_test/video_audit_screen/A_step100/contact_sheets/A_step100_04228_containment_orbit_left_44_seed43228.jpg,0.003212144395042979,0.0,A_step100,no_new_clear_medium_hard_visual_advantage,04228_containment_orbit_left_44_seed43228,false,local_assets/overnight_quant_lora_dpo_20260624_overnight_test/screen16_rollouts/A_step100/videos/04228_containment_orbit_left_44_seed43228_A_step100.mp4,metric_only_existing_artifact,not individually inspected this pass; retained as existing metric-only candidate
265.1045673272572,local_assets/overnight_quant_lora_dpo_20260624_overnight_test/video_audit_screen/A_step100/contact_sheets/A_step100_01002_drop_orbit_left_72_seed40002.jpg,0.00367335689448611,0.0,A_step100,sharpness_or_freeze_gate_failed;no_new_clear_medium_hard_visual_advantage,01002_drop_orbit_left_72_seed40002,false,local_assets/overnight_quant_lora_dpo_20260624_overnight_test/screen16_rollouts/A_step100/videos/01002_drop_orbit_left_72_seed40002_A_step100.mp4,metric_only_existing_artifact,not individually inspected this pass; retained as existing metric-only candidate
297.8618830386229,local_assets/overnight_quant_lora_dpo_20260624_overnight_test/video_audit_screen/A_step100/contact_sheets/A_step100_01008_drop_orbit_left_72_seed40008.jpg,0.0033974674694204217,0.0,A_step100,sharpness_or_freeze_gate_failed;no_new_clear_medium_hard_visual_advantage,01008_drop_orbit_left_72_seed40008,false,local_assets/overnight_quant_lora_dpo_20260624_overnight_test/screen16_rollouts/A_step100/videos/01008_drop_orbit_left_72_seed40008_A_step100.mp4,metric_only_existing_artifact,not individually inspected this pass; retained as existing metric-only candidate
456.7444857422329,local_assets/overnight_quant_lora_dpo_20260624_overnight_test/video_audit_screen/A_step100/contact_sheets/A_step100_01013_drop_orbit_left_72_seed40013.jpg,0.003893346877963283,0.0,A_step100,no_new_clear_medium_hard_visual_advantage,01013_drop_orbit_left_72_seed40013,false,local_assets/overnight_quant_lora_dpo_20260624_overnight_test/screen16_rollouts/A_step100/videos/01013_drop_orbit_left_72_seed40013_A_step100.mp4,metric_only_existing_artifact,not individually inspected this pass; retained as existing metric-only candidate
326.914460112874,local_assets/overnight_quant_lora_dpo_20260624_overnight_test/video_audit_screen/A_step100/contact_sheets/A_step100_01014_drop_orbit_left_72_seed40014.jpg,0.004366877174737962,0.0,A_step100,no_new_clear_medium_hard_visual_advantage,01014_drop_orbit_left_72_seed40014,false,local_assets/overnight_quant_lora_dpo_20260624_overnight_test/screen16_rollouts/A_step100/videos/01014_drop_orbit_left_72_seed40014_A_step100.mp4,metric_only_existing_artifact,not individually inspected this pass; retained as existing metric-only candidate
241.31655851144328,local_assets/overnight_quant_lora_dpo_20260624_overnight_test/video_audit_screen/A_step100/contact_sheets/A_step100_03409_roll_orbit_right_60_seed42409.jpg,0.002250514076431455,0.0,A_step100,sharpness_or_freeze_gate_failed;no_new_clear_medium_hard_visual_advantage,03409_roll_orbit_right_60_seed42409,false,local_assets/overnight_quant_lora_dpo_20260624_overnight_test/screen16_rollouts/A_step100/videos/03409_roll_orbit_right_60_seed42409_A_step100.mp4,metric_only_existing_artifact,not individually inspected this pass; retained as existing metric-only candidate
183.6224844034285,local_assets/overnight_quant_lora_dpo_20260624_overnight_test/video_audit_screen/A_step100/contact_sheets/A_step100_03410_roll_orbit_right_60_seed42410.jpg,0.0024338288494154523,0.0,A_step100,sharpness_or_freeze_gate_failed;no_new_clear_medium_hard_visual_advantage,03410_roll_orbit_right_60_seed42410,false,local_assets/overnight_quant_lora_dpo_20260624_overnight_test/screen16_rollouts/A_step100/videos/03410_roll_orbit_right_60_seed42410_A_step100.mp4,metric_only_existing_artifact,not individually inspected this pass; retained as existing metric-only candidate
317.43339238635485,local_assets/overnight_quant_lora_dpo_20260624_overnight_test/video_audit_screen/A_step100/contact_sheets/A_step100_03413_roll_orbit_right_60_seed42413.jpg,0.0016021331574052836,0.0,A_step100,no_new_clear_medium_hard_visual_advantage,03413_roll_orbit_right_60_seed42413,false,local_assets/overnight_quant_lora_dpo_20260624_overnight_test/screen16_rollouts/A_step100/videos/03413_roll_orbit_right_60_seed42413_A_step100.mp4,metric_only_existing_artifact,not individually inspected this pass; retained as existing metric-only candidate
160.27780178291448,local_assets/overnight_quant_lora_dpo_20260624_overnight_test/video_audit_screen/A_step100/contact_sheets/A_step100_03418_roll_orbit_right_60_seed42418.jpg,0.0039619285619960365,0.0,A_step100,sharpness_or_freeze_gate_failed;no_new_clear_medium_hard_visual_advantage,03418_roll_orbit_right_60_seed42418,false,local_assets/overnight_quant_lora_dpo_20260624_overnight_test/screen16_rollouts/A_step100/videos/03418_roll_orbit_right_60_seed42418_A_step100.mp4,metric_only_existing_artifact,not individually inspected this pass; retained as existing metric-only candidate
98.54152177567676,local_assets/overnight_quant_lora_dpo_20260624_overnight_test/video_audit_screen/B_step100/contact_sheets/B_step100_02200_collision_orbit_right_64_seed41200.jpg,0.0031520327038028866,0.0,B_step100,sharpness_or_freeze_gate_failed;no_new_clear_medium_hard_visual_advantage,02200_collision_orbit_right_64_seed41200,false,local_assets/overnight_quant_lora_dpo_20260624_overnight_test/screen16_rollouts/B_step100/videos/02200_collision_orbit_right_64_seed41200_B_step100.mp4,metric_only_existing_artifact,not individually inspected this pass; retained as existing metric-only candidate
406.8839238562099,local_assets/overnight_quant_lora_dpo_20260624_overnight_test/video_audit_screen/B_step100/contact_sheets/B_step100_02202_collision_orbit_right_64_seed41202.jpg,0.0030759972968414807,0.0,B_step100,no_new_clear_medium_hard_visual_advantage,02202_collision_orbit_right_64_seed41202,false,local_assets/overnight_quant_lora_dpo_20260624_overnight_test/screen16_rollouts/B_step100/videos/02202_collision_orbit_right_64_seed41202_B_step100.mp4,metric_only_existing_artifact,not individually inspected this pass; retained as existing metric-only candidate
239.2744269115206,local_assets/overnight_quant_lora_dpo_20260624_overnight_test/video_audit_screen/B_step100/contact_sheets/B_step100_02222_collision_orbit_right_64_seed41222.jpg,0.0018588500598226924,0.0,B_step100,sharpness_or_freeze_gate_failed;no_new_clear_medium_hard_visual_advantage,02222_collision_orbit_right_64_seed41222,false,local_assets/overnight_quant_lora_dpo_20260624_overnight_test/screen16_rollouts/B_step100/videos/02222_collision_orbit_right_64_seed41222_B_step100.mp4,metric_only_existing_artifact,not individually inspected this pass; retained as existing metric-only candidate
195.3918535223581,local_assets/overnight_quant_lora_dpo_20260624_overnight_test/video_audit_screen/B_step100/contact_sheets/B_step100_02226_collision_orbit_right_64_seed41226.jpg,0.004837710055622385,0.0,B_step100,sharpness_or_freeze_gate_failed;no_new_clear_medium_hard_visual_advantage,02226_collision_orbit_right_64_seed41226,false,local_assets/overnight_quant_lora_dpo_20260624_overnight_test/screen16_rollouts/B_step100/videos/02226_collision_orbit_right_64_seed41226_B_step100.mp4,metric_only_existing_artifact,not individually inspected this pass; retained as existing metric-only candidate
395.2351773976737,local_assets/overnight_quant_lora_dpo_20260624_overnight_test/video_audit_screen/B_step100/contact_sheets/B_step100_04204_containment_orbit_left_44_seed43204.jpg,0.004527888826639879,0.0,B_step100,no_new_clear_medium_hard_visual_advantage,04204_containment_orbit_left_44_seed43204,false,local_assets/overnight_quant_lora_dpo_20260624_overnight_test/screen16_rollouts/B_step100/videos/04204_containment_orbit_left_44_seed43204_B_step100.mp4,metric_only_existing_artifact,not individually inspected this pass; retained as existing metric-only candidate
251.8346068581185,local_assets/overnight_quant_lora_dpo_20260624_overnight_test/video_audit_screen/B_step100/contact_sheets/B_step100_04209_containment_orbit_left_44_seed43209.jpg,0.0035456922189924427,0.0,B_step100,sharpness_or_freeze_gate_failed;no_new_clear_medium_hard_visual_advantage,04209_containment_orbit_left_44_seed43209,false,local_assets/overnight_quant_lora_dpo_20260624_overnight_test/screen16_rollouts/B_step100/videos/04209_containment_orbit_left_44_seed43209_B_step100.mp4,metric_only_existing_artifact,not individually inspected this pass; retained as existing metric-only candidate
486.2159548897095,local_assets/overnight_quant_lora_dpo_20260624_overnight_test/video_audit_screen/B_step100/contact_sheets/B_step100_04214_containment_orbit_left_44_seed43214.jpg,0.004865504464626643,0.0,B_step100,no_new_clear_medium_hard_visual_advantage,04214_containment_orbit_left_44_seed43214,false,local_assets/overnight_quant_lora_dpo_20260624_overnight_test/screen16_rollouts/B_step100/videos/04214_containment_orbit_left_44_seed43214_B_step100.mp4,metric_only_existing_artifact,not individually inspected this pass; retained as existing metric-only candidate
570.2436400141067,local_assets/overnight_quant_lora_dpo_20260624_overnight_test/video_audit_screen/B_step100/contact_sheets/B_step100_04228_containment_orbit_left_44_seed43228.jpg,0.0033884694538315273,0.0,B_step100,no_new_clear_medium_hard_visual_advantage,04228_containment_orbit_left_44_seed43228,false,local_assets/overnight_quant_lora_dpo_20260624_overnight_test/screen16_rollouts/B_step100/videos/04228_containment_orbit_left_44_seed43228_B_step100.mp4,metric_only_existing_artifact,not individually inspected this pass; retained as existing metric-only candidate
254.82009997100582,local_assets/overnight_quant_lora_dpo_20260624_overnight_test/video_audit_screen/B_step100/contact_sheets/B_step100_01002_drop_orbit_left_72_seed40002.jpg,0.0037213781315430967,0.0,B_step100,sharpness_or_freeze_gate_failed;no_new_clear_medium_hard_visual_advantage,01002_drop_orbit_left_72_seed40002,false,local_assets/overnight_quant_lora_dpo_20260624_overnight_test/screen16_rollouts/B_step100/videos/01002_drop_orbit_left_72_seed40002_B_step100.mp4,metric_only_existing_artifact,not individually inspected this pass; retained as existing metric-only candidate
298.5685211150726,local_assets/overnight_quant_lora_dpo_20260624_overnight_test/video_audit_screen/B_step100/contact_sheets/B_step100_01008_drop_orbit_left_72_seed40008.jpg,0.003267504626911628,0.0,B_step100,sharpness_or_freeze_gate_failed;no_new_clear_medium_hard_visual_advantage,01008_drop_orbit_left_72_seed40008,false,local_assets/overnight_quant_lora_dpo_20260624_overnight_test/screen16_rollouts/B_step100/videos/01008_drop_orbit_left_72_seed40008_B_step100.mp4,metric_only_existing_artifact,not individually inspected this pass; retained as existing metric-only candidate
455.79671282990404,local_assets/overnight_quant_lora_dpo_20260624_overnight_test/video_audit_screen/B_step100/contact_sheets/B_step100_01013_drop_orbit_left_72_seed40013.jpg,0.0037575741688065834,0.0,B_step100,no_new_clear_medium_hard_visual_advantage,01013_drop_orbit_left_72_seed40013,false,local_assets/overnight_quant_lora_dpo_20260624_overnight_test/screen16_rollouts/B_step100/videos/01013_drop_orbit_left_72_seed40013_B_step100.mp4,metric_only_existing_artifact,not individually inspected this pass; retained as existing metric-only candidate
349.3874606721548,local_assets/overnight_quant_lora_dpo_20260624_overnight_test/video_audit_screen/B_step100/contact_sheets/B_step100_01014_drop_orbit_left_72_seed40014.jpg,0.0042846495569381525,0.0,B_step100,no_new_clear_medium_hard_visual_advantage,01014_drop_orbit_left_72_seed40014,false,local_assets/overnight_quant_lora_dpo_20260624_overnight_test/screen16_rollouts/B_step100/videos/01014_drop_orbit_left_72_seed40014_B_step100.mp4,metric_only_existing_artifact,not individually inspected this pass; retained as existing metric-only candidate
308.6787189973457,local_assets/overnight_quant_lora_dpo_20260624_overnight_test/video_audit_screen/B_step100/contact_sheets/B_step100_03409_roll_orbit_right_60_seed42409.jpg,0.0026447305761196148,0.0,B_step100,no_new_clear_medium_hard_visual_advantage,03409_roll_orbit_right_60_seed42409,false,local_assets/overnight_quant_lora_dpo_20260624_overnight_test/screen16_rollouts/B_step100/videos/03409_roll_orbit_right_60_seed42409_B_step100.mp4,metric_only_existing_artifact,not individually inspected this pass; retained as existing metric-only candidate
170.706269039743,local_assets/overnight_quant_lora_dpo_20260624_overnight_test/video_audit_screen/B_step100/contact_sheets/B_step100_03410_roll_orbit_right_60_seed42410.jpg,0.0028326391971507854,0.0,B_step100,sharpness_or_freeze_gate_failed;no_new_clear_medium_hard_visual_advantage,03410_roll_orbit_right_60_seed42410,false,local_assets/overnight_quant_lora_dpo_20260624_overnight_test/screen16_rollouts/B_step100/videos/03410_roll_orbit_right_60_seed42410_B_step100.mp4,metric_only_existing_artifact,not individually inspected this pass; retained as existing metric-only candidate
308.854001040325,local_assets/overnight_quant_lora_dpo_20260624_overnight_test/video_audit_screen/B_step100/contact_sheets/B_step100_03413_roll_orbit_right_60_seed42413.jpg,0.0017044418003528876,0.0,B_step100,no_new_clear_medium_hard_visual_advantage,03413_roll_orbit_right_60_seed42413,false,local_assets/overnight_quant_lora_dpo_20260624_overnight_test/screen16_rollouts/B_step100/videos/03413_roll_orbit_right_60_seed42413_B_step100.mp4,metric_only_existing_artifact,not individually inspected this pass; retained as existing metric-only candidate
114.56278736319163,local_assets/overnight_quant_lora_dpo_20260624_overnight_test/video_audit_screen/B_step100/contact_sheets/B_step100_03418_roll_orbit_right_60_seed42418.jpg,0.0037896132695410235,0.0,B_step100,sharpness_or_freeze_gate_failed;no_new_clear_medium_hard_visual_advantage,03418_roll_orbit_right_60_seed42418,false,local_assets/overnight_quant_lora_dpo_20260624_overnight_test/screen16_rollouts/B_step100/videos/03418_roll_orbit_right_60_seed42418_B_step100.mp4,metric_only_existing_artifact,not individually inspected this pass; retained as existing metric-only candidate
142.52139542063495,local_assets/overnight_quant_lora_dpo_20260624_overnight_test/video_audit_screen/C_step100/contact_sheets/C_step100_02200_collision_orbit_right_64_seed41200.jpg,0.002936425757011664,0.0,C_step100,sharpness_or_freeze_gate_failed;no_new_clear_medium_hard_visual_advantage,02200_collision_orbit_right_64_seed41200,false,local_assets/overnight_quant_lora_dpo_20260624_overnight_test/screen16_rollouts/C_step100/videos/02200_collision_orbit_right_64_seed41200_C_step100.mp4,metric_only_existing_artifact,not individually inspected this pass; retained as existing metric-only candidate
343.9741457711796,local_assets/overnight_quant_lora_dpo_20260624_overnight_test/video_audit_screen/C_step100/contact_sheets/C_step100_02202_collision_orbit_right_64_seed41202.jpg,0.0029805714708189446,0.0,C_step100,no_new_clear_medium_hard_visual_advantage,02202_collision_orbit_right_64_seed41202,false,local_assets/overnight_quant_lora_dpo_20260624_overnight_test/screen16_rollouts/C_step100/videos/02202_collision_orbit_right_64_seed41202_C_step100.mp4,metric_only_existing_artifact,not individually inspected this pass; retained as existing metric-only candidate
270.4014262194227,local_assets/overnight_quant_lora_dpo_20260624_overnight_test/video_audit_screen/C_step100/contact_sheets/C_step100_02222_collision_orbit_right_64_seed41222.jpg,0.002094553196258195,0.0,C_step100,sharpness_or_freeze_gate_failed;no_new_clear_medium_hard_visual_advantage,02222_collision_orbit_right_64_seed41222,false,local_assets/overnight_quant_lora_dpo_20260624_overnight_test/screen16_rollouts/C_step100/videos/02222_collision_orbit_right_64_seed41222_C_step100.mp4,metric_only_existing_artifact,not individually inspected this pass; retained as existing metric-only candidate
228.68131420889983,local_assets/overnight_quant_lora_dpo_20260624_overnight_test/video_audit_screen/C_step100/contact_sheets/C_step100_02226_collision_orbit_right_64_seed41226.jpg,0.004846859343278851,0.0,C_step100,sharpness_or_freeze_gate_failed;no_new_clear_medium_hard_visual_advantage,02226_collision_orbit_right_64_seed41226,false,local_assets/overnight_quant_lora_dpo_20260624_overnight_test/screen16_rollouts/C_step100/videos/02226_collision_orbit_right_64_seed41226_C_step100.mp4,metric_only_existing_artifact,not individually inspected this pass; retained as existing metric-only candidate
351.6938822403783,local_assets/overnight_quant_lora_dpo_20260624_overnight_test/video_audit_screen/C_step100/contact_sheets/C_step100_04204_containment_orbit_left_44_seed43204.jpg,0.004189942677208816,0.0,C_step100,no_new_clear_medium_hard_visual_advantage,04204_containment_orbit_left_44_seed43204,false,local_assets/overnight_quant_lora_dpo_20260624_overnight_test/screen16_rollouts/C_step100/videos/04204_containment_orbit_left_44_seed43204_C_step100.mp4,metric_only_existing_artifact,not individually inspected this pass; retained as existing metric-only candidate
229.60315829615357,local_assets/overnight_quant_lora_dpo_20260624_overnight_test/video_audit_screen/C_step100/contact_sheets/C_step100_04209_containment_orbit_left_44_seed43209.jpg,0.003341422722123574,0.0,C_step100,sharpness_or_freeze_gate_failed;no_new_clear_medium_hard_visual_advantage,04209_containment_orbit_left_44_seed43209,false,local_assets/overnight_quant_lora_dpo_20260624_overnight_test/screen16_rollouts/C_step100/videos/04209_containment_orbit_left_44_seed43209_C_step100.mp4,metric_only_existing_artifact,not individually inspected this pass; retained as existing metric-only candidate
459.0951178430051,local_assets/overnight_quant_lora_dpo_20260624_overnight_test/video_audit_screen/C_step100/contact_sheets/C_step100_04214_containment_orbit_left_44_seed43214.jpg,0.005005693895539387,0.0,C_step100,no_new_clear_medium_hard_visual_advantage,04214_containment_orbit_left_44_seed43214,false,local_assets/overnight_quant_lora_dpo_20260624_overnight_test/screen16_rollouts/C_step100/videos/04214_containment_orbit_left_44_seed43214_C_step100.mp4,metric_only_existing_artifact,not individually inspected this pass; retained as existing metric-only candidate
562.5797239649014,local_assets/overnight_quant_lora_dpo_20260624_overnight_test/video_audit_screen/C_step100/contact_sheets/C_step100_04228_containment_orbit_left_44_seed43228.jpg,0.0028529655888239473,0.0,C_step100,no_new_clear_medium_hard_visual_advantage,04228_containment_orbit_left_44_seed43228,false,local_assets/overnight_quant_lora_dpo_20260624_overnight_test/screen16_rollouts/C_step100/videos/04228_containment_orbit_left_44_seed43228_C_step100.mp4,metric_only_existing_artifact,not individually inspected this pass; retained as existing metric-only candidate
248.17773468152959,local_assets/overnight_quant_lora_dpo_20260624_overnight_test/video_audit_screen/C_step100/contact_sheets/C_step100_01002_drop_orbit_left_72_seed40002.jpg,0.0035988492483978425,0.0,C_step100,sharpness_or_freeze_gate_failed;no_new_clear_medium_hard_visual_advantage,01002_drop_orbit_left_72_seed40002,false,local_assets/overnight_quant_lora_dpo_20260624_overnight_test/screen16_rollouts/C_step100/videos/01002_drop_orbit_left_72_seed40002_C_step100.mp4,metric_only_existing_artifact,not individually inspected this pass; retained as existing metric-only candidate
300.75690932494626,local_assets/overnight_quant_lora_dpo_20260624_overnight_test/video_audit_screen/C_step100/contact_sheets/C_step100_01008_drop_orbit_left_72_seed40008.jpg,0.0033326341506052302,0.0,C_step100,no_new_clear_medium_hard_visual_advantage,01008_drop_orbit_left_72_seed40008,false,local_assets/overnight_quant_lora_dpo_20260624_overnight_test/screen16_rollouts/C_step100/videos/01008_drop_orbit_left_72_seed40008_C_step100.mp4,metric_only_existing_artifact,not individually inspected this pass; retained as existing metric-only candidate
457.51168213111714,local_assets/overnight_quant_lora_dpo_20260624_overnight_test/video_audit_screen/C_step100/contact_sheets/C_step100_01013_drop_orbit_left_72_seed40013.jpg,0.003926893354509928,0.0,C_step100,no_new_clear_medium_hard_visual_advantage,01013_drop_orbit_left_72_seed40013,false,local_assets/overnight_quant_lora_dpo_20260624_overnight_test/screen16_rollouts/C_step100/videos/01013_drop_orbit_left_72_seed40013_C_step100.mp4,metric_only_existing_artifact,not individually inspected this pass; retained as existing metric-only candidate
322.63884866622357,local_assets/overnight_quant_lora_dpo_20260624_overnight_test/video_audit_screen/C_step100/contact_sheets/C_step100_01014_drop_orbit_left_72_seed40014.jpg,0.00441774013900027,0.0,C_step100,no_new_clear_medium_hard_visual_advantage,01014_drop_orbit_left_72_seed40014,false,local_assets/overnight_quant_lora_dpo_20260624_overnight_test/screen16_rollouts/C_step100/videos/01014_drop_orbit_left_72_seed40014_C_step100.mp4,metric_only_existing_artifact,not individually inspected this pass; retained as existing metric-only candidate
466.7980689061047,local_assets/overnight_quant_lora_dpo_20260624_overnight_test/video_audit_screen/C_step100/contact_sheets/C_step100_03409_roll_orbit_right_60_seed42409.jpg,0.0017412009127734044,0.0,C_step100,no_new_clear_medium_hard_visual_advantage,03409_roll_orbit_right_60_seed42409,false,local_assets/overnight_quant_lora_dpo_20260624_overnight_test/screen16_rollouts/C_step100/videos/03409_roll_orbit_right_60_seed42409_C_step100.mp4,metric_only_existing_artifact,not individually inspected this pass; retained as existing metric-only candidate
178.6172646397193,local_assets/overnight_quant_lora_dpo_20260624_overnight_test/video_audit_screen/C_step100/contact_sheets/C_step100_03410_roll_orbit_right_60_seed42410.jpg,0.0022523011253349078,0.0,C_step100,sharpness_or_freeze_gate_failed;no_new_clear_medium_hard_visual_advantage,03410_roll_orbit_right_60_seed42410,false,local_assets/overnight_quant_lora_dpo_20260624_overnight_test/screen16_rollouts/C_step100/videos/03410_roll_orbit_right_60_seed42410_C_step100.mp4,metric_only_existing_artifact,not individually inspected this pass; retained as existing metric-only candidate
337.5070609512061,local_assets/overnight_quant_lora_dpo_20260624_overnight_test/video_audit_screen/C_step100/contact_sheets/C_step100_03413_roll_orbit_right_60_seed42413.jpg,0.0017275582107843229,0.0,C_step100,no_new_clear_medium_hard_visual_advantage,03413_roll_orbit_right_60_seed42413,false,local_assets/overnight_quant_lora_dpo_20260624_overnight_test/screen16_rollouts/C_step100/videos/03413_roll_orbit_right_60_seed42413_C_step100.mp4,metric_only_existing_artifact,not individually inspected this pass; retained as existing metric-only candidate
229.71721189594808,local_assets/overnight_quant_lora_dpo_20260624_overnight_test/video_audit_screen/C_step100/contact_sheets/C_step100_03418_roll_orbit_right_60_seed42418.jpg,0.003304619110606756,0.0,C_step100,sharpness_or_freeze_gate_failed;no_new_clear_medium_hard_visual_advantage,03418_roll_orbit_right_60_seed42418,false,local_assets/overnight_quant_lora_dpo_20260624_overnight_test/screen16_rollouts/C_step100/videos/03418_roll_orbit_right_60_seed42418_C_step100.mp4,metric_only_existing_artifact,not individually inspected this pass; retained as existing metric-only candidate
113.99905328951428,local_assets/overnight_quant_lora_dpo_20260624_overnight_test/video_audit_screen/D_step100/contact_sheets/D_step100_02200_collision_orbit_right_64_seed41200.jpg,0.0029323608018548023,0.0,D_step100,sharpness_or_freeze_gate_failed;no_new_clear_medium_hard_visual_advantage,02200_collision_orbit_right_64_seed41200,false,local_assets/overnight_quant_lora_dpo_20260624_overnight_test/screen16_rollouts/D_step100/videos/02200_collision_orbit_right_64_seed41200_D_step100.mp4,metric_only_existing_artifact,not individually inspected this pass; retained as existing metric-only candidate
321.9250689818159,local_assets/overnight_quant_lora_dpo_20260624_overnight_test/video_audit_screen/D_step100/contact_sheets/D_step100_02202_collision_orbit_right_64_seed41202.jpg,0.0023662638081441653,0.0,D_step100,no_new_clear_medium_hard_visual_advantage,02202_collision_orbit_right_64_seed41202,false,local_assets/overnight_quant_lora_dpo_20260624_overnight_test/screen16_rollouts/D_step100/videos/02202_collision_orbit_right_64_seed41202_D_step100.mp4,metric_only_existing_artifact,not individually inspected this pass; retained as existing metric-only candidate
277.1974278877253,local_assets/overnight_quant_lora_dpo_20260624_overnight_test/video_audit_screen/D_step100/contact_sheets/D_step100_02222_collision_orbit_right_64_seed41222.jpg,0.0019469465863674517,0.0,D_step100,sharpness_or_freeze_gate_failed;no_new_clear_medium_hard_visual_advantage,02222_collision_orbit_right_64_seed41222,false,local_assets/overnight_quant_lora_dpo_20260624_overnight_test/screen16_rollouts/D_step100/videos/02222_collision_orbit_right_64_seed41222_D_step100.mp4,metric_only_existing_artifact,not individually inspected this pass; retained as existing metric-only candidate
205.06145221754636,local_assets/overnight_quant_lora_dpo_20260624_overnight_test/video_audit_screen/D_step100/contact_sheets/D_step100_02226_collision_orbit_right_64_seed41226.jpg,0.005831425465654454,0.0,D_step100,sharpness_or_freeze_gate_failed;no_new_clear_medium_hard_visual_advantage,02226_collision_orbit_right_64_seed41226,false,local_assets/overnight_quant_lora_dpo_20260624_overnight_test/screen16_rollouts/D_step100/videos/02226_collision_orbit_right_64_seed41226_D_step100.mp4,metric_only_existing_artifact,not individually inspected this pass; retained as existing metric-only candidate
366.0276272504868,local_assets/overnight_quant_lora_dpo_20260624_overnight_test/video_audit_screen/D_step100/contact_sheets/D_step100_04204_containment_orbit_left_44_seed43204.jpg,0.004519177320595564,0.0,D_step100,no_new_clear_medium_hard_visual_advantage,04204_containment_orbit_left_44_seed43204,false,local_assets/overnight_quant_lora_dpo_20260624_overnight_test/screen16_rollouts/D_step100/videos/04204_containment_orbit_left_44_seed43204_D_step100.mp4,metric_only_existing_artifact,not individually inspected this pass; retained as existing metric-only candidate
231.1431831020188,local_assets/overnight_quant_lora_dpo_20260624_overnight_test/video_audit_screen/D_step100/contact_sheets/D_step100_04209_containment_orbit_left_44_seed43209.jpg,0.004586469152331504,0.0,D_step100,sharpness_or_freeze_gate_failed;no_new_clear_medium_hard_visual_advantage,04209_containment_orbit_left_44_seed43209,false,local_assets/overnight_quant_lora_dpo_20260624_overnight_test/screen16_rollouts/D_step100/videos/04209_containment_orbit_left_44_seed43209_D_step100.mp4,metric_only_existing_artifact,not individually inspected this pass; retained as existing metric-only candidate
458.5878455447938,local_assets/overnight_quant_lora_dpo_20260624_overnight_test/video_audit_screen/D_step100/contact_sheets/D_step100_04214_containment_orbit_left_44_seed43214.jpg,0.004810097620576132,0.0,D_step100,no_new_clear_medium_hard_visual_advantage,04214_containment_orbit_left_44_seed43214,false,local_assets/overnight_quant_lora_dpo_20260624_overnight_test/screen16_rollouts/D_step100/videos/04214_containment_orbit_left_44_seed43214_D_step100.mp4,metric_only_existing_artifact,not individually inspected this pass; retained as existing metric-only candidate
548.96366711832,local_assets/overnight_quant_lora_dpo_20260624_overnight_test/video_audit_screen/D_step100/contact_sheets/D_step100_04228_containment_orbit_left_44_seed43228.jpg,0.0033563705652051327,0.0,D_step100,no_new_clear_medium_hard_visual_advantage,04228_containment_orbit_left_44_seed43228,false,local_assets/overnight_quant_lora_dpo_20260624_overnight_test/screen16_rollouts/D_step100/videos/04228_containment_orbit_left_44_seed43228_D_step100.mp4,metric_only_existing_artifact,not individually inspected this pass; retained as existing metric-only candidate
243.37796970339255,local_assets/overnight_quant_lora_dpo_20260624_overnight_test/video_audit_screen/D_step100/contact_sheets/D_step100_01002_drop_orbit_left_72_seed40002.jpg,0.0037734702901161985,0.0,D_step100,sharpness_or_freeze_gate_failed;no_new_clear_medium_hard_visual_advantage,01002_drop_orbit_left_72_seed40002,false,local_assets/overnight_quant_lora_dpo_20260624_overnight_test/screen16_rollouts/D_step100/videos/01002_drop_orbit_left_72_seed40002_D_step100.mp4,metric_only_existing_artifact,not individually inspected this pass; retained as existing metric-only candidate
301.382164689475,local_assets/overnight_quant_lora_dpo_20260624_overnight_test/video_audit_screen/D_step100/contact_sheets/D_step100_01008_drop_orbit_left_72_seed40008.jpg,0.003311289375982456,0.0,D_step100,no_new_clear_medium_hard_visual_advantage,01008_drop_orbit_left_72_seed40008,false,local_assets/overnight_quant_lora_dpo_20260624_overnight_test/screen16_rollouts/D_step100/videos/01008_drop_orbit_left_72_seed40008_D_step100.mp4,metric_only_existing_artifact,not individually inspected this pass; retained as existing metric-only candidate
481.41119953851427,local_assets/overnight_quant_lora_dpo_20260624_overnight_test/video_audit_screen/D_step100/contact_sheets/D_step100_01013_drop_orbit_left_72_seed40013.jpg,0.0035146789591566905,0.0,D_step100,no_new_clear_medium_hard_visual_advantage,01013_drop_orbit_left_72_seed40013,false,local_assets/overnight_quant_lora_dpo_20260624_overnight_test/screen16_rollouts/D_step100/videos/01013_drop_orbit_left_72_seed40013_D_step100.mp4,metric_only_existing_artifact,not individually inspected this pass; retained as existing metric-only candidate
337.7536134039704,local_assets/overnight_quant_lora_dpo_20260624_overnight_test/video_audit_screen/D_step100/contact_sheets/D_step100_01014_drop_orbit_left_72_seed40014.jpg,0.0043606315152643375,0.0,D_step100,no_new_clear_medium_hard_visual_advantage,01014_drop_orbit_left_72_seed40014,false,local_assets/overnight_quant_lora_dpo_20260624_overnight_test/screen16_rollouts/D_step100/videos/01014_drop_orbit_left_72_seed40014_D_step100.mp4,metric_only_existing_artifact,not individually inspected this pass; retained as existing metric-only candidate
249.3981696778425,local_assets/overnight_quant_lora_dpo_20260624_overnight_test/video_audit_screen/D_step100/contact_sheets/D_step100_03409_roll_orbit_right_60_seed42409.jpg,0.002525248886677359,0.0,D_step100,sharpness_or_freeze_gate_failed;no_new_clear_medium_hard_visual_advantage,03409_roll_orbit_right_60_seed42409,false,local_assets/overnight_quant_lora_dpo_20260624_overnight_test/screen16_rollouts/D_step100/videos/03409_roll_orbit_right_60_seed42409_D_step100.mp4,metric_only_existing_artifact,not individually inspected this pass; retained as existing metric-only candidate
180.20440821377895,local_assets/overnight_quant_lora_dpo_20260624_overnight_test/video_audit_screen/D_step100/contact_sheets/D_step100_03410_roll_orbit_right_60_seed42410.jpg,0.002484557570593958,0.0,D_step100,sharpness_or_freeze_gate_failed;no_new_clear_medium_hard_visual_advantage,03410_roll_orbit_right_60_seed42410,false,local_assets/overnight_quant_lora_dpo_20260624_overnight_test/screen16_rollouts/D_step100/videos/03410_roll_orbit_right_60_seed42410_D_step100.mp4,metric_only_existing_artifact,not individually inspected this pass; retained as existing metric-only candidate
254.61920191270255,local_assets/overnight_quant_lora_dpo_20260624_overnight_test/video_audit_screen/D_step100/contact_sheets/D_step100_03413_roll_orbit_right_60_seed42413.jpg,0.0014456711030525532,0.0,D_step100,sharpness_or_freeze_gate_failed;no_new_clear_medium_hard_visual_advantage,03413_roll_orbit_right_60_seed42413,false,local_assets/overnight_quant_lora_dpo_20260624_overnight_test/screen16_rollouts/D_step100/videos/03413_roll_orbit_right_60_seed42413_D_step100.mp4,metric_only_existing_artifact,not individually inspected this pass; retained as existing metric-only candidate
235.94667568891776,local_assets/overnight_quant_lora_dpo_20260624_overnight_test/video_audit_screen/D_step100/contact_sheets/D_step100_03418_roll_orbit_right_60_seed42418.jpg,0.002788318594437124,0.0,D_step100,sharpness_or_freeze_gate_failed;no_new_clear_medium_hard_visual_advantage,03418_roll_orbit_right_60_seed42418,false,local_assets/overnight_quant_lora_dpo_20260624_overnight_test/screen16_rollouts/D_step100/videos/03418_roll_orbit_right_60_seed42418_D_step100.mp4,metric_only_existing_artifact,not individually inspected this pass; retained as existing metric-only candidate
262.6387830229472,local_assets/overnight_quant_lora_dpo_20260624_overnight_test/video_audit_screen/A_step200/contact_sheets/A_step200_02200_collision_orbit_right_64_seed41200.jpg,0.0037021654602688208,0.0,A_step200,sharpness_or_freeze_gate_failed;no_new_clear_medium_hard_visual_advantage,02200_collision_orbit_right_64_seed41200,false,local_assets/overnight_quant_lora_dpo_20260624_overnight_test/screen16_rollouts/A_step200/videos/02200_collision_orbit_right_64_seed41200_A_step200.mp4,metric_only_existing_artifact,not individually inspected this pass; retained as existing metric-only candidate
400.89121363657597,local_assets/overnight_quant_lora_dpo_20260624_overnight_test/video_audit_screen/A_step200/contact_sheets/A_step200_02202_collision_orbit_right_64_seed41202.jpg,0.002318743496668386,0.0,A_step200,no_new_clear_medium_hard_visual_advantage,02202_collision_orbit_right_64_seed41202,false,local_assets/overnight_quant_lora_dpo_20260624_overnight_test/screen16_rollouts/A_step200/videos/02202_collision_orbit_right_64_seed41202_A_step200.mp4,metric_only_existing_artifact,not individually inspected this pass; retained as existing metric-only candidate
249.6675638523528,local_assets/overnight_quant_lora_dpo_20260624_overnight_test/video_audit_screen/A_step200/contact_sheets/A_step200_02222_collision_orbit_right_64_seed41222.jpg,0.0019671396050508767,0.0,A_step200,sharpness_or_freeze_gate_failed;no_new_clear_medium_hard_visual_advantage,02222_collision_orbit_right_64_seed41222,false,local_assets/overnight_quant_lora_dpo_20260624_overnight_test/screen16_rollouts/A_step200/videos/02222_collision_orbit_right_64_seed41222_A_step200.mp4,metric_only_existing_artifact,not individually inspected this pass; retained as existing metric-only candidate
226.38886012833393,local_assets/overnight_quant_lora_dpo_20260624_overnight_test/video_audit_screen/A_step200/contact_sheets/A_step200_02226_collision_orbit_right_64_seed41226.jpg,0.004946142047678372,0.0,A_step200,sharpness_or_freeze_gate_failed;no_new_clear_medium_hard_visual_advantage,02226_collision_orbit_right_64_seed41226,false,local_assets/overnight_quant_lora_dpo_20260624_overnight_test/screen16_rollouts/A_step200/videos/02226_collision_orbit_right_64_seed41226_A_step200.mp4,metric_only_existing_artifact,not individually inspected this pass; retained as existing metric-only candidate
381.8602375120605,local_assets/overnight_quant_lora_dpo_20260624_overnight_test/video_audit_screen/A_step200/contact_sheets/A_step200_04204_containment_orbit_left_44_seed43204.jpg,0.004755671496832256,0.0,A_step200,no_new_clear_medium_hard_visual_advantage,04204_containment_orbit_left_44_seed43204,false,local_assets/overnight_quant_lora_dpo_20260624_overnight_test/screen16_rollouts/A_step200/videos/04204_containment_orbit_left_44_seed43204_A_step200.mp4,metric_only_existing_artifact,not individually inspected this pass; retained as existing metric-only candidate
271.79687583967177,local_assets/overnight_quant_lora_dpo_20260624_overnight_test/video_audit_screen/A_step200/contact_sheets/A_step200_04209_containment_orbit_left_44_seed43209.jpg,0.003547539055787849,0.0,A_step200,sharpness_or_freeze_gate_failed;no_new_clear_medium_hard_visual_advantage,04209_containment_orbit_left_44_seed43209,false,local_assets/overnight_quant_lora_dpo_20260624_overnight_test/screen16_rollouts/A_step200/videos/04209_containment_orbit_left_44_seed43209_A_step200.mp4,metric_only_existing_artifact,not individually inspected this pass; retained as existing metric-only candidate
438.3905516226684,local_assets/overnight_quant_lora_dpo_20260624_overnight_test/video_audit_screen/A_step200/contact_sheets/A_step200_04214_containment_orbit_left_44_seed43214.jpg,0.00486573019188608,0.0,A_step200,no_new_clear_medium_hard_visual_advantage,04214_containment_orbit_left_44_seed43214,false,local_assets/overnight_quant_lora_dpo_20260624_overnight_test/screen16_rollouts/A_step200/videos/04214_containment_orbit_left_44_seed43214_A_step200.mp4,metric_only_existing_artifact,not individually inspected this pass; retained as existing metric-only candidate
524.4835251389578,local_assets/overnight_quant_lora_dpo_20260624_overnight_test/video_audit_screen/A_step200/contact_sheets/A_step200_04228_containment_orbit_left_44_seed43228.jpg,0.003308553178756913,0.0,A_step200,no_new_clear_medium_hard_visual_advantage,04228_containment_orbit_left_44_seed43228,false,local_assets/overnight_quant_lora_dpo_20260624_overnight_test/screen16_rollouts/A_step200/videos/04228_containment_orbit_left_44_seed43228_A_step200.mp4,metric_only_existing_artifact,not individually inspected this pass; retained as existing metric-only candidate
249.74003743482285,local_assets/overnight_quant_lora_dpo_20260624_overnight_test/video_audit_screen/A_step200/contact_sheets/A_step200_01002_drop_orbit_left_72_seed40002.jpg,0.0035362681059116184,0.0,A_step200,sharpness_or_freeze_gate_failed;no_new_clear_medium_hard_visual_advantage,01002_drop_orbit_left_72_seed40002,false,local_assets/overnight_quant_lora_dpo_20260624_overnight_test/screen16_rollouts/A_step200/videos/01002_drop_orbit_left_72_seed40002_A_step200.mp4,metric_only_existing_artifact,not individually inspected this pass; retained as existing metric-only candidate
299.61948354270805,local_assets/overnight_quant_lora_dpo_20260624_overnight_test/video_audit_screen/A_step200/contact_sheets/A_step200_01008_drop_orbit_left_72_seed40008.jpg,0.0033385062911281153,0.0,A_step200,sharpness_or_freeze_gate_failed;no_new_clear_medium_hard_visual_advantage,01008_drop_orbit_left_72_seed40008,false,local_assets/overnight_quant_lora_dpo_20260624_overnight_test/screen16_rollouts/A_step200/videos/01008_drop_orbit_left_72_seed40008_A_step200.mp4,metric_only_existing_artifact,not individually inspected this pass; retained as existing metric-only candidate
433.22272183555765,local_assets/overnight_quant_lora_dpo_20260624_overnight_test/video_audit_screen/A_step200/contact_sheets/A_step200_01013_drop_orbit_left_72_seed40013.jpg,0.00395892064682495,0.0,A_step200,no_new_clear_medium_hard_visual_advantage,01013_drop_orbit_left_72_seed40013,false,local_assets/overnight_quant_lora_dpo_20260624_overnight_test/screen16_rollouts/A_step200/videos/01013_drop_orbit_left_72_seed40013_A_step200.mp4,metric_only_existing_artifact,not individually inspected this pass; retained as existing metric-only candidate
343.68709976095676,local_assets/overnight_quant_lora_dpo_20260624_overnight_test/video_audit_screen/A_step200/contact_sheets/A_step200_01014_drop_orbit_left_72_seed40014.jpg,0.004228969503352309,0.0,A_step200,no_new_clear_medium_hard_visual_advantage,01014_drop_orbit_left_72_seed40014,false,local_assets/overnight_quant_lora_dpo_20260624_overnight_test/screen16_rollouts/A_step200/videos/01014_drop_orbit_left_72_seed40014_A_step200.mp4,metric_only_existing_artifact,not individually inspected this pass; retained as existing metric-only candidate
231.24812172481845,local_assets/overnight_quant_lora_dpo_20260624_overnight_test/video_audit_screen/A_step200/contact_sheets/A_step200_03409_roll_orbit_right_60_seed42409.jpg,0.002144739227340554,0.0,A_step200,sharpness_or_freeze_gate_failed;no_new_clear_medium_hard_visual_advantage,03409_roll_orbit_right_60_seed42409,false,local_assets/overnight_quant_lora_dpo_20260624_overnight_test/screen16_rollouts/A_step200/videos/03409_roll_orbit_right_60_seed42409_A_step200.mp4,metric_only_existing_artifact,not individually inspected this pass; retained as existing metric-only candidate
175.5312395381098,local_assets/overnight_quant_lora_dpo_20260624_overnight_test/video_audit_screen/A_step200/contact_sheets/A_step200_03410_roll_orbit_right_60_seed42410.jpg,0.002335525498031896,0.0,A_step200,sharpness_or_freeze_gate_failed;no_new_clear_medium_hard_visual_advantage,03410_roll_orbit_right_60_seed42410,false,local_assets/overnight_quant_lora_dpo_20260624_overnight_test/screen16_rollouts/A_step200/videos/03410_roll_orbit_right_60_seed42410_A_step200.mp4,metric_only_existing_artifact,not individually inspected this pass; retained as existing metric-only candidate
360.4157660294391,local_assets/overnight_quant_lora_dpo_20260624_overnight_test/video_audit_screen/A_step200/contact_sheets/A_step200_03413_roll_orbit_right_60_seed42413.jpg,0.0018425529494498155,0.0,A_step200,no_new_clear_medium_hard_visual_advantage,03413_roll_orbit_right_60_seed42413,false,local_assets/overnight_quant_lora_dpo_20260624_overnight_test/screen16_rollouts/A_step200/videos/03413_roll_orbit_right_60_seed42413_A_step200.mp4,metric_only_existing_artifact,not individually inspected this pass; retained as existing metric-only candidate
127.98036807998257,local_assets/overnight_quant_lora_dpo_20260624_overnight_test/video_audit_screen/A_step200/contact_sheets/A_step200_03418_roll_orbit_right_60_seed42418.jpg,0.003811898988741877,0.0,A_step200,sharpness_or_freeze_gate_failed;no_new_clear_medium_hard_visual_advantage,03418_roll_orbit_right_60_seed42418,false,local_assets/overnight_quant_lora_dpo_20260624_overnight_test/screen16_rollouts/A_step200/videos/03418_roll_orbit_right_60_seed42418_A_step200.mp4,metric_only_existing_artifact,not individually inspected this pass; retained as existing metric-only candidate
183.84263359510496,local_assets/overnight_quant_lora_dpo_20260624_overnight_test/video_audit_screen/B_step200/contact_sheets/B_step200_02200_collision_orbit_right_64_seed41200.jpg,0.0037285960589810313,0.0,B_step200,sharpness_or_freeze_gate_failed;no_new_clear_medium_hard_visual_advantage,02200_collision_orbit_right_64_seed41200,false,local_assets/overnight_quant_lora_dpo_20260624_overnight_test/screen16_rollouts/B_step200/videos/02200_collision_orbit_right_64_seed41200_B_step200.mp4,metric_only_existing_artifact,not individually inspected this pass; retained as existing metric-only candidate
366.342557470299,local_assets/overnight_quant_lora_dpo_20260624_overnight_test/video_audit_screen/B_step200/contact_sheets/B_step200_02202_collision_orbit_right_64_seed41202.jpg,0.0031711103861984573,0.0,B_step200,no_new_clear_medium_hard_visual_advantage,02202_collision_orbit_right_64_seed41202,false,local_assets/overnight_quant_lora_dpo_20260624_overnight_test/screen16_rollouts/B_step200/videos/02202_collision_orbit_right_64_seed41202_B_step200.mp4,metric_only_existing_artifact,not individually inspected this pass; retained as existing metric-only candidate
261.97643282599125,local_assets/overnight_quant_lora_dpo_20260624_overnight_test/video_audit_screen/B_step200/contact_sheets/B_step200_02222_collision_orbit_right_64_seed41222.jpg,0.0022864575378187617,0.0,B_step200,sharpness_or_freeze_gate_failed;no_new_clear_medium_hard_visual_advantage,02222_collision_orbit_right_64_seed41222,false,local_assets/overnight_quant_lora_dpo_20260624_overnight_test/screen16_rollouts/B_step200/videos/02222_collision_orbit_right_64_seed41222_B_step200.mp4,metric_only_existing_artifact,not individually inspected this pass; retained as existing metric-only candidate
236.49636144962068,local_assets/overnight_quant_lora_dpo_20260624_overnight_test/video_audit_screen/B_step200/contact_sheets/B_step200_02226_collision_orbit_right_64_seed41226.jpg,0.004075933382217692,0.0,B_step200,sharpness_or_freeze_gate_failed;no_new_clear_medium_hard_visual_advantage,02226_collision_orbit_right_64_seed41226,false,local_assets/overnight_quant_lora_dpo_20260624_overnight_test/screen16_rollouts/B_step200/videos/02226_collision_orbit_right_64_seed41226_B_step200.mp4,metric_only_existing_artifact,not individually inspected this pass; retained as existing metric-only candidate
374.7893107259869,local_assets/overnight_quant_lora_dpo_20260624_overnight_test/video_audit_screen/B_step200/contact_sheets/B_step200_04204_containment_orbit_left_44_seed43204.jpg,0.004656699043115299,0.0,B_step200,no_new_clear_medium_hard_visual_advantage,04204_containment_orbit_left_44_seed43204,false,local_assets/overnight_quant_lora_dpo_20260624_overnight_test/screen16_rollouts/B_step200/videos/04204_containment_orbit_left_44_seed43204_B_step200.mp4,metric_only_existing_artifact,not individually inspected this pass; retained as existing metric-only candidate
231.75195333561012,local_assets/overnight_quant_lora_dpo_20260624_overnight_test/video_audit_screen/B_step200/contact_sheets/B_step200_04209_containment_orbit_left_44_seed43209.jpg,0.004648708347851471,0.0,B_step200,sharpness_or_freeze_gate_failed;no_new_clear_medium_hard_visual_advantage,04209_containment_orbit_left_44_seed43209,false,local_assets/overnight_quant_lora_dpo_20260624_overnight_test/screen16_rollouts/B_step200/videos/04209_containment_orbit_left_44_seed43209_B_step200.mp4,metric_only_existing_artifact,not individually inspected this pass; retained as existing metric-only candidate
450.7078641117015,local_assets/overnight_quant_lora_dpo_20260624_overnight_test/video_audit_screen/B_step200/contact_sheets/B_step200_04214_containment_orbit_left_44_seed43214.jpg,0.004948670043824894,0.0,B_step200,no_new_clear_medium_hard_visual_advantage,04214_containment_orbit_left_44_seed43214,false,local_assets/overnight_quant_lora_dpo_20260624_overnight_test/screen16_rollouts/B_step200/videos/04214_containment_orbit_left_44_seed43214_B_step200.mp4,metric_only_existing_artifact,not individually inspected this pass; retained as existing metric-only candidate
578.637787957902,local_assets/overnight_quant_lora_dpo_20260624_overnight_test/video_audit_screen/B_step200/contact_sheets/B_step200_04228_containment_orbit_left_44_seed43228.jpg,0.0031003310931643044,0.0,B_step200,no_new_clear_medium_hard_visual_advantage,04228_containment_orbit_left_44_seed43228,false,local_assets/overnight_quant_lora_dpo_20260624_overnight_test/screen16_rollouts/B_step200/videos/04228_containment_orbit_left_44_seed43228_B_step200.mp4,metric_only_existing_artifact,not individually inspected this pass; retained as existing metric-only candidate
243.03169895538514,local_assets/overnight_quant_lora_dpo_20260624_overnight_test/video_audit_screen/B_step200/contact_sheets/B_step200_01002_drop_orbit_left_72_seed40002.jpg,0.0037578445194614645,0.0,B_step200,sharpness_or_freeze_gate_failed;no_new_clear_medium_hard_visual_advantage,01002_drop_orbit_left_72_seed40002,false,local_assets/overnight_quant_lora_dpo_20260624_overnight_test/screen16_rollouts/B_step200/videos/01002_drop_orbit_left_72_seed40002_B_step200.mp4,metric_only_existing_artifact,not individually inspected this pass; retained as existing metric-only candidate
300.70074492423964,local_assets/overnight_quant_lora_dpo_20260624_overnight_test/video_audit_screen/B_step200/contact_sheets/B_step200_01008_drop_orbit_left_72_seed40008.jpg,0.0032974883168741397,0.0,B_step200,no_new_clear_medium_hard_visual_advantage,01008_drop_orbit_left_72_seed40008,false,local_assets/overnight_quant_lora_dpo_20260624_overnight_test/screen16_rollouts/B_step200/videos/01008_drop_orbit_left_72_seed40008_B_step200.mp4,metric_only_existing_artifact,not individually inspected this pass; retained as existing metric-only candidate
456.1877025635094,local_assets/overnight_quant_lora_dpo_20260624_overnight_test/video_audit_screen/B_step200/contact_sheets/B_step200_01013_drop_orbit_left_72_seed40013.jpg,0.0037388007707342998,0.0,B_step200,no_new_clear_medium_hard_visual_advantage,01013_drop_orbit_left_72_seed40013,false,local_assets/overnight_quant_lora_dpo_20260624_overnight_test/screen16_rollouts/B_step200/videos/01013_drop_orbit_left_72_seed40013_B_step200.mp4,metric_only_existing_artifact,not individually inspected this pass; retained as existing metric-only candidate
323.67414551610136,local_assets/overnight_quant_lora_dpo_20260624_overnight_test/video_audit_screen/B_step200/contact_sheets/B_step200_01014_drop_orbit_left_72_seed40014.jpg,0.004332242832015964,0.0,B_step200,no_new_clear_medium_hard_visual_advantage,01014_drop_orbit_left_72_seed40014,false,local_assets/overnight_quant_lora_dpo_20260624_overnight_test/screen16_rollouts/B_step200/videos/01014_drop_orbit_left_72_seed40014_B_step200.mp4,metric_only_existing_artifact,not individually inspected this pass; retained as existing metric-only candidate
235.91220755610553,local_assets/overnight_quant_lora_dpo_20260624_overnight_test/video_audit_screen/B_step200/contact_sheets/B_step200_03409_roll_orbit_right_60_seed42409.jpg,0.00204881893929269,0.0,B_step200,sharpness_or_freeze_gate_failed;no_new_clear_medium_hard_visual_advantage,03409_roll_orbit_right_60_seed42409,false,local_assets/overnight_quant_lora_dpo_20260624_overnight_test/screen16_rollouts/B_step200/videos/03409_roll_orbit_right_60_seed42409_B_step200.mp4,metric_only_existing_artifact,not individually inspected this pass; retained as existing metric-only candidate
184.46083504892826,local_assets/overnight_quant_lora_dpo_20260624_overnight_test/video_audit_screen/B_step200/contact_sheets/B_step200_03410_roll_orbit_right_60_seed42410.jpg,0.002330786717173878,0.0,B_step200,sharpness_or_freeze_gate_failed;no_new_clear_medium_hard_visual_advantage,03410_roll_orbit_right_60_seed42410,false,local_assets/overnight_quant_lora_dpo_20260624_overnight_test/screen16_rollouts/B_step200/videos/03410_roll_orbit_right_60_seed42410_B_step200.mp4,metric_only_existing_artifact,not individually inspected this pass; retained as existing metric-only candidate
317.0577171378383,local_assets/overnight_quant_lora_dpo_20260624_overnight_test/video_audit_screen/B_step200/contact_sheets/B_step200_03413_roll_orbit_right_60_seed42413.jpg,0.001970758699150701,0.0,B_step200,no_new_clear_medium_hard_visual_advantage,03413_roll_orbit_right_60_seed42413,false,local_assets/overnight_quant_lora_dpo_20260624_overnight_test/screen16_rollouts/B_step200/videos/03413_roll_orbit_right_60_seed42413_B_step200.mp4,metric_only_existing_artifact,not individually inspected this pass; retained as existing metric-only candidate
255.07097520241712,local_assets/overnight_quant_lora_dpo_20260624_overnight_test/video_audit_screen/B_step200/contact_sheets/B_step200_03418_roll_orbit_right_60_seed42418.jpg,0.0025972606058002547,0.0,B_step200,sharpness_or_freeze_gate_failed;no_new_clear_medium_hard_visual_advantage,03418_roll_orbit_right_60_seed42418,false,local_assets/overnight_quant_lora_dpo_20260624_overnight_test/screen16_rollouts/B_step200/videos/03418_roll_orbit_right_60_seed42418_B_step200.mp4,metric_only_existing_artifact,not individually inspected this pass; retained as existing metric-only candidate
109.02646858591937,local_assets/overnight_quant_lora_dpo_20260624_overnight_test/video_audit_screen/C_step200/contact_sheets/C_step200_02200_collision_orbit_right_64_seed41200.jpg,0.002586510717967815,0.0,C_step200,sharpness_or_freeze_gate_failed;no_new_clear_medium_hard_visual_advantage,02200_collision_orbit_right_64_seed41200,false,local_assets/overnight_quant_lora_dpo_20260624_overnight_test/screen16_rollouts/C_step200/videos/02200_collision_orbit_right_64_seed41200_C_step200.mp4,metric_only_existing_artifact,not individually inspected this pass; retained as existing metric-only candidate
434.88478750857973,local_assets/overnight_quant_lora_dpo_20260624_overnight_test/video_audit_screen/C_step200/contact_sheets/C_step200_02202_collision_orbit_right_64_seed41202.jpg,0.0019620844828518954,0.0,C_step200,no_new_clear_medium_hard_visual_advantage,02202_collision_orbit_right_64_seed41202,false,local_assets/overnight_quant_lora_dpo_20260624_overnight_test/screen16_rollouts/C_step200/videos/02202_collision_orbit_right_64_seed41202_C_step200.mp4,metric_only_existing_artifact,not individually inspected this pass; retained as existing metric-only candidate
285.44196096952993,local_assets/overnight_quant_lora_dpo_20260624_overnight_test/video_audit_screen/C_step200/contact_sheets/C_step200_02222_collision_orbit_right_64_seed41222.jpg,0.002121243455898246,0.0,C_step200,sharpness_or_freeze_gate_failed;no_new_clear_medium_hard_visual_advantage,02222_collision_orbit_right_64_seed41222,false,local_assets/overnight_quant_lora_dpo_20260624_overnight_test/screen16_rollouts/C_step200/videos/02222_collision_orbit_right_64_seed41222_C_step200.mp4,metric_only_existing_artifact,not individually inspected this pass; retained as existing metric-only candidate
269.3640571295684,local_assets/overnight_quant_lora_dpo_20260624_overnight_test/video_audit_screen/C_step200/contact_sheets/C_step200_02226_collision_orbit_right_64_seed41226.jpg,0.005509795568665626,0.0,C_step200,sharpness_or_freeze_gate_failed;no_new_clear_medium_hard_visual_advantage,02226_collision_orbit_right_64_seed41226,false,local_assets/overnight_quant_lora_dpo_20260624_overnight_test/screen16_rollouts/C_step200/videos/02226_collision_orbit_right_64_seed41226_C_step200.mp4,metric_only_existing_artifact,not individually inspected this pass; retained as existing metric-only candidate
345.59097615281127,local_assets/overnight_quant_lora_dpo_20260624_overnight_test/video_audit_screen/C_step200/contact_sheets/C_step200_04204_containment_orbit_left_44_seed43204.jpg,0.005167923679127613,0.0,C_step200,no_new_clear_medium_hard_visual_advantage,04204_containment_orbit_left_44_seed43204,false,local_assets/overnight_quant_lora_dpo_20260624_overnight_test/screen16_rollouts/C_step200/videos/04204_containment_orbit_left_44_seed43204_C_step200.mp4,metric_only_existing_artifact,not individually inspected this pass; retained as existing metric-only candidate
290.11121625914507,local_assets/overnight_quant_lora_dpo_20260624_overnight_test/video_audit_screen/C_step200/contact_sheets/C_step200_04209_containment_orbit_left_44_seed43209.jpg,0.004178508025349868,0.0,C_step200,sharpness_or_freeze_gate_failed;no_new_clear_medium_hard_visual_advantage,04209_containment_orbit_left_44_seed43209,false,local_assets/overnight_quant_lora_dpo_20260624_overnight_test/screen16_rollouts/C_step200/videos/04209_containment_orbit_left_44_seed43209_C_step200.mp4,metric_only_existing_artifact,not individually inspected this pass; retained as existing metric-only candidate
442.5777958627972,local_assets/overnight_quant_lora_dpo_20260624_overnight_test/video_audit_screen/C_step200/contact_sheets/C_step200_04214_containment_orbit_left_44_seed43214.jpg,0.0048773713046359485,0.0,C_step200,no_new_clear_medium_hard_visual_advantage,04214_containment_orbit_left_44_seed43214,false,local_assets/overnight_quant_lora_dpo_20260624_overnight_test/screen16_rollouts/C_step200/videos/04214_containment_orbit_left_44_seed43214_C_step200.mp4,metric_only_existing_artifact,not individually inspected this pass; retained as existing metric-only candidate
560.0438948477207,local_assets/overnight_quant_lora_dpo_20260624_overnight_test/video_audit_screen/C_step200/contact_sheets/C_step200_04228_containment_orbit_left_44_seed43228.jpg,0.003020521715360104,0.0,C_step200,no_new_clear_medium_hard_visual_advantage,04228_containment_orbit_left_44_seed43228,false,local_assets/overnight_quant_lora_dpo_20260624_overnight_test/screen16_rollouts/C_step200/videos/04228_containment_orbit_left_44_seed43228_C_step200.mp4,metric_only_existing_artifact,not individually inspected this pass; retained as existing metric-only candidate
260.81887119117636,local_assets/overnight_quant_lora_dpo_20260624_overnight_test/video_audit_screen/C_step200/contact_sheets/C_step200_01002_drop_orbit_left_72_seed40002.jpg,0.0036639496860899554,0.0,C_step200,sharpness_or_freeze_gate_failed;no_new_clear_medium_hard_visual_advantage,01002_drop_orbit_left_72_seed40002,false,local_assets/overnight_quant_lora_dpo_20260624_overnight_test/screen16_rollouts/C_step200/videos/01002_drop_orbit_left_72_seed40002_C_step200.mp4,metric_only_existing_artifact,not individually inspected this pass; retained as existing metric-only candidate
296.2424585690502,local_assets/overnight_quant_lora_dpo_20260624_overnight_test/video_audit_screen/C_step200/contact_sheets/C_step200_01008_drop_orbit_left_72_seed40008.jpg,0.003332204324138785,0.0,C_step200,sharpness_or_freeze_gate_failed;no_new_clear_medium_hard_visual_advantage,01008_drop_orbit_left_72_seed40008,false,local_assets/overnight_quant_lora_dpo_20260624_overnight_test/screen16_rollouts/C_step200/videos/01008_drop_orbit_left_72_seed40008_C_step200.mp4,metric_only_existing_artifact,not individually inspected this pass; retained as existing metric-only candidate
438.50442144264986,local_assets/overnight_quant_lora_dpo_20260624_overnight_test/video_audit_screen/C_step200/contact_sheets/C_step200_01013_drop_orbit_left_72_seed40013.jpg,0.003917230587057932,0.0,C_step200,no_new_clear_medium_hard_visual_advantage,01013_drop_orbit_left_72_seed40013,false,local_assets/overnight_quant_lora_dpo_20260624_overnight_test/screen16_rollouts/C_step200/videos/01013_drop_orbit_left_72_seed40013_C_step200.mp4,metric_only_existing_artifact,not individually inspected this pass; retained as existing metric-only candidate
320.3912992910231,local_assets/overnight_quant_lora_dpo_20260624_overnight_test/video_audit_screen/C_step200/contact_sheets/C_step200_01014_drop_orbit_left_72_seed40014.jpg,0.0042293213942506585,0.0,C_step200,no_new_clear_medium_hard_visual_advantage,01014_drop_orbit_left_72_seed40014,false,local_assets/overnight_quant_lora_dpo_20260624_overnight_test/screen16_rollouts/C_step200/videos/01014_drop_orbit_left_72_seed40014_C_step200.mp4,metric_only_existing_artifact,not individually inspected this pass; retained as existing metric-only candidate
364.74726378663,local_assets/overnight_quant_lora_dpo_20260624_overnight_test/video_audit_screen/C_step200/contact_sheets/C_step200_03409_roll_orbit_right_60_seed42409.jpg,0.0029910574715524023,0.0,C_step200,no_new_clear_medium_hard_visual_advantage,03409_roll_orbit_right_60_seed42409,false,local_assets/overnight_quant_lora_dpo_20260624_overnight_test/screen16_rollouts/C_step200/videos/03409_roll_orbit_right_60_seed42409_C_step200.mp4,metric_only_existing_artifact,not individually inspected this pass; retained as existing metric-only candidate
186.8507452272177,local_assets/overnight_quant_lora_dpo_20260624_overnight_test/video_audit_screen/C_step200/contact_sheets/C_step200_03410_roll_orbit_right_60_seed42410.jpg,0.002395942592287658,0.0,C_step200,sharpness_or_freeze_gate_failed;no_new_clear_medium_hard_visual_advantage,03410_roll_orbit_right_60_seed42410,false,local_assets/overnight_quant_lora_dpo_20260624_overnight_test/screen16_rollouts/C_step200/videos/03410_roll_orbit_right_60_seed42410_C_step200.mp4,metric_only_existing_artifact,not individually inspected this pass; retained as existing metric-only candidate
222.20535150314453,local_assets/overnight_quant_lora_dpo_20260624_overnight_test/video_audit_screen/C_step200/contact_sheets/C_step200_03413_roll_orbit_right_60_seed42413.jpg,0.001738083365750552,0.0,C_step200,sharpness_or_freeze_gate_failed;no_new_clear_medium_hard_visual_advantage,03413_roll_orbit_right_60_seed42413,false,local_assets/overnight_quant_lora_dpo_20260624_overnight_test/screen16_rollouts/C_step200/videos/03413_roll_orbit_right_60_seed42413_C_step200.mp4,metric_only_existing_artifact,not individually inspected this pass; retained as existing metric-only candidate
253.13654689402554,local_assets/overnight_quant_lora_dpo_20260624_overnight_test/video_audit_screen/C_step200/contact_sheets/C_step200_03418_roll_orbit_right_60_seed42418.jpg,0.004255880021089092,0.0,C_step200,sharpness_or_freeze_gate_failed;no_new_clear_medium_hard_visual_advantage,03418_roll_orbit_right_60_seed42418,false,local_assets/overnight_quant_lora_dpo_20260624_overnight_test/screen16_rollouts/C_step200/videos/03418_roll_orbit_right_60_seed42418_C_step200.mp4,metric_only_existing_artifact,not individually inspected this pass; retained as existing metric-only candidate
105.20529683347465,local_assets/overnight_quant_lora_dpo_20260624_overnight_test/video_audit_screen/D_step200/contact_sheets/D_step200_02200_collision_orbit_right_64_seed41200.jpg,0.0025834559420165474,0.0,D_step200,sharpness_or_freeze_gate_failed;no_new_clear_medium_hard_visual_advantage,02200_collision_orbit_right_64_seed41200,false,local_assets/overnight_quant_lora_dpo_20260624_overnight_test/screen16_rollouts/D_step200/videos/02200_collision_orbit_right_64_seed41200_D_step200.mp4,metric_only_existing_artifact,not individually inspected this pass; retained as existing metric-only candidate
373.1491218303671,local_assets/overnight_quant_lora_dpo_20260624_overnight_test/video_audit_screen/D_step200/contact_sheets/D_step200_02202_collision_orbit_right_64_seed41202.jpg,0.002765382169177301,0.0,D_step200,no_new_clear_medium_hard_visual_advantage,02202_collision_orbit_right_64_seed41202,false,local_assets/overnight_quant_lora_dpo_20260624_overnight_test/screen16_rollouts/D_step200/videos/02202_collision_orbit_right_64_seed41202_D_step200.mp4,metric_only_existing_artifact,not individually inspected this pass; retained as existing metric-only candidate
313.4807381873526,local_assets/overnight_quant_lora_dpo_20260624_overnight_test/video_audit_screen/D_step200/contact_sheets/D_step200_02222_collision_orbit_right_64_seed41222.jpg,0.0026248536501788447,0.0,D_step200,no_new_clear_medium_hard_visual_advantage,02222_collision_orbit_right_64_seed41222,false,local_assets/overnight_quant_lora_dpo_20260624_overnight_test/screen16_rollouts/D_step200/videos/02222_collision_orbit_right_64_seed41222_D_step200.mp4,metric_only_existing_artifact,not individually inspected this pass; retained as existing metric-only candidate
175.16287250770304,local_assets/overnight_quant_lora_dpo_20260624_overnight_test/video_audit_screen/D_step200/contact_sheets/D_step200_02226_collision_orbit_right_64_seed41226.jpg,0.005795752106323708,0.0,D_step200,sharpness_or_freeze_gate_failed;no_new_clear_medium_hard_visual_advantage,02226_collision_orbit_right_64_seed41226,false,local_assets/overnight_quant_lora_dpo_20260624_overnight_test/screen16_rollouts/D_step200/videos/02226_collision_orbit_right_64_seed41226_D_step200.mp4,metric_only_existing_artifact,not individually inspected this pass; retained as existing metric-only candidate
375.8387678959089,local_assets/overnight_quant_lora_dpo_20260624_overnight_test/video_audit_screen/D_step200/contact_sheets/D_step200_04204_containment_orbit_left_44_seed43204.jpg,0.004583352599701843,0.0,D_step200,no_new_clear_medium_hard_visual_advantage,04204_containment_orbit_left_44_seed43204,false,local_assets/overnight_quant_lora_dpo_20260624_overnight_test/screen16_rollouts/D_step200/videos/04204_containment_orbit_left_44_seed43204_D_step200.mp4,metric_only_existing_artifact,not individually inspected this pass; retained as existing metric-only candidate
198.49514188711478,local_assets/overnight_quant_lora_dpo_20260624_overnight_test/video_audit_screen/D_step200/contact_sheets/D_step200_04209_containment_orbit_left_44_seed43209.jpg,0.005843266824337658,0.0,D_step200,sharpness_or_freeze_gate_failed;no_new_clear_medium_hard_visual_advantage,04209_containment_orbit_left_44_seed43209,false,local_assets/overnight_quant_lora_dpo_20260624_overnight_test/screen16_rollouts/D_step200/videos/04209_containment_orbit_left_44_seed43209_D_step200.mp4,metric_only_existing_artifact,not individually inspected this pass; retained as existing metric-only candidate
479.5559034613412,local_assets/overnight_quant_lora_dpo_20260624_overnight_test/video_audit_screen/D_step200/contact_sheets/D_step200_04214_containment_orbit_left_44_seed43214.jpg,0.004969083444904244,0.0,D_step200,no_new_clear_medium_hard_visual_advantage,04214_containment_orbit_left_44_seed43214,false,local_assets/overnight_quant_lora_dpo_20260624_overnight_test/screen16_rollouts/D_step200/videos/04214_containment_orbit_left_44_seed43214_D_step200.mp4,metric_only_existing_artifact,not individually inspected this pass; retained as existing metric-only candidate
570.8745559567326,local_assets/overnight_quant_lora_dpo_20260624_overnight_test/video_audit_screen/D_step200/contact_sheets/D_step200_04228_containment_orbit_left_44_seed43228.jpg,0.003148321131134234,0.0,D_step200,no_new_clear_medium_hard_visual_advantage,04228_containment_orbit_left_44_seed43228,false,local_assets/overnight_quant_lora_dpo_20260624_overnight_test/screen16_rollouts/D_step200/videos/04228_containment_orbit_left_44_seed43228_D_step200.mp4,metric_only_existing_artifact,not individually inspected this pass; retained as existing metric-only candidate
249.17862742187856,local_assets/overnight_quant_lora_dpo_20260624_overnight_test/video_audit_screen/D_step200/contact_sheets/D_step200_01002_drop_orbit_left_72_seed40002.jpg,0.003647507145709628,0.0,D_step200,sharpness_or_freeze_gate_failed;no_new_clear_medium_hard_visual_advantage,01002_drop_orbit_left_72_seed40002,false,local_assets/overnight_quant_lora_dpo_20260624_overnight_test/screen16_rollouts/D_step200/videos/01002_drop_orbit_left_72_seed40002_D_step200.mp4,metric_only_existing_artifact,not individually inspected this pass; retained as existing metric-only candidate
304.09777318743835,local_assets/overnight_quant_lora_dpo_20260624_overnight_test/video_audit_screen/D_step200/contact_sheets/D_step200_01008_drop_orbit_left_72_seed40008.jpg,0.0033051084763668515,0.0,D_step200,no_new_clear_medium_hard_visual_advantage,01008_drop_orbit_left_72_seed40008,false,local_assets/overnight_quant_lora_dpo_20260624_overnight_test/screen16_rollouts/D_step200/videos/01008_drop_orbit_left_72_seed40008_D_step200.mp4,metric_only_existing_artifact,not individually inspected this pass; retained as existing metric-only candidate
460.8864919011804,local_assets/overnight_quant_lora_dpo_20260624_overnight_test/video_audit_screen/D_step200/contact_sheets/D_step200_01013_drop_orbit_left_72_seed40013.jpg,0.003572932999575187,0.0,D_step200,no_new_clear_medium_hard_visual_advantage,01013_drop_orbit_left_72_seed40013,false,local_assets/overnight_quant_lora_dpo_20260624_overnight_test/screen16_rollouts/D_step200/videos/01013_drop_orbit_left_72_seed40013_D_step200.mp4,metric_only_existing_artifact,not individually inspected this pass; retained as existing metric-only candidate
330.18234534312694,local_assets/overnight_quant_lora_dpo_20260624_overnight_test/video_audit_screen/D_step200/contact_sheets/D_step200_01014_drop_orbit_left_72_seed40014.jpg,0.004333621433907064,0.0,D_step200,no_new_clear_medium_hard_visual_advantage,01014_drop_orbit_left_72_seed40014,false,local_assets/overnight_quant_lora_dpo_20260624_overnight_test/screen16_rollouts/D_step200/videos/01014_drop_orbit_left_72_seed40014_D_step200.mp4,metric_only_existing_artifact,not individually inspected this pass; retained as existing metric-only candidate
376.1149938537119,local_assets/overnight_quant_lora_dpo_20260624_overnight_test/video_audit_screen/D_step200/contact_sheets/D_step200_03409_roll_orbit_right_60_seed42409.jpg,0.0019684867592566035,0.0,D_step200,no_new_clear_medium_hard_visual_advantage,03409_roll_orbit_right_60_seed42409,false,local_assets/overnight_quant_lora_dpo_20260624_overnight_test/screen16_rollouts/D_step200/videos/03409_roll_orbit_right_60_seed42409_D_step200.mp4,metric_only_existing_artifact,not individually inspected this pass; retained as existing metric-only candidate
167.50215265944703,local_assets/overnight_quant_lora_dpo_20260624_overnight_test/video_audit_screen/D_step200/contact_sheets/D_step200_03410_roll_orbit_right_60_seed42410.jpg,0.0026456623225604727,0.0,D_step200,sharpness_or_freeze_gate_failed;no_new_clear_medium_hard_visual_advantage,03410_roll_orbit_right_60_seed42410,false,local_assets/overnight_quant_lora_dpo_20260624_overnight_test/screen16_rollouts/D_step200/videos/03410_roll_orbit_right_60_seed42410_D_step200.mp4,metric_only_existing_artifact,not individually inspected this pass; retained as existing metric-only candidate
304.90337994583484,local_assets/overnight_quant_lora_dpo_20260624_overnight_test/video_audit_screen/D_step200/contact_sheets/D_step200_03413_roll_orbit_right_60_seed42413.jpg,0.0018617213702261132,0.0,D_step200,no_new_clear_medium_hard_visual_advantage,03413_roll_orbit_right_60_seed42413,false,local_assets/overnight_quant_lora_dpo_20260624_overnight_test/screen16_rollouts/D_step200/videos/03413_roll_orbit_right_60_seed42413_D_step200.mp4,metric_only_existing_artifact,not individually inspected this pass; retained as existing metric-only candidate
265.6416396802005,local_assets/overnight_quant_lora_dpo_20260624_overnight_test/video_audit_screen/D_step200/contact_sheets/D_step200_03418_roll_orbit_right_60_seed42418.jpg,0.0026520920690776928,0.0,D_step200,sharpness_or_freeze_gate_failed;no_new_clear_medium_hard_visual_advantage,03418_roll_orbit_right_60_seed42418,false,local_assets/overnight_quant_lora_dpo_20260624_overnight_test/screen16_rollouts/D_step200/videos/03418_roll_orbit_right_60_seed42418_D_step200.mp4,metric_only_existing_artifact,not individually inspected this pass; retained as existing metric-only candidate
