pair_id,condition_id,failure_type,severity,loser_video_path,status
v11_SYN_0001_02200_collision_orbit_right_64_seed41200_collision_response_failure_synthetic,8df0c0d38a6c90fc524ddfb801df17e5445f60895b3a537f935e42e5806ab13c,collision_response_failure_synthetic,0.35,local_assets/dpo_pair_factory_v11/synthetic_pairs/pairs/v11_SYN_0001_02200_collision_orbit_right_64_seed41200_collision_response_failure_synthetic/loser_future.mp4,generated
v11_SYN_0002_02200_collision_orbit_right_64_seed41200_object_deformation_visible,8df0c0d38a6c90fc524ddfb801df17e5445f60895b3a537f935e42e5806ab13c,object_deformation_visible,0.4,local_assets/dpo_pair_factory_v11/synthetic_pairs/pairs/v11_SYN_0002_02200_collision_orbit_right_64_seed41200_object_deformation_visible/loser_future.mp4,generated
v11_SYN_0003_02200_collision_orbit_right_64_seed41200_object_duplicate_or_fragment,8df0c0d38a6c90fc524ddfb801df17e5445f60895b3a537f935e42e5806ab13c,object_duplicate_or_fragment,0.45,local_assets/dpo_pair_factory_v11/synthetic_pairs/pairs/v11_SYN_0003_02200_collision_orbit_right_64_seed41200_object_duplicate_or_fragment/loser_future.mp4,generated
v11_SYN_0004_02200_collision_orbit_right_64_seed41200_local_scene_patch_drift,8df0c0d38a6c90fc524ddfb801df17e5445f60895b3a537f935e42e5806ab13c,local_scene_patch_drift,0.5,local_assets/dpo_pair_factory_v11/synthetic_pairs/pairs/v11_SYN_0004_02200_collision_orbit_right_64_seed41200_local_scene_patch_drift/loser_future.mp4,generated
v11_SYN_0005_02200_collision_orbit_right_64_seed41200_background_drift_visible,8df0c0d38a6c90fc524ddfb801df17e5445f60895b3a537f935e42e5806ab13c,background_drift_visible,0.55,local_assets/dpo_pair_factory_v11/synthetic_pairs/pairs/v11_SYN_0005_02200_collision_orbit_right_64_seed41200_background_drift_visible/loser_future.mp4,generated
v11_SYN_0006_02200_collision_orbit_right_64_seed41200_object_identity_color_shift,8df0c0d38a6c90fc524ddfb801df17e5445f60895b3a537f935e42e5806ab13c,object_identity_color_shift,0.6,local_assets/dpo_pair_factory_v11/synthetic_pairs/pairs/v11_SYN_0006_02200_collision_orbit_right_64_seed41200_object_identity_color_shift/loser_future.mp4,generated
v11_SYN_0007_02202_collision_orbit_right_64_seed41202_collision_response_failure_synthetic,4aeca92fd238b5299cd52999661a02787ae76fcabf943ef2e4e94d5c992c335f,collision_response_failure_synthetic,0.4,local_assets/dpo_pair_factory_v11/synthetic_pairs/pairs/v11_SYN_0007_02202_collision_orbit_right_64_seed41202_collision_response_failure_synthetic/loser_future.mp4,generated
v11_SYN_0008_02202_collision_orbit_right_64_seed41202_object_deformation_visible,4aeca92fd238b5299cd52999661a02787ae76fcabf943ef2e4e94d5c992c335f,object_deformation_visible,0.45,local_assets/dpo_pair_factory_v11/synthetic_pairs/pairs/v11_SYN_0008_02202_collision_orbit_right_64_seed41202_object_deformation_visible/loser_future.mp4,generated
v11_SYN_0009_02202_collision_orbit_right_64_seed41202_object_duplicate_or_fragment,4aeca92fd238b5299cd52999661a02787ae76fcabf943ef2e4e94d5c992c335f,object_duplicate_or_fragment,0.5,local_assets/dpo_pair_factory_v11/synthetic_pairs/pairs/v11_SYN_0009_02202_collision_orbit_right_64_seed41202_object_duplicate_or_fragment/loser_future.mp4,generated
v11_SYN_0010_02202_collision_orbit_right_64_seed41202_local_scene_patch_drift,4aeca92fd238b5299cd52999661a02787ae76fcabf943ef2e4e94d5c992c335f,local_scene_patch_drift,0.55,local_assets/dpo_pair_factory_v11/synthetic_pairs/pairs/v11_SYN_0010_02202_collision_orbit_right_64_seed41202_local_scene_patch_drift/loser_future.mp4,generated
v11_SYN_0011_02202_collision_orbit_right_64_seed41202_background_drift_visible,4aeca92fd238b5299cd52999661a02787ae76fcabf943ef2e4e94d5c992c335f,background_drift_visible,0.6,local_assets/dpo_pair_factory_v11/synthetic_pairs/pairs/v11_SYN_0011_02202_collision_orbit_right_64_seed41202_background_drift_visible/loser_future.mp4,generated
v11_SYN_0012_02202_collision_orbit_right_64_seed41202_object_identity_color_shift,4aeca92fd238b5299cd52999661a02787ae76fcabf943ef2e4e94d5c992c335f,object_identity_color_shift,0.65,local_assets/dpo_pair_factory_v11/synthetic_pairs/pairs/v11_SYN_0012_02202_collision_orbit_right_64_seed41202_object_identity_color_shift/loser_future.mp4,generated
v11_SYN_0013_02215_collision_strafe_left_180_seed41215_collision_response_failure_synthetic,02215_collision_strafe_left_180_seed41215,collision_response_failure_synthetic,0.45,local_assets/dpo_pair_factory_v11/synthetic_pairs/pairs/v11_SYN_0013_02215_collision_strafe_left_180_seed41215_collision_response_failure_synthetic/loser_future.mp4,generated
v11_SYN_0014_02215_collision_strafe_left_180_seed41215_object_deformation_visible,02215_collision_strafe_left_180_seed41215,object_deformation_visible,0.5,local_assets/dpo_pair_factory_v11/synthetic_pairs/pairs/v11_SYN_0014_02215_collision_strafe_left_180_seed41215_object_deformation_visible/loser_future.mp4,generated
v11_SYN_0015_02215_collision_strafe_left_180_seed41215_object_duplicate_or_fragment,02215_collision_strafe_left_180_seed41215,object_duplicate_or_fragment,0.55,local_assets/dpo_pair_factory_v11/synthetic_pairs/pairs/v11_SYN_0015_02215_collision_strafe_left_180_seed41215_object_duplicate_or_fragment/loser_future.mp4,generated
v11_SYN_0016_02215_collision_strafe_left_180_seed41215_local_scene_patch_drift,02215_collision_strafe_left_180_seed41215,local_scene_patch_drift,0.6,local_assets/dpo_pair_factory_v11/synthetic_pairs/pairs/v11_SYN_0016_02215_collision_strafe_left_180_seed41215_local_scene_patch_drift/loser_future.mp4,generated
v11_SYN_0017_02215_collision_strafe_left_180_seed41215_background_drift_visible,02215_collision_strafe_left_180_seed41215,background_drift_visible,0.65,local_assets/dpo_pair_factory_v11/synthetic_pairs/pairs/v11_SYN_0017_02215_collision_strafe_left_180_seed41215_background_drift_visible/loser_future.mp4,generated
v11_SYN_0018_02215_collision_strafe_left_180_seed41215_object_identity_color_shift,02215_collision_strafe_left_180_seed41215,object_identity_color_shift,0.35,local_assets/dpo_pair_factory_v11/synthetic_pairs/pairs/v11_SYN_0018_02215_collision_strafe_left_180_seed41215_object_identity_color_shift/loser_future.mp4,generated
v11_SYN_0019_02222_collision_orbit_right_64_seed41222_collision_response_failure_synthetic,19fca32ea8850d8171e9d24ffeaf03ea61694a23c026a9ab7b92ff61f3c61485,collision_response_failure_synthetic,0.5,local_assets/dpo_pair_factory_v11/synthetic_pairs/pairs/v11_SYN_0019_02222_collision_orbit_right_64_seed41222_collision_response_failure_synthetic/loser_future.mp4,generated
v11_SYN_0020_02222_collision_orbit_right_64_seed41222_object_deformation_visible,19fca32ea8850d8171e9d24ffeaf03ea61694a23c026a9ab7b92ff61f3c61485,object_deformation_visible,0.55,local_assets/dpo_pair_factory_v11/synthetic_pairs/pairs/v11_SYN_0020_02222_collision_orbit_right_64_seed41222_object_deformation_visible/loser_future.mp4,generated
v11_SYN_0021_02222_collision_orbit_right_64_seed41222_object_duplicate_or_fragment,19fca32ea8850d8171e9d24ffeaf03ea61694a23c026a9ab7b92ff61f3c61485,object_duplicate_or_fragment,0.6,local_assets/dpo_pair_factory_v11/synthetic_pairs/pairs/v11_SYN_0021_02222_collision_orbit_right_64_seed41222_object_duplicate_or_fragment/loser_future.mp4,generated
v11_SYN_0022_02222_collision_orbit_right_64_seed41222_local_scene_patch_drift,19fca32ea8850d8171e9d24ffeaf03ea61694a23c026a9ab7b92ff61f3c61485,local_scene_patch_drift,0.65,local_assets/dpo_pair_factory_v11/synthetic_pairs/pairs/v11_SYN_0022_02222_collision_orbit_right_64_seed41222_local_scene_patch_drift/loser_future.mp4,generated
v11_SYN_0023_02222_collision_orbit_right_64_seed41222_background_drift_visible,19fca32ea8850d8171e9d24ffeaf03ea61694a23c026a9ab7b92ff61f3c61485,background_drift_visible,0.35,local_assets/dpo_pair_factory_v11/synthetic_pairs/pairs/v11_SYN_0023_02222_collision_orbit_right_64_seed41222_background_drift_visible/loser_future.mp4,generated
v11_SYN_0024_02222_collision_orbit_right_64_seed41222_object_identity_color_shift,19fca32ea8850d8171e9d24ffeaf03ea61694a23c026a9ab7b92ff61f3c61485,object_identity_color_shift,0.4,local_assets/dpo_pair_factory_v11/synthetic_pairs/pairs/v11_SYN_0024_02222_collision_orbit_right_64_seed41222_object_identity_color_shift/loser_future.mp4,generated
v11_SYN_0025_02226_collision_orbit_right_64_seed41226_collision_response_failure_synthetic,1cbeaad951cb1cf61abfeec4304bcdcf82c3013ecb9e22df3497c7ee5a143dbe,collision_response_failure_synthetic,0.55,local_assets/dpo_pair_factory_v11/synthetic_pairs/pairs/v11_SYN_0025_02226_collision_orbit_right_64_seed41226_collision_response_failure_synthetic/loser_future.mp4,generated
v11_SYN_0026_02226_collision_orbit_right_64_seed41226_object_deformation_visible,1cbeaad951cb1cf61abfeec4304bcdcf82c3013ecb9e22df3497c7ee5a143dbe,object_deformation_visible,0.6,local_assets/dpo_pair_factory_v11/synthetic_pairs/pairs/v11_SYN_0026_02226_collision_orbit_right_64_seed41226_object_deformation_visible/loser_future.mp4,generated
v11_SYN_0027_02226_collision_orbit_right_64_seed41226_object_duplicate_or_fragment,1cbeaad951cb1cf61abfeec4304bcdcf82c3013ecb9e22df3497c7ee5a143dbe,object_duplicate_or_fragment,0.65,local_assets/dpo_pair_factory_v11/synthetic_pairs/pairs/v11_SYN_0027_02226_collision_orbit_right_64_seed41226_object_duplicate_or_fragment/loser_future.mp4,generated
v11_SYN_0028_02226_collision_orbit_right_64_seed41226_local_scene_patch_drift,1cbeaad951cb1cf61abfeec4304bcdcf82c3013ecb9e22df3497c7ee5a143dbe,local_scene_patch_drift,0.35,local_assets/dpo_pair_factory_v11/synthetic_pairs/pairs/v11_SYN_0028_02226_collision_orbit_right_64_seed41226_local_scene_patch_drift/loser_future.mp4,generated
v11_SYN_0029_02226_collision_orbit_right_64_seed41226_background_drift_visible,1cbeaad951cb1cf61abfeec4304bcdcf82c3013ecb9e22df3497c7ee5a143dbe,background_drift_visible,0.4,local_assets/dpo_pair_factory_v11/synthetic_pairs/pairs/v11_SYN_0029_02226_collision_orbit_right_64_seed41226_background_drift_visible/loser_future.mp4,generated
v11_SYN_0030_02226_collision_orbit_right_64_seed41226_object_identity_color_shift,1cbeaad951cb1cf61abfeec4304bcdcf82c3013ecb9e22df3497c7ee5a143dbe,object_identity_color_shift,0.45,local_assets/dpo_pair_factory_v11/synthetic_pairs/pairs/v11_SYN_0030_02226_collision_orbit_right_64_seed41226_object_identity_color_shift/loser_future.mp4,generated
v11_SYN_0031_02228_collision_orbit_right_64_seed41228_collision_response_failure_synthetic,02228_collision_orbit_right_64_seed41228,collision_response_failure_synthetic,0.6,local_assets/dpo_pair_factory_v11/synthetic_pairs/pairs/v11_SYN_0031_02228_collision_orbit_right_64_seed41228_collision_response_failure_synthetic/loser_future.mp4,generated
v11_SYN_0032_02228_collision_orbit_right_64_seed41228_object_deformation_visible,02228_collision_orbit_right_64_seed41228,object_deformation_visible,0.65,local_assets/dpo_pair_factory_v11/synthetic_pairs/pairs/v11_SYN_0032_02228_collision_orbit_right_64_seed41228_object_deformation_visible/loser_future.mp4,generated
v11_SYN_0033_02228_collision_orbit_right_64_seed41228_object_duplicate_or_fragment,02228_collision_orbit_right_64_seed41228,object_duplicate_or_fragment,0.35,local_assets/dpo_pair_factory_v11/synthetic_pairs/pairs/v11_SYN_0033_02228_collision_orbit_right_64_seed41228_object_duplicate_or_fragment/loser_future.mp4,generated
v11_SYN_0034_02228_collision_orbit_right_64_seed41228_local_scene_patch_drift,02228_collision_orbit_right_64_seed41228,local_scene_patch_drift,0.4,local_assets/dpo_pair_factory_v11/synthetic_pairs/pairs/v11_SYN_0034_02228_collision_orbit_right_64_seed41228_local_scene_patch_drift/loser_future.mp4,generated
v11_SYN_0035_02228_collision_orbit_right_64_seed41228_background_drift_visible,02228_collision_orbit_right_64_seed41228,background_drift_visible,0.45,local_assets/dpo_pair_factory_v11/synthetic_pairs/pairs/v11_SYN_0035_02228_collision_orbit_right_64_seed41228_background_drift_visible/loser_future.mp4,generated
v11_SYN_0036_02228_collision_orbit_right_64_seed41228_object_identity_color_shift,02228_collision_orbit_right_64_seed41228,object_identity_color_shift,0.5,local_assets/dpo_pair_factory_v11/synthetic_pairs/pairs/v11_SYN_0036_02228_collision_orbit_right_64_seed41228_object_identity_color_shift/loser_future.mp4,generated
v11_SYN_0037_02239_collision_strafe_left_180_seed41239_collision_response_failure_synthetic,02239_collision_strafe_left_180_seed41239,collision_response_failure_synthetic,0.65,local_assets/dpo_pair_factory_v11/synthetic_pairs/pairs/v11_SYN_0037_02239_collision_strafe_left_180_seed41239_collision_response_failure_synthetic/loser_future.mp4,generated
v11_SYN_0038_02239_collision_strafe_left_180_seed41239_object_deformation_visible,02239_collision_strafe_left_180_seed41239,object_deformation_visible,0.35,local_assets/dpo_pair_factory_v11/synthetic_pairs/pairs/v11_SYN_0038_02239_collision_strafe_left_180_seed41239_object_deformation_visible/loser_future.mp4,generated
v11_SYN_0039_02239_collision_strafe_left_180_seed41239_object_duplicate_or_fragment,02239_collision_strafe_left_180_seed41239,object_duplicate_or_fragment,0.4,local_assets/dpo_pair_factory_v11/synthetic_pairs/pairs/v11_SYN_0039_02239_collision_strafe_left_180_seed41239_object_duplicate_or_fragment/loser_future.mp4,generated
v11_SYN_0040_02239_collision_strafe_left_180_seed41239_local_scene_patch_drift,02239_collision_strafe_left_180_seed41239,local_scene_patch_drift,0.45,local_assets/dpo_pair_factory_v11/synthetic_pairs/pairs/v11_SYN_0040_02239_collision_strafe_left_180_seed41239_local_scene_patch_drift/loser_future.mp4,generated
v11_SYN_0041_02239_collision_strafe_left_180_seed41239_background_drift_visible,02239_collision_strafe_left_180_seed41239,background_drift_visible,0.5,local_assets/dpo_pair_factory_v11/synthetic_pairs/pairs/v11_SYN_0041_02239_collision_strafe_left_180_seed41239_background_drift_visible/loser_future.mp4,generated
v11_SYN_0042_02239_collision_strafe_left_180_seed41239_object_identity_color_shift,02239_collision_strafe_left_180_seed41239,object_identity_color_shift,0.55,local_assets/dpo_pair_factory_v11/synthetic_pairs/pairs/v11_SYN_0042_02239_collision_strafe_left_180_seed41239_object_identity_color_shift/loser_future.mp4,generated
v11_SYN_0043_02259_collision_strafe_left_180_seed41259_collision_response_failure_synthetic,02259_collision_strafe_left_180_seed41259,collision_response_failure_synthetic,0.35,local_assets/dpo_pair_factory_v11/synthetic_pairs/pairs/v11_SYN_0043_02259_collision_strafe_left_180_seed41259_collision_response_failure_synthetic/loser_future.mp4,generated
v11_SYN_0044_02259_collision_strafe_left_180_seed41259_object_deformation_visible,02259_collision_strafe_left_180_seed41259,object_deformation_visible,0.4,local_assets/dpo_pair_factory_v11/synthetic_pairs/pairs/v11_SYN_0044_02259_collision_strafe_left_180_seed41259_object_deformation_visible/loser_future.mp4,generated
v11_SYN_0045_02259_collision_strafe_left_180_seed41259_object_duplicate_or_fragment,02259_collision_strafe_left_180_seed41259,object_duplicate_or_fragment,0.45,local_assets/dpo_pair_factory_v11/synthetic_pairs/pairs/v11_SYN_0045_02259_collision_strafe_left_180_seed41259_object_duplicate_or_fragment/loser_future.mp4,generated
v11_SYN_0046_02259_collision_strafe_left_180_seed41259_local_scene_patch_drift,02259_collision_strafe_left_180_seed41259,local_scene_patch_drift,0.5,local_assets/dpo_pair_factory_v11/synthetic_pairs/pairs/v11_SYN_0046_02259_collision_strafe_left_180_seed41259_local_scene_patch_drift/loser_future.mp4,generated
v11_SYN_0047_02259_collision_strafe_left_180_seed41259_background_drift_visible,02259_collision_strafe_left_180_seed41259,background_drift_visible,0.55,local_assets/dpo_pair_factory_v11/synthetic_pairs/pairs/v11_SYN_0047_02259_collision_strafe_left_180_seed41259_background_drift_visible/loser_future.mp4,generated
v11_SYN_0048_02259_collision_strafe_left_180_seed41259_object_identity_color_shift,02259_collision_strafe_left_180_seed41259,object_identity_color_shift,0.6,local_assets/dpo_pair_factory_v11/synthetic_pairs/pairs/v11_SYN_0048_02259_collision_strafe_left_180_seed41259_object_identity_color_shift/loser_future.mp4,generated
v11_SYN_0049_02262_collision_orbit_right_64_seed41262_collision_response_failure_synthetic,02262_collision_orbit_right_64_seed41262,collision_response_failure_synthetic,0.4,local_assets/dpo_pair_factory_v11/synthetic_pairs/pairs/v11_SYN_0049_02262_collision_orbit_right_64_seed41262_collision_response_failure_synthetic/loser_future.mp4,generated
v11_SYN_0050_02262_collision_orbit_right_64_seed41262_object_deformation_visible,02262_collision_orbit_right_64_seed41262,object_deformation_visible,0.45,local_assets/dpo_pair_factory_v11/synthetic_pairs/pairs/v11_SYN_0050_02262_collision_orbit_right_64_seed41262_object_deformation_visible/loser_future.mp4,generated
v11_SYN_0051_02262_collision_orbit_right_64_seed41262_object_duplicate_or_fragment,02262_collision_orbit_right_64_seed41262,object_duplicate_or_fragment,0.5,local_assets/dpo_pair_factory_v11/synthetic_pairs/pairs/v11_SYN_0051_02262_collision_orbit_right_64_seed41262_object_duplicate_or_fragment/loser_future.mp4,generated
v11_SYN_0052_02262_collision_orbit_right_64_seed41262_local_scene_patch_drift,02262_collision_orbit_right_64_seed41262,local_scene_patch_drift,0.55,local_assets/dpo_pair_factory_v11/synthetic_pairs/pairs/v11_SYN_0052_02262_collision_orbit_right_64_seed41262_local_scene_patch_drift/loser_future.mp4,generated
v11_SYN_0053_02262_collision_orbit_right_64_seed41262_background_drift_visible,02262_collision_orbit_right_64_seed41262,background_drift_visible,0.6,local_assets/dpo_pair_factory_v11/synthetic_pairs/pairs/v11_SYN_0053_02262_collision_orbit_right_64_seed41262_background_drift_visible/loser_future.mp4,generated
v11_SYN_0054_02262_collision_orbit_right_64_seed41262_object_identity_color_shift,02262_collision_orbit_right_64_seed41262,object_identity_color_shift,0.65,local_assets/dpo_pair_factory_v11/synthetic_pairs/pairs/v11_SYN_0054_02262_collision_orbit_right_64_seed41262_object_identity_color_shift/loser_future.mp4,generated
v11_SYN_0055_02276_collision_orbit_right_64_seed41276_collision_response_failure_synthetic,02276_collision_orbit_right_64_seed41276,collision_response_failure_synthetic,0.45,local_assets/dpo_pair_factory_v11/synthetic_pairs/pairs/v11_SYN_0055_02276_collision_orbit_right_64_seed41276_collision_response_failure_synthetic/loser_future.mp4,generated
v11_SYN_0056_02276_collision_orbit_right_64_seed41276_object_deformation_visible,02276_collision_orbit_right_64_seed41276,object_deformation_visible,0.5,local_assets/dpo_pair_factory_v11/synthetic_pairs/pairs/v11_SYN_0056_02276_collision_orbit_right_64_seed41276_object_deformation_visible/loser_future.mp4,generated
v11_SYN_0057_02276_collision_orbit_right_64_seed41276_object_duplicate_or_fragment,02276_collision_orbit_right_64_seed41276,object_duplicate_or_fragment,0.55,local_assets/dpo_pair_factory_v11/synthetic_pairs/pairs/v11_SYN_0057_02276_collision_orbit_right_64_seed41276_object_duplicate_or_fragment/loser_future.mp4,generated
v11_SYN_0058_02276_collision_orbit_right_64_seed41276_local_scene_patch_drift,02276_collision_orbit_right_64_seed41276,local_scene_patch_drift,0.6,local_assets/dpo_pair_factory_v11/synthetic_pairs/pairs/v11_SYN_0058_02276_collision_orbit_right_64_seed41276_local_scene_patch_drift/loser_future.mp4,generated
v11_SYN_0059_02276_collision_orbit_right_64_seed41276_background_drift_visible,02276_collision_orbit_right_64_seed41276,background_drift_visible,0.65,local_assets/dpo_pair_factory_v11/synthetic_pairs/pairs/v11_SYN_0059_02276_collision_orbit_right_64_seed41276_background_drift_visible/loser_future.mp4,generated
v11_SYN_0060_02276_collision_orbit_right_64_seed41276_object_identity_color_shift,02276_collision_orbit_right_64_seed41276,object_identity_color_shift,0.35,local_assets/dpo_pair_factory_v11/synthetic_pairs/pairs/v11_SYN_0060_02276_collision_orbit_right_64_seed41276_object_identity_color_shift/loser_future.mp4,generated
v11_SYN_0061_02284_collision_orbit_right_64_seed41284_collision_response_failure_synthetic,02284_collision_orbit_right_64_seed41284,collision_response_failure_synthetic,0.5,local_assets/dpo_pair_factory_v11/synthetic_pairs/pairs/v11_SYN_0061_02284_collision_orbit_right_64_seed41284_collision_response_failure_synthetic/loser_future.mp4,generated
v11_SYN_0062_02284_collision_orbit_right_64_seed41284_object_deformation_visible,02284_collision_orbit_right_64_seed41284,object_deformation_visible,0.55,local_assets/dpo_pair_factory_v11/synthetic_pairs/pairs/v11_SYN_0062_02284_collision_orbit_right_64_seed41284_object_deformation_visible/loser_future.mp4,generated
v11_SYN_0063_02284_collision_orbit_right_64_seed41284_object_duplicate_or_fragment,02284_collision_orbit_right_64_seed41284,object_duplicate_or_fragment,0.6,local_assets/dpo_pair_factory_v11/synthetic_pairs/pairs/v11_SYN_0063_02284_collision_orbit_right_64_seed41284_object_duplicate_or_fragment/loser_future.mp4,generated
v11_SYN_0064_02284_collision_orbit_right_64_seed41284_local_scene_patch_drift,02284_collision_orbit_right_64_seed41284,local_scene_patch_drift,0.65,local_assets/dpo_pair_factory_v11/synthetic_pairs/pairs/v11_SYN_0064_02284_collision_orbit_right_64_seed41284_local_scene_patch_drift/loser_future.mp4,generated
v11_SYN_0065_02284_collision_orbit_right_64_seed41284_background_drift_visible,02284_collision_orbit_right_64_seed41284,background_drift_visible,0.35,local_assets/dpo_pair_factory_v11/synthetic_pairs/pairs/v11_SYN_0065_02284_collision_orbit_right_64_seed41284_background_drift_visible/loser_future.mp4,generated
v11_SYN_0066_02284_collision_orbit_right_64_seed41284_object_identity_color_shift,02284_collision_orbit_right_64_seed41284,object_identity_color_shift,0.4,local_assets/dpo_pair_factory_v11/synthetic_pairs/pairs/v11_SYN_0066_02284_collision_orbit_right_64_seed41284_object_identity_color_shift/loser_future.mp4,generated
v11_SYN_0067_02286_collision_orbit_right_64_seed41286_collision_response_failure_synthetic,02286_collision_orbit_right_64_seed41286,collision_response_failure_synthetic,0.55,local_assets/dpo_pair_factory_v11/synthetic_pairs/pairs/v11_SYN_0067_02286_collision_orbit_right_64_seed41286_collision_response_failure_synthetic/loser_future.mp4,generated
v11_SYN_0068_02286_collision_orbit_right_64_seed41286_object_deformation_visible,02286_collision_orbit_right_64_seed41286,object_deformation_visible,0.6,local_assets/dpo_pair_factory_v11/synthetic_pairs/pairs/v11_SYN_0068_02286_collision_orbit_right_64_seed41286_object_deformation_visible/loser_future.mp4,generated
v11_SYN_0069_02286_collision_orbit_right_64_seed41286_object_duplicate_or_fragment,02286_collision_orbit_right_64_seed41286,object_duplicate_or_fragment,0.65,local_assets/dpo_pair_factory_v11/synthetic_pairs/pairs/v11_SYN_0069_02286_collision_orbit_right_64_seed41286_object_duplicate_or_fragment/loser_future.mp4,generated
v11_SYN_0070_02286_collision_orbit_right_64_seed41286_local_scene_patch_drift,02286_collision_orbit_right_64_seed41286,local_scene_patch_drift,0.35,local_assets/dpo_pair_factory_v11/synthetic_pairs/pairs/v11_SYN_0070_02286_collision_orbit_right_64_seed41286_local_scene_patch_drift/loser_future.mp4,generated
v11_SYN_0071_02286_collision_orbit_right_64_seed41286_background_drift_visible,02286_collision_orbit_right_64_seed41286,background_drift_visible,0.4,local_assets/dpo_pair_factory_v11/synthetic_pairs/pairs/v11_SYN_0071_02286_collision_orbit_right_64_seed41286_background_drift_visible/loser_future.mp4,generated
v11_SYN_0072_02286_collision_orbit_right_64_seed41286_object_identity_color_shift,02286_collision_orbit_right_64_seed41286,object_identity_color_shift,0.45,local_assets/dpo_pair_factory_v11/synthetic_pairs/pairs/v11_SYN_0072_02286_collision_orbit_right_64_seed41286_object_identity_color_shift/loser_future.mp4,generated
v11_SYN_0073_02288_collision_orbit_right_64_seed41288_collision_response_failure_synthetic,02288_collision_orbit_right_64_seed41288,collision_response_failure_synthetic,0.6,local_assets/dpo_pair_factory_v11/synthetic_pairs/pairs/v11_SYN_0073_02288_collision_orbit_right_64_seed41288_collision_response_failure_synthetic/loser_future.mp4,generated
v11_SYN_0074_02288_collision_orbit_right_64_seed41288_object_deformation_visible,02288_collision_orbit_right_64_seed41288,object_deformation_visible,0.65,local_assets/dpo_pair_factory_v11/synthetic_pairs/pairs/v11_SYN_0074_02288_collision_orbit_right_64_seed41288_object_deformation_visible/loser_future.mp4,generated
v11_SYN_0075_02288_collision_orbit_right_64_seed41288_object_duplicate_or_fragment,02288_collision_orbit_right_64_seed41288,object_duplicate_or_fragment,0.35,local_assets/dpo_pair_factory_v11/synthetic_pairs/pairs/v11_SYN_0075_02288_collision_orbit_right_64_seed41288_object_duplicate_or_fragment/loser_future.mp4,generated
v11_SYN_0076_02288_collision_orbit_right_64_seed41288_local_scene_patch_drift,02288_collision_orbit_right_64_seed41288,local_scene_patch_drift,0.4,local_assets/dpo_pair_factory_v11/synthetic_pairs/pairs/v11_SYN_0076_02288_collision_orbit_right_64_seed41288_local_scene_patch_drift/loser_future.mp4,generated
v11_SYN_0077_02288_collision_orbit_right_64_seed41288_background_drift_visible,02288_collision_orbit_right_64_seed41288,background_drift_visible,0.45,local_assets/dpo_pair_factory_v11/synthetic_pairs/pairs/v11_SYN_0077_02288_collision_orbit_right_64_seed41288_background_drift_visible/loser_future.mp4,generated
v11_SYN_0078_02288_collision_orbit_right_64_seed41288_object_identity_color_shift,02288_collision_orbit_right_64_seed41288,object_identity_color_shift,0.5,local_assets/dpo_pair_factory_v11/synthetic_pairs/pairs/v11_SYN_0078_02288_collision_orbit_right_64_seed41288_object_identity_color_shift/loser_future.mp4,generated
v11_SYN_0079_02292_collision_orbit_right_64_seed41292_collision_response_failure_synthetic,02292_collision_orbit_right_64_seed41292,collision_response_failure_synthetic,0.65,local_assets/dpo_pair_factory_v11/synthetic_pairs/pairs/v11_SYN_0079_02292_collision_orbit_right_64_seed41292_collision_response_failure_synthetic/loser_future.mp4,generated
v11_SYN_0080_02292_collision_orbit_right_64_seed41292_object_deformation_visible,02292_collision_orbit_right_64_seed41292,object_deformation_visible,0.35,local_assets/dpo_pair_factory_v11/synthetic_pairs/pairs/v11_SYN_0080_02292_collision_orbit_right_64_seed41292_object_deformation_visible/loser_future.mp4,generated
v11_SYN_0081_02292_collision_orbit_right_64_seed41292_object_duplicate_or_fragment,02292_collision_orbit_right_64_seed41292,object_duplicate_or_fragment,0.4,local_assets/dpo_pair_factory_v11/synthetic_pairs/pairs/v11_SYN_0081_02292_collision_orbit_right_64_seed41292_object_duplicate_or_fragment/loser_future.mp4,generated
v11_SYN_0082_02292_collision_orbit_right_64_seed41292_local_scene_patch_drift,02292_collision_orbit_right_64_seed41292,local_scene_patch_drift,0.45,local_assets/dpo_pair_factory_v11/synthetic_pairs/pairs/v11_SYN_0082_02292_collision_orbit_right_64_seed41292_local_scene_patch_drift/loser_future.mp4,generated
v11_SYN_0083_02292_collision_orbit_right_64_seed41292_background_drift_visible,02292_collision_orbit_right_64_seed41292,background_drift_visible,0.5,local_assets/dpo_pair_factory_v11/synthetic_pairs/pairs/v11_SYN_0083_02292_collision_orbit_right_64_seed41292_background_drift_visible/loser_future.mp4,generated
v11_SYN_0084_02292_collision_orbit_right_64_seed41292_object_identity_color_shift,02292_collision_orbit_right_64_seed41292,object_identity_color_shift,0.55,local_assets/dpo_pair_factory_v11/synthetic_pairs/pairs/v11_SYN_0084_02292_collision_orbit_right_64_seed41292_object_identity_color_shift/loser_future.mp4,generated
v11_SYN_0085_02295_collision_strafe_left_180_seed41295_collision_response_failure_synthetic,02295_collision_strafe_left_180_seed41295,collision_response_failure_synthetic,0.35,local_assets/dpo_pair_factory_v11/synthetic_pairs/pairs/v11_SYN_0085_02295_collision_strafe_left_180_seed41295_collision_response_failure_synthetic/loser_future.mp4,generated
v11_SYN_0086_02295_collision_strafe_left_180_seed41295_object_deformation_visible,02295_collision_strafe_left_180_seed41295,object_deformation_visible,0.4,local_assets/dpo_pair_factory_v11/synthetic_pairs/pairs/v11_SYN_0086_02295_collision_strafe_left_180_seed41295_object_deformation_visible/loser_future.mp4,generated
v11_SYN_0087_02295_collision_strafe_left_180_seed41295_object_duplicate_or_fragment,02295_collision_strafe_left_180_seed41295,object_duplicate_or_fragment,0.45,local_assets/dpo_pair_factory_v11/synthetic_pairs/pairs/v11_SYN_0087_02295_collision_strafe_left_180_seed41295_object_duplicate_or_fragment/loser_future.mp4,generated
v11_SYN_0088_02295_collision_strafe_left_180_seed41295_local_scene_patch_drift,02295_collision_strafe_left_180_seed41295,local_scene_patch_drift,0.5,local_assets/dpo_pair_factory_v11/synthetic_pairs/pairs/v11_SYN_0088_02295_collision_strafe_left_180_seed41295_local_scene_patch_drift/loser_future.mp4,generated
v11_SYN_0089_02295_collision_strafe_left_180_seed41295_background_drift_visible,02295_collision_strafe_left_180_seed41295,background_drift_visible,0.55,local_assets/dpo_pair_factory_v11/synthetic_pairs/pairs/v11_SYN_0089_02295_collision_strafe_left_180_seed41295_background_drift_visible/loser_future.mp4,generated
v11_SYN_0090_02295_collision_strafe_left_180_seed41295_object_identity_color_shift,02295_collision_strafe_left_180_seed41295,object_identity_color_shift,0.6,local_assets/dpo_pair_factory_v11/synthetic_pairs/pairs/v11_SYN_0090_02295_collision_strafe_left_180_seed41295_object_identity_color_shift/loser_future.mp4,generated
v11_SYN_0091_02327_collision_strafe_left_180_seed41327_collision_response_failure_synthetic,02327_collision_strafe_left_180_seed41327,collision_response_failure_synthetic,0.4,local_assets/dpo_pair_factory_v11/synthetic_pairs/pairs/v11_SYN_0091_02327_collision_strafe_left_180_seed41327_collision_response_failure_synthetic/loser_future.mp4,generated
v11_SYN_0092_02327_collision_strafe_left_180_seed41327_object_deformation_visible,02327_collision_strafe_left_180_seed41327,object_deformation_visible,0.45,local_assets/dpo_pair_factory_v11/synthetic_pairs/pairs/v11_SYN_0092_02327_collision_strafe_left_180_seed41327_object_deformation_visible/loser_future.mp4,generated
v11_SYN_0093_02327_collision_strafe_left_180_seed41327_object_duplicate_or_fragment,02327_collision_strafe_left_180_seed41327,object_duplicate_or_fragment,0.5,local_assets/dpo_pair_factory_v11/synthetic_pairs/pairs/v11_SYN_0093_02327_collision_strafe_left_180_seed41327_object_duplicate_or_fragment/loser_future.mp4,generated
v11_SYN_0094_02327_collision_strafe_left_180_seed41327_local_scene_patch_drift,02327_collision_strafe_left_180_seed41327,local_scene_patch_drift,0.55,local_assets/dpo_pair_factory_v11/synthetic_pairs/pairs/v11_SYN_0094_02327_collision_strafe_left_180_seed41327_local_scene_patch_drift/loser_future.mp4,generated
v11_SYN_0095_02327_collision_strafe_left_180_seed41327_background_drift_visible,02327_collision_strafe_left_180_seed41327,background_drift_visible,0.6,local_assets/dpo_pair_factory_v11/synthetic_pairs/pairs/v11_SYN_0095_02327_collision_strafe_left_180_seed41327_background_drift_visible/loser_future.mp4,generated
v11_SYN_0096_02327_collision_strafe_left_180_seed41327_object_identity_color_shift,02327_collision_strafe_left_180_seed41327,object_identity_color_shift,0.65,local_assets/dpo_pair_factory_v11/synthetic_pairs/pairs/v11_SYN_0096_02327_collision_strafe_left_180_seed41327_object_identity_color_shift/loser_future.mp4,generated
v11_SYN_0097_02328_collision_orbit_right_64_seed41328_collision_response_failure_synthetic,02328_collision_orbit_right_64_seed41328,collision_response_failure_synthetic,0.45,local_assets/dpo_pair_factory_v11/synthetic_pairs/pairs/v11_SYN_0097_02328_collision_orbit_right_64_seed41328_collision_response_failure_synthetic/loser_future.mp4,generated
v11_SYN_0098_02328_collision_orbit_right_64_seed41328_object_deformation_visible,02328_collision_orbit_right_64_seed41328,object_deformation_visible,0.5,local_assets/dpo_pair_factory_v11/synthetic_pairs/pairs/v11_SYN_0098_02328_collision_orbit_right_64_seed41328_object_deformation_visible/loser_future.mp4,generated
v11_SYN_0099_02328_collision_orbit_right_64_seed41328_object_duplicate_or_fragment,02328_collision_orbit_right_64_seed41328,object_duplicate_or_fragment,0.55,local_assets/dpo_pair_factory_v11/synthetic_pairs/pairs/v11_SYN_0099_02328_collision_orbit_right_64_seed41328_object_duplicate_or_fragment/loser_future.mp4,generated
v11_SYN_0100_02328_collision_orbit_right_64_seed41328_local_scene_patch_drift,02328_collision_orbit_right_64_seed41328,local_scene_patch_drift,0.6,local_assets/dpo_pair_factory_v11/synthetic_pairs/pairs/v11_SYN_0100_02328_collision_orbit_right_64_seed41328_local_scene_patch_drift/loser_future.mp4,generated
v11_SYN_0101_02328_collision_orbit_right_64_seed41328_background_drift_visible,02328_collision_orbit_right_64_seed41328,background_drift_visible,0.65,local_assets/dpo_pair_factory_v11/synthetic_pairs/pairs/v11_SYN_0101_02328_collision_orbit_right_64_seed41328_background_drift_visible/loser_future.mp4,generated
v11_SYN_0102_02328_collision_orbit_right_64_seed41328_object_identity_color_shift,02328_collision_orbit_right_64_seed41328,object_identity_color_shift,0.35,local_assets/dpo_pair_factory_v11/synthetic_pairs/pairs/v11_SYN_0102_02328_collision_orbit_right_64_seed41328_object_identity_color_shift/loser_future.mp4,generated
v11_SYN_0103_02353_collision_strafe_left_180_seed41353_collision_response_failure_synthetic,02353_collision_strafe_left_180_seed41353,collision_response_failure_synthetic,0.5,local_assets/dpo_pair_factory_v11/synthetic_pairs/pairs/v11_SYN_0103_02353_collision_strafe_left_180_seed41353_collision_response_failure_synthetic/loser_future.mp4,generated
v11_SYN_0104_02353_collision_strafe_left_180_seed41353_object_deformation_visible,02353_collision_strafe_left_180_seed41353,object_deformation_visible,0.55,local_assets/dpo_pair_factory_v11/synthetic_pairs/pairs/v11_SYN_0104_02353_collision_strafe_left_180_seed41353_object_deformation_visible/loser_future.mp4,generated
v11_SYN_0105_02353_collision_strafe_left_180_seed41353_object_duplicate_or_fragment,02353_collision_strafe_left_180_seed41353,object_duplicate_or_fragment,0.6,local_assets/dpo_pair_factory_v11/synthetic_pairs/pairs/v11_SYN_0105_02353_collision_strafe_left_180_seed41353_object_duplicate_or_fragment/loser_future.mp4,generated
v11_SYN_0106_02353_collision_strafe_left_180_seed41353_local_scene_patch_drift,02353_collision_strafe_left_180_seed41353,local_scene_patch_drift,0.65,local_assets/dpo_pair_factory_v11/synthetic_pairs/pairs/v11_SYN_0106_02353_collision_strafe_left_180_seed41353_local_scene_patch_drift/loser_future.mp4,generated
v11_SYN_0107_02353_collision_strafe_left_180_seed41353_background_drift_visible,02353_collision_strafe_left_180_seed41353,background_drift_visible,0.35,local_assets/dpo_pair_factory_v11/synthetic_pairs/pairs/v11_SYN_0107_02353_collision_strafe_left_180_seed41353_background_drift_visible/loser_future.mp4,generated
v11_SYN_0108_02353_collision_strafe_left_180_seed41353_object_identity_color_shift,02353_collision_strafe_left_180_seed41353,object_identity_color_shift,0.4,local_assets/dpo_pair_factory_v11/synthetic_pairs/pairs/v11_SYN_0108_02353_collision_strafe_left_180_seed41353_object_identity_color_shift/loser_future.mp4,generated
v11_SYN_0109_02360_collision_orbit_right_64_seed41360_collision_response_failure_synthetic,02360_collision_orbit_right_64_seed41360,collision_response_failure_synthetic,0.55,local_assets/dpo_pair_factory_v11/synthetic_pairs/pairs/v11_SYN_0109_02360_collision_orbit_right_64_seed41360_collision_response_failure_synthetic/loser_future.mp4,generated
v11_SYN_0110_02360_collision_orbit_right_64_seed41360_object_deformation_visible,02360_collision_orbit_right_64_seed41360,object_deformation_visible,0.6,local_assets/dpo_pair_factory_v11/synthetic_pairs/pairs/v11_SYN_0110_02360_collision_orbit_right_64_seed41360_object_deformation_visible/loser_future.mp4,generated
v11_SYN_0111_02360_collision_orbit_right_64_seed41360_object_duplicate_or_fragment,02360_collision_orbit_right_64_seed41360,object_duplicate_or_fragment,0.65,local_assets/dpo_pair_factory_v11/synthetic_pairs/pairs/v11_SYN_0111_02360_collision_orbit_right_64_seed41360_object_duplicate_or_fragment/loser_future.mp4,generated
v11_SYN_0112_02360_collision_orbit_right_64_seed41360_local_scene_patch_drift,02360_collision_orbit_right_64_seed41360,local_scene_patch_drift,0.35,local_assets/dpo_pair_factory_v11/synthetic_pairs/pairs/v11_SYN_0112_02360_collision_orbit_right_64_seed41360_local_scene_patch_drift/loser_future.mp4,generated
v11_SYN_0113_02360_collision_orbit_right_64_seed41360_background_drift_visible,02360_collision_orbit_right_64_seed41360,background_drift_visible,0.4,local_assets/dpo_pair_factory_v11/synthetic_pairs/pairs/v11_SYN_0113_02360_collision_orbit_right_64_seed41360_background_drift_visible/loser_future.mp4,generated
v11_SYN_0114_02360_collision_orbit_right_64_seed41360_object_identity_color_shift,02360_collision_orbit_right_64_seed41360,object_identity_color_shift,0.45,local_assets/dpo_pair_factory_v11/synthetic_pairs/pairs/v11_SYN_0114_02360_collision_orbit_right_64_seed41360_object_identity_color_shift/loser_future.mp4,generated
v11_SYN_0115_02366_collision_orbit_right_64_seed41366_collision_response_failure_synthetic,02366_collision_orbit_right_64_seed41366,collision_response_failure_synthetic,0.6,local_assets/dpo_pair_factory_v11/synthetic_pairs/pairs/v11_SYN_0115_02366_collision_orbit_right_64_seed41366_collision_response_failure_synthetic/loser_future.mp4,generated
v11_SYN_0116_02366_collision_orbit_right_64_seed41366_object_deformation_visible,02366_collision_orbit_right_64_seed41366,object_deformation_visible,0.65,local_assets/dpo_pair_factory_v11/synthetic_pairs/pairs/v11_SYN_0116_02366_collision_orbit_right_64_seed41366_object_deformation_visible/loser_future.mp4,generated
v11_SYN_0117_02366_collision_orbit_right_64_seed41366_object_duplicate_or_fragment,02366_collision_orbit_right_64_seed41366,object_duplicate_or_fragment,0.35,local_assets/dpo_pair_factory_v11/synthetic_pairs/pairs/v11_SYN_0117_02366_collision_orbit_right_64_seed41366_object_duplicate_or_fragment/loser_future.mp4,generated
v11_SYN_0118_02366_collision_orbit_right_64_seed41366_local_scene_patch_drift,02366_collision_orbit_right_64_seed41366,local_scene_patch_drift,0.4,local_assets/dpo_pair_factory_v11/synthetic_pairs/pairs/v11_SYN_0118_02366_collision_orbit_right_64_seed41366_local_scene_patch_drift/loser_future.mp4,generated
v11_SYN_0119_02366_collision_orbit_right_64_seed41366_background_drift_visible,02366_collision_orbit_right_64_seed41366,background_drift_visible,0.45,local_assets/dpo_pair_factory_v11/synthetic_pairs/pairs/v11_SYN_0119_02366_collision_orbit_right_64_seed41366_background_drift_visible/loser_future.mp4,generated
v11_SYN_0120_02366_collision_orbit_right_64_seed41366_object_identity_color_shift,02366_collision_orbit_right_64_seed41366,object_identity_color_shift,0.5,local_assets/dpo_pair_factory_v11/synthetic_pairs/pairs/v11_SYN_0120_02366_collision_orbit_right_64_seed41366_object_identity_color_shift/loser_future.mp4,generated
v11_SYN_0121_02378_collision_orbit_right_64_seed41378_collision_response_failure_synthetic,02378_collision_orbit_right_64_seed41378,collision_response_failure_synthetic,0.65,local_assets/dpo_pair_factory_v11/synthetic_pairs/pairs/v11_SYN_0121_02378_collision_orbit_right_64_seed41378_collision_response_failure_synthetic/loser_future.mp4,generated
v11_SYN_0122_02378_collision_orbit_right_64_seed41378_object_deformation_visible,02378_collision_orbit_right_64_seed41378,object_deformation_visible,0.35,local_assets/dpo_pair_factory_v11/synthetic_pairs/pairs/v11_SYN_0122_02378_collision_orbit_right_64_seed41378_object_deformation_visible/loser_future.mp4,generated
v11_SYN_0123_02378_collision_orbit_right_64_seed41378_object_duplicate_or_fragment,02378_collision_orbit_right_64_seed41378,object_duplicate_or_fragment,0.4,local_assets/dpo_pair_factory_v11/synthetic_pairs/pairs/v11_SYN_0123_02378_collision_orbit_right_64_seed41378_object_duplicate_or_fragment/loser_future.mp4,generated
v11_SYN_0124_02378_collision_orbit_right_64_seed41378_local_scene_patch_drift,02378_collision_orbit_right_64_seed41378,local_scene_patch_drift,0.45,local_assets/dpo_pair_factory_v11/synthetic_pairs/pairs/v11_SYN_0124_02378_collision_orbit_right_64_seed41378_local_scene_patch_drift/loser_future.mp4,generated
v11_SYN_0125_02378_collision_orbit_right_64_seed41378_background_drift_visible,02378_collision_orbit_right_64_seed41378,background_drift_visible,0.5,local_assets/dpo_pair_factory_v11/synthetic_pairs/pairs/v11_SYN_0125_02378_collision_orbit_right_64_seed41378_background_drift_visible/loser_future.mp4,generated
v11_SYN_0126_02378_collision_orbit_right_64_seed41378_object_identity_color_shift,02378_collision_orbit_right_64_seed41378,object_identity_color_shift,0.55,local_assets/dpo_pair_factory_v11/synthetic_pairs/pairs/v11_SYN_0126_02378_collision_orbit_right_64_seed41378_object_identity_color_shift/loser_future.mp4,generated
v11_SYN_0127_02384_collision_orbit_right_64_seed41384_collision_response_failure_synthetic,02384_collision_orbit_right_64_seed41384,collision_response_failure_synthetic,0.35,local_assets/dpo_pair_factory_v11/synthetic_pairs/pairs/v11_SYN_0127_02384_collision_orbit_right_64_seed41384_collision_response_failure_synthetic/loser_future.mp4,generated
v11_SYN_0128_02384_collision_orbit_right_64_seed41384_object_deformation_visible,02384_collision_orbit_right_64_seed41384,object_deformation_visible,0.4,local_assets/dpo_pair_factory_v11/synthetic_pairs/pairs/v11_SYN_0128_02384_collision_orbit_right_64_seed41384_object_deformation_visible/loser_future.mp4,generated
v11_SYN_0129_02384_collision_orbit_right_64_seed41384_object_duplicate_or_fragment,02384_collision_orbit_right_64_seed41384,object_duplicate_or_fragment,0.45,local_assets/dpo_pair_factory_v11/synthetic_pairs/pairs/v11_SYN_0129_02384_collision_orbit_right_64_seed41384_object_duplicate_or_fragment/loser_future.mp4,generated
v11_SYN_0130_02384_collision_orbit_right_64_seed41384_local_scene_patch_drift,02384_collision_orbit_right_64_seed41384,local_scene_patch_drift,0.5,local_assets/dpo_pair_factory_v11/synthetic_pairs/pairs/v11_SYN_0130_02384_collision_orbit_right_64_seed41384_local_scene_patch_drift/loser_future.mp4,generated
v11_SYN_0131_02384_collision_orbit_right_64_seed41384_background_drift_visible,02384_collision_orbit_right_64_seed41384,background_drift_visible,0.55,local_assets/dpo_pair_factory_v11/synthetic_pairs/pairs/v11_SYN_0131_02384_collision_orbit_right_64_seed41384_background_drift_visible/loser_future.mp4,generated
v11_SYN_0132_02384_collision_orbit_right_64_seed41384_object_identity_color_shift,02384_collision_orbit_right_64_seed41384,object_identity_color_shift,0.6,local_assets/dpo_pair_factory_v11/synthetic_pairs/pairs/v11_SYN_0132_02384_collision_orbit_right_64_seed41384_object_identity_color_shift/loser_future.mp4,generated
v11_SYN_0133_prefix5_anchored_1128e39109fc83_object_deformation_collision_response_failure_synthetic,prefix5_anchored_1128e39109fc83_object_deformation,collision_response_failure_synthetic,0.4,local_assets/dpo_pair_factory_v11/synthetic_pairs/pairs/v11_SYN_0133_prefix5_anchored_1128e39109fc83_object_deformation_collision_response_failure_synthetic/loser_future.mp4,generated
v11_SYN_0134_prefix5_anchored_1128e39109fc83_object_deformation_object_deformation_visible,prefix5_anchored_1128e39109fc83_object_deformation,object_deformation_visible,0.45,local_assets/dpo_pair_factory_v11/synthetic_pairs/pairs/v11_SYN_0134_prefix5_anchored_1128e39109fc83_object_deformation_object_deformation_visible/loser_future.mp4,generated
v11_SYN_0135_prefix5_anchored_1128e39109fc83_object_deformation_object_duplicate_or_fragment,prefix5_anchored_1128e39109fc83_object_deformation,object_duplicate_or_fragment,0.5,local_assets/dpo_pair_factory_v11/synthetic_pairs/pairs/v11_SYN_0135_prefix5_anchored_1128e39109fc83_object_deformation_object_duplicate_or_fragment/loser_future.mp4,generated
v11_SYN_0136_prefix5_anchored_1128e39109fc83_object_deformation_local_scene_patch_drift,prefix5_anchored_1128e39109fc83_object_deformation,local_scene_patch_drift,0.55,local_assets/dpo_pair_factory_v11/synthetic_pairs/pairs/v11_SYN_0136_prefix5_anchored_1128e39109fc83_object_deformation_local_scene_patch_drift/loser_future.mp4,generated
v11_SYN_0137_prefix5_anchored_1128e39109fc83_object_deformation_background_drift_visible,prefix5_anchored_1128e39109fc83_object_deformation,background_drift_visible,0.6,local_assets/dpo_pair_factory_v11/synthetic_pairs/pairs/v11_SYN_0137_prefix5_anchored_1128e39109fc83_object_deformation_background_drift_visible/loser_future.mp4,generated
v11_SYN_0138_prefix5_anchored_1128e39109fc83_object_deformation_object_identity_color_shift,prefix5_anchored_1128e39109fc83_object_deformation,object_identity_color_shift,0.65,local_assets/dpo_pair_factory_v11/synthetic_pairs/pairs/v11_SYN_0138_prefix5_anchored_1128e39109fc83_object_deformation_object_identity_color_shift/loser_future.mp4,generated
v11_SYN_0139_prefix5_anchored_1ca3412d8f73c8_nonrigid_background_warp_collision_response_failure_synthetic,prefix5_anchored_1ca3412d8f73c8_nonrigid_background_warp,collision_response_failure_synthetic,0.45,local_assets/dpo_pair_factory_v11/synthetic_pairs/pairs/v11_SYN_0139_prefix5_anchored_1ca3412d8f73c8_nonrigid_background_warp_collision_response_failure_synthetic/loser_future.mp4,generated
v11_SYN_0140_prefix5_anchored_1ca3412d8f73c8_nonrigid_background_warp_object_deformation_visible,prefix5_anchored_1ca3412d8f73c8_nonrigid_background_warp,object_deformation_visible,0.5,local_assets/dpo_pair_factory_v11/synthetic_pairs/pairs/v11_SYN_0140_prefix5_anchored_1ca3412d8f73c8_nonrigid_background_warp_object_deformation_visible/loser_future.mp4,generated
v11_SYN_0141_prefix5_anchored_1ca3412d8f73c8_nonrigid_background_warp_object_duplicate_or_fragment,prefix5_anchored_1ca3412d8f73c8_nonrigid_background_warp,object_duplicate_or_fragment,0.55,local_assets/dpo_pair_factory_v11/synthetic_pairs/pairs/v11_SYN_0141_prefix5_anchored_1ca3412d8f73c8_nonrigid_background_warp_object_duplicate_or_fragment/loser_future.mp4,generated
v11_SYN_0142_prefix5_anchored_1ca3412d8f73c8_nonrigid_background_warp_local_scene_patch_drift,prefix5_anchored_1ca3412d8f73c8_nonrigid_background_warp,local_scene_patch_drift,0.6,local_assets/dpo_pair_factory_v11/synthetic_pairs/pairs/v11_SYN_0142_prefix5_anchored_1ca3412d8f73c8_nonrigid_background_warp_local_scene_patch_drift/loser_future.mp4,generated
v11_SYN_0143_prefix5_anchored_1ca3412d8f73c8_nonrigid_background_warp_background_drift_visible,prefix5_anchored_1ca3412d8f73c8_nonrigid_background_warp,background_drift_visible,0.65,local_assets/dpo_pair_factory_v11/synthetic_pairs/pairs/v11_SYN_0143_prefix5_anchored_1ca3412d8f73c8_nonrigid_background_warp_background_drift_visible/loser_future.mp4,generated
v11_SYN_0144_prefix5_anchored_1ca3412d8f73c8_nonrigid_background_warp_object_identity_color_shift,prefix5_anchored_1ca3412d8f73c8_nonrigid_background_warp,object_identity_color_shift,0.35,local_assets/dpo_pair_factory_v11/synthetic_pairs/pairs/v11_SYN_0144_prefix5_anchored_1ca3412d8f73c8_nonrigid_background_warp_object_identity_color_shift/loser_future.mp4,generated
v11_SYN_0145_prefix5_anchored_3e28b01a2ca2ef_reobserve_mismatch_collision_response_failure_synthetic,prefix5_anchored_3e28b01a2ca2ef_reobserve_mismatch,collision_response_failure_synthetic,0.5,local_assets/dpo_pair_factory_v11/synthetic_pairs/pairs/v11_SYN_0145_prefix5_anchored_3e28b01a2ca2ef_reobserve_mismatch_collision_response_failure_synthetic/loser_future.mp4,generated
v11_SYN_0146_prefix5_anchored_3e28b01a2ca2ef_reobserve_mismatch_object_deformation_visible,prefix5_anchored_3e28b01a2ca2ef_reobserve_mismatch,object_deformation_visible,0.55,local_assets/dpo_pair_factory_v11/synthetic_pairs/pairs/v11_SYN_0146_prefix5_anchored_3e28b01a2ca2ef_reobserve_mismatch_object_deformation_visible/loser_future.mp4,generated
v11_SYN_0147_prefix5_anchored_3e28b01a2ca2ef_reobserve_mismatch_object_duplicate_or_fragment,prefix5_anchored_3e28b01a2ca2ef_reobserve_mismatch,object_duplicate_or_fragment,0.6,local_assets/dpo_pair_factory_v11/synthetic_pairs/pairs/v11_SYN_0147_prefix5_anchored_3e28b01a2ca2ef_reobserve_mismatch_object_duplicate_or_fragment/loser_future.mp4,generated
v11_SYN_0148_prefix5_anchored_3e28b01a2ca2ef_reobserve_mismatch_local_scene_patch_drift,prefix5_anchored_3e28b01a2ca2ef_reobserve_mismatch,local_scene_patch_drift,0.65,local_assets/dpo_pair_factory_v11/synthetic_pairs/pairs/v11_SYN_0148_prefix5_anchored_3e28b01a2ca2ef_reobserve_mismatch_local_scene_patch_drift/loser_future.mp4,generated
v11_SYN_0149_prefix5_anchored_3e28b01a2ca2ef_reobserve_mismatch_background_drift_visible,prefix5_anchored_3e28b01a2ca2ef_reobserve_mismatch,background_drift_visible,0.35,local_assets/dpo_pair_factory_v11/synthetic_pairs/pairs/v11_SYN_0149_prefix5_anchored_3e28b01a2ca2ef_reobserve_mismatch_background_drift_visible/loser_future.mp4,generated
v11_SYN_0150_prefix5_anchored_3e28b01a2ca2ef_reobserve_mismatch_object_identity_color_shift,prefix5_anchored_3e28b01a2ca2ef_reobserve_mismatch,object_identity_color_shift,0.4,local_assets/dpo_pair_factory_v11/synthetic_pairs/pairs/v11_SYN_0150_prefix5_anchored_3e28b01a2ca2ef_reobserve_mismatch_object_identity_color_shift/loser_future.mp4,generated
v11_SYN_0151_prefix5_anchored_525c18bc4422f0_background_drift_collision_response_failure_synthetic,prefix5_anchored_525c18bc4422f0_background_drift,collision_response_failure_synthetic,0.55,local_assets/dpo_pair_factory_v11/synthetic_pairs/pairs/v11_SYN_0151_prefix5_anchored_525c18bc4422f0_background_drift_collision_response_failure_synthetic/loser_future.mp4,generated
v11_SYN_0152_prefix5_anchored_525c18bc4422f0_background_drift_object_deformation_visible,prefix5_anchored_525c18bc4422f0_background_drift,object_deformation_visible,0.6,local_assets/dpo_pair_factory_v11/synthetic_pairs/pairs/v11_SYN_0152_prefix5_anchored_525c18bc4422f0_background_drift_object_deformation_visible/loser_future.mp4,generated
v11_SYN_0153_prefix5_anchored_525c18bc4422f0_background_drift_object_duplicate_or_fragment,prefix5_anchored_525c18bc4422f0_background_drift,object_duplicate_or_fragment,0.65,local_assets/dpo_pair_factory_v11/synthetic_pairs/pairs/v11_SYN_0153_prefix5_anchored_525c18bc4422f0_background_drift_object_duplicate_or_fragment/loser_future.mp4,generated
v11_SYN_0154_prefix5_anchored_525c18bc4422f0_background_drift_local_scene_patch_drift,prefix5_anchored_525c18bc4422f0_background_drift,local_scene_patch_drift,0.35,local_assets/dpo_pair_factory_v11/synthetic_pairs/pairs/v11_SYN_0154_prefix5_anchored_525c18bc4422f0_background_drift_local_scene_patch_drift/loser_future.mp4,generated
v11_SYN_0155_prefix5_anchored_525c18bc4422f0_background_drift_background_drift_visible,prefix5_anchored_525c18bc4422f0_background_drift,background_drift_visible,0.4,local_assets/dpo_pair_factory_v11/synthetic_pairs/pairs/v11_SYN_0155_prefix5_anchored_525c18bc4422f0_background_drift_background_drift_visible/loser_future.mp4,generated
v11_SYN_0156_prefix5_anchored_525c18bc4422f0_background_drift_object_identity_color_shift,prefix5_anchored_525c18bc4422f0_background_drift,object_identity_color_shift,0.45,local_assets/dpo_pair_factory_v11/synthetic_pairs/pairs/v11_SYN_0156_prefix5_anchored_525c18bc4422f0_background_drift_object_identity_color_shift/loser_future.mp4,generated
v11_SYN_0157_prefix5_anchored_7f708dfe212ad6_freeze_foreground_collision_response_failure_synthetic,prefix5_anchored_7f708dfe212ad6_freeze_foreground,collision_response_failure_synthetic,0.6,local_assets/dpo_pair_factory_v11/synthetic_pairs/pairs/v11_SYN_0157_prefix5_anchored_7f708dfe212ad6_freeze_foreground_collision_response_failure_synthetic/loser_future.mp4,generated
v11_SYN_0158_prefix5_anchored_7f708dfe212ad6_freeze_foreground_object_deformation_visible,prefix5_anchored_7f708dfe212ad6_freeze_foreground,object_deformation_visible,0.65,local_assets/dpo_pair_factory_v11/synthetic_pairs/pairs/v11_SYN_0158_prefix5_anchored_7f708dfe212ad6_freeze_foreground_object_deformation_visible/loser_future.mp4,generated
v11_SYN_0159_prefix5_anchored_7f708dfe212ad6_freeze_foreground_object_duplicate_or_fragment,prefix5_anchored_7f708dfe212ad6_freeze_foreground,object_duplicate_or_fragment,0.35,local_assets/dpo_pair_factory_v11/synthetic_pairs/pairs/v11_SYN_0159_prefix5_anchored_7f708dfe212ad6_freeze_foreground_object_duplicate_or_fragment/loser_future.mp4,generated
v11_SYN_0160_prefix5_anchored_7f708dfe212ad6_freeze_foreground_local_scene_patch_drift,prefix5_anchored_7f708dfe212ad6_freeze_foreground,local_scene_patch_drift,0.4,local_assets/dpo_pair_factory_v11/synthetic_pairs/pairs/v11_SYN_0160_prefix5_anchored_7f708dfe212ad6_freeze_foreground_local_scene_patch_drift/loser_future.mp4,generated
v11_SYN_0161_prefix5_anchored_7f708dfe212ad6_freeze_foreground_background_drift_visible,prefix5_anchored_7f708dfe212ad6_freeze_foreground,background_drift_visible,0.45,local_assets/dpo_pair_factory_v11/synthetic_pairs/pairs/v11_SYN_0161_prefix5_anchored_7f708dfe212ad6_freeze_foreground_background_drift_visible/loser_future.mp4,generated
v11_SYN_0162_prefix5_anchored_7f708dfe212ad6_freeze_foreground_object_identity_color_shift,prefix5_anchored_7f708dfe212ad6_freeze_foreground,object_identity_color_shift,0.5,local_assets/dpo_pair_factory_v11/synthetic_pairs/pairs/v11_SYN_0162_prefix5_anchored_7f708dfe212ad6_freeze_foreground_object_identity_color_shift/loser_future.mp4,generated
v11_SYN_0163_prefix5_anchored_b53591379e11c1_object_deformation_collision_response_failure_synthetic,prefix5_anchored_b53591379e11c1_object_deformation,collision_response_failure_synthetic,0.65,local_assets/dpo_pair_factory_v11/synthetic_pairs/pairs/v11_SYN_0163_prefix5_anchored_b53591379e11c1_object_deformation_collision_response_failure_synthetic/loser_future.mp4,generated
v11_SYN_0164_prefix5_anchored_b53591379e11c1_object_deformation_object_deformation_visible,prefix5_anchored_b53591379e11c1_object_deformation,object_deformation_visible,0.35,local_assets/dpo_pair_factory_v11/synthetic_pairs/pairs/v11_SYN_0164_prefix5_anchored_b53591379e11c1_object_deformation_object_deformation_visible/loser_future.mp4,generated
v11_SYN_0165_prefix5_anchored_b53591379e11c1_object_deformation_object_duplicate_or_fragment,prefix5_anchored_b53591379e11c1_object_deformation,object_duplicate_or_fragment,0.4,local_assets/dpo_pair_factory_v11/synthetic_pairs/pairs/v11_SYN_0165_prefix5_anchored_b53591379e11c1_object_deformation_object_duplicate_or_fragment/loser_future.mp4,generated
v11_SYN_0166_prefix5_anchored_b53591379e11c1_object_deformation_local_scene_patch_drift,prefix5_anchored_b53591379e11c1_object_deformation,local_scene_patch_drift,0.45,local_assets/dpo_pair_factory_v11/synthetic_pairs/pairs/v11_SYN_0166_prefix5_anchored_b53591379e11c1_object_deformation_local_scene_patch_drift/loser_future.mp4,generated
v11_SYN_0167_prefix5_anchored_b53591379e11c1_object_deformation_background_drift_visible,prefix5_anchored_b53591379e11c1_object_deformation,background_drift_visible,0.5,local_assets/dpo_pair_factory_v11/synthetic_pairs/pairs/v11_SYN_0167_prefix5_anchored_b53591379e11c1_object_deformation_background_drift_visible/loser_future.mp4,generated
v11_SYN_0168_prefix5_anchored_b53591379e11c1_object_deformation_object_identity_color_shift,prefix5_anchored_b53591379e11c1_object_deformation,object_identity_color_shift,0.55,local_assets/dpo_pair_factory_v11/synthetic_pairs/pairs/v11_SYN_0168_prefix5_anchored_b53591379e11c1_object_deformation_object_identity_color_shift/loser_future.mp4,generated
v11_SYN_0169_prefix5_anchored_e78653865b3413_wrong_camera_motion_collision_response_failure_synthetic,prefix5_anchored_e78653865b3413_wrong_camera_motion,collision_response_failure_synthetic,0.35,local_assets/dpo_pair_factory_v11/synthetic_pairs/pairs/v11_SYN_0169_prefix5_anchored_e78653865b3413_wrong_camera_motion_collision_response_failure_synthetic/loser_future.mp4,generated
v11_SYN_0170_prefix5_anchored_e78653865b3413_wrong_camera_motion_object_deformation_visible,prefix5_anchored_e78653865b3413_wrong_camera_motion,object_deformation_visible,0.4,local_assets/dpo_pair_factory_v11/synthetic_pairs/pairs/v11_SYN_0170_prefix5_anchored_e78653865b3413_wrong_camera_motion_object_deformation_visible/loser_future.mp4,generated
v11_SYN_0171_prefix5_anchored_e78653865b3413_wrong_camera_motion_object_duplicate_or_fragment,prefix5_anchored_e78653865b3413_wrong_camera_motion,object_duplicate_or_fragment,0.45,local_assets/dpo_pair_factory_v11/synthetic_pairs/pairs/v11_SYN_0171_prefix5_anchored_e78653865b3413_wrong_camera_motion_object_duplicate_or_fragment/loser_future.mp4,generated
v11_SYN_0172_prefix5_anchored_e78653865b3413_wrong_camera_motion_local_scene_patch_drift,prefix5_anchored_e78653865b3413_wrong_camera_motion,local_scene_patch_drift,0.5,local_assets/dpo_pair_factory_v11/synthetic_pairs/pairs/v11_SYN_0172_prefix5_anchored_e78653865b3413_wrong_camera_motion_local_scene_patch_drift/loser_future.mp4,generated
v11_SYN_0173_prefix5_anchored_e78653865b3413_wrong_camera_motion_background_drift_visible,prefix5_anchored_e78653865b3413_wrong_camera_motion,background_drift_visible,0.55,local_assets/dpo_pair_factory_v11/synthetic_pairs/pairs/v11_SYN_0173_prefix5_anchored_e78653865b3413_wrong_camera_motion_background_drift_visible/loser_future.mp4,generated
v11_SYN_0174_prefix5_anchored_e78653865b3413_wrong_camera_motion_object_identity_color_shift,prefix5_anchored_e78653865b3413_wrong_camera_motion,object_identity_color_shift,0.6,local_assets/dpo_pair_factory_v11/synthetic_pairs/pairs/v11_SYN_0174_prefix5_anchored_e78653865b3413_wrong_camera_motion_object_identity_color_shift/loser_future.mp4,generated
v11_SYN_0175_prefix5_anchored_ebade3740fe2f4_object_identity_change_collision_response_failure_synthetic,prefix5_anchored_ebade3740fe2f4_object_identity_change,collision_response_failure_synthetic,0.4,local_assets/dpo_pair_factory_v11/synthetic_pairs/pairs/v11_SYN_0175_prefix5_anchored_ebade3740fe2f4_object_identity_change_collision_response_failure_synthetic/loser_future.mp4,generated
v11_SYN_0176_prefix5_anchored_ebade3740fe2f4_object_identity_change_object_deformation_visible,prefix5_anchored_ebade3740fe2f4_object_identity_change,object_deformation_visible,0.45,local_assets/dpo_pair_factory_v11/synthetic_pairs/pairs/v11_SYN_0176_prefix5_anchored_ebade3740fe2f4_object_identity_change_object_deformation_visible/loser_future.mp4,generated
v11_SYN_0177_prefix5_anchored_ebade3740fe2f4_object_identity_change_object_duplicate_or_fragment,prefix5_anchored_ebade3740fe2f4_object_identity_change,object_duplicate_or_fragment,0.5,local_assets/dpo_pair_factory_v11/synthetic_pairs/pairs/v11_SYN_0177_prefix5_anchored_ebade3740fe2f4_object_identity_change_object_duplicate_or_fragment/loser_future.mp4,generated
v11_SYN_0178_prefix5_anchored_ebade3740fe2f4_object_identity_change_local_scene_patch_drift,prefix5_anchored_ebade3740fe2f4_object_identity_change,local_scene_patch_drift,0.55,local_assets/dpo_pair_factory_v11/synthetic_pairs/pairs/v11_SYN_0178_prefix5_anchored_ebade3740fe2f4_object_identity_change_local_scene_patch_drift/loser_future.mp4,generated
v11_SYN_0179_prefix5_anchored_ebade3740fe2f4_object_identity_change_background_drift_visible,prefix5_anchored_ebade3740fe2f4_object_identity_change,background_drift_visible,0.6,local_assets/dpo_pair_factory_v11/synthetic_pairs/pairs/v11_SYN_0179_prefix5_anchored_ebade3740fe2f4_object_identity_change_background_drift_visible/loser_future.mp4,generated
v11_SYN_0180_prefix5_anchored_ebade3740fe2f4_object_identity_change_object_identity_color_shift,prefix5_anchored_ebade3740fe2f4_object_identity_change,object_identity_color_shift,0.65,local_assets/dpo_pair_factory_v11/synthetic_pairs/pairs/v11_SYN_0180_prefix5_anchored_ebade3740fe2f4_object_identity_change_object_identity_color_shift/loser_future.mp4,generated
v11_SYN_0181_prefix5_anchored_ede413792fce8b_nonrigid_background_warp_collision_response_failure_synthetic,prefix5_anchored_ede413792fce8b_nonrigid_background_warp,collision_response_failure_synthetic,0.45,local_assets/dpo_pair_factory_v11/synthetic_pairs/pairs/v11_SYN_0181_prefix5_anchored_ede413792fce8b_nonrigid_background_warp_collision_response_failure_synthetic/loser_future.mp4,generated
v11_SYN_0182_prefix5_anchored_ede413792fce8b_nonrigid_background_warp_object_deformation_visible,prefix5_anchored_ede413792fce8b_nonrigid_background_warp,object_deformation_visible,0.5,local_assets/dpo_pair_factory_v11/synthetic_pairs/pairs/v11_SYN_0182_prefix5_anchored_ede413792fce8b_nonrigid_background_warp_object_deformation_visible/loser_future.mp4,generated
v11_SYN_0183_prefix5_anchored_ede413792fce8b_nonrigid_background_warp_object_duplicate_or_fragment,prefix5_anchored_ede413792fce8b_nonrigid_background_warp,object_duplicate_or_fragment,0.55,local_assets/dpo_pair_factory_v11/synthetic_pairs/pairs/v11_SYN_0183_prefix5_anchored_ede413792fce8b_nonrigid_background_warp_object_duplicate_or_fragment/loser_future.mp4,generated
v11_SYN_0184_prefix5_anchored_ede413792fce8b_nonrigid_background_warp_local_scene_patch_drift,prefix5_anchored_ede413792fce8b_nonrigid_background_warp,local_scene_patch_drift,0.6,local_assets/dpo_pair_factory_v11/synthetic_pairs/pairs/v11_SYN_0184_prefix5_anchored_ede413792fce8b_nonrigid_background_warp_local_scene_patch_drift/loser_future.mp4,generated
v11_SYN_0185_prefix5_anchored_ede413792fce8b_nonrigid_background_warp_background_drift_visible,prefix5_anchored_ede413792fce8b_nonrigid_background_warp,background_drift_visible,0.65,local_assets/dpo_pair_factory_v11/synthetic_pairs/pairs/v11_SYN_0185_prefix5_anchored_ede413792fce8b_nonrigid_background_warp_background_drift_visible/loser_future.mp4,generated
v11_SYN_0186_prefix5_anchored_ede413792fce8b_nonrigid_background_warp_object_identity_color_shift,prefix5_anchored_ede413792fce8b_nonrigid_background_warp,object_identity_color_shift,0.35,local_assets/dpo_pair_factory_v11/synthetic_pairs/pairs/v11_SYN_0186_prefix5_anchored_ede413792fce8b_nonrigid_background_warp_object_identity_color_shift/loser_future.mp4,generated
v11_SYN_0187_prefix5_anchored_ff65f1ae3e7ca8_background_drift_collision_response_failure_synthetic,prefix5_anchored_ff65f1ae3e7ca8_background_drift,collision_response_failure_synthetic,0.5,local_assets/dpo_pair_factory_v11/synthetic_pairs/pairs/v11_SYN_0187_prefix5_anchored_ff65f1ae3e7ca8_background_drift_collision_response_failure_synthetic/loser_future.mp4,generated
v11_SYN_0188_prefix5_anchored_ff65f1ae3e7ca8_background_drift_object_deformation_visible,prefix5_anchored_ff65f1ae3e7ca8_background_drift,object_deformation_visible,0.55,local_assets/dpo_pair_factory_v11/synthetic_pairs/pairs/v11_SYN_0188_prefix5_anchored_ff65f1ae3e7ca8_background_drift_object_deformation_visible/loser_future.mp4,generated
v11_SYN_0189_prefix5_anchored_ff65f1ae3e7ca8_background_drift_object_duplicate_or_fragment,prefix5_anchored_ff65f1ae3e7ca8_background_drift,object_duplicate_or_fragment,0.6,local_assets/dpo_pair_factory_v11/synthetic_pairs/pairs/v11_SYN_0189_prefix5_anchored_ff65f1ae3e7ca8_background_drift_object_duplicate_or_fragment/loser_future.mp4,generated
v11_SYN_0190_prefix5_anchored_ff65f1ae3e7ca8_background_drift_local_scene_patch_drift,prefix5_anchored_ff65f1ae3e7ca8_background_drift,local_scene_patch_drift,0.65,local_assets/dpo_pair_factory_v11/synthetic_pairs/pairs/v11_SYN_0190_prefix5_anchored_ff65f1ae3e7ca8_background_drift_local_scene_patch_drift/loser_future.mp4,generated
v11_SYN_0191_prefix5_anchored_ff65f1ae3e7ca8_background_drift_background_drift_visible,prefix5_anchored_ff65f1ae3e7ca8_background_drift,background_drift_visible,0.35,local_assets/dpo_pair_factory_v11/synthetic_pairs/pairs/v11_SYN_0191_prefix5_anchored_ff65f1ae3e7ca8_background_drift_background_drift_visible/loser_future.mp4,generated
v11_SYN_0192_prefix5_anchored_ff65f1ae3e7ca8_background_drift_object_identity_color_shift,prefix5_anchored_ff65f1ae3e7ca8_background_drift,object_identity_color_shift,0.4,local_assets/dpo_pair_factory_v11/synthetic_pairs/pairs/v11_SYN_0192_prefix5_anchored_ff65f1ae3e7ca8_background_drift_object_identity_color_shift/loser_future.mp4,generated
v11_SYN_0193_v6_02200_collision_orbit_right_64_seed41200_collision_response_failure_synthetic,v6_02200_collision_orbit_right_64_seed41200,collision_response_failure_synthetic,0.55,local_assets/dpo_pair_factory_v11/synthetic_pairs/pairs/v11_SYN_0193_v6_02200_collision_orbit_right_64_seed41200_collision_response_failure_synthetic/loser_future.mp4,generated
v11_SYN_0194_v6_02200_collision_orbit_right_64_seed41200_object_deformation_visible,v6_02200_collision_orbit_right_64_seed41200,object_deformation_visible,0.6,local_assets/dpo_pair_factory_v11/synthetic_pairs/pairs/v11_SYN_0194_v6_02200_collision_orbit_right_64_seed41200_object_deformation_visible/loser_future.mp4,generated
v11_SYN_0195_v6_02200_collision_orbit_right_64_seed41200_object_duplicate_or_fragment,v6_02200_collision_orbit_right_64_seed41200,object_duplicate_or_fragment,0.65,local_assets/dpo_pair_factory_v11/synthetic_pairs/pairs/v11_SYN_0195_v6_02200_collision_orbit_right_64_seed41200_object_duplicate_or_fragment/loser_future.mp4,generated
v11_SYN_0196_v6_02200_collision_orbit_right_64_seed41200_local_scene_patch_drift,v6_02200_collision_orbit_right_64_seed41200,local_scene_patch_drift,0.35,local_assets/dpo_pair_factory_v11/synthetic_pairs/pairs/v11_SYN_0196_v6_02200_collision_orbit_right_64_seed41200_local_scene_patch_drift/loser_future.mp4,generated
v11_SYN_0197_v6_02200_collision_orbit_right_64_seed41200_background_drift_visible,v6_02200_collision_orbit_right_64_seed41200,background_drift_visible,0.4,local_assets/dpo_pair_factory_v11/synthetic_pairs/pairs/v11_SYN_0197_v6_02200_collision_orbit_right_64_seed41200_background_drift_visible/loser_future.mp4,generated
v11_SYN_0198_v6_02200_collision_orbit_right_64_seed41200_object_identity_color_shift,v6_02200_collision_orbit_right_64_seed41200,object_identity_color_shift,0.45,local_assets/dpo_pair_factory_v11/synthetic_pairs/pairs/v11_SYN_0198_v6_02200_collision_orbit_right_64_seed41200_object_identity_color_shift/loser_future.mp4,generated
v11_SYN_0199_v6_02202_collision_orbit_right_64_seed41202_collision_response_failure_synthetic,v6_02202_collision_orbit_right_64_seed41202,collision_response_failure_synthetic,0.6,local_assets/dpo_pair_factory_v11/synthetic_pairs/pairs/v11_SYN_0199_v6_02202_collision_orbit_right_64_seed41202_collision_response_failure_synthetic/loser_future.mp4,generated
v11_SYN_0200_v6_02202_collision_orbit_right_64_seed41202_object_deformation_visible,v6_02202_collision_orbit_right_64_seed41202,object_deformation_visible,0.65,local_assets/dpo_pair_factory_v11/synthetic_pairs/pairs/v11_SYN_0200_v6_02202_collision_orbit_right_64_seed41202_object_deformation_visible/loser_future.mp4,generated
v11_SYN_0201_v6_02202_collision_orbit_right_64_seed41202_object_duplicate_or_fragment,v6_02202_collision_orbit_right_64_seed41202,object_duplicate_or_fragment,0.35,local_assets/dpo_pair_factory_v11/synthetic_pairs/pairs/v11_SYN_0201_v6_02202_collision_orbit_right_64_seed41202_object_duplicate_or_fragment/loser_future.mp4,generated
v11_SYN_0202_v6_02202_collision_orbit_right_64_seed41202_local_scene_patch_drift,v6_02202_collision_orbit_right_64_seed41202,local_scene_patch_drift,0.4,local_assets/dpo_pair_factory_v11/synthetic_pairs/pairs/v11_SYN_0202_v6_02202_collision_orbit_right_64_seed41202_local_scene_patch_drift/loser_future.mp4,generated
v11_SYN_0203_v6_02202_collision_orbit_right_64_seed41202_background_drift_visible,v6_02202_collision_orbit_right_64_seed41202,background_drift_visible,0.45,local_assets/dpo_pair_factory_v11/synthetic_pairs/pairs/v11_SYN_0203_v6_02202_collision_orbit_right_64_seed41202_background_drift_visible/loser_future.mp4,generated
v11_SYN_0204_v6_02202_collision_orbit_right_64_seed41202_object_identity_color_shift,v6_02202_collision_orbit_right_64_seed41202,object_identity_color_shift,0.5,local_assets/dpo_pair_factory_v11/synthetic_pairs/pairs/v11_SYN_0204_v6_02202_collision_orbit_right_64_seed41202_object_identity_color_shift/loser_future.mp4,generated
v11_SYN_0205_v6_02222_collision_orbit_right_64_seed41222_collision_response_failure_synthetic,v6_02222_collision_orbit_right_64_seed41222,collision_response_failure_synthetic,0.65,local_assets/dpo_pair_factory_v11/synthetic_pairs/pairs/v11_SYN_0205_v6_02222_collision_orbit_right_64_seed41222_collision_response_failure_synthetic/loser_future.mp4,generated
v11_SYN_0206_v6_02222_collision_orbit_right_64_seed41222_object_deformation_visible,v6_02222_collision_orbit_right_64_seed41222,object_deformation_visible,0.35,local_assets/dpo_pair_factory_v11/synthetic_pairs/pairs/v11_SYN_0206_v6_02222_collision_orbit_right_64_seed41222_object_deformation_visible/loser_future.mp4,generated
v11_SYN_0207_v6_02222_collision_orbit_right_64_seed41222_object_duplicate_or_fragment,v6_02222_collision_orbit_right_64_seed41222,object_duplicate_or_fragment,0.4,local_assets/dpo_pair_factory_v11/synthetic_pairs/pairs/v11_SYN_0207_v6_02222_collision_orbit_right_64_seed41222_object_duplicate_or_fragment/loser_future.mp4,generated
v11_SYN_0208_v6_02222_collision_orbit_right_64_seed41222_local_scene_patch_drift,v6_02222_collision_orbit_right_64_seed41222,local_scene_patch_drift,0.45,local_assets/dpo_pair_factory_v11/synthetic_pairs/pairs/v11_SYN_0208_v6_02222_collision_orbit_right_64_seed41222_local_scene_patch_drift/loser_future.mp4,generated
v11_SYN_0209_v6_02222_collision_orbit_right_64_seed41222_background_drift_visible,v6_02222_collision_orbit_right_64_seed41222,background_drift_visible,0.5,local_assets/dpo_pair_factory_v11/synthetic_pairs/pairs/v11_SYN_0209_v6_02222_collision_orbit_right_64_seed41222_background_drift_visible/loser_future.mp4,generated
v11_SYN_0210_v6_02222_collision_orbit_right_64_seed41222_object_identity_color_shift,v6_02222_collision_orbit_right_64_seed41222,object_identity_color_shift,0.55,local_assets/dpo_pair_factory_v11/synthetic_pairs/pairs/v11_SYN_0210_v6_02222_collision_orbit_right_64_seed41222_object_identity_color_shift/loser_future.mp4,generated
v11_SYN_0211_v6_02226_collision_orbit_right_64_seed41226_collision_response_failure_synthetic,v6_02226_collision_orbit_right_64_seed41226,collision_response_failure_synthetic,0.35,local_assets/dpo_pair_factory_v11/synthetic_pairs/pairs/v11_SYN_0211_v6_02226_collision_orbit_right_64_seed41226_collision_response_failure_synthetic/loser_future.mp4,generated
v11_SYN_0212_v6_02226_collision_orbit_right_64_seed41226_object_deformation_visible,v6_02226_collision_orbit_right_64_seed41226,object_deformation_visible,0.4,local_assets/dpo_pair_factory_v11/synthetic_pairs/pairs/v11_SYN_0212_v6_02226_collision_orbit_right_64_seed41226_object_deformation_visible/loser_future.mp4,generated
v11_SYN_0213_v6_02226_collision_orbit_right_64_seed41226_object_duplicate_or_fragment,v6_02226_collision_orbit_right_64_seed41226,object_duplicate_or_fragment,0.45,local_assets/dpo_pair_factory_v11/synthetic_pairs/pairs/v11_SYN_0213_v6_02226_collision_orbit_right_64_seed41226_object_duplicate_or_fragment/loser_future.mp4,generated
v11_SYN_0214_v6_02226_collision_orbit_right_64_seed41226_local_scene_patch_drift,v6_02226_collision_orbit_right_64_seed41226,local_scene_patch_drift,0.5,local_assets/dpo_pair_factory_v11/synthetic_pairs/pairs/v11_SYN_0214_v6_02226_collision_orbit_right_64_seed41226_local_scene_patch_drift/loser_future.mp4,generated
v11_SYN_0215_v6_02226_collision_orbit_right_64_seed41226_background_drift_visible,v6_02226_collision_orbit_right_64_seed41226,background_drift_visible,0.55,local_assets/dpo_pair_factory_v11/synthetic_pairs/pairs/v11_SYN_0215_v6_02226_collision_orbit_right_64_seed41226_background_drift_visible/loser_future.mp4,generated
v11_SYN_0216_v6_02226_collision_orbit_right_64_seed41226_object_identity_color_shift,v6_02226_collision_orbit_right_64_seed41226,object_identity_color_shift,0.6,local_assets/dpo_pair_factory_v11/synthetic_pairs/pairs/v11_SYN_0216_v6_02226_collision_orbit_right_64_seed41226_object_identity_color_shift/loser_future.mp4,generated
v11_SYN_0217_04204_containment_orbit_left_44_seed43204_containment_failure_synthetic,ab5d782f6fc318e29962e4f6f95583a23252babeab7469234f998be5fb6915ac,containment_failure_synthetic,0.4,local_assets/dpo_pair_factory_v11/synthetic_pairs/pairs/v11_SYN_0217_04204_containment_orbit_left_44_seed43204_containment_failure_synthetic/loser_future.mp4,generated
v11_SYN_0218_04204_containment_orbit_left_44_seed43204_reobserve_mismatch_visible,ab5d782f6fc318e29962e4f6f95583a23252babeab7469234f998be5fb6915ac,reobserve_mismatch_visible,0.45,local_assets/dpo_pair_factory_v11/synthetic_pairs/pairs/v11_SYN_0218_04204_containment_orbit_left_44_seed43204_reobserve_mismatch_visible/loser_future.mp4,generated
v11_SYN_0219_04204_containment_orbit_left_44_seed43204_object_duplicate_or_fragment,ab5d782f6fc318e29962e4f6f95583a23252babeab7469234f998be5fb6915ac,object_duplicate_or_fragment,0.5,local_assets/dpo_pair_factory_v11/synthetic_pairs/pairs/v11_SYN_0219_04204_containment_orbit_left_44_seed43204_object_duplicate_or_fragment/loser_future.mp4,generated
v11_SYN_0220_04204_containment_orbit_left_44_seed43204_local_scene_patch_drift,ab5d782f6fc318e29962e4f6f95583a23252babeab7469234f998be5fb6915ac,local_scene_patch_drift,0.55,local_assets/dpo_pair_factory_v11/synthetic_pairs/pairs/v11_SYN_0220_04204_containment_orbit_left_44_seed43204_local_scene_patch_drift/loser_future.mp4,generated
v11_SYN_0221_04204_containment_orbit_left_44_seed43204_partial_freeze_foreground,ab5d782f6fc318e29962e4f6f95583a23252babeab7469234f998be5fb6915ac,partial_freeze_foreground,0.6,local_assets/dpo_pair_factory_v11/synthetic_pairs/pairs/v11_SYN_0221_04204_containment_orbit_left_44_seed43204_partial_freeze_foreground/loser_future.mp4,generated
v11_SYN_0222_04204_containment_orbit_left_44_seed43204_object_identity_color_shift,ab5d782f6fc318e29962e4f6f95583a23252babeab7469234f998be5fb6915ac,object_identity_color_shift,0.65,local_assets/dpo_pair_factory_v11/synthetic_pairs/pairs/v11_SYN_0222_04204_containment_orbit_left_44_seed43204_object_identity_color_shift/loser_future.mp4,generated
v11_SYN_0223_04209_containment_orbit_left_44_seed43209_containment_failure_synthetic,04209_containment_orbit_left_44_seed43209,containment_failure_synthetic,0.45,local_assets/dpo_pair_factory_v11/synthetic_pairs/pairs/v11_SYN_0223_04209_containment_orbit_left_44_seed43209_containment_failure_synthetic/loser_future.mp4,generated
v11_SYN_0224_04209_containment_orbit_left_44_seed43209_reobserve_mismatch_visible,04209_containment_orbit_left_44_seed43209,reobserve_mismatch_visible,0.5,local_assets/dpo_pair_factory_v11/synthetic_pairs/pairs/v11_SYN_0224_04209_containment_orbit_left_44_seed43209_reobserve_mismatch_visible/loser_future.mp4,generated
v11_SYN_0225_04209_containment_orbit_left_44_seed43209_object_duplicate_or_fragment,04209_containment_orbit_left_44_seed43209,object_duplicate_or_fragment,0.55,local_assets/dpo_pair_factory_v11/synthetic_pairs/pairs/v11_SYN_0225_04209_containment_orbit_left_44_seed43209_object_duplicate_or_fragment/loser_future.mp4,generated
v11_SYN_0226_04209_containment_orbit_left_44_seed43209_local_scene_patch_drift,04209_containment_orbit_left_44_seed43209,local_scene_patch_drift,0.6,local_assets/dpo_pair_factory_v11/synthetic_pairs/pairs/v11_SYN_0226_04209_containment_orbit_left_44_seed43209_local_scene_patch_drift/loser_future.mp4,generated
v11_SYN_0227_04209_containment_orbit_left_44_seed43209_partial_freeze_foreground,04209_containment_orbit_left_44_seed43209,partial_freeze_foreground,0.65,local_assets/dpo_pair_factory_v11/synthetic_pairs/pairs/v11_SYN_0227_04209_containment_orbit_left_44_seed43209_partial_freeze_foreground/loser_future.mp4,generated
v11_SYN_0228_04209_containment_orbit_left_44_seed43209_object_identity_color_shift,04209_containment_orbit_left_44_seed43209,object_identity_color_shift,0.35,local_assets/dpo_pair_factory_v11/synthetic_pairs/pairs/v11_SYN_0228_04209_containment_orbit_left_44_seed43209_object_identity_color_shift/loser_future.mp4,generated
v11_SYN_0229_04214_containment_orbit_left_44_seed43214_containment_failure_synthetic,04214_containment_orbit_left_44_seed43214,containment_failure_synthetic,0.5,local_assets/dpo_pair_factory_v11/synthetic_pairs/pairs/v11_SYN_0229_04214_containment_orbit_left_44_seed43214_containment_failure_synthetic/loser_future.mp4,generated
v11_SYN_0230_04214_containment_orbit_left_44_seed43214_reobserve_mismatch_visible,04214_containment_orbit_left_44_seed43214,reobserve_mismatch_visible,0.55,local_assets/dpo_pair_factory_v11/synthetic_pairs/pairs/v11_SYN_0230_04214_containment_orbit_left_44_seed43214_reobserve_mismatch_visible/loser_future.mp4,generated
v11_SYN_0231_04214_containment_orbit_left_44_seed43214_object_duplicate_or_fragment,04214_containment_orbit_left_44_seed43214,object_duplicate_or_fragment,0.6,local_assets/dpo_pair_factory_v11/synthetic_pairs/pairs/v11_SYN_0231_04214_containment_orbit_left_44_seed43214_object_duplicate_or_fragment/loser_future.mp4,generated
v11_SYN_0232_04214_containment_orbit_left_44_seed43214_local_scene_patch_drift,04214_containment_orbit_left_44_seed43214,local_scene_patch_drift,0.65,local_assets/dpo_pair_factory_v11/synthetic_pairs/pairs/v11_SYN_0232_04214_containment_orbit_left_44_seed43214_local_scene_patch_drift/loser_future.mp4,generated
v11_SYN_0233_04214_containment_orbit_left_44_seed43214_partial_freeze_foreground,04214_containment_orbit_left_44_seed43214,partial_freeze_foreground,0.35,local_assets/dpo_pair_factory_v11/synthetic_pairs/pairs/v11_SYN_0233_04214_containment_orbit_left_44_seed43214_partial_freeze_foreground/loser_future.mp4,generated
v11_SYN_0234_04214_containment_orbit_left_44_seed43214_object_identity_color_shift,04214_containment_orbit_left_44_seed43214,object_identity_color_shift,0.4,local_assets/dpo_pair_factory_v11/synthetic_pairs/pairs/v11_SYN_0234_04214_containment_orbit_left_44_seed43214_object_identity_color_shift/loser_future.mp4,generated
v11_SYN_0235_04228_containment_orbit_left_44_seed43228_containment_failure_synthetic,04228_containment_orbit_left_44_seed43228,containment_failure_synthetic,0.55,local_assets/dpo_pair_factory_v11/synthetic_pairs/pairs/v11_SYN_0235_04228_containment_orbit_left_44_seed43228_containment_failure_synthetic/loser_future.mp4,generated
v11_SYN_0236_04228_containment_orbit_left_44_seed43228_reobserve_mismatch_visible,04228_containment_orbit_left_44_seed43228,reobserve_mismatch_visible,0.6,local_assets/dpo_pair_factory_v11/synthetic_pairs/pairs/v11_SYN_0236_04228_containment_orbit_left_44_seed43228_reobserve_mismatch_visible/loser_future.mp4,generated
v11_SYN_0237_04228_containment_orbit_left_44_seed43228_object_duplicate_or_fragment,04228_containment_orbit_left_44_seed43228,object_duplicate_or_fragment,0.65,local_assets/dpo_pair_factory_v11/synthetic_pairs/pairs/v11_SYN_0237_04228_containment_orbit_left_44_seed43228_object_duplicate_or_fragment/loser_future.mp4,generated
v11_SYN_0238_04228_containment_orbit_left_44_seed43228_local_scene_patch_drift,04228_containment_orbit_left_44_seed43228,local_scene_patch_drift,0.35,local_assets/dpo_pair_factory_v11/synthetic_pairs/pairs/v11_SYN_0238_04228_containment_orbit_left_44_seed43228_local_scene_patch_drift/loser_future.mp4,generated
v11_SYN_0239_04228_containment_orbit_left_44_seed43228_partial_freeze_foreground,04228_containment_orbit_left_44_seed43228,partial_freeze_foreground,0.4,local_assets/dpo_pair_factory_v11/synthetic_pairs/pairs/v11_SYN_0239_04228_containment_orbit_left_44_seed43228_partial_freeze_foreground/loser_future.mp4,generated
v11_SYN_0240_04228_containment_orbit_left_44_seed43228_object_identity_color_shift,04228_containment_orbit_left_44_seed43228,object_identity_color_shift,0.45,local_assets/dpo_pair_factory_v11/synthetic_pairs/pairs/v11_SYN_0240_04228_containment_orbit_left_44_seed43228_object_identity_color_shift/loser_future.mp4,generated
v11_SYN_0241_04236_containment_orbit_left_44_seed43236_containment_failure_synthetic,04236_containment_orbit_left_44_seed43236,containment_failure_synthetic,0.6,local_assets/dpo_pair_factory_v11/synthetic_pairs/pairs/v11_SYN_0241_04236_containment_orbit_left_44_seed43236_containment_failure_synthetic/loser_future.mp4,generated
v11_SYN_0242_04236_containment_orbit_left_44_seed43236_reobserve_mismatch_visible,04236_containment_orbit_left_44_seed43236,reobserve_mismatch_visible,0.65,local_assets/dpo_pair_factory_v11/synthetic_pairs/pairs/v11_SYN_0242_04236_containment_orbit_left_44_seed43236_reobserve_mismatch_visible/loser_future.mp4,generated
v11_SYN_0243_04236_containment_orbit_left_44_seed43236_object_duplicate_or_fragment,04236_containment_orbit_left_44_seed43236,object_duplicate_or_fragment,0.35,local_assets/dpo_pair_factory_v11/synthetic_pairs/pairs/v11_SYN_0243_04236_containment_orbit_left_44_seed43236_object_duplicate_or_fragment/loser_future.mp4,generated
v11_SYN_0244_04236_containment_orbit_left_44_seed43236_local_scene_patch_drift,04236_containment_orbit_left_44_seed43236,local_scene_patch_drift,0.4,local_assets/dpo_pair_factory_v11/synthetic_pairs/pairs/v11_SYN_0244_04236_containment_orbit_left_44_seed43236_local_scene_patch_drift/loser_future.mp4,generated
v11_SYN_0245_04236_containment_orbit_left_44_seed43236_partial_freeze_foreground,04236_containment_orbit_left_44_seed43236,partial_freeze_foreground,0.45,local_assets/dpo_pair_factory_v11/synthetic_pairs/pairs/v11_SYN_0245_04236_containment_orbit_left_44_seed43236_partial_freeze_foreground/loser_future.mp4,generated
v11_SYN_0246_04236_containment_orbit_left_44_seed43236_object_identity_color_shift,04236_containment_orbit_left_44_seed43236,object_identity_color_shift,0.5,local_assets/dpo_pair_factory_v11/synthetic_pairs/pairs/v11_SYN_0246_04236_containment_orbit_left_44_seed43236_object_identity_color_shift/loser_future.mp4,generated
v11_SYN_0247_04248_containment_orbit_left_44_seed43248_containment_failure_synthetic,04248_containment_orbit_left_44_seed43248,containment_failure_synthetic,0.65,local_assets/dpo_pair_factory_v11/synthetic_pairs/pairs/v11_SYN_0247_04248_containment_orbit_left_44_seed43248_containment_failure_synthetic/loser_future.mp4,generated
v11_SYN_0248_04248_containment_orbit_left_44_seed43248_reobserve_mismatch_visible,04248_containment_orbit_left_44_seed43248,reobserve_mismatch_visible,0.35,local_assets/dpo_pair_factory_v11/synthetic_pairs/pairs/v11_SYN_0248_04248_containment_orbit_left_44_seed43248_reobserve_mismatch_visible/loser_future.mp4,generated
v11_SYN_0249_04248_containment_orbit_left_44_seed43248_object_duplicate_or_fragment,04248_containment_orbit_left_44_seed43248,object_duplicate_or_fragment,0.4,local_assets/dpo_pair_factory_v11/synthetic_pairs/pairs/v11_SYN_0249_04248_containment_orbit_left_44_seed43248_object_duplicate_or_fragment/loser_future.mp4,generated
v11_SYN_0250_04248_containment_orbit_left_44_seed43248_local_scene_patch_drift,04248_containment_orbit_left_44_seed43248,local_scene_patch_drift,0.45,local_assets/dpo_pair_factory_v11/synthetic_pairs/pairs/v11_SYN_0250_04248_containment_orbit_left_44_seed43248_local_scene_patch_drift/loser_future.mp4,generated
v11_SYN_0251_04248_containment_orbit_left_44_seed43248_partial_freeze_foreground,04248_containment_orbit_left_44_seed43248,partial_freeze_foreground,0.5,local_assets/dpo_pair_factory_v11/synthetic_pairs/pairs/v11_SYN_0251_04248_containment_orbit_left_44_seed43248_partial_freeze_foreground/loser_future.mp4,generated
v11_SYN_0252_04248_containment_orbit_left_44_seed43248_object_identity_color_shift,04248_containment_orbit_left_44_seed43248,object_identity_color_shift,0.55,local_assets/dpo_pair_factory_v11/synthetic_pairs/pairs/v11_SYN_0252_04248_containment_orbit_left_44_seed43248_object_identity_color_shift/loser_future.mp4,generated
v11_SYN_0253_04249_containment_orbit_left_44_seed43249_containment_failure_synthetic,04249_containment_orbit_left_44_seed43249,containment_failure_synthetic,0.35,local_assets/dpo_pair_factory_v11/synthetic_pairs/pairs/v11_SYN_0253_04249_containment_orbit_left_44_seed43249_containment_failure_synthetic/loser_future.mp4,generated
v11_SYN_0254_04249_containment_orbit_left_44_seed43249_reobserve_mismatch_visible,04249_containment_orbit_left_44_seed43249,reobserve_mismatch_visible,0.4,local_assets/dpo_pair_factory_v11/synthetic_pairs/pairs/v11_SYN_0254_04249_containment_orbit_left_44_seed43249_reobserve_mismatch_visible/loser_future.mp4,generated
v11_SYN_0255_04249_containment_orbit_left_44_seed43249_object_duplicate_or_fragment,04249_containment_orbit_left_44_seed43249,object_duplicate_or_fragment,0.45,local_assets/dpo_pair_factory_v11/synthetic_pairs/pairs/v11_SYN_0255_04249_containment_orbit_left_44_seed43249_object_duplicate_or_fragment/loser_future.mp4,generated
v11_SYN_0256_04249_containment_orbit_left_44_seed43249_local_scene_patch_drift,04249_containment_orbit_left_44_seed43249,local_scene_patch_drift,0.5,local_assets/dpo_pair_factory_v11/synthetic_pairs/pairs/v11_SYN_0256_04249_containment_orbit_left_44_seed43249_local_scene_patch_drift/loser_future.mp4,generated
v11_SYN_0257_04249_containment_orbit_left_44_seed43249_partial_freeze_foreground,04249_containment_orbit_left_44_seed43249,partial_freeze_foreground,0.55,local_assets/dpo_pair_factory_v11/synthetic_pairs/pairs/v11_SYN_0257_04249_containment_orbit_left_44_seed43249_partial_freeze_foreground/loser_future.mp4,generated
v11_SYN_0258_04249_containment_orbit_left_44_seed43249_object_identity_color_shift,04249_containment_orbit_left_44_seed43249,object_identity_color_shift,0.6,local_assets/dpo_pair_factory_v11/synthetic_pairs/pairs/v11_SYN_0258_04249_containment_orbit_left_44_seed43249_object_identity_color_shift/loser_future.mp4,generated
v11_SYN_0259_04252_containment_orbit_left_44_seed43252_containment_failure_synthetic,04252_containment_orbit_left_44_seed43252,containment_failure_synthetic,0.4,local_assets/dpo_pair_factory_v11/synthetic_pairs/pairs/v11_SYN_0259_04252_containment_orbit_left_44_seed43252_containment_failure_synthetic/loser_future.mp4,generated
v11_SYN_0260_04252_containment_orbit_left_44_seed43252_reobserve_mismatch_visible,04252_containment_orbit_left_44_seed43252,reobserve_mismatch_visible,0.45,local_assets/dpo_pair_factory_v11/synthetic_pairs/pairs/v11_SYN_0260_04252_containment_orbit_left_44_seed43252_reobserve_mismatch_visible/loser_future.mp4,generated
v11_SYN_0261_04252_containment_orbit_left_44_seed43252_object_duplicate_or_fragment,04252_containment_orbit_left_44_seed43252,object_duplicate_or_fragment,0.5,local_assets/dpo_pair_factory_v11/synthetic_pairs/pairs/v11_SYN_0261_04252_containment_orbit_left_44_seed43252_object_duplicate_or_fragment/loser_future.mp4,generated
v11_SYN_0262_04252_containment_orbit_left_44_seed43252_local_scene_patch_drift,04252_containment_orbit_left_44_seed43252,local_scene_patch_drift,0.55,local_assets/dpo_pair_factory_v11/synthetic_pairs/pairs/v11_SYN_0262_04252_containment_orbit_left_44_seed43252_local_scene_patch_drift/loser_future.mp4,generated
v11_SYN_0263_04252_containment_orbit_left_44_seed43252_partial_freeze_foreground,04252_containment_orbit_left_44_seed43252,partial_freeze_foreground,0.6,local_assets/dpo_pair_factory_v11/synthetic_pairs/pairs/v11_SYN_0263_04252_containment_orbit_left_44_seed43252_partial_freeze_foreground/loser_future.mp4,generated
v11_SYN_0264_04252_containment_orbit_left_44_seed43252_object_identity_color_shift,04252_containment_orbit_left_44_seed43252,object_identity_color_shift,0.65,local_assets/dpo_pair_factory_v11/synthetic_pairs/pairs/v11_SYN_0264_04252_containment_orbit_left_44_seed43252_object_identity_color_shift/loser_future.mp4,generated
v11_SYN_0265_04260_containment_orbit_left_44_seed43260_containment_failure_synthetic,04260_containment_orbit_left_44_seed43260,containment_failure_synthetic,0.45,local_assets/dpo_pair_factory_v11/synthetic_pairs/pairs/v11_SYN_0265_04260_containment_orbit_left_44_seed43260_containment_failure_synthetic/loser_future.mp4,generated
v11_SYN_0266_04260_containment_orbit_left_44_seed43260_reobserve_mismatch_visible,04260_containment_orbit_left_44_seed43260,reobserve_mismatch_visible,0.5,local_assets/dpo_pair_factory_v11/synthetic_pairs/pairs/v11_SYN_0266_04260_containment_orbit_left_44_seed43260_reobserve_mismatch_visible/loser_future.mp4,generated
v11_SYN_0267_04260_containment_orbit_left_44_seed43260_object_duplicate_or_fragment,04260_containment_orbit_left_44_seed43260,object_duplicate_or_fragment,0.55,local_assets/dpo_pair_factory_v11/synthetic_pairs/pairs/v11_SYN_0267_04260_containment_orbit_left_44_seed43260_object_duplicate_or_fragment/loser_future.mp4,generated
v11_SYN_0268_04260_containment_orbit_left_44_seed43260_local_scene_patch_drift,04260_containment_orbit_left_44_seed43260,local_scene_patch_drift,0.6,local_assets/dpo_pair_factory_v11/synthetic_pairs/pairs/v11_SYN_0268_04260_containment_orbit_left_44_seed43260_local_scene_patch_drift/loser_future.mp4,generated
v11_SYN_0269_04260_containment_orbit_left_44_seed43260_partial_freeze_foreground,04260_containment_orbit_left_44_seed43260,partial_freeze_foreground,0.65,local_assets/dpo_pair_factory_v11/synthetic_pairs/pairs/v11_SYN_0269_04260_containment_orbit_left_44_seed43260_partial_freeze_foreground/loser_future.mp4,generated
v11_SYN_0270_04260_containment_orbit_left_44_seed43260_object_identity_color_shift,04260_containment_orbit_left_44_seed43260,object_identity_color_shift,0.35,local_assets/dpo_pair_factory_v11/synthetic_pairs/pairs/v11_SYN_0270_04260_containment_orbit_left_44_seed43260_object_identity_color_shift/loser_future.mp4,generated
v11_SYN_0271_04267_containment_orbit_left_44_seed43267_containment_failure_synthetic,04267_containment_orbit_left_44_seed43267,containment_failure_synthetic,0.5,local_assets/dpo_pair_factory_v11/synthetic_pairs/pairs/v11_SYN_0271_04267_containment_orbit_left_44_seed43267_containment_failure_synthetic/loser_future.mp4,generated
v11_SYN_0272_04267_containment_orbit_left_44_seed43267_reobserve_mismatch_visible,04267_containment_orbit_left_44_seed43267,reobserve_mismatch_visible,0.55,local_assets/dpo_pair_factory_v11/synthetic_pairs/pairs/v11_SYN_0272_04267_containment_orbit_left_44_seed43267_reobserve_mismatch_visible/loser_future.mp4,generated
v11_SYN_0273_04267_containment_orbit_left_44_seed43267_object_duplicate_or_fragment,04267_containment_orbit_left_44_seed43267,object_duplicate_or_fragment,0.6,local_assets/dpo_pair_factory_v11/synthetic_pairs/pairs/v11_SYN_0273_04267_containment_orbit_left_44_seed43267_object_duplicate_or_fragment/loser_future.mp4,generated
v11_SYN_0274_04267_containment_orbit_left_44_seed43267_local_scene_patch_drift,04267_containment_orbit_left_44_seed43267,local_scene_patch_drift,0.65,local_assets/dpo_pair_factory_v11/synthetic_pairs/pairs/v11_SYN_0274_04267_containment_orbit_left_44_seed43267_local_scene_patch_drift/loser_future.mp4,generated
v11_SYN_0275_04267_containment_orbit_left_44_seed43267_partial_freeze_foreground,04267_containment_orbit_left_44_seed43267,partial_freeze_foreground,0.35,local_assets/dpo_pair_factory_v11/synthetic_pairs/pairs/v11_SYN_0275_04267_containment_orbit_left_44_seed43267_partial_freeze_foreground/loser_future.mp4,generated
v11_SYN_0276_04267_containment_orbit_left_44_seed43267_object_identity_color_shift,04267_containment_orbit_left_44_seed43267,object_identity_color_shift,0.4,local_assets/dpo_pair_factory_v11/synthetic_pairs/pairs/v11_SYN_0276_04267_containment_orbit_left_44_seed43267_object_identity_color_shift/loser_future.mp4,generated
v11_SYN_0277_04279_containment_orbit_left_44_seed43279_containment_failure_synthetic,04279_containment_orbit_left_44_seed43279,containment_failure_synthetic,0.55,local_assets/dpo_pair_factory_v11/synthetic_pairs/pairs/v11_SYN_0277_04279_containment_orbit_left_44_seed43279_containment_failure_synthetic/loser_future.mp4,generated
v11_SYN_0278_04279_containment_orbit_left_44_seed43279_reobserve_mismatch_visible,04279_containment_orbit_left_44_seed43279,reobserve_mismatch_visible,0.6,local_assets/dpo_pair_factory_v11/synthetic_pairs/pairs/v11_SYN_0278_04279_containment_orbit_left_44_seed43279_reobserve_mismatch_visible/loser_future.mp4,generated
v11_SYN_0279_04279_containment_orbit_left_44_seed43279_object_duplicate_or_fragment,04279_containment_orbit_left_44_seed43279,object_duplicate_or_fragment,0.65,local_assets/dpo_pair_factory_v11/synthetic_pairs/pairs/v11_SYN_0279_04279_containment_orbit_left_44_seed43279_object_duplicate_or_fragment/loser_future.mp4,generated
v11_SYN_0280_04279_containment_orbit_left_44_seed43279_local_scene_patch_drift,04279_containment_orbit_left_44_seed43279,local_scene_patch_drift,0.35,local_assets/dpo_pair_factory_v11/synthetic_pairs/pairs/v11_SYN_0280_04279_containment_orbit_left_44_seed43279_local_scene_patch_drift/loser_future.mp4,generated
v11_SYN_0281_04279_containment_orbit_left_44_seed43279_partial_freeze_foreground,04279_containment_orbit_left_44_seed43279,partial_freeze_foreground,0.4,local_assets/dpo_pair_factory_v11/synthetic_pairs/pairs/v11_SYN_0281_04279_containment_orbit_left_44_seed43279_partial_freeze_foreground/loser_future.mp4,generated
v11_SYN_0282_04279_containment_orbit_left_44_seed43279_object_identity_color_shift,04279_containment_orbit_left_44_seed43279,object_identity_color_shift,0.45,local_assets/dpo_pair_factory_v11/synthetic_pairs/pairs/v11_SYN_0282_04279_containment_orbit_left_44_seed43279_object_identity_color_shift/loser_future.mp4,generated
v11_SYN_0283_04280_containment_orbit_left_44_seed43280_containment_failure_synthetic,04280_containment_orbit_left_44_seed43280,containment_failure_synthetic,0.6,local_assets/dpo_pair_factory_v11/synthetic_pairs/pairs/v11_SYN_0283_04280_containment_orbit_left_44_seed43280_containment_failure_synthetic/loser_future.mp4,generated
v11_SYN_0284_04280_containment_orbit_left_44_seed43280_reobserve_mismatch_visible,04280_containment_orbit_left_44_seed43280,reobserve_mismatch_visible,0.65,local_assets/dpo_pair_factory_v11/synthetic_pairs/pairs/v11_SYN_0284_04280_containment_orbit_left_44_seed43280_reobserve_mismatch_visible/loser_future.mp4,generated
v11_SYN_0285_04280_containment_orbit_left_44_seed43280_object_duplicate_or_fragment,04280_containment_orbit_left_44_seed43280,object_duplicate_or_fragment,0.35,local_assets/dpo_pair_factory_v11/synthetic_pairs/pairs/v11_SYN_0285_04280_containment_orbit_left_44_seed43280_object_duplicate_or_fragment/loser_future.mp4,generated
v11_SYN_0286_04280_containment_orbit_left_44_seed43280_local_scene_patch_drift,04280_containment_orbit_left_44_seed43280,local_scene_patch_drift,0.4,local_assets/dpo_pair_factory_v11/synthetic_pairs/pairs/v11_SYN_0286_04280_containment_orbit_left_44_seed43280_local_scene_patch_drift/loser_future.mp4,generated
v11_SYN_0287_04280_containment_orbit_left_44_seed43280_partial_freeze_foreground,04280_containment_orbit_left_44_seed43280,partial_freeze_foreground,0.45,local_assets/dpo_pair_factory_v11/synthetic_pairs/pairs/v11_SYN_0287_04280_containment_orbit_left_44_seed43280_partial_freeze_foreground/loser_future.mp4,generated
v11_SYN_0288_04280_containment_orbit_left_44_seed43280_object_identity_color_shift,04280_containment_orbit_left_44_seed43280,object_identity_color_shift,0.5,local_assets/dpo_pair_factory_v11/synthetic_pairs/pairs/v11_SYN_0288_04280_containment_orbit_left_44_seed43280_object_identity_color_shift/loser_future.mp4,generated
v11_SYN_0289_04302_containment_orbit_left_44_seed43302_containment_failure_synthetic,04302_containment_orbit_left_44_seed43302,containment_failure_synthetic,0.65,local_assets/dpo_pair_factory_v11/synthetic_pairs/pairs/v11_SYN_0289_04302_containment_orbit_left_44_seed43302_containment_failure_synthetic/loser_future.mp4,generated
v11_SYN_0290_04302_containment_orbit_left_44_seed43302_reobserve_mismatch_visible,04302_containment_orbit_left_44_seed43302,reobserve_mismatch_visible,0.35,local_assets/dpo_pair_factory_v11/synthetic_pairs/pairs/v11_SYN_0290_04302_containment_orbit_left_44_seed43302_reobserve_mismatch_visible/loser_future.mp4,generated
v11_SYN_0291_04302_containment_orbit_left_44_seed43302_object_duplicate_or_fragment,04302_containment_orbit_left_44_seed43302,object_duplicate_or_fragment,0.4,local_assets/dpo_pair_factory_v11/synthetic_pairs/pairs/v11_SYN_0291_04302_containment_orbit_left_44_seed43302_object_duplicate_or_fragment/loser_future.mp4,generated
v11_SYN_0292_04302_containment_orbit_left_44_seed43302_local_scene_patch_drift,04302_containment_orbit_left_44_seed43302,local_scene_patch_drift,0.45,local_assets/dpo_pair_factory_v11/synthetic_pairs/pairs/v11_SYN_0292_04302_containment_orbit_left_44_seed43302_local_scene_patch_drift/loser_future.mp4,generated
v11_SYN_0293_04302_containment_orbit_left_44_seed43302_partial_freeze_foreground,04302_containment_orbit_left_44_seed43302,partial_freeze_foreground,0.5,local_assets/dpo_pair_factory_v11/synthetic_pairs/pairs/v11_SYN_0293_04302_containment_orbit_left_44_seed43302_partial_freeze_foreground/loser_future.mp4,generated
v11_SYN_0294_04302_containment_orbit_left_44_seed43302_object_identity_color_shift,04302_containment_orbit_left_44_seed43302,object_identity_color_shift,0.55,local_assets/dpo_pair_factory_v11/synthetic_pairs/pairs/v11_SYN_0294_04302_containment_orbit_left_44_seed43302_object_identity_color_shift/loser_future.mp4,generated
v11_SYN_0295_04339_containment_orbit_left_44_seed43339_containment_failure_synthetic,04339_containment_orbit_left_44_seed43339,containment_failure_synthetic,0.35,local_assets/dpo_pair_factory_v11/synthetic_pairs/pairs/v11_SYN_0295_04339_containment_orbit_left_44_seed43339_containment_failure_synthetic/loser_future.mp4,generated
v11_SYN_0296_04339_containment_orbit_left_44_seed43339_reobserve_mismatch_visible,04339_containment_orbit_left_44_seed43339,reobserve_mismatch_visible,0.4,local_assets/dpo_pair_factory_v11/synthetic_pairs/pairs/v11_SYN_0296_04339_containment_orbit_left_44_seed43339_reobserve_mismatch_visible/loser_future.mp4,generated
v11_SYN_0297_04339_containment_orbit_left_44_seed43339_object_duplicate_or_fragment,04339_containment_orbit_left_44_seed43339,object_duplicate_or_fragment,0.45,local_assets/dpo_pair_factory_v11/synthetic_pairs/pairs/v11_SYN_0297_04339_containment_orbit_left_44_seed43339_object_duplicate_or_fragment/loser_future.mp4,generated
v11_SYN_0298_04339_containment_orbit_left_44_seed43339_local_scene_patch_drift,04339_containment_orbit_left_44_seed43339,local_scene_patch_drift,0.5,local_assets/dpo_pair_factory_v11/synthetic_pairs/pairs/v11_SYN_0298_04339_containment_orbit_left_44_seed43339_local_scene_patch_drift/loser_future.mp4,generated
v11_SYN_0299_04339_containment_orbit_left_44_seed43339_partial_freeze_foreground,04339_containment_orbit_left_44_seed43339,partial_freeze_foreground,0.55,local_assets/dpo_pair_factory_v11/synthetic_pairs/pairs/v11_SYN_0299_04339_containment_orbit_left_44_seed43339_partial_freeze_foreground/loser_future.mp4,generated
v11_SYN_0300_04339_containment_orbit_left_44_seed43339_object_identity_color_shift,04339_containment_orbit_left_44_seed43339,object_identity_color_shift,0.6,local_assets/dpo_pair_factory_v11/synthetic_pairs/pairs/v11_SYN_0300_04339_containment_orbit_left_44_seed43339_object_identity_color_shift/loser_future.mp4,generated
v11_SYN_0301_04342_containment_orbit_left_44_seed43342_containment_failure_synthetic,04342_containment_orbit_left_44_seed43342,containment_failure_synthetic,0.4,local_assets/dpo_pair_factory_v11/synthetic_pairs/pairs/v11_SYN_0301_04342_containment_orbit_left_44_seed43342_containment_failure_synthetic/loser_future.mp4,generated
v11_SYN_0302_04342_containment_orbit_left_44_seed43342_reobserve_mismatch_visible,04342_containment_orbit_left_44_seed43342,reobserve_mismatch_visible,0.45,local_assets/dpo_pair_factory_v11/synthetic_pairs/pairs/v11_SYN_0302_04342_containment_orbit_left_44_seed43342_reobserve_mismatch_visible/loser_future.mp4,generated
v11_SYN_0303_04342_containment_orbit_left_44_seed43342_object_duplicate_or_fragment,04342_containment_orbit_left_44_seed43342,object_duplicate_or_fragment,0.5,local_assets/dpo_pair_factory_v11/synthetic_pairs/pairs/v11_SYN_0303_04342_containment_orbit_left_44_seed43342_object_duplicate_or_fragment/loser_future.mp4,generated
v11_SYN_0304_04342_containment_orbit_left_44_seed43342_local_scene_patch_drift,04342_containment_orbit_left_44_seed43342,local_scene_patch_drift,0.55,local_assets/dpo_pair_factory_v11/synthetic_pairs/pairs/v11_SYN_0304_04342_containment_orbit_left_44_seed43342_local_scene_patch_drift/loser_future.mp4,generated
v11_SYN_0305_04342_containment_orbit_left_44_seed43342_partial_freeze_foreground,04342_containment_orbit_left_44_seed43342,partial_freeze_foreground,0.6,local_assets/dpo_pair_factory_v11/synthetic_pairs/pairs/v11_SYN_0305_04342_containment_orbit_left_44_seed43342_partial_freeze_foreground/loser_future.mp4,generated
v11_SYN_0306_04342_containment_orbit_left_44_seed43342_object_identity_color_shift,04342_containment_orbit_left_44_seed43342,object_identity_color_shift,0.65,local_assets/dpo_pair_factory_v11/synthetic_pairs/pairs/v11_SYN_0306_04342_containment_orbit_left_44_seed43342_object_identity_color_shift/loser_future.mp4,generated
v11_SYN_0307_04346_containment_orbit_left_44_seed43346_containment_failure_synthetic,04346_containment_orbit_left_44_seed43346,containment_failure_synthetic,0.45,local_assets/dpo_pair_factory_v11/synthetic_pairs/pairs/v11_SYN_0307_04346_containment_orbit_left_44_seed43346_containment_failure_synthetic/loser_future.mp4,generated
v11_SYN_0308_04346_containment_orbit_left_44_seed43346_reobserve_mismatch_visible,04346_containment_orbit_left_44_seed43346,reobserve_mismatch_visible,0.5,local_assets/dpo_pair_factory_v11/synthetic_pairs/pairs/v11_SYN_0308_04346_containment_orbit_left_44_seed43346_reobserve_mismatch_visible/loser_future.mp4,generated
v11_SYN_0309_04346_containment_orbit_left_44_seed43346_object_duplicate_or_fragment,04346_containment_orbit_left_44_seed43346,object_duplicate_or_fragment,0.55,local_assets/dpo_pair_factory_v11/synthetic_pairs/pairs/v11_SYN_0309_04346_containment_orbit_left_44_seed43346_object_duplicate_or_fragment/loser_future.mp4,generated
v11_SYN_0310_04346_containment_orbit_left_44_seed43346_local_scene_patch_drift,04346_containment_orbit_left_44_seed43346,local_scene_patch_drift,0.6,local_assets/dpo_pair_factory_v11/synthetic_pairs/pairs/v11_SYN_0310_04346_containment_orbit_left_44_seed43346_local_scene_patch_drift/loser_future.mp4,generated
v11_SYN_0311_04346_containment_orbit_left_44_seed43346_partial_freeze_foreground,04346_containment_orbit_left_44_seed43346,partial_freeze_foreground,0.65,local_assets/dpo_pair_factory_v11/synthetic_pairs/pairs/v11_SYN_0311_04346_containment_orbit_left_44_seed43346_partial_freeze_foreground/loser_future.mp4,generated
v11_SYN_0312_04346_containment_orbit_left_44_seed43346_object_identity_color_shift,04346_containment_orbit_left_44_seed43346,object_identity_color_shift,0.35,local_assets/dpo_pair_factory_v11/synthetic_pairs/pairs/v11_SYN_0312_04346_containment_orbit_left_44_seed43346_object_identity_color_shift/loser_future.mp4,generated
v11_SYN_0313_04351_containment_orbit_left_44_seed43351_containment_failure_synthetic,04351_containment_orbit_left_44_seed43351,containment_failure_synthetic,0.5,local_assets/dpo_pair_factory_v11/synthetic_pairs/pairs/v11_SYN_0313_04351_containment_orbit_left_44_seed43351_containment_failure_synthetic/loser_future.mp4,generated
v11_SYN_0314_04351_containment_orbit_left_44_seed43351_reobserve_mismatch_visible,04351_containment_orbit_left_44_seed43351,reobserve_mismatch_visible,0.55,local_assets/dpo_pair_factory_v11/synthetic_pairs/pairs/v11_SYN_0314_04351_containment_orbit_left_44_seed43351_reobserve_mismatch_visible/loser_future.mp4,generated
v11_SYN_0315_04351_containment_orbit_left_44_seed43351_object_duplicate_or_fragment,04351_containment_orbit_left_44_seed43351,object_duplicate_or_fragment,0.6,local_assets/dpo_pair_factory_v11/synthetic_pairs/pairs/v11_SYN_0315_04351_containment_orbit_left_44_seed43351_object_duplicate_or_fragment/loser_future.mp4,generated
v11_SYN_0316_04351_containment_orbit_left_44_seed43351_local_scene_patch_drift,04351_containment_orbit_left_44_seed43351,local_scene_patch_drift,0.65,local_assets/dpo_pair_factory_v11/synthetic_pairs/pairs/v11_SYN_0316_04351_containment_orbit_left_44_seed43351_local_scene_patch_drift/loser_future.mp4,generated
v11_SYN_0317_04351_containment_orbit_left_44_seed43351_partial_freeze_foreground,04351_containment_orbit_left_44_seed43351,partial_freeze_foreground,0.35,local_assets/dpo_pair_factory_v11/synthetic_pairs/pairs/v11_SYN_0317_04351_containment_orbit_left_44_seed43351_partial_freeze_foreground/loser_future.mp4,generated
v11_SYN_0318_04351_containment_orbit_left_44_seed43351_object_identity_color_shift,04351_containment_orbit_left_44_seed43351,object_identity_color_shift,0.4,local_assets/dpo_pair_factory_v11/synthetic_pairs/pairs/v11_SYN_0318_04351_containment_orbit_left_44_seed43351_object_identity_color_shift/loser_future.mp4,generated
v11_SYN_0319_04355_containment_orbit_left_44_seed43355_containment_failure_synthetic,04355_containment_orbit_left_44_seed43355,containment_failure_synthetic,0.55,local_assets/dpo_pair_factory_v11/synthetic_pairs/pairs/v11_SYN_0319_04355_containment_orbit_left_44_seed43355_containment_failure_synthetic/loser_future.mp4,generated
v11_SYN_0320_04355_containment_orbit_left_44_seed43355_reobserve_mismatch_visible,04355_containment_orbit_left_44_seed43355,reobserve_mismatch_visible,0.6,local_assets/dpo_pair_factory_v11/synthetic_pairs/pairs/v11_SYN_0320_04355_containment_orbit_left_44_seed43355_reobserve_mismatch_visible/loser_future.mp4,generated
v11_SYN_0321_04355_containment_orbit_left_44_seed43355_object_duplicate_or_fragment,04355_containment_orbit_left_44_seed43355,object_duplicate_or_fragment,0.65,local_assets/dpo_pair_factory_v11/synthetic_pairs/pairs/v11_SYN_0321_04355_containment_orbit_left_44_seed43355_object_duplicate_or_fragment/loser_future.mp4,generated
v11_SYN_0322_04355_containment_orbit_left_44_seed43355_local_scene_patch_drift,04355_containment_orbit_left_44_seed43355,local_scene_patch_drift,0.35,local_assets/dpo_pair_factory_v11/synthetic_pairs/pairs/v11_SYN_0322_04355_containment_orbit_left_44_seed43355_local_scene_patch_drift/loser_future.mp4,generated
v11_SYN_0323_04355_containment_orbit_left_44_seed43355_partial_freeze_foreground,04355_containment_orbit_left_44_seed43355,partial_freeze_foreground,0.4,local_assets/dpo_pair_factory_v11/synthetic_pairs/pairs/v11_SYN_0323_04355_containment_orbit_left_44_seed43355_partial_freeze_foreground/loser_future.mp4,generated
v11_SYN_0324_04355_containment_orbit_left_44_seed43355_object_identity_color_shift,04355_containment_orbit_left_44_seed43355,object_identity_color_shift,0.45,local_assets/dpo_pair_factory_v11/synthetic_pairs/pairs/v11_SYN_0324_04355_containment_orbit_left_44_seed43355_object_identity_color_shift/loser_future.mp4,generated
v11_SYN_0325_04357_containment_orbit_left_44_seed43357_containment_failure_synthetic,04357_containment_orbit_left_44_seed43357,containment_failure_synthetic,0.6,local_assets/dpo_pair_factory_v11/synthetic_pairs/pairs/v11_SYN_0325_04357_containment_orbit_left_44_seed43357_containment_failure_synthetic/loser_future.mp4,generated
v11_SYN_0326_04357_containment_orbit_left_44_seed43357_reobserve_mismatch_visible,04357_containment_orbit_left_44_seed43357,reobserve_mismatch_visible,0.65,local_assets/dpo_pair_factory_v11/synthetic_pairs/pairs/v11_SYN_0326_04357_containment_orbit_left_44_seed43357_reobserve_mismatch_visible/loser_future.mp4,generated
v11_SYN_0327_04357_containment_orbit_left_44_seed43357_object_duplicate_or_fragment,04357_containment_orbit_left_44_seed43357,object_duplicate_or_fragment,0.35,local_assets/dpo_pair_factory_v11/synthetic_pairs/pairs/v11_SYN_0327_04357_containment_orbit_left_44_seed43357_object_duplicate_or_fragment/loser_future.mp4,generated
v11_SYN_0328_04357_containment_orbit_left_44_seed43357_local_scene_patch_drift,04357_containment_orbit_left_44_seed43357,local_scene_patch_drift,0.4,local_assets/dpo_pair_factory_v11/synthetic_pairs/pairs/v11_SYN_0328_04357_containment_orbit_left_44_seed43357_local_scene_patch_drift/loser_future.mp4,generated
v11_SYN_0329_04357_containment_orbit_left_44_seed43357_partial_freeze_foreground,04357_containment_orbit_left_44_seed43357,partial_freeze_foreground,0.45,local_assets/dpo_pair_factory_v11/synthetic_pairs/pairs/v11_SYN_0329_04357_containment_orbit_left_44_seed43357_partial_freeze_foreground/loser_future.mp4,generated
v11_SYN_0330_04357_containment_orbit_left_44_seed43357_object_identity_color_shift,04357_containment_orbit_left_44_seed43357,object_identity_color_shift,0.5,local_assets/dpo_pair_factory_v11/synthetic_pairs/pairs/v11_SYN_0330_04357_containment_orbit_left_44_seed43357_object_identity_color_shift/loser_future.mp4,generated
v11_SYN_0331_04358_containment_orbit_left_44_seed43358_containment_failure_synthetic,04358_containment_orbit_left_44_seed43358,containment_failure_synthetic,0.65,local_assets/dpo_pair_factory_v11/synthetic_pairs/pairs/v11_SYN_0331_04358_containment_orbit_left_44_seed43358_containment_failure_synthetic/loser_future.mp4,generated
v11_SYN_0332_04358_containment_orbit_left_44_seed43358_reobserve_mismatch_visible,04358_containment_orbit_left_44_seed43358,reobserve_mismatch_visible,0.35,local_assets/dpo_pair_factory_v11/synthetic_pairs/pairs/v11_SYN_0332_04358_containment_orbit_left_44_seed43358_reobserve_mismatch_visible/loser_future.mp4,generated
v11_SYN_0333_04358_containment_orbit_left_44_seed43358_object_duplicate_or_fragment,04358_containment_orbit_left_44_seed43358,object_duplicate_or_fragment,0.4,local_assets/dpo_pair_factory_v11/synthetic_pairs/pairs/v11_SYN_0333_04358_containment_orbit_left_44_seed43358_object_duplicate_or_fragment/loser_future.mp4,generated
v11_SYN_0334_04358_containment_orbit_left_44_seed43358_local_scene_patch_drift,04358_containment_orbit_left_44_seed43358,local_scene_patch_drift,0.45,local_assets/dpo_pair_factory_v11/synthetic_pairs/pairs/v11_SYN_0334_04358_containment_orbit_left_44_seed43358_local_scene_patch_drift/loser_future.mp4,generated
v11_SYN_0335_04358_containment_orbit_left_44_seed43358_partial_freeze_foreground,04358_containment_orbit_left_44_seed43358,partial_freeze_foreground,0.5,local_assets/dpo_pair_factory_v11/synthetic_pairs/pairs/v11_SYN_0335_04358_containment_orbit_left_44_seed43358_partial_freeze_foreground/loser_future.mp4,generated
v11_SYN_0336_04358_containment_orbit_left_44_seed43358_object_identity_color_shift,04358_containment_orbit_left_44_seed43358,object_identity_color_shift,0.55,local_assets/dpo_pair_factory_v11/synthetic_pairs/pairs/v11_SYN_0336_04358_containment_orbit_left_44_seed43358_object_identity_color_shift/loser_future.mp4,generated
v11_SYN_0337_prefix5_anchored_1279c3b65a6d9e_object_identity_change_containment_failure_synthetic,prefix5_anchored_1279c3b65a6d9e_object_identity_change,containment_failure_synthetic,0.35,local_assets/dpo_pair_factory_v11/synthetic_pairs/pairs/v11_SYN_0337_prefix5_anchored_1279c3b65a6d9e_object_identity_change_containment_failure_synthetic/loser_future.mp4,generated
v11_SYN_0338_prefix5_anchored_1279c3b65a6d9e_object_identity_change_reobserve_mismatch_visible,prefix5_anchored_1279c3b65a6d9e_object_identity_change,reobserve_mismatch_visible,0.4,local_assets/dpo_pair_factory_v11/synthetic_pairs/pairs/v11_SYN_0338_prefix5_anchored_1279c3b65a6d9e_object_identity_change_reobserve_mismatch_visible/loser_future.mp4,generated
v11_SYN_0339_prefix5_anchored_1279c3b65a6d9e_object_identity_change_object_duplicate_or_fragment,prefix5_anchored_1279c3b65a6d9e_object_identity_change,object_duplicate_or_fragment,0.45,local_assets/dpo_pair_factory_v11/synthetic_pairs/pairs/v11_SYN_0339_prefix5_anchored_1279c3b65a6d9e_object_identity_change_object_duplicate_or_fragment/loser_future.mp4,generated
v11_SYN_0340_prefix5_anchored_1279c3b65a6d9e_object_identity_change_local_scene_patch_drift,prefix5_anchored_1279c3b65a6d9e_object_identity_change,local_scene_patch_drift,0.5,local_assets/dpo_pair_factory_v11/synthetic_pairs/pairs/v11_SYN_0340_prefix5_anchored_1279c3b65a6d9e_object_identity_change_local_scene_patch_drift/loser_future.mp4,generated
v11_SYN_0341_prefix5_anchored_1279c3b65a6d9e_object_identity_change_partial_freeze_foreground,prefix5_anchored_1279c3b65a6d9e_object_identity_change,partial_freeze_foreground,0.55,local_assets/dpo_pair_factory_v11/synthetic_pairs/pairs/v11_SYN_0341_prefix5_anchored_1279c3b65a6d9e_object_identity_change_partial_freeze_foreground/loser_future.mp4,generated
v11_SYN_0342_prefix5_anchored_1279c3b65a6d9e_object_identity_change_object_identity_color_shift,prefix5_anchored_1279c3b65a6d9e_object_identity_change,object_identity_color_shift,0.6,local_assets/dpo_pair_factory_v11/synthetic_pairs/pairs/v11_SYN_0342_prefix5_anchored_1279c3b65a6d9e_object_identity_change_object_identity_color_shift/loser_future.mp4,generated
v11_SYN_0343_prefix5_anchored_29df7c5cf94c4b_reobserve_mismatch_containment_failure_synthetic,prefix5_anchored_29df7c5cf94c4b_reobserve_mismatch,containment_failure_synthetic,0.4,local_assets/dpo_pair_factory_v11/synthetic_pairs/pairs/v11_SYN_0343_prefix5_anchored_29df7c5cf94c4b_reobserve_mismatch_containment_failure_synthetic/loser_future.mp4,generated
v11_SYN_0344_prefix5_anchored_29df7c5cf94c4b_reobserve_mismatch_reobserve_mismatch_visible,prefix5_anchored_29df7c5cf94c4b_reobserve_mismatch,reobserve_mismatch_visible,0.45,local_assets/dpo_pair_factory_v11/synthetic_pairs/pairs/v11_SYN_0344_prefix5_anchored_29df7c5cf94c4b_reobserve_mismatch_reobserve_mismatch_visible/loser_future.mp4,generated
v11_SYN_0345_prefix5_anchored_29df7c5cf94c4b_reobserve_mismatch_object_duplicate_or_fragment,prefix5_anchored_29df7c5cf94c4b_reobserve_mismatch,object_duplicate_or_fragment,0.5,local_assets/dpo_pair_factory_v11/synthetic_pairs/pairs/v11_SYN_0345_prefix5_anchored_29df7c5cf94c4b_reobserve_mismatch_object_duplicate_or_fragment/loser_future.mp4,generated
v11_SYN_0346_prefix5_anchored_29df7c5cf94c4b_reobserve_mismatch_local_scene_patch_drift,prefix5_anchored_29df7c5cf94c4b_reobserve_mismatch,local_scene_patch_drift,0.55,local_assets/dpo_pair_factory_v11/synthetic_pairs/pairs/v11_SYN_0346_prefix5_anchored_29df7c5cf94c4b_reobserve_mismatch_local_scene_patch_drift/loser_future.mp4,generated
v11_SYN_0347_prefix5_anchored_29df7c5cf94c4b_reobserve_mismatch_partial_freeze_foreground,prefix5_anchored_29df7c5cf94c4b_reobserve_mismatch,partial_freeze_foreground,0.6,local_assets/dpo_pair_factory_v11/synthetic_pairs/pairs/v11_SYN_0347_prefix5_anchored_29df7c5cf94c4b_reobserve_mismatch_partial_freeze_foreground/loser_future.mp4,generated
v11_SYN_0348_prefix5_anchored_29df7c5cf94c4b_reobserve_mismatch_object_identity_color_shift,prefix5_anchored_29df7c5cf94c4b_reobserve_mismatch,object_identity_color_shift,0.65,local_assets/dpo_pair_factory_v11/synthetic_pairs/pairs/v11_SYN_0348_prefix5_anchored_29df7c5cf94c4b_reobserve_mismatch_object_identity_color_shift/loser_future.mp4,generated
v11_SYN_0349_prefix5_anchored_95981b8f74bed0_background_drift_containment_failure_synthetic,prefix5_anchored_95981b8f74bed0_background_drift,containment_failure_synthetic,0.45,local_assets/dpo_pair_factory_v11/synthetic_pairs/pairs/v11_SYN_0349_prefix5_anchored_95981b8f74bed0_background_drift_containment_failure_synthetic/loser_future.mp4,generated
v11_SYN_0350_prefix5_anchored_95981b8f74bed0_background_drift_reobserve_mismatch_visible,prefix5_anchored_95981b8f74bed0_background_drift,reobserve_mismatch_visible,0.5,local_assets/dpo_pair_factory_v11/synthetic_pairs/pairs/v11_SYN_0350_prefix5_anchored_95981b8f74bed0_background_drift_reobserve_mismatch_visible/loser_future.mp4,generated
v11_SYN_0351_prefix5_anchored_95981b8f74bed0_background_drift_object_duplicate_or_fragment,prefix5_anchored_95981b8f74bed0_background_drift,object_duplicate_or_fragment,0.55,local_assets/dpo_pair_factory_v11/synthetic_pairs/pairs/v11_SYN_0351_prefix5_anchored_95981b8f74bed0_background_drift_object_duplicate_or_fragment/loser_future.mp4,generated
v11_SYN_0352_prefix5_anchored_95981b8f74bed0_background_drift_local_scene_patch_drift,prefix5_anchored_95981b8f74bed0_background_drift,local_scene_patch_drift,0.6,local_assets/dpo_pair_factory_v11/synthetic_pairs/pairs/v11_SYN_0352_prefix5_anchored_95981b8f74bed0_background_drift_local_scene_patch_drift/loser_future.mp4,generated
v11_SYN_0353_prefix5_anchored_95981b8f74bed0_background_drift_partial_freeze_foreground,prefix5_anchored_95981b8f74bed0_background_drift,partial_freeze_foreground,0.65,local_assets/dpo_pair_factory_v11/synthetic_pairs/pairs/v11_SYN_0353_prefix5_anchored_95981b8f74bed0_background_drift_partial_freeze_foreground/loser_future.mp4,generated
v11_SYN_0354_prefix5_anchored_95981b8f74bed0_background_drift_object_identity_color_shift,prefix5_anchored_95981b8f74bed0_background_drift,object_identity_color_shift,0.35,local_assets/dpo_pair_factory_v11/synthetic_pairs/pairs/v11_SYN_0354_prefix5_anchored_95981b8f74bed0_background_drift_object_identity_color_shift/loser_future.mp4,generated
v11_SYN_0355_prefix5_anchored_d744c2d6f264ba_object_deformation_containment_failure_synthetic,prefix5_anchored_d744c2d6f264ba_object_deformation,containment_failure_synthetic,0.5,local_assets/dpo_pair_factory_v11/synthetic_pairs/pairs/v11_SYN_0355_prefix5_anchored_d744c2d6f264ba_object_deformation_containment_failure_synthetic/loser_future.mp4,generated
v11_SYN_0356_prefix5_anchored_d744c2d6f264ba_object_deformation_reobserve_mismatch_visible,prefix5_anchored_d744c2d6f264ba_object_deformation,reobserve_mismatch_visible,0.55,local_assets/dpo_pair_factory_v11/synthetic_pairs/pairs/v11_SYN_0356_prefix5_anchored_d744c2d6f264ba_object_deformation_reobserve_mismatch_visible/loser_future.mp4,generated
v11_SYN_0357_prefix5_anchored_d744c2d6f264ba_object_deformation_object_duplicate_or_fragment,prefix5_anchored_d744c2d6f264ba_object_deformation,object_duplicate_or_fragment,0.6,local_assets/dpo_pair_factory_v11/synthetic_pairs/pairs/v11_SYN_0357_prefix5_anchored_d744c2d6f264ba_object_deformation_object_duplicate_or_fragment/loser_future.mp4,generated
v11_SYN_0358_prefix5_anchored_d744c2d6f264ba_object_deformation_local_scene_patch_drift,prefix5_anchored_d744c2d6f264ba_object_deformation,local_scene_patch_drift,0.65,local_assets/dpo_pair_factory_v11/synthetic_pairs/pairs/v11_SYN_0358_prefix5_anchored_d744c2d6f264ba_object_deformation_local_scene_patch_drift/loser_future.mp4,generated
v11_SYN_0359_prefix5_anchored_d744c2d6f264ba_object_deformation_partial_freeze_foreground,prefix5_anchored_d744c2d6f264ba_object_deformation,partial_freeze_foreground,0.35,local_assets/dpo_pair_factory_v11/synthetic_pairs/pairs/v11_SYN_0359_prefix5_anchored_d744c2d6f264ba_object_deformation_partial_freeze_foreground/loser_future.mp4,generated
v11_SYN_0360_prefix5_anchored_d744c2d6f264ba_object_deformation_object_identity_color_shift,prefix5_anchored_d744c2d6f264ba_object_deformation,object_identity_color_shift,0.4,local_assets/dpo_pair_factory_v11/synthetic_pairs/pairs/v11_SYN_0360_prefix5_anchored_d744c2d6f264ba_object_deformation_object_identity_color_shift/loser_future.mp4,generated
v11_SYN_0361_prefix5_anchored_d86ae2fb1d25b2_freeze_foreground_containment_failure_synthetic,prefix5_anchored_d86ae2fb1d25b2_freeze_foreground,containment_failure_synthetic,0.55,local_assets/dpo_pair_factory_v11/synthetic_pairs/pairs/v11_SYN_0361_prefix5_anchored_d86ae2fb1d25b2_freeze_foreground_containment_failure_synthetic/loser_future.mp4,generated
v11_SYN_0362_prefix5_anchored_d86ae2fb1d25b2_freeze_foreground_reobserve_mismatch_visible,prefix5_anchored_d86ae2fb1d25b2_freeze_foreground,reobserve_mismatch_visible,0.6,local_assets/dpo_pair_factory_v11/synthetic_pairs/pairs/v11_SYN_0362_prefix5_anchored_d86ae2fb1d25b2_freeze_foreground_reobserve_mismatch_visible/loser_future.mp4,generated
v11_SYN_0363_prefix5_anchored_d86ae2fb1d25b2_freeze_foreground_object_duplicate_or_fragment,prefix5_anchored_d86ae2fb1d25b2_freeze_foreground,object_duplicate_or_fragment,0.65,local_assets/dpo_pair_factory_v11/synthetic_pairs/pairs/v11_SYN_0363_prefix5_anchored_d86ae2fb1d25b2_freeze_foreground_object_duplicate_or_fragment/loser_future.mp4,generated
v11_SYN_0364_prefix5_anchored_d86ae2fb1d25b2_freeze_foreground_local_scene_patch_drift,prefix5_anchored_d86ae2fb1d25b2_freeze_foreground,local_scene_patch_drift,0.35,local_assets/dpo_pair_factory_v11/synthetic_pairs/pairs/v11_SYN_0364_prefix5_anchored_d86ae2fb1d25b2_freeze_foreground_local_scene_patch_drift/loser_future.mp4,generated
v11_SYN_0365_prefix5_anchored_d86ae2fb1d25b2_freeze_foreground_partial_freeze_foreground,prefix5_anchored_d86ae2fb1d25b2_freeze_foreground,partial_freeze_foreground,0.4,local_assets/dpo_pair_factory_v11/synthetic_pairs/pairs/v11_SYN_0365_prefix5_anchored_d86ae2fb1d25b2_freeze_foreground_partial_freeze_foreground/loser_future.mp4,generated
v11_SYN_0366_prefix5_anchored_d86ae2fb1d25b2_freeze_foreground_object_identity_color_shift,prefix5_anchored_d86ae2fb1d25b2_freeze_foreground,object_identity_color_shift,0.45,local_assets/dpo_pair_factory_v11/synthetic_pairs/pairs/v11_SYN_0366_prefix5_anchored_d86ae2fb1d25b2_freeze_foreground_object_identity_color_shift/loser_future.mp4,generated
v11_SYN_0367_prefix5_anchored_dc458b2cf487d8_wrong_camera_motion_containment_failure_synthetic,prefix5_anchored_dc458b2cf487d8_wrong_camera_motion,containment_failure_synthetic,0.6,local_assets/dpo_pair_factory_v11/synthetic_pairs/pairs/v11_SYN_0367_prefix5_anchored_dc458b2cf487d8_wrong_camera_motion_containment_failure_synthetic/loser_future.mp4,generated
v11_SYN_0368_prefix5_anchored_dc458b2cf487d8_wrong_camera_motion_reobserve_mismatch_visible,prefix5_anchored_dc458b2cf487d8_wrong_camera_motion,reobserve_mismatch_visible,0.65,local_assets/dpo_pair_factory_v11/synthetic_pairs/pairs/v11_SYN_0368_prefix5_anchored_dc458b2cf487d8_wrong_camera_motion_reobserve_mismatch_visible/loser_future.mp4,generated
v11_SYN_0369_prefix5_anchored_dc458b2cf487d8_wrong_camera_motion_object_duplicate_or_fragment,prefix5_anchored_dc458b2cf487d8_wrong_camera_motion,object_duplicate_or_fragment,0.35,local_assets/dpo_pair_factory_v11/synthetic_pairs/pairs/v11_SYN_0369_prefix5_anchored_dc458b2cf487d8_wrong_camera_motion_object_duplicate_or_fragment/loser_future.mp4,generated
v11_SYN_0370_prefix5_anchored_dc458b2cf487d8_wrong_camera_motion_local_scene_patch_drift,prefix5_anchored_dc458b2cf487d8_wrong_camera_motion,local_scene_patch_drift,0.4,local_assets/dpo_pair_factory_v11/synthetic_pairs/pairs/v11_SYN_0370_prefix5_anchored_dc458b2cf487d8_wrong_camera_motion_local_scene_patch_drift/loser_future.mp4,generated
v11_SYN_0371_prefix5_anchored_dc458b2cf487d8_wrong_camera_motion_partial_freeze_foreground,prefix5_anchored_dc458b2cf487d8_wrong_camera_motion,partial_freeze_foreground,0.45,local_assets/dpo_pair_factory_v11/synthetic_pairs/pairs/v11_SYN_0371_prefix5_anchored_dc458b2cf487d8_wrong_camera_motion_partial_freeze_foreground/loser_future.mp4,generated
v11_SYN_0372_prefix5_anchored_dc458b2cf487d8_wrong_camera_motion_object_identity_color_shift,prefix5_anchored_dc458b2cf487d8_wrong_camera_motion,object_identity_color_shift,0.5,local_assets/dpo_pair_factory_v11/synthetic_pairs/pairs/v11_SYN_0372_prefix5_anchored_dc458b2cf487d8_wrong_camera_motion_object_identity_color_shift/loser_future.mp4,generated
v11_SYN_0373_v6_04204_containment_orbit_left_44_seed43204_containment_failure_synthetic,v6_04204_containment_orbit_left_44_seed43204,containment_failure_synthetic,0.65,local_assets/dpo_pair_factory_v11/synthetic_pairs/pairs/v11_SYN_0373_v6_04204_containment_orbit_left_44_seed43204_containment_failure_synthetic/loser_future.mp4,generated
v11_SYN_0374_v6_04204_containment_orbit_left_44_seed43204_reobserve_mismatch_visible,v6_04204_containment_orbit_left_44_seed43204,reobserve_mismatch_visible,0.35,local_assets/dpo_pair_factory_v11/synthetic_pairs/pairs/v11_SYN_0374_v6_04204_containment_orbit_left_44_seed43204_reobserve_mismatch_visible/loser_future.mp4,generated
v11_SYN_0375_v6_04204_containment_orbit_left_44_seed43204_object_duplicate_or_fragment,v6_04204_containment_orbit_left_44_seed43204,object_duplicate_or_fragment,0.4,local_assets/dpo_pair_factory_v11/synthetic_pairs/pairs/v11_SYN_0375_v6_04204_containment_orbit_left_44_seed43204_object_duplicate_or_fragment/loser_future.mp4,generated
v11_SYN_0376_v6_04204_containment_orbit_left_44_seed43204_local_scene_patch_drift,v6_04204_containment_orbit_left_44_seed43204,local_scene_patch_drift,0.45,local_assets/dpo_pair_factory_v11/synthetic_pairs/pairs/v11_SYN_0376_v6_04204_containment_orbit_left_44_seed43204_local_scene_patch_drift/loser_future.mp4,generated
v11_SYN_0377_v6_04204_containment_orbit_left_44_seed43204_partial_freeze_foreground,v6_04204_containment_orbit_left_44_seed43204,partial_freeze_foreground,0.5,local_assets/dpo_pair_factory_v11/synthetic_pairs/pairs/v11_SYN_0377_v6_04204_containment_orbit_left_44_seed43204_partial_freeze_foreground/loser_future.mp4,generated
v11_SYN_0378_v6_04204_containment_orbit_left_44_seed43204_object_identity_color_shift,v6_04204_containment_orbit_left_44_seed43204,object_identity_color_shift,0.55,local_assets/dpo_pair_factory_v11/synthetic_pairs/pairs/v11_SYN_0378_v6_04204_containment_orbit_left_44_seed43204_object_identity_color_shift/loser_future.mp4,generated
v11_SYN_0379_01002_drop_orbit_left_72_seed40002_drop_motion_failure_synthetic,01002_drop_orbit_left_72_seed40002,drop_motion_failure_synthetic,0.35,local_assets/dpo_pair_factory_v11/synthetic_pairs/pairs/v11_SYN_0379_01002_drop_orbit_left_72_seed40002_drop_motion_failure_synthetic/loser_future.mp4,generated
v11_SYN_0380_01002_drop_orbit_left_72_seed40002_object_duplicate_or_fragment,01002_drop_orbit_left_72_seed40002,object_duplicate_or_fragment,0.4,local_assets/dpo_pair_factory_v11/synthetic_pairs/pairs/v11_SYN_0380_01002_drop_orbit_left_72_seed40002_object_duplicate_or_fragment/loser_future.mp4,generated
v11_SYN_0381_01002_drop_orbit_left_72_seed40002_local_scene_patch_drift,01002_drop_orbit_left_72_seed40002,local_scene_patch_drift,0.45,local_assets/dpo_pair_factory_v11/synthetic_pairs/pairs/v11_SYN_0381_01002_drop_orbit_left_72_seed40002_local_scene_patch_drift/loser_future.mp4,generated
v11_SYN_0382_01002_drop_orbit_left_72_seed40002_object_identity_color_shift,01002_drop_orbit_left_72_seed40002,object_identity_color_shift,0.5,local_assets/dpo_pair_factory_v11/synthetic_pairs/pairs/v11_SYN_0382_01002_drop_orbit_left_72_seed40002_object_identity_color_shift/loser_future.mp4,generated
v11_SYN_0383_01002_drop_orbit_left_72_seed40002_partial_freeze_foreground,01002_drop_orbit_left_72_seed40002,partial_freeze_foreground,0.55,local_assets/dpo_pair_factory_v11/synthetic_pairs/pairs/v11_SYN_0383_01002_drop_orbit_left_72_seed40002_partial_freeze_foreground/loser_future.mp4,generated
v11_SYN_0384_01002_drop_orbit_left_72_seed40002_wrong_camera_motion_visible,01002_drop_orbit_left_72_seed40002,wrong_camera_motion_visible,0.6,local_assets/dpo_pair_factory_v11/synthetic_pairs/pairs/v11_SYN_0384_01002_drop_orbit_left_72_seed40002_wrong_camera_motion_visible/loser_future.mp4,generated
v11_SYN_0385_01008_drop_orbit_left_72_seed40008_drop_motion_failure_synthetic,01008_drop_orbit_left_72_seed40008,drop_motion_failure_synthetic,0.4,local_assets/dpo_pair_factory_v11/synthetic_pairs/pairs/v11_SYN_0385_01008_drop_orbit_left_72_seed40008_drop_motion_failure_synthetic/loser_future.mp4,generated
v11_SYN_0386_01008_drop_orbit_left_72_seed40008_object_duplicate_or_fragment,01008_drop_orbit_left_72_seed40008,object_duplicate_or_fragment,0.45,local_assets/dpo_pair_factory_v11/synthetic_pairs/pairs/v11_SYN_0386_01008_drop_orbit_left_72_seed40008_object_duplicate_or_fragment/loser_future.mp4,generated
v11_SYN_0387_01008_drop_orbit_left_72_seed40008_local_scene_patch_drift,01008_drop_orbit_left_72_seed40008,local_scene_patch_drift,0.5,local_assets/dpo_pair_factory_v11/synthetic_pairs/pairs/v11_SYN_0387_01008_drop_orbit_left_72_seed40008_local_scene_patch_drift/loser_future.mp4,generated
v11_SYN_0388_01008_drop_orbit_left_72_seed40008_object_identity_color_shift,01008_drop_orbit_left_72_seed40008,object_identity_color_shift,0.55,local_assets/dpo_pair_factory_v11/synthetic_pairs/pairs/v11_SYN_0388_01008_drop_orbit_left_72_seed40008_object_identity_color_shift/loser_future.mp4,generated
v11_SYN_0389_01008_drop_orbit_left_72_seed40008_partial_freeze_foreground,01008_drop_orbit_left_72_seed40008,partial_freeze_foreground,0.6,local_assets/dpo_pair_factory_v11/synthetic_pairs/pairs/v11_SYN_0389_01008_drop_orbit_left_72_seed40008_partial_freeze_foreground/loser_future.mp4,generated
v11_SYN_0390_01008_drop_orbit_left_72_seed40008_wrong_camera_motion_visible,01008_drop_orbit_left_72_seed40008,wrong_camera_motion_visible,0.65,local_assets/dpo_pair_factory_v11/synthetic_pairs/pairs/v11_SYN_0390_01008_drop_orbit_left_72_seed40008_wrong_camera_motion_visible/loser_future.mp4,generated
v11_SYN_0391_01013_drop_orbit_left_72_seed40013_drop_motion_failure_synthetic,01013_drop_orbit_left_72_seed40013,drop_motion_failure_synthetic,0.45,local_assets/dpo_pair_factory_v11/synthetic_pairs/pairs/v11_SYN_0391_01013_drop_orbit_left_72_seed40013_drop_motion_failure_synthetic/loser_future.mp4,generated
v11_SYN_0392_01013_drop_orbit_left_72_seed40013_object_duplicate_or_fragment,01013_drop_orbit_left_72_seed40013,object_duplicate_or_fragment,0.5,local_assets/dpo_pair_factory_v11/synthetic_pairs/pairs/v11_SYN_0392_01013_drop_orbit_left_72_seed40013_object_duplicate_or_fragment/loser_future.mp4,generated
v11_SYN_0393_01013_drop_orbit_left_72_seed40013_local_scene_patch_drift,01013_drop_orbit_left_72_seed40013,local_scene_patch_drift,0.55,local_assets/dpo_pair_factory_v11/synthetic_pairs/pairs/v11_SYN_0393_01013_drop_orbit_left_72_seed40013_local_scene_patch_drift/loser_future.mp4,generated
v11_SYN_0394_01013_drop_orbit_left_72_seed40013_object_identity_color_shift,01013_drop_orbit_left_72_seed40013,object_identity_color_shift,0.6,local_assets/dpo_pair_factory_v11/synthetic_pairs/pairs/v11_SYN_0394_01013_drop_orbit_left_72_seed40013_object_identity_color_shift/loser_future.mp4,generated
v11_SYN_0395_01013_drop_orbit_left_72_seed40013_partial_freeze_foreground,01013_drop_orbit_left_72_seed40013,partial_freeze_foreground,0.65,local_assets/dpo_pair_factory_v11/synthetic_pairs/pairs/v11_SYN_0395_01013_drop_orbit_left_72_seed40013_partial_freeze_foreground/loser_future.mp4,generated
v11_SYN_0396_01013_drop_orbit_left_72_seed40013_wrong_camera_motion_visible,01013_drop_orbit_left_72_seed40013,wrong_camera_motion_visible,0.35,local_assets/dpo_pair_factory_v11/synthetic_pairs/pairs/v11_SYN_0396_01013_drop_orbit_left_72_seed40013_wrong_camera_motion_visible/loser_future.mp4,generated
v11_SYN_0397_01014_drop_orbit_left_72_seed40014_drop_motion_failure_synthetic,01014_drop_orbit_left_72_seed40014,drop_motion_failure_synthetic,0.5,local_assets/dpo_pair_factory_v11/synthetic_pairs/pairs/v11_SYN_0397_01014_drop_orbit_left_72_seed40014_drop_motion_failure_synthetic/loser_future.mp4,generated
v11_SYN_0398_01014_drop_orbit_left_72_seed40014_object_duplicate_or_fragment,01014_drop_orbit_left_72_seed40014,object_duplicate_or_fragment,0.55,local_assets/dpo_pair_factory_v11/synthetic_pairs/pairs/v11_SYN_0398_01014_drop_orbit_left_72_seed40014_object_duplicate_or_fragment/loser_future.mp4,generated
v11_SYN_0399_01014_drop_orbit_left_72_seed40014_local_scene_patch_drift,01014_drop_orbit_left_72_seed40014,local_scene_patch_drift,0.6,local_assets/dpo_pair_factory_v11/synthetic_pairs/pairs/v11_SYN_0399_01014_drop_orbit_left_72_seed40014_local_scene_patch_drift/loser_future.mp4,generated
v11_SYN_0400_01014_drop_orbit_left_72_seed40014_object_identity_color_shift,01014_drop_orbit_left_72_seed40014,object_identity_color_shift,0.65,local_assets/dpo_pair_factory_v11/synthetic_pairs/pairs/v11_SYN_0400_01014_drop_orbit_left_72_seed40014_object_identity_color_shift/loser_future.mp4,generated
v11_SYN_0401_01014_drop_orbit_left_72_seed40014_partial_freeze_foreground,01014_drop_orbit_left_72_seed40014,partial_freeze_foreground,0.35,local_assets/dpo_pair_factory_v11/synthetic_pairs/pairs/v11_SYN_0401_01014_drop_orbit_left_72_seed40014_partial_freeze_foreground/loser_future.mp4,generated
v11_SYN_0402_01014_drop_orbit_left_72_seed40014_wrong_camera_motion_visible,01014_drop_orbit_left_72_seed40014,wrong_camera_motion_visible,0.4,local_assets/dpo_pair_factory_v11/synthetic_pairs/pairs/v11_SYN_0402_01014_drop_orbit_left_72_seed40014_wrong_camera_motion_visible/loser_future.mp4,generated
v11_SYN_0403_01026_drop_orbit_left_72_seed40026_drop_motion_failure_synthetic,01026_drop_orbit_left_72_seed40026,drop_motion_failure_synthetic,0.55,local_assets/dpo_pair_factory_v11/synthetic_pairs/pairs/v11_SYN_0403_01026_drop_orbit_left_72_seed40026_drop_motion_failure_synthetic/loser_future.mp4,generated
v11_SYN_0404_01026_drop_orbit_left_72_seed40026_object_duplicate_or_fragment,01026_drop_orbit_left_72_seed40026,object_duplicate_or_fragment,0.6,local_assets/dpo_pair_factory_v11/synthetic_pairs/pairs/v11_SYN_0404_01026_drop_orbit_left_72_seed40026_object_duplicate_or_fragment/loser_future.mp4,generated
v11_SYN_0405_01026_drop_orbit_left_72_seed40026_local_scene_patch_drift,01026_drop_orbit_left_72_seed40026,local_scene_patch_drift,0.65,local_assets/dpo_pair_factory_v11/synthetic_pairs/pairs/v11_SYN_0405_01026_drop_orbit_left_72_seed40026_local_scene_patch_drift/loser_future.mp4,generated
v11_SYN_0406_01026_drop_orbit_left_72_seed40026_object_identity_color_shift,01026_drop_orbit_left_72_seed40026,object_identity_color_shift,0.35,local_assets/dpo_pair_factory_v11/synthetic_pairs/pairs/v11_SYN_0406_01026_drop_orbit_left_72_seed40026_object_identity_color_shift/loser_future.mp4,generated
v11_SYN_0407_01026_drop_orbit_left_72_seed40026_partial_freeze_foreground,01026_drop_orbit_left_72_seed40026,partial_freeze_foreground,0.4,local_assets/dpo_pair_factory_v11/synthetic_pairs/pairs/v11_SYN_0407_01026_drop_orbit_left_72_seed40026_partial_freeze_foreground/loser_future.mp4,generated
v11_SYN_0408_01026_drop_orbit_left_72_seed40026_wrong_camera_motion_visible,01026_drop_orbit_left_72_seed40026,wrong_camera_motion_visible,0.45,local_assets/dpo_pair_factory_v11/synthetic_pairs/pairs/v11_SYN_0408_01026_drop_orbit_left_72_seed40026_wrong_camera_motion_visible/loser_future.mp4,generated
v11_SYN_0409_01029_drop_orbit_left_72_seed40029_drop_motion_failure_synthetic,01029_drop_orbit_left_72_seed40029,drop_motion_failure_synthetic,0.6,local_assets/dpo_pair_factory_v11/synthetic_pairs/pairs/v11_SYN_0409_01029_drop_orbit_left_72_seed40029_drop_motion_failure_synthetic/loser_future.mp4,generated
v11_SYN_0410_01029_drop_orbit_left_72_seed40029_object_duplicate_or_fragment,01029_drop_orbit_left_72_seed40029,object_duplicate_or_fragment,0.65,local_assets/dpo_pair_factory_v11/synthetic_pairs/pairs/v11_SYN_0410_01029_drop_orbit_left_72_seed40029_object_duplicate_or_fragment/loser_future.mp4,generated
v11_SYN_0411_01029_drop_orbit_left_72_seed40029_local_scene_patch_drift,01029_drop_orbit_left_72_seed40029,local_scene_patch_drift,0.35,local_assets/dpo_pair_factory_v11/synthetic_pairs/pairs/v11_SYN_0411_01029_drop_orbit_left_72_seed40029_local_scene_patch_drift/loser_future.mp4,generated
v11_SYN_0412_01029_drop_orbit_left_72_seed40029_object_identity_color_shift,01029_drop_orbit_left_72_seed40029,object_identity_color_shift,0.4,local_assets/dpo_pair_factory_v11/synthetic_pairs/pairs/v11_SYN_0412_01029_drop_orbit_left_72_seed40029_object_identity_color_shift/loser_future.mp4,generated
v11_SYN_0413_01029_drop_orbit_left_72_seed40029_partial_freeze_foreground,01029_drop_orbit_left_72_seed40029,partial_freeze_foreground,0.45,local_assets/dpo_pair_factory_v11/synthetic_pairs/pairs/v11_SYN_0413_01029_drop_orbit_left_72_seed40029_partial_freeze_foreground/loser_future.mp4,generated
v11_SYN_0414_01029_drop_orbit_left_72_seed40029_wrong_camera_motion_visible,01029_drop_orbit_left_72_seed40029,wrong_camera_motion_visible,0.5,local_assets/dpo_pair_factory_v11/synthetic_pairs/pairs/v11_SYN_0414_01029_drop_orbit_left_72_seed40029_wrong_camera_motion_visible/loser_future.mp4,generated
v11_SYN_0415_01032_drop_orbit_left_72_seed40032_drop_motion_failure_synthetic,01032_drop_orbit_left_72_seed40032,drop_motion_failure_synthetic,0.65,local_assets/dpo_pair_factory_v11/synthetic_pairs/pairs/v11_SYN_0415_01032_drop_orbit_left_72_seed40032_drop_motion_failure_synthetic/loser_future.mp4,generated
v11_SYN_0416_01032_drop_orbit_left_72_seed40032_object_duplicate_or_fragment,01032_drop_orbit_left_72_seed40032,object_duplicate_or_fragment,0.35,local_assets/dpo_pair_factory_v11/synthetic_pairs/pairs/v11_SYN_0416_01032_drop_orbit_left_72_seed40032_object_duplicate_or_fragment/loser_future.mp4,generated
v11_SYN_0417_01032_drop_orbit_left_72_seed40032_local_scene_patch_drift,01032_drop_orbit_left_72_seed40032,local_scene_patch_drift,0.4,local_assets/dpo_pair_factory_v11/synthetic_pairs/pairs/v11_SYN_0417_01032_drop_orbit_left_72_seed40032_local_scene_patch_drift/loser_future.mp4,generated
v11_SYN_0418_01032_drop_orbit_left_72_seed40032_object_identity_color_shift,01032_drop_orbit_left_72_seed40032,object_identity_color_shift,0.45,local_assets/dpo_pair_factory_v11/synthetic_pairs/pairs/v11_SYN_0418_01032_drop_orbit_left_72_seed40032_object_identity_color_shift/loser_future.mp4,generated
v11_SYN_0419_01032_drop_orbit_left_72_seed40032_partial_freeze_foreground,01032_drop_orbit_left_72_seed40032,partial_freeze_foreground,0.5,local_assets/dpo_pair_factory_v11/synthetic_pairs/pairs/v11_SYN_0419_01032_drop_orbit_left_72_seed40032_partial_freeze_foreground/loser_future.mp4,generated
v11_SYN_0420_01032_drop_orbit_left_72_seed40032_wrong_camera_motion_visible,01032_drop_orbit_left_72_seed40032,wrong_camera_motion_visible,0.55,local_assets/dpo_pair_factory_v11/synthetic_pairs/pairs/v11_SYN_0420_01032_drop_orbit_left_72_seed40032_wrong_camera_motion_visible/loser_future.mp4,generated
v11_SYN_0421_01038_drop_orbit_left_72_seed40038_drop_motion_failure_synthetic,01038_drop_orbit_left_72_seed40038,drop_motion_failure_synthetic,0.35,local_assets/dpo_pair_factory_v11/synthetic_pairs/pairs/v11_SYN_0421_01038_drop_orbit_left_72_seed40038_drop_motion_failure_synthetic/loser_future.mp4,generated
v11_SYN_0422_01038_drop_orbit_left_72_seed40038_object_duplicate_or_fragment,01038_drop_orbit_left_72_seed40038,object_duplicate_or_fragment,0.4,local_assets/dpo_pair_factory_v11/synthetic_pairs/pairs/v11_SYN_0422_01038_drop_orbit_left_72_seed40038_object_duplicate_or_fragment/loser_future.mp4,generated
v11_SYN_0423_01038_drop_orbit_left_72_seed40038_local_scene_patch_drift,01038_drop_orbit_left_72_seed40038,local_scene_patch_drift,0.45,local_assets/dpo_pair_factory_v11/synthetic_pairs/pairs/v11_SYN_0423_01038_drop_orbit_left_72_seed40038_local_scene_patch_drift/loser_future.mp4,generated
v11_SYN_0424_01038_drop_orbit_left_72_seed40038_object_identity_color_shift,01038_drop_orbit_left_72_seed40038,object_identity_color_shift,0.5,local_assets/dpo_pair_factory_v11/synthetic_pairs/pairs/v11_SYN_0424_01038_drop_orbit_left_72_seed40038_object_identity_color_shift/loser_future.mp4,generated
v11_SYN_0425_01038_drop_orbit_left_72_seed40038_partial_freeze_foreground,01038_drop_orbit_left_72_seed40038,partial_freeze_foreground,0.55,local_assets/dpo_pair_factory_v11/synthetic_pairs/pairs/v11_SYN_0425_01038_drop_orbit_left_72_seed40038_partial_freeze_foreground/loser_future.mp4,generated
v11_SYN_0426_01038_drop_orbit_left_72_seed40038_wrong_camera_motion_visible,01038_drop_orbit_left_72_seed40038,wrong_camera_motion_visible,0.6,local_assets/dpo_pair_factory_v11/synthetic_pairs/pairs/v11_SYN_0426_01038_drop_orbit_left_72_seed40038_wrong_camera_motion_visible/loser_future.mp4,generated
v11_SYN_0427_01039_drop_orbit_left_72_seed40039_drop_motion_failure_synthetic,01039_drop_orbit_left_72_seed40039,drop_motion_failure_synthetic,0.4,local_assets/dpo_pair_factory_v11/synthetic_pairs/pairs/v11_SYN_0427_01039_drop_orbit_left_72_seed40039_drop_motion_failure_synthetic/loser_future.mp4,generated
v11_SYN_0428_01039_drop_orbit_left_72_seed40039_object_duplicate_or_fragment,01039_drop_orbit_left_72_seed40039,object_duplicate_or_fragment,0.45,local_assets/dpo_pair_factory_v11/synthetic_pairs/pairs/v11_SYN_0428_01039_drop_orbit_left_72_seed40039_object_duplicate_or_fragment/loser_future.mp4,generated
v11_SYN_0429_01039_drop_orbit_left_72_seed40039_local_scene_patch_drift,01039_drop_orbit_left_72_seed40039,local_scene_patch_drift,0.5,local_assets/dpo_pair_factory_v11/synthetic_pairs/pairs/v11_SYN_0429_01039_drop_orbit_left_72_seed40039_local_scene_patch_drift/loser_future.mp4,generated
v11_SYN_0430_01039_drop_orbit_left_72_seed40039_object_identity_color_shift,01039_drop_orbit_left_72_seed40039,object_identity_color_shift,0.55,local_assets/dpo_pair_factory_v11/synthetic_pairs/pairs/v11_SYN_0430_01039_drop_orbit_left_72_seed40039_object_identity_color_shift/loser_future.mp4,generated
v11_SYN_0431_01039_drop_orbit_left_72_seed40039_partial_freeze_foreground,01039_drop_orbit_left_72_seed40039,partial_freeze_foreground,0.6,local_assets/dpo_pair_factory_v11/synthetic_pairs/pairs/v11_SYN_0431_01039_drop_orbit_left_72_seed40039_partial_freeze_foreground/loser_future.mp4,generated
v11_SYN_0432_01039_drop_orbit_left_72_seed40039_wrong_camera_motion_visible,01039_drop_orbit_left_72_seed40039,wrong_camera_motion_visible,0.65,local_assets/dpo_pair_factory_v11/synthetic_pairs/pairs/v11_SYN_0432_01039_drop_orbit_left_72_seed40039_wrong_camera_motion_visible/loser_future.mp4,generated
v11_SYN_0433_01047_drop_orbit_left_72_seed40047_drop_motion_failure_synthetic,01047_drop_orbit_left_72_seed40047,drop_motion_failure_synthetic,0.45,local_assets/dpo_pair_factory_v11/synthetic_pairs/pairs/v11_SYN_0433_01047_drop_orbit_left_72_seed40047_drop_motion_failure_synthetic/loser_future.mp4,generated
v11_SYN_0434_01047_drop_orbit_left_72_seed40047_object_duplicate_or_fragment,01047_drop_orbit_left_72_seed40047,object_duplicate_or_fragment,0.5,local_assets/dpo_pair_factory_v11/synthetic_pairs/pairs/v11_SYN_0434_01047_drop_orbit_left_72_seed40047_object_duplicate_or_fragment/loser_future.mp4,generated
v11_SYN_0435_01047_drop_orbit_left_72_seed40047_local_scene_patch_drift,01047_drop_orbit_left_72_seed40047,local_scene_patch_drift,0.55,local_assets/dpo_pair_factory_v11/synthetic_pairs/pairs/v11_SYN_0435_01047_drop_orbit_left_72_seed40047_local_scene_patch_drift/loser_future.mp4,generated
v11_SYN_0436_01047_drop_orbit_left_72_seed40047_object_identity_color_shift,01047_drop_orbit_left_72_seed40047,object_identity_color_shift,0.6,local_assets/dpo_pair_factory_v11/synthetic_pairs/pairs/v11_SYN_0436_01047_drop_orbit_left_72_seed40047_object_identity_color_shift/loser_future.mp4,generated
v11_SYN_0437_01047_drop_orbit_left_72_seed40047_partial_freeze_foreground,01047_drop_orbit_left_72_seed40047,partial_freeze_foreground,0.65,local_assets/dpo_pair_factory_v11/synthetic_pairs/pairs/v11_SYN_0437_01047_drop_orbit_left_72_seed40047_partial_freeze_foreground/loser_future.mp4,generated
v11_SYN_0438_01047_drop_orbit_left_72_seed40047_wrong_camera_motion_visible,01047_drop_orbit_left_72_seed40047,wrong_camera_motion_visible,0.35,local_assets/dpo_pair_factory_v11/synthetic_pairs/pairs/v11_SYN_0438_01047_drop_orbit_left_72_seed40047_wrong_camera_motion_visible/loser_future.mp4,generated
v11_SYN_0439_01060_drop_orbit_left_72_seed40060_drop_motion_failure_synthetic,01060_drop_orbit_left_72_seed40060,drop_motion_failure_synthetic,0.5,local_assets/dpo_pair_factory_v11/synthetic_pairs/pairs/v11_SYN_0439_01060_drop_orbit_left_72_seed40060_drop_motion_failure_synthetic/loser_future.mp4,generated
v11_SYN_0440_01060_drop_orbit_left_72_seed40060_object_duplicate_or_fragment,01060_drop_orbit_left_72_seed40060,object_duplicate_or_fragment,0.55,local_assets/dpo_pair_factory_v11/synthetic_pairs/pairs/v11_SYN_0440_01060_drop_orbit_left_72_seed40060_object_duplicate_or_fragment/loser_future.mp4,generated
v11_SYN_0441_01060_drop_orbit_left_72_seed40060_local_scene_patch_drift,01060_drop_orbit_left_72_seed40060,local_scene_patch_drift,0.6,local_assets/dpo_pair_factory_v11/synthetic_pairs/pairs/v11_SYN_0441_01060_drop_orbit_left_72_seed40060_local_scene_patch_drift/loser_future.mp4,generated
v11_SYN_0442_01060_drop_orbit_left_72_seed40060_object_identity_color_shift,01060_drop_orbit_left_72_seed40060,object_identity_color_shift,0.65,local_assets/dpo_pair_factory_v11/synthetic_pairs/pairs/v11_SYN_0442_01060_drop_orbit_left_72_seed40060_object_identity_color_shift/loser_future.mp4,generated
v11_SYN_0443_01060_drop_orbit_left_72_seed40060_partial_freeze_foreground,01060_drop_orbit_left_72_seed40060,partial_freeze_foreground,0.35,local_assets/dpo_pair_factory_v11/synthetic_pairs/pairs/v11_SYN_0443_01060_drop_orbit_left_72_seed40060_partial_freeze_foreground/loser_future.mp4,generated
v11_SYN_0444_01060_drop_orbit_left_72_seed40060_wrong_camera_motion_visible,01060_drop_orbit_left_72_seed40060,wrong_camera_motion_visible,0.4,local_assets/dpo_pair_factory_v11/synthetic_pairs/pairs/v11_SYN_0444_01060_drop_orbit_left_72_seed40060_wrong_camera_motion_visible/loser_future.mp4,generated
v11_SYN_0445_01079_drop_orbit_left_72_seed40079_drop_motion_failure_synthetic,01079_drop_orbit_left_72_seed40079,drop_motion_failure_synthetic,0.55,local_assets/dpo_pair_factory_v11/synthetic_pairs/pairs/v11_SYN_0445_01079_drop_orbit_left_72_seed40079_drop_motion_failure_synthetic/loser_future.mp4,generated
v11_SYN_0446_01079_drop_orbit_left_72_seed40079_object_duplicate_or_fragment,01079_drop_orbit_left_72_seed40079,object_duplicate_or_fragment,0.6,local_assets/dpo_pair_factory_v11/synthetic_pairs/pairs/v11_SYN_0446_01079_drop_orbit_left_72_seed40079_object_duplicate_or_fragment/loser_future.mp4,generated
v11_SYN_0447_01079_drop_orbit_left_72_seed40079_local_scene_patch_drift,01079_drop_orbit_left_72_seed40079,local_scene_patch_drift,0.65,local_assets/dpo_pair_factory_v11/synthetic_pairs/pairs/v11_SYN_0447_01079_drop_orbit_left_72_seed40079_local_scene_patch_drift/loser_future.mp4,generated
v11_SYN_0448_01079_drop_orbit_left_72_seed40079_object_identity_color_shift,01079_drop_orbit_left_72_seed40079,object_identity_color_shift,0.35,local_assets/dpo_pair_factory_v11/synthetic_pairs/pairs/v11_SYN_0448_01079_drop_orbit_left_72_seed40079_object_identity_color_shift/loser_future.mp4,generated
v11_SYN_0449_01079_drop_orbit_left_72_seed40079_partial_freeze_foreground,01079_drop_orbit_left_72_seed40079,partial_freeze_foreground,0.4,local_assets/dpo_pair_factory_v11/synthetic_pairs/pairs/v11_SYN_0449_01079_drop_orbit_left_72_seed40079_partial_freeze_foreground/loser_future.mp4,generated
v11_SYN_0450_01079_drop_orbit_left_72_seed40079_wrong_camera_motion_visible,01079_drop_orbit_left_72_seed40079,wrong_camera_motion_visible,0.45,local_assets/dpo_pair_factory_v11/synthetic_pairs/pairs/v11_SYN_0450_01079_drop_orbit_left_72_seed40079_wrong_camera_motion_visible/loser_future.mp4,generated
v11_SYN_0451_01086_drop_orbit_left_72_seed40086_drop_motion_failure_synthetic,01086_drop_orbit_left_72_seed40086,drop_motion_failure_synthetic,0.6,local_assets/dpo_pair_factory_v11/synthetic_pairs/pairs/v11_SYN_0451_01086_drop_orbit_left_72_seed40086_drop_motion_failure_synthetic/loser_future.mp4,generated
v11_SYN_0452_01086_drop_orbit_left_72_seed40086_object_duplicate_or_fragment,01086_drop_orbit_left_72_seed40086,object_duplicate_or_fragment,0.65,local_assets/dpo_pair_factory_v11/synthetic_pairs/pairs/v11_SYN_0452_01086_drop_orbit_left_72_seed40086_object_duplicate_or_fragment/loser_future.mp4,generated
v11_SYN_0453_01086_drop_orbit_left_72_seed40086_local_scene_patch_drift,01086_drop_orbit_left_72_seed40086,local_scene_patch_drift,0.35,local_assets/dpo_pair_factory_v11/synthetic_pairs/pairs/v11_SYN_0453_01086_drop_orbit_left_72_seed40086_local_scene_patch_drift/loser_future.mp4,generated
v11_SYN_0454_01086_drop_orbit_left_72_seed40086_object_identity_color_shift,01086_drop_orbit_left_72_seed40086,object_identity_color_shift,0.4,local_assets/dpo_pair_factory_v11/synthetic_pairs/pairs/v11_SYN_0454_01086_drop_orbit_left_72_seed40086_object_identity_color_shift/loser_future.mp4,generated
v11_SYN_0455_01086_drop_orbit_left_72_seed40086_partial_freeze_foreground,01086_drop_orbit_left_72_seed40086,partial_freeze_foreground,0.45,local_assets/dpo_pair_factory_v11/synthetic_pairs/pairs/v11_SYN_0455_01086_drop_orbit_left_72_seed40086_partial_freeze_foreground/loser_future.mp4,generated
v11_SYN_0456_01086_drop_orbit_left_72_seed40086_wrong_camera_motion_visible,01086_drop_orbit_left_72_seed40086,wrong_camera_motion_visible,0.5,local_assets/dpo_pair_factory_v11/synthetic_pairs/pairs/v11_SYN_0456_01086_drop_orbit_left_72_seed40086_wrong_camera_motion_visible/loser_future.mp4,generated
v11_SYN_0457_01101_drop_orbit_left_72_seed40101_drop_motion_failure_synthetic,01101_drop_orbit_left_72_seed40101,drop_motion_failure_synthetic,0.65,local_assets/dpo_pair_factory_v11/synthetic_pairs/pairs/v11_SYN_0457_01101_drop_orbit_left_72_seed40101_drop_motion_failure_synthetic/loser_future.mp4,generated
v11_SYN_0458_01101_drop_orbit_left_72_seed40101_object_duplicate_or_fragment,01101_drop_orbit_left_72_seed40101,object_duplicate_or_fragment,0.35,local_assets/dpo_pair_factory_v11/synthetic_pairs/pairs/v11_SYN_0458_01101_drop_orbit_left_72_seed40101_object_duplicate_or_fragment/loser_future.mp4,generated
v11_SYN_0459_01101_drop_orbit_left_72_seed40101_local_scene_patch_drift,01101_drop_orbit_left_72_seed40101,local_scene_patch_drift,0.4,local_assets/dpo_pair_factory_v11/synthetic_pairs/pairs/v11_SYN_0459_01101_drop_orbit_left_72_seed40101_local_scene_patch_drift/loser_future.mp4,generated
v11_SYN_0460_01101_drop_orbit_left_72_seed40101_object_identity_color_shift,01101_drop_orbit_left_72_seed40101,object_identity_color_shift,0.45,local_assets/dpo_pair_factory_v11/synthetic_pairs/pairs/v11_SYN_0460_01101_drop_orbit_left_72_seed40101_object_identity_color_shift/loser_future.mp4,generated
v11_SYN_0461_01101_drop_orbit_left_72_seed40101_partial_freeze_foreground,01101_drop_orbit_left_72_seed40101,partial_freeze_foreground,0.5,local_assets/dpo_pair_factory_v11/synthetic_pairs/pairs/v11_SYN_0461_01101_drop_orbit_left_72_seed40101_partial_freeze_foreground/loser_future.mp4,generated
v11_SYN_0462_01101_drop_orbit_left_72_seed40101_wrong_camera_motion_visible,01101_drop_orbit_left_72_seed40101,wrong_camera_motion_visible,0.55,local_assets/dpo_pair_factory_v11/synthetic_pairs/pairs/v11_SYN_0462_01101_drop_orbit_left_72_seed40101_wrong_camera_motion_visible/loser_future.mp4,generated
v11_SYN_0463_01102_drop_orbit_left_72_seed40102_drop_motion_failure_synthetic,01102_drop_orbit_left_72_seed40102,drop_motion_failure_synthetic,0.35,local_assets/dpo_pair_factory_v11/synthetic_pairs/pairs/v11_SYN_0463_01102_drop_orbit_left_72_seed40102_drop_motion_failure_synthetic/loser_future.mp4,generated
v11_SYN_0464_01102_drop_orbit_left_72_seed40102_object_duplicate_or_fragment,01102_drop_orbit_left_72_seed40102,object_duplicate_or_fragment,0.4,local_assets/dpo_pair_factory_v11/synthetic_pairs/pairs/v11_SYN_0464_01102_drop_orbit_left_72_seed40102_object_duplicate_or_fragment/loser_future.mp4,generated
v11_SYN_0465_01102_drop_orbit_left_72_seed40102_local_scene_patch_drift,01102_drop_orbit_left_72_seed40102,local_scene_patch_drift,0.45,local_assets/dpo_pair_factory_v11/synthetic_pairs/pairs/v11_SYN_0465_01102_drop_orbit_left_72_seed40102_local_scene_patch_drift/loser_future.mp4,generated
v11_SYN_0466_01102_drop_orbit_left_72_seed40102_object_identity_color_shift,01102_drop_orbit_left_72_seed40102,object_identity_color_shift,0.5,local_assets/dpo_pair_factory_v11/synthetic_pairs/pairs/v11_SYN_0466_01102_drop_orbit_left_72_seed40102_object_identity_color_shift/loser_future.mp4,generated
v11_SYN_0467_01102_drop_orbit_left_72_seed40102_partial_freeze_foreground,01102_drop_orbit_left_72_seed40102,partial_freeze_foreground,0.55,local_assets/dpo_pair_factory_v11/synthetic_pairs/pairs/v11_SYN_0467_01102_drop_orbit_left_72_seed40102_partial_freeze_foreground/loser_future.mp4,generated
v11_SYN_0468_01102_drop_orbit_left_72_seed40102_wrong_camera_motion_visible,01102_drop_orbit_left_72_seed40102,wrong_camera_motion_visible,0.6,local_assets/dpo_pair_factory_v11/synthetic_pairs/pairs/v11_SYN_0468_01102_drop_orbit_left_72_seed40102_wrong_camera_motion_visible/loser_future.mp4,generated
v11_SYN_0469_01108_drop_orbit_left_72_seed40108_drop_motion_failure_synthetic,01108_drop_orbit_left_72_seed40108,drop_motion_failure_synthetic,0.4,local_assets/dpo_pair_factory_v11/synthetic_pairs/pairs/v11_SYN_0469_01108_drop_orbit_left_72_seed40108_drop_motion_failure_synthetic/loser_future.mp4,generated
v11_SYN_0470_01108_drop_orbit_left_72_seed40108_object_duplicate_or_fragment,01108_drop_orbit_left_72_seed40108,object_duplicate_or_fragment,0.45,local_assets/dpo_pair_factory_v11/synthetic_pairs/pairs/v11_SYN_0470_01108_drop_orbit_left_72_seed40108_object_duplicate_or_fragment/loser_future.mp4,generated
v11_SYN_0471_01108_drop_orbit_left_72_seed40108_local_scene_patch_drift,01108_drop_orbit_left_72_seed40108,local_scene_patch_drift,0.5,local_assets/dpo_pair_factory_v11/synthetic_pairs/pairs/v11_SYN_0471_01108_drop_orbit_left_72_seed40108_local_scene_patch_drift/loser_future.mp4,generated
v11_SYN_0472_01108_drop_orbit_left_72_seed40108_object_identity_color_shift,01108_drop_orbit_left_72_seed40108,object_identity_color_shift,0.55,local_assets/dpo_pair_factory_v11/synthetic_pairs/pairs/v11_SYN_0472_01108_drop_orbit_left_72_seed40108_object_identity_color_shift/loser_future.mp4,generated
v11_SYN_0473_01108_drop_orbit_left_72_seed40108_partial_freeze_foreground,01108_drop_orbit_left_72_seed40108,partial_freeze_foreground,0.6,local_assets/dpo_pair_factory_v11/synthetic_pairs/pairs/v11_SYN_0473_01108_drop_orbit_left_72_seed40108_partial_freeze_foreground/loser_future.mp4,generated
v11_SYN_0474_01108_drop_orbit_left_72_seed40108_wrong_camera_motion_visible,01108_drop_orbit_left_72_seed40108,wrong_camera_motion_visible,0.65,local_assets/dpo_pair_factory_v11/synthetic_pairs/pairs/v11_SYN_0474_01108_drop_orbit_left_72_seed40108_wrong_camera_motion_visible/loser_future.mp4,generated
v11_SYN_0475_v6b_GT_C_001_01014_drop_orbit_left_72_seed40014_drop_motion_failure_synthetic,v6b_GT_C_001_01014_drop_orbit_left_72_seed40014,drop_motion_failure_synthetic,0.45,local_assets/dpo_pair_factory_v11/synthetic_pairs/pairs/v11_SYN_0475_v6b_GT_C_001_01014_drop_orbit_left_72_seed40014_drop_motion_failure_synthetic/loser_future.mp4,generated
v11_SYN_0476_v6b_GT_C_001_01014_drop_orbit_left_72_seed40014_object_duplicate_or_fragment,v6b_GT_C_001_01014_drop_orbit_left_72_seed40014,object_duplicate_or_fragment,0.5,local_assets/dpo_pair_factory_v11/synthetic_pairs/pairs/v11_SYN_0476_v6b_GT_C_001_01014_drop_orbit_left_72_seed40014_object_duplicate_or_fragment/loser_future.mp4,generated
v11_SYN_0477_v6b_GT_C_001_01014_drop_orbit_left_72_seed40014_local_scene_patch_drift,v6b_GT_C_001_01014_drop_orbit_left_72_seed40014,local_scene_patch_drift,0.55,local_assets/dpo_pair_factory_v11/synthetic_pairs/pairs/v11_SYN_0477_v6b_GT_C_001_01014_drop_orbit_left_72_seed40014_local_scene_patch_drift/loser_future.mp4,generated
v11_SYN_0478_v6b_GT_C_001_01014_drop_orbit_left_72_seed40014_object_identity_color_shift,v6b_GT_C_001_01014_drop_orbit_left_72_seed40014,object_identity_color_shift,0.6,local_assets/dpo_pair_factory_v11/synthetic_pairs/pairs/v11_SYN_0478_v6b_GT_C_001_01014_drop_orbit_left_72_seed40014_object_identity_color_shift/loser_future.mp4,generated
v11_SYN_0479_v6b_GT_C_001_01014_drop_orbit_left_72_seed40014_partial_freeze_foreground,v6b_GT_C_001_01014_drop_orbit_left_72_seed40014,partial_freeze_foreground,0.65,local_assets/dpo_pair_factory_v11/synthetic_pairs/pairs/v11_SYN_0479_v6b_GT_C_001_01014_drop_orbit_left_72_seed40014_partial_freeze_foreground/loser_future.mp4,generated
v11_SYN_0480_v6b_GT_C_001_01014_drop_orbit_left_72_seed40014_wrong_camera_motion_visible,v6b_GT_C_001_01014_drop_orbit_left_72_seed40014,wrong_camera_motion_visible,0.35,local_assets/dpo_pair_factory_v11/synthetic_pairs/pairs/v11_SYN_0480_v6b_GT_C_001_01014_drop_orbit_left_72_seed40014_wrong_camera_motion_visible/loser_future.mp4,generated
v11_SYN_0481_03409_roll_orbit_right_60_seed42409_roll_event_fragment_synthetic,03409_roll_orbit_right_60_seed42409,roll_event_fragment_synthetic,0.5,local_assets/dpo_pair_factory_v11/synthetic_pairs/pairs/v11_SYN_0481_03409_roll_orbit_right_60_seed42409_roll_event_fragment_synthetic/loser_future.mp4,generated
v11_SYN_0482_03409_roll_orbit_right_60_seed42409_wrong_camera_motion_visible,03409_roll_orbit_right_60_seed42409,wrong_camera_motion_visible,0.55,local_assets/dpo_pair_factory_v11/synthetic_pairs/pairs/v11_SYN_0482_03409_roll_orbit_right_60_seed42409_wrong_camera_motion_visible/loser_future.mp4,generated
v11_SYN_0483_03409_roll_orbit_right_60_seed42409_object_deformation_visible,03409_roll_orbit_right_60_seed42409,object_deformation_visible,0.6,local_assets/dpo_pair_factory_v11/synthetic_pairs/pairs/v11_SYN_0483_03409_roll_orbit_right_60_seed42409_object_deformation_visible/loser_future.mp4,generated
v11_SYN_0484_03409_roll_orbit_right_60_seed42409_partial_freeze_foreground,03409_roll_orbit_right_60_seed42409,partial_freeze_foreground,0.65,local_assets/dpo_pair_factory_v11/synthetic_pairs/pairs/v11_SYN_0484_03409_roll_orbit_right_60_seed42409_partial_freeze_foreground/loser_future.mp4,generated
v11_SYN_0485_03409_roll_orbit_right_60_seed42409_background_drift_visible,03409_roll_orbit_right_60_seed42409,background_drift_visible,0.35,local_assets/dpo_pair_factory_v11/synthetic_pairs/pairs/v11_SYN_0485_03409_roll_orbit_right_60_seed42409_background_drift_visible/loser_future.mp4,generated
v11_SYN_0486_03409_roll_orbit_right_60_seed42409_object_identity_color_shift,03409_roll_orbit_right_60_seed42409,object_identity_color_shift,0.4,local_assets/dpo_pair_factory_v11/synthetic_pairs/pairs/v11_SYN_0486_03409_roll_orbit_right_60_seed42409_object_identity_color_shift/loser_future.mp4,generated
v11_SYN_0487_03410_roll_orbit_right_60_seed42410_roll_event_fragment_synthetic,03410_roll_orbit_right_60_seed42410,roll_event_fragment_synthetic,0.55,local_assets/dpo_pair_factory_v11/synthetic_pairs/pairs/v11_SYN_0487_03410_roll_orbit_right_60_seed42410_roll_event_fragment_synthetic/loser_future.mp4,generated
v11_SYN_0488_03410_roll_orbit_right_60_seed42410_wrong_camera_motion_visible,03410_roll_orbit_right_60_seed42410,wrong_camera_motion_visible,0.6,local_assets/dpo_pair_factory_v11/synthetic_pairs/pairs/v11_SYN_0488_03410_roll_orbit_right_60_seed42410_wrong_camera_motion_visible/loser_future.mp4,generated
v11_SYN_0489_03410_roll_orbit_right_60_seed42410_object_deformation_visible,03410_roll_orbit_right_60_seed42410,object_deformation_visible,0.65,local_assets/dpo_pair_factory_v11/synthetic_pairs/pairs/v11_SYN_0489_03410_roll_orbit_right_60_seed42410_object_deformation_visible/loser_future.mp4,generated
v11_SYN_0490_03410_roll_orbit_right_60_seed42410_partial_freeze_foreground,03410_roll_orbit_right_60_seed42410,partial_freeze_foreground,0.35,local_assets/dpo_pair_factory_v11/synthetic_pairs/pairs/v11_SYN_0490_03410_roll_orbit_right_60_seed42410_partial_freeze_foreground/loser_future.mp4,generated
v11_SYN_0491_03410_roll_orbit_right_60_seed42410_background_drift_visible,03410_roll_orbit_right_60_seed42410,background_drift_visible,0.4,local_assets/dpo_pair_factory_v11/synthetic_pairs/pairs/v11_SYN_0491_03410_roll_orbit_right_60_seed42410_background_drift_visible/loser_future.mp4,generated
v11_SYN_0492_03410_roll_orbit_right_60_seed42410_object_identity_color_shift,03410_roll_orbit_right_60_seed42410,object_identity_color_shift,0.45,local_assets/dpo_pair_factory_v11/synthetic_pairs/pairs/v11_SYN_0492_03410_roll_orbit_right_60_seed42410_object_identity_color_shift/loser_future.mp4,generated
v11_SYN_0493_03413_roll_orbit_right_60_seed42413_roll_event_fragment_synthetic,03413_roll_orbit_right_60_seed42413,roll_event_fragment_synthetic,0.6,local_assets/dpo_pair_factory_v11/synthetic_pairs/pairs/v11_SYN_0493_03413_roll_orbit_right_60_seed42413_roll_event_fragment_synthetic/loser_future.mp4,generated
v11_SYN_0494_03413_roll_orbit_right_60_seed42413_wrong_camera_motion_visible,03413_roll_orbit_right_60_seed42413,wrong_camera_motion_visible,0.65,local_assets/dpo_pair_factory_v11/synthetic_pairs/pairs/v11_SYN_0494_03413_roll_orbit_right_60_seed42413_wrong_camera_motion_visible/loser_future.mp4,generated
v11_SYN_0495_03413_roll_orbit_right_60_seed42413_object_deformation_visible,03413_roll_orbit_right_60_seed42413,object_deformation_visible,0.35,local_assets/dpo_pair_factory_v11/synthetic_pairs/pairs/v11_SYN_0495_03413_roll_orbit_right_60_seed42413_object_deformation_visible/loser_future.mp4,generated
v11_SYN_0496_03413_roll_orbit_right_60_seed42413_partial_freeze_foreground,03413_roll_orbit_right_60_seed42413,partial_freeze_foreground,0.4,local_assets/dpo_pair_factory_v11/synthetic_pairs/pairs/v11_SYN_0496_03413_roll_orbit_right_60_seed42413_partial_freeze_foreground/loser_future.mp4,generated
v11_SYN_0497_03413_roll_orbit_right_60_seed42413_background_drift_visible,03413_roll_orbit_right_60_seed42413,background_drift_visible,0.45,local_assets/dpo_pair_factory_v11/synthetic_pairs/pairs/v11_SYN_0497_03413_roll_orbit_right_60_seed42413_background_drift_visible/loser_future.mp4,generated
v11_SYN_0498_03413_roll_orbit_right_60_seed42413_object_identity_color_shift,03413_roll_orbit_right_60_seed42413,object_identity_color_shift,0.5,local_assets/dpo_pair_factory_v11/synthetic_pairs/pairs/v11_SYN_0498_03413_roll_orbit_right_60_seed42413_object_identity_color_shift/loser_future.mp4,generated
v11_SYN_0499_03418_roll_orbit_right_60_seed42418_roll_event_fragment_synthetic,03418_roll_orbit_right_60_seed42418,roll_event_fragment_synthetic,0.65,local_assets/dpo_pair_factory_v11/synthetic_pairs/pairs/v11_SYN_0499_03418_roll_orbit_right_60_seed42418_roll_event_fragment_synthetic/loser_future.mp4,generated
v11_SYN_0500_03418_roll_orbit_right_60_seed42418_wrong_camera_motion_visible,03418_roll_orbit_right_60_seed42418,wrong_camera_motion_visible,0.35,local_assets/dpo_pair_factory_v11/synthetic_pairs/pairs/v11_SYN_0500_03418_roll_orbit_right_60_seed42418_wrong_camera_motion_visible/loser_future.mp4,generated
v11_SYN_0501_03418_roll_orbit_right_60_seed42418_object_deformation_visible,03418_roll_orbit_right_60_seed42418,object_deformation_visible,0.4,local_assets/dpo_pair_factory_v11/synthetic_pairs/pairs/v11_SYN_0501_03418_roll_orbit_right_60_seed42418_object_deformation_visible/loser_future.mp4,generated
v11_SYN_0502_03418_roll_orbit_right_60_seed42418_partial_freeze_foreground,03418_roll_orbit_right_60_seed42418,partial_freeze_foreground,0.45,local_assets/dpo_pair_factory_v11/synthetic_pairs/pairs/v11_SYN_0502_03418_roll_orbit_right_60_seed42418_partial_freeze_foreground/loser_future.mp4,generated
v11_SYN_0503_03418_roll_orbit_right_60_seed42418_background_drift_visible,03418_roll_orbit_right_60_seed42418,background_drift_visible,0.5,local_assets/dpo_pair_factory_v11/synthetic_pairs/pairs/v11_SYN_0503_03418_roll_orbit_right_60_seed42418_background_drift_visible/loser_future.mp4,generated
v11_SYN_0504_03418_roll_orbit_right_60_seed42418_object_identity_color_shift,03418_roll_orbit_right_60_seed42418,object_identity_color_shift,0.55,local_assets/dpo_pair_factory_v11/synthetic_pairs/pairs/v11_SYN_0504_03418_roll_orbit_right_60_seed42418_object_identity_color_shift/loser_future.mp4,generated
v11_SYN_0505_03435_roll_orbit_right_60_seed42435_roll_event_fragment_synthetic,03435_roll_orbit_right_60_seed42435,roll_event_fragment_synthetic,0.35,local_assets/dpo_pair_factory_v11/synthetic_pairs/pairs/v11_SYN_0505_03435_roll_orbit_right_60_seed42435_roll_event_fragment_synthetic/loser_future.mp4,generated
v11_SYN_0506_03435_roll_orbit_right_60_seed42435_wrong_camera_motion_visible,03435_roll_orbit_right_60_seed42435,wrong_camera_motion_visible,0.4,local_assets/dpo_pair_factory_v11/synthetic_pairs/pairs/v11_SYN_0506_03435_roll_orbit_right_60_seed42435_wrong_camera_motion_visible/loser_future.mp4,generated
v11_SYN_0507_03435_roll_orbit_right_60_seed42435_object_deformation_visible,03435_roll_orbit_right_60_seed42435,object_deformation_visible,0.45,local_assets/dpo_pair_factory_v11/synthetic_pairs/pairs/v11_SYN_0507_03435_roll_orbit_right_60_seed42435_object_deformation_visible/loser_future.mp4,generated
v11_SYN_0508_03435_roll_orbit_right_60_seed42435_partial_freeze_foreground,03435_roll_orbit_right_60_seed42435,partial_freeze_foreground,0.5,local_assets/dpo_pair_factory_v11/synthetic_pairs/pairs/v11_SYN_0508_03435_roll_orbit_right_60_seed42435_partial_freeze_foreground/loser_future.mp4,generated
v11_SYN_0509_03435_roll_orbit_right_60_seed42435_background_drift_visible,03435_roll_orbit_right_60_seed42435,background_drift_visible,0.55,local_assets/dpo_pair_factory_v11/synthetic_pairs/pairs/v11_SYN_0509_03435_roll_orbit_right_60_seed42435_background_drift_visible/loser_future.mp4,generated
v11_SYN_0510_03435_roll_orbit_right_60_seed42435_object_identity_color_shift,03435_roll_orbit_right_60_seed42435,object_identity_color_shift,0.6,local_assets/dpo_pair_factory_v11/synthetic_pairs/pairs/v11_SYN_0510_03435_roll_orbit_right_60_seed42435_object_identity_color_shift/loser_future.mp4,generated
v11_SYN_0511_03437_roll_orbit_right_60_seed42437_roll_event_fragment_synthetic,03437_roll_orbit_right_60_seed42437,roll_event_fragment_synthetic,0.4,local_assets/dpo_pair_factory_v11/synthetic_pairs/pairs/v11_SYN_0511_03437_roll_orbit_right_60_seed42437_roll_event_fragment_synthetic/loser_future.mp4,generated
v11_SYN_0512_03437_roll_orbit_right_60_seed42437_wrong_camera_motion_visible,03437_roll_orbit_right_60_seed42437,wrong_camera_motion_visible,0.45,local_assets/dpo_pair_factory_v11/synthetic_pairs/pairs/v11_SYN_0512_03437_roll_orbit_right_60_seed42437_wrong_camera_motion_visible/loser_future.mp4,generated
v11_SYN_0513_03437_roll_orbit_right_60_seed42437_object_deformation_visible,03437_roll_orbit_right_60_seed42437,object_deformation_visible,0.5,local_assets/dpo_pair_factory_v11/synthetic_pairs/pairs/v11_SYN_0513_03437_roll_orbit_right_60_seed42437_object_deformation_visible/loser_future.mp4,generated
v11_SYN_0514_03437_roll_orbit_right_60_seed42437_partial_freeze_foreground,03437_roll_orbit_right_60_seed42437,partial_freeze_foreground,0.55,local_assets/dpo_pair_factory_v11/synthetic_pairs/pairs/v11_SYN_0514_03437_roll_orbit_right_60_seed42437_partial_freeze_foreground/loser_future.mp4,generated
v11_SYN_0515_03437_roll_orbit_right_60_seed42437_background_drift_visible,03437_roll_orbit_right_60_seed42437,background_drift_visible,0.6,local_assets/dpo_pair_factory_v11/synthetic_pairs/pairs/v11_SYN_0515_03437_roll_orbit_right_60_seed42437_background_drift_visible/loser_future.mp4,generated
v11_SYN_0516_03437_roll_orbit_right_60_seed42437_object_identity_color_shift,03437_roll_orbit_right_60_seed42437,object_identity_color_shift,0.65,local_assets/dpo_pair_factory_v11/synthetic_pairs/pairs/v11_SYN_0516_03437_roll_orbit_right_60_seed42437_object_identity_color_shift/loser_future.mp4,generated
v11_SYN_0517_03440_roll_orbit_right_60_seed42440_roll_event_fragment_synthetic,03440_roll_orbit_right_60_seed42440,roll_event_fragment_synthetic,0.45,local_assets/dpo_pair_factory_v11/synthetic_pairs/pairs/v11_SYN_0517_03440_roll_orbit_right_60_seed42440_roll_event_fragment_synthetic/loser_future.mp4,generated
v11_SYN_0518_03440_roll_orbit_right_60_seed42440_wrong_camera_motion_visible,03440_roll_orbit_right_60_seed42440,wrong_camera_motion_visible,0.5,local_assets/dpo_pair_factory_v11/synthetic_pairs/pairs/v11_SYN_0518_03440_roll_orbit_right_60_seed42440_wrong_camera_motion_visible/loser_future.mp4,generated
v11_SYN_0519_03440_roll_orbit_right_60_seed42440_object_deformation_visible,03440_roll_orbit_right_60_seed42440,object_deformation_visible,0.55,local_assets/dpo_pair_factory_v11/synthetic_pairs/pairs/v11_SYN_0519_03440_roll_orbit_right_60_seed42440_object_deformation_visible/loser_future.mp4,generated
v11_SYN_0520_03440_roll_orbit_right_60_seed42440_partial_freeze_foreground,03440_roll_orbit_right_60_seed42440,partial_freeze_foreground,0.6,local_assets/dpo_pair_factory_v11/synthetic_pairs/pairs/v11_SYN_0520_03440_roll_orbit_right_60_seed42440_partial_freeze_foreground/loser_future.mp4,generated
v11_SYN_0521_03440_roll_orbit_right_60_seed42440_background_drift_visible,03440_roll_orbit_right_60_seed42440,background_drift_visible,0.65,local_assets/dpo_pair_factory_v11/synthetic_pairs/pairs/v11_SYN_0521_03440_roll_orbit_right_60_seed42440_background_drift_visible/loser_future.mp4,generated
v11_SYN_0522_03440_roll_orbit_right_60_seed42440_object_identity_color_shift,03440_roll_orbit_right_60_seed42440,object_identity_color_shift,0.35,local_assets/dpo_pair_factory_v11/synthetic_pairs/pairs/v11_SYN_0522_03440_roll_orbit_right_60_seed42440_object_identity_color_shift/loser_future.mp4,generated
v11_SYN_0523_03442_roll_orbit_right_60_seed42442_roll_event_fragment_synthetic,03442_roll_orbit_right_60_seed42442,roll_event_fragment_synthetic,0.5,local_assets/dpo_pair_factory_v11/synthetic_pairs/pairs/v11_SYN_0523_03442_roll_orbit_right_60_seed42442_roll_event_fragment_synthetic/loser_future.mp4,generated
v11_SYN_0524_03442_roll_orbit_right_60_seed42442_wrong_camera_motion_visible,03442_roll_orbit_right_60_seed42442,wrong_camera_motion_visible,0.55,local_assets/dpo_pair_factory_v11/synthetic_pairs/pairs/v11_SYN_0524_03442_roll_orbit_right_60_seed42442_wrong_camera_motion_visible/loser_future.mp4,generated
v11_SYN_0525_03442_roll_orbit_right_60_seed42442_object_deformation_visible,03442_roll_orbit_right_60_seed42442,object_deformation_visible,0.6,local_assets/dpo_pair_factory_v11/synthetic_pairs/pairs/v11_SYN_0525_03442_roll_orbit_right_60_seed42442_object_deformation_visible/loser_future.mp4,generated
v11_SYN_0526_03442_roll_orbit_right_60_seed42442_partial_freeze_foreground,03442_roll_orbit_right_60_seed42442,partial_freeze_foreground,0.65,local_assets/dpo_pair_factory_v11/synthetic_pairs/pairs/v11_SYN_0526_03442_roll_orbit_right_60_seed42442_partial_freeze_foreground/loser_future.mp4,generated
v11_SYN_0527_03442_roll_orbit_right_60_seed42442_background_drift_visible,03442_roll_orbit_right_60_seed42442,background_drift_visible,0.35,local_assets/dpo_pair_factory_v11/synthetic_pairs/pairs/v11_SYN_0527_03442_roll_orbit_right_60_seed42442_background_drift_visible/loser_future.mp4,generated
v11_SYN_0528_03442_roll_orbit_right_60_seed42442_object_identity_color_shift,03442_roll_orbit_right_60_seed42442,object_identity_color_shift,0.4,local_assets/dpo_pair_factory_v11/synthetic_pairs/pairs/v11_SYN_0528_03442_roll_orbit_right_60_seed42442_object_identity_color_shift/loser_future.mp4,generated
v11_SYN_0529_03453_roll_orbit_right_60_seed42453_roll_event_fragment_synthetic,03453_roll_orbit_right_60_seed42453,roll_event_fragment_synthetic,0.55,local_assets/dpo_pair_factory_v11/synthetic_pairs/pairs/v11_SYN_0529_03453_roll_orbit_right_60_seed42453_roll_event_fragment_synthetic/loser_future.mp4,generated
v11_SYN_0530_03453_roll_orbit_right_60_seed42453_wrong_camera_motion_visible,03453_roll_orbit_right_60_seed42453,wrong_camera_motion_visible,0.6,local_assets/dpo_pair_factory_v11/synthetic_pairs/pairs/v11_SYN_0530_03453_roll_orbit_right_60_seed42453_wrong_camera_motion_visible/loser_future.mp4,generated
v11_SYN_0531_03453_roll_orbit_right_60_seed42453_object_deformation_visible,03453_roll_orbit_right_60_seed42453,object_deformation_visible,0.65,local_assets/dpo_pair_factory_v11/synthetic_pairs/pairs/v11_SYN_0531_03453_roll_orbit_right_60_seed42453_object_deformation_visible/loser_future.mp4,generated
v11_SYN_0532_03453_roll_orbit_right_60_seed42453_partial_freeze_foreground,03453_roll_orbit_right_60_seed42453,partial_freeze_foreground,0.35,local_assets/dpo_pair_factory_v11/synthetic_pairs/pairs/v11_SYN_0532_03453_roll_orbit_right_60_seed42453_partial_freeze_foreground/loser_future.mp4,generated
v11_SYN_0533_03453_roll_orbit_right_60_seed42453_background_drift_visible,03453_roll_orbit_right_60_seed42453,background_drift_visible,0.4,local_assets/dpo_pair_factory_v11/synthetic_pairs/pairs/v11_SYN_0533_03453_roll_orbit_right_60_seed42453_background_drift_visible/loser_future.mp4,generated
v11_SYN_0534_03453_roll_orbit_right_60_seed42453_object_identity_color_shift,03453_roll_orbit_right_60_seed42453,object_identity_color_shift,0.45,local_assets/dpo_pair_factory_v11/synthetic_pairs/pairs/v11_SYN_0534_03453_roll_orbit_right_60_seed42453_object_identity_color_shift/loser_future.mp4,generated
v11_SYN_0535_03465_roll_orbit_right_60_seed42465_roll_event_fragment_synthetic,03465_roll_orbit_right_60_seed42465,roll_event_fragment_synthetic,0.6,local_assets/dpo_pair_factory_v11/synthetic_pairs/pairs/v11_SYN_0535_03465_roll_orbit_right_60_seed42465_roll_event_fragment_synthetic/loser_future.mp4,generated
v11_SYN_0536_03465_roll_orbit_right_60_seed42465_wrong_camera_motion_visible,03465_roll_orbit_right_60_seed42465,wrong_camera_motion_visible,0.65,local_assets/dpo_pair_factory_v11/synthetic_pairs/pairs/v11_SYN_0536_03465_roll_orbit_right_60_seed42465_wrong_camera_motion_visible/loser_future.mp4,generated
v11_SYN_0537_03465_roll_orbit_right_60_seed42465_object_deformation_visible,03465_roll_orbit_right_60_seed42465,object_deformation_visible,0.35,local_assets/dpo_pair_factory_v11/synthetic_pairs/pairs/v11_SYN_0537_03465_roll_orbit_right_60_seed42465_object_deformation_visible/loser_future.mp4,generated
v11_SYN_0538_03465_roll_orbit_right_60_seed42465_partial_freeze_foreground,03465_roll_orbit_right_60_seed42465,partial_freeze_foreground,0.4,local_assets/dpo_pair_factory_v11/synthetic_pairs/pairs/v11_SYN_0538_03465_roll_orbit_right_60_seed42465_partial_freeze_foreground/loser_future.mp4,generated
v11_SYN_0539_03465_roll_orbit_right_60_seed42465_background_drift_visible,03465_roll_orbit_right_60_seed42465,background_drift_visible,0.45,local_assets/dpo_pair_factory_v11/synthetic_pairs/pairs/v11_SYN_0539_03465_roll_orbit_right_60_seed42465_background_drift_visible/loser_future.mp4,generated
v11_SYN_0540_03465_roll_orbit_right_60_seed42465_object_identity_color_shift,03465_roll_orbit_right_60_seed42465,object_identity_color_shift,0.5,local_assets/dpo_pair_factory_v11/synthetic_pairs/pairs/v11_SYN_0540_03465_roll_orbit_right_60_seed42465_object_identity_color_shift/loser_future.mp4,generated
v11_SYN_0541_03472_roll_orbit_right_60_seed42472_roll_event_fragment_synthetic,03472_roll_orbit_right_60_seed42472,roll_event_fragment_synthetic,0.65,local_assets/dpo_pair_factory_v11/synthetic_pairs/pairs/v11_SYN_0541_03472_roll_orbit_right_60_seed42472_roll_event_fragment_synthetic/loser_future.mp4,generated
v11_SYN_0542_03472_roll_orbit_right_60_seed42472_wrong_camera_motion_visible,03472_roll_orbit_right_60_seed42472,wrong_camera_motion_visible,0.35,local_assets/dpo_pair_factory_v11/synthetic_pairs/pairs/v11_SYN_0542_03472_roll_orbit_right_60_seed42472_wrong_camera_motion_visible/loser_future.mp4,generated
v11_SYN_0543_03472_roll_orbit_right_60_seed42472_object_deformation_visible,03472_roll_orbit_right_60_seed42472,object_deformation_visible,0.4,local_assets/dpo_pair_factory_v11/synthetic_pairs/pairs/v11_SYN_0543_03472_roll_orbit_right_60_seed42472_object_deformation_visible/loser_future.mp4,generated
v11_SYN_0544_03472_roll_orbit_right_60_seed42472_partial_freeze_foreground,03472_roll_orbit_right_60_seed42472,partial_freeze_foreground,0.45,local_assets/dpo_pair_factory_v11/synthetic_pairs/pairs/v11_SYN_0544_03472_roll_orbit_right_60_seed42472_partial_freeze_foreground/loser_future.mp4,generated
v11_SYN_0545_03472_roll_orbit_right_60_seed42472_background_drift_visible,03472_roll_orbit_right_60_seed42472,background_drift_visible,0.5,local_assets/dpo_pair_factory_v11/synthetic_pairs/pairs/v11_SYN_0545_03472_roll_orbit_right_60_seed42472_background_drift_visible/loser_future.mp4,generated
v11_SYN_0546_03472_roll_orbit_right_60_seed42472_object_identity_color_shift,03472_roll_orbit_right_60_seed42472,object_identity_color_shift,0.55,local_assets/dpo_pair_factory_v11/synthetic_pairs/pairs/v11_SYN_0546_03472_roll_orbit_right_60_seed42472_object_identity_color_shift/loser_future.mp4,generated
v11_SYN_0547_03477_roll_orbit_right_60_seed42477_roll_event_fragment_synthetic,03477_roll_orbit_right_60_seed42477,roll_event_fragment_synthetic,0.35,local_assets/dpo_pair_factory_v11/synthetic_pairs/pairs/v11_SYN_0547_03477_roll_orbit_right_60_seed42477_roll_event_fragment_synthetic/loser_future.mp4,generated
v11_SYN_0548_03477_roll_orbit_right_60_seed42477_wrong_camera_motion_visible,03477_roll_orbit_right_60_seed42477,wrong_camera_motion_visible,0.4,local_assets/dpo_pair_factory_v11/synthetic_pairs/pairs/v11_SYN_0548_03477_roll_orbit_right_60_seed42477_wrong_camera_motion_visible/loser_future.mp4,generated
v11_SYN_0549_03477_roll_orbit_right_60_seed42477_object_deformation_visible,03477_roll_orbit_right_60_seed42477,object_deformation_visible,0.45,local_assets/dpo_pair_factory_v11/synthetic_pairs/pairs/v11_SYN_0549_03477_roll_orbit_right_60_seed42477_object_deformation_visible/loser_future.mp4,generated
v11_SYN_0550_03477_roll_orbit_right_60_seed42477_partial_freeze_foreground,03477_roll_orbit_right_60_seed42477,partial_freeze_foreground,0.5,local_assets/dpo_pair_factory_v11/synthetic_pairs/pairs/v11_SYN_0550_03477_roll_orbit_right_60_seed42477_partial_freeze_foreground/loser_future.mp4,generated
v11_SYN_0551_03477_roll_orbit_right_60_seed42477_background_drift_visible,03477_roll_orbit_right_60_seed42477,background_drift_visible,0.55,local_assets/dpo_pair_factory_v11/synthetic_pairs/pairs/v11_SYN_0551_03477_roll_orbit_right_60_seed42477_background_drift_visible/loser_future.mp4,generated
v11_SYN_0552_03477_roll_orbit_right_60_seed42477_object_identity_color_shift,03477_roll_orbit_right_60_seed42477,object_identity_color_shift,0.6,local_assets/dpo_pair_factory_v11/synthetic_pairs/pairs/v11_SYN_0552_03477_roll_orbit_right_60_seed42477_object_identity_color_shift/loser_future.mp4,generated
v11_SYN_0553_03484_roll_orbit_right_60_seed42484_roll_event_fragment_synthetic,03484_roll_orbit_right_60_seed42484,roll_event_fragment_synthetic,0.4,local_assets/dpo_pair_factory_v11/synthetic_pairs/pairs/v11_SYN_0553_03484_roll_orbit_right_60_seed42484_roll_event_fragment_synthetic/loser_future.mp4,generated
v11_SYN_0554_03484_roll_orbit_right_60_seed42484_wrong_camera_motion_visible,03484_roll_orbit_right_60_seed42484,wrong_camera_motion_visible,0.45,local_assets/dpo_pair_factory_v11/synthetic_pairs/pairs/v11_SYN_0554_03484_roll_orbit_right_60_seed42484_wrong_camera_motion_visible/loser_future.mp4,generated
v11_SYN_0555_03484_roll_orbit_right_60_seed42484_object_deformation_visible,03484_roll_orbit_right_60_seed42484,object_deformation_visible,0.5,local_assets/dpo_pair_factory_v11/synthetic_pairs/pairs/v11_SYN_0555_03484_roll_orbit_right_60_seed42484_object_deformation_visible/loser_future.mp4,generated
v11_SYN_0556_03484_roll_orbit_right_60_seed42484_partial_freeze_foreground,03484_roll_orbit_right_60_seed42484,partial_freeze_foreground,0.55,local_assets/dpo_pair_factory_v11/synthetic_pairs/pairs/v11_SYN_0556_03484_roll_orbit_right_60_seed42484_partial_freeze_foreground/loser_future.mp4,generated
v11_SYN_0557_03484_roll_orbit_right_60_seed42484_background_drift_visible,03484_roll_orbit_right_60_seed42484,background_drift_visible,0.6,local_assets/dpo_pair_factory_v11/synthetic_pairs/pairs/v11_SYN_0557_03484_roll_orbit_right_60_seed42484_background_drift_visible/loser_future.mp4,generated
v11_SYN_0558_03484_roll_orbit_right_60_seed42484_object_identity_color_shift,03484_roll_orbit_right_60_seed42484,object_identity_color_shift,0.65,local_assets/dpo_pair_factory_v11/synthetic_pairs/pairs/v11_SYN_0558_03484_roll_orbit_right_60_seed42484_object_identity_color_shift/loser_future.mp4,generated
v11_SYN_0559_03494_roll_orbit_right_60_seed42494_roll_event_fragment_synthetic,03494_roll_orbit_right_60_seed42494,roll_event_fragment_synthetic,0.45,local_assets/dpo_pair_factory_v11/synthetic_pairs/pairs/v11_SYN_0559_03494_roll_orbit_right_60_seed42494_roll_event_fragment_synthetic/loser_future.mp4,generated
v11_SYN_0560_03494_roll_orbit_right_60_seed42494_wrong_camera_motion_visible,03494_roll_orbit_right_60_seed42494,wrong_camera_motion_visible,0.5,local_assets/dpo_pair_factory_v11/synthetic_pairs/pairs/v11_SYN_0560_03494_roll_orbit_right_60_seed42494_wrong_camera_motion_visible/loser_future.mp4,generated
v11_SYN_0561_03494_roll_orbit_right_60_seed42494_object_deformation_visible,03494_roll_orbit_right_60_seed42494,object_deformation_visible,0.55,local_assets/dpo_pair_factory_v11/synthetic_pairs/pairs/v11_SYN_0561_03494_roll_orbit_right_60_seed42494_object_deformation_visible/loser_future.mp4,generated
v11_SYN_0562_03494_roll_orbit_right_60_seed42494_partial_freeze_foreground,03494_roll_orbit_right_60_seed42494,partial_freeze_foreground,0.6,local_assets/dpo_pair_factory_v11/synthetic_pairs/pairs/v11_SYN_0562_03494_roll_orbit_right_60_seed42494_partial_freeze_foreground/loser_future.mp4,generated
v11_SYN_0563_03494_roll_orbit_right_60_seed42494_background_drift_visible,03494_roll_orbit_right_60_seed42494,background_drift_visible,0.65,local_assets/dpo_pair_factory_v11/synthetic_pairs/pairs/v11_SYN_0563_03494_roll_orbit_right_60_seed42494_background_drift_visible/loser_future.mp4,generated
v11_SYN_0564_03494_roll_orbit_right_60_seed42494_object_identity_color_shift,03494_roll_orbit_right_60_seed42494,object_identity_color_shift,0.35,local_assets/dpo_pair_factory_v11/synthetic_pairs/pairs/v11_SYN_0564_03494_roll_orbit_right_60_seed42494_object_identity_color_shift/loser_future.mp4,generated
v11_SYN_0565_03495_roll_orbit_right_60_seed42495_roll_event_fragment_synthetic,03495_roll_orbit_right_60_seed42495,roll_event_fragment_synthetic,0.5,local_assets/dpo_pair_factory_v11/synthetic_pairs/pairs/v11_SYN_0565_03495_roll_orbit_right_60_seed42495_roll_event_fragment_synthetic/loser_future.mp4,generated
v11_SYN_0566_03495_roll_orbit_right_60_seed42495_wrong_camera_motion_visible,03495_roll_orbit_right_60_seed42495,wrong_camera_motion_visible,0.55,local_assets/dpo_pair_factory_v11/synthetic_pairs/pairs/v11_SYN_0566_03495_roll_orbit_right_60_seed42495_wrong_camera_motion_visible/loser_future.mp4,generated
v11_SYN_0567_03495_roll_orbit_right_60_seed42495_object_deformation_visible,03495_roll_orbit_right_60_seed42495,object_deformation_visible,0.6,local_assets/dpo_pair_factory_v11/synthetic_pairs/pairs/v11_SYN_0567_03495_roll_orbit_right_60_seed42495_object_deformation_visible/loser_future.mp4,generated
v11_SYN_0568_03495_roll_orbit_right_60_seed42495_partial_freeze_foreground,03495_roll_orbit_right_60_seed42495,partial_freeze_foreground,0.65,local_assets/dpo_pair_factory_v11/synthetic_pairs/pairs/v11_SYN_0568_03495_roll_orbit_right_60_seed42495_partial_freeze_foreground/loser_future.mp4,generated
v11_SYN_0569_03495_roll_orbit_right_60_seed42495_background_drift_visible,03495_roll_orbit_right_60_seed42495,background_drift_visible,0.35,local_assets/dpo_pair_factory_v11/synthetic_pairs/pairs/v11_SYN_0569_03495_roll_orbit_right_60_seed42495_background_drift_visible/loser_future.mp4,generated
v11_SYN_0570_03495_roll_orbit_right_60_seed42495_object_identity_color_shift,03495_roll_orbit_right_60_seed42495,object_identity_color_shift,0.4,local_assets/dpo_pair_factory_v11/synthetic_pairs/pairs/v11_SYN_0570_03495_roll_orbit_right_60_seed42495_object_identity_color_shift/loser_future.mp4,generated
v11_SYN_0571_03505_roll_orbit_right_60_seed42505_roll_event_fragment_synthetic,03505_roll_orbit_right_60_seed42505,roll_event_fragment_synthetic,0.55,local_assets/dpo_pair_factory_v11/synthetic_pairs/pairs/v11_SYN_0571_03505_roll_orbit_right_60_seed42505_roll_event_fragment_synthetic/loser_future.mp4,generated
v11_SYN_0572_03505_roll_orbit_right_60_seed42505_wrong_camera_motion_visible,03505_roll_orbit_right_60_seed42505,wrong_camera_motion_visible,0.6,local_assets/dpo_pair_factory_v11/synthetic_pairs/pairs/v11_SYN_0572_03505_roll_orbit_right_60_seed42505_wrong_camera_motion_visible/loser_future.mp4,generated
v11_SYN_0573_03505_roll_orbit_right_60_seed42505_object_deformation_visible,03505_roll_orbit_right_60_seed42505,object_deformation_visible,0.65,local_assets/dpo_pair_factory_v11/synthetic_pairs/pairs/v11_SYN_0573_03505_roll_orbit_right_60_seed42505_object_deformation_visible/loser_future.mp4,generated
v11_SYN_0574_03505_roll_orbit_right_60_seed42505_partial_freeze_foreground,03505_roll_orbit_right_60_seed42505,partial_freeze_foreground,0.35,local_assets/dpo_pair_factory_v11/synthetic_pairs/pairs/v11_SYN_0574_03505_roll_orbit_right_60_seed42505_partial_freeze_foreground/loser_future.mp4,generated
v11_SYN_0575_03505_roll_orbit_right_60_seed42505_background_drift_visible,03505_roll_orbit_right_60_seed42505,background_drift_visible,0.4,local_assets/dpo_pair_factory_v11/synthetic_pairs/pairs/v11_SYN_0575_03505_roll_orbit_right_60_seed42505_background_drift_visible/loser_future.mp4,generated
v11_SYN_0576_03505_roll_orbit_right_60_seed42505_object_identity_color_shift,03505_roll_orbit_right_60_seed42505,object_identity_color_shift,0.45,local_assets/dpo_pair_factory_v11/synthetic_pairs/pairs/v11_SYN_0576_03505_roll_orbit_right_60_seed42505_object_identity_color_shift/loser_future.mp4,generated
v11_SYN_0577_03533_roll_orbit_right_60_seed42533_roll_event_fragment_synthetic,03533_roll_orbit_right_60_seed42533,roll_event_fragment_synthetic,0.6,local_assets/dpo_pair_factory_v11/synthetic_pairs/pairs/v11_SYN_0577_03533_roll_orbit_right_60_seed42533_roll_event_fragment_synthetic/loser_future.mp4,generated
v11_SYN_0578_03533_roll_orbit_right_60_seed42533_wrong_camera_motion_visible,03533_roll_orbit_right_60_seed42533,wrong_camera_motion_visible,0.65,local_assets/dpo_pair_factory_v11/synthetic_pairs/pairs/v11_SYN_0578_03533_roll_orbit_right_60_seed42533_wrong_camera_motion_visible/loser_future.mp4,generated
v11_SYN_0579_03533_roll_orbit_right_60_seed42533_object_deformation_visible,03533_roll_orbit_right_60_seed42533,object_deformation_visible,0.35,local_assets/dpo_pair_factory_v11/synthetic_pairs/pairs/v11_SYN_0579_03533_roll_orbit_right_60_seed42533_object_deformation_visible/loser_future.mp4,generated
v11_SYN_0580_03533_roll_orbit_right_60_seed42533_partial_freeze_foreground,03533_roll_orbit_right_60_seed42533,partial_freeze_foreground,0.4,local_assets/dpo_pair_factory_v11/synthetic_pairs/pairs/v11_SYN_0580_03533_roll_orbit_right_60_seed42533_partial_freeze_foreground/loser_future.mp4,generated
v11_SYN_0581_03533_roll_orbit_right_60_seed42533_background_drift_visible,03533_roll_orbit_right_60_seed42533,background_drift_visible,0.45,local_assets/dpo_pair_factory_v11/synthetic_pairs/pairs/v11_SYN_0581_03533_roll_orbit_right_60_seed42533_background_drift_visible/loser_future.mp4,generated
v11_SYN_0582_03533_roll_orbit_right_60_seed42533_object_identity_color_shift,03533_roll_orbit_right_60_seed42533,object_identity_color_shift,0.5,local_assets/dpo_pair_factory_v11/synthetic_pairs/pairs/v11_SYN_0582_03533_roll_orbit_right_60_seed42533_object_identity_color_shift/loser_future.mp4,generated
v11_SYN_0583_03536_roll_orbit_right_60_seed42536_roll_event_fragment_synthetic,03536_roll_orbit_right_60_seed42536,roll_event_fragment_synthetic,0.65,local_assets/dpo_pair_factory_v11/synthetic_pairs/pairs/v11_SYN_0583_03536_roll_orbit_right_60_seed42536_roll_event_fragment_synthetic/loser_future.mp4,generated
v11_SYN_0584_03536_roll_orbit_right_60_seed42536_wrong_camera_motion_visible,03536_roll_orbit_right_60_seed42536,wrong_camera_motion_visible,0.35,local_assets/dpo_pair_factory_v11/synthetic_pairs/pairs/v11_SYN_0584_03536_roll_orbit_right_60_seed42536_wrong_camera_motion_visible/loser_future.mp4,generated
v11_SYN_0585_03536_roll_orbit_right_60_seed42536_object_deformation_visible,03536_roll_orbit_right_60_seed42536,object_deformation_visible,0.4,local_assets/dpo_pair_factory_v11/synthetic_pairs/pairs/v11_SYN_0585_03536_roll_orbit_right_60_seed42536_object_deformation_visible/loser_future.mp4,generated
v11_SYN_0586_03536_roll_orbit_right_60_seed42536_partial_freeze_foreground,03536_roll_orbit_right_60_seed42536,partial_freeze_foreground,0.45,local_assets/dpo_pair_factory_v11/synthetic_pairs/pairs/v11_SYN_0586_03536_roll_orbit_right_60_seed42536_partial_freeze_foreground/loser_future.mp4,generated
v11_SYN_0587_03536_roll_orbit_right_60_seed42536_background_drift_visible,03536_roll_orbit_right_60_seed42536,background_drift_visible,0.5,local_assets/dpo_pair_factory_v11/synthetic_pairs/pairs/v11_SYN_0587_03536_roll_orbit_right_60_seed42536_background_drift_visible/loser_future.mp4,generated
v11_SYN_0588_03536_roll_orbit_right_60_seed42536_object_identity_color_shift,03536_roll_orbit_right_60_seed42536,object_identity_color_shift,0.55,local_assets/dpo_pair_factory_v11/synthetic_pairs/pairs/v11_SYN_0588_03536_roll_orbit_right_60_seed42536_object_identity_color_shift/loser_future.mp4,generated
v11_SYN_0589_03542_roll_orbit_right_60_seed42542_roll_event_fragment_synthetic,03542_roll_orbit_right_60_seed42542,roll_event_fragment_synthetic,0.35,local_assets/dpo_pair_factory_v11/synthetic_pairs/pairs/v11_SYN_0589_03542_roll_orbit_right_60_seed42542_roll_event_fragment_synthetic/loser_future.mp4,generated
v11_SYN_0590_03542_roll_orbit_right_60_seed42542_wrong_camera_motion_visible,03542_roll_orbit_right_60_seed42542,wrong_camera_motion_visible,0.4,local_assets/dpo_pair_factory_v11/synthetic_pairs/pairs/v11_SYN_0590_03542_roll_orbit_right_60_seed42542_wrong_camera_motion_visible/loser_future.mp4,generated
v11_SYN_0591_03542_roll_orbit_right_60_seed42542_object_deformation_visible,03542_roll_orbit_right_60_seed42542,object_deformation_visible,0.45,local_assets/dpo_pair_factory_v11/synthetic_pairs/pairs/v11_SYN_0591_03542_roll_orbit_right_60_seed42542_object_deformation_visible/loser_future.mp4,generated
v11_SYN_0592_03542_roll_orbit_right_60_seed42542_partial_freeze_foreground,03542_roll_orbit_right_60_seed42542,partial_freeze_foreground,0.5,local_assets/dpo_pair_factory_v11/synthetic_pairs/pairs/v11_SYN_0592_03542_roll_orbit_right_60_seed42542_partial_freeze_foreground/loser_future.mp4,generated
v11_SYN_0593_03542_roll_orbit_right_60_seed42542_background_drift_visible,03542_roll_orbit_right_60_seed42542,background_drift_visible,0.55,local_assets/dpo_pair_factory_v11/synthetic_pairs/pairs/v11_SYN_0593_03542_roll_orbit_right_60_seed42542_background_drift_visible/loser_future.mp4,generated
v11_SYN_0594_03542_roll_orbit_right_60_seed42542_object_identity_color_shift,03542_roll_orbit_right_60_seed42542,object_identity_color_shift,0.6,local_assets/dpo_pair_factory_v11/synthetic_pairs/pairs/v11_SYN_0594_03542_roll_orbit_right_60_seed42542_object_identity_color_shift/loser_future.mp4,generated
v11_SYN_0595_03544_roll_orbit_right_60_seed42544_roll_event_fragment_synthetic,03544_roll_orbit_right_60_seed42544,roll_event_fragment_synthetic,0.4,local_assets/dpo_pair_factory_v11/synthetic_pairs/pairs/v11_SYN_0595_03544_roll_orbit_right_60_seed42544_roll_event_fragment_synthetic/loser_future.mp4,generated
v11_SYN_0596_03544_roll_orbit_right_60_seed42544_wrong_camera_motion_visible,03544_roll_orbit_right_60_seed42544,wrong_camera_motion_visible,0.45,local_assets/dpo_pair_factory_v11/synthetic_pairs/pairs/v11_SYN_0596_03544_roll_orbit_right_60_seed42544_wrong_camera_motion_visible/loser_future.mp4,generated
v11_SYN_0597_03544_roll_orbit_right_60_seed42544_object_deformation_visible,03544_roll_orbit_right_60_seed42544,object_deformation_visible,0.5,local_assets/dpo_pair_factory_v11/synthetic_pairs/pairs/v11_SYN_0597_03544_roll_orbit_right_60_seed42544_object_deformation_visible/loser_future.mp4,generated
v11_SYN_0598_03544_roll_orbit_right_60_seed42544_partial_freeze_foreground,03544_roll_orbit_right_60_seed42544,partial_freeze_foreground,0.55,local_assets/dpo_pair_factory_v11/synthetic_pairs/pairs/v11_SYN_0598_03544_roll_orbit_right_60_seed42544_partial_freeze_foreground/loser_future.mp4,generated
v11_SYN_0599_03544_roll_orbit_right_60_seed42544_background_drift_visible,03544_roll_orbit_right_60_seed42544,background_drift_visible,0.6,local_assets/dpo_pair_factory_v11/synthetic_pairs/pairs/v11_SYN_0599_03544_roll_orbit_right_60_seed42544_background_drift_visible/loser_future.mp4,generated
v11_SYN_0600_03544_roll_orbit_right_60_seed42544_object_identity_color_shift,03544_roll_orbit_right_60_seed42544,object_identity_color_shift,0.65,local_assets/dpo_pair_factory_v11/synthetic_pairs/pairs/v11_SYN_0600_03544_roll_orbit_right_60_seed42544_object_identity_color_shift/loser_future.mp4,generated
