source,line_no,pair_id,pair_type,v14_pair_source,schema_ok,errors,prefix_exists,winner_full_exists,winner_future_exists,loser_full_exists,loser_future_exists
manifests/dpo_v14_subsets/s_pass.jsonl,1,v6b_GT_C_007_04228_containment_orbit_left_44_seed43228,GT_C,other,False,missing_condition_prefix_video_path|missing_winner_future_video_path|missing_loser_full_video_path|missing_loser_future_video_path,False,True,False,False,False
manifests/dpo_v14_subsets/s_pass.jsonl,2,v10_TypeM_071_01038_drop_orbit_left_72_seed40038_foreground_identity_color_shift,TypeM_v10_synthetic_visible,synthetic_controlled,False,missing_condition_prefix_video_path|missing_winner_full_video_path|missing_winner_future_video_path|missing_loser_full_video_path|missing_loser_future_video_path,False,False,False,False,False
manifests/dpo_v14_subsets/s_pass.jsonl,3,v10_TypeM_067_01014_drop_orbit_left_72_seed40014_foreground_identity_color_shift,TypeM_v10_synthetic_visible,synthetic_controlled,False,missing_condition_prefix_video_path|missing_winner_full_video_path|missing_winner_future_video_path|missing_loser_full_video_path|missing_loser_future_video_path,False,False,False,False,False
manifests/dpo_v14_subsets/s_pass.jsonl,4,v10_TypeM_039_04214_containment_orbit_left_44_seed43214_foreground_identity_color_shift,TypeM_v10_synthetic_visible,synthetic_controlled,False,missing_condition_prefix_video_path|missing_winner_full_video_path|missing_winner_future_video_path|missing_loser_full_video_path|missing_loser_future_video_path,False,False,False,False,False
manifests/dpo_v14_subsets/stratified100.jsonl,1,v6b_GT_C_011_02276_collision_orbit_right_64_seed41276,GT_C,other,False,missing_condition_prefix_video_path|missing_winner_future_video_path|missing_loser_full_video_path|missing_loser_future_video_path,False,True,False,False,False
manifests/dpo_v14_subsets/stratified100.jsonl,2,v6b_GT_C_012_02284_collision_orbit_right_64_seed41284,GT_C,other,False,missing_condition_prefix_video_path|missing_winner_future_video_path|missing_loser_full_video_path|missing_loser_future_video_path,False,True,False,False,False
manifests/dpo_v14_subsets/stratified100.jsonl,3,v6b_GT_C_015_04248_containment_orbit_left_44_seed43248,GT_C,other,False,missing_condition_prefix_video_path|missing_winner_future_video_path|missing_loser_full_video_path|missing_loser_future_video_path,False,True,False,False,False
manifests/dpo_v14_subsets/stratified100.jsonl,4,v6b_GT_C_004_04204_containment_orbit_left_44_seed43204,GT_C,other,False,missing_condition_prefix_video_path|missing_winner_future_video_path|missing_loser_full_video_path|missing_loser_future_video_path,False,True,False,False,False
manifests/dpo_v14_subsets/stratified100.jsonl,5,v6b_GT_C_001_01014_drop_orbit_left_72_seed40014,GT_C,other,False,missing_condition_prefix_video_path|missing_winner_future_video_path|missing_loser_full_video_path|missing_loser_future_video_path,False,True,False,False,False
manifests/dpo_v14_subsets/stratified100.jsonl,6,v6b_GT_C_002_03410_roll_orbit_right_60_seed42410,GT_C,other,False,missing_condition_prefix_video_path|missing_winner_future_video_path|missing_loser_full_video_path|missing_loser_future_video_path,False,True,False,False,False
manifests/dpo_v14_subsets/stratified100.jsonl,7,v6b_GT_C_006_04214_containment_orbit_left_44_seed43214,GT_C,other,False,missing_condition_prefix_video_path|missing_winner_future_video_path|missing_loser_full_video_path|missing_loser_future_video_path,False,True,False,False,False
manifests/dpo_v14_subsets/stratified100.jsonl,8,v6b_GT_C_008_01029_drop_orbit_left_72_seed40029,GT_C,other,False,missing_condition_prefix_video_path|missing_winner_future_video_path|missing_loser_full_video_path|missing_loser_future_video_path,False,True,False,False,False
manifests/dpo_v14_subsets/stratified100.jsonl,9,v6b_GT_C_003_03418_roll_orbit_right_60_seed42418,GT_C,other,False,missing_condition_prefix_video_path|missing_winner_future_video_path|missing_loser_full_video_path|missing_loser_future_video_path,False,True,False,False,False
manifests/dpo_v14_subsets/stratified100.jsonl,10,v6b_GT_C_013_03435_roll_orbit_right_60_seed42435,GT_C,other,False,missing_condition_prefix_video_path|missing_winner_future_video_path|missing_loser_full_video_path|missing_loser_future_video_path,False,True,False,False,False
manifests/dpo_v14_subsets/stratified100.jsonl,11,v11_SYN_0017_02215_collision_strafe_left_180_seed41215_background_drift_visible,TypeM_v11_synthetic_visible,synthetic_controlled,False,missing_condition_prefix_video_path|missing_condition_poses|missing_condition_intrinsics|missing_winner_future_video_path|missing_loser_full_video_path,False,True,False,False,True
manifests/dpo_v14_subsets/stratified100.jsonl,12,v11_SYN_0013_02215_collision_strafe_left_180_seed41215_collision_response_failure_synthetic,TypeM_v11_synthetic_visible,synthetic_controlled,False,missing_condition_prefix_video_path|missing_condition_poses|missing_condition_intrinsics|missing_winner_future_video_path|missing_loser_full_video_path,False,True,False,False,True
manifests/dpo_v14_subsets/stratified100.jsonl,13,v11_SYN_0223_04209_containment_orbit_left_44_seed43209_containment_failure_synthetic,TypeM_v11_synthetic_visible,synthetic_controlled,False,missing_condition_prefix_video_path|missing_condition_poses|missing_condition_intrinsics|missing_winner_future_video_path|missing_loser_full_video_path,False,True,False,False,True
manifests/dpo_v14_subsets/stratified100.jsonl,14,v11_SYN_0379_01002_drop_orbit_left_72_seed40002_drop_motion_failure_synthetic,TypeM_v11_synthetic_visible,synthetic_controlled,False,missing_condition_prefix_video_path|missing_condition_poses|missing_condition_intrinsics|missing_winner_future_video_path|missing_loser_full_video_path,False,True,False,False,True
manifests/dpo_v14_subsets/stratified100.jsonl,15,v10_TypeM_067_01014_drop_orbit_left_72_seed40014_foreground_identity_color_shift,TypeM_v10_synthetic_visible,synthetic_controlled,False,missing_condition_prefix_video_path|missing_winner_full_video_path|missing_winner_future_video_path|missing_loser_full_video_path|missing_loser_future_video_path,False,False,False,False,False
manifests/dpo_v14_subsets/stratified100.jsonl,16,v10_TypeM_066_01013_drop_orbit_left_72_seed40013_local_patch_drift,TypeM_v10_synthetic_visible,synthetic_controlled,False,missing_condition_prefix_video_path|missing_winner_full_video_path|missing_winner_future_video_path|missing_loser_full_video_path|missing_loser_future_video_path,False,False,False,False,False
manifests/dpo_v14_subsets/stratified100.jsonl,17,v10_TypeM_065_01008_drop_orbit_left_72_seed40008_local_patch_freeze,TypeM_v10_synthetic_visible,synthetic_controlled,False,missing_condition_prefix_video_path|missing_winner_full_video_path|missing_winner_future_video_path|missing_loser_full_video_path|missing_loser_future_video_path,False,False,False,False,False
manifests/dpo_v14_subsets/stratified100.jsonl,18,v11_SYN_0387_01008_drop_orbit_left_72_seed40008_local_scene_patch_drift,TypeM_v11_synthetic_visible,synthetic_controlled,False,missing_condition_prefix_video_path|missing_condition_poses|missing_condition_intrinsics|missing_winner_future_video_path|missing_loser_full_video_path,False,True,False,False,True
manifests/dpo_v14_subsets/stratified100.jsonl,19,v10_TypeM_064_01002_drop_orbit_left_72_seed40002_local_temporal_jump,TypeM_v10_synthetic_visible,synthetic_controlled,False,missing_condition_prefix_video_path|missing_winner_full_video_path|missing_winner_future_video_path|missing_loser_full_video_path|missing_loser_future_video_path,False,False,False,False,False
manifests/dpo_v14_subsets/stratified100.jsonl,20,v11_SYN_0038_02239_collision_strafe_left_180_seed41239_object_deformation_visible,TypeM_v11_synthetic_visible,synthetic_controlled,False,missing_condition_prefix_video_path|missing_condition_poses|missing_condition_intrinsics|missing_winner_future_video_path|missing_loser_full_video_path,False,True,False,False,True
manifests/dpo_v14_subsets/stratified100.jsonl,21,v11_SYN_0386_01008_drop_orbit_left_72_seed40008_object_duplicate_or_fragment,TypeM_v11_synthetic_visible,synthetic_controlled,False,missing_condition_prefix_video_path|missing_condition_poses|missing_condition_intrinsics|missing_winner_future_video_path|missing_loser_full_video_path,False,True,False,False,True
manifests/dpo_v14_subsets/stratified100.jsonl,22,v11_SYN_0382_01002_drop_orbit_left_72_seed40002_object_identity_color_shift,TypeM_v11_synthetic_visible,synthetic_controlled,False,missing_condition_prefix_video_path|missing_condition_poses|missing_condition_intrinsics|missing_winner_future_video_path|missing_loser_full_video_path,False,True,False,False,True
manifests/dpo_v14_subsets/stratified100.jsonl,23,v11_SYN_0389_01008_drop_orbit_left_72_seed40008_partial_freeze_foreground,TypeM_v11_synthetic_visible,synthetic_controlled,False,missing_condition_prefix_video_path|missing_condition_poses|missing_condition_intrinsics|missing_winner_future_video_path|missing_loser_full_video_path,False,True,False,False,True
manifests/dpo_v14_subsets/stratified100.jsonl,24,v11_SYN_0224_04209_containment_orbit_left_44_seed43209_reobserve_mismatch_visible,TypeM_v11_synthetic_visible,synthetic_controlled,False,missing_condition_prefix_video_path|missing_condition_poses|missing_condition_intrinsics|missing_winner_future_video_path|missing_loser_full_video_path,False,True,False,False,True
manifests/dpo_v14_subsets/stratified100.jsonl,25,v11_SYN_0487_03410_roll_orbit_right_60_seed42410_roll_event_fragment_synthetic,TypeM_v11_synthetic_visible,synthetic_controlled,False,missing_condition_prefix_video_path|missing_condition_poses|missing_condition_intrinsics|missing_winner_future_video_path|missing_loser_full_video_path,False,True,False,False,True
manifests/dpo_v14_subsets/stratified100.jsonl,26,v11_SYN_0384_01002_drop_orbit_left_72_seed40002_wrong_camera_motion_visible,TypeM_v11_synthetic_visible,synthetic_controlled,False,missing_condition_prefix_video_path|missing_condition_poses|missing_condition_intrinsics|missing_winner_future_video_path|missing_loser_full_video_path,False,True,False,False,True
manifests/dpo_v14_subsets/stratified100.jsonl,27,v6b_GT_C_016_04249_containment_orbit_left_44_seed43249,GT_C,other,False,missing_condition_prefix_video_path|missing_winner_future_video_path|missing_loser_full_video_path|missing_loser_future_video_path,False,True,False,False,False
manifests/dpo_v14_subsets/stratified100.jsonl,28,v6b_GT_C_005_04209_containment_orbit_left_44_seed43209,GT_C,other,False,missing_condition_prefix_video_path|missing_winner_future_video_path|missing_loser_full_video_path|missing_loser_future_video_path,False,True,False,False,False
manifests/dpo_v14_subsets/stratified100.jsonl,29,v6b_GT_C_009_01032_drop_orbit_left_72_seed40032,GT_C,other,False,missing_condition_prefix_video_path|missing_winner_future_video_path|missing_loser_full_video_path|missing_loser_future_video_path,False,True,False,False,False
manifests/dpo_v14_subsets/stratified100.jsonl,30,v6b_GT_C_014_03437_roll_orbit_right_60_seed42437,GT_C,other,False,missing_condition_prefix_video_path|missing_winner_future_video_path|missing_loser_full_video_path|missing_loser_future_video_path,False,True,False,False,False
manifests/dpo_v14_subsets/stratified100.jsonl,31,v11_SYN_0035_02228_collision_orbit_right_64_seed41228_background_drift_visible,TypeM_v11_synthetic_visible,synthetic_controlled,False,missing_condition_prefix_video_path|missing_condition_poses|missing_condition_intrinsics|missing_winner_future_video_path|missing_loser_full_video_path,False,True,False,False,True
manifests/dpo_v14_subsets/stratified100.jsonl,32,v11_SYN_EXTRA_0009_02215_collision_strafe_left_180_seed41215_collision_response_failure_synthetic,TypeM_v11_synthetic_visible,synthetic_controlled,False,missing_condition_prefix_video_path|missing_condition_poses|missing_condition_intrinsics|missing_winner_future_video_path|missing_loser_full_video_path,False,True,False,False,True
manifests/dpo_v14_subsets/stratified100.jsonl,33,v11_SYN_EXTRA_0149_04209_containment_orbit_left_44_seed43209_containment_failure_synthetic,TypeM_v11_synthetic_visible,synthetic_controlled,False,missing_condition_prefix_video_path|missing_condition_poses|missing_condition_intrinsics|missing_winner_future_video_path|missing_loser_full_video_path,False,True,False,False,True
manifests/dpo_v14_subsets/stratified100.jsonl,34,v11_SYN_0385_01008_drop_orbit_left_72_seed40008_drop_motion_failure_synthetic,TypeM_v11_synthetic_visible,synthetic_controlled,False,missing_condition_prefix_video_path|missing_condition_poses|missing_condition_intrinsics|missing_winner_future_video_path|missing_loser_full_video_path,False,True,False,False,True
manifests/dpo_v14_subsets/stratified100.jsonl,35,v10_TypeM_071_01038_drop_orbit_left_72_seed40038_foreground_identity_color_shift,TypeM_v10_synthetic_visible,synthetic_controlled,False,missing_condition_prefix_video_path|missing_winner_full_video_path|missing_winner_future_video_path|missing_loser_full_video_path|missing_loser_future_video_path,False,False,False,False,False
manifests/dpo_v14_subsets/stratified100.jsonl,36,v10_TypeM_070_01032_drop_orbit_left_72_seed40032_local_patch_drift,TypeM_v10_synthetic_visible,synthetic_controlled,False,missing_condition_prefix_video_path|missing_winner_full_video_path|missing_winner_future_video_path|missing_loser_full_video_path|missing_loser_future_video_path,False,False,False,False,False
manifests/dpo_v14_subsets/stratified100.jsonl,37,v10_TypeM_069_01029_drop_orbit_left_72_seed40029_local_patch_freeze,TypeM_v10_synthetic_visible,synthetic_controlled,False,missing_condition_prefix_video_path|missing_winner_full_video_path|missing_winner_future_video_path|missing_loser_full_video_path|missing_loser_future_video_path,False,False,False,False,False
manifests/dpo_v14_subsets/stratified100.jsonl,38,v11_SYN_0393_01013_drop_orbit_left_72_seed40013_local_scene_patch_drift,TypeM_v11_synthetic_visible,synthetic_controlled,False,missing_condition_prefix_video_path|missing_condition_poses|missing_condition_intrinsics|missing_winner_future_video_path|missing_loser_full_video_path,False,True,False,False,True
manifests/dpo_v14_subsets/stratified100.jsonl,39,v10_TypeM_072_01039_drop_orbit_left_72_seed40039_local_temporal_jump,TypeM_v10_synthetic_visible,synthetic_controlled,False,missing_condition_prefix_video_path|missing_winner_full_video_path|missing_winner_future_video_path|missing_loser_full_video_path|missing_loser_future_video_path,False,False,False,False,False
manifests/dpo_v14_subsets/stratified100.jsonl,40,v11_SYN_0056_02276_collision_orbit_right_64_seed41276_object_deformation_visible,TypeM_v11_synthetic_visible,synthetic_controlled,False,missing_condition_prefix_video_path|missing_condition_poses|missing_condition_intrinsics|missing_winner_future_video_path|missing_loser_full_video_path,False,True,False,False,True
manifests/dpo_v14_subsets/stratified100.jsonl,41,v11_SYN_0398_01014_drop_orbit_left_72_seed40014_object_duplicate_or_fragment,TypeM_v11_synthetic_visible,synthetic_controlled,False,missing_condition_prefix_video_path|missing_condition_poses|missing_condition_intrinsics|missing_winner_future_video_path|missing_loser_full_video_path,False,True,False,False,True
manifests/dpo_v14_subsets/stratified100.jsonl,42,v11_SYN_0388_01008_drop_orbit_left_72_seed40008_object_identity_color_shift,TypeM_v11_synthetic_visible,synthetic_controlled,False,missing_condition_prefix_video_path|missing_condition_poses|missing_condition_intrinsics|missing_winner_future_video_path|missing_loser_full_video_path,False,True,False,False,True
manifests/dpo_v14_subsets/stratified100.jsonl,43,v11_SYN_0395_01013_drop_orbit_left_72_seed40013_partial_freeze_foreground,TypeM_v11_synthetic_visible,synthetic_controlled,False,missing_condition_prefix_video_path|missing_condition_poses|missing_condition_intrinsics|missing_winner_future_video_path|missing_loser_full_video_path,False,True,False,False,True
manifests/dpo_v14_subsets/stratified100.jsonl,44,v11_SYN_0230_04214_containment_orbit_left_44_seed43214_reobserve_mismatch_visible,TypeM_v11_synthetic_visible,synthetic_controlled,False,missing_condition_prefix_video_path|missing_condition_poses|missing_condition_intrinsics|missing_winner_future_video_path|missing_loser_full_video_path,False,True,False,False,True
manifests/dpo_v14_subsets/stratified100.jsonl,45,v11_SYN_0493_03413_roll_orbit_right_60_seed42413_roll_event_fragment_synthetic,TypeM_v11_synthetic_visible,synthetic_controlled,False,missing_condition_prefix_video_path|missing_condition_poses|missing_condition_intrinsics|missing_winner_future_video_path|missing_loser_full_video_path,False,True,False,False,True
manifests/dpo_v14_subsets/stratified100.jsonl,46,v11_SYN_0396_01013_drop_orbit_left_72_seed40013_wrong_camera_motion_visible,TypeM_v11_synthetic_visible,synthetic_controlled,False,missing_condition_prefix_video_path|missing_condition_poses|missing_condition_intrinsics|missing_winner_future_video_path|missing_loser_full_video_path,False,True,False,False,True
manifests/dpo_v14_subsets/stratified100.jsonl,47,v6b_GT_C_007_04228_containment_orbit_left_44_seed43228,GT_C,other,False,missing_condition_prefix_video_path|missing_winner_future_video_path|missing_loser_full_video_path|missing_loser_future_video_path,False,True,False,False,False
manifests/dpo_v14_subsets/stratified100.jsonl,48,v11_SYN_0041_02239_collision_strafe_left_180_seed41239_background_drift_visible,TypeM_v11_synthetic_visible,synthetic_controlled,False,missing_condition_prefix_video_path|missing_condition_poses|missing_condition_intrinsics|missing_winner_future_video_path|missing_loser_full_video_path,False,True,False,False,True
manifests/dpo_v14_subsets/stratified100.jsonl,49,v11_SYN_0031_02228_collision_orbit_right_64_seed41228_collision_response_failure_synthetic,TypeM_v11_synthetic_visible,synthetic_controlled,False,missing_condition_prefix_video_path|missing_condition_poses|missing_condition_intrinsics|missing_winner_future_video_path|missing_loser_full_video_path,False,True,False,False,True
manifests/dpo_v14_subsets/stratified100.jsonl,50,v11_SYN_EXTRA_0153_04214_containment_orbit_left_44_seed43214_containment_failure_synthetic,TypeM_v11_synthetic_visible,synthetic_controlled,False,missing_condition_prefix_video_path|missing_condition_poses|missing_condition_intrinsics|missing_winner_future_video_path|missing_loser_full_video_path,False,True,False,False,True
manifests/dpo_v14_subsets/stratified100.jsonl,51,v11_SYN_0391_01013_drop_orbit_left_72_seed40013_drop_motion_failure_synthetic,TypeM_v11_synthetic_visible,synthetic_controlled,False,missing_condition_prefix_video_path|missing_condition_poses|missing_condition_intrinsics|missing_winner_future_video_path|missing_loser_full_video_path,False,True,False,False,True
manifests/dpo_v14_subsets/stratified100.jsonl,52,v10_TypeM_075_01079_drop_orbit_left_72_seed40079_foreground_identity_color_shift,TypeM_v10_synthetic_visible,synthetic_controlled,False,missing_condition_prefix_video_path|missing_winner_full_video_path|missing_winner_future_video_path|missing_loser_full_video_path|missing_loser_future_video_path,False,False,False,False,False
manifests/dpo_v14_subsets/stratified100.jsonl,53,v10_TypeM_074_01060_drop_orbit_left_72_seed40060_local_patch_drift,TypeM_v10_synthetic_visible,synthetic_controlled,False,missing_condition_prefix_video_path|missing_winner_full_video_path|missing_winner_future_video_path|missing_loser_full_video_path|missing_loser_future_video_path,False,False,False,False,False
manifests/dpo_v14_subsets/stratified100.jsonl,54,v10_TypeM_073_01047_drop_orbit_left_72_seed40047_local_patch_freeze,TypeM_v10_synthetic_visible,synthetic_controlled,False,missing_condition_prefix_video_path|missing_winner_full_video_path|missing_winner_future_video_path|missing_loser_full_video_path|missing_loser_future_video_path,False,False,False,False,False
manifests/dpo_v14_subsets/stratified100.jsonl,55,v11_SYN_0399_01014_drop_orbit_left_72_seed40014_local_scene_patch_drift,TypeM_v11_synthetic_visible,synthetic_controlled,False,missing_condition_prefix_video_path|missing_condition_poses|missing_condition_intrinsics|missing_winner_future_video_path|missing_loser_full_video_path,False,True,False,False,True
manifests/dpo_v14_subsets/stratified100.jsonl,56,v10_TypeM_076_01086_drop_orbit_left_72_seed40086_local_temporal_jump,TypeM_v10_synthetic_visible,synthetic_controlled,False,missing_condition_prefix_video_path|missing_winner_full_video_path|missing_winner_future_video_path|missing_loser_full_video_path|missing_loser_future_video_path,False,False,False,False,False
manifests/dpo_v14_subsets/stratified100.jsonl,57,v11_SYN_EXTRA_0070_02353_collision_strafe_left_180_seed41353_object_deformation_visible,TypeM_v11_synthetic_visible,synthetic_controlled,False,missing_condition_prefix_video_path|missing_condition_poses|missing_condition_intrinsics|missing_winner_future_video_path|missing_loser_full_video_path,False,True,False,False,True
manifests/dpo_v14_subsets/stratified100.jsonl,58,v11_SYN_0404_01026_drop_orbit_left_72_seed40026_object_duplicate_or_fragment,TypeM_v11_synthetic_visible,synthetic_controlled,False,missing_condition_prefix_video_path|missing_condition_poses|missing_condition_intrinsics|missing_winner_future_video_path|missing_loser_full_video_path,False,True,False,False,True
manifests/dpo_v14_subsets/stratified100.jsonl,59,v11_SYN_0394_01013_drop_orbit_left_72_seed40013_object_identity_color_shift,TypeM_v11_synthetic_visible,synthetic_controlled,False,missing_condition_prefix_video_path|missing_condition_poses|missing_condition_intrinsics|missing_winner_future_video_path|missing_loser_full_video_path,False,True,False,False,True
manifests/dpo_v14_subsets/stratified100.jsonl,60,v11_SYN_0401_01014_drop_orbit_left_72_seed40014_partial_freeze_foreground,TypeM_v11_synthetic_visible,synthetic_controlled,False,missing_condition_prefix_video_path|missing_condition_poses|missing_condition_intrinsics|missing_winner_future_video_path|missing_loser_full_video_path,False,True,False,False,True
manifests/dpo_v14_subsets/stratified100.jsonl,61,v11_SYN_EXTRA_0154_04214_containment_orbit_left_44_seed43214_reobserve_mismatch_visible,TypeM_v11_synthetic_visible,synthetic_controlled,False,missing_condition_prefix_video_path|missing_condition_poses|missing_condition_intrinsics|missing_winner_future_video_path|missing_loser_full_video_path,False,True,False,False,True
manifests/dpo_v14_subsets/stratified100.jsonl,62,v11_SYN_0499_03418_roll_orbit_right_60_seed42418_roll_event_fragment_synthetic,TypeM_v11_synthetic_visible,synthetic_controlled,False,missing_condition_prefix_video_path|missing_condition_poses|missing_condition_intrinsics|missing_winner_future_video_path|missing_loser_full_video_path,False,True,False,False,True
manifests/dpo_v14_subsets/stratified100.jsonl,63,v11_SYN_0414_01029_drop_orbit_left_72_seed40029_wrong_camera_motion_visible,TypeM_v11_synthetic_visible,synthetic_controlled,False,missing_condition_prefix_video_path|missing_condition_poses|missing_condition_intrinsics|missing_winner_future_video_path|missing_loser_full_video_path,False,True,False,False,True
manifests/dpo_v14_subsets/stratified100.jsonl,64,v11_SYN_0047_02259_collision_strafe_left_180_seed41259_background_drift_visible,TypeM_v11_synthetic_visible,synthetic_controlled,False,missing_condition_prefix_video_path|missing_condition_poses|missing_condition_intrinsics|missing_winner_future_video_path|missing_loser_full_video_path,False,True,False,False,True
manifests/dpo_v14_subsets/stratified100.jsonl,65,v11_SYN_EXTRA_0021_02228_collision_orbit_right_64_seed41228_collision_response_failure_synthetic,TypeM_v11_synthetic_visible,synthetic_controlled,False,missing_condition_prefix_video_path|missing_condition_poses|missing_condition_intrinsics|missing_winner_future_video_path|missing_loser_full_video_path,False,True,False,False,True
manifests/dpo_v14_subsets/stratified100.jsonl,66,v11_SYN_0235_04228_containment_orbit_left_44_seed43228_containment_failure_synthetic,TypeM_v11_synthetic_visible,synthetic_controlled,False,missing_condition_prefix_video_path|missing_condition_poses|missing_condition_intrinsics|missing_winner_future_video_path|missing_loser_full_video_path,False,True,False,False,True
manifests/dpo_v14_subsets/stratified100.jsonl,67,v11_SYN_0397_01014_drop_orbit_left_72_seed40014_drop_motion_failure_synthetic,TypeM_v11_synthetic_visible,synthetic_controlled,False,missing_condition_prefix_video_path|missing_condition_poses|missing_condition_intrinsics|missing_winner_future_video_path|missing_loser_full_video_path,False,True,False,False,True
manifests/dpo_v14_subsets/stratified100.jsonl,68,v10_TypeM_079_01108_drop_orbit_left_72_seed40108_foreground_identity_color_shift,TypeM_v10_synthetic_visible,synthetic_controlled,False,missing_condition_prefix_video_path|missing_winner_full_video_path|missing_winner_future_video_path|missing_loser_full_video_path|missing_loser_future_video_path,False,False,False,False,False
manifests/dpo_v14_subsets/stratified100.jsonl,69,v10_TypeM_078_01102_drop_orbit_left_72_seed40102_local_patch_drift,TypeM_v10_synthetic_visible,synthetic_controlled,False,missing_condition_prefix_video_path|missing_winner_full_video_path|missing_winner_future_video_path|missing_loser_full_video_path|missing_loser_future_video_path,False,False,False,False,False
manifests/dpo_v14_subsets/stratified100.jsonl,70,v10_TypeM_077_01101_drop_orbit_left_72_seed40101_local_patch_freeze,TypeM_v10_synthetic_visible,synthetic_controlled,False,missing_condition_prefix_video_path|missing_winner_full_video_path|missing_winner_future_video_path|missing_loser_full_video_path|missing_loser_future_video_path,False,False,False,False,False
manifests/dpo_v14_subsets/stratified100.jsonl,71,v11_SYN_0417_01032_drop_orbit_left_72_seed40032_local_scene_patch_drift,TypeM_v11_synthetic_visible,synthetic_controlled,False,missing_condition_prefix_video_path|missing_condition_poses|missing_condition_intrinsics|missing_winner_future_video_path|missing_loser_full_video_path,False,True,False,False,True
manifests/dpo_v14_subsets/stratified100.jsonl,72,v10_TypeM_004_02222_collision_orbit_right_64_seed41222_local_temporal_jump,TypeM_v10_synthetic_visible,synthetic_controlled,False,missing_condition_prefix_video_path|missing_winner_full_video_path|missing_winner_future_video_path|missing_loser_full_video_path|missing_loser_future_video_path,False,False,False,False,False
manifests/dpo_v14_subsets/stratified100.jsonl,73,v11_SYN_EXTRA_0082_02378_collision_orbit_right_64_seed41378_object_deformation_visible,TypeM_v11_synthetic_visible,synthetic_controlled,False,missing_condition_prefix_video_path|missing_condition_poses|missing_condition_intrinsics|missing_winner_future_video_path|missing_loser_full_video_path,False,True,False,False,True
manifests/dpo_v14_subsets/stratified100.jsonl,74,v11_SYN_0428_01039_drop_orbit_left_72_seed40039_object_duplicate_or_fragment,TypeM_v11_synthetic_visible,synthetic_controlled,False,missing_condition_prefix_video_path|missing_condition_poses|missing_condition_intrinsics|missing_winner_future_video_path|missing_loser_full_video_path,False,True,False,False,True
manifests/dpo_v14_subsets/stratified100.jsonl,75,v11_SYN_0400_01014_drop_orbit_left_72_seed40014_object_identity_color_shift,TypeM_v11_synthetic_visible,synthetic_controlled,False,missing_condition_prefix_video_path|missing_condition_poses|missing_condition_intrinsics|missing_winner_future_video_path|missing_loser_full_video_path,False,True,False,False,True
manifests/dpo_v14_subsets/stratified100.jsonl,76,v11_SYN_0413_01029_drop_orbit_left_72_seed40029_partial_freeze_foreground,TypeM_v11_synthetic_visible,synthetic_controlled,False,missing_condition_prefix_video_path|missing_condition_poses|missing_condition_intrinsics|missing_winner_future_video_path|missing_loser_full_video_path,False,True,False,False,True
manifests/dpo_v14_subsets/stratified100.jsonl,77,v11_SYN_0236_04228_containment_orbit_left_44_seed43228_reobserve_mismatch_visible,TypeM_v11_synthetic_visible,synthetic_controlled,False,missing_condition_prefix_video_path|missing_condition_poses|missing_condition_intrinsics|missing_winner_future_video_path|missing_loser_full_video_path,False,True,False,False,True
manifests/dpo_v14_subsets/stratified100.jsonl,78,v11_SYN_0505_03435_roll_orbit_right_60_seed42435_roll_event_fragment_synthetic,TypeM_v11_synthetic_visible,synthetic_controlled,False,missing_condition_prefix_video_path|missing_condition_poses|missing_condition_intrinsics|missing_winner_future_video_path|missing_loser_full_video_path,False,True,False,False,True
manifests/dpo_v14_subsets/stratified100.jsonl,79,v11_SYN_0420_01032_drop_orbit_left_72_seed40032_wrong_camera_motion_visible,TypeM_v11_synthetic_visible,synthetic_controlled,False,missing_condition_prefix_video_path|missing_condition_poses|missing_condition_intrinsics|missing_winner_future_video_path|missing_loser_full_video_path,False,True,False,False,True
manifests/dpo_v14_subsets/stratified100.jsonl,80,v11_SYN_0053_02262_collision_orbit_right_64_seed41262_background_drift_visible,TypeM_v11_synthetic_visible,synthetic_controlled,False,missing_condition_prefix_video_path|missing_condition_poses|missing_condition_intrinsics|missing_winner_future_video_path|missing_loser_full_video_path,False,True,False,False,True
manifests/dpo_v14_subsets/stratified100.jsonl,81,v11_SYN_EXTRA_0025_02239_collision_strafe_left_180_seed41239_collision_response_failure_synthetic,TypeM_v11_synthetic_visible,synthetic_controlled,False,missing_condition_prefix_video_path|missing_condition_poses|missing_condition_intrinsics|missing_winner_future_video_path|missing_loser_full_video_path,False,True,False,False,True
manifests/dpo_v14_subsets/stratified100.jsonl,82,v11_SYN_EXTRA_0157_04228_containment_orbit_left_44_seed43228_containment_failure_synthetic,TypeM_v11_synthetic_visible,synthetic_controlled,False,missing_condition_prefix_video_path|missing_condition_poses|missing_condition_intrinsics|missing_winner_future_video_path|missing_loser_full_video_path,False,True,False,False,True
manifests/dpo_v14_subsets/stratified100.jsonl,83,v11_SYN_0403_01026_drop_orbit_left_72_seed40026_drop_motion_failure_synthetic,TypeM_v11_synthetic_visible,synthetic_controlled,False,missing_condition_prefix_video_path|missing_condition_poses|missing_condition_intrinsics|missing_winner_future_video_path|missing_loser_full_video_path,False,True,False,False,True
manifests/dpo_v14_subsets/stratified100.jsonl,84,v10_TypeM_003_02215_collision_strafe_left_180_seed41215_foreground_identity_color_shift,TypeM_v10_synthetic_visible,synthetic_controlled,False,missing_condition_prefix_video_path|missing_winner_full_video_path|missing_winner_future_video_path|missing_loser_full_video_path|missing_loser_future_video_path,False,False,False,False,False
manifests/dpo_v14_subsets/stratified100.jsonl,85,v10_TypeM_002_02202_collision_orbit_right_64_seed41202_local_patch_drift,TypeM_v10_synthetic_visible,synthetic_controlled,False,missing_condition_prefix_video_path|missing_winner_full_video_path|missing_winner_future_video_path|missing_loser_full_video_path|missing_loser_future_video_path,False,False,False,False,False
manifests/dpo_v14_subsets/stratified100.jsonl,86,v10_TypeM_005_02226_collision_orbit_right_64_seed41226_local_patch_freeze,TypeM_v10_synthetic_visible,synthetic_controlled,False,missing_condition_prefix_video_path|missing_winner_full_video_path|missing_winner_future_video_path|missing_loser_full_video_path|missing_loser_future_video_path,False,False,False,False,False
manifests/dpo_v14_subsets/stratified100.jsonl,87,v11_SYN_0423_01038_drop_orbit_left_72_seed40038_local_scene_patch_drift,TypeM_v11_synthetic_visible,synthetic_controlled,False,missing_condition_prefix_video_path|missing_condition_poses|missing_condition_intrinsics|missing_winner_future_video_path|missing_loser_full_video_path,False,True,False,False,True
manifests/dpo_v14_subsets/stratified100.jsonl,88,v10_TypeM_016_02327_collision_strafe_left_180_seed41327_local_temporal_jump,TypeM_v10_synthetic_visible,synthetic_controlled,False,missing_condition_prefix_video_path|missing_winner_full_video_path|missing_winner_future_video_path|missing_loser_full_video_path|missing_loser_future_video_path,False,False,False,False,False
manifests/dpo_v14_subsets/stratified100.jsonl,89,v11_SYN_0537_03465_roll_orbit_right_60_seed42465_object_deformation_visible,TypeM_v11_synthetic_visible,synthetic_controlled,False,missing_condition_prefix_video_path|missing_condition_poses|missing_condition_intrinsics|missing_winner_future_video_path|missing_loser_full_video_path,False,True,False,False,True
manifests/dpo_v14_subsets/stratified100.jsonl,90,v11_SYN_0434_01047_drop_orbit_left_72_seed40047_object_duplicate_or_fragment,TypeM_v11_synthetic_visible,synthetic_controlled,False,missing_condition_prefix_video_path|missing_condition_poses|missing_condition_intrinsics|missing_winner_future_video_path|missing_loser_full_video_path,False,True,False,False,True
manifests/dpo_v14_subsets/stratified100.jsonl,91,v11_SYN_0406_01026_drop_orbit_left_72_seed40026_object_identity_color_shift,TypeM_v11_synthetic_visible,synthetic_controlled,False,missing_condition_prefix_video_path|missing_condition_poses|missing_condition_intrinsics|missing_winner_future_video_path|missing_loser_full_video_path,False,True,False,False,True
manifests/dpo_v14_subsets/stratified100.jsonl,92,v11_SYN_0419_01032_drop_orbit_left_72_seed40032_partial_freeze_foreground,TypeM_v11_synthetic_visible,synthetic_controlled,False,missing_condition_prefix_video_path|missing_condition_poses|missing_condition_intrinsics|missing_winner_future_video_path|missing_loser_full_video_path,False,True,False,False,True
manifests/dpo_v14_subsets/stratified100.jsonl,93,v11_SYN_EXTRA_0158_04228_containment_orbit_left_44_seed43228_reobserve_mismatch_visible,TypeM_v11_synthetic_visible,synthetic_controlled,False,missing_condition_prefix_video_path|missing_condition_poses|missing_condition_intrinsics|missing_winner_future_video_path|missing_loser_full_video_path,False,True,False,False,True
manifests/dpo_v14_subsets/stratified100.jsonl,94,v11_SYN_0511_03437_roll_orbit_right_60_seed42437_roll_event_fragment_synthetic,TypeM_v11_synthetic_visible,synthetic_controlled,False,missing_condition_prefix_video_path|missing_condition_poses|missing_condition_intrinsics|missing_winner_future_video_path|missing_loser_full_video_path,False,True,False,False,True
manifests/dpo_v14_subsets/stratified100.jsonl,95,v11_SYN_0432_01039_drop_orbit_left_72_seed40039_wrong_camera_motion_visible,TypeM_v11_synthetic_visible,synthetic_controlled,False,missing_condition_prefix_video_path|missing_condition_poses|missing_condition_intrinsics|missing_winner_future_video_path|missing_loser_full_video_path,False,True,False,False,True
manifests/dpo_v14_subsets/stratified100.jsonl,96,v11_SYN_0059_02276_collision_orbit_right_64_seed41276_background_drift_visible,TypeM_v11_synthetic_visible,synthetic_controlled,False,missing_condition_prefix_video_path|missing_condition_poses|missing_condition_intrinsics|missing_winner_future_video_path|missing_loser_full_video_path,False,True,False,False,True
manifests/dpo_v14_subsets/stratified100.jsonl,97,v11_SYN_0043_02259_collision_strafe_left_180_seed41259_collision_response_failure_synthetic,TypeM_v11_synthetic_visible,synthetic_controlled,False,missing_condition_prefix_video_path|missing_condition_poses|missing_condition_intrinsics|missing_winner_future_video_path|missing_loser_full_video_path,False,True,False,False,True
manifests/dpo_v14_subsets/stratified100.jsonl,98,v11_SYN_0241_04236_containment_orbit_left_44_seed43236_containment_failure_synthetic,TypeM_v11_synthetic_visible,synthetic_controlled,False,missing_condition_prefix_video_path|missing_condition_poses|missing_condition_intrinsics|missing_winner_future_video_path|missing_loser_full_video_path,False,True,False,False,True
manifests/dpo_v14_subsets/stratified100.jsonl,99,v11_SYN_0409_01029_drop_orbit_left_72_seed40029_drop_motion_failure_synthetic,TypeM_v11_synthetic_visible,synthetic_controlled,False,missing_condition_prefix_video_path|missing_condition_poses|missing_condition_intrinsics|missing_winner_future_video_path|missing_loser_full_video_path,False,True,False,False,True
manifests/dpo_v14_subsets/stratified100.jsonl,100,v10_TypeM_007_02239_collision_strafe_left_180_seed41239_foreground_identity_color_shift,TypeM_v10_synthetic_visible,synthetic_controlled,False,missing_condition_prefix_video_path|missing_winner_full_video_path|missing_winner_future_video_path|missing_loser_full_video_path|missing_loser_future_video_path,False,False,False,False,False
manifests/dpo_v14_subsets/synthetic_controlled.jsonl,1,v11_SYN_0017_02215_collision_strafe_left_180_seed41215_background_drift_visible,TypeM_v11_synthetic_visible,synthetic_controlled,False,missing_condition_prefix_video_path|missing_condition_poses|missing_condition_intrinsics|missing_winner_future_video_path|missing_loser_full_video_path,False,True,False,False,True
manifests/dpo_v14_subsets/synthetic_controlled.jsonl,2,v11_SYN_0013_02215_collision_strafe_left_180_seed41215_collision_response_failure_synthetic,TypeM_v11_synthetic_visible,synthetic_controlled,False,missing_condition_prefix_video_path|missing_condition_poses|missing_condition_intrinsics|missing_winner_future_video_path|missing_loser_full_video_path,False,True,False,False,True
manifests/dpo_v14_subsets/synthetic_controlled.jsonl,3,v11_SYN_0223_04209_containment_orbit_left_44_seed43209_containment_failure_synthetic,TypeM_v11_synthetic_visible,synthetic_controlled,False,missing_condition_prefix_video_path|missing_condition_poses|missing_condition_intrinsics|missing_winner_future_video_path|missing_loser_full_video_path,False,True,False,False,True
manifests/dpo_v14_subsets/synthetic_controlled.jsonl,4,v11_SYN_0379_01002_drop_orbit_left_72_seed40002_drop_motion_failure_synthetic,TypeM_v11_synthetic_visible,synthetic_controlled,False,missing_condition_prefix_video_path|missing_condition_poses|missing_condition_intrinsics|missing_winner_future_video_path|missing_loser_full_video_path,False,True,False,False,True
manifests/dpo_v14_subsets/synthetic_controlled.jsonl,5,v10_TypeM_067_01014_drop_orbit_left_72_seed40014_foreground_identity_color_shift,TypeM_v10_synthetic_visible,synthetic_controlled,False,missing_condition_prefix_video_path|missing_winner_full_video_path|missing_winner_future_video_path|missing_loser_full_video_path|missing_loser_future_video_path,False,False,False,False,False
manifests/dpo_v14_subsets/synthetic_controlled.jsonl,6,v10_TypeM_066_01013_drop_orbit_left_72_seed40013_local_patch_drift,TypeM_v10_synthetic_visible,synthetic_controlled,False,missing_condition_prefix_video_path|missing_winner_full_video_path|missing_winner_future_video_path|missing_loser_full_video_path|missing_loser_future_video_path,False,False,False,False,False
manifests/dpo_v14_subsets/synthetic_controlled.jsonl,7,v10_TypeM_065_01008_drop_orbit_left_72_seed40008_local_patch_freeze,TypeM_v10_synthetic_visible,synthetic_controlled,False,missing_condition_prefix_video_path|missing_winner_full_video_path|missing_winner_future_video_path|missing_loser_full_video_path|missing_loser_future_video_path,False,False,False,False,False
manifests/dpo_v14_subsets/synthetic_controlled.jsonl,8,v11_SYN_0387_01008_drop_orbit_left_72_seed40008_local_scene_patch_drift,TypeM_v11_synthetic_visible,synthetic_controlled,False,missing_condition_prefix_video_path|missing_condition_poses|missing_condition_intrinsics|missing_winner_future_video_path|missing_loser_full_video_path,False,True,False,False,True
manifests/dpo_v14_subsets/synthetic_controlled.jsonl,9,v10_TypeM_064_01002_drop_orbit_left_72_seed40002_local_temporal_jump,TypeM_v10_synthetic_visible,synthetic_controlled,False,missing_condition_prefix_video_path|missing_winner_full_video_path|missing_winner_future_video_path|missing_loser_full_video_path|missing_loser_future_video_path,False,False,False,False,False
manifests/dpo_v14_subsets/synthetic_controlled.jsonl,10,v11_SYN_0038_02239_collision_strafe_left_180_seed41239_object_deformation_visible,TypeM_v11_synthetic_visible,synthetic_controlled,False,missing_condition_prefix_video_path|missing_condition_poses|missing_condition_intrinsics|missing_winner_future_video_path|missing_loser_full_video_path,False,True,False,False,True
manifests/dpo_v14_subsets/synthetic_controlled.jsonl,11,v11_SYN_0386_01008_drop_orbit_left_72_seed40008_object_duplicate_or_fragment,TypeM_v11_synthetic_visible,synthetic_controlled,False,missing_condition_prefix_video_path|missing_condition_poses|missing_condition_intrinsics|missing_winner_future_video_path|missing_loser_full_video_path,False,True,False,False,True
manifests/dpo_v14_subsets/synthetic_controlled.jsonl,12,v11_SYN_0382_01002_drop_orbit_left_72_seed40002_object_identity_color_shift,TypeM_v11_synthetic_visible,synthetic_controlled,False,missing_condition_prefix_video_path|missing_condition_poses|missing_condition_intrinsics|missing_winner_future_video_path|missing_loser_full_video_path,False,True,False,False,True
manifests/dpo_v14_subsets/synthetic_controlled.jsonl,13,v11_SYN_0389_01008_drop_orbit_left_72_seed40008_partial_freeze_foreground,TypeM_v11_synthetic_visible,synthetic_controlled,False,missing_condition_prefix_video_path|missing_condition_poses|missing_condition_intrinsics|missing_winner_future_video_path|missing_loser_full_video_path,False,True,False,False,True
manifests/dpo_v14_subsets/synthetic_controlled.jsonl,14,v11_SYN_0224_04209_containment_orbit_left_44_seed43209_reobserve_mismatch_visible,TypeM_v11_synthetic_visible,synthetic_controlled,False,missing_condition_prefix_video_path|missing_condition_poses|missing_condition_intrinsics|missing_winner_future_video_path|missing_loser_full_video_path,False,True,False,False,True
manifests/dpo_v14_subsets/synthetic_controlled.jsonl,15,v11_SYN_0487_03410_roll_orbit_right_60_seed42410_roll_event_fragment_synthetic,TypeM_v11_synthetic_visible,synthetic_controlled,False,missing_condition_prefix_video_path|missing_condition_poses|missing_condition_intrinsics|missing_winner_future_video_path|missing_loser_full_video_path,False,True,False,False,True
manifests/dpo_v14_subsets/synthetic_controlled.jsonl,16,v11_SYN_0384_01002_drop_orbit_left_72_seed40002_wrong_camera_motion_visible,TypeM_v11_synthetic_visible,synthetic_controlled,False,missing_condition_prefix_video_path|missing_condition_poses|missing_condition_intrinsics|missing_winner_future_video_path|missing_loser_full_video_path,False,True,False,False,True
manifests/dpo_v14_subsets/synthetic_controlled.jsonl,17,v11_SYN_0035_02228_collision_orbit_right_64_seed41228_background_drift_visible,TypeM_v11_synthetic_visible,synthetic_controlled,False,missing_condition_prefix_video_path|missing_condition_poses|missing_condition_intrinsics|missing_winner_future_video_path|missing_loser_full_video_path,False,True,False,False,True
manifests/dpo_v14_subsets/synthetic_controlled.jsonl,18,v11_SYN_EXTRA_0009_02215_collision_strafe_left_180_seed41215_collision_response_failure_synthetic,TypeM_v11_synthetic_visible,synthetic_controlled,False,missing_condition_prefix_video_path|missing_condition_poses|missing_condition_intrinsics|missing_winner_future_video_path|missing_loser_full_video_path,False,True,False,False,True
manifests/dpo_v14_subsets/synthetic_controlled.jsonl,19,v11_SYN_EXTRA_0149_04209_containment_orbit_left_44_seed43209_containment_failure_synthetic,TypeM_v11_synthetic_visible,synthetic_controlled,False,missing_condition_prefix_video_path|missing_condition_poses|missing_condition_intrinsics|missing_winner_future_video_path|missing_loser_full_video_path,False,True,False,False,True
manifests/dpo_v14_subsets/synthetic_controlled.jsonl,20,v11_SYN_0385_01008_drop_orbit_left_72_seed40008_drop_motion_failure_synthetic,TypeM_v11_synthetic_visible,synthetic_controlled,False,missing_condition_prefix_video_path|missing_condition_poses|missing_condition_intrinsics|missing_winner_future_video_path|missing_loser_full_video_path,False,True,False,False,True
manifests/dpo_v14_subsets/synthetic_controlled.jsonl,21,v10_TypeM_071_01038_drop_orbit_left_72_seed40038_foreground_identity_color_shift,TypeM_v10_synthetic_visible,synthetic_controlled,False,missing_condition_prefix_video_path|missing_winner_full_video_path|missing_winner_future_video_path|missing_loser_full_video_path|missing_loser_future_video_path,False,False,False,False,False
manifests/dpo_v14_subsets/synthetic_controlled.jsonl,22,v10_TypeM_070_01032_drop_orbit_left_72_seed40032_local_patch_drift,TypeM_v10_synthetic_visible,synthetic_controlled,False,missing_condition_prefix_video_path|missing_winner_full_video_path|missing_winner_future_video_path|missing_loser_full_video_path|missing_loser_future_video_path,False,False,False,False,False
manifests/dpo_v14_subsets/synthetic_controlled.jsonl,23,v10_TypeM_069_01029_drop_orbit_left_72_seed40029_local_patch_freeze,TypeM_v10_synthetic_visible,synthetic_controlled,False,missing_condition_prefix_video_path|missing_winner_full_video_path|missing_winner_future_video_path|missing_loser_full_video_path|missing_loser_future_video_path,False,False,False,False,False
manifests/dpo_v14_subsets/synthetic_controlled.jsonl,24,v11_SYN_0393_01013_drop_orbit_left_72_seed40013_local_scene_patch_drift,TypeM_v11_synthetic_visible,synthetic_controlled,False,missing_condition_prefix_video_path|missing_condition_poses|missing_condition_intrinsics|missing_winner_future_video_path|missing_loser_full_video_path,False,True,False,False,True
manifests/dpo_v14_subsets/synthetic_controlled.jsonl,25,v10_TypeM_072_01039_drop_orbit_left_72_seed40039_local_temporal_jump,TypeM_v10_synthetic_visible,synthetic_controlled,False,missing_condition_prefix_video_path|missing_winner_full_video_path|missing_winner_future_video_path|missing_loser_full_video_path|missing_loser_future_video_path,False,False,False,False,False
manifests/dpo_v14_subsets/synthetic_controlled.jsonl,26,v11_SYN_0056_02276_collision_orbit_right_64_seed41276_object_deformation_visible,TypeM_v11_synthetic_visible,synthetic_controlled,False,missing_condition_prefix_video_path|missing_condition_poses|missing_condition_intrinsics|missing_winner_future_video_path|missing_loser_full_video_path,False,True,False,False,True
manifests/dpo_v14_subsets/synthetic_controlled.jsonl,27,v11_SYN_0398_01014_drop_orbit_left_72_seed40014_object_duplicate_or_fragment,TypeM_v11_synthetic_visible,synthetic_controlled,False,missing_condition_prefix_video_path|missing_condition_poses|missing_condition_intrinsics|missing_winner_future_video_path|missing_loser_full_video_path,False,True,False,False,True
manifests/dpo_v14_subsets/synthetic_controlled.jsonl,28,v11_SYN_0388_01008_drop_orbit_left_72_seed40008_object_identity_color_shift,TypeM_v11_synthetic_visible,synthetic_controlled,False,missing_condition_prefix_video_path|missing_condition_poses|missing_condition_intrinsics|missing_winner_future_video_path|missing_loser_full_video_path,False,True,False,False,True
manifests/dpo_v14_subsets/synthetic_controlled.jsonl,29,v11_SYN_0395_01013_drop_orbit_left_72_seed40013_partial_freeze_foreground,TypeM_v11_synthetic_visible,synthetic_controlled,False,missing_condition_prefix_video_path|missing_condition_poses|missing_condition_intrinsics|missing_winner_future_video_path|missing_loser_full_video_path,False,True,False,False,True
manifests/dpo_v14_subsets/synthetic_controlled.jsonl,30,v11_SYN_0230_04214_containment_orbit_left_44_seed43214_reobserve_mismatch_visible,TypeM_v11_synthetic_visible,synthetic_controlled,False,missing_condition_prefix_video_path|missing_condition_poses|missing_condition_intrinsics|missing_winner_future_video_path|missing_loser_full_video_path,False,True,False,False,True
manifests/dpo_v14_subsets/synthetic_controlled.jsonl,31,v11_SYN_0493_03413_roll_orbit_right_60_seed42413_roll_event_fragment_synthetic,TypeM_v11_synthetic_visible,synthetic_controlled,False,missing_condition_prefix_video_path|missing_condition_poses|missing_condition_intrinsics|missing_winner_future_video_path|missing_loser_full_video_path,False,True,False,False,True
manifests/dpo_v14_subsets/synthetic_controlled.jsonl,32,v11_SYN_0041_02239_collision_strafe_left_180_seed41239_background_drift_visible,TypeM_v11_synthetic_visible,synthetic_controlled,False,missing_condition_prefix_video_path|missing_condition_poses|missing_condition_intrinsics|missing_winner_future_video_path|missing_loser_full_video_path,False,True,False,False,True
manifests/dpo_v14_subsets/synthetic_controlled.jsonl,33,v11_SYN_0031_02228_collision_orbit_right_64_seed41228_collision_response_failure_synthetic,TypeM_v11_synthetic_visible,synthetic_controlled,False,missing_condition_prefix_video_path|missing_condition_poses|missing_condition_intrinsics|missing_winner_future_video_path|missing_loser_full_video_path,False,True,False,False,True
manifests/dpo_v14_subsets/synthetic_controlled.jsonl,34,v11_SYN_EXTRA_0153_04214_containment_orbit_left_44_seed43214_containment_failure_synthetic,TypeM_v11_synthetic_visible,synthetic_controlled,False,missing_condition_prefix_video_path|missing_condition_poses|missing_condition_intrinsics|missing_winner_future_video_path|missing_loser_full_video_path,False,True,False,False,True
manifests/dpo_v14_subsets/synthetic_controlled.jsonl,35,v11_SYN_0391_01013_drop_orbit_left_72_seed40013_drop_motion_failure_synthetic,TypeM_v11_synthetic_visible,synthetic_controlled,False,missing_condition_prefix_video_path|missing_condition_poses|missing_condition_intrinsics|missing_winner_future_video_path|missing_loser_full_video_path,False,True,False,False,True
manifests/dpo_v14_subsets/synthetic_controlled.jsonl,36,v10_TypeM_075_01079_drop_orbit_left_72_seed40079_foreground_identity_color_shift,TypeM_v10_synthetic_visible,synthetic_controlled,False,missing_condition_prefix_video_path|missing_winner_full_video_path|missing_winner_future_video_path|missing_loser_full_video_path|missing_loser_future_video_path,False,False,False,False,False
manifests/dpo_v14_subsets/synthetic_controlled.jsonl,37,v10_TypeM_074_01060_drop_orbit_left_72_seed40060_local_patch_drift,TypeM_v10_synthetic_visible,synthetic_controlled,False,missing_condition_prefix_video_path|missing_winner_full_video_path|missing_winner_future_video_path|missing_loser_full_video_path|missing_loser_future_video_path,False,False,False,False,False
manifests/dpo_v14_subsets/synthetic_controlled.jsonl,38,v10_TypeM_073_01047_drop_orbit_left_72_seed40047_local_patch_freeze,TypeM_v10_synthetic_visible,synthetic_controlled,False,missing_condition_prefix_video_path|missing_winner_full_video_path|missing_winner_future_video_path|missing_loser_full_video_path|missing_loser_future_video_path,False,False,False,False,False
manifests/dpo_v14_subsets/synthetic_controlled.jsonl,39,v11_SYN_0399_01014_drop_orbit_left_72_seed40014_local_scene_patch_drift,TypeM_v11_synthetic_visible,synthetic_controlled,False,missing_condition_prefix_video_path|missing_condition_poses|missing_condition_intrinsics|missing_winner_future_video_path|missing_loser_full_video_path,False,True,False,False,True
manifests/dpo_v14_subsets/synthetic_controlled.jsonl,40,v10_TypeM_076_01086_drop_orbit_left_72_seed40086_local_temporal_jump,TypeM_v10_synthetic_visible,synthetic_controlled,False,missing_condition_prefix_video_path|missing_winner_full_video_path|missing_winner_future_video_path|missing_loser_full_video_path|missing_loser_future_video_path,False,False,False,False,False
manifests/dpo_v14_subsets/synthetic_controlled.jsonl,41,v11_SYN_EXTRA_0070_02353_collision_strafe_left_180_seed41353_object_deformation_visible,TypeM_v11_synthetic_visible,synthetic_controlled,False,missing_condition_prefix_video_path|missing_condition_poses|missing_condition_intrinsics|missing_winner_future_video_path|missing_loser_full_video_path,False,True,False,False,True
manifests/dpo_v14_subsets/synthetic_controlled.jsonl,42,v11_SYN_0404_01026_drop_orbit_left_72_seed40026_object_duplicate_or_fragment,TypeM_v11_synthetic_visible,synthetic_controlled,False,missing_condition_prefix_video_path|missing_condition_poses|missing_condition_intrinsics|missing_winner_future_video_path|missing_loser_full_video_path,False,True,False,False,True
manifests/dpo_v14_subsets/synthetic_controlled.jsonl,43,v11_SYN_0394_01013_drop_orbit_left_72_seed40013_object_identity_color_shift,TypeM_v11_synthetic_visible,synthetic_controlled,False,missing_condition_prefix_video_path|missing_condition_poses|missing_condition_intrinsics|missing_winner_future_video_path|missing_loser_full_video_path,False,True,False,False,True
manifests/dpo_v14_subsets/synthetic_controlled.jsonl,44,v11_SYN_0401_01014_drop_orbit_left_72_seed40014_partial_freeze_foreground,TypeM_v11_synthetic_visible,synthetic_controlled,False,missing_condition_prefix_video_path|missing_condition_poses|missing_condition_intrinsics|missing_winner_future_video_path|missing_loser_full_video_path,False,True,False,False,True
manifests/dpo_v14_subsets/synthetic_controlled.jsonl,45,v11_SYN_EXTRA_0154_04214_containment_orbit_left_44_seed43214_reobserve_mismatch_visible,TypeM_v11_synthetic_visible,synthetic_controlled,False,missing_condition_prefix_video_path|missing_condition_poses|missing_condition_intrinsics|missing_winner_future_video_path|missing_loser_full_video_path,False,True,False,False,True
manifests/dpo_v14_subsets/synthetic_controlled.jsonl,46,v11_SYN_0499_03418_roll_orbit_right_60_seed42418_roll_event_fragment_synthetic,TypeM_v11_synthetic_visible,synthetic_controlled,False,missing_condition_prefix_video_path|missing_condition_poses|missing_condition_intrinsics|missing_winner_future_video_path|missing_loser_full_video_path,False,True,False,False,True
manifests/dpo_v14_subsets/synthetic_controlled.jsonl,47,v11_SYN_0396_01013_drop_orbit_left_72_seed40013_wrong_camera_motion_visible,TypeM_v11_synthetic_visible,synthetic_controlled,False,missing_condition_prefix_video_path|missing_condition_poses|missing_condition_intrinsics|missing_winner_future_video_path|missing_loser_full_video_path,False,True,False,False,True
manifests/dpo_v14_subsets/synthetic_controlled.jsonl,48,v11_SYN_0047_02259_collision_strafe_left_180_seed41259_background_drift_visible,TypeM_v11_synthetic_visible,synthetic_controlled,False,missing_condition_prefix_video_path|missing_condition_poses|missing_condition_intrinsics|missing_winner_future_video_path|missing_loser_full_video_path,False,True,False,False,True
manifests/dpo_v14_subsets/synthetic_controlled.jsonl,49,v11_SYN_EXTRA_0021_02228_collision_orbit_right_64_seed41228_collision_response_failure_synthetic,TypeM_v11_synthetic_visible,synthetic_controlled,False,missing_condition_prefix_video_path|missing_condition_poses|missing_condition_intrinsics|missing_winner_future_video_path|missing_loser_full_video_path,False,True,False,False,True
manifests/dpo_v14_subsets/synthetic_controlled.jsonl,50,v11_SYN_0235_04228_containment_orbit_left_44_seed43228_containment_failure_synthetic,TypeM_v11_synthetic_visible,synthetic_controlled,False,missing_condition_prefix_video_path|missing_condition_poses|missing_condition_intrinsics|missing_winner_future_video_path|missing_loser_full_video_path,False,True,False,False,True
manifests/dpo_v14_subsets/synthetic_controlled.jsonl,51,v11_SYN_0397_01014_drop_orbit_left_72_seed40014_drop_motion_failure_synthetic,TypeM_v11_synthetic_visible,synthetic_controlled,False,missing_condition_prefix_video_path|missing_condition_poses|missing_condition_intrinsics|missing_winner_future_video_path|missing_loser_full_video_path,False,True,False,False,True
manifests/dpo_v14_subsets/synthetic_controlled.jsonl,52,v10_TypeM_079_01108_drop_orbit_left_72_seed40108_foreground_identity_color_shift,TypeM_v10_synthetic_visible,synthetic_controlled,False,missing_condition_prefix_video_path|missing_winner_full_video_path|missing_winner_future_video_path|missing_loser_full_video_path|missing_loser_future_video_path,False,False,False,False,False
manifests/dpo_v14_subsets/synthetic_controlled.jsonl,53,v10_TypeM_078_01102_drop_orbit_left_72_seed40102_local_patch_drift,TypeM_v10_synthetic_visible,synthetic_controlled,False,missing_condition_prefix_video_path|missing_winner_full_video_path|missing_winner_future_video_path|missing_loser_full_video_path|missing_loser_future_video_path,False,False,False,False,False
manifests/dpo_v14_subsets/synthetic_controlled.jsonl,54,v10_TypeM_077_01101_drop_orbit_left_72_seed40101_local_patch_freeze,TypeM_v10_synthetic_visible,synthetic_controlled,False,missing_condition_prefix_video_path|missing_winner_full_video_path|missing_winner_future_video_path|missing_loser_full_video_path|missing_loser_future_video_path,False,False,False,False,False
manifests/dpo_v14_subsets/synthetic_controlled.jsonl,55,v11_SYN_0417_01032_drop_orbit_left_72_seed40032_local_scene_patch_drift,TypeM_v11_synthetic_visible,synthetic_controlled,False,missing_condition_prefix_video_path|missing_condition_poses|missing_condition_intrinsics|missing_winner_future_video_path|missing_loser_full_video_path,False,True,False,False,True
manifests/dpo_v14_subsets/synthetic_controlled.jsonl,56,v10_TypeM_004_02222_collision_orbit_right_64_seed41222_local_temporal_jump,TypeM_v10_synthetic_visible,synthetic_controlled,False,missing_condition_prefix_video_path|missing_winner_full_video_path|missing_winner_future_video_path|missing_loser_full_video_path|missing_loser_future_video_path,False,False,False,False,False
manifests/dpo_v14_subsets/synthetic_controlled.jsonl,57,v11_SYN_EXTRA_0082_02378_collision_orbit_right_64_seed41378_object_deformation_visible,TypeM_v11_synthetic_visible,synthetic_controlled,False,missing_condition_prefix_video_path|missing_condition_poses|missing_condition_intrinsics|missing_winner_future_video_path|missing_loser_full_video_path,False,True,False,False,True
manifests/dpo_v14_subsets/synthetic_controlled.jsonl,58,v11_SYN_0428_01039_drop_orbit_left_72_seed40039_object_duplicate_or_fragment,TypeM_v11_synthetic_visible,synthetic_controlled,False,missing_condition_prefix_video_path|missing_condition_poses|missing_condition_intrinsics|missing_winner_future_video_path|missing_loser_full_video_path,False,True,False,False,True
manifests/dpo_v14_subsets/synthetic_controlled.jsonl,59,v11_SYN_0400_01014_drop_orbit_left_72_seed40014_object_identity_color_shift,TypeM_v11_synthetic_visible,synthetic_controlled,False,missing_condition_prefix_video_path|missing_condition_poses|missing_condition_intrinsics|missing_winner_future_video_path|missing_loser_full_video_path,False,True,False,False,True
manifests/dpo_v14_subsets/synthetic_controlled.jsonl,60,v11_SYN_0413_01029_drop_orbit_left_72_seed40029_partial_freeze_foreground,TypeM_v11_synthetic_visible,synthetic_controlled,False,missing_condition_prefix_video_path|missing_condition_poses|missing_condition_intrinsics|missing_winner_future_video_path|missing_loser_full_video_path,False,True,False,False,True
manifests/dpo_v14_subsets/synthetic_controlled.jsonl,61,v11_SYN_0236_04228_containment_orbit_left_44_seed43228_reobserve_mismatch_visible,TypeM_v11_synthetic_visible,synthetic_controlled,False,missing_condition_prefix_video_path|missing_condition_poses|missing_condition_intrinsics|missing_winner_future_video_path|missing_loser_full_video_path,False,True,False,False,True
manifests/dpo_v14_subsets/synthetic_controlled.jsonl,62,v11_SYN_0505_03435_roll_orbit_right_60_seed42435_roll_event_fragment_synthetic,TypeM_v11_synthetic_visible,synthetic_controlled,False,missing_condition_prefix_video_path|missing_condition_poses|missing_condition_intrinsics|missing_winner_future_video_path|missing_loser_full_video_path,False,True,False,False,True
manifests/dpo_v14_subsets/synthetic_controlled.jsonl,63,v11_SYN_0414_01029_drop_orbit_left_72_seed40029_wrong_camera_motion_visible,TypeM_v11_synthetic_visible,synthetic_controlled,False,missing_condition_prefix_video_path|missing_condition_poses|missing_condition_intrinsics|missing_winner_future_video_path|missing_loser_full_video_path,False,True,False,False,True
manifests/dpo_v14_subsets/synthetic_controlled.jsonl,64,v11_SYN_0053_02262_collision_orbit_right_64_seed41262_background_drift_visible,TypeM_v11_synthetic_visible,synthetic_controlled,False,missing_condition_prefix_video_path|missing_condition_poses|missing_condition_intrinsics|missing_winner_future_video_path|missing_loser_full_video_path,False,True,False,False,True
manifests/dpo_v14_subsets/synthetic_controlled.jsonl,65,v11_SYN_EXTRA_0025_02239_collision_strafe_left_180_seed41239_collision_response_failure_synthetic,TypeM_v11_synthetic_visible,synthetic_controlled,False,missing_condition_prefix_video_path|missing_condition_poses|missing_condition_intrinsics|missing_winner_future_video_path|missing_loser_full_video_path,False,True,False,False,True
manifests/dpo_v14_subsets/synthetic_controlled.jsonl,66,v11_SYN_EXTRA_0157_04228_containment_orbit_left_44_seed43228_containment_failure_synthetic,TypeM_v11_synthetic_visible,synthetic_controlled,False,missing_condition_prefix_video_path|missing_condition_poses|missing_condition_intrinsics|missing_winner_future_video_path|missing_loser_full_video_path,False,True,False,False,True
manifests/dpo_v14_subsets/synthetic_controlled.jsonl,67,v11_SYN_0403_01026_drop_orbit_left_72_seed40026_drop_motion_failure_synthetic,TypeM_v11_synthetic_visible,synthetic_controlled,False,missing_condition_prefix_video_path|missing_condition_poses|missing_condition_intrinsics|missing_winner_future_video_path|missing_loser_full_video_path,False,True,False,False,True
manifests/dpo_v14_subsets/synthetic_controlled.jsonl,68,v10_TypeM_003_02215_collision_strafe_left_180_seed41215_foreground_identity_color_shift,TypeM_v10_synthetic_visible,synthetic_controlled,False,missing_condition_prefix_video_path|missing_winner_full_video_path|missing_winner_future_video_path|missing_loser_full_video_path|missing_loser_future_video_path,False,False,False,False,False
manifests/dpo_v14_subsets/synthetic_controlled.jsonl,69,v10_TypeM_002_02202_collision_orbit_right_64_seed41202_local_patch_drift,TypeM_v10_synthetic_visible,synthetic_controlled,False,missing_condition_prefix_video_path|missing_winner_full_video_path|missing_winner_future_video_path|missing_loser_full_video_path|missing_loser_future_video_path,False,False,False,False,False
manifests/dpo_v14_subsets/synthetic_controlled.jsonl,70,v10_TypeM_005_02226_collision_orbit_right_64_seed41226_local_patch_freeze,TypeM_v10_synthetic_visible,synthetic_controlled,False,missing_condition_prefix_video_path|missing_winner_full_video_path|missing_winner_future_video_path|missing_loser_full_video_path|missing_loser_future_video_path,False,False,False,False,False
manifests/dpo_v14_subsets/synthetic_controlled.jsonl,71,v11_SYN_0423_01038_drop_orbit_left_72_seed40038_local_scene_patch_drift,TypeM_v11_synthetic_visible,synthetic_controlled,False,missing_condition_prefix_video_path|missing_condition_poses|missing_condition_intrinsics|missing_winner_future_video_path|missing_loser_full_video_path,False,True,False,False,True
manifests/dpo_v14_subsets/synthetic_controlled.jsonl,72,v10_TypeM_016_02327_collision_strafe_left_180_seed41327_local_temporal_jump,TypeM_v10_synthetic_visible,synthetic_controlled,False,missing_condition_prefix_video_path|missing_winner_full_video_path|missing_winner_future_video_path|missing_loser_full_video_path|missing_loser_future_video_path,False,False,False,False,False
manifests/dpo_v14_subsets/synthetic_controlled.jsonl,73,v11_SYN_0537_03465_roll_orbit_right_60_seed42465_object_deformation_visible,TypeM_v11_synthetic_visible,synthetic_controlled,False,missing_condition_prefix_video_path|missing_condition_poses|missing_condition_intrinsics|missing_winner_future_video_path|missing_loser_full_video_path,False,True,False,False,True
manifests/dpo_v14_subsets/synthetic_controlled.jsonl,74,v11_SYN_0434_01047_drop_orbit_left_72_seed40047_object_duplicate_or_fragment,TypeM_v11_synthetic_visible,synthetic_controlled,False,missing_condition_prefix_video_path|missing_condition_poses|missing_condition_intrinsics|missing_winner_future_video_path|missing_loser_full_video_path,False,True,False,False,True
manifests/dpo_v14_subsets/synthetic_controlled.jsonl,75,v11_SYN_0406_01026_drop_orbit_left_72_seed40026_object_identity_color_shift,TypeM_v11_synthetic_visible,synthetic_controlled,False,missing_condition_prefix_video_path|missing_condition_poses|missing_condition_intrinsics|missing_winner_future_video_path|missing_loser_full_video_path,False,True,False,False,True
manifests/dpo_v14_subsets/synthetic_controlled.jsonl,76,v11_SYN_0419_01032_drop_orbit_left_72_seed40032_partial_freeze_foreground,TypeM_v11_synthetic_visible,synthetic_controlled,False,missing_condition_prefix_video_path|missing_condition_poses|missing_condition_intrinsics|missing_winner_future_video_path|missing_loser_full_video_path,False,True,False,False,True
manifests/dpo_v14_subsets/synthetic_controlled.jsonl,77,v11_SYN_EXTRA_0158_04228_containment_orbit_left_44_seed43228_reobserve_mismatch_visible,TypeM_v11_synthetic_visible,synthetic_controlled,False,missing_condition_prefix_video_path|missing_condition_poses|missing_condition_intrinsics|missing_winner_future_video_path|missing_loser_full_video_path,False,True,False,False,True
manifests/dpo_v14_subsets/synthetic_controlled.jsonl,78,v11_SYN_0511_03437_roll_orbit_right_60_seed42437_roll_event_fragment_synthetic,TypeM_v11_synthetic_visible,synthetic_controlled,False,missing_condition_prefix_video_path|missing_condition_poses|missing_condition_intrinsics|missing_winner_future_video_path|missing_loser_full_video_path,False,True,False,False,True
manifests/dpo_v14_subsets/synthetic_controlled.jsonl,79,v11_SYN_0420_01032_drop_orbit_left_72_seed40032_wrong_camera_motion_visible,TypeM_v11_synthetic_visible,synthetic_controlled,False,missing_condition_prefix_video_path|missing_condition_poses|missing_condition_intrinsics|missing_winner_future_video_path|missing_loser_full_video_path,False,True,False,False,True
manifests/dpo_v14_subsets/synthetic_controlled.jsonl,80,v11_SYN_0059_02276_collision_orbit_right_64_seed41276_background_drift_visible,TypeM_v11_synthetic_visible,synthetic_controlled,False,missing_condition_prefix_video_path|missing_condition_poses|missing_condition_intrinsics|missing_winner_future_video_path|missing_loser_full_video_path,False,True,False,False,True
manifests/dpo_v14_subsets/synthetic_controlled.jsonl,81,v11_SYN_0043_02259_collision_strafe_left_180_seed41259_collision_response_failure_synthetic,TypeM_v11_synthetic_visible,synthetic_controlled,False,missing_condition_prefix_video_path|missing_condition_poses|missing_condition_intrinsics|missing_winner_future_video_path|missing_loser_full_video_path,False,True,False,False,True
manifests/dpo_v14_subsets/synthetic_controlled.jsonl,82,v11_SYN_0241_04236_containment_orbit_left_44_seed43236_containment_failure_synthetic,TypeM_v11_synthetic_visible,synthetic_controlled,False,missing_condition_prefix_video_path|missing_condition_poses|missing_condition_intrinsics|missing_winner_future_video_path|missing_loser_full_video_path,False,True,False,False,True
manifests/dpo_v14_subsets/synthetic_controlled.jsonl,83,v11_SYN_0409_01029_drop_orbit_left_72_seed40029_drop_motion_failure_synthetic,TypeM_v11_synthetic_visible,synthetic_controlled,False,missing_condition_prefix_video_path|missing_condition_poses|missing_condition_intrinsics|missing_winner_future_video_path|missing_loser_full_video_path,False,True,False,False,True
manifests/dpo_v14_subsets/synthetic_controlled.jsonl,84,v10_TypeM_007_02239_collision_strafe_left_180_seed41239_foreground_identity_color_shift,TypeM_v10_synthetic_visible,synthetic_controlled,False,missing_condition_prefix_video_path|missing_winner_full_video_path|missing_winner_future_video_path|missing_loser_full_video_path|missing_loser_future_video_path,False,False,False,False,False
manifests/dpo_v14_subsets/synthetic_controlled.jsonl,85,v10_TypeM_006_02228_collision_orbit_right_64_seed41228_local_patch_drift,TypeM_v10_synthetic_visible,synthetic_controlled,False,missing_condition_prefix_video_path|missing_winner_full_video_path|missing_winner_future_video_path|missing_loser_full_video_path|missing_loser_future_video_path,False,False,False,False,False
manifests/dpo_v14_subsets/synthetic_controlled.jsonl,86,v10_TypeM_009_02262_collision_orbit_right_64_seed41262_local_patch_freeze,TypeM_v10_synthetic_visible,synthetic_controlled,False,missing_condition_prefix_video_path|missing_winner_full_video_path|missing_winner_future_video_path|missing_loser_full_video_path|missing_loser_future_video_path,False,False,False,False,False
manifests/dpo_v14_subsets/synthetic_controlled.jsonl,87,v11_SYN_0429_01039_drop_orbit_left_72_seed40039_local_scene_patch_drift,TypeM_v11_synthetic_visible,synthetic_controlled,False,missing_condition_prefix_video_path|missing_condition_poses|missing_condition_intrinsics|missing_winner_future_video_path|missing_loser_full_video_path,False,True,False,False,True
manifests/dpo_v14_subsets/synthetic_controlled.jsonl,88,v10_TypeM_040_04228_containment_orbit_left_44_seed43228_local_temporal_jump,TypeM_v10_synthetic_visible,synthetic_controlled,False,missing_condition_prefix_video_path|missing_winner_full_video_path|missing_winner_future_video_path|missing_loser_full_video_path|missing_loser_future_video_path,False,False,False,False,False
manifests/dpo_v14_subsets/synthetic_controlled.jsonl,89,v11_SYN_0549_03477_roll_orbit_right_60_seed42477_object_deformation_visible,TypeM_v11_synthetic_visible,synthetic_controlled,False,missing_condition_prefix_video_path|missing_condition_poses|missing_condition_intrinsics|missing_winner_future_video_path|missing_loser_full_video_path,False,True,False,False,True
manifests/dpo_v14_subsets/synthetic_controlled.jsonl,90,v11_SYN_0440_01060_drop_orbit_left_72_seed40060_object_duplicate_or_fragment,TypeM_v11_synthetic_visible,synthetic_controlled,False,missing_condition_prefix_video_path|missing_condition_poses|missing_condition_intrinsics|missing_winner_future_video_path|missing_loser_full_video_path,False,True,False,False,True
manifests/dpo_v14_subsets/synthetic_controlled.jsonl,91,v11_SYN_0412_01029_drop_orbit_left_72_seed40029_object_identity_color_shift,TypeM_v11_synthetic_visible,synthetic_controlled,False,missing_condition_prefix_video_path|missing_condition_poses|missing_condition_intrinsics|missing_winner_future_video_path|missing_loser_full_video_path,False,True,False,False,True
manifests/dpo_v14_subsets/synthetic_controlled.jsonl,92,v11_SYN_0425_01038_drop_orbit_left_72_seed40038_partial_freeze_foreground,TypeM_v11_synthetic_visible,synthetic_controlled,False,missing_condition_prefix_video_path|missing_condition_poses|missing_condition_intrinsics|missing_winner_future_video_path|missing_loser_full_video_path,False,True,False,False,True
manifests/dpo_v14_subsets/synthetic_controlled.jsonl,93,v11_SYN_0242_04236_containment_orbit_left_44_seed43236_reobserve_mismatch_visible,TypeM_v11_synthetic_visible,synthetic_controlled,False,missing_condition_prefix_video_path|missing_condition_poses|missing_condition_intrinsics|missing_winner_future_video_path|missing_loser_full_video_path,False,True,False,False,True
manifests/dpo_v14_subsets/synthetic_controlled.jsonl,94,v11_SYN_0517_03440_roll_orbit_right_60_seed42440_roll_event_fragment_synthetic,TypeM_v11_synthetic_visible,synthetic_controlled,False,missing_condition_prefix_video_path|missing_condition_poses|missing_condition_intrinsics|missing_winner_future_video_path|missing_loser_full_video_path,False,True,False,False,True
manifests/dpo_v14_subsets/synthetic_controlled.jsonl,95,v11_SYN_0432_01039_drop_orbit_left_72_seed40039_wrong_camera_motion_visible,TypeM_v11_synthetic_visible,synthetic_controlled,False,missing_condition_prefix_video_path|missing_condition_poses|missing_condition_intrinsics|missing_winner_future_video_path|missing_loser_full_video_path,False,True,False,False,True
manifests/dpo_v14_subsets/synthetic_controlled.jsonl,96,v11_SYN_0065_02284_collision_orbit_right_64_seed41284_background_drift_visible,TypeM_v11_synthetic_visible,synthetic_controlled,False,missing_condition_prefix_video_path|missing_condition_poses|missing_condition_intrinsics|missing_winner_future_video_path|missing_loser_full_video_path,False,True,False,False,True
manifests/dpo_v14_subsets/synthetic_controlled.jsonl,97,v11_SYN_EXTRA_0029_02259_collision_strafe_left_180_seed41259_collision_response_failure_synthetic,TypeM_v11_synthetic_visible,synthetic_controlled,False,missing_condition_prefix_video_path|missing_condition_poses|missing_condition_intrinsics|missing_winner_future_video_path|missing_loser_full_video_path,False,True,False,False,True
manifests/dpo_v14_subsets/synthetic_controlled.jsonl,98,v11_SYN_EXTRA_0165_04248_containment_orbit_left_44_seed43248_containment_failure_synthetic,TypeM_v11_synthetic_visible,synthetic_controlled,False,missing_condition_prefix_video_path|missing_condition_poses|missing_condition_intrinsics|missing_winner_future_video_path|missing_loser_full_video_path,False,True,False,False,True
manifests/dpo_v14_subsets/synthetic_controlled.jsonl,99,v11_SYN_0415_01032_drop_orbit_left_72_seed40032_drop_motion_failure_synthetic,TypeM_v11_synthetic_visible,synthetic_controlled,False,missing_condition_prefix_video_path|missing_condition_poses|missing_condition_intrinsics|missing_winner_future_video_path|missing_loser_full_video_path,False,True,False,False,True
manifests/dpo_v14_subsets/synthetic_controlled.jsonl,100,v10_TypeM_011_02284_collision_orbit_right_64_seed41284_foreground_identity_color_shift,TypeM_v10_synthetic_visible,synthetic_controlled,False,missing_condition_prefix_video_path|missing_winner_full_video_path|missing_winner_future_video_path|missing_loser_full_video_path|missing_loser_future_video_path,False,False,False,False,False
manifests/dpo_v14_subsets/synthetic_controlled.jsonl,101,v10_TypeM_010_02276_collision_orbit_right_64_seed41276_local_patch_drift,TypeM_v10_synthetic_visible,synthetic_controlled,False,missing_condition_prefix_video_path|missing_winner_full_video_path|missing_winner_future_video_path|missing_loser_full_video_path|missing_loser_future_video_path,False,False,False,False,False
manifests/dpo_v14_subsets/synthetic_controlled.jsonl,102,v10_TypeM_013_02288_collision_orbit_right_64_seed41288_local_patch_freeze,TypeM_v10_synthetic_visible,synthetic_controlled,False,missing_condition_prefix_video_path|missing_winner_full_video_path|missing_winner_future_video_path|missing_loser_full_video_path|missing_loser_future_video_path,False,False,False,False,False
manifests/dpo_v14_subsets/synthetic_controlled.jsonl,103,v11_SYN_0435_01047_drop_orbit_left_72_seed40047_local_scene_patch_drift,TypeM_v11_synthetic_visible,synthetic_controlled,False,missing_condition_prefix_video_path|missing_condition_poses|missing_condition_intrinsics|missing_winner_future_video_path|missing_loser_full_video_path,False,True,False,False,True
manifests/dpo_v14_subsets/synthetic_controlled.jsonl,104,v10_TypeM_044_04252_containment_orbit_left_44_seed43252_local_temporal_jump,TypeM_v10_synthetic_visible,synthetic_controlled,False,missing_condition_prefix_video_path|missing_winner_full_video_path|missing_winner_future_video_path|missing_loser_full_video_path|missing_loser_future_video_path,False,False,False,False,False
manifests/dpo_v14_subsets/synthetic_controlled.jsonl,105,v11_SYN_0579_03533_roll_orbit_right_60_seed42533_object_deformation_visible,TypeM_v11_synthetic_visible,synthetic_controlled,False,missing_condition_prefix_video_path|missing_condition_poses|missing_condition_intrinsics|missing_winner_future_video_path|missing_loser_full_video_path,False,True,False,False,True
manifests/dpo_v14_subsets/synthetic_controlled.jsonl,106,v11_SYN_0452_01086_drop_orbit_left_72_seed40086_object_duplicate_or_fragment,TypeM_v11_synthetic_visible,synthetic_controlled,False,missing_condition_prefix_video_path|missing_condition_poses|missing_condition_intrinsics|missing_winner_future_video_path|missing_loser_full_video_path,False,True,False,False,True
manifests/dpo_v14_subsets/synthetic_controlled.jsonl,107,v11_SYN_0418_01032_drop_orbit_left_72_seed40032_object_identity_color_shift,TypeM_v11_synthetic_visible,synthetic_controlled,False,missing_condition_prefix_video_path|missing_condition_poses|missing_condition_intrinsics|missing_winner_future_video_path|missing_loser_full_video_path,False,True,False,False,True
manifests/dpo_v14_subsets/synthetic_controlled.jsonl,108,v11_SYN_0431_01039_drop_orbit_left_72_seed40039_partial_freeze_foreground,TypeM_v11_synthetic_visible,synthetic_controlled,False,missing_condition_prefix_video_path|missing_condition_poses|missing_condition_intrinsics|missing_winner_future_video_path|missing_loser_full_video_path,False,True,False,False,True
manifests/dpo_v14_subsets/synthetic_controlled.jsonl,109,v11_SYN_EXTRA_0162_04236_containment_orbit_left_44_seed43236_reobserve_mismatch_visible,TypeM_v11_synthetic_visible,synthetic_controlled,False,missing_condition_prefix_video_path|missing_condition_poses|missing_condition_intrinsics|missing_winner_future_video_path|missing_loser_full_video_path,False,True,False,False,True
manifests/dpo_v14_subsets/synthetic_controlled.jsonl,110,v11_SYN_0529_03453_roll_orbit_right_60_seed42453_roll_event_fragment_synthetic,TypeM_v11_synthetic_visible,synthetic_controlled,False,missing_condition_prefix_video_path|missing_condition_poses|missing_condition_intrinsics|missing_winner_future_video_path|missing_loser_full_video_path,False,True,False,False,True
manifests/dpo_v14_subsets/synthetic_controlled.jsonl,111,v11_SYN_0438_01047_drop_orbit_left_72_seed40047_wrong_camera_motion_visible,TypeM_v11_synthetic_visible,synthetic_controlled,False,missing_condition_prefix_video_path|missing_condition_poses|missing_condition_intrinsics|missing_winner_future_video_path|missing_loser_full_video_path,False,True,False,False,True
manifests/dpo_v14_subsets/synthetic_controlled.jsonl,112,v11_SYN_0095_02327_collision_strafe_left_180_seed41327_background_drift_visible,TypeM_v11_synthetic_visible,synthetic_controlled,False,missing_condition_prefix_video_path|missing_condition_poses|missing_condition_intrinsics|missing_winner_future_video_path|missing_loser_full_video_path,False,True,False,False,True
manifests/dpo_v14_subsets/synthetic_controlled.jsonl,113,v11_SYN_0049_02262_collision_orbit_right_64_seed41262_collision_response_failure_synthetic,TypeM_v11_synthetic_visible,synthetic_controlled,False,missing_condition_prefix_video_path|missing_condition_poses|missing_condition_intrinsics|missing_winner_future_video_path|missing_loser_full_video_path,False,True,False,False,True
manifests/dpo_v14_subsets/synthetic_controlled.jsonl,114,v11_SYN_0253_04249_containment_orbit_left_44_seed43249_containment_failure_synthetic,TypeM_v11_synthetic_visible,synthetic_controlled,False,missing_condition_prefix_video_path|missing_condition_poses|missing_condition_intrinsics|missing_winner_future_video_path|missing_loser_full_video_path,False,True,False,False,True
manifests/dpo_v14_subsets/synthetic_controlled.jsonl,115,v11_SYN_0421_01038_drop_orbit_left_72_seed40038_drop_motion_failure_synthetic,TypeM_v11_synthetic_visible,synthetic_controlled,False,missing_condition_prefix_video_path|missing_condition_poses|missing_condition_intrinsics|missing_winner_future_video_path|missing_loser_full_video_path,False,True,False,False,True
manifests/dpo_v14_subsets/synthetic_controlled.jsonl,116,v10_TypeM_015_02295_collision_strafe_left_180_seed41295_foreground_identity_color_shift,TypeM_v10_synthetic_visible,synthetic_controlled,False,missing_condition_prefix_video_path|missing_winner_full_video_path|missing_winner_future_video_path|missing_loser_full_video_path|missing_loser_future_video_path,False,False,False,False,False
manifests/dpo_v14_subsets/synthetic_controlled.jsonl,117,v10_TypeM_018_02353_collision_strafe_left_180_seed41353_local_patch_drift,TypeM_v10_synthetic_visible,synthetic_controlled,False,missing_condition_prefix_video_path|missing_winner_full_video_path|missing_winner_future_video_path|missing_loser_full_video_path|missing_loser_future_video_path,False,False,False,False,False
manifests/dpo_v14_subsets/synthetic_controlled.jsonl,118,v10_TypeM_017_02328_collision_orbit_right_64_seed41328_local_patch_freeze,TypeM_v10_synthetic_visible,synthetic_controlled,False,missing_condition_prefix_video_path|missing_winner_full_video_path|missing_winner_future_video_path|missing_loser_full_video_path|missing_loser_future_video_path,False,False,False,False,False
manifests/dpo_v14_subsets/synthetic_controlled.jsonl,119,v11_SYN_0441_01060_drop_orbit_left_72_seed40060_local_scene_patch_drift,TypeM_v11_synthetic_visible,synthetic_controlled,False,missing_condition_prefix_video_path|missing_condition_poses|missing_condition_intrinsics|missing_winner_future_video_path|missing_loser_full_video_path,False,True,False,False,True
manifests/dpo_v14_subsets/synthetic_controlled.jsonl,120,v10_TypeM_048_04280_containment_orbit_left_44_seed43280_local_temporal_jump,TypeM_v10_synthetic_visible,synthetic_controlled,False,missing_condition_prefix_video_path|missing_winner_full_video_path|missing_winner_future_video_path|missing_loser_full_video_path|missing_loser_future_video_path,False,False,False,False,False
manifests/dpo_v14_subsets/synthetic_controlled.jsonl,121,v11_SYN_0585_03536_roll_orbit_right_60_seed42536_object_deformation_visible,TypeM_v11_synthetic_visible,synthetic_controlled,False,missing_condition_prefix_video_path|missing_condition_poses|missing_condition_intrinsics|missing_winner_future_video_path|missing_loser_full_video_path,False,True,False,False,True
manifests/dpo_v14_subsets/synthetic_controlled.jsonl,122,v11_SYN_0458_01101_drop_orbit_left_72_seed40101_object_duplicate_or_fragment,TypeM_v11_synthetic_visible,synthetic_controlled,False,missing_condition_prefix_video_path|missing_condition_poses|missing_condition_intrinsics|missing_winner_future_video_path|missing_loser_full_video_path,False,True,False,False,True
manifests/dpo_v14_subsets/synthetic_controlled.jsonl,123,v11_SYN_0424_01038_drop_orbit_left_72_seed40038_object_identity_color_shift,TypeM_v11_synthetic_visible,synthetic_controlled,False,missing_condition_prefix_video_path|missing_condition_poses|missing_condition_intrinsics|missing_winner_future_video_path|missing_loser_full_video_path,False,True,False,False,True
manifests/dpo_v14_subsets/synthetic_controlled.jsonl,124,v11_SYN_0437_01047_drop_orbit_left_72_seed40047_partial_freeze_foreground,TypeM_v11_synthetic_visible,synthetic_controlled,False,missing_condition_prefix_video_path|missing_condition_poses|missing_condition_intrinsics|missing_winner_future_video_path|missing_loser_full_video_path,False,True,False,False,True
manifests/dpo_v14_subsets/synthetic_controlled.jsonl,125,v11_SYN_0248_04248_containment_orbit_left_44_seed43248_reobserve_mismatch_visible,TypeM_v11_synthetic_visible,synthetic_controlled,False,missing_condition_prefix_video_path|missing_condition_poses|missing_condition_intrinsics|missing_winner_future_video_path|missing_loser_full_video_path,False,True,False,False,True
manifests/dpo_v14_subsets/synthetic_controlled.jsonl,126,v11_SYN_0535_03465_roll_orbit_right_60_seed42465_roll_event_fragment_synthetic,TypeM_v11_synthetic_visible,synthetic_controlled,False,missing_condition_prefix_video_path|missing_condition_poses|missing_condition_intrinsics|missing_winner_future_video_path|missing_loser_full_video_path,False,True,False,False,True
manifests/dpo_v14_subsets/synthetic_controlled.jsonl,127,v11_SYN_0444_01060_drop_orbit_left_72_seed40060_wrong_camera_motion_visible,TypeM_v11_synthetic_visible,synthetic_controlled,False,missing_condition_prefix_video_path|missing_condition_poses|missing_condition_intrinsics|missing_winner_future_video_path|missing_loser_full_video_path,False,True,False,False,True
manifests/dpo_v14_subsets/synthetic_controlled.jsonl,128,v11_SYN_0101_02328_collision_orbit_right_64_seed41328_background_drift_visible,TypeM_v11_synthetic_visible,synthetic_controlled,False,missing_condition_prefix_video_path|missing_condition_poses|missing_condition_intrinsics|missing_winner_future_video_path|missing_loser_full_video_path,False,True,False,False,True
manifests/dpo_v14_subsets/synthetic_controlled.jsonl,129,v11_SYN_0055_02276_collision_orbit_right_64_seed41276_collision_response_failure_synthetic,TypeM_v11_synthetic_visible,synthetic_controlled,False,missing_condition_prefix_video_path|missing_condition_poses|missing_condition_intrinsics|missing_winner_future_video_path|missing_loser_full_video_path,False,True,False,False,True
manifests/dpo_v14_subsets/synthetic_controlled.jsonl,130,v11_SYN_EXTRA_0169_04249_containment_orbit_left_44_seed43249_containment_failure_synthetic,TypeM_v11_synthetic_visible,synthetic_controlled,False,missing_condition_prefix_video_path|missing_condition_poses|missing_condition_intrinsics|missing_winner_future_video_path|missing_loser_full_video_path,False,True,False,False,True
manifests/dpo_v14_subsets/synthetic_controlled.jsonl,131,v11_SYN_0427_01039_drop_orbit_left_72_seed40039_drop_motion_failure_synthetic,TypeM_v11_synthetic_visible,synthetic_controlled,False,missing_condition_prefix_video_path|missing_condition_poses|missing_condition_intrinsics|missing_winner_future_video_path|missing_loser_full_video_path,False,True,False,False,True
manifests/dpo_v14_subsets/synthetic_controlled.jsonl,132,v10_TypeM_019_02360_collision_orbit_right_64_seed41360_foreground_identity_color_shift,TypeM_v10_synthetic_visible,synthetic_controlled,False,missing_condition_prefix_video_path|missing_winner_full_video_path|missing_winner_future_video_path|missing_loser_full_video_path|missing_loser_future_video_path,False,False,False,False,False
manifests/dpo_v14_subsets/synthetic_controlled.jsonl,133,v10_TypeM_038_04209_containment_orbit_left_44_seed43209_local_patch_drift,TypeM_v10_synthetic_visible,synthetic_controlled,False,missing_condition_prefix_video_path|missing_winner_full_video_path|missing_winner_future_video_path|missing_loser_full_video_path|missing_loser_future_video_path,False,False,False,False,False
manifests/dpo_v14_subsets/synthetic_controlled.jsonl,134,v10_TypeM_037_04204_containment_orbit_left_44_seed43204_local_patch_freeze,TypeM_v10_synthetic_visible,synthetic_controlled,False,missing_condition_prefix_video_path|missing_winner_full_video_path|missing_winner_future_video_path|missing_loser_full_video_path|missing_loser_future_video_path,False,False,False,False,False
manifests/dpo_v14_subsets/synthetic_controlled.jsonl,135,v11_SYN_0447_01079_drop_orbit_left_72_seed40079_local_scene_patch_drift,TypeM_v11_synthetic_visible,synthetic_controlled,False,missing_condition_prefix_video_path|missing_condition_poses|missing_condition_intrinsics|missing_winner_future_video_path|missing_loser_full_video_path,False,True,False,False,True
manifests/dpo_v14_subsets/synthetic_controlled.jsonl,136,v10_TypeM_052_04346_containment_orbit_left_44_seed43346_local_temporal_jump,TypeM_v10_synthetic_visible,synthetic_controlled,False,missing_condition_prefix_video_path|missing_winner_full_video_path|missing_winner_future_video_path|missing_loser_full_video_path|missing_loser_future_video_path,False,False,False,False,False
manifests/dpo_v14_subsets/synthetic_controlled.jsonl,137,v11_SYN_EXTRA_0018_02226_collision_orbit_right_64_seed41226_object_deformation_visible,TypeM_v11_synthetic_visible,synthetic_controlled,False,missing_condition_prefix_video_path|missing_condition_poses|missing_condition_intrinsics|missing_winner_full_video_path|missing_winner_future_video_path|missing_loser_full_video_path,False,False,False,False,True
manifests/dpo_v14_subsets/synthetic_controlled.jsonl,138,v11_SYN_0470_01108_drop_orbit_left_72_seed40108_object_duplicate_or_fragment,TypeM_v11_synthetic_visible,synthetic_controlled,False,missing_condition_prefix_video_path|missing_condition_poses|missing_condition_intrinsics|missing_winner_future_video_path|missing_loser_full_video_path,False,True,False,False,True
manifests/dpo_v14_subsets/synthetic_controlled.jsonl,139,v11_SYN_0443_01060_drop_orbit_left_72_seed40060_partial_freeze_foreground,TypeM_v11_synthetic_visible,synthetic_controlled,False,missing_condition_prefix_video_path|missing_condition_poses|missing_condition_intrinsics|missing_winner_future_video_path|missing_loser_full_video_path,False,True,False,False,True
manifests/dpo_v14_subsets/synthetic_controlled.jsonl,140,v11_SYN_EXTRA_0166_04248_containment_orbit_left_44_seed43248_reobserve_mismatch_visible,TypeM_v11_synthetic_visible,synthetic_controlled,False,missing_condition_prefix_video_path|missing_condition_poses|missing_condition_intrinsics|missing_winner_future_video_path|missing_loser_full_video_path,False,True,False,False,True
manifests/dpo_v14_subsets/synthetic_controlled.jsonl,141,v11_SYN_0541_03472_roll_orbit_right_60_seed42472_roll_event_fragment_synthetic,TypeM_v11_synthetic_visible,synthetic_controlled,False,missing_condition_prefix_video_path|missing_condition_poses|missing_condition_intrinsics|missing_winner_future_video_path|missing_loser_full_video_path,False,True,False,False,True
manifests/dpo_v14_subsets/synthetic_controlled.jsonl,142,v11_SYN_0450_01079_drop_orbit_left_72_seed40079_wrong_camera_motion_visible,TypeM_v11_synthetic_visible,synthetic_controlled,False,missing_condition_prefix_video_path|missing_condition_poses|missing_condition_intrinsics|missing_winner_future_video_path|missing_loser_full_video_path,False,True,False,False,True
manifests/dpo_v14_subsets/synthetic_controlled.jsonl,143,v11_SYN_0113_02360_collision_orbit_right_64_seed41360_background_drift_visible,TypeM_v11_synthetic_visible,synthetic_controlled,False,missing_condition_prefix_video_path|missing_condition_poses|missing_condition_intrinsics|missing_winner_future_video_path|missing_loser_full_video_path,False,True,False,False,True
manifests/dpo_v14_subsets/synthetic_controlled.jsonl,144,v11_SYN_EXTRA_0037_02276_collision_orbit_right_64_seed41276_collision_response_failure_synthetic,TypeM_v11_synthetic_visible,synthetic_controlled,False,missing_condition_prefix_video_path|missing_condition_poses|missing_condition_intrinsics|missing_winner_future_video_path|missing_loser_full_video_path,False,True,False,False,True
manifests/dpo_v14_subsets/synthetic_controlled.jsonl,145,v11_SYN_0259_04252_containment_orbit_left_44_seed43252_containment_failure_synthetic,TypeM_v11_synthetic_visible,synthetic_controlled,False,missing_condition_prefix_video_path|missing_condition_poses|missing_condition_intrinsics|missing_winner_future_video_path|missing_loser_full_video_path,False,True,False,False,True
manifests/dpo_v14_subsets/synthetic_controlled.jsonl,146,v11_SYN_0433_01047_drop_orbit_left_72_seed40047_drop_motion_failure_synthetic,TypeM_v11_synthetic_visible,synthetic_controlled,False,missing_condition_prefix_video_path|missing_condition_poses|missing_condition_intrinsics|missing_winner_future_video_path|missing_loser_full_video_path,False,True,False,False,True
manifests/dpo_v14_subsets/synthetic_controlled.jsonl,147,v10_TypeM_039_04214_containment_orbit_left_44_seed43214_foreground_identity_color_shift,TypeM_v10_synthetic_visible,synthetic_controlled,False,missing_condition_prefix_video_path|missing_winner_full_video_path|missing_winner_future_video_path|missing_loser_full_video_path|missing_loser_future_video_path,False,False,False,False,False
manifests/dpo_v14_subsets/synthetic_controlled.jsonl,148,v10_TypeM_042_04248_containment_orbit_left_44_seed43248_local_patch_drift,TypeM_v10_synthetic_visible,synthetic_controlled,False,missing_condition_prefix_video_path|missing_winner_full_video_path|missing_winner_future_video_path|missing_loser_full_video_path|missing_loser_future_video_path,False,False,False,False,False
manifests/dpo_v14_subsets/synthetic_controlled.jsonl,149,v10_TypeM_045_04260_containment_orbit_left_44_seed43260_local_patch_freeze,TypeM_v10_synthetic_visible,synthetic_controlled,False,missing_condition_prefix_video_path|missing_winner_full_video_path|missing_winner_future_video_path|missing_loser_full_video_path|missing_loser_future_video_path,False,False,False,False,False
manifests/dpo_v14_subsets/synthetic_controlled.jsonl,150,v11_SYN_0453_01086_drop_orbit_left_72_seed40086_local_scene_patch_drift,TypeM_v11_synthetic_visible,synthetic_controlled,False,missing_condition_prefix_video_path|missing_condition_poses|missing_condition_intrinsics|missing_winner_future_video_path|missing_loser_full_video_path,False,True,False,False,True
manifests/dpo_v14_subsets/synthetic_controlled.jsonl,151,v10_TypeM_056_04358_containment_orbit_left_44_seed43358_local_temporal_jump,TypeM_v10_synthetic_visible,synthetic_controlled,False,missing_condition_prefix_video_path|missing_winner_full_video_path|missing_winner_future_video_path|missing_loser_full_video_path|missing_loser_future_video_path,False,False,False,False,False
manifests/dpo_v14_subsets/synthetic_controlled.jsonl,152,v11_SYN_0008_02202_collision_orbit_right_64_seed41202_object_deformation_visible,TypeM_v11_synthetic_visible,synthetic_controlled,False,missing_condition_prefix_video_path|missing_condition_poses|missing_condition_intrinsics|missing_winner_full_video_path|missing_winner_future_video_path|missing_loser_full_video_path,False,False,False,False,True
manifests/dpo_v14_subsets/synthetic_controlled.jsonl,153,v11_SYN_0045_02259_collision_strafe_left_180_seed41259_object_duplicate_or_fragment,TypeM_v11_synthetic_visible,synthetic_controlled,False,missing_condition_prefix_video_path|missing_condition_poses|missing_condition_intrinsics|missing_winner_future_video_path|missing_loser_full_video_path,False,True,False,False,True
manifests/dpo_v14_subsets/synthetic_controlled.jsonl,154,v11_SYN_0449_01079_drop_orbit_left_72_seed40079_partial_freeze_foreground,TypeM_v11_synthetic_visible,synthetic_controlled,False,missing_condition_prefix_video_path|missing_condition_poses|missing_condition_intrinsics|missing_winner_future_video_path|missing_loser_full_video_path,False,True,False,False,True
manifests/dpo_v14_subsets/synthetic_controlled.jsonl,155,v11_SYN_0254_04249_containment_orbit_left_44_seed43249_reobserve_mismatch_visible,TypeM_v11_synthetic_visible,synthetic_controlled,False,missing_condition_prefix_video_path|missing_condition_poses|missing_condition_intrinsics|missing_winner_future_video_path|missing_loser_full_video_path,False,True,False,False,True
manifests/dpo_v14_subsets/synthetic_controlled.jsonl,156,v11_SYN_0553_03484_roll_orbit_right_60_seed42484_roll_event_fragment_synthetic,TypeM_v11_synthetic_visible,synthetic_controlled,False,missing_condition_prefix_video_path|missing_condition_poses|missing_condition_intrinsics|missing_winner_future_video_path|missing_loser_full_video_path,False,True,False,False,True
manifests/dpo_v14_subsets/synthetic_controlled.jsonl,157,v11_SYN_0456_01086_drop_orbit_left_72_seed40086_wrong_camera_motion_visible,TypeM_v11_synthetic_visible,synthetic_controlled,False,missing_condition_prefix_video_path|missing_condition_poses|missing_condition_intrinsics|missing_winner_future_video_path|missing_loser_full_video_path,False,True,False,False,True
manifests/dpo_v14_subsets/synthetic_controlled.jsonl,158,v11_SYN_0119_02366_collision_orbit_right_64_seed41366_background_drift_visible,TypeM_v11_synthetic_visible,synthetic_controlled,False,missing_condition_prefix_video_path|missing_condition_poses|missing_condition_intrinsics|missing_winner_future_video_path|missing_loser_full_video_path,False,True,False,False,True
manifests/dpo_v14_subsets/synthetic_controlled.jsonl,159,v11_SYN_0061_02284_collision_orbit_right_64_seed41284_collision_response_failure_synthetic,TypeM_v11_synthetic_visible,synthetic_controlled,False,missing_condition_prefix_video_path|missing_condition_poses|missing_condition_intrinsics|missing_winner_future_video_path|missing_loser_full_video_path,False,True,False,False,True
manifests/dpo_v14_subsets/synthetic_controlled.jsonl,160,v11_SYN_0265_04260_containment_orbit_left_44_seed43260_containment_failure_synthetic,TypeM_v11_synthetic_visible,synthetic_controlled,False,missing_condition_prefix_video_path|missing_condition_poses|missing_condition_intrinsics|missing_winner_future_video_path|missing_loser_full_video_path,False,True,False,False,True
manifests/dpo_v14_subsets/synthetic_controlled.jsonl,161,v11_SYN_0439_01060_drop_orbit_left_72_seed40060_drop_motion_failure_synthetic,TypeM_v11_synthetic_visible,synthetic_controlled,False,missing_condition_prefix_video_path|missing_condition_poses|missing_condition_intrinsics|missing_winner_future_video_path|missing_loser_full_video_path,False,True,False,False,True
manifests/dpo_v14_subsets/synthetic_controlled.jsonl,162,v10_TypeM_043_04249_containment_orbit_left_44_seed43249_foreground_identity_color_shift,TypeM_v10_synthetic_visible,synthetic_controlled,False,missing_condition_prefix_video_path|missing_winner_full_video_path|missing_winner_future_video_path|missing_loser_full_video_path|missing_loser_future_video_path,False,False,False,False,False
manifests/dpo_v14_subsets/synthetic_controlled.jsonl,163,v10_TypeM_046_04267_containment_orbit_left_44_seed43267_local_patch_drift,TypeM_v10_synthetic_visible,synthetic_controlled,False,missing_condition_prefix_video_path|missing_winner_full_video_path|missing_winner_future_video_path|missing_loser_full_video_path|missing_loser_future_video_path,False,False,False,False,False
manifests/dpo_v14_subsets/synthetic_controlled.jsonl,164,v10_TypeM_049_04302_containment_orbit_left_44_seed43302_local_patch_freeze,TypeM_v10_synthetic_visible,synthetic_controlled,False,missing_condition_prefix_video_path|missing_winner_full_video_path|missing_winner_future_video_path|missing_loser_full_video_path|missing_loser_future_video_path,False,False,False,False,False
manifests/dpo_v14_subsets/synthetic_controlled.jsonl,165,v11_SYN_0459_01101_drop_orbit_left_72_seed40101_local_scene_patch_drift,TypeM_v11_synthetic_visible,synthetic_controlled,False,missing_condition_prefix_video_path|missing_condition_poses|missing_condition_intrinsics|missing_winner_future_video_path|missing_loser_full_video_path,False,True,False,False,True
manifests/dpo_v14_subsets/synthetic_controlled.jsonl,166,v10_TypeM_060_prefix5_anchored_d744c2d6f264ba_object_deformation_local_temporal_jump,TypeM_v10_synthetic_visible,synthetic_controlled,False,missing_condition_prefix_video_path|missing_winner_full_video_path|missing_winner_future_video_path|missing_loser_full_video_path|missing_loser_future_video_path,False,False,False,False,False
manifests/dpo_v14_subsets/synthetic_controlled.jsonl,167,v11_SYN_EXTRA_0094_prefix5_anchored_1ca3412d8f73c8_nonrigid_background_warp_object_deformation_visible,TypeM_v11_synthetic_visible,synthetic_controlled,False,missing_condition_prefix_video_path|missing_condition_poses|missing_condition_intrinsics|missing_winner_full_video_path|missing_winner_future_video_path|missing_loser_full_video_path,False,False,False,False,True
manifests/dpo_v14_subsets/synthetic_controlled.jsonl,168,v11_SYN_EXTRA_0087_02384_collision_orbit_right_64_seed41384_object_duplicate_or_fragment,TypeM_v11_synthetic_visible,synthetic_controlled,False,missing_condition_prefix_video_path|missing_condition_poses|missing_condition_intrinsics|missing_winner_future_video_path|missing_loser_full_video_path,False,True,False,False,True
manifests/dpo_v14_subsets/synthetic_controlled.jsonl,169,v11_SYN_0455_01086_drop_orbit_left_72_seed40086_partial_freeze_foreground,TypeM_v11_synthetic_visible,synthetic_controlled,False,missing_condition_prefix_video_path|missing_condition_poses|missing_condition_intrinsics|missing_winner_future_video_path|missing_loser_full_video_path,False,True,False,False,True
manifests/dpo_v14_subsets/synthetic_controlled.jsonl,170,v11_SYN_0260_04252_containment_orbit_left_44_seed43252_reobserve_mismatch_visible,TypeM_v11_synthetic_visible,synthetic_controlled,False,missing_condition_prefix_video_path|missing_condition_poses|missing_condition_intrinsics|missing_winner_future_video_path|missing_loser_full_video_path,False,True,False,False,True
manifests/dpo_v14_subsets/synthetic_controlled.jsonl,171,v11_SYN_0559_03494_roll_orbit_right_60_seed42494_roll_event_fragment_synthetic,TypeM_v11_synthetic_visible,synthetic_controlled,False,missing_condition_prefix_video_path|missing_condition_poses|missing_condition_intrinsics|missing_winner_future_video_path|missing_loser_full_video_path,False,True,False,False,True
manifests/dpo_v14_subsets/synthetic_controlled.jsonl,172,v11_SYN_0468_01102_drop_orbit_left_72_seed40102_wrong_camera_motion_visible,TypeM_v11_synthetic_visible,synthetic_controlled,False,missing_condition_prefix_video_path|missing_condition_poses|missing_condition_intrinsics|missing_winner_future_video_path|missing_loser_full_video_path,False,True,False,False,True
manifests/dpo_v14_subsets/synthetic_controlled.jsonl,173,v11_SYN_0131_02384_collision_orbit_right_64_seed41384_background_drift_visible,TypeM_v11_synthetic_visible,synthetic_controlled,False,missing_condition_prefix_video_path|missing_condition_poses|missing_condition_intrinsics|missing_winner_future_video_path|missing_loser_full_video_path,False,True,False,False,True
manifests/dpo_v14_subsets/synthetic_controlled.jsonl,174,v11_SYN_EXTRA_0041_02284_collision_orbit_right_64_seed41284_collision_response_failure_synthetic,TypeM_v11_synthetic_visible,synthetic_controlled,False,missing_condition_prefix_video_path|missing_condition_poses|missing_condition_intrinsics|missing_winner_future_video_path|missing_loser_full_video_path,False,True,False,False,True
manifests/dpo_v14_subsets/synthetic_controlled.jsonl,175,v11_SYN_EXTRA_0177_04260_containment_orbit_left_44_seed43260_containment_failure_synthetic,TypeM_v11_synthetic_visible,synthetic_controlled,False,missing_condition_prefix_video_path|missing_condition_poses|missing_condition_intrinsics|missing_winner_future_video_path|missing_loser_full_video_path,False,True,False,False,True
manifests/dpo_v14_subsets/synthetic_controlled.jsonl,176,v11_SYN_0445_01079_drop_orbit_left_72_seed40079_drop_motion_failure_synthetic,TypeM_v11_synthetic_visible,synthetic_controlled,False,missing_condition_prefix_video_path|missing_condition_poses|missing_condition_intrinsics|missing_winner_future_video_path|missing_loser_full_video_path,False,True,False,False,True
manifests/dpo_v14_subsets/synthetic_controlled.jsonl,177,v10_TypeM_047_04279_containment_orbit_left_44_seed43279_foreground_identity_color_shift,TypeM_v10_synthetic_visible,synthetic_controlled,False,missing_condition_prefix_video_path|missing_winner_full_video_path|missing_winner_future_video_path|missing_loser_full_video_path|missing_loser_future_video_path,False,False,False,False,False
manifests/dpo_v14_subsets/synthetic_controlled.jsonl,178,v10_TypeM_050_04339_containment_orbit_left_44_seed43339_local_patch_drift,TypeM_v10_synthetic_visible,synthetic_controlled,False,missing_condition_prefix_video_path|missing_winner_full_video_path|missing_winner_future_video_path|missing_loser_full_video_path|missing_loser_future_video_path,False,False,False,False,False
manifests/dpo_v14_subsets/synthetic_controlled.jsonl,179,v10_TypeM_053_04351_containment_orbit_left_44_seed43351_local_patch_freeze,TypeM_v10_synthetic_visible,synthetic_controlled,False,missing_condition_prefix_video_path|missing_winner_full_video_path|missing_winner_future_video_path|missing_loser_full_video_path|missing_loser_future_video_path,False,False,False,False,False
manifests/dpo_v14_subsets/synthetic_controlled.jsonl,180,v11_SYN_0471_01108_drop_orbit_left_72_seed40108_local_scene_patch_drift,TypeM_v11_synthetic_visible,synthetic_controlled,False,missing_condition_prefix_video_path|missing_condition_poses|missing_condition_intrinsics|missing_winner_future_video_path|missing_loser_full_video_path,False,True,False,False,True
manifests/dpo_v14_subsets/synthetic_controlled.jsonl,181,v10_TypeM_036_v6_02226_collision_orbit_right_64_seed41226_local_temporal_jump,TypeM_v10_synthetic_visible,synthetic_controlled,False,missing_condition_prefix_video_path|missing_winner_full_video_path|missing_winner_future_video_path|missing_loser_full_video_path|missing_loser_future_video_path,False,False,False,False,False
manifests/dpo_v14_subsets/synthetic_controlled.jsonl,182,v11_SYN_0146_prefix5_anchored_3e28b01a2ca2ef_reobserve_mismatch_object_deformation_visible,TypeM_v11_synthetic_visible,synthetic_controlled,False,missing_condition_prefix_video_path|missing_condition_poses|missing_condition_intrinsics|missing_winner_full_video_path|missing_winner_future_video_path|missing_loser_full_video_path,False,False,False,False,True
manifests/dpo_v14_subsets/synthetic_controlled.jsonl,183,v11_SYN_0237_04228_containment_orbit_left_44_seed43228_object_duplicate_or_fragment,TypeM_v11_synthetic_visible,synthetic_controlled,False,missing_condition_prefix_video_path|missing_condition_poses|missing_condition_intrinsics|missing_winner_future_video_path|missing_loser_full_video_path,False,True,False,False,True
manifests/dpo_v14_subsets/synthetic_controlled.jsonl,184,v11_SYN_0448_01079_drop_orbit_left_72_seed40079_object_identity_color_shift,TypeM_v11_synthetic_visible,synthetic_controlled,False,missing_condition_prefix_video_path|missing_condition_poses|missing_condition_intrinsics|missing_winner_future_video_path|missing_loser_full_video_path,False,True,False,False,True
manifests/dpo_v14_subsets/synthetic_controlled.jsonl,185,v11_SYN_0461_01101_drop_orbit_left_72_seed40101_partial_freeze_foreground,TypeM_v11_synthetic_visible,synthetic_controlled,False,missing_condition_prefix_video_path|missing_condition_poses|missing_condition_intrinsics|missing_winner_future_video_path|missing_loser_full_video_path,False,True,False,False,True
manifests/dpo_v14_subsets/synthetic_controlled.jsonl,186,v11_SYN_EXTRA_0174_04252_containment_orbit_left_44_seed43252_reobserve_mismatch_visible,TypeM_v11_synthetic_visible,synthetic_controlled,False,missing_condition_prefix_video_path|missing_condition_poses|missing_condition_intrinsics|missing_winner_future_video_path|missing_loser_full_video_path,False,True,False,False,True
manifests/dpo_v14_subsets/synthetic_controlled.jsonl,187,v11_SYN_0565_03495_roll_orbit_right_60_seed42495_roll_event_fragment_synthetic,TypeM_v11_synthetic_visible,synthetic_controlled,False,missing_condition_prefix_video_path|missing_condition_poses|missing_condition_intrinsics|missing_winner_future_video_path|missing_loser_full_video_path,False,True,False,False,True
manifests/dpo_v14_subsets/synthetic_controlled.jsonl,188,v11_SYN_0474_01108_drop_orbit_left_72_seed40108_wrong_camera_motion_visible,TypeM_v11_synthetic_visible,synthetic_controlled,False,missing_condition_prefix_video_path|missing_condition_poses|missing_condition_intrinsics|missing_winner_future_video_path|missing_loser_full_video_path,False,True,False,False,True
manifests/dpo_v14_subsets/synthetic_controlled.jsonl,189,v11_SYN_0497_03413_roll_orbit_right_60_seed42413_background_drift_visible,TypeM_v11_synthetic_visible,synthetic_controlled,False,missing_condition_prefix_video_path|missing_condition_poses|missing_condition_intrinsics|missing_winner_future_video_path|missing_loser_full_video_path,False,True,False,False,True
manifests/dpo_v14_subsets/synthetic_controlled.jsonl,190,v11_SYN_0067_02286_collision_orbit_right_64_seed41286_collision_response_failure_synthetic,TypeM_v11_synthetic_visible,synthetic_controlled,False,missing_condition_prefix_video_path|missing_condition_poses|missing_condition_intrinsics|missing_winner_future_video_path|missing_loser_full_video_path,False,True,False,False,True
manifests/dpo_v14_subsets/synthetic_controlled.jsonl,191,v11_SYN_0271_04267_containment_orbit_left_44_seed43267_containment_failure_synthetic,TypeM_v11_synthetic_visible,synthetic_controlled,False,missing_condition_prefix_video_path|missing_condition_poses|missing_condition_intrinsics|missing_winner_future_video_path|missing_loser_full_video_path,False,True,False,False,True
manifests/dpo_v14_subsets/synthetic_controlled.jsonl,192,v11_SYN_0451_01086_drop_orbit_left_72_seed40086_drop_motion_failure_synthetic,TypeM_v11_synthetic_visible,synthetic_controlled,False,missing_condition_prefix_video_path|missing_condition_poses|missing_condition_intrinsics|missing_winner_future_video_path|missing_loser_full_video_path,False,True,False,False,True
manifests/dpo_v14_subsets/synthetic_controlled.jsonl,193,v10_TypeM_051_04342_containment_orbit_left_44_seed43342_foreground_identity_color_shift,TypeM_v10_synthetic_visible,synthetic_controlled,False,missing_condition_prefix_video_path|missing_winner_full_video_path|missing_winner_future_video_path|missing_loser_full_video_path|missing_loser_future_video_path,False,False,False,False,False
manifests/dpo_v14_subsets/synthetic_controlled.jsonl,194,v10_TypeM_054_04355_containment_orbit_left_44_seed43355_local_patch_drift,TypeM_v10_synthetic_visible,synthetic_controlled,False,missing_condition_prefix_video_path|missing_winner_full_video_path|missing_winner_future_video_path|missing_loser_full_video_path|missing_loser_future_video_path,False,False,False,False,False
manifests/dpo_v14_subsets/synthetic_controlled.jsonl,195,v10_TypeM_057_prefix5_anchored_1279c3b65a6d9e_object_identity_change_local_patch_freeze,TypeM_v10_synthetic_visible,synthetic_controlled,False,missing_condition_prefix_video_path|missing_winner_full_video_path|missing_winner_future_video_path|missing_loser_full_video_path|missing_loser_future_video_path,False,False,False,False,False
manifests/dpo_v14_subsets/synthetic_controlled.jsonl,196,v11_SYN_0016_02215_collision_strafe_left_180_seed41215_local_scene_patch_drift,TypeM_v11_synthetic_visible,synthetic_controlled,False,missing_condition_prefix_video_path|missing_condition_poses|missing_condition_intrinsics|missing_winner_future_video_path|missing_loser_full_video_path,False,True,False,False,True
manifests/dpo_v14_subsets/synthetic_controlled.jsonl,197,v10_TypeM_080_v6b_GT_C_001_01014_drop_orbit_left_72_seed40014_local_temporal_jump,TypeM_v10_synthetic_visible,synthetic_controlled,False,missing_condition_prefix_video_path|missing_winner_full_video_path|missing_winner_future_video_path|missing_loser_full_video_path|missing_loser_future_video_path,False,False,False,False,False
manifests/dpo_v14_subsets/synthetic_controlled.jsonl,198,v11_SYN_EXTRA_0102_prefix5_anchored_525c18bc4422f0_background_drift_object_deformation_visible,TypeM_v11_synthetic_visible,synthetic_controlled,False,missing_condition_prefix_video_path|missing_condition_poses|missing_condition_intrinsics|missing_winner_full_video_path|missing_winner_future_video_path|missing_loser_full_video_path,False,False,False,False,True
manifests/dpo_v14_subsets/synthetic_controlled.jsonl,199,v11_SYN_0255_04249_containment_orbit_left_44_seed43249_object_duplicate_or_fragment,TypeM_v11_synthetic_visible,synthetic_controlled,False,missing_condition_prefix_video_path|missing_condition_poses|missing_condition_intrinsics|missing_winner_future_video_path|missing_loser_full_video_path,False,True,False,False,True
manifests/dpo_v14_subsets/synthetic_controlled.jsonl,200,v11_SYN_0473_01108_drop_orbit_left_72_seed40108_partial_freeze_foreground,TypeM_v11_synthetic_visible,synthetic_controlled,False,missing_condition_prefix_video_path|missing_condition_poses|missing_condition_intrinsics|missing_winner_future_video_path|missing_loser_full_video_path,False,True,False,False,True
manifests/dpo_v14_subsets/synthetic_controlled.jsonl,201,v11_SYN_0266_04260_containment_orbit_left_44_seed43260_reobserve_mismatch_visible,TypeM_v11_synthetic_visible,synthetic_controlled,False,missing_condition_prefix_video_path|missing_condition_poses|missing_condition_intrinsics|missing_winner_future_video_path|missing_loser_full_video_path,False,True,False,False,True
manifests/dpo_v14_subsets/synthetic_controlled.jsonl,202,v11_SYN_0571_03505_roll_orbit_right_60_seed42505_roll_event_fragment_synthetic,TypeM_v11_synthetic_visible,synthetic_controlled,False,missing_condition_prefix_video_path|missing_condition_poses|missing_condition_intrinsics|missing_winner_future_video_path|missing_loser_full_video_path,False,True,False,False,True
manifests/dpo_v14_subsets/synthetic_controlled.jsonl,203,v11_SYN_0488_03410_roll_orbit_right_60_seed42410_wrong_camera_motion_visible,TypeM_v11_synthetic_visible,synthetic_controlled,False,missing_condition_prefix_video_path|missing_condition_poses|missing_condition_intrinsics|missing_winner_future_video_path|missing_loser_full_video_path,False,True,False,False,True
manifests/dpo_v14_subsets/synthetic_controlled.jsonl,204,v11_SYN_0503_03418_roll_orbit_right_60_seed42418_background_drift_visible,TypeM_v11_synthetic_visible,synthetic_controlled,False,missing_condition_prefix_video_path|missing_condition_poses|missing_condition_intrinsics|missing_winner_future_video_path|missing_loser_full_video_path,False,True,False,False,True
manifests/dpo_v14_subsets/synthetic_controlled.jsonl,205,v11_SYN_EXTRA_0045_02286_collision_orbit_right_64_seed41286_collision_response_failure_synthetic,TypeM_v11_synthetic_visible,synthetic_controlled,False,missing_condition_prefix_video_path|missing_condition_poses|missing_condition_intrinsics|missing_winner_future_video_path|missing_loser_full_video_path,False,True,False,False,True
manifests/dpo_v14_subsets/synthetic_controlled.jsonl,206,v11_SYN_EXTRA_0181_04267_containment_orbit_left_44_seed43267_containment_failure_synthetic,TypeM_v11_synthetic_visible,synthetic_controlled,False,missing_condition_prefix_video_path|missing_condition_poses|missing_condition_intrinsics|missing_winner_future_video_path|missing_loser_full_video_path,False,True,False,False,True
manifests/dpo_v14_subsets/synthetic_controlled.jsonl,207,v11_SYN_0457_01101_drop_orbit_left_72_seed40101_drop_motion_failure_synthetic,TypeM_v11_synthetic_visible,synthetic_controlled,False,missing_condition_prefix_video_path|missing_condition_poses|missing_condition_intrinsics|missing_winner_future_video_path|missing_loser_full_video_path,False,True,False,False,True
manifests/dpo_v14_subsets/synthetic_controlled.jsonl,208,v10_TypeM_055_04357_containment_orbit_left_44_seed43357_foreground_identity_color_shift,TypeM_v10_synthetic_visible,synthetic_controlled,False,missing_condition_prefix_video_path|missing_winner_full_video_path|missing_winner_future_video_path|missing_loser_full_video_path|missing_loser_future_video_path,False,False,False,False,False
manifests/dpo_v14_subsets/synthetic_controlled.jsonl,209,v10_TypeM_058_prefix5_anchored_29df7c5cf94c4b_reobserve_mismatch_local_patch_drift,TypeM_v10_synthetic_visible,synthetic_controlled,False,missing_condition_prefix_video_path|missing_winner_full_video_path|missing_winner_future_video_path|missing_loser_full_video_path|missing_loser_future_video_path,False,False,False,False,False
manifests/dpo_v14_subsets/synthetic_controlled.jsonl,210,v10_TypeM_061_prefix5_anchored_d86ae2fb1d25b2_freeze_foreground_local_patch_freeze,TypeM_v10_synthetic_visible,synthetic_controlled,False,missing_condition_prefix_video_path|missing_winner_full_video_path|missing_winner_future_video_path|missing_loser_full_video_path|missing_loser_future_video_path,False,False,False,False,False
manifests/dpo_v14_subsets/synthetic_controlled.jsonl,211,v11_SYN_0034_02228_collision_orbit_right_64_seed41228_local_scene_patch_drift,TypeM_v11_synthetic_visible,synthetic_controlled,False,missing_condition_prefix_video_path|missing_condition_poses|missing_condition_intrinsics|missing_winner_future_video_path|missing_loser_full_video_path,False,True,False,False,True
manifests/dpo_v14_subsets/synthetic_controlled.jsonl,212,v11_SYN_0194_v6_02200_collision_orbit_right_64_seed41200_object_deformation_visible,TypeM_v11_synthetic_visible,synthetic_controlled,False,missing_condition_prefix_video_path|missing_condition_poses|missing_condition_intrinsics|missing_winner_full_video_path|missing_winner_future_video_path|missing_loser_full_video_path,False,False,False,False,True
manifests/dpo_v14_subsets/synthetic_controlled.jsonl,213,v11_SYN_EXTRA_0171_04249_containment_orbit_left_44_seed43249_object_duplicate_or_fragment,TypeM_v11_synthetic_visible,synthetic_controlled,False,missing_condition_prefix_video_path|missing_condition_poses|missing_condition_intrinsics|missing_winner_future_video_path|missing_loser_full_video_path,False,True,False,False,True
manifests/dpo_v14_subsets/synthetic_controlled.jsonl,214,v11_SYN_0460_01101_drop_orbit_left_72_seed40101_object_identity_color_shift,TypeM_v11_synthetic_visible,synthetic_controlled,False,missing_condition_prefix_video_path|missing_condition_poses|missing_condition_intrinsics|missing_winner_future_video_path|missing_loser_full_video_path,False,True,False,False,True
manifests/dpo_v14_subsets/synthetic_controlled.jsonl,215,v11_SYN_0484_03409_roll_orbit_right_60_seed42409_partial_freeze_foreground,TypeM_v11_synthetic_visible,synthetic_controlled,False,missing_condition_prefix_video_path|missing_condition_poses|missing_condition_intrinsics|missing_winner_future_video_path|missing_loser_full_video_path,False,True,False,False,True
manifests/dpo_v14_subsets/synthetic_controlled.jsonl,216,v11_SYN_EXTRA_0178_04260_containment_orbit_left_44_seed43260_reobserve_mismatch_visible,TypeM_v11_synthetic_visible,synthetic_controlled,False,missing_condition_prefix_video_path|missing_condition_poses|missing_condition_intrinsics|missing_winner_future_video_path|missing_loser_full_video_path,False,True,False,False,True
manifests/dpo_v14_subsets/synthetic_controlled.jsonl,217,v11_SYN_0577_03533_roll_orbit_right_60_seed42533_roll_event_fragment_synthetic,TypeM_v11_synthetic_visible,synthetic_controlled,False,missing_condition_prefix_video_path|missing_condition_poses|missing_condition_intrinsics|missing_winner_future_video_path|missing_loser_full_video_path,False,True,False,False,True
manifests/dpo_v14_subsets/synthetic_controlled.jsonl,218,v11_SYN_0506_03435_roll_orbit_right_60_seed42435_wrong_camera_motion_visible,TypeM_v11_synthetic_visible,synthetic_controlled,False,missing_condition_prefix_video_path|missing_condition_poses|missing_condition_intrinsics|missing_winner_future_video_path|missing_loser_full_video_path,False,True,False,False,True
manifests/dpo_v14_subsets/synthetic_controlled.jsonl,219,v11_SYN_0509_03435_roll_orbit_right_60_seed42435_background_drift_visible,TypeM_v11_synthetic_visible,synthetic_controlled,False,missing_condition_prefix_video_path|missing_condition_poses|missing_condition_intrinsics|missing_winner_future_video_path|missing_loser_full_video_path,False,True,False,False,True
manifests/dpo_v14_subsets/synthetic_controlled.jsonl,220,v11_SYN_0073_02288_collision_orbit_right_64_seed41288_collision_response_failure_synthetic,TypeM_v11_synthetic_visible,synthetic_controlled,False,missing_condition_prefix_video_path|missing_condition_poses|missing_condition_intrinsics|missing_winner_future_video_path|missing_loser_full_video_path,False,True,False,False,True
manifests/dpo_v14_subsets/synthetic_controlled.jsonl,221,v11_SYN_0277_04279_containment_orbit_left_44_seed43279_containment_failure_synthetic,TypeM_v11_synthetic_visible,synthetic_controlled,False,missing_condition_prefix_video_path|missing_condition_poses|missing_condition_intrinsics|missing_winner_future_video_path|missing_loser_full_video_path,False,True,False,False,True
manifests/dpo_v14_subsets/synthetic_controlled.jsonl,222,v11_SYN_0463_01102_drop_orbit_left_72_seed40102_drop_motion_failure_synthetic,TypeM_v11_synthetic_visible,synthetic_controlled,False,missing_condition_prefix_video_path|missing_condition_poses|missing_condition_intrinsics|missing_winner_future_video_path|missing_loser_full_video_path,False,True,False,False,True
manifests/dpo_v14_subsets/synthetic_controlled.jsonl,223,v10_TypeM_023_prefix5_anchored_1128e39109fc83_object_deformation_foreground_identity_color_shift,TypeM_v10_synthetic_visible,synthetic_controlled,False,missing_condition_prefix_video_path|missing_winner_full_video_path|missing_winner_future_video_path|missing_loser_full_video_path|missing_loser_future_video_path,False,False,False,False,False
manifests/dpo_v14_subsets/synthetic_controlled.jsonl,224,v10_TypeM_026_prefix5_anchored_525c18bc4422f0_background_drift_local_patch_drift,TypeM_v10_synthetic_visible,synthetic_controlled,False,missing_condition_prefix_video_path|missing_winner_full_video_path|missing_winner_future_video_path|missing_loser_full_video_path|missing_loser_future_video_path,False,False,False,False,False
manifests/dpo_v14_subsets/synthetic_controlled.jsonl,225,v11_SYN_EXTRA_0024_02228_collision_orbit_right_64_seed41228_local_scene_patch_drift,TypeM_v11_synthetic_visible,synthetic_controlled,False,missing_condition_prefix_video_path|missing_condition_poses|missing_condition_intrinsics|missing_winner_future_video_path|missing_loser_full_video_path,False,True,False,False,True
manifests/dpo_v14_subsets/synthetic_controlled.jsonl,226,v11_SYN_0212_v6_02226_collision_orbit_right_64_seed41226_object_deformation_visible,TypeM_v11_synthetic_visible,synthetic_controlled,False,missing_condition_prefix_video_path|missing_condition_poses|missing_condition_intrinsics|missing_winner_full_video_path|missing_winner_future_video_path|missing_loser_full_video_path,False,False,False,False,True
manifests/dpo_v14_subsets/synthetic_controlled.jsonl,227,v11_SYN_0267_04260_containment_orbit_left_44_seed43260_object_duplicate_or_fragment,TypeM_v11_synthetic_visible,synthetic_controlled,False,missing_condition_prefix_video_path|missing_condition_poses|missing_condition_intrinsics|missing_winner_future_video_path|missing_loser_full_video_path,False,True,False,False,True
manifests/dpo_v14_subsets/synthetic_controlled.jsonl,228,v11_SYN_0466_01102_drop_orbit_left_72_seed40102_object_identity_color_shift,TypeM_v11_synthetic_visible,synthetic_controlled,False,missing_condition_prefix_video_path|missing_condition_poses|missing_condition_intrinsics|missing_winner_future_video_path|missing_loser_full_video_path,False,True,False,False,True
manifests/dpo_v14_subsets/synthetic_controlled.jsonl,229,v11_SYN_0490_03410_roll_orbit_right_60_seed42410_partial_freeze_foreground,TypeM_v11_synthetic_visible,synthetic_controlled,False,missing_condition_prefix_video_path|missing_condition_poses|missing_condition_intrinsics|missing_winner_future_video_path|missing_loser_full_video_path,False,True,False,False,True
manifests/dpo_v14_subsets/synthetic_controlled.jsonl,230,v11_SYN_0272_04267_containment_orbit_left_44_seed43267_reobserve_mismatch_visible,TypeM_v11_synthetic_visible,synthetic_controlled,False,missing_condition_prefix_video_path|missing_condition_poses|missing_condition_intrinsics|missing_winner_future_video_path|missing_loser_full_video_path,False,True,False,False,True
manifests/dpo_v14_subsets/synthetic_controlled.jsonl,231,v11_SYN_0583_03536_roll_orbit_right_60_seed42536_roll_event_fragment_synthetic,TypeM_v11_synthetic_visible,synthetic_controlled,False,missing_condition_prefix_video_path|missing_condition_poses|missing_condition_intrinsics|missing_winner_future_video_path|missing_loser_full_video_path,False,True,False,False,True
manifests/dpo_v14_subsets/synthetic_controlled.jsonl,232,v11_SYN_0512_03437_roll_orbit_right_60_seed42437_wrong_camera_motion_visible,TypeM_v11_synthetic_visible,synthetic_controlled,False,missing_condition_prefix_video_path|missing_condition_poses|missing_condition_intrinsics|missing_winner_future_video_path|missing_loser_full_video_path,False,True,False,False,True
manifests/dpo_v14_subsets/synthetic_controlled.jsonl,233,v11_SYN_0515_03437_roll_orbit_right_60_seed42437_background_drift_visible,TypeM_v11_synthetic_visible,synthetic_controlled,False,missing_condition_prefix_video_path|missing_condition_poses|missing_condition_intrinsics|missing_winner_future_video_path|missing_loser_full_video_path,False,True,False,False,True
manifests/dpo_v14_subsets/synthetic_controlled.jsonl,234,v11_SYN_EXTRA_0049_02288_collision_orbit_right_64_seed41288_collision_response_failure_synthetic,TypeM_v11_synthetic_visible,synthetic_controlled,False,missing_condition_prefix_video_path|missing_condition_poses|missing_condition_intrinsics|missing_winner_future_video_path|missing_loser_full_video_path,False,True,False,False,True
manifests/dpo_v14_subsets/synthetic_controlled.jsonl,235,v11_SYN_EXTRA_0185_04279_containment_orbit_left_44_seed43279_containment_failure_synthetic,TypeM_v11_synthetic_visible,synthetic_controlled,False,missing_condition_prefix_video_path|missing_condition_poses|missing_condition_intrinsics|missing_winner_future_video_path|missing_loser_full_video_path,False,True,False,False,True
manifests/dpo_v14_subsets/synthetic_controlled.jsonl,236,v11_SYN_0469_01108_drop_orbit_left_72_seed40108_drop_motion_failure_synthetic,TypeM_v11_synthetic_visible,synthetic_controlled,False,missing_condition_prefix_video_path|missing_condition_poses|missing_condition_intrinsics|missing_winner_future_video_path|missing_loser_full_video_path,False,True,False,False,True
manifests/dpo_v14_subsets/synthetic_controlled.jsonl,237,v10_TypeM_027_prefix5_anchored_7f708dfe212ad6_freeze_foreground_foreground_identity_color_shift,TypeM_v10_synthetic_visible,synthetic_controlled,False,missing_condition_prefix_video_path|missing_winner_full_video_path|missing_winner_future_video_path|missing_loser_full_video_path|missing_loser_future_video_path,False,False,False,False,False
manifests/dpo_v14_subsets/synthetic_controlled.jsonl,238,v10_TypeM_062_prefix5_anchored_dc458b2cf487d8_wrong_camera_motion_local_patch_drift,TypeM_v10_synthetic_visible,synthetic_controlled,False,missing_condition_prefix_video_path|missing_winner_full_video_path|missing_winner_future_video_path|missing_loser_full_video_path|missing_loser_future_video_path,False,False,False,False,False
manifests/dpo_v14_subsets/synthetic_controlled.jsonl,239,v11_SYN_EXTRA_0028_02239_collision_strafe_left_180_seed41239_local_scene_patch_drift,TypeM_v11_synthetic_visible,synthetic_controlled,False,missing_condition_prefix_video_path|missing_condition_poses|missing_condition_intrinsics|missing_winner_future_video_path|missing_loser_full_video_path,False,True,False,False,True
manifests/dpo_v14_subsets/synthetic_controlled.jsonl,240,v11_SYN_EXTRA_0187_04279_containment_orbit_left_44_seed43279_object_duplicate_or_fragment,TypeM_v11_synthetic_visible,synthetic_controlled,False,missing_condition_prefix_video_path|missing_condition_poses|missing_condition_intrinsics|missing_winner_future_video_path|missing_loser_full_video_path,False,True,False,False,True
manifests/dpo_v14_subsets/synthetic_controlled.jsonl,241,v11_SYN_0496_03413_roll_orbit_right_60_seed42413_partial_freeze_foreground,TypeM_v11_synthetic_visible,synthetic_controlled,False,missing_condition_prefix_video_path|missing_condition_poses|missing_condition_intrinsics|missing_winner_future_video_path|missing_loser_full_video_path,False,True,False,False,True
manifests/dpo_v14_subsets/synthetic_controlled.jsonl,242,v11_SYN_0278_04279_containment_orbit_left_44_seed43279_reobserve_mismatch_visible,TypeM_v11_synthetic_visible,synthetic_controlled,False,missing_condition_prefix_video_path|missing_condition_poses|missing_condition_intrinsics|missing_winner_future_video_path|missing_loser_full_video_path,False,True,False,False,True
manifests/dpo_v14_subsets/synthetic_controlled.jsonl,243,v11_SYN_0595_03544_roll_orbit_right_60_seed42544_roll_event_fragment_synthetic,TypeM_v11_synthetic_visible,synthetic_controlled,False,missing_condition_prefix_video_path|missing_condition_poses|missing_condition_intrinsics|missing_winner_future_video_path|missing_loser_full_video_path,False,True,False,False,True
manifests/dpo_v14_subsets/synthetic_controlled.jsonl,244,v11_SYN_0518_03440_roll_orbit_right_60_seed42440_wrong_camera_motion_visible,TypeM_v11_synthetic_visible,synthetic_controlled,False,missing_condition_prefix_video_path|missing_condition_poses|missing_condition_intrinsics|missing_winner_future_video_path|missing_loser_full_video_path,False,True,False,False,True
manifests/dpo_v14_subsets/synthetic_controlled.jsonl,245,v11_SYN_0521_03440_roll_orbit_right_60_seed42440_background_drift_visible,TypeM_v11_synthetic_visible,synthetic_controlled,False,missing_condition_prefix_video_path|missing_condition_poses|missing_condition_intrinsics|missing_winner_future_video_path|missing_loser_full_video_path,False,True,False,False,True
manifests/dpo_v14_subsets/synthetic_controlled.jsonl,246,v11_SYN_0079_02292_collision_orbit_right_64_seed41292_collision_response_failure_synthetic,TypeM_v11_synthetic_visible,synthetic_controlled,False,missing_condition_prefix_video_path|missing_condition_poses|missing_condition_intrinsics|missing_winner_future_video_path|missing_loser_full_video_path,False,True,False,False,True
manifests/dpo_v14_subsets/synthetic_controlled.jsonl,247,v11_SYN_0283_04280_containment_orbit_left_44_seed43280_containment_failure_synthetic,TypeM_v11_synthetic_visible,synthetic_controlled,False,missing_condition_prefix_video_path|missing_condition_poses|missing_condition_intrinsics|missing_winner_future_video_path|missing_loser_full_video_path,False,True,False,False,True
manifests/dpo_v14_subsets/synthetic_controlled.jsonl,248,v11_SYN_0475_v6b_GT_C_001_01014_drop_orbit_left_72_seed40014_drop_motion_failure_synthetic,TypeM_v11_synthetic_visible,synthetic_controlled,False,missing_condition_prefix_video_path|missing_condition_poses|missing_condition_intrinsics|missing_winner_future_video_path|missing_loser_full_video_path,False,True,False,False,True
manifests/dpo_v14_subsets/synthetic_controlled.jsonl,249,v10_TypeM_059_prefix5_anchored_95981b8f74bed0_background_drift_foreground_identity_color_shift,TypeM_v10_synthetic_visible,synthetic_controlled,False,missing_condition_prefix_video_path|missing_winner_full_video_path|missing_winner_future_video_path|missing_loser_full_video_path|missing_loser_future_video_path,False,False,False,False,False
manifests/dpo_v14_subsets/synthetic_controlled.jsonl,250,v11_SYN_0046_02259_collision_strafe_left_180_seed41259_local_scene_patch_drift,TypeM_v11_synthetic_visible,synthetic_controlled,False,missing_condition_prefix_video_path|missing_condition_poses|missing_condition_intrinsics|missing_winner_future_video_path|missing_loser_full_video_path,False,True,False,False,True
manifests/dpo_v14_subsets/synthetic_controlled.jsonl,251,v11_SYN_EXTRA_0095_prefix5_anchored_1ca3412d8f73c8_nonrigid_background_warp_object_duplicate_or_fragment,TypeM_v11_synthetic_visible,synthetic_controlled,False,missing_condition_prefix_video_path|missing_condition_poses|missing_condition_intrinsics|missing_winner_full_video_path|missing_winner_future_video_path|missing_loser_full_video_path,False,False,False,False,True
manifests/dpo_v14_subsets/synthetic_controlled.jsonl,252,v11_SYN_0018_02215_collision_strafe_left_180_seed41215_object_identity_color_shift,TypeM_v11_synthetic_visible,synthetic_controlled,False,missing_condition_prefix_video_path|missing_condition_poses|missing_condition_intrinsics|missing_winner_future_video_path|missing_loser_full_video_path,False,True,False,False,True
manifests/dpo_v14_subsets/synthetic_controlled.jsonl,253,v11_SYN_0502_03418_roll_orbit_right_60_seed42418_partial_freeze_foreground,TypeM_v11_synthetic_visible,synthetic_controlled,False,missing_condition_prefix_video_path|missing_condition_poses|missing_condition_intrinsics|missing_winner_future_video_path|missing_loser_full_video_path,False,True,False,False,True
manifests/dpo_v14_subsets/synthetic_controlled.jsonl,254,v11_SYN_EXTRA_0186_04279_containment_orbit_left_44_seed43279_reobserve_mismatch_visible,TypeM_v11_synthetic_visible,synthetic_controlled,False,missing_condition_prefix_video_path|missing_condition_poses|missing_condition_intrinsics|missing_winner_future_video_path|missing_loser_full_video_path,False,True,False,False,True
manifests/dpo_v14_subsets/synthetic_controlled.jsonl,255,v11_SYN_0536_03465_roll_orbit_right_60_seed42465_wrong_camera_motion_visible,TypeM_v11_synthetic_visible,synthetic_controlled,False,missing_condition_prefix_video_path|missing_condition_poses|missing_condition_intrinsics|missing_winner_future_video_path|missing_loser_full_video_path,False,True,False,False,True
manifests/dpo_v14_subsets/synthetic_controlled.jsonl,256,v11_SYN_0527_03442_roll_orbit_right_60_seed42442_background_drift_visible,TypeM_v11_synthetic_visible,synthetic_controlled,False,missing_condition_prefix_video_path|missing_condition_poses|missing_condition_intrinsics|missing_winner_future_video_path|missing_loser_full_video_path,False,True,False,False,True
manifests/dpo_v14_subsets/synthetic_controlled.jsonl,257,v11_SYN_EXTRA_0053_02292_collision_orbit_right_64_seed41292_collision_response_failure_synthetic,TypeM_v11_synthetic_visible,synthetic_controlled,False,missing_condition_prefix_video_path|missing_condition_poses|missing_condition_intrinsics|missing_winner_future_video_path|missing_loser_full_video_path,False,True,False,False,True
manifests/dpo_v14_subsets/synthetic_controlled.jsonl,258,v11_SYN_EXTRA_0189_04280_containment_orbit_left_44_seed43280_containment_failure_synthetic,TypeM_v11_synthetic_visible,synthetic_controlled,False,missing_condition_prefix_video_path|missing_condition_poses|missing_condition_intrinsics|missing_winner_future_video_path|missing_loser_full_video_path,False,True,False,False,True
manifests/dpo_v14_subsets/synthetic_controlled.jsonl,259,v10_TypeM_031_prefix5_anchored_ede413792fce8b_nonrigid_background_warp_foreground_identity_color_shift,TypeM_v10_synthetic_visible,synthetic_controlled,False,missing_condition_prefix_video_path|missing_winner_full_video_path|missing_winner_future_video_path|missing_loser_full_video_path|missing_loser_future_video_path,False,False,False,False,False
manifests/dpo_v14_subsets/synthetic_controlled.jsonl,260,v11_SYN_0058_02276_collision_orbit_right_64_seed41276_local_scene_patch_drift,TypeM_v11_synthetic_visible,synthetic_controlled,False,missing_condition_prefix_video_path|missing_condition_poses|missing_condition_intrinsics|missing_winner_future_video_path|missing_loser_full_video_path,False,True,False,False,True
manifests/dpo_v14_subsets/synthetic_controlled.jsonl,261,v11_SYN_EXTRA_0107_prefix5_anchored_7f708dfe212ad6_freeze_foreground_object_duplicate_or_fragment,TypeM_v11_synthetic_visible,synthetic_controlled,False,missing_condition_prefix_video_path|missing_condition_poses|missing_condition_intrinsics|missing_winner_full_video_path|missing_winner_future_video_path|missing_loser_full_video_path,False,False,False,False,True
manifests/dpo_v14_subsets/synthetic_controlled.jsonl,262,v11_SYN_0508_03435_roll_orbit_right_60_seed42435_partial_freeze_foreground,TypeM_v11_synthetic_visible,synthetic_controlled,False,missing_condition_prefix_video_path|missing_condition_poses|missing_condition_intrinsics|missing_winner_future_video_path|missing_loser_full_video_path,False,True,False,False,True
manifests/dpo_v14_subsets/synthetic_controlled.jsonl,263,v11_SYN_0284_04280_containment_orbit_left_44_seed43280_reobserve_mismatch_visible,TypeM_v11_synthetic_visible,synthetic_controlled,False,missing_condition_prefix_video_path|missing_condition_poses|missing_condition_intrinsics|missing_winner_future_video_path|missing_loser_full_video_path,False,True,False,False,True
manifests/dpo_v14_subsets/synthetic_controlled.jsonl,264,v11_SYN_0548_03477_roll_orbit_right_60_seed42477_wrong_camera_motion_visible,TypeM_v11_synthetic_visible,synthetic_controlled,False,missing_condition_prefix_video_path|missing_condition_poses|missing_condition_intrinsics|missing_winner_future_video_path|missing_loser_full_video_path,False,True,False,False,True
manifests/dpo_v14_subsets/synthetic_controlled.jsonl,265,v11_SYN_0533_03453_roll_orbit_right_60_seed42453_background_drift_visible,TypeM_v11_synthetic_visible,synthetic_controlled,False,missing_condition_prefix_video_path|missing_condition_poses|missing_condition_intrinsics|missing_winner_future_video_path|missing_loser_full_video_path,False,True,False,False,True
manifests/dpo_v14_subsets/synthetic_controlled.jsonl,266,v11_SYN_0085_02295_collision_strafe_left_180_seed41295_collision_response_failure_synthetic,TypeM_v11_synthetic_visible,synthetic_controlled,False,missing_condition_prefix_video_path|missing_condition_poses|missing_condition_intrinsics|missing_winner_future_video_path|missing_loser_full_video_path,False,True,False,False,True
manifests/dpo_v14_subsets/synthetic_controlled.jsonl,267,v11_SYN_0289_04302_containment_orbit_left_44_seed43302_containment_failure_synthetic,TypeM_v11_synthetic_visible,synthetic_controlled,False,missing_condition_prefix_video_path|missing_condition_poses|missing_condition_intrinsics|missing_winner_future_video_path|missing_loser_full_video_path,False,True,False,False,True
manifests/dpo_v14_subsets/synthetic_controlled.jsonl,268,v10_TypeM_035_v6_02222_collision_orbit_right_64_seed41222_foreground_identity_color_shift,TypeM_v10_synthetic_visible,synthetic_controlled,False,missing_condition_prefix_video_path|missing_winner_full_video_path|missing_winner_future_video_path|missing_loser_full_video_path|missing_loser_future_video_path,False,False,False,False,False
manifests/dpo_v14_subsets/synthetic_controlled.jsonl,269,v11_SYN_EXTRA_0135_v6_02202_collision_orbit_right_64_seed41202_object_duplicate_or_fragment,TypeM_v11_synthetic_visible,synthetic_controlled,False,missing_condition_prefix_video_path|missing_condition_poses|missing_condition_intrinsics|missing_winner_full_video_path|missing_winner_future_video_path|missing_loser_full_video_path,False,False,False,False,True
manifests/dpo_v14_subsets/synthetic_controlled.jsonl,270,v11_SYN_0042_02239_collision_strafe_left_180_seed41239_object_identity_color_shift,TypeM_v11_synthetic_visible,synthetic_controlled,False,missing_condition_prefix_video_path|missing_condition_poses|missing_condition_intrinsics|missing_winner_future_video_path|missing_loser_full_video_path,False,True,False,False,True
manifests/dpo_v14_subsets/synthetic_controlled.jsonl,271,v11_SYN_0520_03440_roll_orbit_right_60_seed42440_partial_freeze_foreground,TypeM_v11_synthetic_visible,synthetic_controlled,False,missing_condition_prefix_video_path|missing_condition_poses|missing_condition_intrinsics|missing_winner_future_video_path|missing_loser_full_video_path,False,True,False,False,True
manifests/dpo_v14_subsets/synthetic_controlled.jsonl,272,v11_SYN_EXTRA_0190_04280_containment_orbit_left_44_seed43280_reobserve_mismatch_visible,TypeM_v11_synthetic_visible,synthetic_controlled,False,missing_condition_prefix_video_path|missing_condition_poses|missing_condition_intrinsics|missing_winner_future_video_path|missing_loser_full_video_path,False,True,False,False,True
manifests/dpo_v14_subsets/synthetic_controlled.jsonl,273,v11_SYN_0560_03494_roll_orbit_right_60_seed42494_wrong_camera_motion_visible,TypeM_v11_synthetic_visible,synthetic_controlled,False,missing_condition_prefix_video_path|missing_condition_poses|missing_condition_intrinsics|missing_winner_future_video_path|missing_loser_full_video_path,False,True,False,False,True
manifests/dpo_v14_subsets/synthetic_controlled.jsonl,274,v11_SYN_0539_03465_roll_orbit_right_60_seed42465_background_drift_visible,TypeM_v11_synthetic_visible,synthetic_controlled,False,missing_condition_prefix_video_path|missing_condition_poses|missing_condition_intrinsics|missing_winner_future_video_path|missing_loser_full_video_path,False,True,False,False,True
manifests/dpo_v14_subsets/synthetic_controlled.jsonl,275,v11_SYN_EXTRA_0057_02295_collision_strafe_left_180_seed41295_collision_response_failure_synthetic,TypeM_v11_synthetic_visible,synthetic_controlled,False,missing_condition_prefix_video_path|missing_condition_poses|missing_condition_intrinsics|missing_winner_future_video_path|missing_loser_full_video_path,False,True,False,False,True
manifests/dpo_v14_subsets/synthetic_controlled.jsonl,276,v11_SYN_0295_04339_containment_orbit_left_44_seed43339_containment_failure_synthetic,TypeM_v11_synthetic_visible,synthetic_controlled,False,missing_condition_prefix_video_path|missing_condition_poses|missing_condition_intrinsics|missing_winner_future_video_path|missing_loser_full_video_path,False,True,False,False,True
manifests/dpo_v14_subsets/synthetic_controlled.jsonl,277,v10_TypeM_063_v6_04204_containment_orbit_left_44_seed43204_foreground_identity_color_shift,TypeM_v10_synthetic_visible,synthetic_controlled,False,missing_condition_prefix_video_path|missing_winner_full_video_path|missing_winner_future_video_path|missing_loser_full_video_path|missing_loser_future_video_path,False,False,False,False,False
manifests/dpo_v14_subsets/synthetic_controlled.jsonl,278,v11_SYN_0064_02284_collision_orbit_right_64_seed41284_local_scene_patch_drift,TypeM_v11_synthetic_visible,synthetic_controlled,False,missing_condition_prefix_video_path|missing_condition_poses|missing_condition_intrinsics|missing_winner_future_video_path|missing_loser_full_video_path,False,True,False,False,True
manifests/dpo_v14_subsets/synthetic_controlled.jsonl,279,v11_SYN_0048_02259_collision_strafe_left_180_seed41259_object_identity_color_shift,TypeM_v11_synthetic_visible,synthetic_controlled,False,missing_condition_prefix_video_path|missing_condition_poses|missing_condition_intrinsics|missing_winner_future_video_path|missing_loser_full_video_path,False,True,False,False,True
manifests/dpo_v14_subsets/synthetic_controlled.jsonl,280,v11_SYN_0526_03442_roll_orbit_right_60_seed42442_partial_freeze_foreground,TypeM_v11_synthetic_visible,synthetic_controlled,False,missing_condition_prefix_video_path|missing_condition_poses|missing_condition_intrinsics|missing_winner_future_video_path|missing_loser_full_video_path,False,True,False,False,True
manifests/dpo_v14_subsets/synthetic_controlled.jsonl,281,v11_SYN_0290_04302_containment_orbit_left_44_seed43302_reobserve_mismatch_visible,TypeM_v11_synthetic_visible,synthetic_controlled,False,missing_condition_prefix_video_path|missing_condition_poses|missing_condition_intrinsics|missing_winner_future_video_path|missing_loser_full_video_path,False,True,False,False,True
manifests/dpo_v14_subsets/synthetic_controlled.jsonl,282,v11_SYN_0566_03495_roll_orbit_right_60_seed42495_wrong_camera_motion_visible,TypeM_v11_synthetic_visible,synthetic_controlled,False,missing_condition_prefix_video_path|missing_condition_poses|missing_condition_intrinsics|missing_winner_future_video_path|missing_loser_full_video_path,False,True,False,False,True
manifests/dpo_v14_subsets/synthetic_controlled.jsonl,283,v11_SYN_0557_03484_roll_orbit_right_60_seed42484_background_drift_visible,TypeM_v11_synthetic_visible,synthetic_controlled,False,missing_condition_prefix_video_path|missing_condition_poses|missing_condition_intrinsics|missing_winner_future_video_path|missing_loser_full_video_path,False,True,False,False,True
manifests/dpo_v14_subsets/synthetic_controlled.jsonl,284,v11_SYN_0091_02327_collision_strafe_left_180_seed41327_collision_response_failure_synthetic,TypeM_v11_synthetic_visible,synthetic_controlled,False,missing_condition_prefix_video_path|missing_condition_poses|missing_condition_intrinsics|missing_winner_future_video_path|missing_loser_full_video_path,False,True,False,False,True
manifests/dpo_v14_subsets/synthetic_controlled.jsonl,285,v11_SYN_EXTRA_0197_04339_containment_orbit_left_44_seed43339_containment_failure_synthetic,TypeM_v11_synthetic_visible,synthetic_controlled,False,missing_condition_prefix_video_path|missing_condition_poses|missing_condition_intrinsics|missing_winner_future_video_path|missing_loser_full_video_path,False,True,False,False,True
manifests/dpo_v14_subsets/synthetic_controlled.jsonl,286,v11_SYN_0070_02286_collision_orbit_right_64_seed41286_local_scene_patch_drift,TypeM_v11_synthetic_visible,synthetic_controlled,False,missing_condition_prefix_video_path|missing_condition_poses|missing_condition_intrinsics|missing_winner_future_video_path|missing_loser_full_video_path,False,True,False,False,True
manifests/dpo_v14_subsets/synthetic_controlled.jsonl,287,v11_SYN_0054_02262_collision_orbit_right_64_seed41262_object_identity_color_shift,TypeM_v11_synthetic_visible,synthetic_controlled,False,missing_condition_prefix_video_path|missing_condition_poses|missing_condition_intrinsics|missing_winner_future_video_path|missing_loser_full_video_path,False,True,False,False,True
manifests/dpo_v14_subsets/synthetic_controlled.jsonl,288,v11_SYN_0538_03465_roll_orbit_right_60_seed42465_partial_freeze_foreground,TypeM_v11_synthetic_visible,synthetic_controlled,False,missing_condition_prefix_video_path|missing_condition_poses|missing_condition_intrinsics|missing_winner_future_video_path|missing_loser_full_video_path,False,True,False,False,True
manifests/dpo_v14_subsets/synthetic_controlled.jsonl,289,v11_SYN_EXTRA_0194_04302_containment_orbit_left_44_seed43302_reobserve_mismatch_visible,TypeM_v11_synthetic_visible,synthetic_controlled,False,missing_condition_prefix_video_path|missing_condition_poses|missing_condition_intrinsics|missing_winner_future_video_path|missing_loser_full_video_path,False,True,False,False,True
manifests/dpo_v14_subsets/synthetic_controlled.jsonl,290,v11_SYN_0572_03505_roll_orbit_right_60_seed42505_wrong_camera_motion_visible,TypeM_v11_synthetic_visible,synthetic_controlled,False,missing_condition_prefix_video_path|missing_condition_poses|missing_condition_intrinsics|missing_winner_future_video_path|missing_loser_full_video_path,False,True,False,False,True
manifests/dpo_v14_subsets/synthetic_controlled.jsonl,291,v11_SYN_0563_03494_roll_orbit_right_60_seed42494_background_drift_visible,TypeM_v11_synthetic_visible,synthetic_controlled,False,missing_condition_prefix_video_path|missing_condition_poses|missing_condition_intrinsics|missing_winner_future_video_path|missing_loser_full_video_path,False,True,False,False,True
manifests/dpo_v14_subsets/synthetic_controlled.jsonl,292,v11_SYN_EXTRA_0061_02327_collision_strafe_left_180_seed41327_collision_response_failure_synthetic,TypeM_v11_synthetic_visible,synthetic_controlled,False,missing_condition_prefix_video_path|missing_condition_poses|missing_condition_intrinsics|missing_winner_future_video_path|missing_loser_full_video_path,False,True,False,False,True
manifests/dpo_v14_subsets/synthetic_controlled.jsonl,293,v11_SYN_0301_04342_containment_orbit_left_44_seed43342_containment_failure_synthetic,TypeM_v11_synthetic_visible,synthetic_controlled,False,missing_condition_prefix_video_path|missing_condition_poses|missing_condition_intrinsics|missing_winner_future_video_path|missing_loser_full_video_path,False,True,False,False,True
manifests/dpo_v14_subsets/synthetic_controlled.jsonl,294,v11_SYN_EXTRA_0048_02286_collision_orbit_right_64_seed41286_local_scene_patch_drift,TypeM_v11_synthetic_visible,synthetic_controlled,False,missing_condition_prefix_video_path|missing_condition_poses|missing_condition_intrinsics|missing_winner_future_video_path|missing_loser_full_video_path,False,True,False,False,True
manifests/dpo_v14_subsets/synthetic_controlled.jsonl,295,v11_SYN_0544_03472_roll_orbit_right_60_seed42472_partial_freeze_foreground,TypeM_v11_synthetic_visible,synthetic_controlled,False,missing_condition_prefix_video_path|missing_condition_poses|missing_condition_intrinsics|missing_winner_future_video_path|missing_loser_full_video_path,False,True,False,False,True
manifests/dpo_v14_subsets/synthetic_controlled.jsonl,296,v11_SYN_EXTRA_0198_04339_containment_orbit_left_44_seed43339_reobserve_mismatch_visible,TypeM_v11_synthetic_visible,synthetic_controlled,False,missing_condition_prefix_video_path|missing_condition_poses|missing_condition_intrinsics|missing_winner_future_video_path|missing_loser_full_video_path,False,True,False,False,True
manifests/dpo_v14_subsets/synthetic_controlled.jsonl,297,v11_SYN_0578_03533_roll_orbit_right_60_seed42533_wrong_camera_motion_visible,TypeM_v11_synthetic_visible,synthetic_controlled,False,missing_condition_prefix_video_path|missing_condition_poses|missing_condition_intrinsics|missing_winner_future_video_path|missing_loser_full_video_path,False,True,False,False,True
manifests/dpo_v14_subsets/synthetic_controlled.jsonl,298,v11_SYN_0581_03533_roll_orbit_right_60_seed42533_background_drift_visible,TypeM_v11_synthetic_visible,synthetic_controlled,False,missing_condition_prefix_video_path|missing_condition_poses|missing_condition_intrinsics|missing_winner_future_video_path|missing_loser_full_video_path,False,True,False,False,True
manifests/dpo_v14_subsets/synthetic_controlled.jsonl,299,v11_SYN_0097_02328_collision_orbit_right_64_seed41328_collision_response_failure_synthetic,TypeM_v11_synthetic_visible,synthetic_controlled,False,missing_condition_prefix_video_path|missing_condition_poses|missing_condition_intrinsics|missing_winner_future_video_path|missing_loser_full_video_path,False,True,False,False,True
manifests/dpo_v14_subsets/synthetic_controlled.jsonl,300,v11_SYN_EXTRA_0201_04342_containment_orbit_left_44_seed43342_containment_failure_synthetic,TypeM_v11_synthetic_visible,synthetic_controlled,False,missing_condition_prefix_video_path|missing_condition_poses|missing_condition_intrinsics|missing_winner_future_video_path|missing_loser_full_video_path,False,True,False,False,True
manifests/dpo_v14_subsets/synthetic_controlled.jsonl,301,v11_SYN_0076_02288_collision_orbit_right_64_seed41288_local_scene_patch_drift,TypeM_v11_synthetic_visible,synthetic_controlled,False,missing_condition_prefix_video_path|missing_condition_poses|missing_condition_intrinsics|missing_winner_future_video_path|missing_loser_full_video_path,False,True,False,False,True
manifests/dpo_v14_subsets/synthetic_controlled.jsonl,302,v11_SYN_0066_02284_collision_orbit_right_64_seed41284_object_identity_color_shift,TypeM_v11_synthetic_visible,synthetic_controlled,False,missing_condition_prefix_video_path|missing_condition_poses|missing_condition_intrinsics|missing_winner_future_video_path|missing_loser_full_video_path,False,True,False,False,True
manifests/dpo_v14_subsets/synthetic_controlled.jsonl,303,v11_SYN_0550_03477_roll_orbit_right_60_seed42477_partial_freeze_foreground,TypeM_v11_synthetic_visible,synthetic_controlled,False,missing_condition_prefix_video_path|missing_condition_poses|missing_condition_intrinsics|missing_winner_future_video_path|missing_loser_full_video_path,False,True,False,False,True
manifests/dpo_v14_subsets/synthetic_controlled.jsonl,304,v11_SYN_0302_04342_containment_orbit_left_44_seed43342_reobserve_mismatch_visible,TypeM_v11_synthetic_visible,synthetic_controlled,False,missing_condition_prefix_video_path|missing_condition_poses|missing_condition_intrinsics|missing_winner_future_video_path|missing_loser_full_video_path,False,True,False,False,True
manifests/dpo_v14_subsets/synthetic_controlled.jsonl,305,v11_SYN_0584_03536_roll_orbit_right_60_seed42536_wrong_camera_motion_visible,TypeM_v11_synthetic_visible,synthetic_controlled,False,missing_condition_prefix_video_path|missing_condition_poses|missing_condition_intrinsics|missing_winner_future_video_path|missing_loser_full_video_path,False,True,False,False,True
manifests/dpo_v14_subsets/synthetic_controlled.jsonl,306,v11_SYN_0587_03536_roll_orbit_right_60_seed42536_background_drift_visible,TypeM_v11_synthetic_visible,synthetic_controlled,False,missing_condition_prefix_video_path|missing_condition_poses|missing_condition_intrinsics|missing_winner_future_video_path|missing_loser_full_video_path,False,True,False,False,True
manifests/dpo_v14_subsets/synthetic_controlled.jsonl,307,v11_SYN_EXTRA_0065_02328_collision_orbit_right_64_seed41328_collision_response_failure_synthetic,TypeM_v11_synthetic_visible,synthetic_controlled,False,missing_condition_prefix_video_path|missing_condition_poses|missing_condition_intrinsics|missing_winner_future_video_path|missing_loser_full_video_path,False,True,False,False,True
manifests/dpo_v14_subsets/synthetic_controlled.jsonl,308,v11_SYN_0307_04346_containment_orbit_left_44_seed43346_containment_failure_synthetic,TypeM_v11_synthetic_visible,synthetic_controlled,False,missing_condition_prefix_video_path|missing_condition_poses|missing_condition_intrinsics|missing_winner_future_video_path|missing_loser_full_video_path,False,True,False,False,True
manifests/dpo_v14_subsets/synthetic_controlled.jsonl,309,v11_SYN_EXTRA_0052_02288_collision_orbit_right_64_seed41288_local_scene_patch_drift,TypeM_v11_synthetic_visible,synthetic_controlled,False,missing_condition_prefix_video_path|missing_condition_poses|missing_condition_intrinsics|missing_winner_future_video_path|missing_loser_full_video_path,False,True,False,False,True
manifests/dpo_v14_subsets/synthetic_controlled.jsonl,310,v11_SYN_0072_02286_collision_orbit_right_64_seed41286_object_identity_color_shift,TypeM_v11_synthetic_visible,synthetic_controlled,False,missing_condition_prefix_video_path|missing_condition_poses|missing_condition_intrinsics|missing_winner_future_video_path|missing_loser_full_video_path,False,True,False,False,True
manifests/dpo_v14_subsets/synthetic_controlled.jsonl,311,v11_SYN_0556_03484_roll_orbit_right_60_seed42484_partial_freeze_foreground,TypeM_v11_synthetic_visible,synthetic_controlled,False,missing_condition_prefix_video_path|missing_condition_poses|missing_condition_intrinsics|missing_winner_future_video_path|missing_loser_full_video_path,False,True,False,False,True
manifests/dpo_v14_subsets/synthetic_controlled.jsonl,312,v11_SYN_EXTRA_0202_04342_containment_orbit_left_44_seed43342_reobserve_mismatch_visible,TypeM_v11_synthetic_visible,synthetic_controlled,False,missing_condition_prefix_video_path|missing_condition_poses|missing_condition_intrinsics|missing_winner_future_video_path|missing_loser_full_video_path,False,True,False,False,True
manifests/dpo_v14_subsets/synthetic_controlled.jsonl,313,v11_SYN_0596_03544_roll_orbit_right_60_seed42544_wrong_camera_motion_visible,TypeM_v11_synthetic_visible,synthetic_controlled,False,missing_condition_prefix_video_path|missing_condition_poses|missing_condition_intrinsics|missing_winner_future_video_path|missing_loser_full_video_path,False,True,False,False,True
manifests/dpo_v14_subsets/synthetic_controlled.jsonl,314,v11_SYN_0593_03542_roll_orbit_right_60_seed42542_background_drift_visible,TypeM_v11_synthetic_visible,synthetic_controlled,False,missing_condition_prefix_video_path|missing_condition_poses|missing_condition_intrinsics|missing_winner_future_video_path|missing_loser_full_video_path,False,True,False,False,True
manifests/dpo_v14_subsets/synthetic_controlled.jsonl,315,v11_SYN_0103_02353_collision_strafe_left_180_seed41353_collision_response_failure_synthetic,TypeM_v11_synthetic_visible,synthetic_controlled,False,missing_condition_prefix_video_path|missing_condition_poses|missing_condition_intrinsics|missing_winner_future_video_path|missing_loser_full_video_path,False,True,False,False,True
manifests/dpo_v14_subsets/synthetic_controlled.jsonl,316,v11_SYN_EXTRA_0205_04346_containment_orbit_left_44_seed43346_containment_failure_synthetic,TypeM_v11_synthetic_visible,synthetic_controlled,False,missing_condition_prefix_video_path|missing_condition_poses|missing_condition_intrinsics|missing_winner_future_video_path|missing_loser_full_video_path,False,True,False,False,True
manifests/dpo_v14_subsets/synthetic_controlled.jsonl,317,v11_SYN_EXTRA_0056_02292_collision_orbit_right_64_seed41292_local_scene_patch_drift,TypeM_v11_synthetic_visible,synthetic_controlled,False,missing_condition_prefix_video_path|missing_condition_poses|missing_condition_intrinsics|missing_winner_future_video_path|missing_loser_full_video_path,False,True,False,False,True
manifests/dpo_v14_subsets/synthetic_controlled.jsonl,318,v11_SYN_0078_02288_collision_orbit_right_64_seed41288_object_identity_color_shift,TypeM_v11_synthetic_visible,synthetic_controlled,False,missing_condition_prefix_video_path|missing_condition_poses|missing_condition_intrinsics|missing_winner_future_video_path|missing_loser_full_video_path,False,True,False,False,True
manifests/dpo_v14_subsets/synthetic_controlled.jsonl,319,v11_SYN_0562_03494_roll_orbit_right_60_seed42494_partial_freeze_foreground,TypeM_v11_synthetic_visible,synthetic_controlled,False,missing_condition_prefix_video_path|missing_condition_poses|missing_condition_intrinsics|missing_winner_future_video_path|missing_loser_full_video_path,False,True,False,False,True
manifests/dpo_v14_subsets/synthetic_controlled.jsonl,320,v11_SYN_0308_04346_containment_orbit_left_44_seed43346_reobserve_mismatch_visible,TypeM_v11_synthetic_visible,synthetic_controlled,False,missing_condition_prefix_video_path|missing_condition_poses|missing_condition_intrinsics|missing_winner_future_video_path|missing_loser_full_video_path,False,True,False,False,True
manifests/dpo_v14_subsets/synthetic_controlled.jsonl,321,v11_SYN_0480_v6b_GT_C_001_01014_drop_orbit_left_72_seed40014_wrong_camera_motion_visible,TypeM_v11_synthetic_visible,synthetic_controlled,False,missing_condition_prefix_video_path|missing_condition_poses|missing_condition_intrinsics|missing_winner_future_video_path|missing_loser_full_video_path,False,True,False,False,True
manifests/dpo_v14_subsets/synthetic_controlled.jsonl,322,v11_SYN_0029_02226_collision_orbit_right_64_seed41226_background_drift_visible,TypeM_v11_synthetic_visible,synthetic_controlled,False,missing_condition_prefix_video_path|missing_condition_poses|missing_condition_intrinsics|missing_winner_full_video_path|missing_winner_future_video_path|missing_loser_full_video_path,False,False,False,False,True
manifests/dpo_v14_subsets/synthetic_controlled.jsonl,323,v11_SYN_EXTRA_0069_02353_collision_strafe_left_180_seed41353_collision_response_failure_synthetic,TypeM_v11_synthetic_visible,synthetic_controlled,False,missing_condition_prefix_video_path|missing_condition_poses|missing_condition_intrinsics|missing_winner_future_video_path|missing_loser_full_video_path,False,True,False,False,True
manifests/dpo_v14_subsets/synthetic_controlled.jsonl,324,v11_SYN_0313_04351_containment_orbit_left_44_seed43351_containment_failure_synthetic,TypeM_v11_synthetic_visible,synthetic_controlled,False,missing_condition_prefix_video_path|missing_condition_poses|missing_condition_intrinsics|missing_winner_future_video_path|missing_loser_full_video_path,False,True,False,False,True
manifests/dpo_v14_subsets/synthetic_controlled.jsonl,325,v11_SYN_0088_02295_collision_strafe_left_180_seed41295_local_scene_patch_drift,TypeM_v11_synthetic_visible,synthetic_controlled,False,missing_condition_prefix_video_path|missing_condition_poses|missing_condition_intrinsics|missing_winner_future_video_path|missing_loser_full_video_path,False,True,False,False,True
manifests/dpo_v14_subsets/synthetic_controlled.jsonl,326,v11_SYN_0084_02292_collision_orbit_right_64_seed41292_object_identity_color_shift,TypeM_v11_synthetic_visible,synthetic_controlled,False,missing_condition_prefix_video_path|missing_condition_poses|missing_condition_intrinsics|missing_winner_future_video_path|missing_loser_full_video_path,False,True,False,False,True
manifests/dpo_v14_subsets/synthetic_controlled.jsonl,327,v11_SYN_0568_03495_roll_orbit_right_60_seed42495_partial_freeze_foreground,TypeM_v11_synthetic_visible,synthetic_controlled,False,missing_condition_prefix_video_path|missing_condition_poses|missing_condition_intrinsics|missing_winner_future_video_path|missing_loser_full_video_path,False,True,False,False,True
manifests/dpo_v14_subsets/synthetic_controlled.jsonl,328,v11_SYN_EXTRA_0206_04346_containment_orbit_left_44_seed43346_reobserve_mismatch_visible,TypeM_v11_synthetic_visible,synthetic_controlled,False,missing_condition_prefix_video_path|missing_condition_poses|missing_condition_intrinsics|missing_winner_future_video_path|missing_loser_full_video_path,False,True,False,False,True
manifests/dpo_v14_subsets/synthetic_controlled.jsonl,329,v11_SYN_0011_02202_collision_orbit_right_64_seed41202_background_drift_visible,TypeM_v11_synthetic_visible,synthetic_controlled,False,missing_condition_prefix_video_path|missing_condition_poses|missing_condition_intrinsics|missing_winner_full_video_path|missing_winner_future_video_path|missing_loser_full_video_path,False,False,False,False,True
manifests/dpo_v14_subsets/synthetic_controlled.jsonl,330,v11_SYN_0109_02360_collision_orbit_right_64_seed41360_collision_response_failure_synthetic,TypeM_v11_synthetic_visible,synthetic_controlled,False,missing_condition_prefix_video_path|missing_condition_poses|missing_condition_intrinsics|missing_winner_future_video_path|missing_loser_full_video_path,False,True,False,False,True
manifests/dpo_v14_subsets/synthetic_controlled.jsonl,331,v11_SYN_EXTRA_0209_04351_containment_orbit_left_44_seed43351_containment_failure_synthetic,TypeM_v11_synthetic_visible,synthetic_controlled,False,missing_condition_prefix_video_path|missing_condition_poses|missing_condition_intrinsics|missing_winner_future_video_path|missing_loser_full_video_path,False,True,False,False,True
manifests/dpo_v14_subsets/synthetic_controlled.jsonl,332,v11_SYN_0094_02327_collision_strafe_left_180_seed41327_local_scene_patch_drift,TypeM_v11_synthetic_visible,synthetic_controlled,False,missing_condition_prefix_video_path|missing_condition_poses|missing_condition_intrinsics|missing_winner_future_video_path|missing_loser_full_video_path,False,True,False,False,True
manifests/dpo_v14_subsets/synthetic_controlled.jsonl,333,v11_SYN_0090_02295_collision_strafe_left_180_seed41295_object_identity_color_shift,TypeM_v11_synthetic_visible,synthetic_controlled,False,missing_condition_prefix_video_path|missing_condition_poses|missing_condition_intrinsics|missing_winner_future_video_path|missing_loser_full_video_path,False,True,False,False,True
manifests/dpo_v14_subsets/synthetic_controlled.jsonl,334,v11_SYN_0574_03505_roll_orbit_right_60_seed42505_partial_freeze_foreground,TypeM_v11_synthetic_visible,synthetic_controlled,False,missing_condition_prefix_video_path|missing_condition_poses|missing_condition_intrinsics|missing_winner_future_video_path|missing_loser_full_video_path,False,True,False,False,True
manifests/dpo_v14_subsets/synthetic_controlled.jsonl,335,v11_SYN_0314_04351_containment_orbit_left_44_seed43351_reobserve_mismatch_visible,TypeM_v11_synthetic_visible,synthetic_controlled,False,missing_condition_prefix_video_path|missing_condition_poses|missing_condition_intrinsics|missing_winner_future_video_path|missing_loser_full_video_path,False,True,False,False,True
manifests/dpo_v14_subsets/synthetic_controlled.jsonl,336,v11_SYN_0005_02200_collision_orbit_right_64_seed41200_background_drift_visible,TypeM_v11_synthetic_visible,synthetic_controlled,False,missing_condition_prefix_video_path|missing_condition_poses|missing_condition_intrinsics|missing_winner_full_video_path|missing_winner_future_video_path|missing_loser_full_video_path,False,False,False,False,True
manifests/dpo_v14_subsets/synthetic_controlled.jsonl,337,v11_SYN_EXTRA_0073_02360_collision_orbit_right_64_seed41360_collision_response_failure_synthetic,TypeM_v11_synthetic_visible,synthetic_controlled,False,missing_condition_prefix_video_path|missing_condition_poses|missing_condition_intrinsics|missing_winner_future_video_path|missing_loser_full_video_path,False,True,False,False,True
manifests/dpo_v14_subsets/synthetic_controlled.jsonl,338,v11_SYN_0319_04355_containment_orbit_left_44_seed43355_containment_failure_synthetic,TypeM_v11_synthetic_visible,synthetic_controlled,False,missing_condition_prefix_video_path|missing_condition_poses|missing_condition_intrinsics|missing_winner_future_video_path|missing_loser_full_video_path,False,True,False,False,True
manifests/dpo_v14_subsets/synthetic_controlled.jsonl,339,v11_SYN_EXTRA_0064_02327_collision_strafe_left_180_seed41327_local_scene_patch_drift,TypeM_v11_synthetic_visible,synthetic_controlled,False,missing_condition_prefix_video_path|missing_condition_poses|missing_condition_intrinsics|missing_winner_future_video_path|missing_loser_full_video_path,False,True,False,False,True
manifests/dpo_v14_subsets/synthetic_controlled.jsonl,340,v11_SYN_0580_03533_roll_orbit_right_60_seed42533_partial_freeze_foreground,TypeM_v11_synthetic_visible,synthetic_controlled,False,missing_condition_prefix_video_path|missing_condition_poses|missing_condition_intrinsics|missing_winner_future_video_path|missing_loser_full_video_path,False,True,False,False,True
manifests/dpo_v14_subsets/synthetic_controlled.jsonl,341,v11_SYN_EXTRA_0210_04351_containment_orbit_left_44_seed43351_reobserve_mismatch_visible,TypeM_v11_synthetic_visible,synthetic_controlled,False,missing_condition_prefix_video_path|missing_condition_poses|missing_condition_intrinsics|missing_winner_future_video_path|missing_loser_full_video_path,False,True,False,False,True
manifests/dpo_v14_subsets/synthetic_controlled.jsonl,342,v11_SYN_0137_prefix5_anchored_1128e39109fc83_object_deformation_background_drift_visible,TypeM_v11_synthetic_visible,synthetic_controlled,False,missing_condition_prefix_video_path|missing_condition_poses|missing_condition_intrinsics|missing_winner_full_video_path|missing_winner_future_video_path|missing_loser_full_video_path,False,False,False,False,True
manifests/dpo_v14_subsets/synthetic_controlled.jsonl,343,v11_SYN_EXTRA_0077_02366_collision_orbit_right_64_seed41366_collision_response_failure_synthetic,TypeM_v11_synthetic_visible,synthetic_controlled,False,missing_condition_prefix_video_path|missing_condition_poses|missing_condition_intrinsics|missing_winner_future_video_path|missing_loser_full_video_path,False,True,False,False,True
manifests/dpo_v14_subsets/synthetic_controlled.jsonl,344,v11_SYN_EXTRA_0213_04355_containment_orbit_left_44_seed43355_containment_failure_synthetic,TypeM_v11_synthetic_visible,synthetic_controlled,False,missing_condition_prefix_video_path|missing_condition_poses|missing_condition_intrinsics|missing_winner_future_video_path|missing_loser_full_video_path,False,True,False,False,True
manifests/dpo_v14_subsets/synthetic_controlled.jsonl,345,v11_SYN_0100_02328_collision_orbit_right_64_seed41328_local_scene_patch_drift,TypeM_v11_synthetic_visible,synthetic_controlled,False,missing_condition_prefix_video_path|missing_condition_poses|missing_condition_intrinsics|missing_winner_future_video_path|missing_loser_full_video_path,False,True,False,False,True
manifests/dpo_v14_subsets/synthetic_controlled.jsonl,346,v11_SYN_0108_02353_collision_strafe_left_180_seed41353_object_identity_color_shift,TypeM_v11_synthetic_visible,synthetic_controlled,False,missing_condition_prefix_video_path|missing_condition_poses|missing_condition_intrinsics|missing_winner_future_video_path|missing_loser_full_video_path,False,True,False,False,True
manifests/dpo_v14_subsets/synthetic_controlled.jsonl,347,v11_SYN_0227_04209_containment_orbit_left_44_seed43209_partial_freeze_foreground,TypeM_v11_synthetic_visible,synthetic_controlled,False,missing_condition_prefix_video_path|missing_condition_poses|missing_condition_intrinsics|missing_winner_future_video_path|missing_loser_full_video_path,False,True,False,False,True
manifests/dpo_v14_subsets/synthetic_controlled.jsonl,348,v11_SYN_0320_04355_containment_orbit_left_44_seed43355_reobserve_mismatch_visible,TypeM_v11_synthetic_visible,synthetic_controlled,False,missing_condition_prefix_video_path|missing_condition_poses|missing_condition_intrinsics|missing_winner_future_video_path|missing_loser_full_video_path,False,True,False,False,True
manifests/dpo_v14_subsets/synthetic_controlled.jsonl,349,v11_SYN_0149_prefix5_anchored_3e28b01a2ca2ef_reobserve_mismatch_background_drift_visible,TypeM_v11_synthetic_visible,synthetic_controlled,False,missing_condition_prefix_video_path|missing_condition_poses|missing_condition_intrinsics|missing_winner_full_video_path|missing_winner_future_video_path|missing_loser_full_video_path,False,False,False,False,True
manifests/dpo_v14_subsets/synthetic_controlled.jsonl,350,v11_SYN_0121_02378_collision_orbit_right_64_seed41378_collision_response_failure_synthetic,TypeM_v11_synthetic_visible,synthetic_controlled,False,missing_condition_prefix_video_path|missing_condition_poses|missing_condition_intrinsics|missing_winner_future_video_path|missing_loser_full_video_path,False,True,False,False,True
manifests/dpo_v14_subsets/synthetic_controlled.jsonl,351,v11_SYN_0325_04357_containment_orbit_left_44_seed43357_containment_failure_synthetic,TypeM_v11_synthetic_visible,synthetic_controlled,False,missing_condition_prefix_video_path|missing_condition_poses|missing_condition_intrinsics|missing_winner_future_video_path|missing_loser_full_video_path,False,True,False,False,True
manifests/dpo_v14_subsets/synthetic_controlled.jsonl,352,v11_SYN_EXTRA_0068_02328_collision_orbit_right_64_seed41328_local_scene_patch_drift,TypeM_v11_synthetic_visible,synthetic_controlled,False,missing_condition_prefix_video_path|missing_condition_poses|missing_condition_intrinsics|missing_winner_future_video_path|missing_loser_full_video_path,False,True,False,False,True
manifests/dpo_v14_subsets/synthetic_controlled.jsonl,353,v11_SYN_0114_02360_collision_orbit_right_64_seed41360_object_identity_color_shift,TypeM_v11_synthetic_visible,synthetic_controlled,False,missing_condition_prefix_video_path|missing_condition_poses|missing_condition_intrinsics|missing_winner_future_video_path|missing_loser_full_video_path,False,True,False,False,True
manifests/dpo_v14_subsets/synthetic_controlled.jsonl,354,v11_SYN_0233_04214_containment_orbit_left_44_seed43214_partial_freeze_foreground,TypeM_v11_synthetic_visible,synthetic_controlled,False,missing_condition_prefix_video_path|missing_condition_poses|missing_condition_intrinsics|missing_winner_future_video_path|missing_loser_full_video_path,False,True,False,False,True
manifests/dpo_v14_subsets/synthetic_controlled.jsonl,355,v11_SYN_EXTRA_0214_04355_containment_orbit_left_44_seed43355_reobserve_mismatch_visible,TypeM_v11_synthetic_visible,synthetic_controlled,False,missing_condition_prefix_video_path|missing_condition_poses|missing_condition_intrinsics|missing_winner_future_video_path|missing_loser_full_video_path,False,True,False,False,True
manifests/dpo_v14_subsets/synthetic_controlled.jsonl,356,v11_SYN_0155_prefix5_anchored_525c18bc4422f0_background_drift_background_drift_visible,TypeM_v11_synthetic_visible,synthetic_controlled,False,missing_condition_prefix_video_path|missing_condition_poses|missing_condition_intrinsics|missing_winner_full_video_path|missing_winner_future_video_path|missing_loser_full_video_path,False,False,False,False,True
manifests/dpo_v14_subsets/synthetic_controlled.jsonl,357,v11_SYN_EXTRA_0081_02378_collision_orbit_right_64_seed41378_collision_response_failure_synthetic,TypeM_v11_synthetic_visible,synthetic_controlled,False,missing_condition_prefix_video_path|missing_condition_poses|missing_condition_intrinsics|missing_winner_future_video_path|missing_loser_full_video_path,False,True,False,False,True
manifests/dpo_v14_subsets/synthetic_controlled.jsonl,358,v11_SYN_EXTRA_0217_04357_containment_orbit_left_44_seed43357_containment_failure_synthetic,TypeM_v11_synthetic_visible,synthetic_controlled,False,missing_condition_prefix_video_path|missing_condition_poses|missing_condition_intrinsics|missing_winner_future_video_path|missing_loser_full_video_path,False,True,False,False,True
manifests/dpo_v14_subsets/synthetic_controlled.jsonl,359,v11_SYN_0106_02353_collision_strafe_left_180_seed41353_local_scene_patch_drift,TypeM_v11_synthetic_visible,synthetic_controlled,False,missing_condition_prefix_video_path|missing_condition_poses|missing_condition_intrinsics|missing_winner_future_video_path|missing_loser_full_video_path,False,True,False,False,True
manifests/dpo_v14_subsets/synthetic_controlled.jsonl,360,v11_SYN_0120_02366_collision_orbit_right_64_seed41366_object_identity_color_shift,TypeM_v11_synthetic_visible,synthetic_controlled,False,missing_condition_prefix_video_path|missing_condition_poses|missing_condition_intrinsics|missing_winner_future_video_path|missing_loser_full_video_path,False,True,False,False,True
manifests/dpo_v14_subsets/synthetic_controlled.jsonl,361,v11_SYN_0326_04357_containment_orbit_left_44_seed43357_reobserve_mismatch_visible,TypeM_v11_synthetic_visible,synthetic_controlled,False,missing_condition_prefix_video_path|missing_condition_poses|missing_condition_intrinsics|missing_winner_future_video_path|missing_loser_full_video_path,False,True,False,False,True
manifests/dpo_v14_subsets/synthetic_controlled.jsonl,362,v11_SYN_0167_prefix5_anchored_b53591379e11c1_object_deformation_background_drift_visible,TypeM_v11_synthetic_visible,synthetic_controlled,False,missing_condition_prefix_video_path|missing_condition_poses|missing_condition_intrinsics|missing_winner_full_video_path|missing_winner_future_video_path|missing_loser_full_video_path,False,False,False,False,True
manifests/dpo_v14_subsets/synthetic_controlled.jsonl,363,v11_SYN_0127_02384_collision_orbit_right_64_seed41384_collision_response_failure_synthetic,TypeM_v11_synthetic_visible,synthetic_controlled,False,missing_condition_prefix_video_path|missing_condition_poses|missing_condition_intrinsics|missing_winner_future_video_path|missing_loser_full_video_path,False,True,False,False,True
manifests/dpo_v14_subsets/synthetic_controlled.jsonl,364,v11_SYN_0331_04358_containment_orbit_left_44_seed43358_containment_failure_synthetic,TypeM_v11_synthetic_visible,synthetic_controlled,False,missing_condition_prefix_video_path|missing_condition_poses|missing_condition_intrinsics|missing_winner_future_video_path|missing_loser_full_video_path,False,True,False,False,True
manifests/dpo_v14_subsets/synthetic_controlled.jsonl,365,v11_SYN_0126_02378_collision_orbit_right_64_seed41378_object_identity_color_shift,TypeM_v11_synthetic_visible,synthetic_controlled,False,missing_condition_prefix_video_path|missing_condition_poses|missing_condition_intrinsics|missing_winner_future_video_path|missing_loser_full_video_path,False,True,False,False,True
manifests/dpo_v14_subsets/synthetic_controlled.jsonl,366,v11_SYN_0251_04248_containment_orbit_left_44_seed43248_partial_freeze_foreground,TypeM_v11_synthetic_visible,synthetic_controlled,False,missing_condition_prefix_video_path|missing_condition_poses|missing_condition_intrinsics|missing_winner_future_video_path|missing_loser_full_video_path,False,True,False,False,True
manifests/dpo_v14_subsets/synthetic_controlled.jsonl,367,v11_SYN_EXTRA_0218_04357_containment_orbit_left_44_seed43357_reobserve_mismatch_visible,TypeM_v11_synthetic_visible,synthetic_controlled,False,missing_condition_prefix_video_path|missing_condition_poses|missing_condition_intrinsics|missing_winner_future_video_path|missing_loser_full_video_path,False,True,False,False,True
manifests/dpo_v14_subsets/synthetic_controlled.jsonl,368,v11_SYN_0173_prefix5_anchored_e78653865b3413_wrong_camera_motion_background_drift_visible,TypeM_v11_synthetic_visible,synthetic_controlled,False,missing_condition_prefix_video_path|missing_condition_poses|missing_condition_intrinsics|missing_winner_full_video_path|missing_winner_future_video_path|missing_loser_full_video_path,False,False,False,False,True
manifests/dpo_v14_subsets/synthetic_controlled.jsonl,369,v11_SYN_EXTRA_0085_02384_collision_orbit_right_64_seed41384_collision_response_failure_synthetic,TypeM_v11_synthetic_visible,synthetic_controlled,False,missing_condition_prefix_video_path|missing_condition_poses|missing_condition_intrinsics|missing_winner_future_video_path|missing_loser_full_video_path,False,True,False,False,True
manifests/dpo_v14_subsets/synthetic_controlled.jsonl,370,v11_SYN_EXTRA_0221_04358_containment_orbit_left_44_seed43358_containment_failure_synthetic,TypeM_v11_synthetic_visible,synthetic_controlled,False,missing_condition_prefix_video_path|missing_condition_poses|missing_condition_intrinsics|missing_winner_future_video_path|missing_loser_full_video_path,False,True,False,False,True
manifests/dpo_v14_subsets/synthetic_controlled.jsonl,371,v11_SYN_0118_02366_collision_orbit_right_64_seed41366_local_scene_patch_drift,TypeM_v11_synthetic_visible,synthetic_controlled,False,missing_condition_prefix_video_path|missing_condition_poses|missing_condition_intrinsics|missing_winner_future_video_path|missing_loser_full_video_path,False,True,False,False,True
manifests/dpo_v14_subsets/synthetic_controlled.jsonl,372,v11_SYN_0132_02384_collision_orbit_right_64_seed41384_object_identity_color_shift,TypeM_v11_synthetic_visible,synthetic_controlled,False,missing_condition_prefix_video_path|missing_condition_poses|missing_condition_intrinsics|missing_winner_future_video_path|missing_loser_full_video_path,False,True,False,False,True
manifests/dpo_v14_subsets/synthetic_controlled.jsonl,373,v11_SYN_0332_04358_containment_orbit_left_44_seed43358_reobserve_mismatch_visible,TypeM_v11_synthetic_visible,synthetic_controlled,False,missing_condition_prefix_video_path|missing_condition_poses|missing_condition_intrinsics|missing_winner_future_video_path|missing_loser_full_video_path,False,True,False,False,True
manifests/dpo_v14_subsets/synthetic_controlled.jsonl,374,v11_SYN_0191_prefix5_anchored_ff65f1ae3e7ca8_background_drift_background_drift_visible,TypeM_v11_synthetic_visible,synthetic_controlled,False,missing_condition_prefix_video_path|missing_condition_poses|missing_condition_intrinsics|missing_winner_full_video_path|missing_winner_future_video_path|missing_loser_full_video_path,False,False,False,False,True
manifests/dpo_v14_subsets/synthetic_controlled.jsonl,375,v11_SYN_0019_02222_collision_orbit_right_64_seed41222_collision_response_failure_synthetic,TypeM_v11_synthetic_visible,synthetic_controlled,False,missing_condition_prefix_video_path|missing_condition_poses|missing_condition_intrinsics|missing_winner_full_video_path|missing_winner_future_video_path|missing_loser_full_video_path,False,False,False,False,True
manifests/dpo_v14_subsets/synthetic_controlled.jsonl,376,v11_SYN_0217_04204_containment_orbit_left_44_seed43204_containment_failure_synthetic,TypeM_v11_synthetic_visible,synthetic_controlled,False,missing_condition_prefix_video_path|missing_condition_poses|missing_condition_intrinsics|missing_winner_full_video_path|missing_winner_future_video_path|missing_loser_full_video_path,False,False,False,False,True
manifests/dpo_v14_subsets/synthetic_controlled.jsonl,377,v11_SYN_EXTRA_0080_02366_collision_orbit_right_64_seed41366_local_scene_patch_drift,TypeM_v11_synthetic_visible,synthetic_controlled,False,missing_condition_prefix_video_path|missing_condition_poses|missing_condition_intrinsics|missing_winner_future_video_path|missing_loser_full_video_path,False,True,False,False,True
manifests/dpo_v14_subsets/synthetic_controlled.jsonl,378,v11_SYN_0486_03409_roll_orbit_right_60_seed42409_object_identity_color_shift,TypeM_v11_synthetic_visible,synthetic_controlled,False,missing_condition_prefix_video_path|missing_condition_poses|missing_condition_intrinsics|missing_winner_future_video_path|missing_loser_full_video_path,False,True,False,False,True
manifests/dpo_v14_subsets/synthetic_controlled.jsonl,379,v11_SYN_0263_04252_containment_orbit_left_44_seed43252_partial_freeze_foreground,TypeM_v11_synthetic_visible,synthetic_controlled,False,missing_condition_prefix_video_path|missing_condition_poses|missing_condition_intrinsics|missing_winner_future_video_path|missing_loser_full_video_path,False,True,False,False,True
manifests/dpo_v14_subsets/synthetic_controlled.jsonl,380,v11_SYN_EXTRA_0222_04358_containment_orbit_left_44_seed43358_reobserve_mismatch_visible,TypeM_v11_synthetic_visible,synthetic_controlled,False,missing_condition_prefix_video_path|missing_condition_poses|missing_condition_intrinsics|missing_winner_future_video_path|missing_loser_full_video_path,False,True,False,False,True
manifests/dpo_v14_subsets/synthetic_controlled.jsonl,381,v11_SYN_0197_v6_02200_collision_orbit_right_64_seed41200_background_drift_visible,TypeM_v11_synthetic_visible,synthetic_controlled,False,missing_condition_prefix_video_path|missing_condition_poses|missing_condition_intrinsics|missing_winner_full_video_path|missing_winner_future_video_path|missing_loser_full_video_path,False,False,False,False,True
manifests/dpo_v14_subsets/synthetic_controlled.jsonl,382,v11_SYN_EXTRA_0013_02222_collision_orbit_right_64_seed41222_collision_response_failure_synthetic,TypeM_v11_synthetic_visible,synthetic_controlled,False,missing_condition_prefix_video_path|missing_condition_poses|missing_condition_intrinsics|missing_winner_full_video_path|missing_winner_future_video_path|missing_loser_full_video_path,False,False,False,False,True
manifests/dpo_v14_subsets/synthetic_controlled.jsonl,383,v11_SYN_EXTRA_0145_04204_containment_orbit_left_44_seed43204_containment_failure_synthetic,TypeM_v11_synthetic_visible,synthetic_controlled,False,missing_condition_prefix_video_path|missing_condition_poses|missing_condition_intrinsics|missing_winner_full_video_path|missing_winner_future_video_path|missing_loser_full_video_path,False,False,False,False,True
manifests/dpo_v14_subsets/synthetic_controlled.jsonl,384,v11_SYN_0124_02378_collision_orbit_right_64_seed41378_local_scene_patch_drift,TypeM_v11_synthetic_visible,synthetic_controlled,False,missing_condition_prefix_video_path|missing_condition_poses|missing_condition_intrinsics|missing_winner_future_video_path|missing_loser_full_video_path,False,True,False,False,True
manifests/dpo_v14_subsets/synthetic_controlled.jsonl,385,v11_SYN_0492_03410_roll_orbit_right_60_seed42410_object_identity_color_shift,TypeM_v11_synthetic_visible,synthetic_controlled,False,missing_condition_prefix_video_path|missing_condition_poses|missing_condition_intrinsics|missing_winner_future_video_path|missing_loser_full_video_path,False,True,False,False,True
manifests/dpo_v14_subsets/synthetic_controlled.jsonl,386,v11_SYN_0218_04204_containment_orbit_left_44_seed43204_reobserve_mismatch_visible,TypeM_v11_synthetic_visible,synthetic_controlled,False,missing_condition_prefix_video_path|missing_condition_poses|missing_condition_intrinsics|missing_winner_full_video_path|missing_winner_future_video_path|missing_loser_full_video_path,False,False,False,False,True
manifests/dpo_v14_subsets/synthetic_controlled.jsonl,387,v11_SYN_0209_v6_02222_collision_orbit_right_64_seed41222_background_drift_visible,TypeM_v11_synthetic_visible,synthetic_controlled,False,missing_condition_prefix_video_path|missing_condition_poses|missing_condition_intrinsics|missing_winner_full_video_path|missing_winner_future_video_path|missing_loser_full_video_path,False,False,False,False,True
manifests/dpo_v14_subsets/synthetic_controlled.jsonl,388,v11_SYN_0025_02226_collision_orbit_right_64_seed41226_collision_response_failure_synthetic,TypeM_v11_synthetic_visible,synthetic_controlled,False,missing_condition_prefix_video_path|missing_condition_poses|missing_condition_intrinsics|missing_winner_full_video_path|missing_winner_future_video_path|missing_loser_full_video_path,False,False,False,False,True
manifests/dpo_v14_subsets/synthetic_controlled.jsonl,389,v11_SYN_0337_prefix5_anchored_1279c3b65a6d9e_object_identity_change_containment_failure_synthetic,TypeM_v11_synthetic_visible,synthetic_controlled,False,missing_condition_prefix_video_path|missing_condition_poses|missing_condition_intrinsics|missing_winner_full_video_path|missing_winner_future_video_path|missing_loser_full_video_path,False,False,False,False,True
manifests/dpo_v14_subsets/synthetic_controlled.jsonl,390,v11_SYN_0130_02384_collision_orbit_right_64_seed41384_local_scene_patch_drift,TypeM_v11_synthetic_visible,synthetic_controlled,False,missing_condition_prefix_video_path|missing_condition_poses|missing_condition_intrinsics|missing_winner_future_video_path|missing_loser_full_video_path,False,True,False,False,True
manifests/dpo_v14_subsets/synthetic_controlled.jsonl,391,v11_SYN_0498_03413_roll_orbit_right_60_seed42413_object_identity_color_shift,TypeM_v11_synthetic_visible,synthetic_controlled,False,missing_condition_prefix_video_path|missing_condition_poses|missing_condition_intrinsics|missing_winner_future_video_path|missing_loser_full_video_path,False,True,False,False,True
manifests/dpo_v14_subsets/synthetic_controlled.jsonl,392,v11_SYN_0275_04267_containment_orbit_left_44_seed43267_partial_freeze_foreground,TypeM_v11_synthetic_visible,synthetic_controlled,False,missing_condition_prefix_video_path|missing_condition_poses|missing_condition_intrinsics|missing_winner_future_video_path|missing_loser_full_video_path,False,True,False,False,True
manifests/dpo_v14_subsets/synthetic_controlled.jsonl,393,v11_SYN_EXTRA_0146_04204_containment_orbit_left_44_seed43204_reobserve_mismatch_visible,TypeM_v11_synthetic_visible,synthetic_controlled,False,missing_condition_prefix_video_path|missing_condition_poses|missing_condition_intrinsics|missing_winner_full_video_path|missing_winner_future_video_path|missing_loser_full_video_path,False,False,False,False,True
manifests/dpo_v14_subsets/synthetic_controlled.jsonl,394,v11_SYN_0007_02202_collision_orbit_right_64_seed41202_collision_response_failure_synthetic,TypeM_v11_synthetic_visible,synthetic_controlled,False,missing_condition_prefix_video_path|missing_condition_poses|missing_condition_intrinsics|missing_winner_full_video_path|missing_winner_future_video_path|missing_loser_full_video_path,False,False,False,False,True
manifests/dpo_v14_subsets/synthetic_controlled.jsonl,395,v11_SYN_EXTRA_0225_prefix5_anchored_1279c3b65a6d9e_object_identity_change_containment_failure_synthetic,TypeM_v11_synthetic_visible,synthetic_controlled,False,missing_condition_prefix_video_path|missing_condition_poses|missing_condition_intrinsics|missing_winner_full_video_path|missing_winner_future_video_path|missing_loser_full_video_path,False,False,False,False,True
manifests/dpo_v14_subsets/synthetic_controlled.jsonl,396,v11_SYN_0504_03418_roll_orbit_right_60_seed42418_object_identity_color_shift,TypeM_v11_synthetic_visible,synthetic_controlled,False,missing_condition_prefix_video_path|missing_condition_poses|missing_condition_intrinsics|missing_winner_future_video_path|missing_loser_full_video_path,False,True,False,False,True
manifests/dpo_v14_subsets/synthetic_controlled.jsonl,397,v11_SYN_0338_prefix5_anchored_1279c3b65a6d9e_object_identity_change_reobserve_mismatch_visible,TypeM_v11_synthetic_visible,synthetic_controlled,False,missing_condition_prefix_video_path|missing_condition_poses|missing_condition_intrinsics|missing_winner_full_video_path|missing_winner_future_video_path|missing_loser_full_video_path,False,False,False,False,True
manifests/dpo_v14_subsets/synthetic_controlled.jsonl,398,v11_SYN_EXTRA_0005_02202_collision_orbit_right_64_seed41202_collision_response_failure_synthetic,TypeM_v11_synthetic_visible,synthetic_controlled,False,missing_condition_prefix_video_path|missing_condition_poses|missing_condition_intrinsics|missing_winner_full_video_path|missing_winner_future_video_path|missing_loser_full_video_path,False,False,False,False,True
manifests/dpo_v14_subsets/synthetic_controlled.jsonl,399,v11_SYN_0343_prefix5_anchored_29df7c5cf94c4b_reobserve_mismatch_containment_failure_synthetic,TypeM_v11_synthetic_visible,synthetic_controlled,False,missing_condition_prefix_video_path|missing_condition_poses|missing_condition_intrinsics|missing_winner_full_video_path|missing_winner_future_video_path|missing_loser_full_video_path,False,False,False,False,True
manifests/dpo_v14_subsets/synthetic_controlled.jsonl,400,v11_SYN_0226_04209_containment_orbit_left_44_seed43209_local_scene_patch_drift,TypeM_v11_synthetic_visible,synthetic_controlled,False,missing_condition_prefix_video_path|missing_condition_poses|missing_condition_intrinsics|missing_winner_future_video_path|missing_loser_full_video_path,False,True,False,False,True
manifests/dpo_v14_subsets/synthetic_controlled.jsonl,401,v11_SYN_0510_03435_roll_orbit_right_60_seed42435_object_identity_color_shift,TypeM_v11_synthetic_visible,synthetic_controlled,False,missing_condition_prefix_video_path|missing_condition_poses|missing_condition_intrinsics|missing_winner_future_video_path|missing_loser_full_video_path,False,True,False,False,True
manifests/dpo_v14_subsets/synthetic_controlled.jsonl,402,v11_SYN_0287_04280_containment_orbit_left_44_seed43280_partial_freeze_foreground,TypeM_v11_synthetic_visible,synthetic_controlled,False,missing_condition_prefix_video_path|missing_condition_poses|missing_condition_intrinsics|missing_winner_future_video_path|missing_loser_full_video_path,False,True,False,False,True
manifests/dpo_v14_subsets/synthetic_controlled.jsonl,403,v11_SYN_EXTRA_0230_prefix5_anchored_29df7c5cf94c4b_reobserve_mismatch_reobserve_mismatch_visible,TypeM_v11_synthetic_visible,synthetic_controlled,False,missing_condition_prefix_video_path|missing_condition_poses|missing_condition_intrinsics|missing_winner_full_video_path|missing_winner_future_video_path|missing_loser_full_video_path,False,False,False,False,True
manifests/dpo_v14_subsets/synthetic_controlled.jsonl,404,v11_SYN_0001_02200_collision_orbit_right_64_seed41200_collision_response_failure_synthetic,TypeM_v11_synthetic_visible,synthetic_controlled,False,missing_condition_prefix_video_path|missing_condition_poses|missing_condition_intrinsics|missing_winner_full_video_path|missing_winner_future_video_path|missing_loser_full_video_path,False,False,False,False,True
manifests/dpo_v14_subsets/synthetic_controlled.jsonl,405,v11_SYN_EXTRA_0229_prefix5_anchored_29df7c5cf94c4b_reobserve_mismatch_containment_failure_synthetic,TypeM_v11_synthetic_visible,synthetic_controlled,False,missing_condition_prefix_video_path|missing_condition_poses|missing_condition_intrinsics|missing_winner_full_video_path|missing_winner_future_video_path|missing_loser_full_video_path,False,False,False,False,True
manifests/dpo_v14_subsets/synthetic_controlled.jsonl,406,v11_SYN_0516_03437_roll_orbit_right_60_seed42437_object_identity_color_shift,TypeM_v11_synthetic_visible,synthetic_controlled,False,missing_condition_prefix_video_path|missing_condition_poses|missing_condition_intrinsics|missing_winner_future_video_path|missing_loser_full_video_path,False,True,False,False,True
manifests/dpo_v14_subsets/synthetic_controlled.jsonl,407,v11_SYN_0293_04302_containment_orbit_left_44_seed43302_partial_freeze_foreground,TypeM_v11_synthetic_visible,synthetic_controlled,False,missing_condition_prefix_video_path|missing_condition_poses|missing_condition_intrinsics|missing_winner_future_video_path|missing_loser_full_video_path,False,True,False,False,True
manifests/dpo_v14_subsets/synthetic_controlled.jsonl,408,v11_SYN_EXTRA_0234_prefix5_anchored_95981b8f74bed0_background_drift_reobserve_mismatch_visible,TypeM_v11_synthetic_visible,synthetic_controlled,False,missing_condition_prefix_video_path|missing_condition_poses|missing_condition_intrinsics|missing_winner_full_video_path|missing_winner_future_video_path|missing_loser_full_video_path,False,False,False,False,True
manifests/dpo_v14_subsets/synthetic_controlled.jsonl,409,v11_SYN_0133_prefix5_anchored_1128e39109fc83_object_deformation_collision_response_failure_synthetic,TypeM_v11_synthetic_visible,synthetic_controlled,False,missing_condition_prefix_video_path|missing_condition_poses|missing_condition_intrinsics|missing_winner_full_video_path|missing_winner_future_video_path|missing_loser_full_video_path,False,False,False,False,True
manifests/dpo_v14_subsets/synthetic_controlled.jsonl,410,v11_SYN_0349_prefix5_anchored_95981b8f74bed0_background_drift_containment_failure_synthetic,TypeM_v11_synthetic_visible,synthetic_controlled,False,missing_condition_prefix_video_path|missing_condition_poses|missing_condition_intrinsics|missing_winner_full_video_path|missing_winner_future_video_path|missing_loser_full_video_path,False,False,False,False,True
manifests/dpo_v14_subsets/synthetic_controlled.jsonl,411,v11_SYN_0232_04214_containment_orbit_left_44_seed43214_local_scene_patch_drift,TypeM_v11_synthetic_visible,synthetic_controlled,False,missing_condition_prefix_video_path|missing_condition_poses|missing_condition_intrinsics|missing_winner_future_video_path|missing_loser_full_video_path,False,True,False,False,True
manifests/dpo_v14_subsets/synthetic_controlled.jsonl,412,v11_SYN_0528_03442_roll_orbit_right_60_seed42442_object_identity_color_shift,TypeM_v11_synthetic_visible,synthetic_controlled,False,missing_condition_prefix_video_path|missing_condition_poses|missing_condition_intrinsics|missing_winner_future_video_path|missing_loser_full_video_path,False,True,False,False,True
manifests/dpo_v14_subsets/synthetic_controlled.jsonl,413,v11_SYN_0299_04339_containment_orbit_left_44_seed43339_partial_freeze_foreground,TypeM_v11_synthetic_visible,synthetic_controlled,False,missing_condition_prefix_video_path|missing_condition_poses|missing_condition_intrinsics|missing_winner_future_video_path|missing_loser_full_video_path,False,True,False,False,True
manifests/dpo_v14_subsets/synthetic_controlled.jsonl,414,v11_SYN_0356_prefix5_anchored_d744c2d6f264ba_object_deformation_reobserve_mismatch_visible,TypeM_v11_synthetic_visible,synthetic_controlled,False,missing_condition_prefix_video_path|missing_condition_poses|missing_condition_intrinsics|missing_winner_full_video_path|missing_winner_future_video_path|missing_loser_full_video_path,False,False,False,False,True
manifests/dpo_v14_subsets/synthetic_controlled.jsonl,415,v11_SYN_EXTRA_0089_prefix5_anchored_1128e39109fc83_object_deformation_collision_response_failure_synthetic,TypeM_v11_synthetic_visible,synthetic_controlled,False,missing_condition_prefix_video_path|missing_condition_poses|missing_condition_intrinsics|missing_winner_full_video_path|missing_winner_future_video_path|missing_loser_full_video_path,False,False,False,False,True
manifests/dpo_v14_subsets/synthetic_controlled.jsonl,416,v11_SYN_EXTRA_0233_prefix5_anchored_95981b8f74bed0_background_drift_containment_failure_synthetic,TypeM_v11_synthetic_visible,synthetic_controlled,False,missing_condition_prefix_video_path|missing_condition_poses|missing_condition_intrinsics|missing_winner_full_video_path|missing_winner_future_video_path|missing_loser_full_video_path,False,False,False,False,True
manifests/dpo_v14_subsets/synthetic_controlled.jsonl,417,v11_SYN_0534_03453_roll_orbit_right_60_seed42453_object_identity_color_shift,TypeM_v11_synthetic_visible,synthetic_controlled,False,missing_condition_prefix_video_path|missing_condition_poses|missing_condition_intrinsics|missing_winner_future_video_path|missing_loser_full_video_path,False,True,False,False,True
manifests/dpo_v14_subsets/synthetic_controlled.jsonl,418,v11_SYN_0305_04342_containment_orbit_left_44_seed43342_partial_freeze_foreground,TypeM_v11_synthetic_visible,synthetic_controlled,False,missing_condition_prefix_video_path|missing_condition_poses|missing_condition_intrinsics|missing_winner_future_video_path|missing_loser_full_video_path,False,True,False,False,True
manifests/dpo_v14_subsets/synthetic_controlled.jsonl,419,v11_SYN_EXTRA_0238_prefix5_anchored_d744c2d6f264ba_object_deformation_reobserve_mismatch_visible,TypeM_v11_synthetic_visible,synthetic_controlled,False,missing_condition_prefix_video_path|missing_condition_poses|missing_condition_intrinsics|missing_winner_full_video_path|missing_winner_future_video_path|missing_loser_full_video_path,False,False,False,False,True
manifests/dpo_v14_subsets/synthetic_controlled.jsonl,420,v11_SYN_0139_prefix5_anchored_1ca3412d8f73c8_nonrigid_background_warp_collision_response_failure_synthetic,TypeM_v11_synthetic_visible,synthetic_controlled,False,missing_condition_prefix_video_path|missing_condition_poses|missing_condition_intrinsics|missing_winner_full_video_path|missing_winner_future_video_path|missing_loser_full_video_path,False,False,False,False,True
manifests/dpo_v14_subsets/synthetic_controlled.jsonl,421,v11_SYN_0355_prefix5_anchored_d744c2d6f264ba_object_deformation_containment_failure_synthetic,TypeM_v11_synthetic_visible,synthetic_controlled,False,missing_condition_prefix_video_path|missing_condition_poses|missing_condition_intrinsics|missing_winner_full_video_path|missing_winner_future_video_path|missing_loser_full_video_path,False,False,False,False,True
manifests/dpo_v14_subsets/synthetic_controlled.jsonl,422,v11_SYN_0540_03465_roll_orbit_right_60_seed42465_object_identity_color_shift,TypeM_v11_synthetic_visible,synthetic_controlled,False,missing_condition_prefix_video_path|missing_condition_poses|missing_condition_intrinsics|missing_winner_future_video_path|missing_loser_full_video_path,False,True,False,False,True
manifests/dpo_v14_subsets/synthetic_controlled.jsonl,423,v11_SYN_0311_04346_containment_orbit_left_44_seed43346_partial_freeze_foreground,TypeM_v11_synthetic_visible,synthetic_controlled,False,missing_condition_prefix_video_path|missing_condition_poses|missing_condition_intrinsics|missing_winner_future_video_path|missing_loser_full_video_path,False,True,False,False,True
manifests/dpo_v14_subsets/synthetic_controlled.jsonl,424,v11_SYN_0362_prefix5_anchored_d86ae2fb1d25b2_freeze_foreground_reobserve_mismatch_visible,TypeM_v11_synthetic_visible,synthetic_controlled,False,missing_condition_prefix_video_path|missing_condition_poses|missing_condition_intrinsics|missing_winner_full_video_path|missing_winner_future_video_path|missing_loser_full_video_path,False,False,False,False,True
manifests/dpo_v14_subsets/synthetic_controlled.jsonl,425,v11_SYN_EXTRA_0093_prefix5_anchored_1ca3412d8f73c8_nonrigid_background_warp_collision_response_failure_synthetic,TypeM_v11_synthetic_visible,synthetic_controlled,False,missing_condition_prefix_video_path|missing_condition_poses|missing_condition_intrinsics|missing_winner_full_video_path|missing_winner_future_video_path|missing_loser_full_video_path,False,False,False,False,True
manifests/dpo_v14_subsets/synthetic_controlled.jsonl,426,v11_SYN_EXTRA_0237_prefix5_anchored_d744c2d6f264ba_object_deformation_containment_failure_synthetic,TypeM_v11_synthetic_visible,synthetic_controlled,False,missing_condition_prefix_video_path|missing_condition_poses|missing_condition_intrinsics|missing_winner_full_video_path|missing_winner_future_video_path|missing_loser_full_video_path,False,False,False,False,True
manifests/dpo_v14_subsets/synthetic_controlled.jsonl,427,v11_SYN_0546_03472_roll_orbit_right_60_seed42472_object_identity_color_shift,TypeM_v11_synthetic_visible,synthetic_controlled,False,missing_condition_prefix_video_path|missing_condition_poses|missing_condition_intrinsics|missing_winner_future_video_path|missing_loser_full_video_path,False,True,False,False,True
manifests/dpo_v14_subsets/synthetic_controlled.jsonl,428,v11_SYN_0317_04351_containment_orbit_left_44_seed43351_partial_freeze_foreground,TypeM_v11_synthetic_visible,synthetic_controlled,False,missing_condition_prefix_video_path|missing_condition_poses|missing_condition_intrinsics|missing_winner_future_video_path|missing_loser_full_video_path,False,True,False,False,True
manifests/dpo_v14_subsets/synthetic_controlled.jsonl,429,v11_SYN_EXTRA_0242_prefix5_anchored_d86ae2fb1d25b2_freeze_foreground_reobserve_mismatch_visible,TypeM_v11_synthetic_visible,synthetic_controlled,False,missing_condition_prefix_video_path|missing_condition_poses|missing_condition_intrinsics|missing_winner_full_video_path|missing_winner_future_video_path|missing_loser_full_video_path,False,False,False,False,True
manifests/dpo_v14_subsets/synthetic_controlled.jsonl,430,v11_SYN_0151_prefix5_anchored_525c18bc4422f0_background_drift_collision_response_failure_synthetic,TypeM_v11_synthetic_visible,synthetic_controlled,False,missing_condition_prefix_video_path|missing_condition_poses|missing_condition_intrinsics|missing_winner_full_video_path|missing_winner_future_video_path|missing_loser_full_video_path,False,False,False,False,True
manifests/dpo_v14_subsets/synthetic_controlled.jsonl,431,v11_SYN_0361_prefix5_anchored_d86ae2fb1d25b2_freeze_foreground_containment_failure_synthetic,TypeM_v11_synthetic_visible,synthetic_controlled,False,missing_condition_prefix_video_path|missing_condition_poses|missing_condition_intrinsics|missing_winner_full_video_path|missing_winner_future_video_path|missing_loser_full_video_path,False,False,False,False,True
manifests/dpo_v14_subsets/synthetic_controlled.jsonl,432,v11_SYN_EXTRA_0164_04236_containment_orbit_left_44_seed43236_local_scene_patch_drift,TypeM_v11_synthetic_visible,synthetic_controlled,False,missing_condition_prefix_video_path|missing_condition_poses|missing_condition_intrinsics|missing_winner_future_video_path|missing_loser_full_video_path,False,True,False,False,True
manifests/dpo_v14_subsets/synthetic_controlled.jsonl,433,v11_SYN_0552_03477_roll_orbit_right_60_seed42477_object_identity_color_shift,TypeM_v11_synthetic_visible,synthetic_controlled,False,missing_condition_prefix_video_path|missing_condition_poses|missing_condition_intrinsics|missing_winner_future_video_path|missing_loser_full_video_path,False,True,False,False,True
manifests/dpo_v14_subsets/synthetic_controlled.jsonl,434,v11_SYN_0323_04355_containment_orbit_left_44_seed43355_partial_freeze_foreground,TypeM_v11_synthetic_visible,synthetic_controlled,False,missing_condition_prefix_video_path|missing_condition_poses|missing_condition_intrinsics|missing_winner_future_video_path|missing_loser_full_video_path,False,True,False,False,True
manifests/dpo_v14_subsets/synthetic_controlled.jsonl,435,v11_SYN_0368_prefix5_anchored_dc458b2cf487d8_wrong_camera_motion_reobserve_mismatch_visible,TypeM_v11_synthetic_visible,synthetic_controlled,False,missing_condition_prefix_video_path|missing_condition_poses|missing_condition_intrinsics|missing_winner_full_video_path|missing_winner_future_video_path|missing_loser_full_video_path,False,False,False,False,True
manifests/dpo_v14_subsets/synthetic_controlled.jsonl,436,v11_SYN_0157_prefix5_anchored_7f708dfe212ad6_freeze_foreground_collision_response_failure_synthetic,TypeM_v11_synthetic_visible,synthetic_controlled,False,missing_condition_prefix_video_path|missing_condition_poses|missing_condition_intrinsics|missing_winner_full_video_path|missing_winner_future_video_path|missing_loser_full_video_path,False,False,False,False,True
manifests/dpo_v14_subsets/synthetic_controlled.jsonl,437,v11_SYN_EXTRA_0241_prefix5_anchored_d86ae2fb1d25b2_freeze_foreground_containment_failure_synthetic,TypeM_v11_synthetic_visible,synthetic_controlled,False,missing_condition_prefix_video_path|missing_condition_poses|missing_condition_intrinsics|missing_winner_full_video_path|missing_winner_future_video_path|missing_loser_full_video_path,False,False,False,False,True
manifests/dpo_v14_subsets/synthetic_controlled.jsonl,438,v11_SYN_EXTRA_0168_04248_containment_orbit_left_44_seed43248_local_scene_patch_drift,TypeM_v11_synthetic_visible,synthetic_controlled,False,missing_condition_prefix_video_path|missing_condition_poses|missing_condition_intrinsics|missing_winner_future_video_path|missing_loser_full_video_path,False,True,False,False,True
manifests/dpo_v14_subsets/synthetic_controlled.jsonl,439,v11_SYN_0558_03484_roll_orbit_right_60_seed42484_object_identity_color_shift,TypeM_v11_synthetic_visible,synthetic_controlled,False,missing_condition_prefix_video_path|missing_condition_poses|missing_condition_intrinsics|missing_winner_future_video_path|missing_loser_full_video_path,False,True,False,False,True
manifests/dpo_v14_subsets/synthetic_controlled.jsonl,440,v11_SYN_0329_04357_containment_orbit_left_44_seed43357_partial_freeze_foreground,TypeM_v11_synthetic_visible,synthetic_controlled,False,missing_condition_prefix_video_path|missing_condition_poses|missing_condition_intrinsics|missing_winner_future_video_path|missing_loser_full_video_path,False,True,False,False,True
manifests/dpo_v14_subsets/synthetic_controlled.jsonl,441,v11_SYN_EXTRA_0246_prefix5_anchored_dc458b2cf487d8_wrong_camera_motion_reobserve_mismatch_visible,TypeM_v11_synthetic_visible,synthetic_controlled,False,missing_condition_prefix_video_path|missing_condition_poses|missing_condition_intrinsics|missing_winner_full_video_path|missing_winner_future_video_path|missing_loser_full_video_path,False,False,False,False,True
manifests/dpo_v14_subsets/synthetic_controlled.jsonl,442,v11_SYN_EXTRA_0105_prefix5_anchored_7f708dfe212ad6_freeze_foreground_collision_response_failure_synthetic,TypeM_v11_synthetic_visible,synthetic_controlled,False,missing_condition_prefix_video_path|missing_condition_poses|missing_condition_intrinsics|missing_winner_full_video_path|missing_winner_future_video_path|missing_loser_full_video_path,False,False,False,False,True
manifests/dpo_v14_subsets/synthetic_controlled.jsonl,443,v11_SYN_0367_prefix5_anchored_dc458b2cf487d8_wrong_camera_motion_containment_failure_synthetic,TypeM_v11_synthetic_visible,synthetic_controlled,False,missing_condition_prefix_video_path|missing_condition_poses|missing_condition_intrinsics|missing_winner_full_video_path|missing_winner_future_video_path|missing_loser_full_video_path,False,False,False,False,True
manifests/dpo_v14_subsets/synthetic_controlled.jsonl,444,v11_SYN_0564_03494_roll_orbit_right_60_seed42494_object_identity_color_shift,TypeM_v11_synthetic_visible,synthetic_controlled,False,missing_condition_prefix_video_path|missing_condition_poses|missing_condition_intrinsics|missing_winner_future_video_path|missing_loser_full_video_path,False,True,False,False,True
manifests/dpo_v14_subsets/synthetic_controlled.jsonl,445,v11_SYN_0335_04358_containment_orbit_left_44_seed43358_partial_freeze_foreground,TypeM_v11_synthetic_visible,synthetic_controlled,False,missing_condition_prefix_video_path|missing_condition_poses|missing_condition_intrinsics|missing_winner_future_video_path|missing_loser_full_video_path,False,True,False,False,True
manifests/dpo_v14_subsets/synthetic_controlled.jsonl,446,v11_SYN_EXTRA_0250_v6_04204_containment_orbit_left_44_seed43204_reobserve_mismatch_visible,TypeM_v11_synthetic_visible,synthetic_controlled,False,missing_condition_prefix_video_path|missing_condition_poses|missing_condition_intrinsics|missing_winner_full_video_path|missing_winner_future_video_path|missing_loser_full_video_path,False,False,False,False,True
manifests/dpo_v14_subsets/synthetic_controlled.jsonl,447,v11_SYN_EXTRA_0109_prefix5_anchored_b53591379e11c1_object_deformation_collision_response_failure_synthetic,TypeM_v11_synthetic_visible,synthetic_controlled,False,missing_condition_prefix_video_path|missing_condition_poses|missing_condition_intrinsics|missing_winner_full_video_path|missing_winner_future_video_path|missing_loser_full_video_path,False,False,False,False,True
manifests/dpo_v14_subsets/synthetic_controlled.jsonl,448,v11_SYN_EXTRA_0245_prefix5_anchored_dc458b2cf487d8_wrong_camera_motion_containment_failure_synthetic,TypeM_v11_synthetic_visible,synthetic_controlled,False,missing_condition_prefix_video_path|missing_condition_poses|missing_condition_intrinsics|missing_winner_full_video_path|missing_winner_future_video_path|missing_loser_full_video_path,False,False,False,False,True
manifests/dpo_v14_subsets/synthetic_controlled.jsonl,449,v11_SYN_0570_03495_roll_orbit_right_60_seed42495_object_identity_color_shift,TypeM_v11_synthetic_visible,synthetic_controlled,False,missing_condition_prefix_video_path|missing_condition_poses|missing_condition_intrinsics|missing_winner_future_video_path|missing_loser_full_video_path,False,True,False,False,True
manifests/dpo_v14_subsets/synthetic_controlled.jsonl,450,v11_SYN_0221_04204_containment_orbit_left_44_seed43204_partial_freeze_foreground,TypeM_v11_synthetic_visible,synthetic_controlled,False,missing_condition_prefix_video_path|missing_condition_poses|missing_condition_intrinsics|missing_winner_full_video_path|missing_winner_future_video_path|missing_loser_full_video_path,False,False,False,False,True
manifests/dpo_v14_subsets/synthetic_controlled.jsonl,451,v11_SYN_EXTRA_0113_prefix5_anchored_e78653865b3413_wrong_camera_motion_collision_response_failure_synthetic,TypeM_v11_synthetic_visible,synthetic_controlled,False,missing_condition_prefix_video_path|missing_condition_poses|missing_condition_intrinsics|missing_winner_full_video_path|missing_winner_future_video_path|missing_loser_full_video_path,False,False,False,False,True
manifests/dpo_v14_subsets/synthetic_controlled.jsonl,452,v11_SYN_EXTRA_0249_v6_04204_containment_orbit_left_44_seed43204_containment_failure_synthetic,TypeM_v11_synthetic_visible,synthetic_controlled,False,missing_condition_prefix_video_path|missing_condition_poses|missing_condition_intrinsics|missing_winner_full_video_path|missing_winner_future_video_path|missing_loser_full_video_path,False,False,False,False,True
manifests/dpo_v14_subsets/synthetic_controlled.jsonl,453,v11_SYN_0576_03505_roll_orbit_right_60_seed42505_object_identity_color_shift,TypeM_v11_synthetic_visible,synthetic_controlled,False,missing_condition_prefix_video_path|missing_condition_poses|missing_condition_intrinsics|missing_winner_future_video_path|missing_loser_full_video_path,False,True,False,False,True
manifests/dpo_v14_subsets/synthetic_controlled.jsonl,454,v11_SYN_0341_prefix5_anchored_1279c3b65a6d9e_object_identity_change_partial_freeze_foreground,TypeM_v11_synthetic_visible,synthetic_controlled,False,missing_condition_prefix_video_path|missing_condition_poses|missing_condition_intrinsics|missing_winner_full_video_path|missing_winner_future_video_path|missing_loser_full_video_path,False,False,False,False,True
manifests/dpo_v14_subsets/synthetic_controlled.jsonl,455,v11_SYN_0175_prefix5_anchored_ebade3740fe2f4_object_identity_change_collision_response_failure_synthetic,TypeM_v11_synthetic_visible,synthetic_controlled,False,missing_condition_prefix_video_path|missing_condition_poses|missing_condition_intrinsics|missing_winner_full_video_path|missing_winner_future_video_path|missing_loser_full_video_path,False,False,False,False,True
manifests/dpo_v14_subsets/synthetic_controlled.jsonl,456,v11_SYN_0274_04267_containment_orbit_left_44_seed43267_local_scene_patch_drift,TypeM_v11_synthetic_visible,synthetic_controlled,False,missing_condition_prefix_video_path|missing_condition_poses|missing_condition_intrinsics|missing_winner_future_video_path|missing_loser_full_video_path,False,True,False,False,True
manifests/dpo_v14_subsets/synthetic_controlled.jsonl,457,v11_SYN_0582_03533_roll_orbit_right_60_seed42533_object_identity_color_shift,TypeM_v11_synthetic_visible,synthetic_controlled,False,missing_condition_prefix_video_path|missing_condition_poses|missing_condition_intrinsics|missing_winner_future_video_path|missing_loser_full_video_path,False,True,False,False,True
manifests/dpo_v14_subsets/synthetic_controlled.jsonl,458,v11_SYN_0347_prefix5_anchored_29df7c5cf94c4b_reobserve_mismatch_partial_freeze_foreground,TypeM_v11_synthetic_visible,synthetic_controlled,False,missing_condition_prefix_video_path|missing_condition_poses|missing_condition_intrinsics|missing_winner_full_video_path|missing_winner_future_video_path|missing_loser_full_video_path,False,False,False,False,True
manifests/dpo_v14_subsets/synthetic_controlled.jsonl,459,v11_SYN_EXTRA_0117_prefix5_anchored_ebade3740fe2f4_object_identity_change_collision_response_failure_synthetic,TypeM_v11_synthetic_visible,synthetic_controlled,False,missing_condition_prefix_video_path|missing_condition_poses|missing_condition_intrinsics|missing_winner_full_video_path|missing_winner_future_video_path|missing_loser_full_video_path,False,False,False,False,True
manifests/dpo_v14_subsets/synthetic_controlled.jsonl,460,v11_SYN_0588_03536_roll_orbit_right_60_seed42536_object_identity_color_shift,TypeM_v11_synthetic_visible,synthetic_controlled,False,missing_condition_prefix_video_path|missing_condition_poses|missing_condition_intrinsics|missing_winner_future_video_path|missing_loser_full_video_path,False,True,False,False,True
manifests/dpo_v14_subsets/synthetic_controlled.jsonl,461,v11_SYN_0353_prefix5_anchored_95981b8f74bed0_background_drift_partial_freeze_foreground,TypeM_v11_synthetic_visible,synthetic_controlled,False,missing_condition_prefix_video_path|missing_condition_poses|missing_condition_intrinsics|missing_winner_full_video_path|missing_winner_future_video_path|missing_loser_full_video_path,False,False,False,False,True
manifests/dpo_v14_subsets/synthetic_controlled.jsonl,462,v11_SYN_EXTRA_0121_prefix5_anchored_ede413792fce8b_nonrigid_background_warp_collision_response_failure_synthetic,TypeM_v11_synthetic_visible,synthetic_controlled,False,missing_condition_prefix_video_path|missing_condition_poses|missing_condition_intrinsics|missing_winner_full_video_path|missing_winner_future_video_path|missing_loser_full_video_path,False,False,False,False,True
manifests/dpo_v14_subsets/synthetic_controlled.jsonl,463,v11_SYN_0594_03542_roll_orbit_right_60_seed42542_object_identity_color_shift,TypeM_v11_synthetic_visible,synthetic_controlled,False,missing_condition_prefix_video_path|missing_condition_poses|missing_condition_intrinsics|missing_winner_future_video_path|missing_loser_full_video_path,False,True,False,False,True
manifests/dpo_v14_subsets/synthetic_controlled.jsonl,464,v11_SYN_0359_prefix5_anchored_d744c2d6f264ba_object_deformation_partial_freeze_foreground,TypeM_v11_synthetic_visible,synthetic_controlled,False,missing_condition_prefix_video_path|missing_condition_poses|missing_condition_intrinsics|missing_winner_full_video_path|missing_winner_future_video_path|missing_loser_full_video_path,False,False,False,False,True
manifests/dpo_v14_subsets/synthetic_controlled.jsonl,465,v11_SYN_0187_prefix5_anchored_ff65f1ae3e7ca8_background_drift_collision_response_failure_synthetic,TypeM_v11_synthetic_visible,synthetic_controlled,False,missing_condition_prefix_video_path|missing_condition_poses|missing_condition_intrinsics|missing_winner_full_video_path|missing_winner_future_video_path|missing_loser_full_video_path,False,False,False,False,True
manifests/dpo_v14_subsets/synthetic_controlled.jsonl,466,v11_SYN_0600_03544_roll_orbit_right_60_seed42544_object_identity_color_shift,TypeM_v11_synthetic_visible,synthetic_controlled,False,missing_condition_prefix_video_path|missing_condition_poses|missing_condition_intrinsics|missing_winner_future_video_path|missing_loser_full_video_path,False,True,False,False,True
manifests/dpo_v14_subsets/synthetic_controlled.jsonl,467,v11_SYN_0365_prefix5_anchored_d86ae2fb1d25b2_freeze_foreground_partial_freeze_foreground,TypeM_v11_synthetic_visible,synthetic_controlled,False,missing_condition_prefix_video_path|missing_condition_poses|missing_condition_intrinsics|missing_winner_full_video_path|missing_winner_future_video_path|missing_loser_full_video_path,False,False,False,False,True
manifests/dpo_v14_subsets/synthetic_controlled.jsonl,468,v11_SYN_0193_v6_02200_collision_orbit_right_64_seed41200_collision_response_failure_synthetic,TypeM_v11_synthetic_visible,synthetic_controlled,False,missing_condition_prefix_video_path|missing_condition_poses|missing_condition_intrinsics|missing_winner_full_video_path|missing_winner_future_video_path|missing_loser_full_video_path,False,False,False,False,True
manifests/dpo_v14_subsets/synthetic_controlled.jsonl,469,v11_SYN_0371_prefix5_anchored_dc458b2cf487d8_wrong_camera_motion_partial_freeze_foreground,TypeM_v11_synthetic_visible,synthetic_controlled,False,missing_condition_prefix_video_path|missing_condition_poses|missing_condition_intrinsics|missing_winner_full_video_path|missing_winner_future_video_path|missing_loser_full_video_path,False,False,False,False,True
manifests/dpo_v14_subsets/synthetic_controlled.jsonl,470,v11_SYN_EXTRA_0129_v6_02200_collision_orbit_right_64_seed41200_collision_response_failure_synthetic,TypeM_v11_synthetic_visible,synthetic_controlled,False,missing_condition_prefix_video_path|missing_condition_poses|missing_condition_intrinsics|missing_winner_full_video_path|missing_winner_future_video_path|missing_loser_full_video_path,False,False,False,False,True
manifests/dpo_v14_subsets/synthetic_controlled.jsonl,471,v11_SYN_0377_v6_04204_containment_orbit_left_44_seed43204_partial_freeze_foreground,TypeM_v11_synthetic_visible,synthetic_controlled,False,missing_condition_prefix_video_path|missing_condition_poses|missing_condition_intrinsics|missing_winner_full_video_path|missing_winner_future_video_path|missing_loser_full_video_path,False,False,False,False,True
manifests/dpo_v14_subsets/synthetic_controlled.jsonl,472,v11_SYN_0199_v6_02202_collision_orbit_right_64_seed41202_collision_response_failure_synthetic,TypeM_v11_synthetic_visible,synthetic_controlled,False,missing_condition_prefix_video_path|missing_condition_poses|missing_condition_intrinsics|missing_winner_full_video_path|missing_winner_future_video_path|missing_loser_full_video_path,False,False,False,False,True
manifests/dpo_v14_subsets/synthetic_controlled.jsonl,473,v11_SYN_0292_04302_containment_orbit_left_44_seed43302_local_scene_patch_drift,TypeM_v11_synthetic_visible,synthetic_controlled,False,missing_condition_prefix_video_path|missing_condition_poses|missing_condition_intrinsics|missing_winner_future_video_path|missing_loser_full_video_path,False,True,False,False,True
manifests/dpo_v14_subsets/synthetic_controlled.jsonl,474,v11_SYN_0479_v6b_GT_C_001_01014_drop_orbit_left_72_seed40014_partial_freeze_foreground,TypeM_v11_synthetic_visible,synthetic_controlled,False,missing_condition_prefix_video_path|missing_condition_poses|missing_condition_intrinsics|missing_winner_future_video_path|missing_loser_full_video_path,False,True,False,False,True
manifests/dpo_v14_subsets/synthetic_controlled.jsonl,475,v11_SYN_EXTRA_0133_v6_02202_collision_orbit_right_64_seed41202_collision_response_failure_synthetic,TypeM_v11_synthetic_visible,synthetic_controlled,False,missing_condition_prefix_video_path|missing_condition_poses|missing_condition_intrinsics|missing_winner_full_video_path|missing_winner_future_video_path|missing_loser_full_video_path,False,False,False,False,True
manifests/dpo_v14_subsets/synthetic_controlled.jsonl,476,v11_SYN_0246_04236_containment_orbit_left_44_seed43236_object_identity_color_shift,TypeM_v11_synthetic_visible,synthetic_controlled,False,missing_condition_prefix_video_path|missing_condition_poses|missing_condition_intrinsics|missing_winner_future_video_path|missing_loser_full_video_path,False,True,False,False,True
manifests/dpo_v14_subsets/synthetic_controlled.jsonl,477,v11_SYN_0205_v6_02222_collision_orbit_right_64_seed41222_collision_response_failure_synthetic,TypeM_v11_synthetic_visible,synthetic_controlled,False,missing_condition_prefix_video_path|missing_condition_poses|missing_condition_intrinsics|missing_winner_full_video_path|missing_winner_future_video_path|missing_loser_full_video_path,False,False,False,False,True
manifests/dpo_v14_subsets/synthetic_controlled.jsonl,478,v11_SYN_0298_04339_containment_orbit_left_44_seed43339_local_scene_patch_drift,TypeM_v11_synthetic_visible,synthetic_controlled,False,missing_condition_prefix_video_path|missing_condition_poses|missing_condition_intrinsics|missing_winner_future_video_path|missing_loser_full_video_path,False,True,False,False,True
manifests/dpo_v14_subsets/synthetic_controlled.jsonl,479,v11_SYN_EXTRA_0137_v6_02222_collision_orbit_right_64_seed41222_collision_response_failure_synthetic,TypeM_v11_synthetic_visible,synthetic_controlled,False,missing_condition_prefix_video_path|missing_condition_poses|missing_condition_intrinsics|missing_winner_full_video_path|missing_winner_future_video_path|missing_loser_full_video_path,False,False,False,False,True
manifests/dpo_v14_subsets/synthetic_controlled.jsonl,480,v11_SYN_EXTRA_0141_v6_02226_collision_orbit_right_64_seed41226_collision_response_failure_synthetic,TypeM_v11_synthetic_visible,synthetic_controlled,False,missing_condition_prefix_video_path|missing_condition_poses|missing_condition_intrinsics|missing_winner_full_video_path|missing_winner_future_video_path|missing_loser_full_video_path,False,False,False,False,True
manifests/dpo_v14_subsets/synthetic_controlled.jsonl,481,v11_SYN_0264_04252_containment_orbit_left_44_seed43252_object_identity_color_shift,TypeM_v11_synthetic_visible,synthetic_controlled,False,missing_condition_prefix_video_path|missing_condition_poses|missing_condition_intrinsics|missing_winner_future_video_path|missing_loser_full_video_path,False,True,False,False,True
manifests/dpo_v14_subsets/synthetic_controlled.jsonl,482,v11_SYN_0004_02200_collision_orbit_right_64_seed41200_local_scene_patch_drift,TypeM_v11_synthetic_visible,synthetic_controlled,False,missing_condition_prefix_video_path|missing_condition_poses|missing_condition_intrinsics|missing_winner_full_video_path|missing_winner_future_video_path|missing_loser_full_video_path,False,False,False,False,True
manifests/dpo_v14_subsets/synthetic_controlled.jsonl,483,v11_SYN_0006_02200_collision_orbit_right_64_seed41200_object_identity_color_shift,TypeM_v11_synthetic_visible,synthetic_controlled,False,missing_condition_prefix_video_path|missing_condition_poses|missing_condition_intrinsics|missing_winner_full_video_path|missing_winner_future_video_path|missing_loser_full_video_path,False,False,False,False,True
manifests/dpo_v14_subsets/synthetic_controlled.jsonl,484,v11_SYN_0010_02202_collision_orbit_right_64_seed41202_local_scene_patch_drift,TypeM_v11_synthetic_visible,synthetic_controlled,False,missing_condition_prefix_video_path|missing_condition_poses|missing_condition_intrinsics|missing_winner_full_video_path|missing_winner_future_video_path|missing_loser_full_video_path,False,False,False,False,True
manifests/dpo_v14_subsets/synthetic_controlled.jsonl,485,v11_SYN_0012_02202_collision_orbit_right_64_seed41202_object_identity_color_shift,TypeM_v11_synthetic_visible,synthetic_controlled,False,missing_condition_prefix_video_path|missing_condition_poses|missing_condition_intrinsics|missing_winner_full_video_path|missing_winner_future_video_path|missing_loser_full_video_path,False,False,False,False,True
manifests/dpo_pair_factory_v11_ready_500_canonical.jsonl,1,v6b_GT_C_001_01014_drop_orbit_left_72_seed40014,GT_C,,False,missing_condition_prefix_video_path|missing_winner_future_video_path|missing_loser_full_video_path|missing_loser_future_video_path,False,True,False,False,False
manifests/dpo_pair_factory_v11_ready_500_canonical.jsonl,2,v6b_GT_C_002_03410_roll_orbit_right_60_seed42410,GT_C,,False,missing_condition_prefix_video_path|missing_winner_future_video_path|missing_loser_full_video_path|missing_loser_future_video_path,False,True,False,False,False
manifests/dpo_pair_factory_v11_ready_500_canonical.jsonl,3,v6b_GT_C_003_03418_roll_orbit_right_60_seed42418,GT_C,,False,missing_condition_prefix_video_path|missing_winner_future_video_path|missing_loser_full_video_path|missing_loser_future_video_path,False,True,False,False,False
manifests/dpo_pair_factory_v11_ready_500_canonical.jsonl,4,v6b_GT_C_004_04204_containment_orbit_left_44_seed43204,GT_C,,False,missing_condition_prefix_video_path|missing_winner_future_video_path|missing_loser_full_video_path|missing_loser_future_video_path,False,True,False,False,False
manifests/dpo_pair_factory_v11_ready_500_canonical.jsonl,5,v6b_GT_C_005_04209_containment_orbit_left_44_seed43209,GT_C,,False,missing_condition_prefix_video_path|missing_winner_future_video_path|missing_loser_full_video_path|missing_loser_future_video_path,False,True,False,False,False
manifests/dpo_pair_factory_v11_ready_500_canonical.jsonl,6,v6b_GT_C_006_04214_containment_orbit_left_44_seed43214,GT_C,,False,missing_condition_prefix_video_path|missing_winner_future_video_path|missing_loser_full_video_path|missing_loser_future_video_path,False,True,False,False,False
manifests/dpo_pair_factory_v11_ready_500_canonical.jsonl,7,v6b_GT_C_007_04228_containment_orbit_left_44_seed43228,GT_C,,False,missing_condition_prefix_video_path|missing_winner_future_video_path|missing_loser_full_video_path|missing_loser_future_video_path,False,True,False,False,False
manifests/dpo_pair_factory_v11_ready_500_canonical.jsonl,8,v6b_GT_C_008_01029_drop_orbit_left_72_seed40029,GT_C,,False,missing_condition_prefix_video_path|missing_winner_future_video_path|missing_loser_full_video_path|missing_loser_future_video_path,False,True,False,False,False
manifests/dpo_pair_factory_v11_ready_500_canonical.jsonl,9,v6b_GT_C_009_01032_drop_orbit_left_72_seed40032,GT_C,,False,missing_condition_prefix_video_path|missing_winner_future_video_path|missing_loser_full_video_path|missing_loser_future_video_path,False,True,False,False,False
manifests/dpo_pair_factory_v11_ready_500_canonical.jsonl,10,v6b_GT_C_011_02276_collision_orbit_right_64_seed41276,GT_C,,False,missing_condition_prefix_video_path|missing_winner_future_video_path|missing_loser_full_video_path|missing_loser_future_video_path,False,True,False,False,False
manifests/dpo_pair_factory_v11_ready_500_canonical.jsonl,11,v6b_GT_C_012_02284_collision_orbit_right_64_seed41284,GT_C,,False,missing_condition_prefix_video_path|missing_winner_future_video_path|missing_loser_full_video_path|missing_loser_future_video_path,False,True,False,False,False
manifests/dpo_pair_factory_v11_ready_500_canonical.jsonl,12,v6b_GT_C_013_03435_roll_orbit_right_60_seed42435,GT_C,,False,missing_condition_prefix_video_path|missing_winner_future_video_path|missing_loser_full_video_path|missing_loser_future_video_path,False,True,False,False,False
manifests/dpo_pair_factory_v11_ready_500_canonical.jsonl,13,v6b_GT_C_014_03437_roll_orbit_right_60_seed42437,GT_C,,False,missing_condition_prefix_video_path|missing_winner_future_video_path|missing_loser_full_video_path|missing_loser_future_video_path,False,True,False,False,False
manifests/dpo_pair_factory_v11_ready_500_canonical.jsonl,14,v6b_GT_C_015_04248_containment_orbit_left_44_seed43248,GT_C,,False,missing_condition_prefix_video_path|missing_winner_future_video_path|missing_loser_full_video_path|missing_loser_future_video_path,False,True,False,False,False
manifests/dpo_pair_factory_v11_ready_500_canonical.jsonl,15,v6b_GT_C_016_04249_containment_orbit_left_44_seed43249,GT_C,,False,missing_condition_prefix_video_path|missing_winner_future_video_path|missing_loser_full_video_path|missing_loser_future_video_path,False,True,False,False,False
manifests/dpo_pair_factory_v11_ready_500_canonical.jsonl,16,v11_SYN_0017_02215_collision_strafe_left_180_seed41215_background_drift_visible,TypeM_v11_synthetic_visible,,False,missing_condition_prefix_video_path|missing_condition_poses|missing_condition_intrinsics|missing_winner_future_video_path|missing_loser_full_video_path,False,True,False,False,True
manifests/dpo_pair_factory_v11_ready_500_canonical.jsonl,17,v11_SYN_0013_02215_collision_strafe_left_180_seed41215_collision_response_failure_synthetic,TypeM_v11_synthetic_visible,,False,missing_condition_prefix_video_path|missing_condition_poses|missing_condition_intrinsics|missing_winner_future_video_path|missing_loser_full_video_path,False,True,False,False,True
manifests/dpo_pair_factory_v11_ready_500_canonical.jsonl,18,v11_SYN_0223_04209_containment_orbit_left_44_seed43209_containment_failure_synthetic,TypeM_v11_synthetic_visible,,False,missing_condition_prefix_video_path|missing_condition_poses|missing_condition_intrinsics|missing_winner_future_video_path|missing_loser_full_video_path,False,True,False,False,True
manifests/dpo_pair_factory_v11_ready_500_canonical.jsonl,19,v11_SYN_0379_01002_drop_orbit_left_72_seed40002_drop_motion_failure_synthetic,TypeM_v11_synthetic_visible,,False,missing_condition_prefix_video_path|missing_condition_poses|missing_condition_intrinsics|missing_winner_future_video_path|missing_loser_full_video_path,False,True,False,False,True
manifests/dpo_pair_factory_v11_ready_500_canonical.jsonl,20,v10_TypeM_067_01014_drop_orbit_left_72_seed40014_foreground_identity_color_shift,TypeM_v10_synthetic_visible,,False,missing_condition_prefix_video_path|missing_winner_full_video_path|missing_winner_future_video_path|missing_loser_full_video_path|missing_loser_future_video_path,False,False,False,False,False
manifests/dpo_pair_factory_v11_ready_500_canonical.jsonl,21,v10_TypeM_066_01013_drop_orbit_left_72_seed40013_local_patch_drift,TypeM_v10_synthetic_visible,,False,missing_condition_prefix_video_path|missing_winner_full_video_path|missing_winner_future_video_path|missing_loser_full_video_path|missing_loser_future_video_path,False,False,False,False,False
manifests/dpo_pair_factory_v11_ready_500_canonical.jsonl,22,v10_TypeM_065_01008_drop_orbit_left_72_seed40008_local_patch_freeze,TypeM_v10_synthetic_visible,,False,missing_condition_prefix_video_path|missing_winner_full_video_path|missing_winner_future_video_path|missing_loser_full_video_path|missing_loser_future_video_path,False,False,False,False,False
manifests/dpo_pair_factory_v11_ready_500_canonical.jsonl,23,v11_SYN_0387_01008_drop_orbit_left_72_seed40008_local_scene_patch_drift,TypeM_v11_synthetic_visible,,False,missing_condition_prefix_video_path|missing_condition_poses|missing_condition_intrinsics|missing_winner_future_video_path|missing_loser_full_video_path,False,True,False,False,True
manifests/dpo_pair_factory_v11_ready_500_canonical.jsonl,24,v10_TypeM_064_01002_drop_orbit_left_72_seed40002_local_temporal_jump,TypeM_v10_synthetic_visible,,False,missing_condition_prefix_video_path|missing_winner_full_video_path|missing_winner_future_video_path|missing_loser_full_video_path|missing_loser_future_video_path,False,False,False,False,False
manifests/dpo_pair_factory_v11_ready_500_canonical.jsonl,25,v11_SYN_0038_02239_collision_strafe_left_180_seed41239_object_deformation_visible,TypeM_v11_synthetic_visible,,False,missing_condition_prefix_video_path|missing_condition_poses|missing_condition_intrinsics|missing_winner_future_video_path|missing_loser_full_video_path,False,True,False,False,True
manifests/dpo_pair_factory_v11_ready_500_canonical.jsonl,26,v11_SYN_0386_01008_drop_orbit_left_72_seed40008_object_duplicate_or_fragment,TypeM_v11_synthetic_visible,,False,missing_condition_prefix_video_path|missing_condition_poses|missing_condition_intrinsics|missing_winner_future_video_path|missing_loser_full_video_path,False,True,False,False,True
manifests/dpo_pair_factory_v11_ready_500_canonical.jsonl,27,v11_SYN_0382_01002_drop_orbit_left_72_seed40002_object_identity_color_shift,TypeM_v11_synthetic_visible,,False,missing_condition_prefix_video_path|missing_condition_poses|missing_condition_intrinsics|missing_winner_future_video_path|missing_loser_full_video_path,False,True,False,False,True
manifests/dpo_pair_factory_v11_ready_500_canonical.jsonl,28,v11_SYN_0389_01008_drop_orbit_left_72_seed40008_partial_freeze_foreground,TypeM_v11_synthetic_visible,,False,missing_condition_prefix_video_path|missing_condition_poses|missing_condition_intrinsics|missing_winner_future_video_path|missing_loser_full_video_path,False,True,False,False,True
manifests/dpo_pair_factory_v11_ready_500_canonical.jsonl,29,v11_SYN_0224_04209_containment_orbit_left_44_seed43209_reobserve_mismatch_visible,TypeM_v11_synthetic_visible,,False,missing_condition_prefix_video_path|missing_condition_poses|missing_condition_intrinsics|missing_winner_future_video_path|missing_loser_full_video_path,False,True,False,False,True
manifests/dpo_pair_factory_v11_ready_500_canonical.jsonl,30,v11_SYN_0487_03410_roll_orbit_right_60_seed42410_roll_event_fragment_synthetic,TypeM_v11_synthetic_visible,,False,missing_condition_prefix_video_path|missing_condition_poses|missing_condition_intrinsics|missing_winner_future_video_path|missing_loser_full_video_path,False,True,False,False,True
manifests/dpo_pair_factory_v11_ready_500_canonical.jsonl,31,v11_SYN_0384_01002_drop_orbit_left_72_seed40002_wrong_camera_motion_visible,TypeM_v11_synthetic_visible,,False,missing_condition_prefix_video_path|missing_condition_poses|missing_condition_intrinsics|missing_winner_future_video_path|missing_loser_full_video_path,False,True,False,False,True
manifests/dpo_pair_factory_v11_ready_500_canonical.jsonl,32,v11_SYN_0035_02228_collision_orbit_right_64_seed41228_background_drift_visible,TypeM_v11_synthetic_visible,,False,missing_condition_prefix_video_path|missing_condition_poses|missing_condition_intrinsics|missing_winner_future_video_path|missing_loser_full_video_path,False,True,False,False,True
manifests/dpo_pair_factory_v11_ready_500_canonical.jsonl,33,v11_SYN_EXTRA_0009_02215_collision_strafe_left_180_seed41215_collision_response_failure_synthetic,TypeM_v11_synthetic_visible,,False,missing_condition_prefix_video_path|missing_condition_poses|missing_condition_intrinsics|missing_winner_future_video_path|missing_loser_full_video_path,False,True,False,False,True
manifests/dpo_pair_factory_v11_ready_500_canonical.jsonl,34,v11_SYN_EXTRA_0149_04209_containment_orbit_left_44_seed43209_containment_failure_synthetic,TypeM_v11_synthetic_visible,,False,missing_condition_prefix_video_path|missing_condition_poses|missing_condition_intrinsics|missing_winner_future_video_path|missing_loser_full_video_path,False,True,False,False,True
manifests/dpo_pair_factory_v11_ready_500_canonical.jsonl,35,v11_SYN_0385_01008_drop_orbit_left_72_seed40008_drop_motion_failure_synthetic,TypeM_v11_synthetic_visible,,False,missing_condition_prefix_video_path|missing_condition_poses|missing_condition_intrinsics|missing_winner_future_video_path|missing_loser_full_video_path,False,True,False,False,True
manifests/dpo_pair_factory_v11_ready_500_canonical.jsonl,36,v10_TypeM_071_01038_drop_orbit_left_72_seed40038_foreground_identity_color_shift,TypeM_v10_synthetic_visible,,False,missing_condition_prefix_video_path|missing_winner_full_video_path|missing_winner_future_video_path|missing_loser_full_video_path|missing_loser_future_video_path,False,False,False,False,False
manifests/dpo_pair_factory_v11_ready_500_canonical.jsonl,37,v10_TypeM_070_01032_drop_orbit_left_72_seed40032_local_patch_drift,TypeM_v10_synthetic_visible,,False,missing_condition_prefix_video_path|missing_winner_full_video_path|missing_winner_future_video_path|missing_loser_full_video_path|missing_loser_future_video_path,False,False,False,False,False
manifests/dpo_pair_factory_v11_ready_500_canonical.jsonl,38,v10_TypeM_069_01029_drop_orbit_left_72_seed40029_local_patch_freeze,TypeM_v10_synthetic_visible,,False,missing_condition_prefix_video_path|missing_winner_full_video_path|missing_winner_future_video_path|missing_loser_full_video_path|missing_loser_future_video_path,False,False,False,False,False
manifests/dpo_pair_factory_v11_ready_500_canonical.jsonl,39,v11_SYN_0393_01013_drop_orbit_left_72_seed40013_local_scene_patch_drift,TypeM_v11_synthetic_visible,,False,missing_condition_prefix_video_path|missing_condition_poses|missing_condition_intrinsics|missing_winner_future_video_path|missing_loser_full_video_path,False,True,False,False,True
manifests/dpo_pair_factory_v11_ready_500_canonical.jsonl,40,v10_TypeM_072_01039_drop_orbit_left_72_seed40039_local_temporal_jump,TypeM_v10_synthetic_visible,,False,missing_condition_prefix_video_path|missing_winner_full_video_path|missing_winner_future_video_path|missing_loser_full_video_path|missing_loser_future_video_path,False,False,False,False,False
manifests/dpo_pair_factory_v11_ready_500_canonical.jsonl,41,v11_SYN_0056_02276_collision_orbit_right_64_seed41276_object_deformation_visible,TypeM_v11_synthetic_visible,,False,missing_condition_prefix_video_path|missing_condition_poses|missing_condition_intrinsics|missing_winner_future_video_path|missing_loser_full_video_path,False,True,False,False,True
manifests/dpo_pair_factory_v11_ready_500_canonical.jsonl,42,v11_SYN_0398_01014_drop_orbit_left_72_seed40014_object_duplicate_or_fragment,TypeM_v11_synthetic_visible,,False,missing_condition_prefix_video_path|missing_condition_poses|missing_condition_intrinsics|missing_winner_future_video_path|missing_loser_full_video_path,False,True,False,False,True
manifests/dpo_pair_factory_v11_ready_500_canonical.jsonl,43,v11_SYN_0388_01008_drop_orbit_left_72_seed40008_object_identity_color_shift,TypeM_v11_synthetic_visible,,False,missing_condition_prefix_video_path|missing_condition_poses|missing_condition_intrinsics|missing_winner_future_video_path|missing_loser_full_video_path,False,True,False,False,True
manifests/dpo_pair_factory_v11_ready_500_canonical.jsonl,44,v11_SYN_0395_01013_drop_orbit_left_72_seed40013_partial_freeze_foreground,TypeM_v11_synthetic_visible,,False,missing_condition_prefix_video_path|missing_condition_poses|missing_condition_intrinsics|missing_winner_future_video_path|missing_loser_full_video_path,False,True,False,False,True
manifests/dpo_pair_factory_v11_ready_500_canonical.jsonl,45,v11_SYN_0230_04214_containment_orbit_left_44_seed43214_reobserve_mismatch_visible,TypeM_v11_synthetic_visible,,False,missing_condition_prefix_video_path|missing_condition_poses|missing_condition_intrinsics|missing_winner_future_video_path|missing_loser_full_video_path,False,True,False,False,True
manifests/dpo_pair_factory_v11_ready_500_canonical.jsonl,46,v11_SYN_0493_03413_roll_orbit_right_60_seed42413_roll_event_fragment_synthetic,TypeM_v11_synthetic_visible,,False,missing_condition_prefix_video_path|missing_condition_poses|missing_condition_intrinsics|missing_winner_future_video_path|missing_loser_full_video_path,False,True,False,False,True
manifests/dpo_pair_factory_v11_ready_500_canonical.jsonl,47,v11_SYN_0041_02239_collision_strafe_left_180_seed41239_background_drift_visible,TypeM_v11_synthetic_visible,,False,missing_condition_prefix_video_path|missing_condition_poses|missing_condition_intrinsics|missing_winner_future_video_path|missing_loser_full_video_path,False,True,False,False,True
manifests/dpo_pair_factory_v11_ready_500_canonical.jsonl,48,v11_SYN_0031_02228_collision_orbit_right_64_seed41228_collision_response_failure_synthetic,TypeM_v11_synthetic_visible,,False,missing_condition_prefix_video_path|missing_condition_poses|missing_condition_intrinsics|missing_winner_future_video_path|missing_loser_full_video_path,False,True,False,False,True
manifests/dpo_pair_factory_v11_ready_500_canonical.jsonl,49,v11_SYN_EXTRA_0153_04214_containment_orbit_left_44_seed43214_containment_failure_synthetic,TypeM_v11_synthetic_visible,,False,missing_condition_prefix_video_path|missing_condition_poses|missing_condition_intrinsics|missing_winner_future_video_path|missing_loser_full_video_path,False,True,False,False,True
manifests/dpo_pair_factory_v11_ready_500_canonical.jsonl,50,v11_SYN_0391_01013_drop_orbit_left_72_seed40013_drop_motion_failure_synthetic,TypeM_v11_synthetic_visible,,False,missing_condition_prefix_video_path|missing_condition_poses|missing_condition_intrinsics|missing_winner_future_video_path|missing_loser_full_video_path,False,True,False,False,True
manifests/dpo_pair_factory_v11_ready_500_canonical.jsonl,51,v10_TypeM_075_01079_drop_orbit_left_72_seed40079_foreground_identity_color_shift,TypeM_v10_synthetic_visible,,False,missing_condition_prefix_video_path|missing_winner_full_video_path|missing_winner_future_video_path|missing_loser_full_video_path|missing_loser_future_video_path,False,False,False,False,False
manifests/dpo_pair_factory_v11_ready_500_canonical.jsonl,52,v10_TypeM_074_01060_drop_orbit_left_72_seed40060_local_patch_drift,TypeM_v10_synthetic_visible,,False,missing_condition_prefix_video_path|missing_winner_full_video_path|missing_winner_future_video_path|missing_loser_full_video_path|missing_loser_future_video_path,False,False,False,False,False
manifests/dpo_pair_factory_v11_ready_500_canonical.jsonl,53,v10_TypeM_073_01047_drop_orbit_left_72_seed40047_local_patch_freeze,TypeM_v10_synthetic_visible,,False,missing_condition_prefix_video_path|missing_winner_full_video_path|missing_winner_future_video_path|missing_loser_full_video_path|missing_loser_future_video_path,False,False,False,False,False
manifests/dpo_pair_factory_v11_ready_500_canonical.jsonl,54,v11_SYN_0399_01014_drop_orbit_left_72_seed40014_local_scene_patch_drift,TypeM_v11_synthetic_visible,,False,missing_condition_prefix_video_path|missing_condition_poses|missing_condition_intrinsics|missing_winner_future_video_path|missing_loser_full_video_path,False,True,False,False,True
manifests/dpo_pair_factory_v11_ready_500_canonical.jsonl,55,v10_TypeM_076_01086_drop_orbit_left_72_seed40086_local_temporal_jump,TypeM_v10_synthetic_visible,,False,missing_condition_prefix_video_path|missing_winner_full_video_path|missing_winner_future_video_path|missing_loser_full_video_path|missing_loser_future_video_path,False,False,False,False,False
manifests/dpo_pair_factory_v11_ready_500_canonical.jsonl,56,v11_SYN_EXTRA_0070_02353_collision_strafe_left_180_seed41353_object_deformation_visible,TypeM_v11_synthetic_visible,,False,missing_condition_prefix_video_path|missing_condition_poses|missing_condition_intrinsics|missing_winner_future_video_path|missing_loser_full_video_path,False,True,False,False,True
manifests/dpo_pair_factory_v11_ready_500_canonical.jsonl,57,v11_SYN_0404_01026_drop_orbit_left_72_seed40026_object_duplicate_or_fragment,TypeM_v11_synthetic_visible,,False,missing_condition_prefix_video_path|missing_condition_poses|missing_condition_intrinsics|missing_winner_future_video_path|missing_loser_full_video_path,False,True,False,False,True
manifests/dpo_pair_factory_v11_ready_500_canonical.jsonl,58,v11_SYN_0394_01013_drop_orbit_left_72_seed40013_object_identity_color_shift,TypeM_v11_synthetic_visible,,False,missing_condition_prefix_video_path|missing_condition_poses|missing_condition_intrinsics|missing_winner_future_video_path|missing_loser_full_video_path,False,True,False,False,True
manifests/dpo_pair_factory_v11_ready_500_canonical.jsonl,59,v11_SYN_0401_01014_drop_orbit_left_72_seed40014_partial_freeze_foreground,TypeM_v11_synthetic_visible,,False,missing_condition_prefix_video_path|missing_condition_poses|missing_condition_intrinsics|missing_winner_future_video_path|missing_loser_full_video_path,False,True,False,False,True
manifests/dpo_pair_factory_v11_ready_500_canonical.jsonl,60,v11_SYN_EXTRA_0154_04214_containment_orbit_left_44_seed43214_reobserve_mismatch_visible,TypeM_v11_synthetic_visible,,False,missing_condition_prefix_video_path|missing_condition_poses|missing_condition_intrinsics|missing_winner_future_video_path|missing_loser_full_video_path,False,True,False,False,True
manifests/dpo_pair_factory_v11_ready_500_canonical.jsonl,61,v11_SYN_0499_03418_roll_orbit_right_60_seed42418_roll_event_fragment_synthetic,TypeM_v11_synthetic_visible,,False,missing_condition_prefix_video_path|missing_condition_poses|missing_condition_intrinsics|missing_winner_future_video_path|missing_loser_full_video_path,False,True,False,False,True
manifests/dpo_pair_factory_v11_ready_500_canonical.jsonl,62,v11_SYN_0396_01013_drop_orbit_left_72_seed40013_wrong_camera_motion_visible,TypeM_v11_synthetic_visible,,False,missing_condition_prefix_video_path|missing_condition_poses|missing_condition_intrinsics|missing_winner_future_video_path|missing_loser_full_video_path,False,True,False,False,True
manifests/dpo_pair_factory_v11_ready_500_canonical.jsonl,63,v11_SYN_0047_02259_collision_strafe_left_180_seed41259_background_drift_visible,TypeM_v11_synthetic_visible,,False,missing_condition_prefix_video_path|missing_condition_poses|missing_condition_intrinsics|missing_winner_future_video_path|missing_loser_full_video_path,False,True,False,False,True
manifests/dpo_pair_factory_v11_ready_500_canonical.jsonl,64,v11_SYN_EXTRA_0021_02228_collision_orbit_right_64_seed41228_collision_response_failure_synthetic,TypeM_v11_synthetic_visible,,False,missing_condition_prefix_video_path|missing_condition_poses|missing_condition_intrinsics|missing_winner_future_video_path|missing_loser_full_video_path,False,True,False,False,True
manifests/dpo_pair_factory_v11_ready_500_canonical.jsonl,65,v11_SYN_0235_04228_containment_orbit_left_44_seed43228_containment_failure_synthetic,TypeM_v11_synthetic_visible,,False,missing_condition_prefix_video_path|missing_condition_poses|missing_condition_intrinsics|missing_winner_future_video_path|missing_loser_full_video_path,False,True,False,False,True
manifests/dpo_pair_factory_v11_ready_500_canonical.jsonl,66,v11_SYN_0397_01014_drop_orbit_left_72_seed40014_drop_motion_failure_synthetic,TypeM_v11_synthetic_visible,,False,missing_condition_prefix_video_path|missing_condition_poses|missing_condition_intrinsics|missing_winner_future_video_path|missing_loser_full_video_path,False,True,False,False,True
manifests/dpo_pair_factory_v11_ready_500_canonical.jsonl,67,v10_TypeM_079_01108_drop_orbit_left_72_seed40108_foreground_identity_color_shift,TypeM_v10_synthetic_visible,,False,missing_condition_prefix_video_path|missing_winner_full_video_path|missing_winner_future_video_path|missing_loser_full_video_path|missing_loser_future_video_path,False,False,False,False,False
manifests/dpo_pair_factory_v11_ready_500_canonical.jsonl,68,v10_TypeM_078_01102_drop_orbit_left_72_seed40102_local_patch_drift,TypeM_v10_synthetic_visible,,False,missing_condition_prefix_video_path|missing_winner_full_video_path|missing_winner_future_video_path|missing_loser_full_video_path|missing_loser_future_video_path,False,False,False,False,False
manifests/dpo_pair_factory_v11_ready_500_canonical.jsonl,69,v10_TypeM_077_01101_drop_orbit_left_72_seed40101_local_patch_freeze,TypeM_v10_synthetic_visible,,False,missing_condition_prefix_video_path|missing_winner_full_video_path|missing_winner_future_video_path|missing_loser_full_video_path|missing_loser_future_video_path,False,False,False,False,False
manifests/dpo_pair_factory_v11_ready_500_canonical.jsonl,70,v11_SYN_0417_01032_drop_orbit_left_72_seed40032_local_scene_patch_drift,TypeM_v11_synthetic_visible,,False,missing_condition_prefix_video_path|missing_condition_poses|missing_condition_intrinsics|missing_winner_future_video_path|missing_loser_full_video_path,False,True,False,False,True
manifests/dpo_pair_factory_v11_ready_500_canonical.jsonl,71,v10_TypeM_004_02222_collision_orbit_right_64_seed41222_local_temporal_jump,TypeM_v10_synthetic_visible,,False,missing_condition_prefix_video_path|missing_winner_full_video_path|missing_winner_future_video_path|missing_loser_full_video_path|missing_loser_future_video_path,False,False,False,False,False
manifests/dpo_pair_factory_v11_ready_500_canonical.jsonl,72,v11_SYN_EXTRA_0082_02378_collision_orbit_right_64_seed41378_object_deformation_visible,TypeM_v11_synthetic_visible,,False,missing_condition_prefix_video_path|missing_condition_poses|missing_condition_intrinsics|missing_winner_future_video_path|missing_loser_full_video_path,False,True,False,False,True
manifests/dpo_pair_factory_v11_ready_500_canonical.jsonl,73,v11_SYN_0428_01039_drop_orbit_left_72_seed40039_object_duplicate_or_fragment,TypeM_v11_synthetic_visible,,False,missing_condition_prefix_video_path|missing_condition_poses|missing_condition_intrinsics|missing_winner_future_video_path|missing_loser_full_video_path,False,True,False,False,True
manifests/dpo_pair_factory_v11_ready_500_canonical.jsonl,74,v11_SYN_0400_01014_drop_orbit_left_72_seed40014_object_identity_color_shift,TypeM_v11_synthetic_visible,,False,missing_condition_prefix_video_path|missing_condition_poses|missing_condition_intrinsics|missing_winner_future_video_path|missing_loser_full_video_path,False,True,False,False,True
manifests/dpo_pair_factory_v11_ready_500_canonical.jsonl,75,v11_SYN_0413_01029_drop_orbit_left_72_seed40029_partial_freeze_foreground,TypeM_v11_synthetic_visible,,False,missing_condition_prefix_video_path|missing_condition_poses|missing_condition_intrinsics|missing_winner_future_video_path|missing_loser_full_video_path,False,True,False,False,True
manifests/dpo_pair_factory_v11_ready_500_canonical.jsonl,76,v11_SYN_0236_04228_containment_orbit_left_44_seed43228_reobserve_mismatch_visible,TypeM_v11_synthetic_visible,,False,missing_condition_prefix_video_path|missing_condition_poses|missing_condition_intrinsics|missing_winner_future_video_path|missing_loser_full_video_path,False,True,False,False,True
manifests/dpo_pair_factory_v11_ready_500_canonical.jsonl,77,v11_SYN_0505_03435_roll_orbit_right_60_seed42435_roll_event_fragment_synthetic,TypeM_v11_synthetic_visible,,False,missing_condition_prefix_video_path|missing_condition_poses|missing_condition_intrinsics|missing_winner_future_video_path|missing_loser_full_video_path,False,True,False,False,True
manifests/dpo_pair_factory_v11_ready_500_canonical.jsonl,78,v11_SYN_0414_01029_drop_orbit_left_72_seed40029_wrong_camera_motion_visible,TypeM_v11_synthetic_visible,,False,missing_condition_prefix_video_path|missing_condition_poses|missing_condition_intrinsics|missing_winner_future_video_path|missing_loser_full_video_path,False,True,False,False,True
manifests/dpo_pair_factory_v11_ready_500_canonical.jsonl,79,v11_SYN_0053_02262_collision_orbit_right_64_seed41262_background_drift_visible,TypeM_v11_synthetic_visible,,False,missing_condition_prefix_video_path|missing_condition_poses|missing_condition_intrinsics|missing_winner_future_video_path|missing_loser_full_video_path,False,True,False,False,True
manifests/dpo_pair_factory_v11_ready_500_canonical.jsonl,80,v11_SYN_EXTRA_0025_02239_collision_strafe_left_180_seed41239_collision_response_failure_synthetic,TypeM_v11_synthetic_visible,,False,missing_condition_prefix_video_path|missing_condition_poses|missing_condition_intrinsics|missing_winner_future_video_path|missing_loser_full_video_path,False,True,False,False,True
manifests/dpo_pair_factory_v11_ready_500_canonical.jsonl,81,v11_SYN_EXTRA_0157_04228_containment_orbit_left_44_seed43228_containment_failure_synthetic,TypeM_v11_synthetic_visible,,False,missing_condition_prefix_video_path|missing_condition_poses|missing_condition_intrinsics|missing_winner_future_video_path|missing_loser_full_video_path,False,True,False,False,True
manifests/dpo_pair_factory_v11_ready_500_canonical.jsonl,82,v11_SYN_0403_01026_drop_orbit_left_72_seed40026_drop_motion_failure_synthetic,TypeM_v11_synthetic_visible,,False,missing_condition_prefix_video_path|missing_condition_poses|missing_condition_intrinsics|missing_winner_future_video_path|missing_loser_full_video_path,False,True,False,False,True
manifests/dpo_pair_factory_v11_ready_500_canonical.jsonl,83,v10_TypeM_003_02215_collision_strafe_left_180_seed41215_foreground_identity_color_shift,TypeM_v10_synthetic_visible,,False,missing_condition_prefix_video_path|missing_winner_full_video_path|missing_winner_future_video_path|missing_loser_full_video_path|missing_loser_future_video_path,False,False,False,False,False
manifests/dpo_pair_factory_v11_ready_500_canonical.jsonl,84,v10_TypeM_002_02202_collision_orbit_right_64_seed41202_local_patch_drift,TypeM_v10_synthetic_visible,,False,missing_condition_prefix_video_path|missing_winner_full_video_path|missing_winner_future_video_path|missing_loser_full_video_path|missing_loser_future_video_path,False,False,False,False,False
manifests/dpo_pair_factory_v11_ready_500_canonical.jsonl,85,v10_TypeM_005_02226_collision_orbit_right_64_seed41226_local_patch_freeze,TypeM_v10_synthetic_visible,,False,missing_condition_prefix_video_path|missing_winner_full_video_path|missing_winner_future_video_path|missing_loser_full_video_path|missing_loser_future_video_path,False,False,False,False,False
manifests/dpo_pair_factory_v11_ready_500_canonical.jsonl,86,v11_SYN_0423_01038_drop_orbit_left_72_seed40038_local_scene_patch_drift,TypeM_v11_synthetic_visible,,False,missing_condition_prefix_video_path|missing_condition_poses|missing_condition_intrinsics|missing_winner_future_video_path|missing_loser_full_video_path,False,True,False,False,True
manifests/dpo_pair_factory_v11_ready_500_canonical.jsonl,87,v10_TypeM_016_02327_collision_strafe_left_180_seed41327_local_temporal_jump,TypeM_v10_synthetic_visible,,False,missing_condition_prefix_video_path|missing_winner_full_video_path|missing_winner_future_video_path|missing_loser_full_video_path|missing_loser_future_video_path,False,False,False,False,False
manifests/dpo_pair_factory_v11_ready_500_canonical.jsonl,88,v11_SYN_0537_03465_roll_orbit_right_60_seed42465_object_deformation_visible,TypeM_v11_synthetic_visible,,False,missing_condition_prefix_video_path|missing_condition_poses|missing_condition_intrinsics|missing_winner_future_video_path|missing_loser_full_video_path,False,True,False,False,True
manifests/dpo_pair_factory_v11_ready_500_canonical.jsonl,89,v11_SYN_0434_01047_drop_orbit_left_72_seed40047_object_duplicate_or_fragment,TypeM_v11_synthetic_visible,,False,missing_condition_prefix_video_path|missing_condition_poses|missing_condition_intrinsics|missing_winner_future_video_path|missing_loser_full_video_path,False,True,False,False,True
manifests/dpo_pair_factory_v11_ready_500_canonical.jsonl,90,v11_SYN_0406_01026_drop_orbit_left_72_seed40026_object_identity_color_shift,TypeM_v11_synthetic_visible,,False,missing_condition_prefix_video_path|missing_condition_poses|missing_condition_intrinsics|missing_winner_future_video_path|missing_loser_full_video_path,False,True,False,False,True
manifests/dpo_pair_factory_v11_ready_500_canonical.jsonl,91,v11_SYN_0419_01032_drop_orbit_left_72_seed40032_partial_freeze_foreground,TypeM_v11_synthetic_visible,,False,missing_condition_prefix_video_path|missing_condition_poses|missing_condition_intrinsics|missing_winner_future_video_path|missing_loser_full_video_path,False,True,False,False,True
manifests/dpo_pair_factory_v11_ready_500_canonical.jsonl,92,v11_SYN_EXTRA_0158_04228_containment_orbit_left_44_seed43228_reobserve_mismatch_visible,TypeM_v11_synthetic_visible,,False,missing_condition_prefix_video_path|missing_condition_poses|missing_condition_intrinsics|missing_winner_future_video_path|missing_loser_full_video_path,False,True,False,False,True
manifests/dpo_pair_factory_v11_ready_500_canonical.jsonl,93,v11_SYN_0511_03437_roll_orbit_right_60_seed42437_roll_event_fragment_synthetic,TypeM_v11_synthetic_visible,,False,missing_condition_prefix_video_path|missing_condition_poses|missing_condition_intrinsics|missing_winner_future_video_path|missing_loser_full_video_path,False,True,False,False,True
manifests/dpo_pair_factory_v11_ready_500_canonical.jsonl,94,v11_SYN_0420_01032_drop_orbit_left_72_seed40032_wrong_camera_motion_visible,TypeM_v11_synthetic_visible,,False,missing_condition_prefix_video_path|missing_condition_poses|missing_condition_intrinsics|missing_winner_future_video_path|missing_loser_full_video_path,False,True,False,False,True
manifests/dpo_pair_factory_v11_ready_500_canonical.jsonl,95,v11_SYN_0059_02276_collision_orbit_right_64_seed41276_background_drift_visible,TypeM_v11_synthetic_visible,,False,missing_condition_prefix_video_path|missing_condition_poses|missing_condition_intrinsics|missing_winner_future_video_path|missing_loser_full_video_path,False,True,False,False,True
manifests/dpo_pair_factory_v11_ready_500_canonical.jsonl,96,v11_SYN_0043_02259_collision_strafe_left_180_seed41259_collision_response_failure_synthetic,TypeM_v11_synthetic_visible,,False,missing_condition_prefix_video_path|missing_condition_poses|missing_condition_intrinsics|missing_winner_future_video_path|missing_loser_full_video_path,False,True,False,False,True
manifests/dpo_pair_factory_v11_ready_500_canonical.jsonl,97,v11_SYN_0241_04236_containment_orbit_left_44_seed43236_containment_failure_synthetic,TypeM_v11_synthetic_visible,,False,missing_condition_prefix_video_path|missing_condition_poses|missing_condition_intrinsics|missing_winner_future_video_path|missing_loser_full_video_path,False,True,False,False,True
manifests/dpo_pair_factory_v11_ready_500_canonical.jsonl,98,v11_SYN_0409_01029_drop_orbit_left_72_seed40029_drop_motion_failure_synthetic,TypeM_v11_synthetic_visible,,False,missing_condition_prefix_video_path|missing_condition_poses|missing_condition_intrinsics|missing_winner_future_video_path|missing_loser_full_video_path,False,True,False,False,True
manifests/dpo_pair_factory_v11_ready_500_canonical.jsonl,99,v10_TypeM_007_02239_collision_strafe_left_180_seed41239_foreground_identity_color_shift,TypeM_v10_synthetic_visible,,False,missing_condition_prefix_video_path|missing_winner_full_video_path|missing_winner_future_video_path|missing_loser_full_video_path|missing_loser_future_video_path,False,False,False,False,False
manifests/dpo_pair_factory_v11_ready_500_canonical.jsonl,100,v10_TypeM_006_02228_collision_orbit_right_64_seed41228_local_patch_drift,TypeM_v10_synthetic_visible,,False,missing_condition_prefix_video_path|missing_winner_full_video_path|missing_winner_future_video_path|missing_loser_full_video_path|missing_loser_future_video_path,False,False,False,False,False
manifests/dpo_pair_factory_v11_ready_500_canonical.jsonl,101,v10_TypeM_009_02262_collision_orbit_right_64_seed41262_local_patch_freeze,TypeM_v10_synthetic_visible,,False,missing_condition_prefix_video_path|missing_winner_full_video_path|missing_winner_future_video_path|missing_loser_full_video_path|missing_loser_future_video_path,False,False,False,False,False
manifests/dpo_pair_factory_v11_ready_500_canonical.jsonl,102,v11_SYN_0429_01039_drop_orbit_left_72_seed40039_local_scene_patch_drift,TypeM_v11_synthetic_visible,,False,missing_condition_prefix_video_path|missing_condition_poses|missing_condition_intrinsics|missing_winner_future_video_path|missing_loser_full_video_path,False,True,False,False,True
manifests/dpo_pair_factory_v11_ready_500_canonical.jsonl,103,v10_TypeM_040_04228_containment_orbit_left_44_seed43228_local_temporal_jump,TypeM_v10_synthetic_visible,,False,missing_condition_prefix_video_path|missing_winner_full_video_path|missing_winner_future_video_path|missing_loser_full_video_path|missing_loser_future_video_path,False,False,False,False,False
manifests/dpo_pair_factory_v11_ready_500_canonical.jsonl,104,v11_SYN_0549_03477_roll_orbit_right_60_seed42477_object_deformation_visible,TypeM_v11_synthetic_visible,,False,missing_condition_prefix_video_path|missing_condition_poses|missing_condition_intrinsics|missing_winner_future_video_path|missing_loser_full_video_path,False,True,False,False,True
manifests/dpo_pair_factory_v11_ready_500_canonical.jsonl,105,v11_SYN_0440_01060_drop_orbit_left_72_seed40060_object_duplicate_or_fragment,TypeM_v11_synthetic_visible,,False,missing_condition_prefix_video_path|missing_condition_poses|missing_condition_intrinsics|missing_winner_future_video_path|missing_loser_full_video_path,False,True,False,False,True
manifests/dpo_pair_factory_v11_ready_500_canonical.jsonl,106,v11_SYN_0412_01029_drop_orbit_left_72_seed40029_object_identity_color_shift,TypeM_v11_synthetic_visible,,False,missing_condition_prefix_video_path|missing_condition_poses|missing_condition_intrinsics|missing_winner_future_video_path|missing_loser_full_video_path,False,True,False,False,True
manifests/dpo_pair_factory_v11_ready_500_canonical.jsonl,107,v11_SYN_0425_01038_drop_orbit_left_72_seed40038_partial_freeze_foreground,TypeM_v11_synthetic_visible,,False,missing_condition_prefix_video_path|missing_condition_poses|missing_condition_intrinsics|missing_winner_future_video_path|missing_loser_full_video_path,False,True,False,False,True
manifests/dpo_pair_factory_v11_ready_500_canonical.jsonl,108,v11_SYN_0242_04236_containment_orbit_left_44_seed43236_reobserve_mismatch_visible,TypeM_v11_synthetic_visible,,False,missing_condition_prefix_video_path|missing_condition_poses|missing_condition_intrinsics|missing_winner_future_video_path|missing_loser_full_video_path,False,True,False,False,True
manifests/dpo_pair_factory_v11_ready_500_canonical.jsonl,109,v11_SYN_0517_03440_roll_orbit_right_60_seed42440_roll_event_fragment_synthetic,TypeM_v11_synthetic_visible,,False,missing_condition_prefix_video_path|missing_condition_poses|missing_condition_intrinsics|missing_winner_future_video_path|missing_loser_full_video_path,False,True,False,False,True
manifests/dpo_pair_factory_v11_ready_500_canonical.jsonl,110,v11_SYN_0432_01039_drop_orbit_left_72_seed40039_wrong_camera_motion_visible,TypeM_v11_synthetic_visible,,False,missing_condition_prefix_video_path|missing_condition_poses|missing_condition_intrinsics|missing_winner_future_video_path|missing_loser_full_video_path,False,True,False,False,True
manifests/dpo_pair_factory_v11_ready_500_canonical.jsonl,111,v11_SYN_0065_02284_collision_orbit_right_64_seed41284_background_drift_visible,TypeM_v11_synthetic_visible,,False,missing_condition_prefix_video_path|missing_condition_poses|missing_condition_intrinsics|missing_winner_future_video_path|missing_loser_full_video_path,False,True,False,False,True
manifests/dpo_pair_factory_v11_ready_500_canonical.jsonl,112,v11_SYN_EXTRA_0029_02259_collision_strafe_left_180_seed41259_collision_response_failure_synthetic,TypeM_v11_synthetic_visible,,False,missing_condition_prefix_video_path|missing_condition_poses|missing_condition_intrinsics|missing_winner_future_video_path|missing_loser_full_video_path,False,True,False,False,True
manifests/dpo_pair_factory_v11_ready_500_canonical.jsonl,113,v11_SYN_EXTRA_0165_04248_containment_orbit_left_44_seed43248_containment_failure_synthetic,TypeM_v11_synthetic_visible,,False,missing_condition_prefix_video_path|missing_condition_poses|missing_condition_intrinsics|missing_winner_future_video_path|missing_loser_full_video_path,False,True,False,False,True
manifests/dpo_pair_factory_v11_ready_500_canonical.jsonl,114,v11_SYN_0415_01032_drop_orbit_left_72_seed40032_drop_motion_failure_synthetic,TypeM_v11_synthetic_visible,,False,missing_condition_prefix_video_path|missing_condition_poses|missing_condition_intrinsics|missing_winner_future_video_path|missing_loser_full_video_path,False,True,False,False,True
manifests/dpo_pair_factory_v11_ready_500_canonical.jsonl,115,v10_TypeM_011_02284_collision_orbit_right_64_seed41284_foreground_identity_color_shift,TypeM_v10_synthetic_visible,,False,missing_condition_prefix_video_path|missing_winner_full_video_path|missing_winner_future_video_path|missing_loser_full_video_path|missing_loser_future_video_path,False,False,False,False,False
manifests/dpo_pair_factory_v11_ready_500_canonical.jsonl,116,v10_TypeM_010_02276_collision_orbit_right_64_seed41276_local_patch_drift,TypeM_v10_synthetic_visible,,False,missing_condition_prefix_video_path|missing_winner_full_video_path|missing_winner_future_video_path|missing_loser_full_video_path|missing_loser_future_video_path,False,False,False,False,False
manifests/dpo_pair_factory_v11_ready_500_canonical.jsonl,117,v10_TypeM_013_02288_collision_orbit_right_64_seed41288_local_patch_freeze,TypeM_v10_synthetic_visible,,False,missing_condition_prefix_video_path|missing_winner_full_video_path|missing_winner_future_video_path|missing_loser_full_video_path|missing_loser_future_video_path,False,False,False,False,False
manifests/dpo_pair_factory_v11_ready_500_canonical.jsonl,118,v11_SYN_0435_01047_drop_orbit_left_72_seed40047_local_scene_patch_drift,TypeM_v11_synthetic_visible,,False,missing_condition_prefix_video_path|missing_condition_poses|missing_condition_intrinsics|missing_winner_future_video_path|missing_loser_full_video_path,False,True,False,False,True
manifests/dpo_pair_factory_v11_ready_500_canonical.jsonl,119,v10_TypeM_044_04252_containment_orbit_left_44_seed43252_local_temporal_jump,TypeM_v10_synthetic_visible,,False,missing_condition_prefix_video_path|missing_winner_full_video_path|missing_winner_future_video_path|missing_loser_full_video_path|missing_loser_future_video_path,False,False,False,False,False
manifests/dpo_pair_factory_v11_ready_500_canonical.jsonl,120,v11_SYN_0579_03533_roll_orbit_right_60_seed42533_object_deformation_visible,TypeM_v11_synthetic_visible,,False,missing_condition_prefix_video_path|missing_condition_poses|missing_condition_intrinsics|missing_winner_future_video_path|missing_loser_full_video_path,False,True,False,False,True
manifests/dpo_pair_factory_v11_ready_500_canonical.jsonl,121,v11_SYN_0452_01086_drop_orbit_left_72_seed40086_object_duplicate_or_fragment,TypeM_v11_synthetic_visible,,False,missing_condition_prefix_video_path|missing_condition_poses|missing_condition_intrinsics|missing_winner_future_video_path|missing_loser_full_video_path,False,True,False,False,True
manifests/dpo_pair_factory_v11_ready_500_canonical.jsonl,122,v11_SYN_0418_01032_drop_orbit_left_72_seed40032_object_identity_color_shift,TypeM_v11_synthetic_visible,,False,missing_condition_prefix_video_path|missing_condition_poses|missing_condition_intrinsics|missing_winner_future_video_path|missing_loser_full_video_path,False,True,False,False,True
manifests/dpo_pair_factory_v11_ready_500_canonical.jsonl,123,v11_SYN_0431_01039_drop_orbit_left_72_seed40039_partial_freeze_foreground,TypeM_v11_synthetic_visible,,False,missing_condition_prefix_video_path|missing_condition_poses|missing_condition_intrinsics|missing_winner_future_video_path|missing_loser_full_video_path,False,True,False,False,True
manifests/dpo_pair_factory_v11_ready_500_canonical.jsonl,124,v11_SYN_EXTRA_0162_04236_containment_orbit_left_44_seed43236_reobserve_mismatch_visible,TypeM_v11_synthetic_visible,,False,missing_condition_prefix_video_path|missing_condition_poses|missing_condition_intrinsics|missing_winner_future_video_path|missing_loser_full_video_path,False,True,False,False,True
manifests/dpo_pair_factory_v11_ready_500_canonical.jsonl,125,v11_SYN_0529_03453_roll_orbit_right_60_seed42453_roll_event_fragment_synthetic,TypeM_v11_synthetic_visible,,False,missing_condition_prefix_video_path|missing_condition_poses|missing_condition_intrinsics|missing_winner_future_video_path|missing_loser_full_video_path,False,True,False,False,True
manifests/dpo_pair_factory_v11_ready_500_canonical.jsonl,126,v11_SYN_0438_01047_drop_orbit_left_72_seed40047_wrong_camera_motion_visible,TypeM_v11_synthetic_visible,,False,missing_condition_prefix_video_path|missing_condition_poses|missing_condition_intrinsics|missing_winner_future_video_path|missing_loser_full_video_path,False,True,False,False,True
manifests/dpo_pair_factory_v11_ready_500_canonical.jsonl,127,v11_SYN_0095_02327_collision_strafe_left_180_seed41327_background_drift_visible,TypeM_v11_synthetic_visible,,False,missing_condition_prefix_video_path|missing_condition_poses|missing_condition_intrinsics|missing_winner_future_video_path|missing_loser_full_video_path,False,True,False,False,True
manifests/dpo_pair_factory_v11_ready_500_canonical.jsonl,128,v11_SYN_0049_02262_collision_orbit_right_64_seed41262_collision_response_failure_synthetic,TypeM_v11_synthetic_visible,,False,missing_condition_prefix_video_path|missing_condition_poses|missing_condition_intrinsics|missing_winner_future_video_path|missing_loser_full_video_path,False,True,False,False,True
manifests/dpo_pair_factory_v11_ready_500_canonical.jsonl,129,v11_SYN_0253_04249_containment_orbit_left_44_seed43249_containment_failure_synthetic,TypeM_v11_synthetic_visible,,False,missing_condition_prefix_video_path|missing_condition_poses|missing_condition_intrinsics|missing_winner_future_video_path|missing_loser_full_video_path,False,True,False,False,True
manifests/dpo_pair_factory_v11_ready_500_canonical.jsonl,130,v11_SYN_0421_01038_drop_orbit_left_72_seed40038_drop_motion_failure_synthetic,TypeM_v11_synthetic_visible,,False,missing_condition_prefix_video_path|missing_condition_poses|missing_condition_intrinsics|missing_winner_future_video_path|missing_loser_full_video_path,False,True,False,False,True
manifests/dpo_pair_factory_v11_ready_500_canonical.jsonl,131,v10_TypeM_015_02295_collision_strafe_left_180_seed41295_foreground_identity_color_shift,TypeM_v10_synthetic_visible,,False,missing_condition_prefix_video_path|missing_winner_full_video_path|missing_winner_future_video_path|missing_loser_full_video_path|missing_loser_future_video_path,False,False,False,False,False
manifests/dpo_pair_factory_v11_ready_500_canonical.jsonl,132,v10_TypeM_018_02353_collision_strafe_left_180_seed41353_local_patch_drift,TypeM_v10_synthetic_visible,,False,missing_condition_prefix_video_path|missing_winner_full_video_path|missing_winner_future_video_path|missing_loser_full_video_path|missing_loser_future_video_path,False,False,False,False,False
manifests/dpo_pair_factory_v11_ready_500_canonical.jsonl,133,v10_TypeM_017_02328_collision_orbit_right_64_seed41328_local_patch_freeze,TypeM_v10_synthetic_visible,,False,missing_condition_prefix_video_path|missing_winner_full_video_path|missing_winner_future_video_path|missing_loser_full_video_path|missing_loser_future_video_path,False,False,False,False,False
manifests/dpo_pair_factory_v11_ready_500_canonical.jsonl,134,v11_SYN_0441_01060_drop_orbit_left_72_seed40060_local_scene_patch_drift,TypeM_v11_synthetic_visible,,False,missing_condition_prefix_video_path|missing_condition_poses|missing_condition_intrinsics|missing_winner_future_video_path|missing_loser_full_video_path,False,True,False,False,True
manifests/dpo_pair_factory_v11_ready_500_canonical.jsonl,135,v10_TypeM_048_04280_containment_orbit_left_44_seed43280_local_temporal_jump,TypeM_v10_synthetic_visible,,False,missing_condition_prefix_video_path|missing_winner_full_video_path|missing_winner_future_video_path|missing_loser_full_video_path|missing_loser_future_video_path,False,False,False,False,False
manifests/dpo_pair_factory_v11_ready_500_canonical.jsonl,136,v11_SYN_0585_03536_roll_orbit_right_60_seed42536_object_deformation_visible,TypeM_v11_synthetic_visible,,False,missing_condition_prefix_video_path|missing_condition_poses|missing_condition_intrinsics|missing_winner_future_video_path|missing_loser_full_video_path,False,True,False,False,True
manifests/dpo_pair_factory_v11_ready_500_canonical.jsonl,137,v11_SYN_0458_01101_drop_orbit_left_72_seed40101_object_duplicate_or_fragment,TypeM_v11_synthetic_visible,,False,missing_condition_prefix_video_path|missing_condition_poses|missing_condition_intrinsics|missing_winner_future_video_path|missing_loser_full_video_path,False,True,False,False,True
manifests/dpo_pair_factory_v11_ready_500_canonical.jsonl,138,v11_SYN_0424_01038_drop_orbit_left_72_seed40038_object_identity_color_shift,TypeM_v11_synthetic_visible,,False,missing_condition_prefix_video_path|missing_condition_poses|missing_condition_intrinsics|missing_winner_future_video_path|missing_loser_full_video_path,False,True,False,False,True
manifests/dpo_pair_factory_v11_ready_500_canonical.jsonl,139,v11_SYN_0437_01047_drop_orbit_left_72_seed40047_partial_freeze_foreground,TypeM_v11_synthetic_visible,,False,missing_condition_prefix_video_path|missing_condition_poses|missing_condition_intrinsics|missing_winner_future_video_path|missing_loser_full_video_path,False,True,False,False,True
manifests/dpo_pair_factory_v11_ready_500_canonical.jsonl,140,v11_SYN_0248_04248_containment_orbit_left_44_seed43248_reobserve_mismatch_visible,TypeM_v11_synthetic_visible,,False,missing_condition_prefix_video_path|missing_condition_poses|missing_condition_intrinsics|missing_winner_future_video_path|missing_loser_full_video_path,False,True,False,False,True
manifests/dpo_pair_factory_v11_ready_500_canonical.jsonl,141,v11_SYN_0535_03465_roll_orbit_right_60_seed42465_roll_event_fragment_synthetic,TypeM_v11_synthetic_visible,,False,missing_condition_prefix_video_path|missing_condition_poses|missing_condition_intrinsics|missing_winner_future_video_path|missing_loser_full_video_path,False,True,False,False,True
manifests/dpo_pair_factory_v11_ready_500_canonical.jsonl,142,v11_SYN_0444_01060_drop_orbit_left_72_seed40060_wrong_camera_motion_visible,TypeM_v11_synthetic_visible,,False,missing_condition_prefix_video_path|missing_condition_poses|missing_condition_intrinsics|missing_winner_future_video_path|missing_loser_full_video_path,False,True,False,False,True
manifests/dpo_pair_factory_v11_ready_500_canonical.jsonl,143,v11_SYN_0101_02328_collision_orbit_right_64_seed41328_background_drift_visible,TypeM_v11_synthetic_visible,,False,missing_condition_prefix_video_path|missing_condition_poses|missing_condition_intrinsics|missing_winner_future_video_path|missing_loser_full_video_path,False,True,False,False,True
manifests/dpo_pair_factory_v11_ready_500_canonical.jsonl,144,v11_SYN_0055_02276_collision_orbit_right_64_seed41276_collision_response_failure_synthetic,TypeM_v11_synthetic_visible,,False,missing_condition_prefix_video_path|missing_condition_poses|missing_condition_intrinsics|missing_winner_future_video_path|missing_loser_full_video_path,False,True,False,False,True
manifests/dpo_pair_factory_v11_ready_500_canonical.jsonl,145,v11_SYN_EXTRA_0169_04249_containment_orbit_left_44_seed43249_containment_failure_synthetic,TypeM_v11_synthetic_visible,,False,missing_condition_prefix_video_path|missing_condition_poses|missing_condition_intrinsics|missing_winner_future_video_path|missing_loser_full_video_path,False,True,False,False,True
manifests/dpo_pair_factory_v11_ready_500_canonical.jsonl,146,v11_SYN_0427_01039_drop_orbit_left_72_seed40039_drop_motion_failure_synthetic,TypeM_v11_synthetic_visible,,False,missing_condition_prefix_video_path|missing_condition_poses|missing_condition_intrinsics|missing_winner_future_video_path|missing_loser_full_video_path,False,True,False,False,True
manifests/dpo_pair_factory_v11_ready_500_canonical.jsonl,147,v10_TypeM_019_02360_collision_orbit_right_64_seed41360_foreground_identity_color_shift,TypeM_v10_synthetic_visible,,False,missing_condition_prefix_video_path|missing_winner_full_video_path|missing_winner_future_video_path|missing_loser_full_video_path|missing_loser_future_video_path,False,False,False,False,False
manifests/dpo_pair_factory_v11_ready_500_canonical.jsonl,148,v10_TypeM_038_04209_containment_orbit_left_44_seed43209_local_patch_drift,TypeM_v10_synthetic_visible,,False,missing_condition_prefix_video_path|missing_winner_full_video_path|missing_winner_future_video_path|missing_loser_full_video_path|missing_loser_future_video_path,False,False,False,False,False
manifests/dpo_pair_factory_v11_ready_500_canonical.jsonl,149,v10_TypeM_037_04204_containment_orbit_left_44_seed43204_local_patch_freeze,TypeM_v10_synthetic_visible,,False,missing_condition_prefix_video_path|missing_winner_full_video_path|missing_winner_future_video_path|missing_loser_full_video_path|missing_loser_future_video_path,False,False,False,False,False
manifests/dpo_pair_factory_v11_ready_500_canonical.jsonl,150,v11_SYN_0447_01079_drop_orbit_left_72_seed40079_local_scene_patch_drift,TypeM_v11_synthetic_visible,,False,missing_condition_prefix_video_path|missing_condition_poses|missing_condition_intrinsics|missing_winner_future_video_path|missing_loser_full_video_path,False,True,False,False,True
manifests/dpo_pair_factory_v11_ready_500_canonical.jsonl,151,v10_TypeM_052_04346_containment_orbit_left_44_seed43346_local_temporal_jump,TypeM_v10_synthetic_visible,,False,missing_condition_prefix_video_path|missing_winner_full_video_path|missing_winner_future_video_path|missing_loser_full_video_path|missing_loser_future_video_path,False,False,False,False,False
manifests/dpo_pair_factory_v11_ready_500_canonical.jsonl,152,v11_SYN_EXTRA_0018_02226_collision_orbit_right_64_seed41226_object_deformation_visible,TypeM_v11_synthetic_visible,,False,missing_condition_prefix_video_path|missing_condition_poses|missing_condition_intrinsics|missing_winner_full_video_path|missing_winner_future_video_path|missing_loser_full_video_path,False,False,False,False,True
manifests/dpo_pair_factory_v11_ready_500_canonical.jsonl,153,v11_SYN_0470_01108_drop_orbit_left_72_seed40108_object_duplicate_or_fragment,TypeM_v11_synthetic_visible,,False,missing_condition_prefix_video_path|missing_condition_poses|missing_condition_intrinsics|missing_winner_future_video_path|missing_loser_full_video_path,False,True,False,False,True
manifests/dpo_pair_factory_v11_ready_500_canonical.jsonl,154,v11_SYN_0443_01060_drop_orbit_left_72_seed40060_partial_freeze_foreground,TypeM_v11_synthetic_visible,,False,missing_condition_prefix_video_path|missing_condition_poses|missing_condition_intrinsics|missing_winner_future_video_path|missing_loser_full_video_path,False,True,False,False,True
manifests/dpo_pair_factory_v11_ready_500_canonical.jsonl,155,v11_SYN_EXTRA_0166_04248_containment_orbit_left_44_seed43248_reobserve_mismatch_visible,TypeM_v11_synthetic_visible,,False,missing_condition_prefix_video_path|missing_condition_poses|missing_condition_intrinsics|missing_winner_future_video_path|missing_loser_full_video_path,False,True,False,False,True
manifests/dpo_pair_factory_v11_ready_500_canonical.jsonl,156,v11_SYN_0541_03472_roll_orbit_right_60_seed42472_roll_event_fragment_synthetic,TypeM_v11_synthetic_visible,,False,missing_condition_prefix_video_path|missing_condition_poses|missing_condition_intrinsics|missing_winner_future_video_path|missing_loser_full_video_path,False,True,False,False,True
manifests/dpo_pair_factory_v11_ready_500_canonical.jsonl,157,v11_SYN_0450_01079_drop_orbit_left_72_seed40079_wrong_camera_motion_visible,TypeM_v11_synthetic_visible,,False,missing_condition_prefix_video_path|missing_condition_poses|missing_condition_intrinsics|missing_winner_future_video_path|missing_loser_full_video_path,False,True,False,False,True
manifests/dpo_pair_factory_v11_ready_500_canonical.jsonl,158,v11_SYN_0113_02360_collision_orbit_right_64_seed41360_background_drift_visible,TypeM_v11_synthetic_visible,,False,missing_condition_prefix_video_path|missing_condition_poses|missing_condition_intrinsics|missing_winner_future_video_path|missing_loser_full_video_path,False,True,False,False,True
manifests/dpo_pair_factory_v11_ready_500_canonical.jsonl,159,v11_SYN_EXTRA_0037_02276_collision_orbit_right_64_seed41276_collision_response_failure_synthetic,TypeM_v11_synthetic_visible,,False,missing_condition_prefix_video_path|missing_condition_poses|missing_condition_intrinsics|missing_winner_future_video_path|missing_loser_full_video_path,False,True,False,False,True
manifests/dpo_pair_factory_v11_ready_500_canonical.jsonl,160,v11_SYN_0259_04252_containment_orbit_left_44_seed43252_containment_failure_synthetic,TypeM_v11_synthetic_visible,,False,missing_condition_prefix_video_path|missing_condition_poses|missing_condition_intrinsics|missing_winner_future_video_path|missing_loser_full_video_path,False,True,False,False,True
manifests/dpo_pair_factory_v11_ready_500_canonical.jsonl,161,v11_SYN_0433_01047_drop_orbit_left_72_seed40047_drop_motion_failure_synthetic,TypeM_v11_synthetic_visible,,False,missing_condition_prefix_video_path|missing_condition_poses|missing_condition_intrinsics|missing_winner_future_video_path|missing_loser_full_video_path,False,True,False,False,True
manifests/dpo_pair_factory_v11_ready_500_canonical.jsonl,162,v10_TypeM_039_04214_containment_orbit_left_44_seed43214_foreground_identity_color_shift,TypeM_v10_synthetic_visible,,False,missing_condition_prefix_video_path|missing_winner_full_video_path|missing_winner_future_video_path|missing_loser_full_video_path|missing_loser_future_video_path,False,False,False,False,False
manifests/dpo_pair_factory_v11_ready_500_canonical.jsonl,163,v10_TypeM_042_04248_containment_orbit_left_44_seed43248_local_patch_drift,TypeM_v10_synthetic_visible,,False,missing_condition_prefix_video_path|missing_winner_full_video_path|missing_winner_future_video_path|missing_loser_full_video_path|missing_loser_future_video_path,False,False,False,False,False
manifests/dpo_pair_factory_v11_ready_500_canonical.jsonl,164,v10_TypeM_045_04260_containment_orbit_left_44_seed43260_local_patch_freeze,TypeM_v10_synthetic_visible,,False,missing_condition_prefix_video_path|missing_winner_full_video_path|missing_winner_future_video_path|missing_loser_full_video_path|missing_loser_future_video_path,False,False,False,False,False
manifests/dpo_pair_factory_v11_ready_500_canonical.jsonl,165,v11_SYN_0453_01086_drop_orbit_left_72_seed40086_local_scene_patch_drift,TypeM_v11_synthetic_visible,,False,missing_condition_prefix_video_path|missing_condition_poses|missing_condition_intrinsics|missing_winner_future_video_path|missing_loser_full_video_path,False,True,False,False,True
manifests/dpo_pair_factory_v11_ready_500_canonical.jsonl,166,v10_TypeM_056_04358_containment_orbit_left_44_seed43358_local_temporal_jump,TypeM_v10_synthetic_visible,,False,missing_condition_prefix_video_path|missing_winner_full_video_path|missing_winner_future_video_path|missing_loser_full_video_path|missing_loser_future_video_path,False,False,False,False,False
manifests/dpo_pair_factory_v11_ready_500_canonical.jsonl,167,v11_SYN_0008_02202_collision_orbit_right_64_seed41202_object_deformation_visible,TypeM_v11_synthetic_visible,,False,missing_condition_prefix_video_path|missing_condition_poses|missing_condition_intrinsics|missing_winner_full_video_path|missing_winner_future_video_path|missing_loser_full_video_path,False,False,False,False,True
manifests/dpo_pair_factory_v11_ready_500_canonical.jsonl,168,v11_SYN_0045_02259_collision_strafe_left_180_seed41259_object_duplicate_or_fragment,TypeM_v11_synthetic_visible,,False,missing_condition_prefix_video_path|missing_condition_poses|missing_condition_intrinsics|missing_winner_future_video_path|missing_loser_full_video_path,False,True,False,False,True
manifests/dpo_pair_factory_v11_ready_500_canonical.jsonl,169,v11_SYN_0449_01079_drop_orbit_left_72_seed40079_partial_freeze_foreground,TypeM_v11_synthetic_visible,,False,missing_condition_prefix_video_path|missing_condition_poses|missing_condition_intrinsics|missing_winner_future_video_path|missing_loser_full_video_path,False,True,False,False,True
manifests/dpo_pair_factory_v11_ready_500_canonical.jsonl,170,v11_SYN_0254_04249_containment_orbit_left_44_seed43249_reobserve_mismatch_visible,TypeM_v11_synthetic_visible,,False,missing_condition_prefix_video_path|missing_condition_poses|missing_condition_intrinsics|missing_winner_future_video_path|missing_loser_full_video_path,False,True,False,False,True
manifests/dpo_pair_factory_v11_ready_500_canonical.jsonl,171,v11_SYN_0553_03484_roll_orbit_right_60_seed42484_roll_event_fragment_synthetic,TypeM_v11_synthetic_visible,,False,missing_condition_prefix_video_path|missing_condition_poses|missing_condition_intrinsics|missing_winner_future_video_path|missing_loser_full_video_path,False,True,False,False,True
manifests/dpo_pair_factory_v11_ready_500_canonical.jsonl,172,v11_SYN_0456_01086_drop_orbit_left_72_seed40086_wrong_camera_motion_visible,TypeM_v11_synthetic_visible,,False,missing_condition_prefix_video_path|missing_condition_poses|missing_condition_intrinsics|missing_winner_future_video_path|missing_loser_full_video_path,False,True,False,False,True
manifests/dpo_pair_factory_v11_ready_500_canonical.jsonl,173,v11_SYN_0119_02366_collision_orbit_right_64_seed41366_background_drift_visible,TypeM_v11_synthetic_visible,,False,missing_condition_prefix_video_path|missing_condition_poses|missing_condition_intrinsics|missing_winner_future_video_path|missing_loser_full_video_path,False,True,False,False,True
manifests/dpo_pair_factory_v11_ready_500_canonical.jsonl,174,v11_SYN_0061_02284_collision_orbit_right_64_seed41284_collision_response_failure_synthetic,TypeM_v11_synthetic_visible,,False,missing_condition_prefix_video_path|missing_condition_poses|missing_condition_intrinsics|missing_winner_future_video_path|missing_loser_full_video_path,False,True,False,False,True
manifests/dpo_pair_factory_v11_ready_500_canonical.jsonl,175,v11_SYN_0265_04260_containment_orbit_left_44_seed43260_containment_failure_synthetic,TypeM_v11_synthetic_visible,,False,missing_condition_prefix_video_path|missing_condition_poses|missing_condition_intrinsics|missing_winner_future_video_path|missing_loser_full_video_path,False,True,False,False,True
manifests/dpo_pair_factory_v11_ready_500_canonical.jsonl,176,v11_SYN_0439_01060_drop_orbit_left_72_seed40060_drop_motion_failure_synthetic,TypeM_v11_synthetic_visible,,False,missing_condition_prefix_video_path|missing_condition_poses|missing_condition_intrinsics|missing_winner_future_video_path|missing_loser_full_video_path,False,True,False,False,True
manifests/dpo_pair_factory_v11_ready_500_canonical.jsonl,177,v10_TypeM_043_04249_containment_orbit_left_44_seed43249_foreground_identity_color_shift,TypeM_v10_synthetic_visible,,False,missing_condition_prefix_video_path|missing_winner_full_video_path|missing_winner_future_video_path|missing_loser_full_video_path|missing_loser_future_video_path,False,False,False,False,False
manifests/dpo_pair_factory_v11_ready_500_canonical.jsonl,178,v10_TypeM_046_04267_containment_orbit_left_44_seed43267_local_patch_drift,TypeM_v10_synthetic_visible,,False,missing_condition_prefix_video_path|missing_winner_full_video_path|missing_winner_future_video_path|missing_loser_full_video_path|missing_loser_future_video_path,False,False,False,False,False
manifests/dpo_pair_factory_v11_ready_500_canonical.jsonl,179,v10_TypeM_049_04302_containment_orbit_left_44_seed43302_local_patch_freeze,TypeM_v10_synthetic_visible,,False,missing_condition_prefix_video_path|missing_winner_full_video_path|missing_winner_future_video_path|missing_loser_full_video_path|missing_loser_future_video_path,False,False,False,False,False
manifests/dpo_pair_factory_v11_ready_500_canonical.jsonl,180,v11_SYN_0459_01101_drop_orbit_left_72_seed40101_local_scene_patch_drift,TypeM_v11_synthetic_visible,,False,missing_condition_prefix_video_path|missing_condition_poses|missing_condition_intrinsics|missing_winner_future_video_path|missing_loser_full_video_path,False,True,False,False,True
manifests/dpo_pair_factory_v11_ready_500_canonical.jsonl,181,v10_TypeM_060_prefix5_anchored_d744c2d6f264ba_object_deformation_local_temporal_jump,TypeM_v10_synthetic_visible,,False,missing_condition_prefix_video_path|missing_winner_full_video_path|missing_winner_future_video_path|missing_loser_full_video_path|missing_loser_future_video_path,False,False,False,False,False
manifests/dpo_pair_factory_v11_ready_500_canonical.jsonl,182,v11_SYN_EXTRA_0094_prefix5_anchored_1ca3412d8f73c8_nonrigid_background_warp_object_deformation_visible,TypeM_v11_synthetic_visible,,False,missing_condition_prefix_video_path|missing_condition_poses|missing_condition_intrinsics|missing_winner_full_video_path|missing_winner_future_video_path|missing_loser_full_video_path,False,False,False,False,True
manifests/dpo_pair_factory_v11_ready_500_canonical.jsonl,183,v11_SYN_EXTRA_0087_02384_collision_orbit_right_64_seed41384_object_duplicate_or_fragment,TypeM_v11_synthetic_visible,,False,missing_condition_prefix_video_path|missing_condition_poses|missing_condition_intrinsics|missing_winner_future_video_path|missing_loser_full_video_path,False,True,False,False,True
manifests/dpo_pair_factory_v11_ready_500_canonical.jsonl,184,v11_SYN_0455_01086_drop_orbit_left_72_seed40086_partial_freeze_foreground,TypeM_v11_synthetic_visible,,False,missing_condition_prefix_video_path|missing_condition_poses|missing_condition_intrinsics|missing_winner_future_video_path|missing_loser_full_video_path,False,True,False,False,True
manifests/dpo_pair_factory_v11_ready_500_canonical.jsonl,185,v11_SYN_0260_04252_containment_orbit_left_44_seed43252_reobserve_mismatch_visible,TypeM_v11_synthetic_visible,,False,missing_condition_prefix_video_path|missing_condition_poses|missing_condition_intrinsics|missing_winner_future_video_path|missing_loser_full_video_path,False,True,False,False,True
manifests/dpo_pair_factory_v11_ready_500_canonical.jsonl,186,v11_SYN_0559_03494_roll_orbit_right_60_seed42494_roll_event_fragment_synthetic,TypeM_v11_synthetic_visible,,False,missing_condition_prefix_video_path|missing_condition_poses|missing_condition_intrinsics|missing_winner_future_video_path|missing_loser_full_video_path,False,True,False,False,True
manifests/dpo_pair_factory_v11_ready_500_canonical.jsonl,187,v11_SYN_0468_01102_drop_orbit_left_72_seed40102_wrong_camera_motion_visible,TypeM_v11_synthetic_visible,,False,missing_condition_prefix_video_path|missing_condition_poses|missing_condition_intrinsics|missing_winner_future_video_path|missing_loser_full_video_path,False,True,False,False,True
manifests/dpo_pair_factory_v11_ready_500_canonical.jsonl,188,v11_SYN_0131_02384_collision_orbit_right_64_seed41384_background_drift_visible,TypeM_v11_synthetic_visible,,False,missing_condition_prefix_video_path|missing_condition_poses|missing_condition_intrinsics|missing_winner_future_video_path|missing_loser_full_video_path,False,True,False,False,True
manifests/dpo_pair_factory_v11_ready_500_canonical.jsonl,189,v11_SYN_EXTRA_0041_02284_collision_orbit_right_64_seed41284_collision_response_failure_synthetic,TypeM_v11_synthetic_visible,,False,missing_condition_prefix_video_path|missing_condition_poses|missing_condition_intrinsics|missing_winner_future_video_path|missing_loser_full_video_path,False,True,False,False,True
manifests/dpo_pair_factory_v11_ready_500_canonical.jsonl,190,v11_SYN_EXTRA_0177_04260_containment_orbit_left_44_seed43260_containment_failure_synthetic,TypeM_v11_synthetic_visible,,False,missing_condition_prefix_video_path|missing_condition_poses|missing_condition_intrinsics|missing_winner_future_video_path|missing_loser_full_video_path,False,True,False,False,True
manifests/dpo_pair_factory_v11_ready_500_canonical.jsonl,191,v11_SYN_0445_01079_drop_orbit_left_72_seed40079_drop_motion_failure_synthetic,TypeM_v11_synthetic_visible,,False,missing_condition_prefix_video_path|missing_condition_poses|missing_condition_intrinsics|missing_winner_future_video_path|missing_loser_full_video_path,False,True,False,False,True
manifests/dpo_pair_factory_v11_ready_500_canonical.jsonl,192,v10_TypeM_047_04279_containment_orbit_left_44_seed43279_foreground_identity_color_shift,TypeM_v10_synthetic_visible,,False,missing_condition_prefix_video_path|missing_winner_full_video_path|missing_winner_future_video_path|missing_loser_full_video_path|missing_loser_future_video_path,False,False,False,False,False
manifests/dpo_pair_factory_v11_ready_500_canonical.jsonl,193,v10_TypeM_050_04339_containment_orbit_left_44_seed43339_local_patch_drift,TypeM_v10_synthetic_visible,,False,missing_condition_prefix_video_path|missing_winner_full_video_path|missing_winner_future_video_path|missing_loser_full_video_path|missing_loser_future_video_path,False,False,False,False,False
manifests/dpo_pair_factory_v11_ready_500_canonical.jsonl,194,v10_TypeM_053_04351_containment_orbit_left_44_seed43351_local_patch_freeze,TypeM_v10_synthetic_visible,,False,missing_condition_prefix_video_path|missing_winner_full_video_path|missing_winner_future_video_path|missing_loser_full_video_path|missing_loser_future_video_path,False,False,False,False,False
manifests/dpo_pair_factory_v11_ready_500_canonical.jsonl,195,v11_SYN_0471_01108_drop_orbit_left_72_seed40108_local_scene_patch_drift,TypeM_v11_synthetic_visible,,False,missing_condition_prefix_video_path|missing_condition_poses|missing_condition_intrinsics|missing_winner_future_video_path|missing_loser_full_video_path,False,True,False,False,True
manifests/dpo_pair_factory_v11_ready_500_canonical.jsonl,196,v10_TypeM_036_v6_02226_collision_orbit_right_64_seed41226_local_temporal_jump,TypeM_v10_synthetic_visible,,False,missing_condition_prefix_video_path|missing_winner_full_video_path|missing_winner_future_video_path|missing_loser_full_video_path|missing_loser_future_video_path,False,False,False,False,False
manifests/dpo_pair_factory_v11_ready_500_canonical.jsonl,197,v11_SYN_0146_prefix5_anchored_3e28b01a2ca2ef_reobserve_mismatch_object_deformation_visible,TypeM_v11_synthetic_visible,,False,missing_condition_prefix_video_path|missing_condition_poses|missing_condition_intrinsics|missing_winner_full_video_path|missing_winner_future_video_path|missing_loser_full_video_path,False,False,False,False,True
manifests/dpo_pair_factory_v11_ready_500_canonical.jsonl,198,v11_SYN_0237_04228_containment_orbit_left_44_seed43228_object_duplicate_or_fragment,TypeM_v11_synthetic_visible,,False,missing_condition_prefix_video_path|missing_condition_poses|missing_condition_intrinsics|missing_winner_future_video_path|missing_loser_full_video_path,False,True,False,False,True
manifests/dpo_pair_factory_v11_ready_500_canonical.jsonl,199,v11_SYN_0448_01079_drop_orbit_left_72_seed40079_object_identity_color_shift,TypeM_v11_synthetic_visible,,False,missing_condition_prefix_video_path|missing_condition_poses|missing_condition_intrinsics|missing_winner_future_video_path|missing_loser_full_video_path,False,True,False,False,True
manifests/dpo_pair_factory_v11_ready_500_canonical.jsonl,200,v11_SYN_0461_01101_drop_orbit_left_72_seed40101_partial_freeze_foreground,TypeM_v11_synthetic_visible,,False,missing_condition_prefix_video_path|missing_condition_poses|missing_condition_intrinsics|missing_winner_future_video_path|missing_loser_full_video_path,False,True,False,False,True
manifests/dpo_pair_factory_v11_ready_500_canonical.jsonl,201,v11_SYN_EXTRA_0174_04252_containment_orbit_left_44_seed43252_reobserve_mismatch_visible,TypeM_v11_synthetic_visible,,False,missing_condition_prefix_video_path|missing_condition_poses|missing_condition_intrinsics|missing_winner_future_video_path|missing_loser_full_video_path,False,True,False,False,True
manifests/dpo_pair_factory_v11_ready_500_canonical.jsonl,202,v11_SYN_0565_03495_roll_orbit_right_60_seed42495_roll_event_fragment_synthetic,TypeM_v11_synthetic_visible,,False,missing_condition_prefix_video_path|missing_condition_poses|missing_condition_intrinsics|missing_winner_future_video_path|missing_loser_full_video_path,False,True,False,False,True
manifests/dpo_pair_factory_v11_ready_500_canonical.jsonl,203,v11_SYN_0474_01108_drop_orbit_left_72_seed40108_wrong_camera_motion_visible,TypeM_v11_synthetic_visible,,False,missing_condition_prefix_video_path|missing_condition_poses|missing_condition_intrinsics|missing_winner_future_video_path|missing_loser_full_video_path,False,True,False,False,True
manifests/dpo_pair_factory_v11_ready_500_canonical.jsonl,204,v11_SYN_0497_03413_roll_orbit_right_60_seed42413_background_drift_visible,TypeM_v11_synthetic_visible,,False,missing_condition_prefix_video_path|missing_condition_poses|missing_condition_intrinsics|missing_winner_future_video_path|missing_loser_full_video_path,False,True,False,False,True
manifests/dpo_pair_factory_v11_ready_500_canonical.jsonl,205,v11_SYN_0067_02286_collision_orbit_right_64_seed41286_collision_response_failure_synthetic,TypeM_v11_synthetic_visible,,False,missing_condition_prefix_video_path|missing_condition_poses|missing_condition_intrinsics|missing_winner_future_video_path|missing_loser_full_video_path,False,True,False,False,True
manifests/dpo_pair_factory_v11_ready_500_canonical.jsonl,206,v11_SYN_0271_04267_containment_orbit_left_44_seed43267_containment_failure_synthetic,TypeM_v11_synthetic_visible,,False,missing_condition_prefix_video_path|missing_condition_poses|missing_condition_intrinsics|missing_winner_future_video_path|missing_loser_full_video_path,False,True,False,False,True
manifests/dpo_pair_factory_v11_ready_500_canonical.jsonl,207,v11_SYN_0451_01086_drop_orbit_left_72_seed40086_drop_motion_failure_synthetic,TypeM_v11_synthetic_visible,,False,missing_condition_prefix_video_path|missing_condition_poses|missing_condition_intrinsics|missing_winner_future_video_path|missing_loser_full_video_path,False,True,False,False,True
manifests/dpo_pair_factory_v11_ready_500_canonical.jsonl,208,v10_TypeM_051_04342_containment_orbit_left_44_seed43342_foreground_identity_color_shift,TypeM_v10_synthetic_visible,,False,missing_condition_prefix_video_path|missing_winner_full_video_path|missing_winner_future_video_path|missing_loser_full_video_path|missing_loser_future_video_path,False,False,False,False,False
manifests/dpo_pair_factory_v11_ready_500_canonical.jsonl,209,v10_TypeM_054_04355_containment_orbit_left_44_seed43355_local_patch_drift,TypeM_v10_synthetic_visible,,False,missing_condition_prefix_video_path|missing_winner_full_video_path|missing_winner_future_video_path|missing_loser_full_video_path|missing_loser_future_video_path,False,False,False,False,False
manifests/dpo_pair_factory_v11_ready_500_canonical.jsonl,210,v10_TypeM_057_prefix5_anchored_1279c3b65a6d9e_object_identity_change_local_patch_freeze,TypeM_v10_synthetic_visible,,False,missing_condition_prefix_video_path|missing_winner_full_video_path|missing_winner_future_video_path|missing_loser_full_video_path|missing_loser_future_video_path,False,False,False,False,False
manifests/dpo_pair_factory_v11_ready_500_canonical.jsonl,211,v11_SYN_0016_02215_collision_strafe_left_180_seed41215_local_scene_patch_drift,TypeM_v11_synthetic_visible,,False,missing_condition_prefix_video_path|missing_condition_poses|missing_condition_intrinsics|missing_winner_future_video_path|missing_loser_full_video_path,False,True,False,False,True
manifests/dpo_pair_factory_v11_ready_500_canonical.jsonl,212,v10_TypeM_080_v6b_GT_C_001_01014_drop_orbit_left_72_seed40014_local_temporal_jump,TypeM_v10_synthetic_visible,,False,missing_condition_prefix_video_path|missing_winner_full_video_path|missing_winner_future_video_path|missing_loser_full_video_path|missing_loser_future_video_path,False,False,False,False,False
manifests/dpo_pair_factory_v11_ready_500_canonical.jsonl,213,v11_SYN_EXTRA_0102_prefix5_anchored_525c18bc4422f0_background_drift_object_deformation_visible,TypeM_v11_synthetic_visible,,False,missing_condition_prefix_video_path|missing_condition_poses|missing_condition_intrinsics|missing_winner_full_video_path|missing_winner_future_video_path|missing_loser_full_video_path,False,False,False,False,True
manifests/dpo_pair_factory_v11_ready_500_canonical.jsonl,214,v11_SYN_0255_04249_containment_orbit_left_44_seed43249_object_duplicate_or_fragment,TypeM_v11_synthetic_visible,,False,missing_condition_prefix_video_path|missing_condition_poses|missing_condition_intrinsics|missing_winner_future_video_path|missing_loser_full_video_path,False,True,False,False,True
manifests/dpo_pair_factory_v11_ready_500_canonical.jsonl,215,v11_SYN_0473_01108_drop_orbit_left_72_seed40108_partial_freeze_foreground,TypeM_v11_synthetic_visible,,False,missing_condition_prefix_video_path|missing_condition_poses|missing_condition_intrinsics|missing_winner_future_video_path|missing_loser_full_video_path,False,True,False,False,True
manifests/dpo_pair_factory_v11_ready_500_canonical.jsonl,216,v11_SYN_0266_04260_containment_orbit_left_44_seed43260_reobserve_mismatch_visible,TypeM_v11_synthetic_visible,,False,missing_condition_prefix_video_path|missing_condition_poses|missing_condition_intrinsics|missing_winner_future_video_path|missing_loser_full_video_path,False,True,False,False,True
manifests/dpo_pair_factory_v11_ready_500_canonical.jsonl,217,v11_SYN_0571_03505_roll_orbit_right_60_seed42505_roll_event_fragment_synthetic,TypeM_v11_synthetic_visible,,False,missing_condition_prefix_video_path|missing_condition_poses|missing_condition_intrinsics|missing_winner_future_video_path|missing_loser_full_video_path,False,True,False,False,True
manifests/dpo_pair_factory_v11_ready_500_canonical.jsonl,218,v11_SYN_0488_03410_roll_orbit_right_60_seed42410_wrong_camera_motion_visible,TypeM_v11_synthetic_visible,,False,missing_condition_prefix_video_path|missing_condition_poses|missing_condition_intrinsics|missing_winner_future_video_path|missing_loser_full_video_path,False,True,False,False,True
manifests/dpo_pair_factory_v11_ready_500_canonical.jsonl,219,v11_SYN_0503_03418_roll_orbit_right_60_seed42418_background_drift_visible,TypeM_v11_synthetic_visible,,False,missing_condition_prefix_video_path|missing_condition_poses|missing_condition_intrinsics|missing_winner_future_video_path|missing_loser_full_video_path,False,True,False,False,True
manifests/dpo_pair_factory_v11_ready_500_canonical.jsonl,220,v11_SYN_EXTRA_0045_02286_collision_orbit_right_64_seed41286_collision_response_failure_synthetic,TypeM_v11_synthetic_visible,,False,missing_condition_prefix_video_path|missing_condition_poses|missing_condition_intrinsics|missing_winner_future_video_path|missing_loser_full_video_path,False,True,False,False,True
manifests/dpo_pair_factory_v11_ready_500_canonical.jsonl,221,v11_SYN_EXTRA_0181_04267_containment_orbit_left_44_seed43267_containment_failure_synthetic,TypeM_v11_synthetic_visible,,False,missing_condition_prefix_video_path|missing_condition_poses|missing_condition_intrinsics|missing_winner_future_video_path|missing_loser_full_video_path,False,True,False,False,True
manifests/dpo_pair_factory_v11_ready_500_canonical.jsonl,222,v11_SYN_0457_01101_drop_orbit_left_72_seed40101_drop_motion_failure_synthetic,TypeM_v11_synthetic_visible,,False,missing_condition_prefix_video_path|missing_condition_poses|missing_condition_intrinsics|missing_winner_future_video_path|missing_loser_full_video_path,False,True,False,False,True
manifests/dpo_pair_factory_v11_ready_500_canonical.jsonl,223,v10_TypeM_055_04357_containment_orbit_left_44_seed43357_foreground_identity_color_shift,TypeM_v10_synthetic_visible,,False,missing_condition_prefix_video_path|missing_winner_full_video_path|missing_winner_future_video_path|missing_loser_full_video_path|missing_loser_future_video_path,False,False,False,False,False
manifests/dpo_pair_factory_v11_ready_500_canonical.jsonl,224,v10_TypeM_058_prefix5_anchored_29df7c5cf94c4b_reobserve_mismatch_local_patch_drift,TypeM_v10_synthetic_visible,,False,missing_condition_prefix_video_path|missing_winner_full_video_path|missing_winner_future_video_path|missing_loser_full_video_path|missing_loser_future_video_path,False,False,False,False,False
manifests/dpo_pair_factory_v11_ready_500_canonical.jsonl,225,v10_TypeM_061_prefix5_anchored_d86ae2fb1d25b2_freeze_foreground_local_patch_freeze,TypeM_v10_synthetic_visible,,False,missing_condition_prefix_video_path|missing_winner_full_video_path|missing_winner_future_video_path|missing_loser_full_video_path|missing_loser_future_video_path,False,False,False,False,False
manifests/dpo_pair_factory_v11_ready_500_canonical.jsonl,226,v11_SYN_0034_02228_collision_orbit_right_64_seed41228_local_scene_patch_drift,TypeM_v11_synthetic_visible,,False,missing_condition_prefix_video_path|missing_condition_poses|missing_condition_intrinsics|missing_winner_future_video_path|missing_loser_full_video_path,False,True,False,False,True
manifests/dpo_pair_factory_v11_ready_500_canonical.jsonl,227,v11_SYN_0194_v6_02200_collision_orbit_right_64_seed41200_object_deformation_visible,TypeM_v11_synthetic_visible,,False,missing_condition_prefix_video_path|missing_condition_poses|missing_condition_intrinsics|missing_winner_full_video_path|missing_winner_future_video_path|missing_loser_full_video_path,False,False,False,False,True
manifests/dpo_pair_factory_v11_ready_500_canonical.jsonl,228,v11_SYN_EXTRA_0171_04249_containment_orbit_left_44_seed43249_object_duplicate_or_fragment,TypeM_v11_synthetic_visible,,False,missing_condition_prefix_video_path|missing_condition_poses|missing_condition_intrinsics|missing_winner_future_video_path|missing_loser_full_video_path,False,True,False,False,True
manifests/dpo_pair_factory_v11_ready_500_canonical.jsonl,229,v11_SYN_0460_01101_drop_orbit_left_72_seed40101_object_identity_color_shift,TypeM_v11_synthetic_visible,,False,missing_condition_prefix_video_path|missing_condition_poses|missing_condition_intrinsics|missing_winner_future_video_path|missing_loser_full_video_path,False,True,False,False,True
manifests/dpo_pair_factory_v11_ready_500_canonical.jsonl,230,v11_SYN_0484_03409_roll_orbit_right_60_seed42409_partial_freeze_foreground,TypeM_v11_synthetic_visible,,False,missing_condition_prefix_video_path|missing_condition_poses|missing_condition_intrinsics|missing_winner_future_video_path|missing_loser_full_video_path,False,True,False,False,True
manifests/dpo_pair_factory_v11_ready_500_canonical.jsonl,231,v11_SYN_EXTRA_0178_04260_containment_orbit_left_44_seed43260_reobserve_mismatch_visible,TypeM_v11_synthetic_visible,,False,missing_condition_prefix_video_path|missing_condition_poses|missing_condition_intrinsics|missing_winner_future_video_path|missing_loser_full_video_path,False,True,False,False,True
manifests/dpo_pair_factory_v11_ready_500_canonical.jsonl,232,v11_SYN_0577_03533_roll_orbit_right_60_seed42533_roll_event_fragment_synthetic,TypeM_v11_synthetic_visible,,False,missing_condition_prefix_video_path|missing_condition_poses|missing_condition_intrinsics|missing_winner_future_video_path|missing_loser_full_video_path,False,True,False,False,True
manifests/dpo_pair_factory_v11_ready_500_canonical.jsonl,233,v11_SYN_0506_03435_roll_orbit_right_60_seed42435_wrong_camera_motion_visible,TypeM_v11_synthetic_visible,,False,missing_condition_prefix_video_path|missing_condition_poses|missing_condition_intrinsics|missing_winner_future_video_path|missing_loser_full_video_path,False,True,False,False,True
manifests/dpo_pair_factory_v11_ready_500_canonical.jsonl,234,v11_SYN_0509_03435_roll_orbit_right_60_seed42435_background_drift_visible,TypeM_v11_synthetic_visible,,False,missing_condition_prefix_video_path|missing_condition_poses|missing_condition_intrinsics|missing_winner_future_video_path|missing_loser_full_video_path,False,True,False,False,True
manifests/dpo_pair_factory_v11_ready_500_canonical.jsonl,235,v11_SYN_0073_02288_collision_orbit_right_64_seed41288_collision_response_failure_synthetic,TypeM_v11_synthetic_visible,,False,missing_condition_prefix_video_path|missing_condition_poses|missing_condition_intrinsics|missing_winner_future_video_path|missing_loser_full_video_path,False,True,False,False,True
manifests/dpo_pair_factory_v11_ready_500_canonical.jsonl,236,v11_SYN_0277_04279_containment_orbit_left_44_seed43279_containment_failure_synthetic,TypeM_v11_synthetic_visible,,False,missing_condition_prefix_video_path|missing_condition_poses|missing_condition_intrinsics|missing_winner_future_video_path|missing_loser_full_video_path,False,True,False,False,True
manifests/dpo_pair_factory_v11_ready_500_canonical.jsonl,237,v11_SYN_0463_01102_drop_orbit_left_72_seed40102_drop_motion_failure_synthetic,TypeM_v11_synthetic_visible,,False,missing_condition_prefix_video_path|missing_condition_poses|missing_condition_intrinsics|missing_winner_future_video_path|missing_loser_full_video_path,False,True,False,False,True
manifests/dpo_pair_factory_v11_ready_500_canonical.jsonl,238,v10_TypeM_023_prefix5_anchored_1128e39109fc83_object_deformation_foreground_identity_color_shift,TypeM_v10_synthetic_visible,,False,missing_condition_prefix_video_path|missing_winner_full_video_path|missing_winner_future_video_path|missing_loser_full_video_path|missing_loser_future_video_path,False,False,False,False,False
manifests/dpo_pair_factory_v11_ready_500_canonical.jsonl,239,v10_TypeM_026_prefix5_anchored_525c18bc4422f0_background_drift_local_patch_drift,TypeM_v10_synthetic_visible,,False,missing_condition_prefix_video_path|missing_winner_full_video_path|missing_winner_future_video_path|missing_loser_full_video_path|missing_loser_future_video_path,False,False,False,False,False
manifests/dpo_pair_factory_v11_ready_500_canonical.jsonl,240,v11_SYN_EXTRA_0024_02228_collision_orbit_right_64_seed41228_local_scene_patch_drift,TypeM_v11_synthetic_visible,,False,missing_condition_prefix_video_path|missing_condition_poses|missing_condition_intrinsics|missing_winner_future_video_path|missing_loser_full_video_path,False,True,False,False,True
manifests/dpo_pair_factory_v11_ready_500_canonical.jsonl,241,v11_SYN_0212_v6_02226_collision_orbit_right_64_seed41226_object_deformation_visible,TypeM_v11_synthetic_visible,,False,missing_condition_prefix_video_path|missing_condition_poses|missing_condition_intrinsics|missing_winner_full_video_path|missing_winner_future_video_path|missing_loser_full_video_path,False,False,False,False,True
manifests/dpo_pair_factory_v11_ready_500_canonical.jsonl,242,v11_SYN_0267_04260_containment_orbit_left_44_seed43260_object_duplicate_or_fragment,TypeM_v11_synthetic_visible,,False,missing_condition_prefix_video_path|missing_condition_poses|missing_condition_intrinsics|missing_winner_future_video_path|missing_loser_full_video_path,False,True,False,False,True
manifests/dpo_pair_factory_v11_ready_500_canonical.jsonl,243,v11_SYN_0466_01102_drop_orbit_left_72_seed40102_object_identity_color_shift,TypeM_v11_synthetic_visible,,False,missing_condition_prefix_video_path|missing_condition_poses|missing_condition_intrinsics|missing_winner_future_video_path|missing_loser_full_video_path,False,True,False,False,True
manifests/dpo_pair_factory_v11_ready_500_canonical.jsonl,244,v11_SYN_0490_03410_roll_orbit_right_60_seed42410_partial_freeze_foreground,TypeM_v11_synthetic_visible,,False,missing_condition_prefix_video_path|missing_condition_poses|missing_condition_intrinsics|missing_winner_future_video_path|missing_loser_full_video_path,False,True,False,False,True
manifests/dpo_pair_factory_v11_ready_500_canonical.jsonl,245,v11_SYN_0272_04267_containment_orbit_left_44_seed43267_reobserve_mismatch_visible,TypeM_v11_synthetic_visible,,False,missing_condition_prefix_video_path|missing_condition_poses|missing_condition_intrinsics|missing_winner_future_video_path|missing_loser_full_video_path,False,True,False,False,True
manifests/dpo_pair_factory_v11_ready_500_canonical.jsonl,246,v11_SYN_0583_03536_roll_orbit_right_60_seed42536_roll_event_fragment_synthetic,TypeM_v11_synthetic_visible,,False,missing_condition_prefix_video_path|missing_condition_poses|missing_condition_intrinsics|missing_winner_future_video_path|missing_loser_full_video_path,False,True,False,False,True
manifests/dpo_pair_factory_v11_ready_500_canonical.jsonl,247,v11_SYN_0512_03437_roll_orbit_right_60_seed42437_wrong_camera_motion_visible,TypeM_v11_synthetic_visible,,False,missing_condition_prefix_video_path|missing_condition_poses|missing_condition_intrinsics|missing_winner_future_video_path|missing_loser_full_video_path,False,True,False,False,True
manifests/dpo_pair_factory_v11_ready_500_canonical.jsonl,248,v11_SYN_0515_03437_roll_orbit_right_60_seed42437_background_drift_visible,TypeM_v11_synthetic_visible,,False,missing_condition_prefix_video_path|missing_condition_poses|missing_condition_intrinsics|missing_winner_future_video_path|missing_loser_full_video_path,False,True,False,False,True
manifests/dpo_pair_factory_v11_ready_500_canonical.jsonl,249,v11_SYN_EXTRA_0049_02288_collision_orbit_right_64_seed41288_collision_response_failure_synthetic,TypeM_v11_synthetic_visible,,False,missing_condition_prefix_video_path|missing_condition_poses|missing_condition_intrinsics|missing_winner_future_video_path|missing_loser_full_video_path,False,True,False,False,True
manifests/dpo_pair_factory_v11_ready_500_canonical.jsonl,250,v11_SYN_EXTRA_0185_04279_containment_orbit_left_44_seed43279_containment_failure_synthetic,TypeM_v11_synthetic_visible,,False,missing_condition_prefix_video_path|missing_condition_poses|missing_condition_intrinsics|missing_winner_future_video_path|missing_loser_full_video_path,False,True,False,False,True
manifests/dpo_pair_factory_v11_ready_500_canonical.jsonl,251,v11_SYN_0469_01108_drop_orbit_left_72_seed40108_drop_motion_failure_synthetic,TypeM_v11_synthetic_visible,,False,missing_condition_prefix_video_path|missing_condition_poses|missing_condition_intrinsics|missing_winner_future_video_path|missing_loser_full_video_path,False,True,False,False,True
manifests/dpo_pair_factory_v11_ready_500_canonical.jsonl,252,v10_TypeM_027_prefix5_anchored_7f708dfe212ad6_freeze_foreground_foreground_identity_color_shift,TypeM_v10_synthetic_visible,,False,missing_condition_prefix_video_path|missing_winner_full_video_path|missing_winner_future_video_path|missing_loser_full_video_path|missing_loser_future_video_path,False,False,False,False,False
manifests/dpo_pair_factory_v11_ready_500_canonical.jsonl,253,v10_TypeM_062_prefix5_anchored_dc458b2cf487d8_wrong_camera_motion_local_patch_drift,TypeM_v10_synthetic_visible,,False,missing_condition_prefix_video_path|missing_winner_full_video_path|missing_winner_future_video_path|missing_loser_full_video_path|missing_loser_future_video_path,False,False,False,False,False
manifests/dpo_pair_factory_v11_ready_500_canonical.jsonl,254,v11_SYN_EXTRA_0028_02239_collision_strafe_left_180_seed41239_local_scene_patch_drift,TypeM_v11_synthetic_visible,,False,missing_condition_prefix_video_path|missing_condition_poses|missing_condition_intrinsics|missing_winner_future_video_path|missing_loser_full_video_path,False,True,False,False,True
manifests/dpo_pair_factory_v11_ready_500_canonical.jsonl,255,v11_SYN_EXTRA_0187_04279_containment_orbit_left_44_seed43279_object_duplicate_or_fragment,TypeM_v11_synthetic_visible,,False,missing_condition_prefix_video_path|missing_condition_poses|missing_condition_intrinsics|missing_winner_future_video_path|missing_loser_full_video_path,False,True,False,False,True
manifests/dpo_pair_factory_v11_ready_500_canonical.jsonl,256,v11_SYN_0496_03413_roll_orbit_right_60_seed42413_partial_freeze_foreground,TypeM_v11_synthetic_visible,,False,missing_condition_prefix_video_path|missing_condition_poses|missing_condition_intrinsics|missing_winner_future_video_path|missing_loser_full_video_path,False,True,False,False,True
manifests/dpo_pair_factory_v11_ready_500_canonical.jsonl,257,v11_SYN_0278_04279_containment_orbit_left_44_seed43279_reobserve_mismatch_visible,TypeM_v11_synthetic_visible,,False,missing_condition_prefix_video_path|missing_condition_poses|missing_condition_intrinsics|missing_winner_future_video_path|missing_loser_full_video_path,False,True,False,False,True
manifests/dpo_pair_factory_v11_ready_500_canonical.jsonl,258,v11_SYN_0595_03544_roll_orbit_right_60_seed42544_roll_event_fragment_synthetic,TypeM_v11_synthetic_visible,,False,missing_condition_prefix_video_path|missing_condition_poses|missing_condition_intrinsics|missing_winner_future_video_path|missing_loser_full_video_path,False,True,False,False,True
manifests/dpo_pair_factory_v11_ready_500_canonical.jsonl,259,v11_SYN_0518_03440_roll_orbit_right_60_seed42440_wrong_camera_motion_visible,TypeM_v11_synthetic_visible,,False,missing_condition_prefix_video_path|missing_condition_poses|missing_condition_intrinsics|missing_winner_future_video_path|missing_loser_full_video_path,False,True,False,False,True
manifests/dpo_pair_factory_v11_ready_500_canonical.jsonl,260,v11_SYN_0521_03440_roll_orbit_right_60_seed42440_background_drift_visible,TypeM_v11_synthetic_visible,,False,missing_condition_prefix_video_path|missing_condition_poses|missing_condition_intrinsics|missing_winner_future_video_path|missing_loser_full_video_path,False,True,False,False,True
manifests/dpo_pair_factory_v11_ready_500_canonical.jsonl,261,v11_SYN_0079_02292_collision_orbit_right_64_seed41292_collision_response_failure_synthetic,TypeM_v11_synthetic_visible,,False,missing_condition_prefix_video_path|missing_condition_poses|missing_condition_intrinsics|missing_winner_future_video_path|missing_loser_full_video_path,False,True,False,False,True
manifests/dpo_pair_factory_v11_ready_500_canonical.jsonl,262,v11_SYN_0283_04280_containment_orbit_left_44_seed43280_containment_failure_synthetic,TypeM_v11_synthetic_visible,,False,missing_condition_prefix_video_path|missing_condition_poses|missing_condition_intrinsics|missing_winner_future_video_path|missing_loser_full_video_path,False,True,False,False,True
manifests/dpo_pair_factory_v11_ready_500_canonical.jsonl,263,v11_SYN_0475_v6b_GT_C_001_01014_drop_orbit_left_72_seed40014_drop_motion_failure_synthetic,TypeM_v11_synthetic_visible,,False,missing_condition_prefix_video_path|missing_condition_poses|missing_condition_intrinsics|missing_winner_future_video_path|missing_loser_full_video_path,False,True,False,False,True
manifests/dpo_pair_factory_v11_ready_500_canonical.jsonl,264,v10_TypeM_059_prefix5_anchored_95981b8f74bed0_background_drift_foreground_identity_color_shift,TypeM_v10_synthetic_visible,,False,missing_condition_prefix_video_path|missing_winner_full_video_path|missing_winner_future_video_path|missing_loser_full_video_path|missing_loser_future_video_path,False,False,False,False,False
manifests/dpo_pair_factory_v11_ready_500_canonical.jsonl,265,v11_SYN_0046_02259_collision_strafe_left_180_seed41259_local_scene_patch_drift,TypeM_v11_synthetic_visible,,False,missing_condition_prefix_video_path|missing_condition_poses|missing_condition_intrinsics|missing_winner_future_video_path|missing_loser_full_video_path,False,True,False,False,True
manifests/dpo_pair_factory_v11_ready_500_canonical.jsonl,266,v11_SYN_EXTRA_0095_prefix5_anchored_1ca3412d8f73c8_nonrigid_background_warp_object_duplicate_or_fragment,TypeM_v11_synthetic_visible,,False,missing_condition_prefix_video_path|missing_condition_poses|missing_condition_intrinsics|missing_winner_full_video_path|missing_winner_future_video_path|missing_loser_full_video_path,False,False,False,False,True
manifests/dpo_pair_factory_v11_ready_500_canonical.jsonl,267,v11_SYN_0018_02215_collision_strafe_left_180_seed41215_object_identity_color_shift,TypeM_v11_synthetic_visible,,False,missing_condition_prefix_video_path|missing_condition_poses|missing_condition_intrinsics|missing_winner_future_video_path|missing_loser_full_video_path,False,True,False,False,True
manifests/dpo_pair_factory_v11_ready_500_canonical.jsonl,268,v11_SYN_0502_03418_roll_orbit_right_60_seed42418_partial_freeze_foreground,TypeM_v11_synthetic_visible,,False,missing_condition_prefix_video_path|missing_condition_poses|missing_condition_intrinsics|missing_winner_future_video_path|missing_loser_full_video_path,False,True,False,False,True
manifests/dpo_pair_factory_v11_ready_500_canonical.jsonl,269,v11_SYN_EXTRA_0186_04279_containment_orbit_left_44_seed43279_reobserve_mismatch_visible,TypeM_v11_synthetic_visible,,False,missing_condition_prefix_video_path|missing_condition_poses|missing_condition_intrinsics|missing_winner_future_video_path|missing_loser_full_video_path,False,True,False,False,True
manifests/dpo_pair_factory_v11_ready_500_canonical.jsonl,270,v11_SYN_0536_03465_roll_orbit_right_60_seed42465_wrong_camera_motion_visible,TypeM_v11_synthetic_visible,,False,missing_condition_prefix_video_path|missing_condition_poses|missing_condition_intrinsics|missing_winner_future_video_path|missing_loser_full_video_path,False,True,False,False,True
manifests/dpo_pair_factory_v11_ready_500_canonical.jsonl,271,v11_SYN_0527_03442_roll_orbit_right_60_seed42442_background_drift_visible,TypeM_v11_synthetic_visible,,False,missing_condition_prefix_video_path|missing_condition_poses|missing_condition_intrinsics|missing_winner_future_video_path|missing_loser_full_video_path,False,True,False,False,True
manifests/dpo_pair_factory_v11_ready_500_canonical.jsonl,272,v11_SYN_EXTRA_0053_02292_collision_orbit_right_64_seed41292_collision_response_failure_synthetic,TypeM_v11_synthetic_visible,,False,missing_condition_prefix_video_path|missing_condition_poses|missing_condition_intrinsics|missing_winner_future_video_path|missing_loser_full_video_path,False,True,False,False,True
manifests/dpo_pair_factory_v11_ready_500_canonical.jsonl,273,v11_SYN_EXTRA_0189_04280_containment_orbit_left_44_seed43280_containment_failure_synthetic,TypeM_v11_synthetic_visible,,False,missing_condition_prefix_video_path|missing_condition_poses|missing_condition_intrinsics|missing_winner_future_video_path|missing_loser_full_video_path,False,True,False,False,True
manifests/dpo_pair_factory_v11_ready_500_canonical.jsonl,274,v10_TypeM_031_prefix5_anchored_ede413792fce8b_nonrigid_background_warp_foreground_identity_color_shift,TypeM_v10_synthetic_visible,,False,missing_condition_prefix_video_path|missing_winner_full_video_path|missing_winner_future_video_path|missing_loser_full_video_path|missing_loser_future_video_path,False,False,False,False,False
manifests/dpo_pair_factory_v11_ready_500_canonical.jsonl,275,v11_SYN_0058_02276_collision_orbit_right_64_seed41276_local_scene_patch_drift,TypeM_v11_synthetic_visible,,False,missing_condition_prefix_video_path|missing_condition_poses|missing_condition_intrinsics|missing_winner_future_video_path|missing_loser_full_video_path,False,True,False,False,True
manifests/dpo_pair_factory_v11_ready_500_canonical.jsonl,276,v11_SYN_EXTRA_0107_prefix5_anchored_7f708dfe212ad6_freeze_foreground_object_duplicate_or_fragment,TypeM_v11_synthetic_visible,,False,missing_condition_prefix_video_path|missing_condition_poses|missing_condition_intrinsics|missing_winner_full_video_path|missing_winner_future_video_path|missing_loser_full_video_path,False,False,False,False,True
manifests/dpo_pair_factory_v11_ready_500_canonical.jsonl,277,v11_SYN_0508_03435_roll_orbit_right_60_seed42435_partial_freeze_foreground,TypeM_v11_synthetic_visible,,False,missing_condition_prefix_video_path|missing_condition_poses|missing_condition_intrinsics|missing_winner_future_video_path|missing_loser_full_video_path,False,True,False,False,True
manifests/dpo_pair_factory_v11_ready_500_canonical.jsonl,278,v11_SYN_0284_04280_containment_orbit_left_44_seed43280_reobserve_mismatch_visible,TypeM_v11_synthetic_visible,,False,missing_condition_prefix_video_path|missing_condition_poses|missing_condition_intrinsics|missing_winner_future_video_path|missing_loser_full_video_path,False,True,False,False,True
manifests/dpo_pair_factory_v11_ready_500_canonical.jsonl,279,v11_SYN_0548_03477_roll_orbit_right_60_seed42477_wrong_camera_motion_visible,TypeM_v11_synthetic_visible,,False,missing_condition_prefix_video_path|missing_condition_poses|missing_condition_intrinsics|missing_winner_future_video_path|missing_loser_full_video_path,False,True,False,False,True
manifests/dpo_pair_factory_v11_ready_500_canonical.jsonl,280,v11_SYN_0533_03453_roll_orbit_right_60_seed42453_background_drift_visible,TypeM_v11_synthetic_visible,,False,missing_condition_prefix_video_path|missing_condition_poses|missing_condition_intrinsics|missing_winner_future_video_path|missing_loser_full_video_path,False,True,False,False,True
manifests/dpo_pair_factory_v11_ready_500_canonical.jsonl,281,v11_SYN_0085_02295_collision_strafe_left_180_seed41295_collision_response_failure_synthetic,TypeM_v11_synthetic_visible,,False,missing_condition_prefix_video_path|missing_condition_poses|missing_condition_intrinsics|missing_winner_future_video_path|missing_loser_full_video_path,False,True,False,False,True
manifests/dpo_pair_factory_v11_ready_500_canonical.jsonl,282,v11_SYN_0289_04302_containment_orbit_left_44_seed43302_containment_failure_synthetic,TypeM_v11_synthetic_visible,,False,missing_condition_prefix_video_path|missing_condition_poses|missing_condition_intrinsics|missing_winner_future_video_path|missing_loser_full_video_path,False,True,False,False,True
manifests/dpo_pair_factory_v11_ready_500_canonical.jsonl,283,v10_TypeM_035_v6_02222_collision_orbit_right_64_seed41222_foreground_identity_color_shift,TypeM_v10_synthetic_visible,,False,missing_condition_prefix_video_path|missing_winner_full_video_path|missing_winner_future_video_path|missing_loser_full_video_path|missing_loser_future_video_path,False,False,False,False,False
manifests/dpo_pair_factory_v11_ready_500_canonical.jsonl,284,v11_SYN_EXTRA_0135_v6_02202_collision_orbit_right_64_seed41202_object_duplicate_or_fragment,TypeM_v11_synthetic_visible,,False,missing_condition_prefix_video_path|missing_condition_poses|missing_condition_intrinsics|missing_winner_full_video_path|missing_winner_future_video_path|missing_loser_full_video_path,False,False,False,False,True
manifests/dpo_pair_factory_v11_ready_500_canonical.jsonl,285,v11_SYN_0042_02239_collision_strafe_left_180_seed41239_object_identity_color_shift,TypeM_v11_synthetic_visible,,False,missing_condition_prefix_video_path|missing_condition_poses|missing_condition_intrinsics|missing_winner_future_video_path|missing_loser_full_video_path,False,True,False,False,True
manifests/dpo_pair_factory_v11_ready_500_canonical.jsonl,286,v11_SYN_0520_03440_roll_orbit_right_60_seed42440_partial_freeze_foreground,TypeM_v11_synthetic_visible,,False,missing_condition_prefix_video_path|missing_condition_poses|missing_condition_intrinsics|missing_winner_future_video_path|missing_loser_full_video_path,False,True,False,False,True
manifests/dpo_pair_factory_v11_ready_500_canonical.jsonl,287,v11_SYN_EXTRA_0190_04280_containment_orbit_left_44_seed43280_reobserve_mismatch_visible,TypeM_v11_synthetic_visible,,False,missing_condition_prefix_video_path|missing_condition_poses|missing_condition_intrinsics|missing_winner_future_video_path|missing_loser_full_video_path,False,True,False,False,True
manifests/dpo_pair_factory_v11_ready_500_canonical.jsonl,288,v11_SYN_0560_03494_roll_orbit_right_60_seed42494_wrong_camera_motion_visible,TypeM_v11_synthetic_visible,,False,missing_condition_prefix_video_path|missing_condition_poses|missing_condition_intrinsics|missing_winner_future_video_path|missing_loser_full_video_path,False,True,False,False,True
manifests/dpo_pair_factory_v11_ready_500_canonical.jsonl,289,v11_SYN_0539_03465_roll_orbit_right_60_seed42465_background_drift_visible,TypeM_v11_synthetic_visible,,False,missing_condition_prefix_video_path|missing_condition_poses|missing_condition_intrinsics|missing_winner_future_video_path|missing_loser_full_video_path,False,True,False,False,True
manifests/dpo_pair_factory_v11_ready_500_canonical.jsonl,290,v11_SYN_EXTRA_0057_02295_collision_strafe_left_180_seed41295_collision_response_failure_synthetic,TypeM_v11_synthetic_visible,,False,missing_condition_prefix_video_path|missing_condition_poses|missing_condition_intrinsics|missing_winner_future_video_path|missing_loser_full_video_path,False,True,False,False,True
manifests/dpo_pair_factory_v11_ready_500_canonical.jsonl,291,v11_SYN_0295_04339_containment_orbit_left_44_seed43339_containment_failure_synthetic,TypeM_v11_synthetic_visible,,False,missing_condition_prefix_video_path|missing_condition_poses|missing_condition_intrinsics|missing_winner_future_video_path|missing_loser_full_video_path,False,True,False,False,True
manifests/dpo_pair_factory_v11_ready_500_canonical.jsonl,292,v10_TypeM_063_v6_04204_containment_orbit_left_44_seed43204_foreground_identity_color_shift,TypeM_v10_synthetic_visible,,False,missing_condition_prefix_video_path|missing_winner_full_video_path|missing_winner_future_video_path|missing_loser_full_video_path|missing_loser_future_video_path,False,False,False,False,False
manifests/dpo_pair_factory_v11_ready_500_canonical.jsonl,293,v11_SYN_0064_02284_collision_orbit_right_64_seed41284_local_scene_patch_drift,TypeM_v11_synthetic_visible,,False,missing_condition_prefix_video_path|missing_condition_poses|missing_condition_intrinsics|missing_winner_future_video_path|missing_loser_full_video_path,False,True,False,False,True
manifests/dpo_pair_factory_v11_ready_500_canonical.jsonl,294,v11_SYN_0048_02259_collision_strafe_left_180_seed41259_object_identity_color_shift,TypeM_v11_synthetic_visible,,False,missing_condition_prefix_video_path|missing_condition_poses|missing_condition_intrinsics|missing_winner_future_video_path|missing_loser_full_video_path,False,True,False,False,True
manifests/dpo_pair_factory_v11_ready_500_canonical.jsonl,295,v11_SYN_0526_03442_roll_orbit_right_60_seed42442_partial_freeze_foreground,TypeM_v11_synthetic_visible,,False,missing_condition_prefix_video_path|missing_condition_poses|missing_condition_intrinsics|missing_winner_future_video_path|missing_loser_full_video_path,False,True,False,False,True
manifests/dpo_pair_factory_v11_ready_500_canonical.jsonl,296,v11_SYN_0290_04302_containment_orbit_left_44_seed43302_reobserve_mismatch_visible,TypeM_v11_synthetic_visible,,False,missing_condition_prefix_video_path|missing_condition_poses|missing_condition_intrinsics|missing_winner_future_video_path|missing_loser_full_video_path,False,True,False,False,True
manifests/dpo_pair_factory_v11_ready_500_canonical.jsonl,297,v11_SYN_0566_03495_roll_orbit_right_60_seed42495_wrong_camera_motion_visible,TypeM_v11_synthetic_visible,,False,missing_condition_prefix_video_path|missing_condition_poses|missing_condition_intrinsics|missing_winner_future_video_path|missing_loser_full_video_path,False,True,False,False,True
manifests/dpo_pair_factory_v11_ready_500_canonical.jsonl,298,v11_SYN_0557_03484_roll_orbit_right_60_seed42484_background_drift_visible,TypeM_v11_synthetic_visible,,False,missing_condition_prefix_video_path|missing_condition_poses|missing_condition_intrinsics|missing_winner_future_video_path|missing_loser_full_video_path,False,True,False,False,True
manifests/dpo_pair_factory_v11_ready_500_canonical.jsonl,299,v11_SYN_0091_02327_collision_strafe_left_180_seed41327_collision_response_failure_synthetic,TypeM_v11_synthetic_visible,,False,missing_condition_prefix_video_path|missing_condition_poses|missing_condition_intrinsics|missing_winner_future_video_path|missing_loser_full_video_path,False,True,False,False,True
manifests/dpo_pair_factory_v11_ready_500_canonical.jsonl,300,v11_SYN_EXTRA_0197_04339_containment_orbit_left_44_seed43339_containment_failure_synthetic,TypeM_v11_synthetic_visible,,False,missing_condition_prefix_video_path|missing_condition_poses|missing_condition_intrinsics|missing_winner_future_video_path|missing_loser_full_video_path,False,True,False,False,True
manifests/dpo_pair_factory_v11_ready_500_canonical.jsonl,301,v11_SYN_0070_02286_collision_orbit_right_64_seed41286_local_scene_patch_drift,TypeM_v11_synthetic_visible,,False,missing_condition_prefix_video_path|missing_condition_poses|missing_condition_intrinsics|missing_winner_future_video_path|missing_loser_full_video_path,False,True,False,False,True
manifests/dpo_pair_factory_v11_ready_500_canonical.jsonl,302,v11_SYN_0054_02262_collision_orbit_right_64_seed41262_object_identity_color_shift,TypeM_v11_synthetic_visible,,False,missing_condition_prefix_video_path|missing_condition_poses|missing_condition_intrinsics|missing_winner_future_video_path|missing_loser_full_video_path,False,True,False,False,True
manifests/dpo_pair_factory_v11_ready_500_canonical.jsonl,303,v11_SYN_0538_03465_roll_orbit_right_60_seed42465_partial_freeze_foreground,TypeM_v11_synthetic_visible,,False,missing_condition_prefix_video_path|missing_condition_poses|missing_condition_intrinsics|missing_winner_future_video_path|missing_loser_full_video_path,False,True,False,False,True
manifests/dpo_pair_factory_v11_ready_500_canonical.jsonl,304,v11_SYN_EXTRA_0194_04302_containment_orbit_left_44_seed43302_reobserve_mismatch_visible,TypeM_v11_synthetic_visible,,False,missing_condition_prefix_video_path|missing_condition_poses|missing_condition_intrinsics|missing_winner_future_video_path|missing_loser_full_video_path,False,True,False,False,True
manifests/dpo_pair_factory_v11_ready_500_canonical.jsonl,305,v11_SYN_0572_03505_roll_orbit_right_60_seed42505_wrong_camera_motion_visible,TypeM_v11_synthetic_visible,,False,missing_condition_prefix_video_path|missing_condition_poses|missing_condition_intrinsics|missing_winner_future_video_path|missing_loser_full_video_path,False,True,False,False,True
manifests/dpo_pair_factory_v11_ready_500_canonical.jsonl,306,v11_SYN_0563_03494_roll_orbit_right_60_seed42494_background_drift_visible,TypeM_v11_synthetic_visible,,False,missing_condition_prefix_video_path|missing_condition_poses|missing_condition_intrinsics|missing_winner_future_video_path|missing_loser_full_video_path,False,True,False,False,True
manifests/dpo_pair_factory_v11_ready_500_canonical.jsonl,307,v11_SYN_EXTRA_0061_02327_collision_strafe_left_180_seed41327_collision_response_failure_synthetic,TypeM_v11_synthetic_visible,,False,missing_condition_prefix_video_path|missing_condition_poses|missing_condition_intrinsics|missing_winner_future_video_path|missing_loser_full_video_path,False,True,False,False,True
manifests/dpo_pair_factory_v11_ready_500_canonical.jsonl,308,v11_SYN_0301_04342_containment_orbit_left_44_seed43342_containment_failure_synthetic,TypeM_v11_synthetic_visible,,False,missing_condition_prefix_video_path|missing_condition_poses|missing_condition_intrinsics|missing_winner_future_video_path|missing_loser_full_video_path,False,True,False,False,True
manifests/dpo_pair_factory_v11_ready_500_canonical.jsonl,309,v11_SYN_EXTRA_0048_02286_collision_orbit_right_64_seed41286_local_scene_patch_drift,TypeM_v11_synthetic_visible,,False,missing_condition_prefix_video_path|missing_condition_poses|missing_condition_intrinsics|missing_winner_future_video_path|missing_loser_full_video_path,False,True,False,False,True
manifests/dpo_pair_factory_v11_ready_500_canonical.jsonl,310,v11_SYN_0544_03472_roll_orbit_right_60_seed42472_partial_freeze_foreground,TypeM_v11_synthetic_visible,,False,missing_condition_prefix_video_path|missing_condition_poses|missing_condition_intrinsics|missing_winner_future_video_path|missing_loser_full_video_path,False,True,False,False,True
manifests/dpo_pair_factory_v11_ready_500_canonical.jsonl,311,v11_SYN_EXTRA_0198_04339_containment_orbit_left_44_seed43339_reobserve_mismatch_visible,TypeM_v11_synthetic_visible,,False,missing_condition_prefix_video_path|missing_condition_poses|missing_condition_intrinsics|missing_winner_future_video_path|missing_loser_full_video_path,False,True,False,False,True
manifests/dpo_pair_factory_v11_ready_500_canonical.jsonl,312,v11_SYN_0578_03533_roll_orbit_right_60_seed42533_wrong_camera_motion_visible,TypeM_v11_synthetic_visible,,False,missing_condition_prefix_video_path|missing_condition_poses|missing_condition_intrinsics|missing_winner_future_video_path|missing_loser_full_video_path,False,True,False,False,True
manifests/dpo_pair_factory_v11_ready_500_canonical.jsonl,313,v11_SYN_0581_03533_roll_orbit_right_60_seed42533_background_drift_visible,TypeM_v11_synthetic_visible,,False,missing_condition_prefix_video_path|missing_condition_poses|missing_condition_intrinsics|missing_winner_future_video_path|missing_loser_full_video_path,False,True,False,False,True
manifests/dpo_pair_factory_v11_ready_500_canonical.jsonl,314,v11_SYN_0097_02328_collision_orbit_right_64_seed41328_collision_response_failure_synthetic,TypeM_v11_synthetic_visible,,False,missing_condition_prefix_video_path|missing_condition_poses|missing_condition_intrinsics|missing_winner_future_video_path|missing_loser_full_video_path,False,True,False,False,True
manifests/dpo_pair_factory_v11_ready_500_canonical.jsonl,315,v11_SYN_EXTRA_0201_04342_containment_orbit_left_44_seed43342_containment_failure_synthetic,TypeM_v11_synthetic_visible,,False,missing_condition_prefix_video_path|missing_condition_poses|missing_condition_intrinsics|missing_winner_future_video_path|missing_loser_full_video_path,False,True,False,False,True
manifests/dpo_pair_factory_v11_ready_500_canonical.jsonl,316,v11_SYN_0076_02288_collision_orbit_right_64_seed41288_local_scene_patch_drift,TypeM_v11_synthetic_visible,,False,missing_condition_prefix_video_path|missing_condition_poses|missing_condition_intrinsics|missing_winner_future_video_path|missing_loser_full_video_path,False,True,False,False,True
manifests/dpo_pair_factory_v11_ready_500_canonical.jsonl,317,v11_SYN_0066_02284_collision_orbit_right_64_seed41284_object_identity_color_shift,TypeM_v11_synthetic_visible,,False,missing_condition_prefix_video_path|missing_condition_poses|missing_condition_intrinsics|missing_winner_future_video_path|missing_loser_full_video_path,False,True,False,False,True
manifests/dpo_pair_factory_v11_ready_500_canonical.jsonl,318,v11_SYN_0550_03477_roll_orbit_right_60_seed42477_partial_freeze_foreground,TypeM_v11_synthetic_visible,,False,missing_condition_prefix_video_path|missing_condition_poses|missing_condition_intrinsics|missing_winner_future_video_path|missing_loser_full_video_path,False,True,False,False,True
manifests/dpo_pair_factory_v11_ready_500_canonical.jsonl,319,v11_SYN_0302_04342_containment_orbit_left_44_seed43342_reobserve_mismatch_visible,TypeM_v11_synthetic_visible,,False,missing_condition_prefix_video_path|missing_condition_poses|missing_condition_intrinsics|missing_winner_future_video_path|missing_loser_full_video_path,False,True,False,False,True
manifests/dpo_pair_factory_v11_ready_500_canonical.jsonl,320,v11_SYN_0584_03536_roll_orbit_right_60_seed42536_wrong_camera_motion_visible,TypeM_v11_synthetic_visible,,False,missing_condition_prefix_video_path|missing_condition_poses|missing_condition_intrinsics|missing_winner_future_video_path|missing_loser_full_video_path,False,True,False,False,True
manifests/dpo_pair_factory_v11_ready_500_canonical.jsonl,321,v11_SYN_0587_03536_roll_orbit_right_60_seed42536_background_drift_visible,TypeM_v11_synthetic_visible,,False,missing_condition_prefix_video_path|missing_condition_poses|missing_condition_intrinsics|missing_winner_future_video_path|missing_loser_full_video_path,False,True,False,False,True
manifests/dpo_pair_factory_v11_ready_500_canonical.jsonl,322,v11_SYN_EXTRA_0065_02328_collision_orbit_right_64_seed41328_collision_response_failure_synthetic,TypeM_v11_synthetic_visible,,False,missing_condition_prefix_video_path|missing_condition_poses|missing_condition_intrinsics|missing_winner_future_video_path|missing_loser_full_video_path,False,True,False,False,True
manifests/dpo_pair_factory_v11_ready_500_canonical.jsonl,323,v11_SYN_0307_04346_containment_orbit_left_44_seed43346_containment_failure_synthetic,TypeM_v11_synthetic_visible,,False,missing_condition_prefix_video_path|missing_condition_poses|missing_condition_intrinsics|missing_winner_future_video_path|missing_loser_full_video_path,False,True,False,False,True
manifests/dpo_pair_factory_v11_ready_500_canonical.jsonl,324,v11_SYN_EXTRA_0052_02288_collision_orbit_right_64_seed41288_local_scene_patch_drift,TypeM_v11_synthetic_visible,,False,missing_condition_prefix_video_path|missing_condition_poses|missing_condition_intrinsics|missing_winner_future_video_path|missing_loser_full_video_path,False,True,False,False,True
manifests/dpo_pair_factory_v11_ready_500_canonical.jsonl,325,v11_SYN_0072_02286_collision_orbit_right_64_seed41286_object_identity_color_shift,TypeM_v11_synthetic_visible,,False,missing_condition_prefix_video_path|missing_condition_poses|missing_condition_intrinsics|missing_winner_future_video_path|missing_loser_full_video_path,False,True,False,False,True
manifests/dpo_pair_factory_v11_ready_500_canonical.jsonl,326,v11_SYN_0556_03484_roll_orbit_right_60_seed42484_partial_freeze_foreground,TypeM_v11_synthetic_visible,,False,missing_condition_prefix_video_path|missing_condition_poses|missing_condition_intrinsics|missing_winner_future_video_path|missing_loser_full_video_path,False,True,False,False,True
manifests/dpo_pair_factory_v11_ready_500_canonical.jsonl,327,v11_SYN_EXTRA_0202_04342_containment_orbit_left_44_seed43342_reobserve_mismatch_visible,TypeM_v11_synthetic_visible,,False,missing_condition_prefix_video_path|missing_condition_poses|missing_condition_intrinsics|missing_winner_future_video_path|missing_loser_full_video_path,False,True,False,False,True
manifests/dpo_pair_factory_v11_ready_500_canonical.jsonl,328,v11_SYN_0596_03544_roll_orbit_right_60_seed42544_wrong_camera_motion_visible,TypeM_v11_synthetic_visible,,False,missing_condition_prefix_video_path|missing_condition_poses|missing_condition_intrinsics|missing_winner_future_video_path|missing_loser_full_video_path,False,True,False,False,True
manifests/dpo_pair_factory_v11_ready_500_canonical.jsonl,329,v11_SYN_0593_03542_roll_orbit_right_60_seed42542_background_drift_visible,TypeM_v11_synthetic_visible,,False,missing_condition_prefix_video_path|missing_condition_poses|missing_condition_intrinsics|missing_winner_future_video_path|missing_loser_full_video_path,False,True,False,False,True
manifests/dpo_pair_factory_v11_ready_500_canonical.jsonl,330,v11_SYN_0103_02353_collision_strafe_left_180_seed41353_collision_response_failure_synthetic,TypeM_v11_synthetic_visible,,False,missing_condition_prefix_video_path|missing_condition_poses|missing_condition_intrinsics|missing_winner_future_video_path|missing_loser_full_video_path,False,True,False,False,True
manifests/dpo_pair_factory_v11_ready_500_canonical.jsonl,331,v11_SYN_EXTRA_0205_04346_containment_orbit_left_44_seed43346_containment_failure_synthetic,TypeM_v11_synthetic_visible,,False,missing_condition_prefix_video_path|missing_condition_poses|missing_condition_intrinsics|missing_winner_future_video_path|missing_loser_full_video_path,False,True,False,False,True
manifests/dpo_pair_factory_v11_ready_500_canonical.jsonl,332,v11_SYN_EXTRA_0056_02292_collision_orbit_right_64_seed41292_local_scene_patch_drift,TypeM_v11_synthetic_visible,,False,missing_condition_prefix_video_path|missing_condition_poses|missing_condition_intrinsics|missing_winner_future_video_path|missing_loser_full_video_path,False,True,False,False,True
manifests/dpo_pair_factory_v11_ready_500_canonical.jsonl,333,v11_SYN_0078_02288_collision_orbit_right_64_seed41288_object_identity_color_shift,TypeM_v11_synthetic_visible,,False,missing_condition_prefix_video_path|missing_condition_poses|missing_condition_intrinsics|missing_winner_future_video_path|missing_loser_full_video_path,False,True,False,False,True
manifests/dpo_pair_factory_v11_ready_500_canonical.jsonl,334,v11_SYN_0562_03494_roll_orbit_right_60_seed42494_partial_freeze_foreground,TypeM_v11_synthetic_visible,,False,missing_condition_prefix_video_path|missing_condition_poses|missing_condition_intrinsics|missing_winner_future_video_path|missing_loser_full_video_path,False,True,False,False,True
manifests/dpo_pair_factory_v11_ready_500_canonical.jsonl,335,v11_SYN_0308_04346_containment_orbit_left_44_seed43346_reobserve_mismatch_visible,TypeM_v11_synthetic_visible,,False,missing_condition_prefix_video_path|missing_condition_poses|missing_condition_intrinsics|missing_winner_future_video_path|missing_loser_full_video_path,False,True,False,False,True
manifests/dpo_pair_factory_v11_ready_500_canonical.jsonl,336,v11_SYN_0480_v6b_GT_C_001_01014_drop_orbit_left_72_seed40014_wrong_camera_motion_visible,TypeM_v11_synthetic_visible,,False,missing_condition_prefix_video_path|missing_condition_poses|missing_condition_intrinsics|missing_winner_future_video_path|missing_loser_full_video_path,False,True,False,False,True
manifests/dpo_pair_factory_v11_ready_500_canonical.jsonl,337,v11_SYN_0029_02226_collision_orbit_right_64_seed41226_background_drift_visible,TypeM_v11_synthetic_visible,,False,missing_condition_prefix_video_path|missing_condition_poses|missing_condition_intrinsics|missing_winner_full_video_path|missing_winner_future_video_path|missing_loser_full_video_path,False,False,False,False,True
manifests/dpo_pair_factory_v11_ready_500_canonical.jsonl,338,v11_SYN_EXTRA_0069_02353_collision_strafe_left_180_seed41353_collision_response_failure_synthetic,TypeM_v11_synthetic_visible,,False,missing_condition_prefix_video_path|missing_condition_poses|missing_condition_intrinsics|missing_winner_future_video_path|missing_loser_full_video_path,False,True,False,False,True
manifests/dpo_pair_factory_v11_ready_500_canonical.jsonl,339,v11_SYN_0313_04351_containment_orbit_left_44_seed43351_containment_failure_synthetic,TypeM_v11_synthetic_visible,,False,missing_condition_prefix_video_path|missing_condition_poses|missing_condition_intrinsics|missing_winner_future_video_path|missing_loser_full_video_path,False,True,False,False,True
manifests/dpo_pair_factory_v11_ready_500_canonical.jsonl,340,v11_SYN_0088_02295_collision_strafe_left_180_seed41295_local_scene_patch_drift,TypeM_v11_synthetic_visible,,False,missing_condition_prefix_video_path|missing_condition_poses|missing_condition_intrinsics|missing_winner_future_video_path|missing_loser_full_video_path,False,True,False,False,True
manifests/dpo_pair_factory_v11_ready_500_canonical.jsonl,341,v11_SYN_0084_02292_collision_orbit_right_64_seed41292_object_identity_color_shift,TypeM_v11_synthetic_visible,,False,missing_condition_prefix_video_path|missing_condition_poses|missing_condition_intrinsics|missing_winner_future_video_path|missing_loser_full_video_path,False,True,False,False,True
manifests/dpo_pair_factory_v11_ready_500_canonical.jsonl,342,v11_SYN_0568_03495_roll_orbit_right_60_seed42495_partial_freeze_foreground,TypeM_v11_synthetic_visible,,False,missing_condition_prefix_video_path|missing_condition_poses|missing_condition_intrinsics|missing_winner_future_video_path|missing_loser_full_video_path,False,True,False,False,True
manifests/dpo_pair_factory_v11_ready_500_canonical.jsonl,343,v11_SYN_EXTRA_0206_04346_containment_orbit_left_44_seed43346_reobserve_mismatch_visible,TypeM_v11_synthetic_visible,,False,missing_condition_prefix_video_path|missing_condition_poses|missing_condition_intrinsics|missing_winner_future_video_path|missing_loser_full_video_path,False,True,False,False,True
manifests/dpo_pair_factory_v11_ready_500_canonical.jsonl,344,v11_SYN_0011_02202_collision_orbit_right_64_seed41202_background_drift_visible,TypeM_v11_synthetic_visible,,False,missing_condition_prefix_video_path|missing_condition_poses|missing_condition_intrinsics|missing_winner_full_video_path|missing_winner_future_video_path|missing_loser_full_video_path,False,False,False,False,True
manifests/dpo_pair_factory_v11_ready_500_canonical.jsonl,345,v11_SYN_0109_02360_collision_orbit_right_64_seed41360_collision_response_failure_synthetic,TypeM_v11_synthetic_visible,,False,missing_condition_prefix_video_path|missing_condition_poses|missing_condition_intrinsics|missing_winner_future_video_path|missing_loser_full_video_path,False,True,False,False,True
manifests/dpo_pair_factory_v11_ready_500_canonical.jsonl,346,v11_SYN_EXTRA_0209_04351_containment_orbit_left_44_seed43351_containment_failure_synthetic,TypeM_v11_synthetic_visible,,False,missing_condition_prefix_video_path|missing_condition_poses|missing_condition_intrinsics|missing_winner_future_video_path|missing_loser_full_video_path,False,True,False,False,True
manifests/dpo_pair_factory_v11_ready_500_canonical.jsonl,347,v11_SYN_0094_02327_collision_strafe_left_180_seed41327_local_scene_patch_drift,TypeM_v11_synthetic_visible,,False,missing_condition_prefix_video_path|missing_condition_poses|missing_condition_intrinsics|missing_winner_future_video_path|missing_loser_full_video_path,False,True,False,False,True
manifests/dpo_pair_factory_v11_ready_500_canonical.jsonl,348,v11_SYN_0090_02295_collision_strafe_left_180_seed41295_object_identity_color_shift,TypeM_v11_synthetic_visible,,False,missing_condition_prefix_video_path|missing_condition_poses|missing_condition_intrinsics|missing_winner_future_video_path|missing_loser_full_video_path,False,True,False,False,True
manifests/dpo_pair_factory_v11_ready_500_canonical.jsonl,349,v11_SYN_0574_03505_roll_orbit_right_60_seed42505_partial_freeze_foreground,TypeM_v11_synthetic_visible,,False,missing_condition_prefix_video_path|missing_condition_poses|missing_condition_intrinsics|missing_winner_future_video_path|missing_loser_full_video_path,False,True,False,False,True
manifests/dpo_pair_factory_v11_ready_500_canonical.jsonl,350,v11_SYN_0314_04351_containment_orbit_left_44_seed43351_reobserve_mismatch_visible,TypeM_v11_synthetic_visible,,False,missing_condition_prefix_video_path|missing_condition_poses|missing_condition_intrinsics|missing_winner_future_video_path|missing_loser_full_video_path,False,True,False,False,True
manifests/dpo_pair_factory_v11_ready_500_canonical.jsonl,351,v11_SYN_0005_02200_collision_orbit_right_64_seed41200_background_drift_visible,TypeM_v11_synthetic_visible,,False,missing_condition_prefix_video_path|missing_condition_poses|missing_condition_intrinsics|missing_winner_full_video_path|missing_winner_future_video_path|missing_loser_full_video_path,False,False,False,False,True
manifests/dpo_pair_factory_v11_ready_500_canonical.jsonl,352,v11_SYN_EXTRA_0073_02360_collision_orbit_right_64_seed41360_collision_response_failure_synthetic,TypeM_v11_synthetic_visible,,False,missing_condition_prefix_video_path|missing_condition_poses|missing_condition_intrinsics|missing_winner_future_video_path|missing_loser_full_video_path,False,True,False,False,True
manifests/dpo_pair_factory_v11_ready_500_canonical.jsonl,353,v11_SYN_0319_04355_containment_orbit_left_44_seed43355_containment_failure_synthetic,TypeM_v11_synthetic_visible,,False,missing_condition_prefix_video_path|missing_condition_poses|missing_condition_intrinsics|missing_winner_future_video_path|missing_loser_full_video_path,False,True,False,False,True
manifests/dpo_pair_factory_v11_ready_500_canonical.jsonl,354,v11_SYN_EXTRA_0064_02327_collision_strafe_left_180_seed41327_local_scene_patch_drift,TypeM_v11_synthetic_visible,,False,missing_condition_prefix_video_path|missing_condition_poses|missing_condition_intrinsics|missing_winner_future_video_path|missing_loser_full_video_path,False,True,False,False,True
manifests/dpo_pair_factory_v11_ready_500_canonical.jsonl,355,v11_SYN_0580_03533_roll_orbit_right_60_seed42533_partial_freeze_foreground,TypeM_v11_synthetic_visible,,False,missing_condition_prefix_video_path|missing_condition_poses|missing_condition_intrinsics|missing_winner_future_video_path|missing_loser_full_video_path,False,True,False,False,True
manifests/dpo_pair_factory_v11_ready_500_canonical.jsonl,356,v11_SYN_EXTRA_0210_04351_containment_orbit_left_44_seed43351_reobserve_mismatch_visible,TypeM_v11_synthetic_visible,,False,missing_condition_prefix_video_path|missing_condition_poses|missing_condition_intrinsics|missing_winner_future_video_path|missing_loser_full_video_path,False,True,False,False,True
manifests/dpo_pair_factory_v11_ready_500_canonical.jsonl,357,v11_SYN_0137_prefix5_anchored_1128e39109fc83_object_deformation_background_drift_visible,TypeM_v11_synthetic_visible,,False,missing_condition_prefix_video_path|missing_condition_poses|missing_condition_intrinsics|missing_winner_full_video_path|missing_winner_future_video_path|missing_loser_full_video_path,False,False,False,False,True
manifests/dpo_pair_factory_v11_ready_500_canonical.jsonl,358,v11_SYN_EXTRA_0077_02366_collision_orbit_right_64_seed41366_collision_response_failure_synthetic,TypeM_v11_synthetic_visible,,False,missing_condition_prefix_video_path|missing_condition_poses|missing_condition_intrinsics|missing_winner_future_video_path|missing_loser_full_video_path,False,True,False,False,True
manifests/dpo_pair_factory_v11_ready_500_canonical.jsonl,359,v11_SYN_EXTRA_0213_04355_containment_orbit_left_44_seed43355_containment_failure_synthetic,TypeM_v11_synthetic_visible,,False,missing_condition_prefix_video_path|missing_condition_poses|missing_condition_intrinsics|missing_winner_future_video_path|missing_loser_full_video_path,False,True,False,False,True
manifests/dpo_pair_factory_v11_ready_500_canonical.jsonl,360,v11_SYN_0100_02328_collision_orbit_right_64_seed41328_local_scene_patch_drift,TypeM_v11_synthetic_visible,,False,missing_condition_prefix_video_path|missing_condition_poses|missing_condition_intrinsics|missing_winner_future_video_path|missing_loser_full_video_path,False,True,False,False,True
manifests/dpo_pair_factory_v11_ready_500_canonical.jsonl,361,v11_SYN_0108_02353_collision_strafe_left_180_seed41353_object_identity_color_shift,TypeM_v11_synthetic_visible,,False,missing_condition_prefix_video_path|missing_condition_poses|missing_condition_intrinsics|missing_winner_future_video_path|missing_loser_full_video_path,False,True,False,False,True
manifests/dpo_pair_factory_v11_ready_500_canonical.jsonl,362,v11_SYN_0227_04209_containment_orbit_left_44_seed43209_partial_freeze_foreground,TypeM_v11_synthetic_visible,,False,missing_condition_prefix_video_path|missing_condition_poses|missing_condition_intrinsics|missing_winner_future_video_path|missing_loser_full_video_path,False,True,False,False,True
manifests/dpo_pair_factory_v11_ready_500_canonical.jsonl,363,v11_SYN_0320_04355_containment_orbit_left_44_seed43355_reobserve_mismatch_visible,TypeM_v11_synthetic_visible,,False,missing_condition_prefix_video_path|missing_condition_poses|missing_condition_intrinsics|missing_winner_future_video_path|missing_loser_full_video_path,False,True,False,False,True
manifests/dpo_pair_factory_v11_ready_500_canonical.jsonl,364,v11_SYN_0149_prefix5_anchored_3e28b01a2ca2ef_reobserve_mismatch_background_drift_visible,TypeM_v11_synthetic_visible,,False,missing_condition_prefix_video_path|missing_condition_poses|missing_condition_intrinsics|missing_winner_full_video_path|missing_winner_future_video_path|missing_loser_full_video_path,False,False,False,False,True
manifests/dpo_pair_factory_v11_ready_500_canonical.jsonl,365,v11_SYN_0121_02378_collision_orbit_right_64_seed41378_collision_response_failure_synthetic,TypeM_v11_synthetic_visible,,False,missing_condition_prefix_video_path|missing_condition_poses|missing_condition_intrinsics|missing_winner_future_video_path|missing_loser_full_video_path,False,True,False,False,True
manifests/dpo_pair_factory_v11_ready_500_canonical.jsonl,366,v11_SYN_0325_04357_containment_orbit_left_44_seed43357_containment_failure_synthetic,TypeM_v11_synthetic_visible,,False,missing_condition_prefix_video_path|missing_condition_poses|missing_condition_intrinsics|missing_winner_future_video_path|missing_loser_full_video_path,False,True,False,False,True
manifests/dpo_pair_factory_v11_ready_500_canonical.jsonl,367,v11_SYN_EXTRA_0068_02328_collision_orbit_right_64_seed41328_local_scene_patch_drift,TypeM_v11_synthetic_visible,,False,missing_condition_prefix_video_path|missing_condition_poses|missing_condition_intrinsics|missing_winner_future_video_path|missing_loser_full_video_path,False,True,False,False,True
manifests/dpo_pair_factory_v11_ready_500_canonical.jsonl,368,v11_SYN_0114_02360_collision_orbit_right_64_seed41360_object_identity_color_shift,TypeM_v11_synthetic_visible,,False,missing_condition_prefix_video_path|missing_condition_poses|missing_condition_intrinsics|missing_winner_future_video_path|missing_loser_full_video_path,False,True,False,False,True
manifests/dpo_pair_factory_v11_ready_500_canonical.jsonl,369,v11_SYN_0233_04214_containment_orbit_left_44_seed43214_partial_freeze_foreground,TypeM_v11_synthetic_visible,,False,missing_condition_prefix_video_path|missing_condition_poses|missing_condition_intrinsics|missing_winner_future_video_path|missing_loser_full_video_path,False,True,False,False,True
manifests/dpo_pair_factory_v11_ready_500_canonical.jsonl,370,v11_SYN_EXTRA_0214_04355_containment_orbit_left_44_seed43355_reobserve_mismatch_visible,TypeM_v11_synthetic_visible,,False,missing_condition_prefix_video_path|missing_condition_poses|missing_condition_intrinsics|missing_winner_future_video_path|missing_loser_full_video_path,False,True,False,False,True
manifests/dpo_pair_factory_v11_ready_500_canonical.jsonl,371,v11_SYN_0155_prefix5_anchored_525c18bc4422f0_background_drift_background_drift_visible,TypeM_v11_synthetic_visible,,False,missing_condition_prefix_video_path|missing_condition_poses|missing_condition_intrinsics|missing_winner_full_video_path|missing_winner_future_video_path|missing_loser_full_video_path,False,False,False,False,True
manifests/dpo_pair_factory_v11_ready_500_canonical.jsonl,372,v11_SYN_EXTRA_0081_02378_collision_orbit_right_64_seed41378_collision_response_failure_synthetic,TypeM_v11_synthetic_visible,,False,missing_condition_prefix_video_path|missing_condition_poses|missing_condition_intrinsics|missing_winner_future_video_path|missing_loser_full_video_path,False,True,False,False,True
manifests/dpo_pair_factory_v11_ready_500_canonical.jsonl,373,v11_SYN_EXTRA_0217_04357_containment_orbit_left_44_seed43357_containment_failure_synthetic,TypeM_v11_synthetic_visible,,False,missing_condition_prefix_video_path|missing_condition_poses|missing_condition_intrinsics|missing_winner_future_video_path|missing_loser_full_video_path,False,True,False,False,True
manifests/dpo_pair_factory_v11_ready_500_canonical.jsonl,374,v11_SYN_0106_02353_collision_strafe_left_180_seed41353_local_scene_patch_drift,TypeM_v11_synthetic_visible,,False,missing_condition_prefix_video_path|missing_condition_poses|missing_condition_intrinsics|missing_winner_future_video_path|missing_loser_full_video_path,False,True,False,False,True
manifests/dpo_pair_factory_v11_ready_500_canonical.jsonl,375,v11_SYN_0120_02366_collision_orbit_right_64_seed41366_object_identity_color_shift,TypeM_v11_synthetic_visible,,False,missing_condition_prefix_video_path|missing_condition_poses|missing_condition_intrinsics|missing_winner_future_video_path|missing_loser_full_video_path,False,True,False,False,True
manifests/dpo_pair_factory_v11_ready_500_canonical.jsonl,376,v11_SYN_0326_04357_containment_orbit_left_44_seed43357_reobserve_mismatch_visible,TypeM_v11_synthetic_visible,,False,missing_condition_prefix_video_path|missing_condition_poses|missing_condition_intrinsics|missing_winner_future_video_path|missing_loser_full_video_path,False,True,False,False,True
manifests/dpo_pair_factory_v11_ready_500_canonical.jsonl,377,v11_SYN_0167_prefix5_anchored_b53591379e11c1_object_deformation_background_drift_visible,TypeM_v11_synthetic_visible,,False,missing_condition_prefix_video_path|missing_condition_poses|missing_condition_intrinsics|missing_winner_full_video_path|missing_winner_future_video_path|missing_loser_full_video_path,False,False,False,False,True
manifests/dpo_pair_factory_v11_ready_500_canonical.jsonl,378,v11_SYN_0127_02384_collision_orbit_right_64_seed41384_collision_response_failure_synthetic,TypeM_v11_synthetic_visible,,False,missing_condition_prefix_video_path|missing_condition_poses|missing_condition_intrinsics|missing_winner_future_video_path|missing_loser_full_video_path,False,True,False,False,True
manifests/dpo_pair_factory_v11_ready_500_canonical.jsonl,379,v11_SYN_0331_04358_containment_orbit_left_44_seed43358_containment_failure_synthetic,TypeM_v11_synthetic_visible,,False,missing_condition_prefix_video_path|missing_condition_poses|missing_condition_intrinsics|missing_winner_future_video_path|missing_loser_full_video_path,False,True,False,False,True
manifests/dpo_pair_factory_v11_ready_500_canonical.jsonl,380,v11_SYN_0126_02378_collision_orbit_right_64_seed41378_object_identity_color_shift,TypeM_v11_synthetic_visible,,False,missing_condition_prefix_video_path|missing_condition_poses|missing_condition_intrinsics|missing_winner_future_video_path|missing_loser_full_video_path,False,True,False,False,True
manifests/dpo_pair_factory_v11_ready_500_canonical.jsonl,381,v11_SYN_0251_04248_containment_orbit_left_44_seed43248_partial_freeze_foreground,TypeM_v11_synthetic_visible,,False,missing_condition_prefix_video_path|missing_condition_poses|missing_condition_intrinsics|missing_winner_future_video_path|missing_loser_full_video_path,False,True,False,False,True
manifests/dpo_pair_factory_v11_ready_500_canonical.jsonl,382,v11_SYN_EXTRA_0218_04357_containment_orbit_left_44_seed43357_reobserve_mismatch_visible,TypeM_v11_synthetic_visible,,False,missing_condition_prefix_video_path|missing_condition_poses|missing_condition_intrinsics|missing_winner_future_video_path|missing_loser_full_video_path,False,True,False,False,True
manifests/dpo_pair_factory_v11_ready_500_canonical.jsonl,383,v11_SYN_0173_prefix5_anchored_e78653865b3413_wrong_camera_motion_background_drift_visible,TypeM_v11_synthetic_visible,,False,missing_condition_prefix_video_path|missing_condition_poses|missing_condition_intrinsics|missing_winner_full_video_path|missing_winner_future_video_path|missing_loser_full_video_path,False,False,False,False,True
manifests/dpo_pair_factory_v11_ready_500_canonical.jsonl,384,v11_SYN_EXTRA_0085_02384_collision_orbit_right_64_seed41384_collision_response_failure_synthetic,TypeM_v11_synthetic_visible,,False,missing_condition_prefix_video_path|missing_condition_poses|missing_condition_intrinsics|missing_winner_future_video_path|missing_loser_full_video_path,False,True,False,False,True
manifests/dpo_pair_factory_v11_ready_500_canonical.jsonl,385,v11_SYN_EXTRA_0221_04358_containment_orbit_left_44_seed43358_containment_failure_synthetic,TypeM_v11_synthetic_visible,,False,missing_condition_prefix_video_path|missing_condition_poses|missing_condition_intrinsics|missing_winner_future_video_path|missing_loser_full_video_path,False,True,False,False,True
manifests/dpo_pair_factory_v11_ready_500_canonical.jsonl,386,v11_SYN_0118_02366_collision_orbit_right_64_seed41366_local_scene_patch_drift,TypeM_v11_synthetic_visible,,False,missing_condition_prefix_video_path|missing_condition_poses|missing_condition_intrinsics|missing_winner_future_video_path|missing_loser_full_video_path,False,True,False,False,True
manifests/dpo_pair_factory_v11_ready_500_canonical.jsonl,387,v11_SYN_0132_02384_collision_orbit_right_64_seed41384_object_identity_color_shift,TypeM_v11_synthetic_visible,,False,missing_condition_prefix_video_path|missing_condition_poses|missing_condition_intrinsics|missing_winner_future_video_path|missing_loser_full_video_path,False,True,False,False,True
manifests/dpo_pair_factory_v11_ready_500_canonical.jsonl,388,v11_SYN_0332_04358_containment_orbit_left_44_seed43358_reobserve_mismatch_visible,TypeM_v11_synthetic_visible,,False,missing_condition_prefix_video_path|missing_condition_poses|missing_condition_intrinsics|missing_winner_future_video_path|missing_loser_full_video_path,False,True,False,False,True
manifests/dpo_pair_factory_v11_ready_500_canonical.jsonl,389,v11_SYN_0191_prefix5_anchored_ff65f1ae3e7ca8_background_drift_background_drift_visible,TypeM_v11_synthetic_visible,,False,missing_condition_prefix_video_path|missing_condition_poses|missing_condition_intrinsics|missing_winner_full_video_path|missing_winner_future_video_path|missing_loser_full_video_path,False,False,False,False,True
manifests/dpo_pair_factory_v11_ready_500_canonical.jsonl,390,v11_SYN_0019_02222_collision_orbit_right_64_seed41222_collision_response_failure_synthetic,TypeM_v11_synthetic_visible,,False,missing_condition_prefix_video_path|missing_condition_poses|missing_condition_intrinsics|missing_winner_full_video_path|missing_winner_future_video_path|missing_loser_full_video_path,False,False,False,False,True
manifests/dpo_pair_factory_v11_ready_500_canonical.jsonl,391,v11_SYN_0217_04204_containment_orbit_left_44_seed43204_containment_failure_synthetic,TypeM_v11_synthetic_visible,,False,missing_condition_prefix_video_path|missing_condition_poses|missing_condition_intrinsics|missing_winner_full_video_path|missing_winner_future_video_path|missing_loser_full_video_path,False,False,False,False,True
manifests/dpo_pair_factory_v11_ready_500_canonical.jsonl,392,v11_SYN_EXTRA_0080_02366_collision_orbit_right_64_seed41366_local_scene_patch_drift,TypeM_v11_synthetic_visible,,False,missing_condition_prefix_video_path|missing_condition_poses|missing_condition_intrinsics|missing_winner_future_video_path|missing_loser_full_video_path,False,True,False,False,True
manifests/dpo_pair_factory_v11_ready_500_canonical.jsonl,393,v11_SYN_0486_03409_roll_orbit_right_60_seed42409_object_identity_color_shift,TypeM_v11_synthetic_visible,,False,missing_condition_prefix_video_path|missing_condition_poses|missing_condition_intrinsics|missing_winner_future_video_path|missing_loser_full_video_path,False,True,False,False,True
manifests/dpo_pair_factory_v11_ready_500_canonical.jsonl,394,v11_SYN_0263_04252_containment_orbit_left_44_seed43252_partial_freeze_foreground,TypeM_v11_synthetic_visible,,False,missing_condition_prefix_video_path|missing_condition_poses|missing_condition_intrinsics|missing_winner_future_video_path|missing_loser_full_video_path,False,True,False,False,True
manifests/dpo_pair_factory_v11_ready_500_canonical.jsonl,395,v11_SYN_EXTRA_0222_04358_containment_orbit_left_44_seed43358_reobserve_mismatch_visible,TypeM_v11_synthetic_visible,,False,missing_condition_prefix_video_path|missing_condition_poses|missing_condition_intrinsics|missing_winner_future_video_path|missing_loser_full_video_path,False,True,False,False,True
manifests/dpo_pair_factory_v11_ready_500_canonical.jsonl,396,v11_SYN_0197_v6_02200_collision_orbit_right_64_seed41200_background_drift_visible,TypeM_v11_synthetic_visible,,False,missing_condition_prefix_video_path|missing_condition_poses|missing_condition_intrinsics|missing_winner_full_video_path|missing_winner_future_video_path|missing_loser_full_video_path,False,False,False,False,True
manifests/dpo_pair_factory_v11_ready_500_canonical.jsonl,397,v11_SYN_EXTRA_0013_02222_collision_orbit_right_64_seed41222_collision_response_failure_synthetic,TypeM_v11_synthetic_visible,,False,missing_condition_prefix_video_path|missing_condition_poses|missing_condition_intrinsics|missing_winner_full_video_path|missing_winner_future_video_path|missing_loser_full_video_path,False,False,False,False,True
manifests/dpo_pair_factory_v11_ready_500_canonical.jsonl,398,v11_SYN_EXTRA_0145_04204_containment_orbit_left_44_seed43204_containment_failure_synthetic,TypeM_v11_synthetic_visible,,False,missing_condition_prefix_video_path|missing_condition_poses|missing_condition_intrinsics|missing_winner_full_video_path|missing_winner_future_video_path|missing_loser_full_video_path,False,False,False,False,True
manifests/dpo_pair_factory_v11_ready_500_canonical.jsonl,399,v11_SYN_0124_02378_collision_orbit_right_64_seed41378_local_scene_patch_drift,TypeM_v11_synthetic_visible,,False,missing_condition_prefix_video_path|missing_condition_poses|missing_condition_intrinsics|missing_winner_future_video_path|missing_loser_full_video_path,False,True,False,False,True
manifests/dpo_pair_factory_v11_ready_500_canonical.jsonl,400,v11_SYN_0492_03410_roll_orbit_right_60_seed42410_object_identity_color_shift,TypeM_v11_synthetic_visible,,False,missing_condition_prefix_video_path|missing_condition_poses|missing_condition_intrinsics|missing_winner_future_video_path|missing_loser_full_video_path,False,True,False,False,True
manifests/dpo_pair_factory_v11_ready_500_canonical.jsonl,401,v11_SYN_0218_04204_containment_orbit_left_44_seed43204_reobserve_mismatch_visible,TypeM_v11_synthetic_visible,,False,missing_condition_prefix_video_path|missing_condition_poses|missing_condition_intrinsics|missing_winner_full_video_path|missing_winner_future_video_path|missing_loser_full_video_path,False,False,False,False,True
manifests/dpo_pair_factory_v11_ready_500_canonical.jsonl,402,v11_SYN_0209_v6_02222_collision_orbit_right_64_seed41222_background_drift_visible,TypeM_v11_synthetic_visible,,False,missing_condition_prefix_video_path|missing_condition_poses|missing_condition_intrinsics|missing_winner_full_video_path|missing_winner_future_video_path|missing_loser_full_video_path,False,False,False,False,True
manifests/dpo_pair_factory_v11_ready_500_canonical.jsonl,403,v11_SYN_0025_02226_collision_orbit_right_64_seed41226_collision_response_failure_synthetic,TypeM_v11_synthetic_visible,,False,missing_condition_prefix_video_path|missing_condition_poses|missing_condition_intrinsics|missing_winner_full_video_path|missing_winner_future_video_path|missing_loser_full_video_path,False,False,False,False,True
manifests/dpo_pair_factory_v11_ready_500_canonical.jsonl,404,v11_SYN_0337_prefix5_anchored_1279c3b65a6d9e_object_identity_change_containment_failure_synthetic,TypeM_v11_synthetic_visible,,False,missing_condition_prefix_video_path|missing_condition_poses|missing_condition_intrinsics|missing_winner_full_video_path|missing_winner_future_video_path|missing_loser_full_video_path,False,False,False,False,True
manifests/dpo_pair_factory_v11_ready_500_canonical.jsonl,405,v11_SYN_0130_02384_collision_orbit_right_64_seed41384_local_scene_patch_drift,TypeM_v11_synthetic_visible,,False,missing_condition_prefix_video_path|missing_condition_poses|missing_condition_intrinsics|missing_winner_future_video_path|missing_loser_full_video_path,False,True,False,False,True
manifests/dpo_pair_factory_v11_ready_500_canonical.jsonl,406,v11_SYN_0498_03413_roll_orbit_right_60_seed42413_object_identity_color_shift,TypeM_v11_synthetic_visible,,False,missing_condition_prefix_video_path|missing_condition_poses|missing_condition_intrinsics|missing_winner_future_video_path|missing_loser_full_video_path,False,True,False,False,True
manifests/dpo_pair_factory_v11_ready_500_canonical.jsonl,407,v11_SYN_0275_04267_containment_orbit_left_44_seed43267_partial_freeze_foreground,TypeM_v11_synthetic_visible,,False,missing_condition_prefix_video_path|missing_condition_poses|missing_condition_intrinsics|missing_winner_future_video_path|missing_loser_full_video_path,False,True,False,False,True
manifests/dpo_pair_factory_v11_ready_500_canonical.jsonl,408,v11_SYN_EXTRA_0146_04204_containment_orbit_left_44_seed43204_reobserve_mismatch_visible,TypeM_v11_synthetic_visible,,False,missing_condition_prefix_video_path|missing_condition_poses|missing_condition_intrinsics|missing_winner_full_video_path|missing_winner_future_video_path|missing_loser_full_video_path,False,False,False,False,True
manifests/dpo_pair_factory_v11_ready_500_canonical.jsonl,409,v11_SYN_0007_02202_collision_orbit_right_64_seed41202_collision_response_failure_synthetic,TypeM_v11_synthetic_visible,,False,missing_condition_prefix_video_path|missing_condition_poses|missing_condition_intrinsics|missing_winner_full_video_path|missing_winner_future_video_path|missing_loser_full_video_path,False,False,False,False,True
manifests/dpo_pair_factory_v11_ready_500_canonical.jsonl,410,v11_SYN_EXTRA_0225_prefix5_anchored_1279c3b65a6d9e_object_identity_change_containment_failure_synthetic,TypeM_v11_synthetic_visible,,False,missing_condition_prefix_video_path|missing_condition_poses|missing_condition_intrinsics|missing_winner_full_video_path|missing_winner_future_video_path|missing_loser_full_video_path,False,False,False,False,True
manifests/dpo_pair_factory_v11_ready_500_canonical.jsonl,411,v11_SYN_0504_03418_roll_orbit_right_60_seed42418_object_identity_color_shift,TypeM_v11_synthetic_visible,,False,missing_condition_prefix_video_path|missing_condition_poses|missing_condition_intrinsics|missing_winner_future_video_path|missing_loser_full_video_path,False,True,False,False,True
manifests/dpo_pair_factory_v11_ready_500_canonical.jsonl,412,v11_SYN_0338_prefix5_anchored_1279c3b65a6d9e_object_identity_change_reobserve_mismatch_visible,TypeM_v11_synthetic_visible,,False,missing_condition_prefix_video_path|missing_condition_poses|missing_condition_intrinsics|missing_winner_full_video_path|missing_winner_future_video_path|missing_loser_full_video_path,False,False,False,False,True
manifests/dpo_pair_factory_v11_ready_500_canonical.jsonl,413,v11_SYN_EXTRA_0005_02202_collision_orbit_right_64_seed41202_collision_response_failure_synthetic,TypeM_v11_synthetic_visible,,False,missing_condition_prefix_video_path|missing_condition_poses|missing_condition_intrinsics|missing_winner_full_video_path|missing_winner_future_video_path|missing_loser_full_video_path,False,False,False,False,True
manifests/dpo_pair_factory_v11_ready_500_canonical.jsonl,414,v11_SYN_0343_prefix5_anchored_29df7c5cf94c4b_reobserve_mismatch_containment_failure_synthetic,TypeM_v11_synthetic_visible,,False,missing_condition_prefix_video_path|missing_condition_poses|missing_condition_intrinsics|missing_winner_full_video_path|missing_winner_future_video_path|missing_loser_full_video_path,False,False,False,False,True
manifests/dpo_pair_factory_v11_ready_500_canonical.jsonl,415,v11_SYN_0226_04209_containment_orbit_left_44_seed43209_local_scene_patch_drift,TypeM_v11_synthetic_visible,,False,missing_condition_prefix_video_path|missing_condition_poses|missing_condition_intrinsics|missing_winner_future_video_path|missing_loser_full_video_path,False,True,False,False,True
manifests/dpo_pair_factory_v11_ready_500_canonical.jsonl,416,v11_SYN_0510_03435_roll_orbit_right_60_seed42435_object_identity_color_shift,TypeM_v11_synthetic_visible,,False,missing_condition_prefix_video_path|missing_condition_poses|missing_condition_intrinsics|missing_winner_future_video_path|missing_loser_full_video_path,False,True,False,False,True
manifests/dpo_pair_factory_v11_ready_500_canonical.jsonl,417,v11_SYN_0287_04280_containment_orbit_left_44_seed43280_partial_freeze_foreground,TypeM_v11_synthetic_visible,,False,missing_condition_prefix_video_path|missing_condition_poses|missing_condition_intrinsics|missing_winner_future_video_path|missing_loser_full_video_path,False,True,False,False,True
manifests/dpo_pair_factory_v11_ready_500_canonical.jsonl,418,v11_SYN_EXTRA_0230_prefix5_anchored_29df7c5cf94c4b_reobserve_mismatch_reobserve_mismatch_visible,TypeM_v11_synthetic_visible,,False,missing_condition_prefix_video_path|missing_condition_poses|missing_condition_intrinsics|missing_winner_full_video_path|missing_winner_future_video_path|missing_loser_full_video_path,False,False,False,False,True
manifests/dpo_pair_factory_v11_ready_500_canonical.jsonl,419,v11_SYN_0001_02200_collision_orbit_right_64_seed41200_collision_response_failure_synthetic,TypeM_v11_synthetic_visible,,False,missing_condition_prefix_video_path|missing_condition_poses|missing_condition_intrinsics|missing_winner_full_video_path|missing_winner_future_video_path|missing_loser_full_video_path,False,False,False,False,True
manifests/dpo_pair_factory_v11_ready_500_canonical.jsonl,420,v11_SYN_EXTRA_0229_prefix5_anchored_29df7c5cf94c4b_reobserve_mismatch_containment_failure_synthetic,TypeM_v11_synthetic_visible,,False,missing_condition_prefix_video_path|missing_condition_poses|missing_condition_intrinsics|missing_winner_full_video_path|missing_winner_future_video_path|missing_loser_full_video_path,False,False,False,False,True
manifests/dpo_pair_factory_v11_ready_500_canonical.jsonl,421,v11_SYN_0516_03437_roll_orbit_right_60_seed42437_object_identity_color_shift,TypeM_v11_synthetic_visible,,False,missing_condition_prefix_video_path|missing_condition_poses|missing_condition_intrinsics|missing_winner_future_video_path|missing_loser_full_video_path,False,True,False,False,True
manifests/dpo_pair_factory_v11_ready_500_canonical.jsonl,422,v11_SYN_0293_04302_containment_orbit_left_44_seed43302_partial_freeze_foreground,TypeM_v11_synthetic_visible,,False,missing_condition_prefix_video_path|missing_condition_poses|missing_condition_intrinsics|missing_winner_future_video_path|missing_loser_full_video_path,False,True,False,False,True
manifests/dpo_pair_factory_v11_ready_500_canonical.jsonl,423,v11_SYN_EXTRA_0234_prefix5_anchored_95981b8f74bed0_background_drift_reobserve_mismatch_visible,TypeM_v11_synthetic_visible,,False,missing_condition_prefix_video_path|missing_condition_poses|missing_condition_intrinsics|missing_winner_full_video_path|missing_winner_future_video_path|missing_loser_full_video_path,False,False,False,False,True
manifests/dpo_pair_factory_v11_ready_500_canonical.jsonl,424,v11_SYN_0133_prefix5_anchored_1128e39109fc83_object_deformation_collision_response_failure_synthetic,TypeM_v11_synthetic_visible,,False,missing_condition_prefix_video_path|missing_condition_poses|missing_condition_intrinsics|missing_winner_full_video_path|missing_winner_future_video_path|missing_loser_full_video_path,False,False,False,False,True
manifests/dpo_pair_factory_v11_ready_500_canonical.jsonl,425,v11_SYN_0349_prefix5_anchored_95981b8f74bed0_background_drift_containment_failure_synthetic,TypeM_v11_synthetic_visible,,False,missing_condition_prefix_video_path|missing_condition_poses|missing_condition_intrinsics|missing_winner_full_video_path|missing_winner_future_video_path|missing_loser_full_video_path,False,False,False,False,True
manifests/dpo_pair_factory_v11_ready_500_canonical.jsonl,426,v11_SYN_0232_04214_containment_orbit_left_44_seed43214_local_scene_patch_drift,TypeM_v11_synthetic_visible,,False,missing_condition_prefix_video_path|missing_condition_poses|missing_condition_intrinsics|missing_winner_future_video_path|missing_loser_full_video_path,False,True,False,False,True
manifests/dpo_pair_factory_v11_ready_500_canonical.jsonl,427,v11_SYN_0528_03442_roll_orbit_right_60_seed42442_object_identity_color_shift,TypeM_v11_synthetic_visible,,False,missing_condition_prefix_video_path|missing_condition_poses|missing_condition_intrinsics|missing_winner_future_video_path|missing_loser_full_video_path,False,True,False,False,True
manifests/dpo_pair_factory_v11_ready_500_canonical.jsonl,428,v11_SYN_0299_04339_containment_orbit_left_44_seed43339_partial_freeze_foreground,TypeM_v11_synthetic_visible,,False,missing_condition_prefix_video_path|missing_condition_poses|missing_condition_intrinsics|missing_winner_future_video_path|missing_loser_full_video_path,False,True,False,False,True
manifests/dpo_pair_factory_v11_ready_500_canonical.jsonl,429,v11_SYN_0356_prefix5_anchored_d744c2d6f264ba_object_deformation_reobserve_mismatch_visible,TypeM_v11_synthetic_visible,,False,missing_condition_prefix_video_path|missing_condition_poses|missing_condition_intrinsics|missing_winner_full_video_path|missing_winner_future_video_path|missing_loser_full_video_path,False,False,False,False,True
manifests/dpo_pair_factory_v11_ready_500_canonical.jsonl,430,v11_SYN_EXTRA_0089_prefix5_anchored_1128e39109fc83_object_deformation_collision_response_failure_synthetic,TypeM_v11_synthetic_visible,,False,missing_condition_prefix_video_path|missing_condition_poses|missing_condition_intrinsics|missing_winner_full_video_path|missing_winner_future_video_path|missing_loser_full_video_path,False,False,False,False,True
manifests/dpo_pair_factory_v11_ready_500_canonical.jsonl,431,v11_SYN_EXTRA_0233_prefix5_anchored_95981b8f74bed0_background_drift_containment_failure_synthetic,TypeM_v11_synthetic_visible,,False,missing_condition_prefix_video_path|missing_condition_poses|missing_condition_intrinsics|missing_winner_full_video_path|missing_winner_future_video_path|missing_loser_full_video_path,False,False,False,False,True
manifests/dpo_pair_factory_v11_ready_500_canonical.jsonl,432,v11_SYN_0534_03453_roll_orbit_right_60_seed42453_object_identity_color_shift,TypeM_v11_synthetic_visible,,False,missing_condition_prefix_video_path|missing_condition_poses|missing_condition_intrinsics|missing_winner_future_video_path|missing_loser_full_video_path,False,True,False,False,True
manifests/dpo_pair_factory_v11_ready_500_canonical.jsonl,433,v11_SYN_0305_04342_containment_orbit_left_44_seed43342_partial_freeze_foreground,TypeM_v11_synthetic_visible,,False,missing_condition_prefix_video_path|missing_condition_poses|missing_condition_intrinsics|missing_winner_future_video_path|missing_loser_full_video_path,False,True,False,False,True
manifests/dpo_pair_factory_v11_ready_500_canonical.jsonl,434,v11_SYN_EXTRA_0238_prefix5_anchored_d744c2d6f264ba_object_deformation_reobserve_mismatch_visible,TypeM_v11_synthetic_visible,,False,missing_condition_prefix_video_path|missing_condition_poses|missing_condition_intrinsics|missing_winner_full_video_path|missing_winner_future_video_path|missing_loser_full_video_path,False,False,False,False,True
manifests/dpo_pair_factory_v11_ready_500_canonical.jsonl,435,v11_SYN_0139_prefix5_anchored_1ca3412d8f73c8_nonrigid_background_warp_collision_response_failure_synthetic,TypeM_v11_synthetic_visible,,False,missing_condition_prefix_video_path|missing_condition_poses|missing_condition_intrinsics|missing_winner_full_video_path|missing_winner_future_video_path|missing_loser_full_video_path,False,False,False,False,True
manifests/dpo_pair_factory_v11_ready_500_canonical.jsonl,436,v11_SYN_0355_prefix5_anchored_d744c2d6f264ba_object_deformation_containment_failure_synthetic,TypeM_v11_synthetic_visible,,False,missing_condition_prefix_video_path|missing_condition_poses|missing_condition_intrinsics|missing_winner_full_video_path|missing_winner_future_video_path|missing_loser_full_video_path,False,False,False,False,True
manifests/dpo_pair_factory_v11_ready_500_canonical.jsonl,437,v11_SYN_0540_03465_roll_orbit_right_60_seed42465_object_identity_color_shift,TypeM_v11_synthetic_visible,,False,missing_condition_prefix_video_path|missing_condition_poses|missing_condition_intrinsics|missing_winner_future_video_path|missing_loser_full_video_path,False,True,False,False,True
manifests/dpo_pair_factory_v11_ready_500_canonical.jsonl,438,v11_SYN_0311_04346_containment_orbit_left_44_seed43346_partial_freeze_foreground,TypeM_v11_synthetic_visible,,False,missing_condition_prefix_video_path|missing_condition_poses|missing_condition_intrinsics|missing_winner_future_video_path|missing_loser_full_video_path,False,True,False,False,True
manifests/dpo_pair_factory_v11_ready_500_canonical.jsonl,439,v11_SYN_0362_prefix5_anchored_d86ae2fb1d25b2_freeze_foreground_reobserve_mismatch_visible,TypeM_v11_synthetic_visible,,False,missing_condition_prefix_video_path|missing_condition_poses|missing_condition_intrinsics|missing_winner_full_video_path|missing_winner_future_video_path|missing_loser_full_video_path,False,False,False,False,True
manifests/dpo_pair_factory_v11_ready_500_canonical.jsonl,440,v11_SYN_EXTRA_0093_prefix5_anchored_1ca3412d8f73c8_nonrigid_background_warp_collision_response_failure_synthetic,TypeM_v11_synthetic_visible,,False,missing_condition_prefix_video_path|missing_condition_poses|missing_condition_intrinsics|missing_winner_full_video_path|missing_winner_future_video_path|missing_loser_full_video_path,False,False,False,False,True
manifests/dpo_pair_factory_v11_ready_500_canonical.jsonl,441,v11_SYN_EXTRA_0237_prefix5_anchored_d744c2d6f264ba_object_deformation_containment_failure_synthetic,TypeM_v11_synthetic_visible,,False,missing_condition_prefix_video_path|missing_condition_poses|missing_condition_intrinsics|missing_winner_full_video_path|missing_winner_future_video_path|missing_loser_full_video_path,False,False,False,False,True
manifests/dpo_pair_factory_v11_ready_500_canonical.jsonl,442,v11_SYN_0546_03472_roll_orbit_right_60_seed42472_object_identity_color_shift,TypeM_v11_synthetic_visible,,False,missing_condition_prefix_video_path|missing_condition_poses|missing_condition_intrinsics|missing_winner_future_video_path|missing_loser_full_video_path,False,True,False,False,True
manifests/dpo_pair_factory_v11_ready_500_canonical.jsonl,443,v11_SYN_0317_04351_containment_orbit_left_44_seed43351_partial_freeze_foreground,TypeM_v11_synthetic_visible,,False,missing_condition_prefix_video_path|missing_condition_poses|missing_condition_intrinsics|missing_winner_future_video_path|missing_loser_full_video_path,False,True,False,False,True
manifests/dpo_pair_factory_v11_ready_500_canonical.jsonl,444,v11_SYN_EXTRA_0242_prefix5_anchored_d86ae2fb1d25b2_freeze_foreground_reobserve_mismatch_visible,TypeM_v11_synthetic_visible,,False,missing_condition_prefix_video_path|missing_condition_poses|missing_condition_intrinsics|missing_winner_full_video_path|missing_winner_future_video_path|missing_loser_full_video_path,False,False,False,False,True
manifests/dpo_pair_factory_v11_ready_500_canonical.jsonl,445,v11_SYN_0151_prefix5_anchored_525c18bc4422f0_background_drift_collision_response_failure_synthetic,TypeM_v11_synthetic_visible,,False,missing_condition_prefix_video_path|missing_condition_poses|missing_condition_intrinsics|missing_winner_full_video_path|missing_winner_future_video_path|missing_loser_full_video_path,False,False,False,False,True
manifests/dpo_pair_factory_v11_ready_500_canonical.jsonl,446,v11_SYN_0361_prefix5_anchored_d86ae2fb1d25b2_freeze_foreground_containment_failure_synthetic,TypeM_v11_synthetic_visible,,False,missing_condition_prefix_video_path|missing_condition_poses|missing_condition_intrinsics|missing_winner_full_video_path|missing_winner_future_video_path|missing_loser_full_video_path,False,False,False,False,True
manifests/dpo_pair_factory_v11_ready_500_canonical.jsonl,447,v11_SYN_EXTRA_0164_04236_containment_orbit_left_44_seed43236_local_scene_patch_drift,TypeM_v11_synthetic_visible,,False,missing_condition_prefix_video_path|missing_condition_poses|missing_condition_intrinsics|missing_winner_future_video_path|missing_loser_full_video_path,False,True,False,False,True
manifests/dpo_pair_factory_v11_ready_500_canonical.jsonl,448,v11_SYN_0552_03477_roll_orbit_right_60_seed42477_object_identity_color_shift,TypeM_v11_synthetic_visible,,False,missing_condition_prefix_video_path|missing_condition_poses|missing_condition_intrinsics|missing_winner_future_video_path|missing_loser_full_video_path,False,True,False,False,True
manifests/dpo_pair_factory_v11_ready_500_canonical.jsonl,449,v11_SYN_0323_04355_containment_orbit_left_44_seed43355_partial_freeze_foreground,TypeM_v11_synthetic_visible,,False,missing_condition_prefix_video_path|missing_condition_poses|missing_condition_intrinsics|missing_winner_future_video_path|missing_loser_full_video_path,False,True,False,False,True
manifests/dpo_pair_factory_v11_ready_500_canonical.jsonl,450,v11_SYN_0368_prefix5_anchored_dc458b2cf487d8_wrong_camera_motion_reobserve_mismatch_visible,TypeM_v11_synthetic_visible,,False,missing_condition_prefix_video_path|missing_condition_poses|missing_condition_intrinsics|missing_winner_full_video_path|missing_winner_future_video_path|missing_loser_full_video_path,False,False,False,False,True
manifests/dpo_pair_factory_v11_ready_500_canonical.jsonl,451,v11_SYN_0157_prefix5_anchored_7f708dfe212ad6_freeze_foreground_collision_response_failure_synthetic,TypeM_v11_synthetic_visible,,False,missing_condition_prefix_video_path|missing_condition_poses|missing_condition_intrinsics|missing_winner_full_video_path|missing_winner_future_video_path|missing_loser_full_video_path,False,False,False,False,True
manifests/dpo_pair_factory_v11_ready_500_canonical.jsonl,452,v11_SYN_EXTRA_0241_prefix5_anchored_d86ae2fb1d25b2_freeze_foreground_containment_failure_synthetic,TypeM_v11_synthetic_visible,,False,missing_condition_prefix_video_path|missing_condition_poses|missing_condition_intrinsics|missing_winner_full_video_path|missing_winner_future_video_path|missing_loser_full_video_path,False,False,False,False,True
manifests/dpo_pair_factory_v11_ready_500_canonical.jsonl,453,v11_SYN_EXTRA_0168_04248_containment_orbit_left_44_seed43248_local_scene_patch_drift,TypeM_v11_synthetic_visible,,False,missing_condition_prefix_video_path|missing_condition_poses|missing_condition_intrinsics|missing_winner_future_video_path|missing_loser_full_video_path,False,True,False,False,True
manifests/dpo_pair_factory_v11_ready_500_canonical.jsonl,454,v11_SYN_0558_03484_roll_orbit_right_60_seed42484_object_identity_color_shift,TypeM_v11_synthetic_visible,,False,missing_condition_prefix_video_path|missing_condition_poses|missing_condition_intrinsics|missing_winner_future_video_path|missing_loser_full_video_path,False,True,False,False,True
manifests/dpo_pair_factory_v11_ready_500_canonical.jsonl,455,v11_SYN_0329_04357_containment_orbit_left_44_seed43357_partial_freeze_foreground,TypeM_v11_synthetic_visible,,False,missing_condition_prefix_video_path|missing_condition_poses|missing_condition_intrinsics|missing_winner_future_video_path|missing_loser_full_video_path,False,True,False,False,True
manifests/dpo_pair_factory_v11_ready_500_canonical.jsonl,456,v11_SYN_EXTRA_0246_prefix5_anchored_dc458b2cf487d8_wrong_camera_motion_reobserve_mismatch_visible,TypeM_v11_synthetic_visible,,False,missing_condition_prefix_video_path|missing_condition_poses|missing_condition_intrinsics|missing_winner_full_video_path|missing_winner_future_video_path|missing_loser_full_video_path,False,False,False,False,True
manifests/dpo_pair_factory_v11_ready_500_canonical.jsonl,457,v11_SYN_EXTRA_0105_prefix5_anchored_7f708dfe212ad6_freeze_foreground_collision_response_failure_synthetic,TypeM_v11_synthetic_visible,,False,missing_condition_prefix_video_path|missing_condition_poses|missing_condition_intrinsics|missing_winner_full_video_path|missing_winner_future_video_path|missing_loser_full_video_path,False,False,False,False,True
manifests/dpo_pair_factory_v11_ready_500_canonical.jsonl,458,v11_SYN_0367_prefix5_anchored_dc458b2cf487d8_wrong_camera_motion_containment_failure_synthetic,TypeM_v11_synthetic_visible,,False,missing_condition_prefix_video_path|missing_condition_poses|missing_condition_intrinsics|missing_winner_full_video_path|missing_winner_future_video_path|missing_loser_full_video_path,False,False,False,False,True
manifests/dpo_pair_factory_v11_ready_500_canonical.jsonl,459,v11_SYN_0564_03494_roll_orbit_right_60_seed42494_object_identity_color_shift,TypeM_v11_synthetic_visible,,False,missing_condition_prefix_video_path|missing_condition_poses|missing_condition_intrinsics|missing_winner_future_video_path|missing_loser_full_video_path,False,True,False,False,True
manifests/dpo_pair_factory_v11_ready_500_canonical.jsonl,460,v11_SYN_0335_04358_containment_orbit_left_44_seed43358_partial_freeze_foreground,TypeM_v11_synthetic_visible,,False,missing_condition_prefix_video_path|missing_condition_poses|missing_condition_intrinsics|missing_winner_future_video_path|missing_loser_full_video_path,False,True,False,False,True
manifests/dpo_pair_factory_v11_ready_500_canonical.jsonl,461,v11_SYN_EXTRA_0250_v6_04204_containment_orbit_left_44_seed43204_reobserve_mismatch_visible,TypeM_v11_synthetic_visible,,False,missing_condition_prefix_video_path|missing_condition_poses|missing_condition_intrinsics|missing_winner_full_video_path|missing_winner_future_video_path|missing_loser_full_video_path,False,False,False,False,True
manifests/dpo_pair_factory_v11_ready_500_canonical.jsonl,462,v11_SYN_EXTRA_0109_prefix5_anchored_b53591379e11c1_object_deformation_collision_response_failure_synthetic,TypeM_v11_synthetic_visible,,False,missing_condition_prefix_video_path|missing_condition_poses|missing_condition_intrinsics|missing_winner_full_video_path|missing_winner_future_video_path|missing_loser_full_video_path,False,False,False,False,True
manifests/dpo_pair_factory_v11_ready_500_canonical.jsonl,463,v11_SYN_EXTRA_0245_prefix5_anchored_dc458b2cf487d8_wrong_camera_motion_containment_failure_synthetic,TypeM_v11_synthetic_visible,,False,missing_condition_prefix_video_path|missing_condition_poses|missing_condition_intrinsics|missing_winner_full_video_path|missing_winner_future_video_path|missing_loser_full_video_path,False,False,False,False,True
manifests/dpo_pair_factory_v11_ready_500_canonical.jsonl,464,v11_SYN_0570_03495_roll_orbit_right_60_seed42495_object_identity_color_shift,TypeM_v11_synthetic_visible,,False,missing_condition_prefix_video_path|missing_condition_poses|missing_condition_intrinsics|missing_winner_future_video_path|missing_loser_full_video_path,False,True,False,False,True
manifests/dpo_pair_factory_v11_ready_500_canonical.jsonl,465,v11_SYN_0221_04204_containment_orbit_left_44_seed43204_partial_freeze_foreground,TypeM_v11_synthetic_visible,,False,missing_condition_prefix_video_path|missing_condition_poses|missing_condition_intrinsics|missing_winner_full_video_path|missing_winner_future_video_path|missing_loser_full_video_path,False,False,False,False,True
manifests/dpo_pair_factory_v11_ready_500_canonical.jsonl,466,v11_SYN_EXTRA_0113_prefix5_anchored_e78653865b3413_wrong_camera_motion_collision_response_failure_synthetic,TypeM_v11_synthetic_visible,,False,missing_condition_prefix_video_path|missing_condition_poses|missing_condition_intrinsics|missing_winner_full_video_path|missing_winner_future_video_path|missing_loser_full_video_path,False,False,False,False,True
manifests/dpo_pair_factory_v11_ready_500_canonical.jsonl,467,v11_SYN_EXTRA_0249_v6_04204_containment_orbit_left_44_seed43204_containment_failure_synthetic,TypeM_v11_synthetic_visible,,False,missing_condition_prefix_video_path|missing_condition_poses|missing_condition_intrinsics|missing_winner_full_video_path|missing_winner_future_video_path|missing_loser_full_video_path,False,False,False,False,True
manifests/dpo_pair_factory_v11_ready_500_canonical.jsonl,468,v11_SYN_0576_03505_roll_orbit_right_60_seed42505_object_identity_color_shift,TypeM_v11_synthetic_visible,,False,missing_condition_prefix_video_path|missing_condition_poses|missing_condition_intrinsics|missing_winner_future_video_path|missing_loser_full_video_path,False,True,False,False,True
manifests/dpo_pair_factory_v11_ready_500_canonical.jsonl,469,v11_SYN_0341_prefix5_anchored_1279c3b65a6d9e_object_identity_change_partial_freeze_foreground,TypeM_v11_synthetic_visible,,False,missing_condition_prefix_video_path|missing_condition_poses|missing_condition_intrinsics|missing_winner_full_video_path|missing_winner_future_video_path|missing_loser_full_video_path,False,False,False,False,True
manifests/dpo_pair_factory_v11_ready_500_canonical.jsonl,470,v11_SYN_0175_prefix5_anchored_ebade3740fe2f4_object_identity_change_collision_response_failure_synthetic,TypeM_v11_synthetic_visible,,False,missing_condition_prefix_video_path|missing_condition_poses|missing_condition_intrinsics|missing_winner_full_video_path|missing_winner_future_video_path|missing_loser_full_video_path,False,False,False,False,True
manifests/dpo_pair_factory_v11_ready_500_canonical.jsonl,471,v11_SYN_0274_04267_containment_orbit_left_44_seed43267_local_scene_patch_drift,TypeM_v11_synthetic_visible,,False,missing_condition_prefix_video_path|missing_condition_poses|missing_condition_intrinsics|missing_winner_future_video_path|missing_loser_full_video_path,False,True,False,False,True
manifests/dpo_pair_factory_v11_ready_500_canonical.jsonl,472,v11_SYN_0582_03533_roll_orbit_right_60_seed42533_object_identity_color_shift,TypeM_v11_synthetic_visible,,False,missing_condition_prefix_video_path|missing_condition_poses|missing_condition_intrinsics|missing_winner_future_video_path|missing_loser_full_video_path,False,True,False,False,True
manifests/dpo_pair_factory_v11_ready_500_canonical.jsonl,473,v11_SYN_0347_prefix5_anchored_29df7c5cf94c4b_reobserve_mismatch_partial_freeze_foreground,TypeM_v11_synthetic_visible,,False,missing_condition_prefix_video_path|missing_condition_poses|missing_condition_intrinsics|missing_winner_full_video_path|missing_winner_future_video_path|missing_loser_full_video_path,False,False,False,False,True
manifests/dpo_pair_factory_v11_ready_500_canonical.jsonl,474,v11_SYN_EXTRA_0117_prefix5_anchored_ebade3740fe2f4_object_identity_change_collision_response_failure_synthetic,TypeM_v11_synthetic_visible,,False,missing_condition_prefix_video_path|missing_condition_poses|missing_condition_intrinsics|missing_winner_full_video_path|missing_winner_future_video_path|missing_loser_full_video_path,False,False,False,False,True
manifests/dpo_pair_factory_v11_ready_500_canonical.jsonl,475,v11_SYN_0588_03536_roll_orbit_right_60_seed42536_object_identity_color_shift,TypeM_v11_synthetic_visible,,False,missing_condition_prefix_video_path|missing_condition_poses|missing_condition_intrinsics|missing_winner_future_video_path|missing_loser_full_video_path,False,True,False,False,True
manifests/dpo_pair_factory_v11_ready_500_canonical.jsonl,476,v11_SYN_0353_prefix5_anchored_95981b8f74bed0_background_drift_partial_freeze_foreground,TypeM_v11_synthetic_visible,,False,missing_condition_prefix_video_path|missing_condition_poses|missing_condition_intrinsics|missing_winner_full_video_path|missing_winner_future_video_path|missing_loser_full_video_path,False,False,False,False,True
manifests/dpo_pair_factory_v11_ready_500_canonical.jsonl,477,v11_SYN_EXTRA_0121_prefix5_anchored_ede413792fce8b_nonrigid_background_warp_collision_response_failure_synthetic,TypeM_v11_synthetic_visible,,False,missing_condition_prefix_video_path|missing_condition_poses|missing_condition_intrinsics|missing_winner_full_video_path|missing_winner_future_video_path|missing_loser_full_video_path,False,False,False,False,True
manifests/dpo_pair_factory_v11_ready_500_canonical.jsonl,478,v11_SYN_0594_03542_roll_orbit_right_60_seed42542_object_identity_color_shift,TypeM_v11_synthetic_visible,,False,missing_condition_prefix_video_path|missing_condition_poses|missing_condition_intrinsics|missing_winner_future_video_path|missing_loser_full_video_path,False,True,False,False,True
manifests/dpo_pair_factory_v11_ready_500_canonical.jsonl,479,v11_SYN_0359_prefix5_anchored_d744c2d6f264ba_object_deformation_partial_freeze_foreground,TypeM_v11_synthetic_visible,,False,missing_condition_prefix_video_path|missing_condition_poses|missing_condition_intrinsics|missing_winner_full_video_path|missing_winner_future_video_path|missing_loser_full_video_path,False,False,False,False,True
manifests/dpo_pair_factory_v11_ready_500_canonical.jsonl,480,v11_SYN_0187_prefix5_anchored_ff65f1ae3e7ca8_background_drift_collision_response_failure_synthetic,TypeM_v11_synthetic_visible,,False,missing_condition_prefix_video_path|missing_condition_poses|missing_condition_intrinsics|missing_winner_full_video_path|missing_winner_future_video_path|missing_loser_full_video_path,False,False,False,False,True
manifests/dpo_pair_factory_v11_ready_500_canonical.jsonl,481,v11_SYN_0600_03544_roll_orbit_right_60_seed42544_object_identity_color_shift,TypeM_v11_synthetic_visible,,False,missing_condition_prefix_video_path|missing_condition_poses|missing_condition_intrinsics|missing_winner_future_video_path|missing_loser_full_video_path,False,True,False,False,True
manifests/dpo_pair_factory_v11_ready_500_canonical.jsonl,482,v11_SYN_0365_prefix5_anchored_d86ae2fb1d25b2_freeze_foreground_partial_freeze_foreground,TypeM_v11_synthetic_visible,,False,missing_condition_prefix_video_path|missing_condition_poses|missing_condition_intrinsics|missing_winner_full_video_path|missing_winner_future_video_path|missing_loser_full_video_path,False,False,False,False,True
manifests/dpo_pair_factory_v11_ready_500_canonical.jsonl,483,v11_SYN_0193_v6_02200_collision_orbit_right_64_seed41200_collision_response_failure_synthetic,TypeM_v11_synthetic_visible,,False,missing_condition_prefix_video_path|missing_condition_poses|missing_condition_intrinsics|missing_winner_full_video_path|missing_winner_future_video_path|missing_loser_full_video_path,False,False,False,False,True
manifests/dpo_pair_factory_v11_ready_500_canonical.jsonl,484,v11_SYN_0371_prefix5_anchored_dc458b2cf487d8_wrong_camera_motion_partial_freeze_foreground,TypeM_v11_synthetic_visible,,False,missing_condition_prefix_video_path|missing_condition_poses|missing_condition_intrinsics|missing_winner_full_video_path|missing_winner_future_video_path|missing_loser_full_video_path,False,False,False,False,True
manifests/dpo_pair_factory_v11_ready_500_canonical.jsonl,485,v11_SYN_EXTRA_0129_v6_02200_collision_orbit_right_64_seed41200_collision_response_failure_synthetic,TypeM_v11_synthetic_visible,,False,missing_condition_prefix_video_path|missing_condition_poses|missing_condition_intrinsics|missing_winner_full_video_path|missing_winner_future_video_path|missing_loser_full_video_path,False,False,False,False,True
manifests/dpo_pair_factory_v11_ready_500_canonical.jsonl,486,v11_SYN_0377_v6_04204_containment_orbit_left_44_seed43204_partial_freeze_foreground,TypeM_v11_synthetic_visible,,False,missing_condition_prefix_video_path|missing_condition_poses|missing_condition_intrinsics|missing_winner_full_video_path|missing_winner_future_video_path|missing_loser_full_video_path,False,False,False,False,True
manifests/dpo_pair_factory_v11_ready_500_canonical.jsonl,487,v11_SYN_0199_v6_02202_collision_orbit_right_64_seed41202_collision_response_failure_synthetic,TypeM_v11_synthetic_visible,,False,missing_condition_prefix_video_path|missing_condition_poses|missing_condition_intrinsics|missing_winner_full_video_path|missing_winner_future_video_path|missing_loser_full_video_path,False,False,False,False,True
manifests/dpo_pair_factory_v11_ready_500_canonical.jsonl,488,v11_SYN_0292_04302_containment_orbit_left_44_seed43302_local_scene_patch_drift,TypeM_v11_synthetic_visible,,False,missing_condition_prefix_video_path|missing_condition_poses|missing_condition_intrinsics|missing_winner_future_video_path|missing_loser_full_video_path,False,True,False,False,True
manifests/dpo_pair_factory_v11_ready_500_canonical.jsonl,489,v11_SYN_0479_v6b_GT_C_001_01014_drop_orbit_left_72_seed40014_partial_freeze_foreground,TypeM_v11_synthetic_visible,,False,missing_condition_prefix_video_path|missing_condition_poses|missing_condition_intrinsics|missing_winner_future_video_path|missing_loser_full_video_path,False,True,False,False,True
manifests/dpo_pair_factory_v11_ready_500_canonical.jsonl,490,v11_SYN_EXTRA_0133_v6_02202_collision_orbit_right_64_seed41202_collision_response_failure_synthetic,TypeM_v11_synthetic_visible,,False,missing_condition_prefix_video_path|missing_condition_poses|missing_condition_intrinsics|missing_winner_full_video_path|missing_winner_future_video_path|missing_loser_full_video_path,False,False,False,False,True
manifests/dpo_pair_factory_v11_ready_500_canonical.jsonl,491,v11_SYN_0246_04236_containment_orbit_left_44_seed43236_object_identity_color_shift,TypeM_v11_synthetic_visible,,False,missing_condition_prefix_video_path|missing_condition_poses|missing_condition_intrinsics|missing_winner_future_video_path|missing_loser_full_video_path,False,True,False,False,True
manifests/dpo_pair_factory_v11_ready_500_canonical.jsonl,492,v11_SYN_0205_v6_02222_collision_orbit_right_64_seed41222_collision_response_failure_synthetic,TypeM_v11_synthetic_visible,,False,missing_condition_prefix_video_path|missing_condition_poses|missing_condition_intrinsics|missing_winner_full_video_path|missing_winner_future_video_path|missing_loser_full_video_path,False,False,False,False,True
manifests/dpo_pair_factory_v11_ready_500_canonical.jsonl,493,v11_SYN_0298_04339_containment_orbit_left_44_seed43339_local_scene_patch_drift,TypeM_v11_synthetic_visible,,False,missing_condition_prefix_video_path|missing_condition_poses|missing_condition_intrinsics|missing_winner_future_video_path|missing_loser_full_video_path,False,True,False,False,True
manifests/dpo_pair_factory_v11_ready_500_canonical.jsonl,494,v11_SYN_EXTRA_0137_v6_02222_collision_orbit_right_64_seed41222_collision_response_failure_synthetic,TypeM_v11_synthetic_visible,,False,missing_condition_prefix_video_path|missing_condition_poses|missing_condition_intrinsics|missing_winner_full_video_path|missing_winner_future_video_path|missing_loser_full_video_path,False,False,False,False,True
manifests/dpo_pair_factory_v11_ready_500_canonical.jsonl,495,v11_SYN_EXTRA_0141_v6_02226_collision_orbit_right_64_seed41226_collision_response_failure_synthetic,TypeM_v11_synthetic_visible,,False,missing_condition_prefix_video_path|missing_condition_poses|missing_condition_intrinsics|missing_winner_full_video_path|missing_winner_future_video_path|missing_loser_full_video_path,False,False,False,False,True
manifests/dpo_pair_factory_v11_ready_500_canonical.jsonl,496,v11_SYN_0264_04252_containment_orbit_left_44_seed43252_object_identity_color_shift,TypeM_v11_synthetic_visible,,False,missing_condition_prefix_video_path|missing_condition_poses|missing_condition_intrinsics|missing_winner_future_video_path|missing_loser_full_video_path,False,True,False,False,True
manifests/dpo_pair_factory_v11_ready_500_canonical.jsonl,497,v11_SYN_0004_02200_collision_orbit_right_64_seed41200_local_scene_patch_drift,TypeM_v11_synthetic_visible,,False,missing_condition_prefix_video_path|missing_condition_poses|missing_condition_intrinsics|missing_winner_full_video_path|missing_winner_future_video_path|missing_loser_full_video_path,False,False,False,False,True
manifests/dpo_pair_factory_v11_ready_500_canonical.jsonl,498,v11_SYN_0006_02200_collision_orbit_right_64_seed41200_object_identity_color_shift,TypeM_v11_synthetic_visible,,False,missing_condition_prefix_video_path|missing_condition_poses|missing_condition_intrinsics|missing_winner_full_video_path|missing_winner_future_video_path|missing_loser_full_video_path,False,False,False,False,True
manifests/dpo_pair_factory_v11_ready_500_canonical.jsonl,499,v11_SYN_0010_02202_collision_orbit_right_64_seed41202_local_scene_patch_drift,TypeM_v11_synthetic_visible,,False,missing_condition_prefix_video_path|missing_condition_poses|missing_condition_intrinsics|missing_winner_full_video_path|missing_winner_future_video_path|missing_loser_full_video_path,False,False,False,False,True
manifests/dpo_pair_factory_v11_ready_500_canonical.jsonl,500,v11_SYN_0012_02202_collision_orbit_right_64_seed41202_object_identity_color_shift,TypeM_v11_synthetic_visible,,False,missing_condition_prefix_video_path|missing_condition_poses|missing_condition_intrinsics|missing_winner_full_video_path|missing_winner_future_video_path|missing_loser_full_video_path,False,False,False,False,True
