sample_id,condition_id,template,camera_motion,model_key,model_label,adapter_path,adapter_exists,generated_full,generated_future,prefix_video,gt_future,contact_sheet,exists_future,exists_contact_sheet,rollout_set,file_size_mb,fps,width,height,num_frames
01002_drop_orbit_left_72_seed40002,v6b_01002_drop_orbit_left_72_seed40002,drop,orbit_left_72,M0_original_fast,Original Fast,,False,local_assets/targeted_BC_loser_mining_v6b/rollouts_16cond/M0_original_fast/videos/01002_drop_orbit_left_72_seed40002_M0_original_fast.mp4,local_assets/targeted_BC_loser_mining_v6b/rollouts_16cond/M0_original_fast/videos/01002_drop_orbit_left_72_seed40002_M0_original_fast_future.mp4,local_assets/targeted_BC_loser_mining_v6b/rollouts_16cond/M0_original_fast/videos/01002_drop_orbit_left_72_seed40002_prefix.mp4,local_assets/targeted_BC_loser_mining_v6b/conditions/01002_drop_orbit_left_72_seed40002/clean_future_5_80.mp4,local_assets/targeted_BC_loser_mining_v6b/rollouts_16cond/M0_original_fast/contact_sheets/01002_drop_orbit_left_72_seed40002_M0_original_fast_prefix_future.jpg,True,True,first16,2.157,16.0,832,480,76
01002_drop_orbit_left_72_seed40002,v6b_01002_drop_orbit_left_72_seed40002,drop,orbit_left_72,M_B_camera_r8,B camera-only rank8,local_assets/experiments/small_lora_scope_sweep_20260624/train/small_lora_B_camera_r8_train200_20260624_141215/checkpoints/small_lora_B_camera_r8_train200_20260624_141215/high_only_phase/branches/step_000200/fast_stageA_high_noise_adapter,True,local_assets/targeted_BC_loser_mining_v6b/rollouts_16cond/M_B_camera_r8/videos/01002_drop_orbit_left_72_seed40002_M_B_camera_r8.mp4,local_assets/targeted_BC_loser_mining_v6b/rollouts_16cond/M_B_camera_r8/videos/01002_drop_orbit_left_72_seed40002_M_B_camera_r8_future.mp4,local_assets/targeted_BC_loser_mining_v6b/rollouts_16cond/M_B_camera_r8/videos/01002_drop_orbit_left_72_seed40002_prefix.mp4,local_assets/targeted_BC_loser_mining_v6b/conditions/01002_drop_orbit_left_72_seed40002/clean_future_5_80.mp4,local_assets/targeted_BC_loser_mining_v6b/rollouts_16cond/M_B_camera_r8/contact_sheets/01002_drop_orbit_left_72_seed40002_M_B_camera_r8_prefix_future.jpg,True,True,first16,2.149,16.0,832,480,76
01002_drop_orbit_left_72_seed40002,v6b_01002_drop_orbit_left_72_seed40002,drop,orbit_left_72,M_C_camera_self_temporal_r4,C camera+self/temporal rank4,local_assets/experiments/small_lora_scope_sweep_20260624/train/small_lora_C_camera_self_r4_train200_20260624_141215/checkpoints/small_lora_C_camera_self_r4_train200_20260624_141215/high_only_phase/branches/step_000200/fast_stageA_high_noise_adapter,True,local_assets/targeted_BC_loser_mining_v6b/rollouts_16cond/M_C_camera_self_temporal_r4/videos/01002_drop_orbit_left_72_seed40002_M_C_camera_self_temporal_r4.mp4,local_assets/targeted_BC_loser_mining_v6b/rollouts_16cond/M_C_camera_self_temporal_r4/videos/01002_drop_orbit_left_72_seed40002_M_C_camera_self_temporal_r4_future.mp4,local_assets/targeted_BC_loser_mining_v6b/rollouts_16cond/M_C_camera_self_temporal_r4/videos/01002_drop_orbit_left_72_seed40002_prefix.mp4,local_assets/targeted_BC_loser_mining_v6b/conditions/01002_drop_orbit_left_72_seed40002/clean_future_5_80.mp4,local_assets/targeted_BC_loser_mining_v6b/rollouts_16cond/M_C_camera_self_temporal_r4/contact_sheets/01002_drop_orbit_left_72_seed40002_M_C_camera_self_temporal_r4_prefix_future.jpg,True,True,first16,2.175,16.0,832,480,76
01008_drop_orbit_left_72_seed40008,v6b_01008_drop_orbit_left_72_seed40008,drop,orbit_left_72,M0_original_fast,Original Fast,,False,local_assets/targeted_BC_loser_mining_v6b/rollouts_16cond/M0_original_fast/videos/01008_drop_orbit_left_72_seed40008_M0_original_fast.mp4,local_assets/targeted_BC_loser_mining_v6b/rollouts_16cond/M0_original_fast/videos/01008_drop_orbit_left_72_seed40008_M0_original_fast_future.mp4,local_assets/targeted_BC_loser_mining_v6b/rollouts_16cond/M0_original_fast/videos/01008_drop_orbit_left_72_seed40008_prefix.mp4,local_assets/targeted_BC_loser_mining_v6b/conditions/01008_drop_orbit_left_72_seed40008/clean_future_5_80.mp4,local_assets/targeted_BC_loser_mining_v6b/rollouts_16cond/M0_original_fast/contact_sheets/01008_drop_orbit_left_72_seed40008_M0_original_fast_prefix_future.jpg,True,True,first16,3.076,16.0,832,480,76
01008_drop_orbit_left_72_seed40008,v6b_01008_drop_orbit_left_72_seed40008,drop,orbit_left_72,M_B_camera_r8,B camera-only rank8,local_assets/experiments/small_lora_scope_sweep_20260624/train/small_lora_B_camera_r8_train200_20260624_141215/checkpoints/small_lora_B_camera_r8_train200_20260624_141215/high_only_phase/branches/step_000200/fast_stageA_high_noise_adapter,True,local_assets/targeted_BC_loser_mining_v6b/rollouts_16cond/M_B_camera_r8/videos/01008_drop_orbit_left_72_seed40008_M_B_camera_r8.mp4,local_assets/targeted_BC_loser_mining_v6b/rollouts_16cond/M_B_camera_r8/videos/01008_drop_orbit_left_72_seed40008_M_B_camera_r8_future.mp4,local_assets/targeted_BC_loser_mining_v6b/rollouts_16cond/M_B_camera_r8/videos/01008_drop_orbit_left_72_seed40008_prefix.mp4,local_assets/targeted_BC_loser_mining_v6b/conditions/01008_drop_orbit_left_72_seed40008/clean_future_5_80.mp4,local_assets/targeted_BC_loser_mining_v6b/rollouts_16cond/M_B_camera_r8/contact_sheets/01008_drop_orbit_left_72_seed40008_M_B_camera_r8_prefix_future.jpg,True,True,first16,3.721,16.0,832,480,76
01008_drop_orbit_left_72_seed40008,v6b_01008_drop_orbit_left_72_seed40008,drop,orbit_left_72,M_C_camera_self_temporal_r4,C camera+self/temporal rank4,local_assets/experiments/small_lora_scope_sweep_20260624/train/small_lora_C_camera_self_r4_train200_20260624_141215/checkpoints/small_lora_C_camera_self_r4_train200_20260624_141215/high_only_phase/branches/step_000200/fast_stageA_high_noise_adapter,True,local_assets/targeted_BC_loser_mining_v6b/rollouts_16cond/M_C_camera_self_temporal_r4/videos/01008_drop_orbit_left_72_seed40008_M_C_camera_self_temporal_r4.mp4,local_assets/targeted_BC_loser_mining_v6b/rollouts_16cond/M_C_camera_self_temporal_r4/videos/01008_drop_orbit_left_72_seed40008_M_C_camera_self_temporal_r4_future.mp4,local_assets/targeted_BC_loser_mining_v6b/rollouts_16cond/M_C_camera_self_temporal_r4/videos/01008_drop_orbit_left_72_seed40008_prefix.mp4,local_assets/targeted_BC_loser_mining_v6b/conditions/01008_drop_orbit_left_72_seed40008/clean_future_5_80.mp4,local_assets/targeted_BC_loser_mining_v6b/rollouts_16cond/M_C_camera_self_temporal_r4/contact_sheets/01008_drop_orbit_left_72_seed40008_M_C_camera_self_temporal_r4_prefix_future.jpg,True,True,first16,3.157,16.0,832,480,76
01013_drop_orbit_left_72_seed40013,v6b_01013_drop_orbit_left_72_seed40013,drop,orbit_left_72,M0_original_fast,Original Fast,,False,local_assets/targeted_BC_loser_mining_v6b/rollouts_16cond/M0_original_fast/videos/01013_drop_orbit_left_72_seed40013_M0_original_fast.mp4,local_assets/targeted_BC_loser_mining_v6b/rollouts_16cond/M0_original_fast/videos/01013_drop_orbit_left_72_seed40013_M0_original_fast_future.mp4,local_assets/targeted_BC_loser_mining_v6b/rollouts_16cond/M0_original_fast/videos/01013_drop_orbit_left_72_seed40013_prefix.mp4,local_assets/targeted_BC_loser_mining_v6b/conditions/01013_drop_orbit_left_72_seed40013/clean_future_5_80.mp4,local_assets/targeted_BC_loser_mining_v6b/rollouts_16cond/M0_original_fast/contact_sheets/01013_drop_orbit_left_72_seed40013_M0_original_fast_prefix_future.jpg,True,True,first16,3.412,16.0,832,480,76
01013_drop_orbit_left_72_seed40013,v6b_01013_drop_orbit_left_72_seed40013,drop,orbit_left_72,M_B_camera_r8,B camera-only rank8,local_assets/experiments/small_lora_scope_sweep_20260624/train/small_lora_B_camera_r8_train200_20260624_141215/checkpoints/small_lora_B_camera_r8_train200_20260624_141215/high_only_phase/branches/step_000200/fast_stageA_high_noise_adapter,True,local_assets/targeted_BC_loser_mining_v6b/rollouts_16cond/M_B_camera_r8/videos/01013_drop_orbit_left_72_seed40013_M_B_camera_r8.mp4,local_assets/targeted_BC_loser_mining_v6b/rollouts_16cond/M_B_camera_r8/videos/01013_drop_orbit_left_72_seed40013_M_B_camera_r8_future.mp4,local_assets/targeted_BC_loser_mining_v6b/rollouts_16cond/M_B_camera_r8/videos/01013_drop_orbit_left_72_seed40013_prefix.mp4,local_assets/targeted_BC_loser_mining_v6b/conditions/01013_drop_orbit_left_72_seed40013/clean_future_5_80.mp4,local_assets/targeted_BC_loser_mining_v6b/rollouts_16cond/M_B_camera_r8/contact_sheets/01013_drop_orbit_left_72_seed40013_M_B_camera_r8_prefix_future.jpg,True,True,first16,3.543,16.0,832,480,76
01013_drop_orbit_left_72_seed40013,v6b_01013_drop_orbit_left_72_seed40013,drop,orbit_left_72,M_C_camera_self_temporal_r4,C camera+self/temporal rank4,local_assets/experiments/small_lora_scope_sweep_20260624/train/small_lora_C_camera_self_r4_train200_20260624_141215/checkpoints/small_lora_C_camera_self_r4_train200_20260624_141215/high_only_phase/branches/step_000200/fast_stageA_high_noise_adapter,True,local_assets/targeted_BC_loser_mining_v6b/rollouts_16cond/M_C_camera_self_temporal_r4/videos/01013_drop_orbit_left_72_seed40013_M_C_camera_self_temporal_r4.mp4,local_assets/targeted_BC_loser_mining_v6b/rollouts_16cond/M_C_camera_self_temporal_r4/videos/01013_drop_orbit_left_72_seed40013_M_C_camera_self_temporal_r4_future.mp4,local_assets/targeted_BC_loser_mining_v6b/rollouts_16cond/M_C_camera_self_temporal_r4/videos/01013_drop_orbit_left_72_seed40013_prefix.mp4,local_assets/targeted_BC_loser_mining_v6b/conditions/01013_drop_orbit_left_72_seed40013/clean_future_5_80.mp4,local_assets/targeted_BC_loser_mining_v6b/rollouts_16cond/M_C_camera_self_temporal_r4/contact_sheets/01013_drop_orbit_left_72_seed40013_M_C_camera_self_temporal_r4_prefix_future.jpg,True,True,first16,3.257,16.0,832,480,76
01014_drop_orbit_left_72_seed40014,v6b_01014_drop_orbit_left_72_seed40014,drop,orbit_left_72,M0_original_fast,Original Fast,,False,local_assets/targeted_BC_loser_mining_v6b/rollouts_16cond/M0_original_fast/videos/01014_drop_orbit_left_72_seed40014_M0_original_fast.mp4,local_assets/targeted_BC_loser_mining_v6b/rollouts_16cond/M0_original_fast/videos/01014_drop_orbit_left_72_seed40014_M0_original_fast_future.mp4,local_assets/targeted_BC_loser_mining_v6b/rollouts_16cond/M0_original_fast/videos/01014_drop_orbit_left_72_seed40014_prefix.mp4,local_assets/targeted_BC_loser_mining_v6b/conditions/01014_drop_orbit_left_72_seed40014/clean_future_5_80.mp4,local_assets/targeted_BC_loser_mining_v6b/rollouts_16cond/M0_original_fast/contact_sheets/01014_drop_orbit_left_72_seed40014_M0_original_fast_prefix_future.jpg,True,True,first16,2.806,16.0,832,480,76
01014_drop_orbit_left_72_seed40014,v6b_01014_drop_orbit_left_72_seed40014,drop,orbit_left_72,M_B_camera_r8,B camera-only rank8,local_assets/experiments/small_lora_scope_sweep_20260624/train/small_lora_B_camera_r8_train200_20260624_141215/checkpoints/small_lora_B_camera_r8_train200_20260624_141215/high_only_phase/branches/step_000200/fast_stageA_high_noise_adapter,True,local_assets/targeted_BC_loser_mining_v6b/rollouts_16cond/M_B_camera_r8/videos/01014_drop_orbit_left_72_seed40014_M_B_camera_r8.mp4,local_assets/targeted_BC_loser_mining_v6b/rollouts_16cond/M_B_camera_r8/videos/01014_drop_orbit_left_72_seed40014_M_B_camera_r8_future.mp4,local_assets/targeted_BC_loser_mining_v6b/rollouts_16cond/M_B_camera_r8/videos/01014_drop_orbit_left_72_seed40014_prefix.mp4,local_assets/targeted_BC_loser_mining_v6b/conditions/01014_drop_orbit_left_72_seed40014/clean_future_5_80.mp4,local_assets/targeted_BC_loser_mining_v6b/rollouts_16cond/M_B_camera_r8/contact_sheets/01014_drop_orbit_left_72_seed40014_M_B_camera_r8_prefix_future.jpg,True,True,first16,2.684,16.0,832,480,76
01014_drop_orbit_left_72_seed40014,v6b_01014_drop_orbit_left_72_seed40014,drop,orbit_left_72,M_C_camera_self_temporal_r4,C camera+self/temporal rank4,local_assets/experiments/small_lora_scope_sweep_20260624/train/small_lora_C_camera_self_r4_train200_20260624_141215/checkpoints/small_lora_C_camera_self_r4_train200_20260624_141215/high_only_phase/branches/step_000200/fast_stageA_high_noise_adapter,True,local_assets/targeted_BC_loser_mining_v6b/rollouts_16cond/M_C_camera_self_temporal_r4/videos/01014_drop_orbit_left_72_seed40014_M_C_camera_self_temporal_r4.mp4,local_assets/targeted_BC_loser_mining_v6b/rollouts_16cond/M_C_camera_self_temporal_r4/videos/01014_drop_orbit_left_72_seed40014_M_C_camera_self_temporal_r4_future.mp4,local_assets/targeted_BC_loser_mining_v6b/rollouts_16cond/M_C_camera_self_temporal_r4/videos/01014_drop_orbit_left_72_seed40014_prefix.mp4,local_assets/targeted_BC_loser_mining_v6b/conditions/01014_drop_orbit_left_72_seed40014/clean_future_5_80.mp4,local_assets/targeted_BC_loser_mining_v6b/rollouts_16cond/M_C_camera_self_temporal_r4/contact_sheets/01014_drop_orbit_left_72_seed40014_M_C_camera_self_temporal_r4_prefix_future.jpg,True,True,first16,2.777,16.0,832,480,76
01026_drop_orbit_left_72_seed40026,v6b_01026_drop_orbit_left_72_seed40026,drop,orbit_left_72,M0_original_fast,Original Fast,,False,local_assets/targeted_BC_loser_mining_v6b/rollouts_32cond/M0_original_fast/videos/01026_drop_orbit_left_72_seed40026_M0_original_fast.mp4,local_assets/targeted_BC_loser_mining_v6b/rollouts_32cond/M0_original_fast/videos/01026_drop_orbit_left_72_seed40026_M0_original_fast_future.mp4,local_assets/targeted_BC_loser_mining_v6b/rollouts_32cond/M0_original_fast/videos/01026_drop_orbit_left_72_seed40026_prefix.mp4,local_assets/targeted_BC_loser_mining_v6b/conditions/01026_drop_orbit_left_72_seed40026/clean_future_5_80.mp4,local_assets/targeted_BC_loser_mining_v6b/rollouts_32cond/M0_original_fast/contact_sheets/01026_drop_orbit_left_72_seed40026_M0_original_fast_prefix_future.jpg,False,False,remaining16,0,0.0,0,0,0
01026_drop_orbit_left_72_seed40026,v6b_01026_drop_orbit_left_72_seed40026,drop,orbit_left_72,M_B_camera_r8,B camera-only rank8,local_assets/experiments/small_lora_scope_sweep_20260624/train/small_lora_B_camera_r8_train200_20260624_141215/checkpoints/small_lora_B_camera_r8_train200_20260624_141215/high_only_phase/branches/step_000200/fast_stageA_high_noise_adapter,True,local_assets/targeted_BC_loser_mining_v6b/rollouts_32cond/M_B_camera_r8/videos/01026_drop_orbit_left_72_seed40026_M_B_camera_r8.mp4,local_assets/targeted_BC_loser_mining_v6b/rollouts_32cond/M_B_camera_r8/videos/01026_drop_orbit_left_72_seed40026_M_B_camera_r8_future.mp4,local_assets/targeted_BC_loser_mining_v6b/rollouts_32cond/M_B_camera_r8/videos/01026_drop_orbit_left_72_seed40026_prefix.mp4,local_assets/targeted_BC_loser_mining_v6b/conditions/01026_drop_orbit_left_72_seed40026/clean_future_5_80.mp4,local_assets/targeted_BC_loser_mining_v6b/rollouts_32cond/M_B_camera_r8/contact_sheets/01026_drop_orbit_left_72_seed40026_M_B_camera_r8_prefix_future.jpg,True,True,remaining16,1.96,16.0,832,480,76
01026_drop_orbit_left_72_seed40026,v6b_01026_drop_orbit_left_72_seed40026,drop,orbit_left_72,M_C_camera_self_temporal_r4,C camera+self/temporal rank4,local_assets/experiments/small_lora_scope_sweep_20260624/train/small_lora_C_camera_self_r4_train200_20260624_141215/checkpoints/small_lora_C_camera_self_r4_train200_20260624_141215/high_only_phase/branches/step_000200/fast_stageA_high_noise_adapter,True,local_assets/targeted_BC_loser_mining_v6b/rollouts_32cond/M_C_camera_self_temporal_r4/videos/01026_drop_orbit_left_72_seed40026_M_C_camera_self_temporal_r4.mp4,local_assets/targeted_BC_loser_mining_v6b/rollouts_32cond/M_C_camera_self_temporal_r4/videos/01026_drop_orbit_left_72_seed40026_M_C_camera_self_temporal_r4_future.mp4,local_assets/targeted_BC_loser_mining_v6b/rollouts_32cond/M_C_camera_self_temporal_r4/videos/01026_drop_orbit_left_72_seed40026_prefix.mp4,local_assets/targeted_BC_loser_mining_v6b/conditions/01026_drop_orbit_left_72_seed40026/clean_future_5_80.mp4,local_assets/targeted_BC_loser_mining_v6b/rollouts_32cond/M_C_camera_self_temporal_r4/contact_sheets/01026_drop_orbit_left_72_seed40026_M_C_camera_self_temporal_r4_prefix_future.jpg,True,True,remaining16,1.992,16.0,832,480,76
01029_drop_orbit_left_72_seed40029,v6b_01029_drop_orbit_left_72_seed40029,drop,orbit_left_72,M0_original_fast,Original Fast,,False,local_assets/targeted_BC_loser_mining_v6b/rollouts_32cond/M0_original_fast/videos/01029_drop_orbit_left_72_seed40029_M0_original_fast.mp4,local_assets/targeted_BC_loser_mining_v6b/rollouts_32cond/M0_original_fast/videos/01029_drop_orbit_left_72_seed40029_M0_original_fast_future.mp4,local_assets/targeted_BC_loser_mining_v6b/rollouts_32cond/M0_original_fast/videos/01029_drop_orbit_left_72_seed40029_prefix.mp4,local_assets/targeted_BC_loser_mining_v6b/conditions/01029_drop_orbit_left_72_seed40029/clean_future_5_80.mp4,local_assets/targeted_BC_loser_mining_v6b/rollouts_32cond/M0_original_fast/contact_sheets/01029_drop_orbit_left_72_seed40029_M0_original_fast_prefix_future.jpg,False,False,remaining16,0,0.0,0,0,0
01029_drop_orbit_left_72_seed40029,v6b_01029_drop_orbit_left_72_seed40029,drop,orbit_left_72,M_B_camera_r8,B camera-only rank8,local_assets/experiments/small_lora_scope_sweep_20260624/train/small_lora_B_camera_r8_train200_20260624_141215/checkpoints/small_lora_B_camera_r8_train200_20260624_141215/high_only_phase/branches/step_000200/fast_stageA_high_noise_adapter,True,local_assets/targeted_BC_loser_mining_v6b/rollouts_32cond/M_B_camera_r8/videos/01029_drop_orbit_left_72_seed40029_M_B_camera_r8.mp4,local_assets/targeted_BC_loser_mining_v6b/rollouts_32cond/M_B_camera_r8/videos/01029_drop_orbit_left_72_seed40029_M_B_camera_r8_future.mp4,local_assets/targeted_BC_loser_mining_v6b/rollouts_32cond/M_B_camera_r8/videos/01029_drop_orbit_left_72_seed40029_prefix.mp4,local_assets/targeted_BC_loser_mining_v6b/conditions/01029_drop_orbit_left_72_seed40029/clean_future_5_80.mp4,local_assets/targeted_BC_loser_mining_v6b/rollouts_32cond/M_B_camera_r8/contact_sheets/01029_drop_orbit_left_72_seed40029_M_B_camera_r8_prefix_future.jpg,True,True,remaining16,2.945,16.0,832,480,76
01029_drop_orbit_left_72_seed40029,v6b_01029_drop_orbit_left_72_seed40029,drop,orbit_left_72,M_C_camera_self_temporal_r4,C camera+self/temporal rank4,local_assets/experiments/small_lora_scope_sweep_20260624/train/small_lora_C_camera_self_r4_train200_20260624_141215/checkpoints/small_lora_C_camera_self_r4_train200_20260624_141215/high_only_phase/branches/step_000200/fast_stageA_high_noise_adapter,True,local_assets/targeted_BC_loser_mining_v6b/rollouts_32cond/M_C_camera_self_temporal_r4/videos/01029_drop_orbit_left_72_seed40029_M_C_camera_self_temporal_r4.mp4,local_assets/targeted_BC_loser_mining_v6b/rollouts_32cond/M_C_camera_self_temporal_r4/videos/01029_drop_orbit_left_72_seed40029_M_C_camera_self_temporal_r4_future.mp4,local_assets/targeted_BC_loser_mining_v6b/rollouts_32cond/M_C_camera_self_temporal_r4/videos/01029_drop_orbit_left_72_seed40029_prefix.mp4,local_assets/targeted_BC_loser_mining_v6b/conditions/01029_drop_orbit_left_72_seed40029/clean_future_5_80.mp4,local_assets/targeted_BC_loser_mining_v6b/rollouts_32cond/M_C_camera_self_temporal_r4/contact_sheets/01029_drop_orbit_left_72_seed40029_M_C_camera_self_temporal_r4_prefix_future.jpg,True,True,remaining16,2.92,16.0,832,480,76
01032_drop_orbit_left_72_seed40032,v6b_01032_drop_orbit_left_72_seed40032,drop,orbit_left_72,M0_original_fast,Original Fast,,False,local_assets/targeted_BC_loser_mining_v6b/rollouts_32cond/M0_original_fast/videos/01032_drop_orbit_left_72_seed40032_M0_original_fast.mp4,local_assets/targeted_BC_loser_mining_v6b/rollouts_32cond/M0_original_fast/videos/01032_drop_orbit_left_72_seed40032_M0_original_fast_future.mp4,local_assets/targeted_BC_loser_mining_v6b/rollouts_32cond/M0_original_fast/videos/01032_drop_orbit_left_72_seed40032_prefix.mp4,local_assets/targeted_BC_loser_mining_v6b/conditions/01032_drop_orbit_left_72_seed40032/clean_future_5_80.mp4,local_assets/targeted_BC_loser_mining_v6b/rollouts_32cond/M0_original_fast/contact_sheets/01032_drop_orbit_left_72_seed40032_M0_original_fast_prefix_future.jpg,False,False,remaining16,0,0.0,0,0,0
01032_drop_orbit_left_72_seed40032,v6b_01032_drop_orbit_left_72_seed40032,drop,orbit_left_72,M_B_camera_r8,B camera-only rank8,local_assets/experiments/small_lora_scope_sweep_20260624/train/small_lora_B_camera_r8_train200_20260624_141215/checkpoints/small_lora_B_camera_r8_train200_20260624_141215/high_only_phase/branches/step_000200/fast_stageA_high_noise_adapter,True,local_assets/targeted_BC_loser_mining_v6b/rollouts_32cond/M_B_camera_r8/videos/01032_drop_orbit_left_72_seed40032_M_B_camera_r8.mp4,local_assets/targeted_BC_loser_mining_v6b/rollouts_32cond/M_B_camera_r8/videos/01032_drop_orbit_left_72_seed40032_M_B_camera_r8_future.mp4,local_assets/targeted_BC_loser_mining_v6b/rollouts_32cond/M_B_camera_r8/videos/01032_drop_orbit_left_72_seed40032_prefix.mp4,local_assets/targeted_BC_loser_mining_v6b/conditions/01032_drop_orbit_left_72_seed40032/clean_future_5_80.mp4,local_assets/targeted_BC_loser_mining_v6b/rollouts_32cond/M_B_camera_r8/contact_sheets/01032_drop_orbit_left_72_seed40032_M_B_camera_r8_prefix_future.jpg,True,True,remaining16,1.938,16.0,832,480,76
01032_drop_orbit_left_72_seed40032,v6b_01032_drop_orbit_left_72_seed40032,drop,orbit_left_72,M_C_camera_self_temporal_r4,C camera+self/temporal rank4,local_assets/experiments/small_lora_scope_sweep_20260624/train/small_lora_C_camera_self_r4_train200_20260624_141215/checkpoints/small_lora_C_camera_self_r4_train200_20260624_141215/high_only_phase/branches/step_000200/fast_stageA_high_noise_adapter,True,local_assets/targeted_BC_loser_mining_v6b/rollouts_32cond/M_C_camera_self_temporal_r4/videos/01032_drop_orbit_left_72_seed40032_M_C_camera_self_temporal_r4.mp4,local_assets/targeted_BC_loser_mining_v6b/rollouts_32cond/M_C_camera_self_temporal_r4/videos/01032_drop_orbit_left_72_seed40032_M_C_camera_self_temporal_r4_future.mp4,local_assets/targeted_BC_loser_mining_v6b/rollouts_32cond/M_C_camera_self_temporal_r4/videos/01032_drop_orbit_left_72_seed40032_prefix.mp4,local_assets/targeted_BC_loser_mining_v6b/conditions/01032_drop_orbit_left_72_seed40032/clean_future_5_80.mp4,local_assets/targeted_BC_loser_mining_v6b/rollouts_32cond/M_C_camera_self_temporal_r4/contact_sheets/01032_drop_orbit_left_72_seed40032_M_C_camera_self_temporal_r4_prefix_future.jpg,True,True,remaining16,1.919,16.0,832,480,76
01038_drop_orbit_left_72_seed40038,v6b_01038_drop_orbit_left_72_seed40038,drop,orbit_left_72,M0_original_fast,Original Fast,,False,local_assets/targeted_BC_loser_mining_v6b/rollouts_32cond/M0_original_fast/videos/01038_drop_orbit_left_72_seed40038_M0_original_fast.mp4,local_assets/targeted_BC_loser_mining_v6b/rollouts_32cond/M0_original_fast/videos/01038_drop_orbit_left_72_seed40038_M0_original_fast_future.mp4,local_assets/targeted_BC_loser_mining_v6b/rollouts_32cond/M0_original_fast/videos/01038_drop_orbit_left_72_seed40038_prefix.mp4,local_assets/targeted_BC_loser_mining_v6b/conditions/01038_drop_orbit_left_72_seed40038/clean_future_5_80.mp4,local_assets/targeted_BC_loser_mining_v6b/rollouts_32cond/M0_original_fast/contact_sheets/01038_drop_orbit_left_72_seed40038_M0_original_fast_prefix_future.jpg,False,False,remaining16,0,0.0,0,0,0
01038_drop_orbit_left_72_seed40038,v6b_01038_drop_orbit_left_72_seed40038,drop,orbit_left_72,M_B_camera_r8,B camera-only rank8,local_assets/experiments/small_lora_scope_sweep_20260624/train/small_lora_B_camera_r8_train200_20260624_141215/checkpoints/small_lora_B_camera_r8_train200_20260624_141215/high_only_phase/branches/step_000200/fast_stageA_high_noise_adapter,True,local_assets/targeted_BC_loser_mining_v6b/rollouts_32cond/M_B_camera_r8/videos/01038_drop_orbit_left_72_seed40038_M_B_camera_r8.mp4,local_assets/targeted_BC_loser_mining_v6b/rollouts_32cond/M_B_camera_r8/videos/01038_drop_orbit_left_72_seed40038_M_B_camera_r8_future.mp4,local_assets/targeted_BC_loser_mining_v6b/rollouts_32cond/M_B_camera_r8/videos/01038_drop_orbit_left_72_seed40038_prefix.mp4,local_assets/targeted_BC_loser_mining_v6b/conditions/01038_drop_orbit_left_72_seed40038/clean_future_5_80.mp4,local_assets/targeted_BC_loser_mining_v6b/rollouts_32cond/M_B_camera_r8/contact_sheets/01038_drop_orbit_left_72_seed40038_M_B_camera_r8_prefix_future.jpg,True,True,remaining16,2.627,16.0,832,480,76
01038_drop_orbit_left_72_seed40038,v6b_01038_drop_orbit_left_72_seed40038,drop,orbit_left_72,M_C_camera_self_temporal_r4,C camera+self/temporal rank4,local_assets/experiments/small_lora_scope_sweep_20260624/train/small_lora_C_camera_self_r4_train200_20260624_141215/checkpoints/small_lora_C_camera_self_r4_train200_20260624_141215/high_only_phase/branches/step_000200/fast_stageA_high_noise_adapter,True,local_assets/targeted_BC_loser_mining_v6b/rollouts_32cond/M_C_camera_self_temporal_r4/videos/01038_drop_orbit_left_72_seed40038_M_C_camera_self_temporal_r4.mp4,local_assets/targeted_BC_loser_mining_v6b/rollouts_32cond/M_C_camera_self_temporal_r4/videos/01038_drop_orbit_left_72_seed40038_M_C_camera_self_temporal_r4_future.mp4,local_assets/targeted_BC_loser_mining_v6b/rollouts_32cond/M_C_camera_self_temporal_r4/videos/01038_drop_orbit_left_72_seed40038_prefix.mp4,local_assets/targeted_BC_loser_mining_v6b/conditions/01038_drop_orbit_left_72_seed40038/clean_future_5_80.mp4,local_assets/targeted_BC_loser_mining_v6b/rollouts_32cond/M_C_camera_self_temporal_r4/contact_sheets/01038_drop_orbit_left_72_seed40038_M_C_camera_self_temporal_r4_prefix_future.jpg,True,True,remaining16,2.596,16.0,832,480,76
02200_collision_orbit_right_64_seed41200,v6b_02200_collision_orbit_right_64_seed41200,collision,orbit_right_64,M0_original_fast,Original Fast,,False,local_assets/targeted_BC_loser_mining_v6b/rollouts_16cond/M0_original_fast/videos/02200_collision_orbit_right_64_seed41200_M0_original_fast.mp4,local_assets/targeted_BC_loser_mining_v6b/rollouts_16cond/M0_original_fast/videos/02200_collision_orbit_right_64_seed41200_M0_original_fast_future.mp4,local_assets/targeted_BC_loser_mining_v6b/rollouts_16cond/M0_original_fast/videos/02200_collision_orbit_right_64_seed41200_prefix.mp4,local_assets/targeted_BC_loser_mining_v6b/conditions/02200_collision_orbit_right_64_seed41200/clean_future_5_80.mp4,local_assets/targeted_BC_loser_mining_v6b/rollouts_16cond/M0_original_fast/contact_sheets/02200_collision_orbit_right_64_seed41200_M0_original_fast_prefix_future.jpg,True,True,first16,1.382,16.0,832,480,76
02200_collision_orbit_right_64_seed41200,v6b_02200_collision_orbit_right_64_seed41200,collision,orbit_right_64,M_B_camera_r8,B camera-only rank8,local_assets/experiments/small_lora_scope_sweep_20260624/train/small_lora_B_camera_r8_train200_20260624_141215/checkpoints/small_lora_B_camera_r8_train200_20260624_141215/high_only_phase/branches/step_000200/fast_stageA_high_noise_adapter,True,local_assets/targeted_BC_loser_mining_v6b/rollouts_16cond/M_B_camera_r8/videos/02200_collision_orbit_right_64_seed41200_M_B_camera_r8.mp4,local_assets/targeted_BC_loser_mining_v6b/rollouts_16cond/M_B_camera_r8/videos/02200_collision_orbit_right_64_seed41200_M_B_camera_r8_future.mp4,local_assets/targeted_BC_loser_mining_v6b/rollouts_16cond/M_B_camera_r8/videos/02200_collision_orbit_right_64_seed41200_prefix.mp4,local_assets/targeted_BC_loser_mining_v6b/conditions/02200_collision_orbit_right_64_seed41200/clean_future_5_80.mp4,local_assets/targeted_BC_loser_mining_v6b/rollouts_16cond/M_B_camera_r8/contact_sheets/02200_collision_orbit_right_64_seed41200_M_B_camera_r8_prefix_future.jpg,True,True,first16,1.464,16.0,832,480,76
02200_collision_orbit_right_64_seed41200,v6b_02200_collision_orbit_right_64_seed41200,collision,orbit_right_64,M_C_camera_self_temporal_r4,C camera+self/temporal rank4,local_assets/experiments/small_lora_scope_sweep_20260624/train/small_lora_C_camera_self_r4_train200_20260624_141215/checkpoints/small_lora_C_camera_self_r4_train200_20260624_141215/high_only_phase/branches/step_000200/fast_stageA_high_noise_adapter,True,local_assets/targeted_BC_loser_mining_v6b/rollouts_16cond/M_C_camera_self_temporal_r4/videos/02200_collision_orbit_right_64_seed41200_M_C_camera_self_temporal_r4.mp4,local_assets/targeted_BC_loser_mining_v6b/rollouts_16cond/M_C_camera_self_temporal_r4/videos/02200_collision_orbit_right_64_seed41200_M_C_camera_self_temporal_r4_future.mp4,local_assets/targeted_BC_loser_mining_v6b/rollouts_16cond/M_C_camera_self_temporal_r4/videos/02200_collision_orbit_right_64_seed41200_prefix.mp4,local_assets/targeted_BC_loser_mining_v6b/conditions/02200_collision_orbit_right_64_seed41200/clean_future_5_80.mp4,local_assets/targeted_BC_loser_mining_v6b/rollouts_16cond/M_C_camera_self_temporal_r4/contact_sheets/02200_collision_orbit_right_64_seed41200_M_C_camera_self_temporal_r4_prefix_future.jpg,True,True,first16,1.392,16.0,832,480,76
02202_collision_orbit_right_64_seed41202,v6b_02202_collision_orbit_right_64_seed41202,collision,orbit_right_64,M0_original_fast,Original Fast,,False,local_assets/targeted_BC_loser_mining_v6b/rollouts_16cond/M0_original_fast/videos/02202_collision_orbit_right_64_seed41202_M0_original_fast.mp4,local_assets/targeted_BC_loser_mining_v6b/rollouts_16cond/M0_original_fast/videos/02202_collision_orbit_right_64_seed41202_M0_original_fast_future.mp4,local_assets/targeted_BC_loser_mining_v6b/rollouts_16cond/M0_original_fast/videos/02202_collision_orbit_right_64_seed41202_prefix.mp4,local_assets/targeted_BC_loser_mining_v6b/conditions/02202_collision_orbit_right_64_seed41202/clean_future_5_80.mp4,local_assets/targeted_BC_loser_mining_v6b/rollouts_16cond/M0_original_fast/contact_sheets/02202_collision_orbit_right_64_seed41202_M0_original_fast_prefix_future.jpg,True,True,first16,0.995,16.0,832,480,76
02202_collision_orbit_right_64_seed41202,v6b_02202_collision_orbit_right_64_seed41202,collision,orbit_right_64,M_B_camera_r8,B camera-only rank8,local_assets/experiments/small_lora_scope_sweep_20260624/train/small_lora_B_camera_r8_train200_20260624_141215/checkpoints/small_lora_B_camera_r8_train200_20260624_141215/high_only_phase/branches/step_000200/fast_stageA_high_noise_adapter,True,local_assets/targeted_BC_loser_mining_v6b/rollouts_16cond/M_B_camera_r8/videos/02202_collision_orbit_right_64_seed41202_M_B_camera_r8.mp4,local_assets/targeted_BC_loser_mining_v6b/rollouts_16cond/M_B_camera_r8/videos/02202_collision_orbit_right_64_seed41202_M_B_camera_r8_future.mp4,local_assets/targeted_BC_loser_mining_v6b/rollouts_16cond/M_B_camera_r8/videos/02202_collision_orbit_right_64_seed41202_prefix.mp4,local_assets/targeted_BC_loser_mining_v6b/conditions/02202_collision_orbit_right_64_seed41202/clean_future_5_80.mp4,local_assets/targeted_BC_loser_mining_v6b/rollouts_16cond/M_B_camera_r8/contact_sheets/02202_collision_orbit_right_64_seed41202_M_B_camera_r8_prefix_future.jpg,True,True,first16,1.03,16.0,832,480,76
02202_collision_orbit_right_64_seed41202,v6b_02202_collision_orbit_right_64_seed41202,collision,orbit_right_64,M_C_camera_self_temporal_r4,C camera+self/temporal rank4,local_assets/experiments/small_lora_scope_sweep_20260624/train/small_lora_C_camera_self_r4_train200_20260624_141215/checkpoints/small_lora_C_camera_self_r4_train200_20260624_141215/high_only_phase/branches/step_000200/fast_stageA_high_noise_adapter,True,local_assets/targeted_BC_loser_mining_v6b/rollouts_16cond/M_C_camera_self_temporal_r4/videos/02202_collision_orbit_right_64_seed41202_M_C_camera_self_temporal_r4.mp4,local_assets/targeted_BC_loser_mining_v6b/rollouts_16cond/M_C_camera_self_temporal_r4/videos/02202_collision_orbit_right_64_seed41202_M_C_camera_self_temporal_r4_future.mp4,local_assets/targeted_BC_loser_mining_v6b/rollouts_16cond/M_C_camera_self_temporal_r4/videos/02202_collision_orbit_right_64_seed41202_prefix.mp4,local_assets/targeted_BC_loser_mining_v6b/conditions/02202_collision_orbit_right_64_seed41202/clean_future_5_80.mp4,local_assets/targeted_BC_loser_mining_v6b/rollouts_16cond/M_C_camera_self_temporal_r4/contact_sheets/02202_collision_orbit_right_64_seed41202_M_C_camera_self_temporal_r4_prefix_future.jpg,True,True,first16,1.006,16.0,832,480,76
02222_collision_orbit_right_64_seed41222,v6b_02222_collision_orbit_right_64_seed41222,collision,orbit_right_64,M0_original_fast,Original Fast,,False,local_assets/targeted_BC_loser_mining_v6b/rollouts_16cond/M0_original_fast/videos/02222_collision_orbit_right_64_seed41222_M0_original_fast.mp4,local_assets/targeted_BC_loser_mining_v6b/rollouts_16cond/M0_original_fast/videos/02222_collision_orbit_right_64_seed41222_M0_original_fast_future.mp4,local_assets/targeted_BC_loser_mining_v6b/rollouts_16cond/M0_original_fast/videos/02222_collision_orbit_right_64_seed41222_prefix.mp4,local_assets/targeted_BC_loser_mining_v6b/conditions/02222_collision_orbit_right_64_seed41222/clean_future_5_80.mp4,local_assets/targeted_BC_loser_mining_v6b/rollouts_16cond/M0_original_fast/contact_sheets/02222_collision_orbit_right_64_seed41222_M0_original_fast_prefix_future.jpg,True,True,first16,1.553,16.0,832,480,76
02222_collision_orbit_right_64_seed41222,v6b_02222_collision_orbit_right_64_seed41222,collision,orbit_right_64,M_B_camera_r8,B camera-only rank8,local_assets/experiments/small_lora_scope_sweep_20260624/train/small_lora_B_camera_r8_train200_20260624_141215/checkpoints/small_lora_B_camera_r8_train200_20260624_141215/high_only_phase/branches/step_000200/fast_stageA_high_noise_adapter,True,local_assets/targeted_BC_loser_mining_v6b/rollouts_16cond/M_B_camera_r8/videos/02222_collision_orbit_right_64_seed41222_M_B_camera_r8.mp4,local_assets/targeted_BC_loser_mining_v6b/rollouts_16cond/M_B_camera_r8/videos/02222_collision_orbit_right_64_seed41222_M_B_camera_r8_future.mp4,local_assets/targeted_BC_loser_mining_v6b/rollouts_16cond/M_B_camera_r8/videos/02222_collision_orbit_right_64_seed41222_prefix.mp4,local_assets/targeted_BC_loser_mining_v6b/conditions/02222_collision_orbit_right_64_seed41222/clean_future_5_80.mp4,local_assets/targeted_BC_loser_mining_v6b/rollouts_16cond/M_B_camera_r8/contact_sheets/02222_collision_orbit_right_64_seed41222_M_B_camera_r8_prefix_future.jpg,True,True,first16,1.605,16.0,832,480,76
02222_collision_orbit_right_64_seed41222,v6b_02222_collision_orbit_right_64_seed41222,collision,orbit_right_64,M_C_camera_self_temporal_r4,C camera+self/temporal rank4,local_assets/experiments/small_lora_scope_sweep_20260624/train/small_lora_C_camera_self_r4_train200_20260624_141215/checkpoints/small_lora_C_camera_self_r4_train200_20260624_141215/high_only_phase/branches/step_000200/fast_stageA_high_noise_adapter,True,local_assets/targeted_BC_loser_mining_v6b/rollouts_16cond/M_C_camera_self_temporal_r4/videos/02222_collision_orbit_right_64_seed41222_M_C_camera_self_temporal_r4.mp4,local_assets/targeted_BC_loser_mining_v6b/rollouts_16cond/M_C_camera_self_temporal_r4/videos/02222_collision_orbit_right_64_seed41222_M_C_camera_self_temporal_r4_future.mp4,local_assets/targeted_BC_loser_mining_v6b/rollouts_16cond/M_C_camera_self_temporal_r4/videos/02222_collision_orbit_right_64_seed41222_prefix.mp4,local_assets/targeted_BC_loser_mining_v6b/conditions/02222_collision_orbit_right_64_seed41222/clean_future_5_80.mp4,local_assets/targeted_BC_loser_mining_v6b/rollouts_16cond/M_C_camera_self_temporal_r4/contact_sheets/02222_collision_orbit_right_64_seed41222_M_C_camera_self_temporal_r4_prefix_future.jpg,True,True,first16,1.588,16.0,832,480,76
02226_collision_orbit_right_64_seed41226,v6b_02226_collision_orbit_right_64_seed41226,collision,orbit_right_64,M0_original_fast,Original Fast,,False,local_assets/targeted_BC_loser_mining_v6b/rollouts_16cond/M0_original_fast/videos/02226_collision_orbit_right_64_seed41226_M0_original_fast.mp4,local_assets/targeted_BC_loser_mining_v6b/rollouts_16cond/M0_original_fast/videos/02226_collision_orbit_right_64_seed41226_M0_original_fast_future.mp4,local_assets/targeted_BC_loser_mining_v6b/rollouts_16cond/M0_original_fast/videos/02226_collision_orbit_right_64_seed41226_prefix.mp4,local_assets/targeted_BC_loser_mining_v6b/conditions/02226_collision_orbit_right_64_seed41226/clean_future_5_80.mp4,local_assets/targeted_BC_loser_mining_v6b/rollouts_16cond/M0_original_fast/contact_sheets/02226_collision_orbit_right_64_seed41226_M0_original_fast_prefix_future.jpg,True,True,first16,1.307,16.0,832,480,76
02226_collision_orbit_right_64_seed41226,v6b_02226_collision_orbit_right_64_seed41226,collision,orbit_right_64,M_B_camera_r8,B camera-only rank8,local_assets/experiments/small_lora_scope_sweep_20260624/train/small_lora_B_camera_r8_train200_20260624_141215/checkpoints/small_lora_B_camera_r8_train200_20260624_141215/high_only_phase/branches/step_000200/fast_stageA_high_noise_adapter,True,local_assets/targeted_BC_loser_mining_v6b/rollouts_16cond/M_B_camera_r8/videos/02226_collision_orbit_right_64_seed41226_M_B_camera_r8.mp4,local_assets/targeted_BC_loser_mining_v6b/rollouts_16cond/M_B_camera_r8/videos/02226_collision_orbit_right_64_seed41226_M_B_camera_r8_future.mp4,local_assets/targeted_BC_loser_mining_v6b/rollouts_16cond/M_B_camera_r8/videos/02226_collision_orbit_right_64_seed41226_prefix.mp4,local_assets/targeted_BC_loser_mining_v6b/conditions/02226_collision_orbit_right_64_seed41226/clean_future_5_80.mp4,local_assets/targeted_BC_loser_mining_v6b/rollouts_16cond/M_B_camera_r8/contact_sheets/02226_collision_orbit_right_64_seed41226_M_B_camera_r8_prefix_future.jpg,True,True,first16,1.324,16.0,832,480,76
02226_collision_orbit_right_64_seed41226,v6b_02226_collision_orbit_right_64_seed41226,collision,orbit_right_64,M_C_camera_self_temporal_r4,C camera+self/temporal rank4,local_assets/experiments/small_lora_scope_sweep_20260624/train/small_lora_C_camera_self_r4_train200_20260624_141215/checkpoints/small_lora_C_camera_self_r4_train200_20260624_141215/high_only_phase/branches/step_000200/fast_stageA_high_noise_adapter,True,local_assets/targeted_BC_loser_mining_v6b/rollouts_16cond/M_C_camera_self_temporal_r4/videos/02226_collision_orbit_right_64_seed41226_M_C_camera_self_temporal_r4.mp4,local_assets/targeted_BC_loser_mining_v6b/rollouts_16cond/M_C_camera_self_temporal_r4/videos/02226_collision_orbit_right_64_seed41226_M_C_camera_self_temporal_r4_future.mp4,local_assets/targeted_BC_loser_mining_v6b/rollouts_16cond/M_C_camera_self_temporal_r4/videos/02226_collision_orbit_right_64_seed41226_prefix.mp4,local_assets/targeted_BC_loser_mining_v6b/conditions/02226_collision_orbit_right_64_seed41226/clean_future_5_80.mp4,local_assets/targeted_BC_loser_mining_v6b/rollouts_16cond/M_C_camera_self_temporal_r4/contact_sheets/02226_collision_orbit_right_64_seed41226_M_C_camera_self_temporal_r4_prefix_future.jpg,True,True,first16,1.346,16.0,832,480,76
02228_collision_orbit_right_64_seed41228,v6b_02228_collision_orbit_right_64_seed41228,collision,orbit_right_64,M0_original_fast,Original Fast,,False,local_assets/targeted_BC_loser_mining_v6b/rollouts_32cond/M0_original_fast/videos/02228_collision_orbit_right_64_seed41228_M0_original_fast.mp4,local_assets/targeted_BC_loser_mining_v6b/rollouts_32cond/M0_original_fast/videos/02228_collision_orbit_right_64_seed41228_M0_original_fast_future.mp4,local_assets/targeted_BC_loser_mining_v6b/rollouts_32cond/M0_original_fast/videos/02228_collision_orbit_right_64_seed41228_prefix.mp4,local_assets/targeted_BC_loser_mining_v6b/conditions/02228_collision_orbit_right_64_seed41228/clean_future_5_80.mp4,local_assets/targeted_BC_loser_mining_v6b/rollouts_32cond/M0_original_fast/contact_sheets/02228_collision_orbit_right_64_seed41228_M0_original_fast_prefix_future.jpg,False,False,remaining16,0,0.0,0,0,0
02228_collision_orbit_right_64_seed41228,v6b_02228_collision_orbit_right_64_seed41228,collision,orbit_right_64,M_B_camera_r8,B camera-only rank8,local_assets/experiments/small_lora_scope_sweep_20260624/train/small_lora_B_camera_r8_train200_20260624_141215/checkpoints/small_lora_B_camera_r8_train200_20260624_141215/high_only_phase/branches/step_000200/fast_stageA_high_noise_adapter,True,local_assets/targeted_BC_loser_mining_v6b/rollouts_32cond/M_B_camera_r8/videos/02228_collision_orbit_right_64_seed41228_M_B_camera_r8.mp4,local_assets/targeted_BC_loser_mining_v6b/rollouts_32cond/M_B_camera_r8/videos/02228_collision_orbit_right_64_seed41228_M_B_camera_r8_future.mp4,local_assets/targeted_BC_loser_mining_v6b/rollouts_32cond/M_B_camera_r8/videos/02228_collision_orbit_right_64_seed41228_prefix.mp4,local_assets/targeted_BC_loser_mining_v6b/conditions/02228_collision_orbit_right_64_seed41228/clean_future_5_80.mp4,local_assets/targeted_BC_loser_mining_v6b/rollouts_32cond/M_B_camera_r8/contact_sheets/02228_collision_orbit_right_64_seed41228_M_B_camera_r8_prefix_future.jpg,True,True,remaining16,1.127,16.0,832,480,76
02228_collision_orbit_right_64_seed41228,v6b_02228_collision_orbit_right_64_seed41228,collision,orbit_right_64,M_C_camera_self_temporal_r4,C camera+self/temporal rank4,local_assets/experiments/small_lora_scope_sweep_20260624/train/small_lora_C_camera_self_r4_train200_20260624_141215/checkpoints/small_lora_C_camera_self_r4_train200_20260624_141215/high_only_phase/branches/step_000200/fast_stageA_high_noise_adapter,True,local_assets/targeted_BC_loser_mining_v6b/rollouts_32cond/M_C_camera_self_temporal_r4/videos/02228_collision_orbit_right_64_seed41228_M_C_camera_self_temporal_r4.mp4,local_assets/targeted_BC_loser_mining_v6b/rollouts_32cond/M_C_camera_self_temporal_r4/videos/02228_collision_orbit_right_64_seed41228_M_C_camera_self_temporal_r4_future.mp4,local_assets/targeted_BC_loser_mining_v6b/rollouts_32cond/M_C_camera_self_temporal_r4/videos/02228_collision_orbit_right_64_seed41228_prefix.mp4,local_assets/targeted_BC_loser_mining_v6b/conditions/02228_collision_orbit_right_64_seed41228/clean_future_5_80.mp4,local_assets/targeted_BC_loser_mining_v6b/rollouts_32cond/M_C_camera_self_temporal_r4/contact_sheets/02228_collision_orbit_right_64_seed41228_M_C_camera_self_temporal_r4_prefix_future.jpg,True,True,remaining16,1.108,16.0,832,480,76
02262_collision_orbit_right_64_seed41262,v6b_02262_collision_orbit_right_64_seed41262,collision,orbit_right_64,M0_original_fast,Original Fast,,False,local_assets/targeted_BC_loser_mining_v6b/rollouts_32cond/M0_original_fast/videos/02262_collision_orbit_right_64_seed41262_M0_original_fast.mp4,local_assets/targeted_BC_loser_mining_v6b/rollouts_32cond/M0_original_fast/videos/02262_collision_orbit_right_64_seed41262_M0_original_fast_future.mp4,local_assets/targeted_BC_loser_mining_v6b/rollouts_32cond/M0_original_fast/videos/02262_collision_orbit_right_64_seed41262_prefix.mp4,local_assets/targeted_BC_loser_mining_v6b/conditions/02262_collision_orbit_right_64_seed41262/clean_future_5_80.mp4,local_assets/targeted_BC_loser_mining_v6b/rollouts_32cond/M0_original_fast/contact_sheets/02262_collision_orbit_right_64_seed41262_M0_original_fast_prefix_future.jpg,False,False,remaining16,0,0.0,0,0,0
02262_collision_orbit_right_64_seed41262,v6b_02262_collision_orbit_right_64_seed41262,collision,orbit_right_64,M_B_camera_r8,B camera-only rank8,local_assets/experiments/small_lora_scope_sweep_20260624/train/small_lora_B_camera_r8_train200_20260624_141215/checkpoints/small_lora_B_camera_r8_train200_20260624_141215/high_only_phase/branches/step_000200/fast_stageA_high_noise_adapter,True,local_assets/targeted_BC_loser_mining_v6b/rollouts_32cond/M_B_camera_r8/videos/02262_collision_orbit_right_64_seed41262_M_B_camera_r8.mp4,local_assets/targeted_BC_loser_mining_v6b/rollouts_32cond/M_B_camera_r8/videos/02262_collision_orbit_right_64_seed41262_M_B_camera_r8_future.mp4,local_assets/targeted_BC_loser_mining_v6b/rollouts_32cond/M_B_camera_r8/videos/02262_collision_orbit_right_64_seed41262_prefix.mp4,local_assets/targeted_BC_loser_mining_v6b/conditions/02262_collision_orbit_right_64_seed41262/clean_future_5_80.mp4,local_assets/targeted_BC_loser_mining_v6b/rollouts_32cond/M_B_camera_r8/contact_sheets/02262_collision_orbit_right_64_seed41262_M_B_camera_r8_prefix_future.jpg,True,True,remaining16,1.189,16.0,832,480,76
02262_collision_orbit_right_64_seed41262,v6b_02262_collision_orbit_right_64_seed41262,collision,orbit_right_64,M_C_camera_self_temporal_r4,C camera+self/temporal rank4,local_assets/experiments/small_lora_scope_sweep_20260624/train/small_lora_C_camera_self_r4_train200_20260624_141215/checkpoints/small_lora_C_camera_self_r4_train200_20260624_141215/high_only_phase/branches/step_000200/fast_stageA_high_noise_adapter,True,local_assets/targeted_BC_loser_mining_v6b/rollouts_32cond/M_C_camera_self_temporal_r4/videos/02262_collision_orbit_right_64_seed41262_M_C_camera_self_temporal_r4.mp4,local_assets/targeted_BC_loser_mining_v6b/rollouts_32cond/M_C_camera_self_temporal_r4/videos/02262_collision_orbit_right_64_seed41262_M_C_camera_self_temporal_r4_future.mp4,local_assets/targeted_BC_loser_mining_v6b/rollouts_32cond/M_C_camera_self_temporal_r4/videos/02262_collision_orbit_right_64_seed41262_prefix.mp4,local_assets/targeted_BC_loser_mining_v6b/conditions/02262_collision_orbit_right_64_seed41262/clean_future_5_80.mp4,local_assets/targeted_BC_loser_mining_v6b/rollouts_32cond/M_C_camera_self_temporal_r4/contact_sheets/02262_collision_orbit_right_64_seed41262_M_C_camera_self_temporal_r4_prefix_future.jpg,True,True,remaining16,1.214,16.0,832,480,76
02276_collision_orbit_right_64_seed41276,v6b_02276_collision_orbit_right_64_seed41276,collision,orbit_right_64,M0_original_fast,Original Fast,,False,local_assets/targeted_BC_loser_mining_v6b/rollouts_32cond/M0_original_fast/videos/02276_collision_orbit_right_64_seed41276_M0_original_fast.mp4,local_assets/targeted_BC_loser_mining_v6b/rollouts_32cond/M0_original_fast/videos/02276_collision_orbit_right_64_seed41276_M0_original_fast_future.mp4,local_assets/targeted_BC_loser_mining_v6b/rollouts_32cond/M0_original_fast/videos/02276_collision_orbit_right_64_seed41276_prefix.mp4,local_assets/targeted_BC_loser_mining_v6b/conditions/02276_collision_orbit_right_64_seed41276/clean_future_5_80.mp4,local_assets/targeted_BC_loser_mining_v6b/rollouts_32cond/M0_original_fast/contact_sheets/02276_collision_orbit_right_64_seed41276_M0_original_fast_prefix_future.jpg,False,False,remaining16,0,0.0,0,0,0
02276_collision_orbit_right_64_seed41276,v6b_02276_collision_orbit_right_64_seed41276,collision,orbit_right_64,M_B_camera_r8,B camera-only rank8,local_assets/experiments/small_lora_scope_sweep_20260624/train/small_lora_B_camera_r8_train200_20260624_141215/checkpoints/small_lora_B_camera_r8_train200_20260624_141215/high_only_phase/branches/step_000200/fast_stageA_high_noise_adapter,True,local_assets/targeted_BC_loser_mining_v6b/rollouts_32cond/M_B_camera_r8/videos/02276_collision_orbit_right_64_seed41276_M_B_camera_r8.mp4,local_assets/targeted_BC_loser_mining_v6b/rollouts_32cond/M_B_camera_r8/videos/02276_collision_orbit_right_64_seed41276_M_B_camera_r8_future.mp4,local_assets/targeted_BC_loser_mining_v6b/rollouts_32cond/M_B_camera_r8/videos/02276_collision_orbit_right_64_seed41276_prefix.mp4,local_assets/targeted_BC_loser_mining_v6b/conditions/02276_collision_orbit_right_64_seed41276/clean_future_5_80.mp4,local_assets/targeted_BC_loser_mining_v6b/rollouts_32cond/M_B_camera_r8/contact_sheets/02276_collision_orbit_right_64_seed41276_M_B_camera_r8_prefix_future.jpg,True,True,remaining16,1.906,16.0,832,480,76
02276_collision_orbit_right_64_seed41276,v6b_02276_collision_orbit_right_64_seed41276,collision,orbit_right_64,M_C_camera_self_temporal_r4,C camera+self/temporal rank4,local_assets/experiments/small_lora_scope_sweep_20260624/train/small_lora_C_camera_self_r4_train200_20260624_141215/checkpoints/small_lora_C_camera_self_r4_train200_20260624_141215/high_only_phase/branches/step_000200/fast_stageA_high_noise_adapter,True,local_assets/targeted_BC_loser_mining_v6b/rollouts_32cond/M_C_camera_self_temporal_r4/videos/02276_collision_orbit_right_64_seed41276_M_C_camera_self_temporal_r4.mp4,local_assets/targeted_BC_loser_mining_v6b/rollouts_32cond/M_C_camera_self_temporal_r4/videos/02276_collision_orbit_right_64_seed41276_M_C_camera_self_temporal_r4_future.mp4,local_assets/targeted_BC_loser_mining_v6b/rollouts_32cond/M_C_camera_self_temporal_r4/videos/02276_collision_orbit_right_64_seed41276_prefix.mp4,local_assets/targeted_BC_loser_mining_v6b/conditions/02276_collision_orbit_right_64_seed41276/clean_future_5_80.mp4,local_assets/targeted_BC_loser_mining_v6b/rollouts_32cond/M_C_camera_self_temporal_r4/contact_sheets/02276_collision_orbit_right_64_seed41276_M_C_camera_self_temporal_r4_prefix_future.jpg,True,True,remaining16,1.893,16.0,832,480,76
02284_collision_orbit_right_64_seed41284,v6b_02284_collision_orbit_right_64_seed41284,collision,orbit_right_64,M0_original_fast,Original Fast,,False,local_assets/targeted_BC_loser_mining_v6b/rollouts_32cond/M0_original_fast/videos/02284_collision_orbit_right_64_seed41284_M0_original_fast.mp4,local_assets/targeted_BC_loser_mining_v6b/rollouts_32cond/M0_original_fast/videos/02284_collision_orbit_right_64_seed41284_M0_original_fast_future.mp4,local_assets/targeted_BC_loser_mining_v6b/rollouts_32cond/M0_original_fast/videos/02284_collision_orbit_right_64_seed41284_prefix.mp4,local_assets/targeted_BC_loser_mining_v6b/conditions/02284_collision_orbit_right_64_seed41284/clean_future_5_80.mp4,local_assets/targeted_BC_loser_mining_v6b/rollouts_32cond/M0_original_fast/contact_sheets/02284_collision_orbit_right_64_seed41284_M0_original_fast_prefix_future.jpg,False,False,remaining16,0,0.0,0,0,0
02284_collision_orbit_right_64_seed41284,v6b_02284_collision_orbit_right_64_seed41284,collision,orbit_right_64,M_B_camera_r8,B camera-only rank8,local_assets/experiments/small_lora_scope_sweep_20260624/train/small_lora_B_camera_r8_train200_20260624_141215/checkpoints/small_lora_B_camera_r8_train200_20260624_141215/high_only_phase/branches/step_000200/fast_stageA_high_noise_adapter,True,local_assets/targeted_BC_loser_mining_v6b/rollouts_32cond/M_B_camera_r8/videos/02284_collision_orbit_right_64_seed41284_M_B_camera_r8.mp4,local_assets/targeted_BC_loser_mining_v6b/rollouts_32cond/M_B_camera_r8/videos/02284_collision_orbit_right_64_seed41284_M_B_camera_r8_future.mp4,local_assets/targeted_BC_loser_mining_v6b/rollouts_32cond/M_B_camera_r8/videos/02284_collision_orbit_right_64_seed41284_prefix.mp4,local_assets/targeted_BC_loser_mining_v6b/conditions/02284_collision_orbit_right_64_seed41284/clean_future_5_80.mp4,local_assets/targeted_BC_loser_mining_v6b/rollouts_32cond/M_B_camera_r8/contact_sheets/02284_collision_orbit_right_64_seed41284_M_B_camera_r8_prefix_future.jpg,True,True,remaining16,1.498,16.0,832,480,76
02284_collision_orbit_right_64_seed41284,v6b_02284_collision_orbit_right_64_seed41284,collision,orbit_right_64,M_C_camera_self_temporal_r4,C camera+self/temporal rank4,local_assets/experiments/small_lora_scope_sweep_20260624/train/small_lora_C_camera_self_r4_train200_20260624_141215/checkpoints/small_lora_C_camera_self_r4_train200_20260624_141215/high_only_phase/branches/step_000200/fast_stageA_high_noise_adapter,True,local_assets/targeted_BC_loser_mining_v6b/rollouts_32cond/M_C_camera_self_temporal_r4/videos/02284_collision_orbit_right_64_seed41284_M_C_camera_self_temporal_r4.mp4,local_assets/targeted_BC_loser_mining_v6b/rollouts_32cond/M_C_camera_self_temporal_r4/videos/02284_collision_orbit_right_64_seed41284_M_C_camera_self_temporal_r4_future.mp4,local_assets/targeted_BC_loser_mining_v6b/rollouts_32cond/M_C_camera_self_temporal_r4/videos/02284_collision_orbit_right_64_seed41284_prefix.mp4,local_assets/targeted_BC_loser_mining_v6b/conditions/02284_collision_orbit_right_64_seed41284/clean_future_5_80.mp4,local_assets/targeted_BC_loser_mining_v6b/rollouts_32cond/M_C_camera_self_temporal_r4/contact_sheets/02284_collision_orbit_right_64_seed41284_M_C_camera_self_temporal_r4_prefix_future.jpg,True,True,remaining16,1.48,16.0,832,480,76
03409_roll_orbit_right_60_seed42409,v6b_03409_roll_orbit_right_60_seed42409,roll,orbit_right_60,M0_original_fast,Original Fast,,False,local_assets/targeted_BC_loser_mining_v6b/rollouts_16cond/M0_original_fast/videos/03409_roll_orbit_right_60_seed42409_M0_original_fast.mp4,local_assets/targeted_BC_loser_mining_v6b/rollouts_16cond/M0_original_fast/videos/03409_roll_orbit_right_60_seed42409_M0_original_fast_future.mp4,local_assets/targeted_BC_loser_mining_v6b/rollouts_16cond/M0_original_fast/videos/03409_roll_orbit_right_60_seed42409_prefix.mp4,local_assets/targeted_BC_loser_mining_v6b/conditions/03409_roll_orbit_right_60_seed42409/clean_future_5_80.mp4,local_assets/targeted_BC_loser_mining_v6b/rollouts_16cond/M0_original_fast/contact_sheets/03409_roll_orbit_right_60_seed42409_M0_original_fast_prefix_future.jpg,True,True,first16,1.289,16.0,832,480,76
03409_roll_orbit_right_60_seed42409,v6b_03409_roll_orbit_right_60_seed42409,roll,orbit_right_60,M_B_camera_r8,B camera-only rank8,local_assets/experiments/small_lora_scope_sweep_20260624/train/small_lora_B_camera_r8_train200_20260624_141215/checkpoints/small_lora_B_camera_r8_train200_20260624_141215/high_only_phase/branches/step_000200/fast_stageA_high_noise_adapter,True,local_assets/targeted_BC_loser_mining_v6b/rollouts_16cond/M_B_camera_r8/videos/03409_roll_orbit_right_60_seed42409_M_B_camera_r8.mp4,local_assets/targeted_BC_loser_mining_v6b/rollouts_16cond/M_B_camera_r8/videos/03409_roll_orbit_right_60_seed42409_M_B_camera_r8_future.mp4,local_assets/targeted_BC_loser_mining_v6b/rollouts_16cond/M_B_camera_r8/videos/03409_roll_orbit_right_60_seed42409_prefix.mp4,local_assets/targeted_BC_loser_mining_v6b/conditions/03409_roll_orbit_right_60_seed42409/clean_future_5_80.mp4,local_assets/targeted_BC_loser_mining_v6b/rollouts_16cond/M_B_camera_r8/contact_sheets/03409_roll_orbit_right_60_seed42409_M_B_camera_r8_prefix_future.jpg,True,True,first16,1.318,16.0,832,480,76
03409_roll_orbit_right_60_seed42409,v6b_03409_roll_orbit_right_60_seed42409,roll,orbit_right_60,M_C_camera_self_temporal_r4,C camera+self/temporal rank4,local_assets/experiments/small_lora_scope_sweep_20260624/train/small_lora_C_camera_self_r4_train200_20260624_141215/checkpoints/small_lora_C_camera_self_r4_train200_20260624_141215/high_only_phase/branches/step_000200/fast_stageA_high_noise_adapter,True,local_assets/targeted_BC_loser_mining_v6b/rollouts_16cond/M_C_camera_self_temporal_r4/videos/03409_roll_orbit_right_60_seed42409_M_C_camera_self_temporal_r4.mp4,local_assets/targeted_BC_loser_mining_v6b/rollouts_16cond/M_C_camera_self_temporal_r4/videos/03409_roll_orbit_right_60_seed42409_M_C_camera_self_temporal_r4_future.mp4,local_assets/targeted_BC_loser_mining_v6b/rollouts_16cond/M_C_camera_self_temporal_r4/videos/03409_roll_orbit_right_60_seed42409_prefix.mp4,local_assets/targeted_BC_loser_mining_v6b/conditions/03409_roll_orbit_right_60_seed42409/clean_future_5_80.mp4,local_assets/targeted_BC_loser_mining_v6b/rollouts_16cond/M_C_camera_self_temporal_r4/contact_sheets/03409_roll_orbit_right_60_seed42409_M_C_camera_self_temporal_r4_prefix_future.jpg,True,True,first16,1.358,16.0,832,480,76
03410_roll_orbit_right_60_seed42410,v6b_03410_roll_orbit_right_60_seed42410,roll,orbit_right_60,M0_original_fast,Original Fast,,False,local_assets/targeted_BC_loser_mining_v6b/rollouts_16cond/M0_original_fast/videos/03410_roll_orbit_right_60_seed42410_M0_original_fast.mp4,local_assets/targeted_BC_loser_mining_v6b/rollouts_16cond/M0_original_fast/videos/03410_roll_orbit_right_60_seed42410_M0_original_fast_future.mp4,local_assets/targeted_BC_loser_mining_v6b/rollouts_16cond/M0_original_fast/videos/03410_roll_orbit_right_60_seed42410_prefix.mp4,local_assets/targeted_BC_loser_mining_v6b/conditions/03410_roll_orbit_right_60_seed42410/clean_future_5_80.mp4,local_assets/targeted_BC_loser_mining_v6b/rollouts_16cond/M0_original_fast/contact_sheets/03410_roll_orbit_right_60_seed42410_M0_original_fast_prefix_future.jpg,True,True,first16,1.762,16.0,832,480,76
03410_roll_orbit_right_60_seed42410,v6b_03410_roll_orbit_right_60_seed42410,roll,orbit_right_60,M_B_camera_r8,B camera-only rank8,local_assets/experiments/small_lora_scope_sweep_20260624/train/small_lora_B_camera_r8_train200_20260624_141215/checkpoints/small_lora_B_camera_r8_train200_20260624_141215/high_only_phase/branches/step_000200/fast_stageA_high_noise_adapter,True,local_assets/targeted_BC_loser_mining_v6b/rollouts_16cond/M_B_camera_r8/videos/03410_roll_orbit_right_60_seed42410_M_B_camera_r8.mp4,local_assets/targeted_BC_loser_mining_v6b/rollouts_16cond/M_B_camera_r8/videos/03410_roll_orbit_right_60_seed42410_M_B_camera_r8_future.mp4,local_assets/targeted_BC_loser_mining_v6b/rollouts_16cond/M_B_camera_r8/videos/03410_roll_orbit_right_60_seed42410_prefix.mp4,local_assets/targeted_BC_loser_mining_v6b/conditions/03410_roll_orbit_right_60_seed42410/clean_future_5_80.mp4,local_assets/targeted_BC_loser_mining_v6b/rollouts_16cond/M_B_camera_r8/contact_sheets/03410_roll_orbit_right_60_seed42410_M_B_camera_r8_prefix_future.jpg,True,True,first16,1.774,16.0,832,480,76
03410_roll_orbit_right_60_seed42410,v6b_03410_roll_orbit_right_60_seed42410,roll,orbit_right_60,M_C_camera_self_temporal_r4,C camera+self/temporal rank4,local_assets/experiments/small_lora_scope_sweep_20260624/train/small_lora_C_camera_self_r4_train200_20260624_141215/checkpoints/small_lora_C_camera_self_r4_train200_20260624_141215/high_only_phase/branches/step_000200/fast_stageA_high_noise_adapter,True,local_assets/targeted_BC_loser_mining_v6b/rollouts_16cond/M_C_camera_self_temporal_r4/videos/03410_roll_orbit_right_60_seed42410_M_C_camera_self_temporal_r4.mp4,local_assets/targeted_BC_loser_mining_v6b/rollouts_16cond/M_C_camera_self_temporal_r4/videos/03410_roll_orbit_right_60_seed42410_M_C_camera_self_temporal_r4_future.mp4,local_assets/targeted_BC_loser_mining_v6b/rollouts_16cond/M_C_camera_self_temporal_r4/videos/03410_roll_orbit_right_60_seed42410_prefix.mp4,local_assets/targeted_BC_loser_mining_v6b/conditions/03410_roll_orbit_right_60_seed42410/clean_future_5_80.mp4,local_assets/targeted_BC_loser_mining_v6b/rollouts_16cond/M_C_camera_self_temporal_r4/contact_sheets/03410_roll_orbit_right_60_seed42410_M_C_camera_self_temporal_r4_prefix_future.jpg,True,True,first16,1.766,16.0,832,480,76
03413_roll_orbit_right_60_seed42413,v6b_03413_roll_orbit_right_60_seed42413,roll,orbit_right_60,M0_original_fast,Original Fast,,False,local_assets/targeted_BC_loser_mining_v6b/rollouts_16cond/M0_original_fast/videos/03413_roll_orbit_right_60_seed42413_M0_original_fast.mp4,local_assets/targeted_BC_loser_mining_v6b/rollouts_16cond/M0_original_fast/videos/03413_roll_orbit_right_60_seed42413_M0_original_fast_future.mp4,local_assets/targeted_BC_loser_mining_v6b/rollouts_16cond/M0_original_fast/videos/03413_roll_orbit_right_60_seed42413_prefix.mp4,local_assets/targeted_BC_loser_mining_v6b/conditions/03413_roll_orbit_right_60_seed42413/clean_future_5_80.mp4,local_assets/targeted_BC_loser_mining_v6b/rollouts_16cond/M0_original_fast/contact_sheets/03413_roll_orbit_right_60_seed42413_M0_original_fast_prefix_future.jpg,True,True,first16,0.944,16.0,832,480,76
03413_roll_orbit_right_60_seed42413,v6b_03413_roll_orbit_right_60_seed42413,roll,orbit_right_60,M_B_camera_r8,B camera-only rank8,local_assets/experiments/small_lora_scope_sweep_20260624/train/small_lora_B_camera_r8_train200_20260624_141215/checkpoints/small_lora_B_camera_r8_train200_20260624_141215/high_only_phase/branches/step_000200/fast_stageA_high_noise_adapter,True,local_assets/targeted_BC_loser_mining_v6b/rollouts_16cond/M_B_camera_r8/videos/03413_roll_orbit_right_60_seed42413_M_B_camera_r8.mp4,local_assets/targeted_BC_loser_mining_v6b/rollouts_16cond/M_B_camera_r8/videos/03413_roll_orbit_right_60_seed42413_M_B_camera_r8_future.mp4,local_assets/targeted_BC_loser_mining_v6b/rollouts_16cond/M_B_camera_r8/videos/03413_roll_orbit_right_60_seed42413_prefix.mp4,local_assets/targeted_BC_loser_mining_v6b/conditions/03413_roll_orbit_right_60_seed42413/clean_future_5_80.mp4,local_assets/targeted_BC_loser_mining_v6b/rollouts_16cond/M_B_camera_r8/contact_sheets/03413_roll_orbit_right_60_seed42413_M_B_camera_r8_prefix_future.jpg,True,True,first16,0.968,16.0,832,480,76
03413_roll_orbit_right_60_seed42413,v6b_03413_roll_orbit_right_60_seed42413,roll,orbit_right_60,M_C_camera_self_temporal_r4,C camera+self/temporal rank4,local_assets/experiments/small_lora_scope_sweep_20260624/train/small_lora_C_camera_self_r4_train200_20260624_141215/checkpoints/small_lora_C_camera_self_r4_train200_20260624_141215/high_only_phase/branches/step_000200/fast_stageA_high_noise_adapter,True,local_assets/targeted_BC_loser_mining_v6b/rollouts_16cond/M_C_camera_self_temporal_r4/videos/03413_roll_orbit_right_60_seed42413_M_C_camera_self_temporal_r4.mp4,local_assets/targeted_BC_loser_mining_v6b/rollouts_16cond/M_C_camera_self_temporal_r4/videos/03413_roll_orbit_right_60_seed42413_M_C_camera_self_temporal_r4_future.mp4,local_assets/targeted_BC_loser_mining_v6b/rollouts_16cond/M_C_camera_self_temporal_r4/videos/03413_roll_orbit_right_60_seed42413_prefix.mp4,local_assets/targeted_BC_loser_mining_v6b/conditions/03413_roll_orbit_right_60_seed42413/clean_future_5_80.mp4,local_assets/targeted_BC_loser_mining_v6b/rollouts_16cond/M_C_camera_self_temporal_r4/contact_sheets/03413_roll_orbit_right_60_seed42413_M_C_camera_self_temporal_r4_prefix_future.jpg,True,True,first16,0.939,16.0,832,480,76
03418_roll_orbit_right_60_seed42418,v6b_03418_roll_orbit_right_60_seed42418,roll,orbit_right_60,M0_original_fast,Original Fast,,False,local_assets/targeted_BC_loser_mining_v6b/rollouts_16cond/M0_original_fast/videos/03418_roll_orbit_right_60_seed42418_M0_original_fast.mp4,local_assets/targeted_BC_loser_mining_v6b/rollouts_16cond/M0_original_fast/videos/03418_roll_orbit_right_60_seed42418_M0_original_fast_future.mp4,local_assets/targeted_BC_loser_mining_v6b/rollouts_16cond/M0_original_fast/videos/03418_roll_orbit_right_60_seed42418_prefix.mp4,local_assets/targeted_BC_loser_mining_v6b/conditions/03418_roll_orbit_right_60_seed42418/clean_future_5_80.mp4,local_assets/targeted_BC_loser_mining_v6b/rollouts_16cond/M0_original_fast/contact_sheets/03418_roll_orbit_right_60_seed42418_M0_original_fast_prefix_future.jpg,True,True,first16,2.205,16.0,832,480,76
03418_roll_orbit_right_60_seed42418,v6b_03418_roll_orbit_right_60_seed42418,roll,orbit_right_60,M_B_camera_r8,B camera-only rank8,local_assets/experiments/small_lora_scope_sweep_20260624/train/small_lora_B_camera_r8_train200_20260624_141215/checkpoints/small_lora_B_camera_r8_train200_20260624_141215/high_only_phase/branches/step_000200/fast_stageA_high_noise_adapter,True,local_assets/targeted_BC_loser_mining_v6b/rollouts_16cond/M_B_camera_r8/videos/03418_roll_orbit_right_60_seed42418_M_B_camera_r8.mp4,local_assets/targeted_BC_loser_mining_v6b/rollouts_16cond/M_B_camera_r8/videos/03418_roll_orbit_right_60_seed42418_M_B_camera_r8_future.mp4,local_assets/targeted_BC_loser_mining_v6b/rollouts_16cond/M_B_camera_r8/videos/03418_roll_orbit_right_60_seed42418_prefix.mp4,local_assets/targeted_BC_loser_mining_v6b/conditions/03418_roll_orbit_right_60_seed42418/clean_future_5_80.mp4,local_assets/targeted_BC_loser_mining_v6b/rollouts_16cond/M_B_camera_r8/contact_sheets/03418_roll_orbit_right_60_seed42418_M_B_camera_r8_prefix_future.jpg,True,True,first16,2.157,16.0,832,480,76
03418_roll_orbit_right_60_seed42418,v6b_03418_roll_orbit_right_60_seed42418,roll,orbit_right_60,M_C_camera_self_temporal_r4,C camera+self/temporal rank4,local_assets/experiments/small_lora_scope_sweep_20260624/train/small_lora_C_camera_self_r4_train200_20260624_141215/checkpoints/small_lora_C_camera_self_r4_train200_20260624_141215/high_only_phase/branches/step_000200/fast_stageA_high_noise_adapter,True,local_assets/targeted_BC_loser_mining_v6b/rollouts_16cond/M_C_camera_self_temporal_r4/videos/03418_roll_orbit_right_60_seed42418_M_C_camera_self_temporal_r4.mp4,local_assets/targeted_BC_loser_mining_v6b/rollouts_16cond/M_C_camera_self_temporal_r4/videos/03418_roll_orbit_right_60_seed42418_M_C_camera_self_temporal_r4_future.mp4,local_assets/targeted_BC_loser_mining_v6b/rollouts_16cond/M_C_camera_self_temporal_r4/videos/03418_roll_orbit_right_60_seed42418_prefix.mp4,local_assets/targeted_BC_loser_mining_v6b/conditions/03418_roll_orbit_right_60_seed42418/clean_future_5_80.mp4,local_assets/targeted_BC_loser_mining_v6b/rollouts_16cond/M_C_camera_self_temporal_r4/contact_sheets/03418_roll_orbit_right_60_seed42418_M_C_camera_self_temporal_r4_prefix_future.jpg,True,True,first16,2.164,16.0,832,480,76
03435_roll_orbit_right_60_seed42435,v6b_03435_roll_orbit_right_60_seed42435,roll,orbit_right_60,M0_original_fast,Original Fast,,False,local_assets/targeted_BC_loser_mining_v6b/rollouts_32cond/M0_original_fast/videos/03435_roll_orbit_right_60_seed42435_M0_original_fast.mp4,local_assets/targeted_BC_loser_mining_v6b/rollouts_32cond/M0_original_fast/videos/03435_roll_orbit_right_60_seed42435_M0_original_fast_future.mp4,local_assets/targeted_BC_loser_mining_v6b/rollouts_32cond/M0_original_fast/videos/03435_roll_orbit_right_60_seed42435_prefix.mp4,local_assets/targeted_BC_loser_mining_v6b/conditions/03435_roll_orbit_right_60_seed42435/clean_future_5_80.mp4,local_assets/targeted_BC_loser_mining_v6b/rollouts_32cond/M0_original_fast/contact_sheets/03435_roll_orbit_right_60_seed42435_M0_original_fast_prefix_future.jpg,False,False,remaining16,0,0.0,0,0,0
03435_roll_orbit_right_60_seed42435,v6b_03435_roll_orbit_right_60_seed42435,roll,orbit_right_60,M_B_camera_r8,B camera-only rank8,local_assets/experiments/small_lora_scope_sweep_20260624/train/small_lora_B_camera_r8_train200_20260624_141215/checkpoints/small_lora_B_camera_r8_train200_20260624_141215/high_only_phase/branches/step_000200/fast_stageA_high_noise_adapter,True,local_assets/targeted_BC_loser_mining_v6b/rollouts_32cond/M_B_camera_r8/videos/03435_roll_orbit_right_60_seed42435_M_B_camera_r8.mp4,local_assets/targeted_BC_loser_mining_v6b/rollouts_32cond/M_B_camera_r8/videos/03435_roll_orbit_right_60_seed42435_M_B_camera_r8_future.mp4,local_assets/targeted_BC_loser_mining_v6b/rollouts_32cond/M_B_camera_r8/videos/03435_roll_orbit_right_60_seed42435_prefix.mp4,local_assets/targeted_BC_loser_mining_v6b/conditions/03435_roll_orbit_right_60_seed42435/clean_future_5_80.mp4,local_assets/targeted_BC_loser_mining_v6b/rollouts_32cond/M_B_camera_r8/contact_sheets/03435_roll_orbit_right_60_seed42435_M_B_camera_r8_prefix_future.jpg,True,True,remaining16,1.901,16.0,832,480,76
03435_roll_orbit_right_60_seed42435,v6b_03435_roll_orbit_right_60_seed42435,roll,orbit_right_60,M_C_camera_self_temporal_r4,C camera+self/temporal rank4,local_assets/experiments/small_lora_scope_sweep_20260624/train/small_lora_C_camera_self_r4_train200_20260624_141215/checkpoints/small_lora_C_camera_self_r4_train200_20260624_141215/high_only_phase/branches/step_000200/fast_stageA_high_noise_adapter,True,local_assets/targeted_BC_loser_mining_v6b/rollouts_32cond/M_C_camera_self_temporal_r4/videos/03435_roll_orbit_right_60_seed42435_M_C_camera_self_temporal_r4.mp4,local_assets/targeted_BC_loser_mining_v6b/rollouts_32cond/M_C_camera_self_temporal_r4/videos/03435_roll_orbit_right_60_seed42435_M_C_camera_self_temporal_r4_future.mp4,local_assets/targeted_BC_loser_mining_v6b/rollouts_32cond/M_C_camera_self_temporal_r4/videos/03435_roll_orbit_right_60_seed42435_prefix.mp4,local_assets/targeted_BC_loser_mining_v6b/conditions/03435_roll_orbit_right_60_seed42435/clean_future_5_80.mp4,local_assets/targeted_BC_loser_mining_v6b/rollouts_32cond/M_C_camera_self_temporal_r4/contact_sheets/03435_roll_orbit_right_60_seed42435_M_C_camera_self_temporal_r4_prefix_future.jpg,True,True,remaining16,1.973,16.0,832,480,76
03437_roll_orbit_right_60_seed42437,v6b_03437_roll_orbit_right_60_seed42437,roll,orbit_right_60,M0_original_fast,Original Fast,,False,local_assets/targeted_BC_loser_mining_v6b/rollouts_32cond/M0_original_fast/videos/03437_roll_orbit_right_60_seed42437_M0_original_fast.mp4,local_assets/targeted_BC_loser_mining_v6b/rollouts_32cond/M0_original_fast/videos/03437_roll_orbit_right_60_seed42437_M0_original_fast_future.mp4,local_assets/targeted_BC_loser_mining_v6b/rollouts_32cond/M0_original_fast/videos/03437_roll_orbit_right_60_seed42437_prefix.mp4,local_assets/targeted_BC_loser_mining_v6b/conditions/03437_roll_orbit_right_60_seed42437/clean_future_5_80.mp4,local_assets/targeted_BC_loser_mining_v6b/rollouts_32cond/M0_original_fast/contact_sheets/03437_roll_orbit_right_60_seed42437_M0_original_fast_prefix_future.jpg,False,False,remaining16,0,0.0,0,0,0
03437_roll_orbit_right_60_seed42437,v6b_03437_roll_orbit_right_60_seed42437,roll,orbit_right_60,M_B_camera_r8,B camera-only rank8,local_assets/experiments/small_lora_scope_sweep_20260624/train/small_lora_B_camera_r8_train200_20260624_141215/checkpoints/small_lora_B_camera_r8_train200_20260624_141215/high_only_phase/branches/step_000200/fast_stageA_high_noise_adapter,True,local_assets/targeted_BC_loser_mining_v6b/rollouts_32cond/M_B_camera_r8/videos/03437_roll_orbit_right_60_seed42437_M_B_camera_r8.mp4,local_assets/targeted_BC_loser_mining_v6b/rollouts_32cond/M_B_camera_r8/videos/03437_roll_orbit_right_60_seed42437_M_B_camera_r8_future.mp4,local_assets/targeted_BC_loser_mining_v6b/rollouts_32cond/M_B_camera_r8/videos/03437_roll_orbit_right_60_seed42437_prefix.mp4,local_assets/targeted_BC_loser_mining_v6b/conditions/03437_roll_orbit_right_60_seed42437/clean_future_5_80.mp4,local_assets/targeted_BC_loser_mining_v6b/rollouts_32cond/M_B_camera_r8/contact_sheets/03437_roll_orbit_right_60_seed42437_M_B_camera_r8_prefix_future.jpg,True,True,remaining16,1.331,16.0,832,480,76
03437_roll_orbit_right_60_seed42437,v6b_03437_roll_orbit_right_60_seed42437,roll,orbit_right_60,M_C_camera_self_temporal_r4,C camera+self/temporal rank4,local_assets/experiments/small_lora_scope_sweep_20260624/train/small_lora_C_camera_self_r4_train200_20260624_141215/checkpoints/small_lora_C_camera_self_r4_train200_20260624_141215/high_only_phase/branches/step_000200/fast_stageA_high_noise_adapter,True,local_assets/targeted_BC_loser_mining_v6b/rollouts_32cond/M_C_camera_self_temporal_r4/videos/03437_roll_orbit_right_60_seed42437_M_C_camera_self_temporal_r4.mp4,local_assets/targeted_BC_loser_mining_v6b/rollouts_32cond/M_C_camera_self_temporal_r4/videos/03437_roll_orbit_right_60_seed42437_M_C_camera_self_temporal_r4_future.mp4,local_assets/targeted_BC_loser_mining_v6b/rollouts_32cond/M_C_camera_self_temporal_r4/videos/03437_roll_orbit_right_60_seed42437_prefix.mp4,local_assets/targeted_BC_loser_mining_v6b/conditions/03437_roll_orbit_right_60_seed42437/clean_future_5_80.mp4,local_assets/targeted_BC_loser_mining_v6b/rollouts_32cond/M_C_camera_self_temporal_r4/contact_sheets/03437_roll_orbit_right_60_seed42437_M_C_camera_self_temporal_r4_prefix_future.jpg,True,True,remaining16,1.338,16.0,832,480,76
03440_roll_orbit_right_60_seed42440,v6b_03440_roll_orbit_right_60_seed42440,roll,orbit_right_60,M0_original_fast,Original Fast,,False,local_assets/targeted_BC_loser_mining_v6b/rollouts_32cond/M0_original_fast/videos/03440_roll_orbit_right_60_seed42440_M0_original_fast.mp4,local_assets/targeted_BC_loser_mining_v6b/rollouts_32cond/M0_original_fast/videos/03440_roll_orbit_right_60_seed42440_M0_original_fast_future.mp4,local_assets/targeted_BC_loser_mining_v6b/rollouts_32cond/M0_original_fast/videos/03440_roll_orbit_right_60_seed42440_prefix.mp4,local_assets/targeted_BC_loser_mining_v6b/conditions/03440_roll_orbit_right_60_seed42440/clean_future_5_80.mp4,local_assets/targeted_BC_loser_mining_v6b/rollouts_32cond/M0_original_fast/contact_sheets/03440_roll_orbit_right_60_seed42440_M0_original_fast_prefix_future.jpg,False,False,remaining16,0,0.0,0,0,0
03440_roll_orbit_right_60_seed42440,v6b_03440_roll_orbit_right_60_seed42440,roll,orbit_right_60,M_B_camera_r8,B camera-only rank8,local_assets/experiments/small_lora_scope_sweep_20260624/train/small_lora_B_camera_r8_train200_20260624_141215/checkpoints/small_lora_B_camera_r8_train200_20260624_141215/high_only_phase/branches/step_000200/fast_stageA_high_noise_adapter,True,local_assets/targeted_BC_loser_mining_v6b/rollouts_32cond/M_B_camera_r8/videos/03440_roll_orbit_right_60_seed42440_M_B_camera_r8.mp4,local_assets/targeted_BC_loser_mining_v6b/rollouts_32cond/M_B_camera_r8/videos/03440_roll_orbit_right_60_seed42440_M_B_camera_r8_future.mp4,local_assets/targeted_BC_loser_mining_v6b/rollouts_32cond/M_B_camera_r8/videos/03440_roll_orbit_right_60_seed42440_prefix.mp4,local_assets/targeted_BC_loser_mining_v6b/conditions/03440_roll_orbit_right_60_seed42440/clean_future_5_80.mp4,local_assets/targeted_BC_loser_mining_v6b/rollouts_32cond/M_B_camera_r8/contact_sheets/03440_roll_orbit_right_60_seed42440_M_B_camera_r8_prefix_future.jpg,True,True,remaining16,1.386,16.0,832,480,76
03440_roll_orbit_right_60_seed42440,v6b_03440_roll_orbit_right_60_seed42440,roll,orbit_right_60,M_C_camera_self_temporal_r4,C camera+self/temporal rank4,local_assets/experiments/small_lora_scope_sweep_20260624/train/small_lora_C_camera_self_r4_train200_20260624_141215/checkpoints/small_lora_C_camera_self_r4_train200_20260624_141215/high_only_phase/branches/step_000200/fast_stageA_high_noise_adapter,True,local_assets/targeted_BC_loser_mining_v6b/rollouts_32cond/M_C_camera_self_temporal_r4/videos/03440_roll_orbit_right_60_seed42440_M_C_camera_self_temporal_r4.mp4,local_assets/targeted_BC_loser_mining_v6b/rollouts_32cond/M_C_camera_self_temporal_r4/videos/03440_roll_orbit_right_60_seed42440_M_C_camera_self_temporal_r4_future.mp4,local_assets/targeted_BC_loser_mining_v6b/rollouts_32cond/M_C_camera_self_temporal_r4/videos/03440_roll_orbit_right_60_seed42440_prefix.mp4,local_assets/targeted_BC_loser_mining_v6b/conditions/03440_roll_orbit_right_60_seed42440/clean_future_5_80.mp4,local_assets/targeted_BC_loser_mining_v6b/rollouts_32cond/M_C_camera_self_temporal_r4/contact_sheets/03440_roll_orbit_right_60_seed42440_M_C_camera_self_temporal_r4_prefix_future.jpg,True,True,remaining16,1.391,16.0,832,480,76
03442_roll_orbit_right_60_seed42442,v6b_03442_roll_orbit_right_60_seed42442,roll,orbit_right_60,M0_original_fast,Original Fast,,False,local_assets/targeted_BC_loser_mining_v6b/rollouts_32cond/M0_original_fast/videos/03442_roll_orbit_right_60_seed42442_M0_original_fast.mp4,local_assets/targeted_BC_loser_mining_v6b/rollouts_32cond/M0_original_fast/videos/03442_roll_orbit_right_60_seed42442_M0_original_fast_future.mp4,local_assets/targeted_BC_loser_mining_v6b/rollouts_32cond/M0_original_fast/videos/03442_roll_orbit_right_60_seed42442_prefix.mp4,local_assets/targeted_BC_loser_mining_v6b/conditions/03442_roll_orbit_right_60_seed42442/clean_future_5_80.mp4,local_assets/targeted_BC_loser_mining_v6b/rollouts_32cond/M0_original_fast/contact_sheets/03442_roll_orbit_right_60_seed42442_M0_original_fast_prefix_future.jpg,False,False,remaining16,0,0.0,0,0,0
03442_roll_orbit_right_60_seed42442,v6b_03442_roll_orbit_right_60_seed42442,roll,orbit_right_60,M_B_camera_r8,B camera-only rank8,local_assets/experiments/small_lora_scope_sweep_20260624/train/small_lora_B_camera_r8_train200_20260624_141215/checkpoints/small_lora_B_camera_r8_train200_20260624_141215/high_only_phase/branches/step_000200/fast_stageA_high_noise_adapter,True,local_assets/targeted_BC_loser_mining_v6b/rollouts_32cond/M_B_camera_r8/videos/03442_roll_orbit_right_60_seed42442_M_B_camera_r8.mp4,local_assets/targeted_BC_loser_mining_v6b/rollouts_32cond/M_B_camera_r8/videos/03442_roll_orbit_right_60_seed42442_M_B_camera_r8_future.mp4,local_assets/targeted_BC_loser_mining_v6b/rollouts_32cond/M_B_camera_r8/videos/03442_roll_orbit_right_60_seed42442_prefix.mp4,local_assets/targeted_BC_loser_mining_v6b/conditions/03442_roll_orbit_right_60_seed42442/clean_future_5_80.mp4,local_assets/targeted_BC_loser_mining_v6b/rollouts_32cond/M_B_camera_r8/contact_sheets/03442_roll_orbit_right_60_seed42442_M_B_camera_r8_prefix_future.jpg,True,True,remaining16,1.597,16.0,832,480,76
03442_roll_orbit_right_60_seed42442,v6b_03442_roll_orbit_right_60_seed42442,roll,orbit_right_60,M_C_camera_self_temporal_r4,C camera+self/temporal rank4,local_assets/experiments/small_lora_scope_sweep_20260624/train/small_lora_C_camera_self_r4_train200_20260624_141215/checkpoints/small_lora_C_camera_self_r4_train200_20260624_141215/high_only_phase/branches/step_000200/fast_stageA_high_noise_adapter,True,local_assets/targeted_BC_loser_mining_v6b/rollouts_32cond/M_C_camera_self_temporal_r4/videos/03442_roll_orbit_right_60_seed42442_M_C_camera_self_temporal_r4.mp4,local_assets/targeted_BC_loser_mining_v6b/rollouts_32cond/M_C_camera_self_temporal_r4/videos/03442_roll_orbit_right_60_seed42442_M_C_camera_self_temporal_r4_future.mp4,local_assets/targeted_BC_loser_mining_v6b/rollouts_32cond/M_C_camera_self_temporal_r4/videos/03442_roll_orbit_right_60_seed42442_prefix.mp4,local_assets/targeted_BC_loser_mining_v6b/conditions/03442_roll_orbit_right_60_seed42442/clean_future_5_80.mp4,local_assets/targeted_BC_loser_mining_v6b/rollouts_32cond/M_C_camera_self_temporal_r4/contact_sheets/03442_roll_orbit_right_60_seed42442_M_C_camera_self_temporal_r4_prefix_future.jpg,True,True,remaining16,1.472,16.0,832,480,76
04204_containment_orbit_left_44_seed43204,v6b_04204_containment_orbit_left_44_seed43204,containment,orbit_left_44,M0_original_fast,Original Fast,,False,local_assets/targeted_BC_loser_mining_v6b/rollouts_16cond/M0_original_fast/videos/04204_containment_orbit_left_44_seed43204_M0_original_fast.mp4,local_assets/targeted_BC_loser_mining_v6b/rollouts_16cond/M0_original_fast/videos/04204_containment_orbit_left_44_seed43204_M0_original_fast_future.mp4,local_assets/targeted_BC_loser_mining_v6b/rollouts_16cond/M0_original_fast/videos/04204_containment_orbit_left_44_seed43204_prefix.mp4,local_assets/targeted_BC_loser_mining_v6b/conditions/04204_containment_orbit_left_44_seed43204/clean_future_5_80.mp4,local_assets/targeted_BC_loser_mining_v6b/rollouts_16cond/M0_original_fast/contact_sheets/04204_containment_orbit_left_44_seed43204_M0_original_fast_prefix_future.jpg,True,True,first16,2.227,16.0,832,480,76
04204_containment_orbit_left_44_seed43204,v6b_04204_containment_orbit_left_44_seed43204,containment,orbit_left_44,M_B_camera_r8,B camera-only rank8,local_assets/experiments/small_lora_scope_sweep_20260624/train/small_lora_B_camera_r8_train200_20260624_141215/checkpoints/small_lora_B_camera_r8_train200_20260624_141215/high_only_phase/branches/step_000200/fast_stageA_high_noise_adapter,True,local_assets/targeted_BC_loser_mining_v6b/rollouts_16cond/M_B_camera_r8/videos/04204_containment_orbit_left_44_seed43204_M_B_camera_r8.mp4,local_assets/targeted_BC_loser_mining_v6b/rollouts_16cond/M_B_camera_r8/videos/04204_containment_orbit_left_44_seed43204_M_B_camera_r8_future.mp4,local_assets/targeted_BC_loser_mining_v6b/rollouts_16cond/M_B_camera_r8/videos/04204_containment_orbit_left_44_seed43204_prefix.mp4,local_assets/targeted_BC_loser_mining_v6b/conditions/04204_containment_orbit_left_44_seed43204/clean_future_5_80.mp4,local_assets/targeted_BC_loser_mining_v6b/rollouts_16cond/M_B_camera_r8/contact_sheets/04204_containment_orbit_left_44_seed43204_M_B_camera_r8_prefix_future.jpg,True,True,first16,2.135,16.0,832,480,76
04204_containment_orbit_left_44_seed43204,v6b_04204_containment_orbit_left_44_seed43204,containment,orbit_left_44,M_C_camera_self_temporal_r4,C camera+self/temporal rank4,local_assets/experiments/small_lora_scope_sweep_20260624/train/small_lora_C_camera_self_r4_train200_20260624_141215/checkpoints/small_lora_C_camera_self_r4_train200_20260624_141215/high_only_phase/branches/step_000200/fast_stageA_high_noise_adapter,True,local_assets/targeted_BC_loser_mining_v6b/rollouts_16cond/M_C_camera_self_temporal_r4/videos/04204_containment_orbit_left_44_seed43204_M_C_camera_self_temporal_r4.mp4,local_assets/targeted_BC_loser_mining_v6b/rollouts_16cond/M_C_camera_self_temporal_r4/videos/04204_containment_orbit_left_44_seed43204_M_C_camera_self_temporal_r4_future.mp4,local_assets/targeted_BC_loser_mining_v6b/rollouts_16cond/M_C_camera_self_temporal_r4/videos/04204_containment_orbit_left_44_seed43204_prefix.mp4,local_assets/targeted_BC_loser_mining_v6b/conditions/04204_containment_orbit_left_44_seed43204/clean_future_5_80.mp4,local_assets/targeted_BC_loser_mining_v6b/rollouts_16cond/M_C_camera_self_temporal_r4/contact_sheets/04204_containment_orbit_left_44_seed43204_M_C_camera_self_temporal_r4_prefix_future.jpg,True,True,first16,2.232,16.0,832,480,76
04209_containment_orbit_left_44_seed43209,v6b_04209_containment_orbit_left_44_seed43209,containment,orbit_left_44,M0_original_fast,Original Fast,,False,local_assets/targeted_BC_loser_mining_v6b/rollouts_16cond/M0_original_fast/videos/04209_containment_orbit_left_44_seed43209_M0_original_fast.mp4,local_assets/targeted_BC_loser_mining_v6b/rollouts_16cond/M0_original_fast/videos/04209_containment_orbit_left_44_seed43209_M0_original_fast_future.mp4,local_assets/targeted_BC_loser_mining_v6b/rollouts_16cond/M0_original_fast/videos/04209_containment_orbit_left_44_seed43209_prefix.mp4,local_assets/targeted_BC_loser_mining_v6b/conditions/04209_containment_orbit_left_44_seed43209/clean_future_5_80.mp4,local_assets/targeted_BC_loser_mining_v6b/rollouts_16cond/M0_original_fast/contact_sheets/04209_containment_orbit_left_44_seed43209_M0_original_fast_prefix_future.jpg,True,True,first16,1.895,16.0,832,480,76
04209_containment_orbit_left_44_seed43209,v6b_04209_containment_orbit_left_44_seed43209,containment,orbit_left_44,M_B_camera_r8,B camera-only rank8,local_assets/experiments/small_lora_scope_sweep_20260624/train/small_lora_B_camera_r8_train200_20260624_141215/checkpoints/small_lora_B_camera_r8_train200_20260624_141215/high_only_phase/branches/step_000200/fast_stageA_high_noise_adapter,True,local_assets/targeted_BC_loser_mining_v6b/rollouts_16cond/M_B_camera_r8/videos/04209_containment_orbit_left_44_seed43209_M_B_camera_r8.mp4,local_assets/targeted_BC_loser_mining_v6b/rollouts_16cond/M_B_camera_r8/videos/04209_containment_orbit_left_44_seed43209_M_B_camera_r8_future.mp4,local_assets/targeted_BC_loser_mining_v6b/rollouts_16cond/M_B_camera_r8/videos/04209_containment_orbit_left_44_seed43209_prefix.mp4,local_assets/targeted_BC_loser_mining_v6b/conditions/04209_containment_orbit_left_44_seed43209/clean_future_5_80.mp4,local_assets/targeted_BC_loser_mining_v6b/rollouts_16cond/M_B_camera_r8/contact_sheets/04209_containment_orbit_left_44_seed43209_M_B_camera_r8_prefix_future.jpg,True,True,first16,1.846,16.0,832,480,76
04209_containment_orbit_left_44_seed43209,v6b_04209_containment_orbit_left_44_seed43209,containment,orbit_left_44,M_C_camera_self_temporal_r4,C camera+self/temporal rank4,local_assets/experiments/small_lora_scope_sweep_20260624/train/small_lora_C_camera_self_r4_train200_20260624_141215/checkpoints/small_lora_C_camera_self_r4_train200_20260624_141215/high_only_phase/branches/step_000200/fast_stageA_high_noise_adapter,True,local_assets/targeted_BC_loser_mining_v6b/rollouts_16cond/M_C_camera_self_temporal_r4/videos/04209_containment_orbit_left_44_seed43209_M_C_camera_self_temporal_r4.mp4,local_assets/targeted_BC_loser_mining_v6b/rollouts_16cond/M_C_camera_self_temporal_r4/videos/04209_containment_orbit_left_44_seed43209_M_C_camera_self_temporal_r4_future.mp4,local_assets/targeted_BC_loser_mining_v6b/rollouts_16cond/M_C_camera_self_temporal_r4/videos/04209_containment_orbit_left_44_seed43209_prefix.mp4,local_assets/targeted_BC_loser_mining_v6b/conditions/04209_containment_orbit_left_44_seed43209/clean_future_5_80.mp4,local_assets/targeted_BC_loser_mining_v6b/rollouts_16cond/M_C_camera_self_temporal_r4/contact_sheets/04209_containment_orbit_left_44_seed43209_M_C_camera_self_temporal_r4_prefix_future.jpg,True,True,first16,2.078,16.0,832,480,76
04214_containment_orbit_left_44_seed43214,v6b_04214_containment_orbit_left_44_seed43214,containment,orbit_left_44,M0_original_fast,Original Fast,,False,local_assets/targeted_BC_loser_mining_v6b/rollouts_16cond/M0_original_fast/videos/04214_containment_orbit_left_44_seed43214_M0_original_fast.mp4,local_assets/targeted_BC_loser_mining_v6b/rollouts_16cond/M0_original_fast/videos/04214_containment_orbit_left_44_seed43214_M0_original_fast_future.mp4,local_assets/targeted_BC_loser_mining_v6b/rollouts_16cond/M0_original_fast/videos/04214_containment_orbit_left_44_seed43214_prefix.mp4,local_assets/targeted_BC_loser_mining_v6b/conditions/04214_containment_orbit_left_44_seed43214/clean_future_5_80.mp4,local_assets/targeted_BC_loser_mining_v6b/rollouts_16cond/M0_original_fast/contact_sheets/04214_containment_orbit_left_44_seed43214_M0_original_fast_prefix_future.jpg,True,True,first16,3.207,16.0,832,480,76
04214_containment_orbit_left_44_seed43214,v6b_04214_containment_orbit_left_44_seed43214,containment,orbit_left_44,M_B_camera_r8,B camera-only rank8,local_assets/experiments/small_lora_scope_sweep_20260624/train/small_lora_B_camera_r8_train200_20260624_141215/checkpoints/small_lora_B_camera_r8_train200_20260624_141215/high_only_phase/branches/step_000200/fast_stageA_high_noise_adapter,True,local_assets/targeted_BC_loser_mining_v6b/rollouts_16cond/M_B_camera_r8/videos/04214_containment_orbit_left_44_seed43214_M_B_camera_r8.mp4,local_assets/targeted_BC_loser_mining_v6b/rollouts_16cond/M_B_camera_r8/videos/04214_containment_orbit_left_44_seed43214_M_B_camera_r8_future.mp4,local_assets/targeted_BC_loser_mining_v6b/rollouts_16cond/M_B_camera_r8/videos/04214_containment_orbit_left_44_seed43214_prefix.mp4,local_assets/targeted_BC_loser_mining_v6b/conditions/04214_containment_orbit_left_44_seed43214/clean_future_5_80.mp4,local_assets/targeted_BC_loser_mining_v6b/rollouts_16cond/M_B_camera_r8/contact_sheets/04214_containment_orbit_left_44_seed43214_M_B_camera_r8_prefix_future.jpg,True,True,first16,3.212,16.0,832,480,76
04214_containment_orbit_left_44_seed43214,v6b_04214_containment_orbit_left_44_seed43214,containment,orbit_left_44,M_C_camera_self_temporal_r4,C camera+self/temporal rank4,local_assets/experiments/small_lora_scope_sweep_20260624/train/small_lora_C_camera_self_r4_train200_20260624_141215/checkpoints/small_lora_C_camera_self_r4_train200_20260624_141215/high_only_phase/branches/step_000200/fast_stageA_high_noise_adapter,True,local_assets/targeted_BC_loser_mining_v6b/rollouts_16cond/M_C_camera_self_temporal_r4/videos/04214_containment_orbit_left_44_seed43214_M_C_camera_self_temporal_r4.mp4,local_assets/targeted_BC_loser_mining_v6b/rollouts_16cond/M_C_camera_self_temporal_r4/videos/04214_containment_orbit_left_44_seed43214_M_C_camera_self_temporal_r4_future.mp4,local_assets/targeted_BC_loser_mining_v6b/rollouts_16cond/M_C_camera_self_temporal_r4/videos/04214_containment_orbit_left_44_seed43214_prefix.mp4,local_assets/targeted_BC_loser_mining_v6b/conditions/04214_containment_orbit_left_44_seed43214/clean_future_5_80.mp4,local_assets/targeted_BC_loser_mining_v6b/rollouts_16cond/M_C_camera_self_temporal_r4/contact_sheets/04214_containment_orbit_left_44_seed43214_M_C_camera_self_temporal_r4_prefix_future.jpg,True,True,first16,3.219,16.0,832,480,76
04228_containment_orbit_left_44_seed43228,v6b_04228_containment_orbit_left_44_seed43228,containment,orbit_left_44,M0_original_fast,Original Fast,,False,local_assets/targeted_BC_loser_mining_v6b/rollouts_16cond/M0_original_fast/videos/04228_containment_orbit_left_44_seed43228_M0_original_fast.mp4,local_assets/targeted_BC_loser_mining_v6b/rollouts_16cond/M0_original_fast/videos/04228_containment_orbit_left_44_seed43228_M0_original_fast_future.mp4,local_assets/targeted_BC_loser_mining_v6b/rollouts_16cond/M0_original_fast/videos/04228_containment_orbit_left_44_seed43228_prefix.mp4,local_assets/targeted_BC_loser_mining_v6b/conditions/04228_containment_orbit_left_44_seed43228/clean_future_5_80.mp4,local_assets/targeted_BC_loser_mining_v6b/rollouts_16cond/M0_original_fast/contact_sheets/04228_containment_orbit_left_44_seed43228_M0_original_fast_prefix_future.jpg,True,True,first16,3.773,16.0,832,480,76
04228_containment_orbit_left_44_seed43228,v6b_04228_containment_orbit_left_44_seed43228,containment,orbit_left_44,M_B_camera_r8,B camera-only rank8,local_assets/experiments/small_lora_scope_sweep_20260624/train/small_lora_B_camera_r8_train200_20260624_141215/checkpoints/small_lora_B_camera_r8_train200_20260624_141215/high_only_phase/branches/step_000200/fast_stageA_high_noise_adapter,True,local_assets/targeted_BC_loser_mining_v6b/rollouts_16cond/M_B_camera_r8/videos/04228_containment_orbit_left_44_seed43228_M_B_camera_r8.mp4,local_assets/targeted_BC_loser_mining_v6b/rollouts_16cond/M_B_camera_r8/videos/04228_containment_orbit_left_44_seed43228_M_B_camera_r8_future.mp4,local_assets/targeted_BC_loser_mining_v6b/rollouts_16cond/M_B_camera_r8/videos/04228_containment_orbit_left_44_seed43228_prefix.mp4,local_assets/targeted_BC_loser_mining_v6b/conditions/04228_containment_orbit_left_44_seed43228/clean_future_5_80.mp4,local_assets/targeted_BC_loser_mining_v6b/rollouts_16cond/M_B_camera_r8/contact_sheets/04228_containment_orbit_left_44_seed43228_M_B_camera_r8_prefix_future.jpg,True,True,first16,3.948,16.0,832,480,76
04228_containment_orbit_left_44_seed43228,v6b_04228_containment_orbit_left_44_seed43228,containment,orbit_left_44,M_C_camera_self_temporal_r4,C camera+self/temporal rank4,local_assets/experiments/small_lora_scope_sweep_20260624/train/small_lora_C_camera_self_r4_train200_20260624_141215/checkpoints/small_lora_C_camera_self_r4_train200_20260624_141215/high_only_phase/branches/step_000200/fast_stageA_high_noise_adapter,True,local_assets/targeted_BC_loser_mining_v6b/rollouts_16cond/M_C_camera_self_temporal_r4/videos/04228_containment_orbit_left_44_seed43228_M_C_camera_self_temporal_r4.mp4,local_assets/targeted_BC_loser_mining_v6b/rollouts_16cond/M_C_camera_self_temporal_r4/videos/04228_containment_orbit_left_44_seed43228_M_C_camera_self_temporal_r4_future.mp4,local_assets/targeted_BC_loser_mining_v6b/rollouts_16cond/M_C_camera_self_temporal_r4/videos/04228_containment_orbit_left_44_seed43228_prefix.mp4,local_assets/targeted_BC_loser_mining_v6b/conditions/04228_containment_orbit_left_44_seed43228/clean_future_5_80.mp4,local_assets/targeted_BC_loser_mining_v6b/rollouts_16cond/M_C_camera_self_temporal_r4/contact_sheets/04228_containment_orbit_left_44_seed43228_M_C_camera_self_temporal_r4_prefix_future.jpg,True,True,first16,3.919,16.0,832,480,76
04236_containment_orbit_left_44_seed43236,v6b_04236_containment_orbit_left_44_seed43236,containment,orbit_left_44,M0_original_fast,Original Fast,,False,local_assets/targeted_BC_loser_mining_v6b/rollouts_32cond/M0_original_fast/videos/04236_containment_orbit_left_44_seed43236_M0_original_fast.mp4,local_assets/targeted_BC_loser_mining_v6b/rollouts_32cond/M0_original_fast/videos/04236_containment_orbit_left_44_seed43236_M0_original_fast_future.mp4,local_assets/targeted_BC_loser_mining_v6b/rollouts_32cond/M0_original_fast/videos/04236_containment_orbit_left_44_seed43236_prefix.mp4,local_assets/targeted_BC_loser_mining_v6b/conditions/04236_containment_orbit_left_44_seed43236/clean_future_5_80.mp4,local_assets/targeted_BC_loser_mining_v6b/rollouts_32cond/M0_original_fast/contact_sheets/04236_containment_orbit_left_44_seed43236_M0_original_fast_prefix_future.jpg,False,False,remaining16,0,0.0,0,0,0
04236_containment_orbit_left_44_seed43236,v6b_04236_containment_orbit_left_44_seed43236,containment,orbit_left_44,M_B_camera_r8,B camera-only rank8,local_assets/experiments/small_lora_scope_sweep_20260624/train/small_lora_B_camera_r8_train200_20260624_141215/checkpoints/small_lora_B_camera_r8_train200_20260624_141215/high_only_phase/branches/step_000200/fast_stageA_high_noise_adapter,True,local_assets/targeted_BC_loser_mining_v6b/rollouts_32cond/M_B_camera_r8/videos/04236_containment_orbit_left_44_seed43236_M_B_camera_r8.mp4,local_assets/targeted_BC_loser_mining_v6b/rollouts_32cond/M_B_camera_r8/videos/04236_containment_orbit_left_44_seed43236_M_B_camera_r8_future.mp4,local_assets/targeted_BC_loser_mining_v6b/rollouts_32cond/M_B_camera_r8/videos/04236_containment_orbit_left_44_seed43236_prefix.mp4,local_assets/targeted_BC_loser_mining_v6b/conditions/04236_containment_orbit_left_44_seed43236/clean_future_5_80.mp4,local_assets/targeted_BC_loser_mining_v6b/rollouts_32cond/M_B_camera_r8/contact_sheets/04236_containment_orbit_left_44_seed43236_M_B_camera_r8_prefix_future.jpg,True,True,remaining16,1.735,16.0,832,480,76
04236_containment_orbit_left_44_seed43236,v6b_04236_containment_orbit_left_44_seed43236,containment,orbit_left_44,M_C_camera_self_temporal_r4,C camera+self/temporal rank4,local_assets/experiments/small_lora_scope_sweep_20260624/train/small_lora_C_camera_self_r4_train200_20260624_141215/checkpoints/small_lora_C_camera_self_r4_train200_20260624_141215/high_only_phase/branches/step_000200/fast_stageA_high_noise_adapter,True,local_assets/targeted_BC_loser_mining_v6b/rollouts_32cond/M_C_camera_self_temporal_r4/videos/04236_containment_orbit_left_44_seed43236_M_C_camera_self_temporal_r4.mp4,local_assets/targeted_BC_loser_mining_v6b/rollouts_32cond/M_C_camera_self_temporal_r4/videos/04236_containment_orbit_left_44_seed43236_M_C_camera_self_temporal_r4_future.mp4,local_assets/targeted_BC_loser_mining_v6b/rollouts_32cond/M_C_camera_self_temporal_r4/videos/04236_containment_orbit_left_44_seed43236_prefix.mp4,local_assets/targeted_BC_loser_mining_v6b/conditions/04236_containment_orbit_left_44_seed43236/clean_future_5_80.mp4,local_assets/targeted_BC_loser_mining_v6b/rollouts_32cond/M_C_camera_self_temporal_r4/contact_sheets/04236_containment_orbit_left_44_seed43236_M_C_camera_self_temporal_r4_prefix_future.jpg,True,True,remaining16,1.807,16.0,832,480,76
04248_containment_orbit_left_44_seed43248,v6b_04248_containment_orbit_left_44_seed43248,containment,orbit_left_44,M0_original_fast,Original Fast,,False,local_assets/targeted_BC_loser_mining_v6b/rollouts_32cond/M0_original_fast/videos/04248_containment_orbit_left_44_seed43248_M0_original_fast.mp4,local_assets/targeted_BC_loser_mining_v6b/rollouts_32cond/M0_original_fast/videos/04248_containment_orbit_left_44_seed43248_M0_original_fast_future.mp4,local_assets/targeted_BC_loser_mining_v6b/rollouts_32cond/M0_original_fast/videos/04248_containment_orbit_left_44_seed43248_prefix.mp4,local_assets/targeted_BC_loser_mining_v6b/conditions/04248_containment_orbit_left_44_seed43248/clean_future_5_80.mp4,local_assets/targeted_BC_loser_mining_v6b/rollouts_32cond/M0_original_fast/contact_sheets/04248_containment_orbit_left_44_seed43248_M0_original_fast_prefix_future.jpg,False,False,remaining16,0,0.0,0,0,0
04248_containment_orbit_left_44_seed43248,v6b_04248_containment_orbit_left_44_seed43248,containment,orbit_left_44,M_B_camera_r8,B camera-only rank8,local_assets/experiments/small_lora_scope_sweep_20260624/train/small_lora_B_camera_r8_train200_20260624_141215/checkpoints/small_lora_B_camera_r8_train200_20260624_141215/high_only_phase/branches/step_000200/fast_stageA_high_noise_adapter,True,local_assets/targeted_BC_loser_mining_v6b/rollouts_32cond/M_B_camera_r8/videos/04248_containment_orbit_left_44_seed43248_M_B_camera_r8.mp4,local_assets/targeted_BC_loser_mining_v6b/rollouts_32cond/M_B_camera_r8/videos/04248_containment_orbit_left_44_seed43248_M_B_camera_r8_future.mp4,local_assets/targeted_BC_loser_mining_v6b/rollouts_32cond/M_B_camera_r8/videos/04248_containment_orbit_left_44_seed43248_prefix.mp4,local_assets/targeted_BC_loser_mining_v6b/conditions/04248_containment_orbit_left_44_seed43248/clean_future_5_80.mp4,local_assets/targeted_BC_loser_mining_v6b/rollouts_32cond/M_B_camera_r8/contact_sheets/04248_containment_orbit_left_44_seed43248_M_B_camera_r8_prefix_future.jpg,True,True,remaining16,1.995,16.0,832,480,76
04248_containment_orbit_left_44_seed43248,v6b_04248_containment_orbit_left_44_seed43248,containment,orbit_left_44,M_C_camera_self_temporal_r4,C camera+self/temporal rank4,local_assets/experiments/small_lora_scope_sweep_20260624/train/small_lora_C_camera_self_r4_train200_20260624_141215/checkpoints/small_lora_C_camera_self_r4_train200_20260624_141215/high_only_phase/branches/step_000200/fast_stageA_high_noise_adapter,True,local_assets/targeted_BC_loser_mining_v6b/rollouts_32cond/M_C_camera_self_temporal_r4/videos/04248_containment_orbit_left_44_seed43248_M_C_camera_self_temporal_r4.mp4,local_assets/targeted_BC_loser_mining_v6b/rollouts_32cond/M_C_camera_self_temporal_r4/videos/04248_containment_orbit_left_44_seed43248_M_C_camera_self_temporal_r4_future.mp4,local_assets/targeted_BC_loser_mining_v6b/rollouts_32cond/M_C_camera_self_temporal_r4/videos/04248_containment_orbit_left_44_seed43248_prefix.mp4,local_assets/targeted_BC_loser_mining_v6b/conditions/04248_containment_orbit_left_44_seed43248/clean_future_5_80.mp4,local_assets/targeted_BC_loser_mining_v6b/rollouts_32cond/M_C_camera_self_temporal_r4/contact_sheets/04248_containment_orbit_left_44_seed43248_M_C_camera_self_temporal_r4_prefix_future.jpg,True,True,remaining16,1.976,16.0,832,480,76
04249_containment_orbit_left_44_seed43249,v6b_04249_containment_orbit_left_44_seed43249,containment,orbit_left_44,M0_original_fast,Original Fast,,False,local_assets/targeted_BC_loser_mining_v6b/rollouts_32cond/M0_original_fast/videos/04249_containment_orbit_left_44_seed43249_M0_original_fast.mp4,local_assets/targeted_BC_loser_mining_v6b/rollouts_32cond/M0_original_fast/videos/04249_containment_orbit_left_44_seed43249_M0_original_fast_future.mp4,local_assets/targeted_BC_loser_mining_v6b/rollouts_32cond/M0_original_fast/videos/04249_containment_orbit_left_44_seed43249_prefix.mp4,local_assets/targeted_BC_loser_mining_v6b/conditions/04249_containment_orbit_left_44_seed43249/clean_future_5_80.mp4,local_assets/targeted_BC_loser_mining_v6b/rollouts_32cond/M0_original_fast/contact_sheets/04249_containment_orbit_left_44_seed43249_M0_original_fast_prefix_future.jpg,False,False,remaining16,0,0.0,0,0,0
04249_containment_orbit_left_44_seed43249,v6b_04249_containment_orbit_left_44_seed43249,containment,orbit_left_44,M_B_camera_r8,B camera-only rank8,local_assets/experiments/small_lora_scope_sweep_20260624/train/small_lora_B_camera_r8_train200_20260624_141215/checkpoints/small_lora_B_camera_r8_train200_20260624_141215/high_only_phase/branches/step_000200/fast_stageA_high_noise_adapter,True,local_assets/targeted_BC_loser_mining_v6b/rollouts_32cond/M_B_camera_r8/videos/04249_containment_orbit_left_44_seed43249_M_B_camera_r8.mp4,local_assets/targeted_BC_loser_mining_v6b/rollouts_32cond/M_B_camera_r8/videos/04249_containment_orbit_left_44_seed43249_M_B_camera_r8_future.mp4,local_assets/targeted_BC_loser_mining_v6b/rollouts_32cond/M_B_camera_r8/videos/04249_containment_orbit_left_44_seed43249_prefix.mp4,local_assets/targeted_BC_loser_mining_v6b/conditions/04249_containment_orbit_left_44_seed43249/clean_future_5_80.mp4,local_assets/targeted_BC_loser_mining_v6b/rollouts_32cond/M_B_camera_r8/contact_sheets/04249_containment_orbit_left_44_seed43249_M_B_camera_r8_prefix_future.jpg,True,True,remaining16,1.913,16.0,832,480,76
04249_containment_orbit_left_44_seed43249,v6b_04249_containment_orbit_left_44_seed43249,containment,orbit_left_44,M_C_camera_self_temporal_r4,C camera+self/temporal rank4,local_assets/experiments/small_lora_scope_sweep_20260624/train/small_lora_C_camera_self_r4_train200_20260624_141215/checkpoints/small_lora_C_camera_self_r4_train200_20260624_141215/high_only_phase/branches/step_000200/fast_stageA_high_noise_adapter,True,local_assets/targeted_BC_loser_mining_v6b/rollouts_32cond/M_C_camera_self_temporal_r4/videos/04249_containment_orbit_left_44_seed43249_M_C_camera_self_temporal_r4.mp4,local_assets/targeted_BC_loser_mining_v6b/rollouts_32cond/M_C_camera_self_temporal_r4/videos/04249_containment_orbit_left_44_seed43249_M_C_camera_self_temporal_r4_future.mp4,local_assets/targeted_BC_loser_mining_v6b/rollouts_32cond/M_C_camera_self_temporal_r4/videos/04249_containment_orbit_left_44_seed43249_prefix.mp4,local_assets/targeted_BC_loser_mining_v6b/conditions/04249_containment_orbit_left_44_seed43249/clean_future_5_80.mp4,local_assets/targeted_BC_loser_mining_v6b/rollouts_32cond/M_C_camera_self_temporal_r4/contact_sheets/04249_containment_orbit_left_44_seed43249_M_C_camera_self_temporal_r4_prefix_future.jpg,True,True,remaining16,1.922,16.0,832,480,76
04252_containment_orbit_left_44_seed43252,v6b_04252_containment_orbit_left_44_seed43252,containment,orbit_left_44,M0_original_fast,Original Fast,,False,local_assets/targeted_BC_loser_mining_v6b/rollouts_32cond/M0_original_fast/videos/04252_containment_orbit_left_44_seed43252_M0_original_fast.mp4,local_assets/targeted_BC_loser_mining_v6b/rollouts_32cond/M0_original_fast/videos/04252_containment_orbit_left_44_seed43252_M0_original_fast_future.mp4,local_assets/targeted_BC_loser_mining_v6b/rollouts_32cond/M0_original_fast/videos/04252_containment_orbit_left_44_seed43252_prefix.mp4,local_assets/targeted_BC_loser_mining_v6b/conditions/04252_containment_orbit_left_44_seed43252/clean_future_5_80.mp4,local_assets/targeted_BC_loser_mining_v6b/rollouts_32cond/M0_original_fast/contact_sheets/04252_containment_orbit_left_44_seed43252_M0_original_fast_prefix_future.jpg,False,False,remaining16,0,0.0,0,0,0
04252_containment_orbit_left_44_seed43252,v6b_04252_containment_orbit_left_44_seed43252,containment,orbit_left_44,M_B_camera_r8,B camera-only rank8,local_assets/experiments/small_lora_scope_sweep_20260624/train/small_lora_B_camera_r8_train200_20260624_141215/checkpoints/small_lora_B_camera_r8_train200_20260624_141215/high_only_phase/branches/step_000200/fast_stageA_high_noise_adapter,True,local_assets/targeted_BC_loser_mining_v6b/rollouts_32cond/M_B_camera_r8/videos/04252_containment_orbit_left_44_seed43252_M_B_camera_r8.mp4,local_assets/targeted_BC_loser_mining_v6b/rollouts_32cond/M_B_camera_r8/videos/04252_containment_orbit_left_44_seed43252_M_B_camera_r8_future.mp4,local_assets/targeted_BC_loser_mining_v6b/rollouts_32cond/M_B_camera_r8/videos/04252_containment_orbit_left_44_seed43252_prefix.mp4,local_assets/targeted_BC_loser_mining_v6b/conditions/04252_containment_orbit_left_44_seed43252/clean_future_5_80.mp4,local_assets/targeted_BC_loser_mining_v6b/rollouts_32cond/M_B_camera_r8/contact_sheets/04252_containment_orbit_left_44_seed43252_M_B_camera_r8_prefix_future.jpg,True,True,remaining16,1.816,16.0,832,480,76
04252_containment_orbit_left_44_seed43252,v6b_04252_containment_orbit_left_44_seed43252,containment,orbit_left_44,M_C_camera_self_temporal_r4,C camera+self/temporal rank4,local_assets/experiments/small_lora_scope_sweep_20260624/train/small_lora_C_camera_self_r4_train200_20260624_141215/checkpoints/small_lora_C_camera_self_r4_train200_20260624_141215/high_only_phase/branches/step_000200/fast_stageA_high_noise_adapter,True,local_assets/targeted_BC_loser_mining_v6b/rollouts_32cond/M_C_camera_self_temporal_r4/videos/04252_containment_orbit_left_44_seed43252_M_C_camera_self_temporal_r4.mp4,local_assets/targeted_BC_loser_mining_v6b/rollouts_32cond/M_C_camera_self_temporal_r4/videos/04252_containment_orbit_left_44_seed43252_M_C_camera_self_temporal_r4_future.mp4,local_assets/targeted_BC_loser_mining_v6b/rollouts_32cond/M_C_camera_self_temporal_r4/videos/04252_containment_orbit_left_44_seed43252_prefix.mp4,local_assets/targeted_BC_loser_mining_v6b/conditions/04252_containment_orbit_left_44_seed43252/clean_future_5_80.mp4,local_assets/targeted_BC_loser_mining_v6b/rollouts_32cond/M_C_camera_self_temporal_r4/contact_sheets/04252_containment_orbit_left_44_seed43252_M_C_camera_self_temporal_r4_prefix_future.jpg,True,True,remaining16,1.777,16.0,832,480,76
