step,pair_id,scope,objective,used_window_frames,timestep,actual_sigma,actual_sigma_bin,pair_weight,win_gap,lose_gap,g_w,g_l,g_l_clip,loser_dominance,health_flags,E_ref_winner_cached,E_ref_loser_cached,Delta_ref,E_policy_winner_pre,E_policy_loser_pre,Delta_policy_pre,E_policy_winner_post,E_policy_loser_post,Delta_policy_post,winner_improvement_pre,winner_improvement_post,loser_degradation_pre,loser_degradation_post,reference_relative_margin_pre,reference_relative_margin_post,winner_contribution_ratio_pre,winner_contribution_ratio_post,u_raw_pre,u_raw_post,u_clipped,lambda_loser,lambda_winner_anchor,lambda_pref,dpo_loss,objective_loss,grad_norm,update_norm,lora_param_norm,lr,allocated_gb,reserved_gb,max_allocated_gb,step_time,finite,status,error_reason
0,v6b_GT_C_007_04228_containment_orbit_left_44_seed43228,L0_camera_r4,calibrated_winner_detached_log,49,349.5545349121094,0.34955453872680664,mid,1.0,-0.00016069412231445312,-1.6093254089355469e-06,-0.000205322793558622,-1.9696539546996763e-06,-1.9696539546996763e-06,0.0,WINNER_IMPROVES,0.782721757888794,0.8170607686042786,0.03433901071548462,0.7825090289115906,0.8171994686126709,0.03469043970108032,0.7825610637664795,0.8170591592788696,0.03449809551239014,0.00021272897720336914,0.00016069412231445312,0.00013870000839233398,-1.6093254089355469e-06,0.0003514289855957031,0.00015908479690551758,0.605325644504749,1.0,0.0003514289855957031,0.00015908479690551758,0.00015908479690551758,0.0,1.0,0.005,0.5335547924041748,0.7852500677108765,0.4796156054221366,0.0025043723761761197,14.611002234735976,1e-06,34.967875957489014,56.896484375,56.52164316177368,97.74478316307068,True,PASS,
1,v10_TypeM_071_01038_drop_orbit_left_72_seed40038_foreground_identity_color_shift,L0_camera_r4,calibrated_winner_detached_log,49,349.5545349121094,0.34955453872680664,mid,1.0,7.76052474975586e-05,-0.0001239776611328125,0.00010544951122825225,-0.00016706666094853432,-0.00016706666094853432,0.0,WINNER_WORSE,0.7359081506729126,0.7421469688415527,0.006238818168640137,0.736041784286499,0.7420415878295898,0.00599980354309082,0.7359857559204102,0.7420229911804199,0.006037235260009766,-0.00013363361358642578,-7.76052474975586e-05,-0.00010538101196289062,-0.0001239776611328125,-0.0002390146255493164,-0.0002015829086303711,0.0,0.0,-0.0002390146255493164,-0.0002015829086303711,-0.0002015829086303711,0.0,1.0,0.005,0.7362378835678101,0.7396125197410583,0.6628605431650699,0.002367330298244669,14.611026377062679,1e-06,34.96790647506714,56.896484375,56.57050275802612,95.41719317436218,True,PASS,
2,v10_TypeM_067_01014_drop_orbit_left_72_seed40014_foreground_identity_color_shift,L0_camera_r4,calibrated_winner_detached_log,49,349.5545349121094,0.34955453872680664,mid,1.0,-0.00017720460891723633,-0.0001093149185180664,-0.0002443074111882146,-0.00014957790552638006,-0.00014957790552638006,0.0,WINNER_IMPROVES,0.7254231572151184,0.7308772802352905,0.005454123020172119,0.725287139415741,0.7307822108268738,0.0054950714111328125,0.7252459526062012,0.7307679653167725,0.005522012710571289,0.0001360177993774414,0.00017720460891723633,-9.506940841674805e-05,-0.0001093149185180664,4.094839096069336e-05,6.788969039916992e-05,1.0,1.0,4.094839096069336e-05,6.788969039916992e-05,6.788969039916992e-05,0.0,1.0,0.005,0.5893867015838623,0.7282136082649231,0.5993597389348819,0.002356222201073347,14.61105084548525,1e-06,34.96790647506714,56.896484375,56.57050275802612,93.98170304298401,True,PASS,
3,v10_TypeM_039_04214_containment_orbit_left_44_seed43214_foreground_identity_color_shift,L0_camera_r4,calibrated_winner_detached_log,49,349.5545349121094,0.34955453872680664,mid,1.0,1.5795230865478516e-05,-0.00011986494064331055,2.0061760443898735e-05,-0.0001534641149957047,-0.0001534641149957047,0.0,WINNER_WORSE,0.7873223423957825,0.7811216115951538,-0.006200730800628662,0.7872132658958435,0.7810950875282288,-0.006118178367614746,0.787338137626648,0.7810017466545105,-0.006336390972137451,0.00010907649993896484,-1.5795230865478516e-05,-2.6524066925048828e-05,-0.00011986494064331055,8.255243301391602e-05,-0.00013566017150878906,1.0,0.0,8.255243301391602e-05,-0.00013566017150878906,-0.00013566017150878906,0.0,1.0,0.005,0.6166988611221313,0.7902228832244873,0.4922448230460469,0.0023152918933772785,14.611075539730066,1e-06,34.967875957489014,56.916015625,56.57050275802612,92.86675667762756,True,PASS,
4,v6b_GT_C_007_04228_containment_orbit_left_44_seed43228,L0_camera_r4,calibrated_winner_detached_log,49,349.5545349121094,0.34955453872680664,mid,1.0,1.8358230590820312e-05,3.0338764190673828e-05,2.3454075326898235e-05,3.713089862577927e-05,3.713089862577927e-05,1.0,WINNER_WORSE;LOSER_DEGRADES;LOSER_DOMINANT;CONFLICT,0.782721757888794,0.8170607686042786,0.03433901071548462,0.7825416326522827,0.8171663880348206,0.03462475538253784,0.7827401161193848,0.8170911073684692,0.03435099124908447,0.00018012523651123047,-1.8358230590820312e-05,0.00010561943054199219,3.0338764190673828e-05,0.00028574466705322266,1.1980533599853516e-05,0.6303712974551523,0.0,0.00028574466705322266,1.1980533599853516e-05,1.1980533599853516e-05,0.0,1.0,0.005,0.6164266467094421,0.7856442332267761,0.529582042702645,0.0023241240030125003,14.61110066316383,1e-06,34.967875957489014,56.896484375,56.57050275802612,93.92930674552917,True,PASS,
5,v10_TypeM_071_01038_drop_orbit_left_72_seed40038_foreground_identity_color_shift,L0_camera_r4,calibrated_winner_detached_log,49,349.5545349121094,0.34955453872680664,mid,1.0,-1.1920928955078125e-05,-0.00025641918182373047,-1.619906687590495e-05,-0.0003455696742475287,-0.0003455696742475287,0.0,WINNER_IMPROVES,0.7359081506729126,0.7421469688415527,0.006238818168640137,0.7359557151794434,0.7420320510864258,0.006076335906982422,0.7358962297439575,0.741890549659729,0.005994319915771484,-4.756450653076172e-05,1.1920928955078125e-05,-0.00011491775512695312,-0.00025641918182373047,-0.00016248226165771484,-0.00024449825286865234,0.0,1.0,-0.00016248226165771484,-0.00024449825286865234,-0.00024449825286865234,0.0,1.0,0.005,0.7824903726577759,0.7399208545684814,0.6983521168727612,0.0023472023360799478,14.611126404512754,1e-06,34.96790647506714,56.916015625,56.57050275802612,92.90889048576355,True,PASS,
6,v10_TypeM_067_01014_drop_orbit_left_72_seed40014_foreground_identity_color_shift,L0_camera_r4,calibrated_winner_detached_log,49,349.5545349121094,0.34955453872680664,mid,1.0,-0.00016444921493530273,5.662441253662109e-06,-0.00022671988575269613,7.747428186249627e-06,7.747428186249627e-06,0.03304267898197112,WINNER_IMPROVES;LOSER_DEGRADES,0.7254231572151184,0.7308772802352905,0.005454123020172119,0.7252427935600281,0.7308341860771179,0.005591392517089844,0.7252587080001831,0.7308829426765442,0.005624234676361084,0.00018036365509033203,0.00016444921493530273,-4.309415817260742e-05,5.662441253662109e-06,0.0001372694969177246,0.00017011165618896484,1.0,0.9667133847231956,0.0001372694969177246,0.00017011165618896484,0.00017011165618896484,0.0,1.0,0.005,0.5536472201347351,0.7279254794120789,0.5910365676636892,0.0023484119668646134,14.611152495175926,1e-06,34.96790647506714,56.896484375,56.57050275802612,93.26188230514526,True,PASS,
7,v10_TypeM_039_04214_containment_orbit_left_44_seed43214_foreground_identity_color_shift,L0_camera_r4,calibrated_winner_detached_log,49,349.5545349121094,0.34955453872680664,mid,1.0,-3.713369369506836e-05,-0.00016683340072631836,-4.716564861440629e-05,-0.00021360466148148636,-0.00021360466148148636,0.0,WINNER_IMPROVES,0.7873223423957825,0.7811216115951538,-0.006200730800628662,0.7871828675270081,0.7810313701629639,-0.0061514973640441895,0.7872852087020874,0.7809547781944275,-0.006330430507659912,0.00013947486877441406,3.713369369506836e-05,-9.02414321899414e-05,-0.00016683340072631836,4.9233436584472656e-05,-0.00012969970703125,1.0,1.0,4.9233436584472656e-05,-0.00012969970703125,-0.00012969970703125,0.0,1.0,0.005,0.6730552911758423,0.7905741930007935,0.52671446027797,0.002339859433779613,14.61117903736391,1e-06,34.967875957489014,56.916015625,56.57050275802612,93.08583521842957,True,PASS,
8,v6b_GT_C_007_04228_containment_orbit_left_44_seed43228,L0_camera_r4,calibrated_winner_detached_log,49,349.5545349121094,0.34955453872680664,mid,1.0,-0.00013977289199829102,-3.7789344787597656e-05,-0.00017858884094430506,-4.625141689493941e-05,-4.625141689493941e-05,0.0,WINNER_IMPROVES,0.782721757888794,0.8170607686042786,0.03433901071548462,0.7826091051101685,0.8170713186264038,0.03446221351623535,0.7825819849967957,0.817022979259491,0.03444099426269531,0.00011265277862548828,0.00013977289199829102,1.055002212524414e-05,-3.7789344787597656e-05,0.00012320280075073242,0.00010198354721069336,0.9143686502177069,1.0,0.00012320280075073242,0.00010198354721069336,0.00010198354721069336,0.0,1.0,0.005,0.48266348242759705,0.7848789691925049,0.4729288380829008,0.0023330386504684182,14.611205806960019,1e-06,34.967875957489014,56.896484375,56.57050275802612,93.23036813735962,True,PASS,
9,v10_TypeM_071_01038_drop_orbit_left_72_seed40038_foreground_identity_color_shift,L0_camera_r4,calibrated_winner_detached_log,49,349.5545349121094,0.34955453872680664,mid,1.0,1.6033649444580078e-05,-0.0002415180206298828,2.1787331132859193e-05,-0.00032548448600243834,-0.00032548448600243834,0.0,WINNER_WORSE,0.7359081506729126,0.7421469688415527,0.006238818168640137,0.735835075378418,0.7419893145561218,0.006154239177703857,0.7359241843223572,0.7419054508209229,0.005981266498565674,7.30752944946289e-05,-1.6033649444580078e-05,-0.0001576542854309082,-0.0002415180206298828,-8.45789909362793e-05,-0.0002575516700744629,1.0,0.0,-8.45789909362793e-05,-0.0002575516700744629,-0.0002575516700744629,0.0,1.0,0.005,0.7420962452888489,0.7395951747894287,0.6935202326344998,0.0023631480552435517,14.611233330567508,1e-06,34.96790647506714,56.916015625,56.57050275802612,93.93897795677185,True,PASS,
10,v10_TypeM_067_01014_drop_orbit_left_72_seed40014_foreground_identity_color_shift,L0_camera_r4,calibrated_winner_detached_log,49,349.5545349121094,0.34955453872680664,mid,1.0,-0.0002301931381225586,-4.756450653076172e-05,-0.0003173729196887298,-6.508076656688746e-05,-6.508076656688746e-05,0.0,WINNER_IMPROVES,0.7254231572151184,0.7308772802352905,0.005454123020172119,0.7252405285835266,0.7307934165000916,0.005552887916564941,0.7251929640769958,0.7308297157287598,0.005636751651763916,0.00018262863159179688,0.0002301931381225586,-8.386373519897461e-05,-4.756450653076172e-05,9.876489639282227e-05,0.00018262863159179688,1.0,1.0,9.876489639282227e-05,0.00018262863159179688,0.00018262863159179688,0.0,1.0,0.005,0.599399209022522,0.7282374501228333,0.6294731738488852,0.0023750845379288256,14.611261313879945,1e-06,34.96790647506714,56.896484375,56.57050275802612,93.09442663192749,True,PASS,
11,v10_TypeM_039_04214_containment_orbit_left_44_seed43214_foreground_identity_color_shift,L0_camera_r4,calibrated_winner_detached_log,49,349.5545349121094,0.34955453872680664,mid,1.0,-0.00014978647232055664,-0.00018519163131713867,-0.0001902660606009472,-0.00023711235571560366,-0.00023711235571560366,0.0,WINNER_IMPROVES,0.7873223423957825,0.7811216115951538,-0.006200730800628662,0.7870844602584839,0.780984103679657,-0.006100356578826904,0.7871725559234619,0.7809364199638367,-0.006236135959625244,0.00023788213729858398,0.00014978647232055664,-0.00013750791549682617,-0.00018519163131713867,0.00010037422180175781,-3.540515899658203e-05,1.0,1.0,0.00010037422180175781,-3.540515899658203e-05,-3.540515899658203e-05,0.0,1.0,0.005,0.6494935154914856,0.790424108505249,0.5276753151955701,0.0023707049666445005,14.611289647878415,1e-06,34.967875957489014,56.916015625,56.57050275802612,92.65214371681213,True,PASS,
12,v6b_GT_C_007_04228_containment_orbit_left_44_seed43228,L0_camera_r4,calibrated_winner_detached_log,49,349.5545349121094,0.34955453872680664,mid,1.0,-0.00034117698669433594,-0.0001437067985534668,-0.000435980420299284,-0.00017589809909346682,-0.00017589809909346682,0.0,WINNER_IMPROVES,0.782721757888794,0.8170607686042786,0.03433901071548462,0.7824757099151611,0.8170684576034546,0.03459274768829346,0.7823805809020996,0.8169170618057251,0.03453648090362549,0.0002460479736328125,0.00034117698669433594,7.68899917602539e-06,-0.0001437067985534668,0.0002537369728088379,0.00019747018814086914,0.9696969696969697,1.0,0.0002537369728088379,0.00019747018814086914,0.00019747018814086914,0.0,1.0,0.005,0.5978375673294067,0.7854752540588379,0.5429230368079899,0.0023799182920941856,14.61131854932383,1e-06,34.967875957489014,56.896484375,56.57050275802612,93.63517785072327,True,PASS,
13,v10_TypeM_071_01038_drop_orbit_left_72_seed40038_foreground_identity_color_shift,L0_camera_r4,calibrated_winner_detached_log,49,349.5545349121094,0.34955453872680664,mid,1.0,-0.0001061558723449707,-0.0002818107604980469,-0.0001442619274087293,-0.0003797957644348537,-0.0003797957644348537,0.0,WINNER_IMPROVES,0.7359081506729126,0.7421469688415527,0.006238818168640137,0.7359445691108704,0.7419037222862244,0.005959153175354004,0.7358019948005676,0.7418651580810547,0.0060631632804870605,-3.641843795776367e-05,0.0001061558723449707,-0.00024324655532836914,-0.0002818107604980469,-0.0002796649932861328,-0.00017565488815307617,0.0,1.0,-0.0002796649932861328,-0.00017565488815307617,-0.00017565488815307617,0.0,1.0,0.005,0.8356361389160156,0.7400857210159302,0.7529884400597451,0.0024171236906755894,14.611348240276792,1e-06,34.96790647506714,56.916015625,56.57050275802612,93.13626003265381,True,PASS,
14,v10_TypeM_067_01014_drop_orbit_left_72_seed40014_foreground_identity_color_shift,L0_camera_r4,calibrated_winner_detached_log,49,349.5545349121094,0.34955453872680664,mid,1.0,-0.00029206275939941406,2.1338462829589844e-05,-0.00040269125954145647,2.9195258390451634e-05,2.9195258390451634e-05,0.06759937432234132,WINNER_IMPROVES;LOSER_DEGRADES,0.7254231572151184,0.7308772802352905,0.005454123020172119,0.725028932094574,0.7306746244430542,0.005645692348480225,0.725131094455719,0.7308986186981201,0.005767524242401123,0.0003942251205444336,0.00029206275939941406,-0.00020265579223632812,2.1338462829589844e-05,0.00019156932830810547,0.0003134012222290039,1.0,0.9319132750095093,0.00019156932830810547,0.0003134012222290039,0.0003134012222290039,0.0,1.0,0.005,0.5946440696716309,0.7281192541122437,0.640711264579914,0.0024268067735443285,14.611378494666727,1e-06,34.96790647506714,56.896484375,56.57050275802612,93.75927972793579,True,PASS,
15,v10_TypeM_039_04214_containment_orbit_left_44_seed43214_foreground_identity_color_shift,L0_camera_r4,calibrated_winner_detached_log,49,349.5545349121094,0.34955453872680664,mid,1.0,-0.00020080804824829102,-0.00016427040100097656,-0.0002550844139350375,-0.00021032278709080248,-0.00021032278709080248,0.0,WINNER_IMPROVES,0.7873223423957825,0.7811216115951538,-0.006200730800628662,0.7870426774024963,0.7809046506881714,-0.006138026714324951,0.7871215343475342,0.7809573411941528,-0.006164193153381348,0.0002796649932861328,0.00020080804824829102,-0.00021696090698242188,-0.00016427040100097656,6.270408630371094e-05,3.653764724731445e-05,1.0,1.0,6.270408630371094e-05,3.653764724731445e-05,3.653764724731445e-05,0.0,1.0,0.005,0.7501891255378723,0.7909672856330872,0.5809955080024135,0.0024312542979454247,14.61140915777564,1e-06,34.967875957489014,56.916015625,56.57050275802612,93.121084690094,True,PASS,
16,v6b_GT_C_007_04228_containment_orbit_left_44_seed43228,L0_camera_r4,calibrated_winner_detached_log,49,349.5545349121094,0.34955453872680664,mid,1.0,-0.0003396272659301758,-3.0994415283203125e-06,-0.00043399964617563596,-3.793411075655531e-06,-3.793411075655531e-06,0.0,WINNER_IMPROVES,0.782721757888794,0.8170607686042786,0.03433901071548462,0.7823758125305176,0.817073404788971,0.03469759225845337,0.7823821306228638,0.8170576691627502,0.034675538539886475,0.0003459453582763672,0.0003396272659301758,1.2636184692382812e-05,-3.0994415283203125e-06,0.00035858154296875,0.00033652782440185547,0.9647606382978723,1.0,0.00035858154296875,0.00033652782440185547,0.00033652782440185547,0.0,1.0,0.005,0.583734929561615,0.7853356599807739,0.5471730132374132,0.002436061570368695,14.61144042141026,1e-06,34.967875957489014,56.896484375,56.57050275802612,94.5706250667572,True,PASS,
17,v10_TypeM_071_01038_drop_orbit_left_72_seed40038_foreground_identity_color_shift,L0_camera_r4,calibrated_winner_detached_log,49,349.5545349121094,0.34955453872680664,mid,1.0,-0.0002186894416809082,-0.0002548098564147949,-0.00029721363849677764,-0.0003434004544852868,-0.0003434004544852868,0.0,WINNER_IMPROVES,0.7359081506729126,0.7421469688415527,0.006238818168640137,0.7358312010765076,0.7419472932815552,0.006116092205047607,0.7356894612312317,0.7418921589851379,0.00620269775390625,7.69495964050293e-05,0.0002186894416809082,-0.0001996755599975586,-0.0002548098564147949,-0.0001227259635925293,-3.612041473388672e-05,1.0,1.0,-0.0001227259635925293,-3.612041473388672e-05,-3.612041473388672e-05,0.0,1.0,0.005,0.7804855108261108,0.7396560311317444,0.7422215852719426,0.0024703168339763755,14.611472398711069,1e-06,34.96790647506714,56.916015625,56.57050275802612,92.77232503890991,True,PASS,
18,v10_TypeM_067_01014_drop_orbit_left_72_seed40014_foreground_identity_color_shift,L0_camera_r4,calibrated_winner_detached_log,49,349.5545349121094,0.34955453872680664,mid,1.0,-0.0003661513328552246,-0.00018644332885742188,-0.0005048691390608968,-0.0002551277975084038,-0.0002551277975084038,0.0,WINNER_IMPROVES,0.7254231572151184,0.7308772802352905,0.005454123020172119,0.725031852722168,0.7306230068206787,0.005591154098510742,0.7250570058822632,0.7306908369064331,0.005633831024169922,0.00039130449295043945,0.0003661513328552246,-0.0002542734146118164,-0.00018644332885742188,0.00013703107833862305,0.00017970800399780273,1.0,1.0,0.00013703107833862305,0.00017970800399780273,0.00017970800399780273,0.0,1.0,0.005,0.5210047364234924,0.7275664210319519,0.6065754116696039,0.0024694163309955663,14.611504910902505,1e-06,34.96790647506714,56.896484375,56.57050275802612,93.7949869632721,True,PASS,
19,v10_TypeM_039_04214_containment_orbit_left_44_seed43214_foreground_identity_color_shift,L0_camera_r4,calibrated_winner_detached_log,49,349.5545349121094,0.34955453872680664,mid,1.0,-0.0002186894416809082,-0.00022399425506591797,-0.00027780212084306397,-0.00028680089154340825,-0.00028680089154340825,0.0,WINNER_IMPROVES,0.7873223423957825,0.7811216115951538,-0.006200730800628662,0.787114679813385,0.7808968424797058,-0.006217837333679199,0.7871036529541016,0.7808976173400879,-0.006206035614013672,0.00020766258239746094,0.0002186894416809082,-0.00022476911544799805,-0.00022399425506591797,-1.710653305053711e-05,-5.304813385009766e-06,1.0,1.0,-1.710653305053711e-05,-5.304813385009766e-06,-5.304813385009766e-06,0.0,1.0,0.005,0.6675173044204712,0.7903609871864319,0.5583183613933773,0.0024680850248530737,14.61153779615255,1e-06,34.967875957489014,56.916015625,56.57050275802612,93.9703357219696,True,PASS,
20,v6b_GT_C_007_04228_containment_orbit_left_44_seed43228,L0_camera_r4,calibrated_winner_detached_log,49,349.5545349121094,0.34955453872680664,mid,1.0,-0.0003122687339782715,-0.0002276897430419922,-0.0003990320105375065,-0.000278708120582033,-0.000278708120582033,0.0,WINNER_IMPROVES,0.782721757888794,0.8170607686042786,0.03433901071548462,0.7822664976119995,0.8167581558227539,0.034491658210754395,0.7824094891548157,0.8168330788612366,0.0344235897064209,0.0004552602767944336,0.0003122687339782715,-0.0003026127815246582,-0.0002276897430419922,0.0001526474952697754,8.45789909362793e-05,1.0,1.0,0.0001526474952697754,8.45789909362793e-05,8.45789909362793e-05,0.0,1.0,0.005,0.6144378185272217,0.7854639887809753,0.5742691395041489,0.0024794970265525906,14.611571302908814,1e-06,34.967875957489014,56.896484375,56.57050275802612,94.06606435775757,True,PASS,
21,v10_TypeM_071_01038_drop_orbit_left_72_seed40038_foreground_identity_color_shift,L0_camera_r4,calibrated_winner_detached_log,49,349.5545349121094,0.34955453872680664,mid,1.0,-0.0002511143684387207,-0.000420987606048584,-0.0003412888123279099,-0.0005674173272687981,-0.0005674173272687981,0.0,WINNER_IMPROVES,0.7359081506729126,0.7421469688415527,0.006238818168640137,0.7357269525527954,0.74180006980896,0.006073117256164551,0.7356570363044739,0.7417259812355042,0.0060689449310302734,0.0001811981201171875,0.0002511143684387207,-0.00034689903259277344,-0.000420987606048584,-0.00016570091247558594,-0.00016987323760986328,1.0,1.0,-0.00016570091247558594,-0.00016987323760986328,-0.00016987323760986328,0.0,1.0,0.005,0.8290920257568359,0.7399292588233948,0.7815420469583451,0.0025218302299909482,14.611605813897038,1e-06,34.96790647506714,56.916015625,56.57050275802612,94.54804873466492,True,PASS,
22,v10_TypeM_067_01014_drop_orbit_left_72_seed40014_foreground_identity_color_shift,L0_camera_r4,calibrated_winner_detached_log,49,349.5545349121094,0.34955453872680664,mid,1.0,-0.00041985511779785156,-0.00041604042053222656,-0.0005789402434570585,-0.000569396372394869,-0.000569396372394869,0.0,WINNER_IMPROVES,0.7254231572151184,0.7308772802352905,0.005454123020172119,0.7249858379364014,0.7306123971939087,0.005626559257507324,0.7250033020973206,0.7304612398147583,0.005457937717437744,0.000437319278717041,0.00041985511779785156,-0.00026488304138183594,-0.00041604042053222656,0.00017243623733520508,3.814697265625e-06,1.0,1.0,0.00017243623733520508,3.814697265625e-06,3.814697265625e-06,0.0,1.0,0.005,0.5714904069900513,0.727807879447937,0.6532140696585718,0.0025279419407733404,14.611640736881558,1e-06,34.96790647506714,56.896484375,56.57050275802612,92.88967251777649,True,PASS,
23,v10_TypeM_039_04214_containment_orbit_left_44_seed43214_foreground_identity_color_shift,L0_camera_r4,calibrated_winner_detached_log,49,349.5545349121094,0.34955453872680664,mid,1.0,-0.000273287296295166,-0.0003679990768432617,-0.00034717004641101343,-0.000471227244352466,-0.000471227244352466,0.0,WINNER_IMPROVES,0.7873223423957825,0.7811216115951538,-0.006200730800628662,0.7870056629180908,0.7807268500328064,-0.006278812885284424,0.7870490550994873,0.7807536125183105,-0.006295442581176758,0.0003166794776916504,0.000273287296295166,-0.0003947615623474121,-0.0003679990768432617,-7.808208465576172e-05,-9.47117805480957e-05,1.0,1.0,-7.808208465576172e-05,-9.47117805480957e-05,-9.47117805480957e-05,0.0,1.0,0.005,0.6260069608688354,0.7900747060775757,0.5506046501749636,0.002520443530767684,14.611676042973421,1e-06,34.967875957489014,56.916015625,56.57050275802612,93.63437294960022,True,PASS,
24,v6b_GT_C_007_04228_containment_orbit_left_44_seed43228,L0_camera_r4,calibrated_winner_detached_log,49,349.5545349121094,0.34955453872680664,mid,1.0,-0.0005049705505371094,-0.00030112266540527344,-0.0006453551331452456,-0.0003686117059724978,-0.0003686117059724978,0.0,WINNER_IMPROVES,0.782721757888794,0.8170607686042786,0.03433901071548462,0.7823199033737183,0.8168082237243652,0.03448832035064697,0.7822167873382568,0.8167596459388733,0.034542858600616455,0.0004018545150756836,0.0005049705505371094,-0.0002525448799133301,-0.00030112266540527344,0.00014930963516235352,0.00020384788513183594,1.0,1.0,0.00014930963516235352,0.00020384788513183594,0.00020384788513183594,0.0,1.0,0.005,0.5605776309967041,0.7851063013076782,0.5581505121015081,0.0025244425844307646,14.611711890257334,1e-06,34.967875957489014,56.896484375,56.57050275802612,93.0866162776947,True,PASS,
25,v10_TypeM_071_01038_drop_orbit_left_72_seed40038_foreground_identity_color_shift,L0_camera_r4,calibrated_winner_detached_log,49,349.5545349121094,0.34955453872680664,mid,1.0,-0.0003369450569152832,-0.00036603212356567383,-0.0004579677679943519,-0.0004933287185780085,-0.0004933287185780085,0.0,WINNER_IMPROVES,0.7359081506729126,0.7421469688415527,0.006238818168640137,0.7356250286102295,0.7416549921035767,0.006029963493347168,0.7355712056159973,0.7417809367179871,0.006209731101989746,0.00028312206268310547,0.0003369450569152832,-0.0004919767379760742,-0.00036603212356567383,-0.00020885467529296875,-2.9087066650390625e-05,1.0,1.0,-0.00020885467529296875,-2.9087066650390625e-05,-2.9087066650390625e-05,0.0,1.0,0.005,0.7834135890007019,0.7395383715629578,0.7754997096780822,0.0025663078904153277,14.611748778232498,1e-06,34.96790647506714,56.916015625,56.57050275802612,93.36252093315125,True,PASS,
26,v10_TypeM_067_01014_drop_orbit_left_72_seed40014_foreground_identity_color_shift,L0_camera_r4,calibrated_winner_detached_log,49,349.5545349121094,0.34955453872680664,mid,1.0,-0.0006253719329833984,-0.0004169344902038574,-0.0008624506029347011,-0.0005706203527484329,-0.0005706203527484329,0.0,WINNER_IMPROVES,0.7254231572151184,0.7308772802352905,0.005454123020172119,0.7248548269271851,0.7305376529693604,0.005682826042175293,0.724797785282135,0.7304603457450867,0.00566256046295166,0.0005683302879333496,0.0006253719329833984,-0.0003396272659301758,-0.0004169344902038574,0.00022870302200317383,0.00020843744277954102,1.0,1.0,0.00022870302200317383,0.00020843744277954102,0.00020843744277954102,0.0,1.0,0.005,0.6024354100227356,0.7279728651046753,0.6876573505860137,0.0025788147214808555,14.611786214470008,1e-06,34.96790647506714,56.896484375,56.57050275802612,93.58004474639893,True,PASS,
27,v10_TypeM_039_04214_containment_orbit_left_44_seed43214_foreground_identity_color_shift,L0_camera_r4,calibrated_winner_detached_log,49,349.5545349121094,0.34955453872680664,mid,1.0,-0.0005089044570922852,-0.0005120635032653809,-0.0006465826832905997,-0.0006557639730520769,-0.0006557639730520769,0.0,WINNER_IMPROVES,0.7873223423957825,0.7811216115951538,-0.006200730800628662,0.7868922352790833,0.7806854844093323,-0.0062067508697509766,0.7868134379386902,0.7806095480918884,-0.006203889846801758,0.00043010711669921875,0.0005089044570922852,-0.0004361271858215332,-0.0005120635032653809,-6.020069122314453e-06,-3.159046173095703e-06,1.0,1.0,-6.020069122314453e-06,-3.159046173095703e-06,-3.159046173095703e-06,0.0,1.0,0.005,0.6504737734794617,0.7901095151901245,0.5742233340561042,0.002574478310860165,14.611824159373276,1e-06,34.967875957489014,56.916015625,56.57050275802612,93.31266593933105,True,PASS,
28,v6b_GT_C_007_04228_containment_orbit_left_44_seed43228,L0_camera_r4,calibrated_winner_detached_log,49,349.5545349121094,0.34955453872680664,mid,1.0,-0.0005573034286499023,-0.0003962516784667969,-0.0007122606623921826,-0.00048508973313417914,-0.00048508973313417914,0.0,WINNER_IMPROVES,0.782721757888794,0.8170607686042786,0.03433901071548462,0.782118022441864,0.816652238368988,0.03453421592712402,0.782164454460144,0.8166645169258118,0.034500062465667725,0.0006037354469299316,0.0005573034286499023,-0.00040853023529052734,-0.0003962516784667969,0.0001952052116394043,0.00016105175018310547,1.0,1.0,0.0001952052116394043,0.00016105175018310547,0.00016105175018310547,0.0,1.0,0.005,0.5794421434402466,0.785065233707428,0.5808731383438617,0.002581311738453316,14.611862569921735,1e-06,34.967875957489014,56.896484375,56.57050275802612,93.73366403579712,True,PASS,
29,v10_TypeM_071_01038_drop_orbit_left_72_seed40038_foreground_identity_color_shift,L0_camera_r4,calibrated_winner_detached_log,49,349.5545349121094,0.34955453872680664,mid,1.0,-0.0004401206970214844,-0.0005412101745605469,-0.0005982436170353441,-0.0007295153447522529,-0.0007295153447522529,0.0,WINNER_IMPROVES,0.7359081506729126,0.7421469688415527,0.006238818168640137,0.7355354428291321,0.7416076064109802,0.0060721635818481445,0.7354680299758911,0.7416057586669922,0.006137728691101074,0.0003727078437805176,0.0004401206970214844,-0.0005393624305725098,-0.0005412101745605469,-0.0001666545867919922,-0.0001010894775390625,1.0,1.0,-0.0001666545867919922,-0.0001010894775390625,-0.0001010894775390625,0.0,1.0,0.005,0.7793828845024109,0.7394244074821472,0.7903133316394346,0.0026242504159516033,14.611902124940475,1e-06,34.96790647506714,56.916015625,56.57050275802612,93.1593587398529,True,PASS,
30,v10_TypeM_067_01014_drop_orbit_left_72_seed40014_foreground_identity_color_shift,L0_camera_r4,calibrated_winner_detached_log,49,349.5545349121094,0.34955453872680664,mid,1.0,-0.0006452202796936035,-0.0004493594169616699,-0.0008898356455142656,-0.0006150110526552888,-0.0006150110526552888,0.0,WINNER_IMPROVES,0.7254231572151184,0.7308772802352905,0.005454123020172119,0.7247106432914734,0.7305164337158203,0.005805790424346924,0.7247779369354248,0.7304279208183289,0.005649983882904053,0.0007125139236450195,0.0006452202796936035,-0.00036084651947021484,-0.0004493594169616699,0.0003516674041748047,0.0001958608627319336,1.0,1.0,0.0003516674041748047,0.0001958608627319336,0.0001958608627319336,0.0,1.0,0.005,0.5351228713989258,0.7274150848388672,0.6570599372483916,0.002625778335844005,14.611942199128684,1e-06,34.96790647506714,56.896484375,56.57050275802612,93.8725643157959,True,PASS,
31,v10_TypeM_039_04214_containment_orbit_left_44_seed43214_foreground_identity_color_shift,L0_camera_r4,calibrated_winner_detached_log,49,349.5545349121094,0.34955453872680664,mid,1.0,-0.0005553364753723145,-0.0003750324249267578,-0.000705597165689166,-0.00048023569408671006,-0.00048023569408671006,0.0,WINNER_IMPROVES,0.7873223423957825,0.7811216115951538,-0.006200730800628662,0.7867074012756348,0.7806174159049988,-0.006089985370635986,0.7867670059204102,0.780746579170227,-0.0060204267501831055,0.0006149411201477051,0.0005553364753723145,-0.0005041956901550293,-0.0003750324249267578,0.00011074542999267578,0.00018030405044555664,1.0,1.0,0.00011074542999267578,0.00018030405044555664,0.00018030405044555664,0.0,1.0,0.005,0.6505858302116394,0.7900713682174683,0.5872001230425185,0.0026222407697869595,14.611982716476014,1e-06,34.967875957489014,56.916015625,56.57050275802612,93.68026685714722,True,PASS,
32,v6b_GT_C_007_04228_containment_orbit_left_44_seed43228,L0_camera_r4,calibrated_winner_detached_log,49,349.5545349121094,0.34955453872680664,mid,1.0,-0.0006959438323974609,-0.0004271864891052246,-0.0008895286139047722,-0.0005229699097920185,-0.0005229699097920185,0.0,WINNER_IMPROVES,0.782721757888794,0.8170607686042786,0.03433901071548462,0.7821195125579834,0.8165637850761414,0.03444427251815796,0.7820258140563965,0.8166335821151733,0.034607768058776855,0.0006022453308105469,0.0006959438323974609,-0.000496983528137207,-0.0004271864891052246,0.00010526180267333984,0.00026875734329223633,1.0,1.0,0.00010526180267333984,0.00026875734329223633,0.00026875734329223633,0.0,1.0,0.005,0.5634338855743408,0.784858226776123,0.584554798964951,0.00262733044122824,14.612023684709163,1e-06,34.967875957489014,56.896484375,56.57050275802612,92.92570972442627,True,PASS,
33,v10_TypeM_071_01038_drop_orbit_left_72_seed40038_foreground_identity_color_shift,L0_camera_r4,calibrated_winner_detached_log,49,349.5545349121094,0.34955453872680664,mid,1.0,-0.00047910213470458984,-0.0005401968955993652,-0.0006512472401053694,-0.0007281490146725868,-0.0007281490146725868,0.0,WINNER_IMPROVES,0.7359081506729126,0.7421469688415527,0.006238818168640137,0.7354438304901123,0.7415130138397217,0.006069183349609375,0.735429048538208,0.7416067719459534,0.006177723407745361,0.00046432018280029297,0.00047910213470458984,-0.0006339550018310547,-0.0005401968955993652,-0.00016963481903076172,-6.109476089477539e-05,1.0,1.0,-0.00016963481903076172,-6.109476089477539e-05,-6.109476089477539e-05,0.0,1.0,0.005,0.7976239919662476,0.7393684983253479,0.8168984643854379,0.0026756862300385004,14.61206594167589,1e-06,34.96790647506714,56.916015625,56.57050275802612,94.15207099914551,True,PASS,
34,v10_TypeM_067_01014_drop_orbit_left_72_seed40014_foreground_identity_color_shift,L0_camera_r4,calibrated_winner_detached_log,49,349.5545349121094,0.34955453872680664,mid,1.0,-0.0007231831550598145,-0.0005987882614135742,-0.0009974093777859639,-0.0008196091041439674,-0.0008196091041439674,0.0,WINNER_IMPROVES,0.7254231572151184,0.7308772802352905,0.005454123020172119,0.7246111035346985,0.7302874326705933,0.005676329135894775,0.7246999740600586,0.730278491973877,0.005578517913818359,0.0008120536804199219,0.0007231831550598145,-0.0005898475646972656,-0.0005987882614135742,0.00022220611572265625,0.00012439489364624023,1.0,1.0,0.00022220611572265625,0.00012439489364624023,0.00012439489364624023,0.0,1.0,0.005,0.48158523440361023,0.7270268201828003,0.633623340709611,0.0026660406261442737,14.612108455986236,1e-06,34.96790647506714,56.896484375,56.57050275802612,93.12642812728882,True,PASS,
35,v10_TypeM_039_04214_containment_orbit_left_44_seed43214_foreground_identity_color_shift,L0_camera_r4,calibrated_winner_detached_log,49,349.5545349121094,0.34955453872680664,mid,1.0,-0.0007436871528625488,-0.0005538463592529297,-0.0009450241150810656,-0.0007092913400021325,-0.0007092913400021325,0.0,WINNER_IMPROVES,0.7873223423957825,0.7811216115951538,-0.006200730800628662,0.7866382598876953,0.780481219291687,-0.006157040596008301,0.7865786552429199,0.7805677652359009,-0.006010890007019043,0.0006840825080871582,0.0007436871528625488,-0.0006403923034667969,-0.0005538463592529297,4.369020462036133e-05,0.00018984079360961914,1.0,1.0,4.369020462036133e-05,0.00018984079360961914,0.00018984079360961914,0.0,1.0,0.005,0.6727192997932434,0.7899950742721558,0.6110368915125716,0.0026673778382901906,14.612151571624493,1e-06,34.967875957489014,56.916015625,56.57050275802612,94.75352811813354,True,PASS,
36,v6b_GT_C_007_04228_containment_orbit_left_44_seed43228,L0_camera_r4,calibrated_winner_detached_log,49,349.5545349121094,0.34955453872680664,mid,1.0,-0.0008528828620910645,-0.000622868537902832,-0.001090231422487573,-0.0007626189998321174,-0.0007626189998321174,0.0,WINNER_IMPROVES,0.782721757888794,0.8170607686042786,0.03433901071548462,0.7818235754966736,0.8164911270141602,0.03466755151748657,0.7818688750267029,0.8164379000663757,0.03456902503967285,0.0008981823921203613,0.0008528828620910645,-0.0005696415901184082,-0.000622868537902832,0.0003285408020019531,0.00023001432418823242,1.0,1.0,0.0003285408020019531,0.00023001432418823242,0.00023001432418823242,0.0,1.0,0.005,0.5227999091148376,0.784595787525177,0.573344961817058,0.0026659292032645268,14.612195051127859,1e-06,34.967875957489014,56.896484375,56.57050275802612,93.29694080352783,True,PASS,
37,v10_TypeM_071_01038_drop_orbit_left_72_seed40038_foreground_identity_color_shift,L0_camera_r4,calibrated_winner_detached_log,49,349.5545349121094,0.34955453872680664,mid,1.0,-0.0006298422813415527,-0.0008156895637512207,-0.0008562372327163094,-0.0010996988139084496,-0.0010996988139084496,0.0,WINNER_IMPROVES,0.7359081506729126,0.7421469688415527,0.006238818168640137,0.7353186011314392,0.7413672804832458,0.006048679351806641,0.735278308391571,0.7413312792778015,0.006052970886230469,0.0005895495414733887,0.0006298422813415527,-0.0007796883583068848,-0.0008156895637512207,-0.0001901388168334961,-0.00018584728240966797,1.0,1.0,-0.0001901388168334961,-0.00018584728240966797,-0.00018584728240966797,0.0,1.0,0.005,0.6537761688232422,0.7385205030441284,0.751586128484836,0.002697835607998531,14.612239616936742,1e-06,34.96790647506714,56.916015625,56.57050275802612,93.12757015228271,True,PASS,
38,v10_TypeM_067_01014_drop_orbit_left_72_seed40014_foreground_identity_color_shift,L0_camera_r4,calibrated_winner_detached_log,49,349.5545349121094,0.34955453872680664,mid,1.0,-0.0009226799011230469,-0.0007795095443725586,-0.001272729116171498,-0.0010671087191771041,-0.0010671087191771041,0.0,WINNER_IMPROVES,0.7254231572151184,0.7308772802352905,0.005454123020172119,0.7246244549751282,0.7301400303840637,0.005515575408935547,0.7245004773139954,0.730097770690918,0.005597293376922607,0.0007987022399902344,0.0009226799011230469,-0.0007372498512268066,-0.0007795095443725586,6.145238876342773e-05,0.00014317035675048828,1.0,1.0,6.145238876342773e-05,0.00014317035675048828,0.00014317035675048828,0.0,1.0,0.005,0.5673644542694092,0.7274052500724792,0.709845204414051,0.002709404643858912,14.612284847437387,1e-06,34.96790647506714,56.896484375,56.57050275802612,94.87719416618347,True,PASS,
39,v10_TypeM_039_04214_containment_orbit_left_44_seed43214_foreground_identity_color_shift,L0_camera_r4,calibrated_winner_detached_log,49,349.5545349121094,0.34955453872680664,mid,1.0,-0.0008084774017333984,-0.0008538961410522461,-0.0010273972078907012,-0.001093764636980247,-0.001093764636980247,0.0,WINNER_IMPROVES,0.7873223423957825,0.7811216115951538,-0.006200730800628662,0.7866575121879578,0.7803130149841309,-0.006344497203826904,0.7865138649940491,0.7802677154541016,-0.00624614953994751,0.000664830207824707,0.0008084774017333984,-0.0008085966110229492,-0.0008538961410522461,-0.0001437664031982422,-4.5418739318847656e-05,1.0,1.0,-0.0001437664031982422,-4.5418739318847656e-05,-4.5418739318847656e-05,0.0,1.0,0.005,0.6867245435714722,0.7900091409683228,0.6313603795707897,0.00271405345262615,14.612330589423538,1e-06,34.967875957489014,56.916015625,56.57050275802612,93.46287417411804,True,PASS,
40,v6b_GT_C_007_04228_containment_orbit_left_44_seed43228,L0_camera_r4,calibrated_winner_detached_log,49,349.5545349121094,0.34955453872680664,mid,1.0,-0.0009548068046569824,-0.0008475780487060547,-0.0012205992993353982,-0.0010378884811808036,-0.0010378884811808036,0.0,WINNER_IMPROVES,0.782721757888794,0.8170607686042786,0.03433901071548462,0.7818938493728638,0.8163509964942932,0.03445714712142944,0.781766951084137,0.8162131905555725,0.03444623947143555,0.0008279085159301758,0.0009548068046569824,-0.0007097721099853516,-0.0008475780487060547,0.00011813640594482422,0.00010722875595092773,1.0,1.0,0.00011813640594482422,0.00010722875595092773,0.00010722875595092773,0.0,1.0,0.005,0.5482272505760193,0.7844850420951843,0.6016901689800698,0.0027182382626327528,14.612376968662822,1e-06,34.967875957489014,56.896484375,56.57050275802612,93.81474184989929,True,PASS,
41,v10_TypeM_071_01038_drop_orbit_left_72_seed40038_foreground_identity_color_shift,L0_camera_r4,calibrated_winner_detached_log,49,349.5545349121094,0.34955453872680664,mid,1.0,-0.0006782412528991699,-0.0009303689002990723,-0.0009220634148900131,-0.0012544045564169073,-0.0012544045564169073,0.0,WINNER_IMPROVES,0.7359081506729126,0.7421469688415527,0.006238818168640137,0.7352150678634644,0.7412903904914856,0.00607532262802124,0.7352299094200134,0.7412165999412537,0.005986690521240234,0.0006930828094482422,0.0006782412528991699,-0.0008565783500671387,-0.0009303689002990723,-0.00016349554061889648,-0.00025212764739990234,1.0,1.0,-0.00016349554061889648,-0.00025212764739990234,-0.00025212764739990234,0.0,1.0,0.005,0.6951780915260315,0.7385629415512085,0.7941758929478023,0.002757678333128496,14.612424506975776,1e-06,34.96790647506714,56.916015625,56.57050275802612,92.94523191452026,True,PASS,
42,v10_TypeM_067_01014_drop_orbit_left_72_seed40014_foreground_identity_color_shift,L0_camera_r4,calibrated_winner_detached_log,49,349.5545349121094,0.34955453872680664,mid,1.0,-0.0010962486267089844,-0.000834345817565918,-0.0015123280162325809,-0.0011422196619461044,-0.0011422196619461044,0.0,WINNER_IMPROVES,0.7254231572151184,0.7308772802352905,0.005454123020172119,0.7243343591690063,0.7300305962562561,0.005696237087249756,0.7243269085884094,0.7300429344177246,0.0057160258293151855,0.0010887980461120605,0.0010962486267089844,-0.0008466839790344238,-0.000834345817565918,0.00024211406707763672,0.0002619028091430664,1.0,1.0,0.00024211406707763672,0.0002619028091430664,0.0002619028091430664,0.0,1.0,0.005,0.5147014260292053,0.726926326751709,0.6864567085471727,0.0027576475023555693,14.612472490743322,1e-06,34.96790647506714,56.896484375,56.57050275802612,93.53245449066162,True,PASS,
43,v10_TypeM_039_04214_containment_orbit_left_44_seed43214_foreground_identity_color_shift,L0_camera_r4,calibrated_winner_detached_log,49,349.5545349121094,0.34955453872680664,mid,1.0,-0.0009438991546630859,-0.0009545683860778809,-0.0011995917705233108,-0.0012227956564651026,-0.0012227956564651026,0.0,WINNER_IMPROVES,0.7873223423957825,0.7811216115951538,-0.006200730800628662,0.7863945960998535,0.7801668643951416,-0.006227731704711914,0.7863784432411194,0.7801670432090759,-0.006211400032043457,0.0009277462959289551,0.0009438991546630859,-0.000954747200012207,-0.0009545683860778809,-2.7000904083251953e-05,-1.0669231414794922e-05,1.0,1.0,-2.7000904083251953e-05,-1.0669231414794922e-05,-1.0669231414794922e-05,0.0,1.0,0.005,0.6861012578010559,0.7898800373077393,0.6450656694037936,0.0027627829094918717,14.612521186400526,1e-06,34.967875957489014,56.916015625,56.57050275802612,93.5558111667633,True,PASS,
44,v6b_GT_C_007_04228_containment_orbit_left_44_seed43228,L0_camera_r4,calibrated_winner_detached_log,49,349.5545349121094,0.34955453872680664,mid,1.0,-0.0011090636253356934,-0.0009169578552246094,-0.0014179369321554258,-0.0011228941578248326,-0.0011228941578248326,0.0,WINNER_IMPROVES,0.782721757888794,0.8170607686042786,0.03433901071548462,0.7817291021347046,0.8161917924880981,0.034462690353393555,0.7816126942634583,0.816143810749054,0.0345311164855957,0.0009926557540893555,0.0011090636253356934,-0.0008689761161804199,-0.0009169578552246094,0.00012367963790893555,0.00019210577011108398,1.0,1.0,0.00012367963790893555,0.00019210577011108398,0.00019210577011108398,0.0,1.0,0.005,0.5676882266998291,0.7845566272735596,0.6268012555450736,0.0027707847018672966,14.612570420037011,1e-06,34.967875957489014,56.896484375,56.57050275802612,92.98911094665527,True,PASS,
45,v10_TypeM_071_01038_drop_orbit_left_72_seed40038_foreground_identity_color_shift,L0_camera_r4,calibrated_winner_detached_log,49,349.5545349121094,0.34955453872680664,mid,1.0,-0.0008357763290405273,-0.0010661482810974121,-0.001136352784281523,-0.0014376058188196941,-0.0014376058188196941,0.0,WINNER_IMPROVES,0.7359081506729126,0.7421469688415527,0.006238818168640137,0.7350183129310608,0.7412201762199402,0.0062018632888793945,0.7350723743438721,0.7410808205604553,0.006008446216583252,0.0008898377418518066,0.0008357763290405273,-0.0009267926216125488,-0.0010661482810974121,-3.695487976074219e-05,-0.00023037195205688477,1.0,1.0,-3.695487976074219e-05,-0.00023037195205688477,-0.00023037195205688477,0.0,1.0,0.005,0.8028343319892883,0.7390643954277039,0.8755997456966517,0.002827239317888057,14.612621286338795,1e-06,34.96790647506714,56.916015625,56.57050275802612,93.23705077171326,True,PASS,
46,v10_TypeM_067_01014_drop_orbit_left_72_seed40014_foreground_identity_color_shift,L0_camera_r4,calibrated_winner_detached_log,49,349.5545349121094,0.34955453872680664,mid,1.0,-0.0011802315711975098,-0.0009645223617553711,-0.0016282809257001797,-0.0013205491050086672,-0.0013205491050086672,0.0,WINNER_IMPROVES,0.7254231572151184,0.7308772802352905,0.005454123020172119,0.7243036031723022,0.729880154132843,0.0055765509605407715,0.7242429256439209,0.7299127578735352,0.005669832229614258,0.0011195540428161621,0.0011802315711975098,-0.0009971261024475098,-0.0009645223617553711,0.00012242794036865234,0.00021570920944213867,1.0,1.0,0.00012242794036865234,0.00021570920944213867,0.00021570920944213867,0.0,1.0,0.005,0.5360062718391418,0.7268809676170349,0.718677559582746,0.0028282516076546006,14.61267262357839,1e-06,34.96790647506714,56.896484375,56.57050275802612,93.33441495895386,True,PASS,
47,v10_TypeM_039_04214_containment_orbit_left_44_seed43214_foreground_identity_color_shift,L0_camera_r4,calibrated_winner_detached_log,49,349.5545349121094,0.34955453872680664,mid,1.0,-0.0011355280876159668,-0.0010967850685119629,-0.0014433068475851595,-0.0014051023121573977,-0.0014051023121573977,0.0,WINNER_IMPROVES,0.7873223423957825,0.7811216115951538,-0.006200730800628662,0.7862277626991272,0.7801145911216736,-0.006113171577453613,0.7861868143081665,0.7800248265266418,-0.006161987781524658,0.0010945796966552734,0.0011355280876159668,-0.0010070204734802246,-0.0010967850685119629,8.755922317504883e-05,3.8743019104003906e-05,1.0,1.0,8.755922317504883e-05,3.8743019104003906e-05,3.8743019104003906e-05,0.0,1.0,0.005,0.6185382604598999,0.7893155217170715,0.6239824675505281,0.0028188504060848224,14.612724331090098,1e-06,34.967875957489014,56.916015625,56.57050275802612,93.39664387702942,True,PASS,
48,v6b_GT_C_007_04228_containment_orbit_left_44_seed43228,L0_camera_r4,calibrated_winner_detached_log,49,349.5545349121094,0.34955453872680664,mid,1.0,-0.0013142228126525879,-0.00109100341796875,-0.0016804532860948949,-0.0013361704442761968,-0.0013361704442761968,0.0,WINNER_IMPROVES,0.782721757888794,0.8170607686042786,0.03433901071548462,0.7814856767654419,0.8160346150398254,0.034548938274383545,0.7814075350761414,0.8159697651863098,0.03456223011016846,0.0012360811233520508,0.0013142228126525879,-0.001026153564453125,-0.00109100341796875,0.00020992755889892578,0.0002232193946838379,1.0,1.0,0.00020992755889892578,0.0002232193946838379,0.0002232193946838379,0.0,1.0,0.005,0.5861750841140747,0.7844072580337524,0.6522089251015829,0.002828698188575093,14.612776733851796,1e-06,34.967875957489014,56.896484375,56.57050275802612,93.26518511772156,True,PASS,
49,v10_TypeM_071_01038_drop_orbit_left_72_seed40038_foreground_identity_color_shift,L0_camera_r4,calibrated_winner_detached_log,49,349.5545349121094,0.34955453872680664,mid,1.0,-0.0011488795280456543,-0.0012222528457641602,-0.0015623923248529353,-0.0016482724584330993,-0.0016482724584330993,0.0,WINNER_IMPROVES,0.7359081506729126,0.7421469688415527,0.006238818168640137,0.7349907755851746,0.7408850789070129,0.005894303321838379,0.7347592711448669,0.7409247159957886,0.006165444850921631,0.0009173750877380371,0.0011488795280456543,-0.001261889934539795,-0.0012222528457641602,-0.0003445148468017578,-7.337331771850586e-05,1.0,1.0,-0.0003445148468017578,-7.337331771850586e-05,-7.337331771850586e-05,0.0,1.0,0.005,0.726361870765686,0.7385014295578003,0.8493308607896697,0.002873202967078243,14.61283051831782,1e-06,34.96790647506714,56.916015625,56.57050275802612,93.87261724472046,True,PASS,
50,v10_TypeM_067_01014_drop_orbit_left_72_seed40014_foreground_identity_color_shift,L0_camera_r4,calibrated_winner_detached_log,49,349.5545349121094,0.34955453872680664,mid,1.0,-0.001443326473236084,-0.0012792348861694336,-0.0019916157789047827,-0.001751806652789957,-0.001751806652789957,0.0,WINNER_IMPROVES,0.7254231572151184,0.7308772802352905,0.005454123020172119,0.7241754531860352,0.729747474193573,0.005572021007537842,0.7239798307418823,0.7295980453491211,0.0056182146072387695,0.001247704029083252,0.001443326473236084,-0.0011298060417175293,-0.0012792348861694336,0.00011789798736572266,0.0001640915870666504,1.0,1.0,0.00011789798736572266,0.0001640915870666504,0.0001640915870666504,0.0,1.0,0.005,0.5119379162788391,0.7265523672103882,0.7153820594788988,0.002868813175368185,14.612884818570896,1e-06,34.96790647506714,56.896484375,56.57050275802612,93.36512780189514,True,PASS,
51,v10_TypeM_039_04214_containment_orbit_left_44_seed43214_foreground_identity_color_shift,L0_camera_r4,calibrated_winner_detached_log,49,349.5545349121094,0.34955453872680664,mid,1.0,-0.0012826323509216309,-0.001214444637298584,-0.0016304354319018155,-0.0015559544877556967,-0.0015559544877556967,0.0,WINNER_IMPROVES,0.7873223423957825,0.7811216115951538,-0.006200730800628662,0.7861430644989014,0.7798902988433838,-0.006252765655517578,0.7860397100448608,0.7799071669578552,-0.006132543087005615,0.0011792778968811035,0.0012826323509216309,-0.0012313127517700195,-0.001214444637298584,-5.2034854888916016e-05,6.818771362304688e-05,1.0,1.0,-5.2034854888916016e-05,6.818771362304688e-05,6.818771362304688e-05,0.0,1.0,0.005,0.6585177183151245,0.7893779873847961,0.6597181347333843,0.0028663155293654277,14.612939499975475,1e-06,34.967875957489014,56.916015625,56.57050275802612,93.36859560012817,True,PASS,
52,v6b_GT_C_007_04228_containment_orbit_left_44_seed43228,L0_camera_r4,calibrated_winner_detached_log,49,349.5545349121094,0.34955453872680664,mid,1.0,-0.0014678239822387695,-0.0012028813362121582,-0.0018770424657269461,-0.00147329021532456,-0.00147329021532456,0.0,WINNER_IMPROVES,0.782721757888794,0.8170607686042786,0.03433901071548462,0.7813929319381714,0.8158456683158875,0.034452736377716064,0.7812539339065552,0.8158578872680664,0.03460395336151123,0.0013288259506225586,0.0014678239822387695,-0.0012151002883911133,-0.0012028813362121582,0.00011372566223144531,0.00026494264602661133,1.0,1.0,0.00011372566223144531,0.00026494264602661133,0.00026494264602661133,0.0,1.0,0.005,0.52763432264328,0.7839022874832153,0.6296358956428191,0.0028635770591933585,14.612994774320809,1e-06,34.967875957489014,56.896484375,56.57050275802612,94.01410579681396,True,PASS,
53,v10_TypeM_071_01038_drop_orbit_left_72_seed40038_foreground_identity_color_shift,L0_camera_r4,calibrated_winner_detached_log,49,349.5545349121094,0.34955453872680664,mid,1.0,-0.0013446807861328125,-0.001401066780090332,-0.0018289113830735938,-0.001889640452913641,-0.001889640452913641,0.0,WINNER_IMPROVES,0.7359081506729126,0.7421469688415527,0.006238818168640137,0.734688937664032,0.7406519651412964,0.005963027477264404,0.7345634698867798,0.7407459020614624,0.006182432174682617,0.0012192130088806152,0.0013446807861328125,-0.0014950037002563477,-0.001401066780090332,-0.0002757906913757324,-5.638599395751953e-05,1.0,1.0,-0.0002757906913757324,-5.638599395751953e-05,-5.638599395751953e-05,0.0,1.0,0.005,0.7648378610610962,0.7385005354881287,0.8918831575710168,0.0029169590441774414,14.613051549317271,1e-06,34.96790647506714,56.916015625,56.57050275802612,92.64361715316772,True,PASS,
54,v10_TypeM_067_01014_drop_orbit_left_72_seed40014_foreground_identity_color_shift,L0_camera_r4,calibrated_winner_detached_log,49,349.5545349121094,0.34955453872680664,mid,1.0,-0.0014927983283996582,-0.0014449357986450195,-0.0020599513080748434,-0.0019789450483664083,-0.0019789450483664083,0.0,WINNER_IMPROVES,0.7254231572151184,0.7308772802352905,0.005454123020172119,0.7238312363624573,0.7295836806297302,0.005752444267272949,0.7239303588867188,0.7294323444366455,0.005501985549926758,0.0015919208526611328,0.0014927983283996582,-0.0012935996055603027,-0.0014449357986450195,0.0002983212471008301,4.786252975463867e-05,1.0,1.0,0.0002983212471008301,4.786252975463867e-05,4.786252975463867e-05,0.0,1.0,0.005,0.6256317496299744,0.7271127700805664,0.8171412260581405,0.0029370435085465654,14.613109415124898,1e-06,34.96790647506714,56.896484375,56.57050275802612,93.27022457122803,True,PASS,
55,v10_TypeM_039_04214_containment_orbit_left_44_seed43214_foreground_identity_color_shift,L0_camera_r4,calibrated_winner_detached_log,49,349.5545349121094,0.34955453872680664,mid,1.0,-0.0014475584030151367,-0.0012772679328918457,-0.001840276426721636,-0.0016365100049568902,-0.0016365100049568902,0.0,WINNER_IMPROVES,0.7873223423957825,0.7811216115951538,-0.006200730800628662,0.7859812378883362,0.7796940803527832,-0.0062871575355529785,0.7858747839927673,0.779844343662262,-0.006030440330505371,0.001341104507446289,0.0014475584030151367,-0.0014275312423706055,-0.0012772679328918457,-8.64267349243164e-05,0.00017029047012329102,1.0,1.0,-8.64267349243164e-05,0.00017029047012329102,0.00017029047012329102,0.0,1.0,0.005,0.6840233206748962,0.7893105149269104,0.6884254360967376,0.002934931035839289,14.61316760615474,1e-06,34.967875957489014,56.916015625,56.57050275802612,93.3637957572937,True,PASS,
56,v6b_GT_C_007_04228_containment_orbit_left_44_seed43228,L0_camera_r4,calibrated_winner_detached_log,49,349.5545349121094,0.34955453872680664,mid,1.0,-0.001697242259979248,-0.00147324800491333,-0.002170739503563938,-0.0018047345487457091,-0.0018047345487457091,0.0,WINNER_IMPROVES,0.782721757888794,0.8170607686042786,0.03433901071548462,0.7809023857116699,0.8156399726867676,0.034737586975097656,0.7810245156288147,0.8155875205993652,0.03456300497055054,0.0018193721771240234,0.001697242259979248,-0.0014207959175109863,-0.00147324800491333,0.0003985762596130371,0.00022399425506591797,1.0,1.0,0.0003985762596130371,0.00022399425506591797,0.00022399425506591797,0.0,1.0,0.005,0.5967906713485718,0.7840797901153564,0.6883565881979613,0.002943088344021864,14.613226730602523,1e-06,34.967875957489014,56.896484375,56.57050275802612,94.38619661331177,True,PASS,
57,v10_TypeM_071_01038_drop_orbit_left_72_seed40038_foreground_identity_color_shift,L0_camera_r4,calibrated_winner_detached_log,49,349.5545349121094,0.34955453872680664,mid,1.0,-0.0014734268188476562,-0.0016321539878845215,-0.00200419550777874,-0.0022016546768918264,-0.0022016546768918264,0.0,WINNER_IMPROVES,0.7359081506729126,0.7421469688415527,0.006238818168640137,0.7344668507575989,0.740614116191864,0.006147265434265137,0.7344347238540649,0.7405148148536682,0.0060800909996032715,0.0014412999153137207,0.0014734268188476562,-0.0015328526496887207,-0.0016321539878845215,-9.1552734375e-05,-0.00015872716903686523,1.0,1.0,-9.1552734375e-05,-0.00015872716903686523,-0.00015872716903686523,0.0,1.0,0.005,0.8127763271331787,0.7386148571968079,0.9414097951283712,0.0029997403517728386,14.61328742221085,1e-06,34.96790647506714,56.916015625,56.57050275802612,93.23884630203247,True,PASS,
58,v10_TypeM_067_01014_drop_orbit_left_72_seed40014_foreground_identity_color_shift,L0_camera_r4,calibrated_winner_detached_log,49,349.5545349121094,0.34955453872680664,mid,1.0,-0.001716017723083496,-0.0015238523483276367,-0.002368342591968772,-0.0020871398911937386,-0.0020871398911937386,0.0,WINNER_IMPROVES,0.7254231572151184,0.7308772802352905,0.005454123020172119,0.7236070036888123,0.7293877005577087,0.005780696868896484,0.7237071394920349,0.7293534278869629,0.0056462883949279785,0.0018161535263061523,0.001716017723083496,-0.0014895796775817871,-0.0015238523483276367,0.00032657384872436523,0.00019216537475585938,1.0,1.0,0.00032657384872436523,0.00019216537475585938,0.00019216537475585938,0.0,1.0,0.005,0.5205455422401428,0.72620689868927,0.7549799243773425,0.002990851856944767,14.613348531291752,1e-06,34.96790647506714,56.896484375,56.57050275802612,93.07521080970764,True,PASS,
59,v10_TypeM_039_04214_containment_orbit_left_44_seed43214_foreground_identity_color_shift,L0_camera_r4,calibrated_winner_detached_log,49,349.5545349121094,0.34955453872680664,mid,1.0,-0.0016161203384399414,-0.0015147924423217773,-0.002054788988628617,-0.0019411357782856044,-0.0019411357782856044,0.0,WINNER_IMPROVES,0.7873223423957825,0.7811216115951538,-0.006200730800628662,0.7856267094612122,0.7795249819755554,-0.006101727485656738,0.7857062220573425,0.779606819152832,-0.006099402904510498,0.0016956329345703125,0.0016161203384399414,-0.0015966296195983887,-0.0015147924423217773,9.900331497192383e-05,0.00010132789611816406,1.0,1.0,9.900331497192383e-05,0.00010132789611816406,0.00010132789611816406,0.0,1.0,0.005,0.68277907371521,0.7891141176223755,0.703187028851116,0.002986305971784948,14.613410283203255,1e-06,34.967875957489014,56.916015625,56.57050275802612,93.5858085155487,True,PASS,
60,v6b_GT_C_007_04228_containment_orbit_left_44_seed43228,L0_camera_r4,calibrated_winner_detached_log,49,349.5545349121094,0.34955453872680664,mid,1.0,-0.0019664764404296875,-0.0016223788261413574,-0.0025155181723283456,-0.001987602054241623,-0.001987602054241623,0.0,WINNER_IMPROVES,0.782721757888794,0.8170607686042786,0.03433901071548462,0.7809213399887085,0.8154962062835693,0.03457486629486084,0.7807552814483643,0.8154383897781372,0.03468310832977295,0.0018004179000854492,0.0019664764404296875,-0.0015645623207092285,-0.0016223788261413574,0.0002358555793762207,0.0003440976142883301,1.0,1.0,0.0002358555793762207,0.0003440976142883301,0.0003440976142883301,0.0,1.0,0.005,0.5241856575012207,0.7836022973060608,0.6559252879387947,0.0029770005527634635,14.613472266627747,1e-06,34.967875957489014,56.896484375,56.57050275802612,93.44147944450378,True,PASS,
61,v10_TypeM_071_01038_drop_orbit_left_72_seed40038_foreground_identity_color_shift,L0_camera_r4,calibrated_winner_detached_log,49,349.5545349121094,0.34955453872680664,mid,1.0,-0.001743912696838379,-0.001890420913696289,-0.002372554582510117,-0.0025504822291172653,-0.0025504822291172653,0.0,WINNER_IMPROVES,0.7359081506729126,0.7421469688415527,0.006238818168640137,0.734308660030365,0.7402746677398682,0.005966007709503174,0.7341642379760742,0.7402565479278564,0.0060923099517822266,0.0015994906425476074,0.001743912696838379,-0.0018723011016845703,-0.001890420913696289,-0.0002728104591369629,-0.00014650821685791016,1.0,1.0,-0.0002728104591369629,-0.00014650821685791016,-0.00014650821685791016,0.0,1.0,0.005,0.6879633069038391,0.7376865148544312,0.8815372551059945,0.0030137613933663024,14.613535744499769,1e-06,34.96790647506714,56.916015625,56.57050275802612,94.07016348838806,True,PASS,
62,v10_TypeM_067_01014_drop_orbit_left_72_seed40014_foreground_identity_color_shift,L0_camera_r4,calibrated_winner_detached_log,49,349.5545349121094,0.34955453872680664,mid,1.0,-0.0019164681434631348,-0.0018273591995239258,-0.0026453582132059234,-0.002503357875936981,-0.002503357875936981,0.0,WINNER_IMPROVES,0.7254231572151184,0.7308772802352905,0.005454123020172119,0.723391056060791,0.7292126417160034,0.005821585655212402,0.7235066890716553,0.7290499210357666,0.005543231964111328,0.0020321011543273926,0.0019164681434631348,-0.0016646385192871094,-0.0018273591995239258,0.0003674626350402832,8.910894393920898e-05,1.0,1.0,0.0003674626350402832,8.910894393920898e-05,8.910894393920898e-05,0.0,1.0,0.005,0.5094123482704163,0.7260345220565796,0.7607624700413457,0.0030050420042964272,14.613599478083328,1e-06,34.96790647506714,56.896484375,56.57050275802612,93.15609288215637,True,PASS,
63,v10_TypeM_039_04214_containment_orbit_left_44_seed43214_foreground_identity_color_shift,L0_camera_r4,calibrated_winner_detached_log,49,349.5545349121094,0.34955453872680664,mid,1.0,-0.0017909407615661621,-0.0018105506896972656,-0.0022773147466506366,-0.0023205762233698872,-0.0023205762233698872,0.0,WINNER_IMPROVES,0.7873223423957825,0.7811216115951538,-0.006200730800628662,0.7856069803237915,0.7793003916740417,-0.006306588649749756,0.7855314016342163,0.7793110609054565,-0.006220340728759766,0.0017153620719909668,0.0017909407615661621,-0.0018212199211120605,-0.0018105506896972656,-0.00010585784912109375,-1.9609928131103516e-05,1.0,1.0,-0.00010585784912109375,-1.9609928131103516e-05,-1.9609928131103516e-05,0.0,1.0,0.005,0.7319260835647583,0.7892132997512817,0.7456758907663255,0.0030122096729223017,14.61366409744897,1e-06,34.967875957489014,56.916015625,56.57050275802612,92.32780766487122,True,PASS,
64,v6b_GT_C_007_04228_containment_orbit_left_44_seed43228,L0_camera_r4,calibrated_winner_detached_log,49,349.5545349121094,0.34955453872680664,mid,1.0,-0.0020746588706970215,-0.0017619729042053223,-0.002654089024285694,-0.0021588057012007873,-0.0021588057012007873,0.0,WINNER_IMPROVES,0.782721757888794,0.8170607686042786,0.03433901071548462,0.7805980443954468,0.8153285980224609,0.03473055362701416,0.7806470990180969,0.8152987957000732,0.03465169668197632,0.002123713493347168,0.0020746588706970215,-0.001732170581817627,-0.0017619729042053223,0.000391542911529541,0.0003126859664916992,1.0,1.0,0.000391542911529541,0.0003126859664916992,0.0003126859664916992,0.0,1.0,0.005,0.49920156598091125,0.7831765413284302,0.65305331887687,0.0029972602227037438,14.613728925887811,1e-06,34.967875957489014,56.896484375,56.57050275802612,93.21078109741211,True,PASS,
65,v10_TypeM_071_01038_drop_orbit_left_72_seed40038_foreground_identity_color_shift,L0_camera_r4,calibrated_winner_detached_log,49,349.5545349121094,0.34955453872680664,mid,1.0,-0.0019622445106506348,-0.0019175410270690918,-0.002669987051482891,-0.0025871190003583593,-0.0025871190003583593,0.0,WINNER_IMPROVES,0.7359081506729126,0.7421469688415527,0.006238818168640137,0.7339710593223572,0.7402679324150085,0.006296873092651367,0.733945906162262,0.7402294278144836,0.00628352165222168,0.00193709135055542,0.0019622445106506348,-0.0018790364265441895,-0.0019175410270690918,5.805492401123047e-05,4.470348358154297e-05,1.0,1.0,5.805492401123047e-05,4.470348358154297e-05,4.470348358154297e-05,0.0,1.0,0.005,0.8284913301467896,0.7381818890571594,0.9932627883030685,0.0030625847245005855,14.613795795477072,1e-06,34.96790647506714,56.916015625,56.57050275802612,93.48943305015564,True,PASS,
66,v10_TypeM_067_01014_drop_orbit_left_72_seed40014_foreground_identity_color_shift,L0_camera_r4,calibrated_winner_detached_log,49,349.5545349121094,0.34955453872680664,mid,1.0,-0.002125978469848633,-0.0019278526306152344,-0.0029349763564999005,-0.002641209007304963,-0.002641209007304963,0.0,WINNER_IMPROVES,0.7254231572151184,0.7308772802352905,0.005454123020172119,0.7231929302215576,0.7290523052215576,0.005859375,0.7232971787452698,0.7289494276046753,0.005652248859405518,0.002230226993560791,0.002125978469848633,-0.0018249750137329102,-0.0019278526306152344,0.00040525197982788086,0.00019812583923339844,1.0,1.0,0.00040525197982788086,0.00019812583923339844,0.00019812583923339844,0.0,1.0,0.005,0.6517224907875061,0.7265978455543518,0.8930699865118386,0.0030837699688522143,14.61386366101925,1e-06,34.96790647506714,56.896484375,56.57050275802612,94.11578583717346,True,PASS,
67,v10_TypeM_039_04214_containment_orbit_left_44_seed43214_foreground_identity_color_shift,L0_camera_r4,calibrated_winner_detached_log,49,349.5545349121094,0.34955453872680664,mid,1.0,-0.0020560026168823242,-0.0019911527633666992,-0.0026148016776143613,-0.0025523488883982407,-0.0025523488883982407,0.0,WINNER_IMPROVES,0.7873223423957825,0.7811216115951538,-0.006200730800628662,0.785321056842804,0.7791339755058289,-0.006187081336975098,0.7852663397789001,0.7791304588317871,-0.006135880947113037,0.0020012855529785156,0.0020560026168823242,-0.001987636089324951,-0.0019911527633666992,1.3649463653564453e-05,6.4849853515625e-05,1.0,1.0,1.3649463653564453e-05,6.4849853515625e-05,6.4849853515625e-05,0.0,1.0,0.005,0.6413210034370422,0.7884879112243652,0.7109596774454295,0.003068367557230222,14.613931890518959,1e-06,34.967875957489014,56.916015625,56.57050275802612,93.10233855247498,True,PASS,
68,v6b_GT_C_007_04228_containment_orbit_left_44_seed43228,L0_camera_r4,calibrated_winner_detached_log,49,349.5545349121094,0.34955453872680664,mid,1.0,-0.0023706555366516113,-0.002119719982147217,-0.0030333292635761743,-0.002597694592969099,-0.002597694592969099,0.0,WINNER_IMPROVES,0.782721757888794,0.8170607686042786,0.03433901071548462,0.7804609537124634,0.8150920867919922,0.03463113307952881,0.7803511023521423,0.8149410486221313,0.034589946269989014,0.0022608041763305664,0.0023706555366516113,-0.001968681812286377,-0.002119719982147217,0.00029212236404418945,0.00025093555450439453,1.0,1.0,0.00029212236404418945,0.00025093555450439453,0.00025093555450439453,0.0,1.0,0.005,0.5189600586891174,0.7830526232719421,0.6816286234257536,0.0030548289960021517,14.614000467383992,1e-06,34.967875957489014,56.896484375,56.57050275802612,93.35596227645874,True,PASS,
69,v10_TypeM_071_01038_drop_orbit_left_72_seed40038_foreground_identity_color_shift,L0_camera_r4,calibrated_winner_detached_log,49,349.5545349121094,0.34955453872680664,mid,1.0,-0.0020574331283569336,-0.002307891845703125,-0.002799689784143944,-0.0031145956963913833,-0.0031145956963913833,0.0,WINNER_IMPROVES,0.7359081506729126,0.7421469688415527,0.006238818168640137,0.7338548898696899,0.7397737503051758,0.00591886043548584,0.7338507175445557,0.7398390769958496,0.005988359451293945,0.0020532608032226562,0.0020574331283569336,-0.002373218536376953,-0.002307891845703125,-0.0003199577331542969,-0.0002504587173461914,1.0,1.0,-0.0003199577331542969,-0.0002504587173461914,-0.0002504587173461914,0.0,1.0,0.005,0.7598845958709717,0.7376295924186707,0.9713676320263336,0.0031061686905994442,14.614070747199646,1e-06,34.96790647506714,56.916015625,56.57050275802612,94.80571150779724,True,PASS,
70,v10_TypeM_067_01014_drop_orbit_left_72_seed40014_foreground_identity_color_shift,L0_camera_r4,calibrated_winner_detached_log,49,349.5545349121094,0.34955453872680664,mid,1.0,-0.002241849899291992,-0.0022078752517700195,-0.003095188111055085,-0.003025428275740479,-0.003025428275740479,0.0,WINNER_IMPROVES,0.7254231572151184,0.7308772802352905,0.005454123020172119,0.723076343536377,0.7288910746574402,0.005814731121063232,0.7231813073158264,0.7286694049835205,0.005488097667694092,0.002346813678741455,0.002241849899291992,-0.001986205577850342,-0.0022078752517700195,0.0003606081008911133,3.3974647521972656e-05,1.0,1.0,0.0003606081008911133,3.3974647521972656e-05,3.3974647521972656e-05,0.0,1.0,0.005,0.5165371894836426,0.7256503105163574,0.8027514962507571,0.003095404246855672,14.614141439032288,1e-06,34.96790647506714,56.896484375,56.57050275802612,93.4321186542511,True,PASS,
71,v10_TypeM_039_04214_containment_orbit_left_44_seed43214_foreground_identity_color_shift,L0_camera_r4,calibrated_winner_detached_log,49,349.5545349121094,0.34955453872680664,mid,1.0,-0.0023596882820129395,-0.002184271812438965,-0.003001605979700431,-0.002800244452062384,-0.002800244452062384,0.0,WINNER_IMPROVES,0.7873223423957825,0.7811216115951538,-0.006200730800628662,0.7851293683052063,0.7790055274963379,-0.006123840808868408,0.7849626541137695,0.7789373397827148,-0.0060253143310546875,0.002192974090576172,0.0023596882820129395,-0.002116084098815918,-0.002184271812438965,7.68899917602539e-05,0.0001754164695739746,1.0,1.0,7.68899917602539e-05,0.0001754164695739746,0.0001754164695739746,0.0,1.0,0.005,0.6815007328987122,0.7885347008705139,0.7507495207652954,0.0030902286849020105,14.614212643535257,1e-06,34.967875957489014,56.916015625,56.57050275802612,93.60777139663696,True,PASS,
72,v6b_GT_C_007_04228_containment_orbit_left_44_seed43228,L0_camera_r4,calibrated_winner_detached_log,49,349.5545349121094,0.34955453872680664,mid,1.0,-0.0026137232780456543,-0.0022298693656921387,-0.0033448628814543,-0.002732866121115075,-0.002732866121115075,0.0,WINNER_IMPROVES,0.782721757888794,0.8170607686042786,0.03433901071548462,0.7801246643066406,0.814945638179779,0.03482097387313843,0.7801080346107483,0.8148308992385864,0.034722864627838135,0.0025970935821533203,0.0026137232780456543,-0.0021151304244995117,-0.0022298693656921387,0.0004819631576538086,0.0003838539123535156,1.0,1.0,0.0004819631576538086,0.0003838539123535156,0.0003838539123535156,0.0,1.0,0.005,0.4976100027561188,0.7826495170593262,0.6810586942299656,0.003072007721756707,14.614284119617839,1e-06,34.967875957489014,56.896484375,56.57050275802612,93.7535629272461,True,PASS,
73,v10_TypeM_071_01038_drop_orbit_left_72_seed40038_foreground_identity_color_shift,L0_camera_r4,calibrated_winner_detached_log,49,349.5545349121094,0.34955453872680664,mid,1.0,-0.00235593318939209,-0.002646923065185547,-0.0032065310871815236,-0.00357295066803454,-0.00357295066803454,0.0,WINNER_IMPROVES,0.7359081506729126,0.7421469688415527,0.006238818168640137,0.7334980368614197,0.7398073077201843,0.0063092708587646484,0.7335522174835205,0.7395000457763672,0.00594782829284668,0.00241011381149292,0.00235593318939209,-0.002339661121368408,-0.002646923065185547,7.045269012451172e-05,-0.00029098987579345703,1.0,1.0,7.045269012451172e-05,-0.00029098987579345703,-0.00029098987579345703,0.0,1.0,0.005,0.8508057594299316,0.737827479839325,1.0519118563316703,0.003142627715636033,14.61435778562475,1e-06,34.96790647506714,56.916015625,56.57050275802612,93.31791353225708,True,PASS,
74,v10_TypeM_067_01014_drop_orbit_left_72_seed40014_foreground_identity_color_shift,L0_camera_r4,calibrated_winner_detached_log,49,349.5545349121094,0.34955453872680664,mid,1.0,-0.002687513828277588,-0.002433955669403076,-0.0037116328338552378,-0.0033357411455127665,-0.0033357411455127665,0.0,WINNER_IMPROVES,0.7254231572151184,0.7308772802352905,0.005454123020172119,0.7228886485099792,0.728423535823822,0.0055348873138427734,0.7227356433868408,0.7284433245658875,0.005707681179046631,0.00253450870513916,0.002687513828277588,-0.002453744411468506,-0.002433955669403076,8.07642936706543e-05,0.0002535581588745117,1.0,1.0,8.07642936706543e-05,0.0002535581588745117,0.0002535581588745117,0.0,1.0,0.005,0.5659970045089722,0.7256577610969543,0.8622227928588829,0.0031436674441227557,14.61443218115737,1e-06,34.96790647506714,56.896484375,56.57050275802612,94.44515752792358,True,PASS,
75,v10_TypeM_039_04214_containment_orbit_left_44_seed43214_foreground_identity_color_shift,L0_camera_r4,calibrated_winner_detached_log,49,349.5545349121094,0.34955453872680664,mid,1.0,-0.0024864673614501953,-0.002430438995361328,-0.0031631287174830867,-0.0031163239021419166,-0.0031163239021419166,0.0,WINNER_IMPROVES,0.7873223423957825,0.7811216115951538,-0.006200730800628662,0.7847774624824524,0.7786846160888672,-0.006092846393585205,0.7848358750343323,0.7786911725997925,-0.006144702434539795,0.002544879913330078,0.0024864673614501953,-0.002436995506286621,-0.002430438995361328,0.00010788440704345703,5.602836608886719e-05,1.0,1.0,0.00010788440704345703,5.602836608886719e-05,5.602836608886719e-05,0.0,1.0,0.005,0.581728458404541,0.7877026200294495,0.7043857607632077,0.0031158230881514364,14.61450653619682,1e-06,34.967875957489014,56.916015625,56.57050275802612,92.60539150238037,True,PASS,
76,v6b_GT_C_007_04228_containment_orbit_left_44_seed43228,L0_camera_r4,calibrated_winner_detached_log,49,349.5545349121094,0.34955453872680664,mid,1.0,-0.002827584743499756,-0.0024499893188476562,-0.0036190438575949544,-0.0030030444953323076,-0.0030030444953323076,0.0,WINNER_IMPROVES,0.782721757888794,0.8170607686042786,0.03433901071548462,0.7798828482627869,0.8147300481796265,0.0348471999168396,0.7798941731452942,0.8146107792854309,0.03471660614013672,0.00283890962600708,0.002827584743499756,-0.0023307204246520996,-0.0024499893188476562,0.0005081892013549805,0.0003775954246520996,1.0,1.0,0.0005081892013549805,0.0003775954246520996,0.0003775954246520996,0.0,1.0,0.005,0.4599546194076538,0.7823277115821838,0.6664117011295941,0.003087958113636528,14.614580826120754,1e-06,34.967875957489014,56.896484375,56.57050275802612,93.75400900840759,True,PASS,
77,v10_TypeM_071_01038_drop_orbit_left_72_seed40038_foreground_identity_color_shift,L0_camera_r4,calibrated_winner_detached_log,49,349.5545349121094,0.34955453872680664,mid,1.0,-0.0025382637977600098,-0.002651035785675049,-0.0034551204380124543,-0.003578512171233718,-0.003578512171233718,0.0,WINNER_IMPROVES,0.7359081506729126,0.7421469688415527,0.006238818168640137,0.7333810925483704,0.739395260810852,0.0060141682624816895,0.7333698868751526,0.7394959330558777,0.006126046180725098,0.0025270581245422363,0.0025382637977600098,-0.0027517080307006836,-0.002651035785675049,-0.00022464990615844727,-0.00011277198791503906,1.0,1.0,-0.00022464990615844727,-0.00011277198791503906,-0.00011277198791503906,0.0,1.0,0.005,0.7876688241958618,0.7373457551002502,1.0335822458327322,0.003150867595641074,14.614657273591357,1e-06,34.96790647506714,56.916015625,56.57050275802612,93.02026534080505,True,PASS,
78,v10_TypeM_067_01014_drop_orbit_left_72_seed40014_foreground_identity_color_shift,L0_camera_r4,calibrated_winner_detached_log,49,349.5545349121094,0.34955453872680664,mid,1.0,-0.0029212236404418945,-0.0025987625122070312,-0.004035053446068544,-0.0035620119907215212,-0.0035620119907215212,0.0,WINNER_IMPROVES,0.7254231572151184,0.7308772802352905,0.005454123020172119,0.7226352095603943,0.7282488346099854,0.0056136250495910645,0.7225019335746765,0.7282785177230835,0.005776584148406982,0.002787947654724121,0.0029212236404418945,-0.0026284456253051758,-0.0025987625122070312,0.0001595020294189453,0.0003224611282348633,1.0,1.0,0.0001595020294189453,0.0003224611282348633,0.0003224611282348633,0.0,1.0,0.005,0.5660263299942017,0.7255211472511292,0.8805323657783826,0.003155204622042039,14.614734533011756,1e-06,34.96790647506714,56.896484375,56.57050275802612,94.08307719230652,True,PASS,
79,v10_TypeM_039_04214_containment_orbit_left_44_seed43214_foreground_identity_color_shift,L0_camera_r4,calibrated_winner_detached_log,49,349.5545349121094,0.34955453872680664,mid,1.0,-0.0028047561645507812,-0.002625882625579834,-0.0035687592032396962,-0.0033673453158689364,-0.0033673453158689364,0.0,WINNER_IMPROVES,0.7873223423957825,0.7811216115951538,-0.006200730800628662,0.7846528887748718,0.7785210013389587,-0.006131887435913086,0.7845175862312317,0.778495728969574,-0.006021857261657715,0.0026694536209106445,0.0028047561645507812,-0.0026006102561950684,-0.002625882625579834,6.884336471557617e-05,0.00017887353897094727,1.0,1.0,6.884336471557617e-05,0.00017887353897094727,0.00017887353897094727,0.0,1.0,0.005,0.6295490264892578,0.787743091583252,0.7514916499735703,0.0031394556811155418,14.614812089663515,1e-06,34.967875957489014,56.916015625,56.57050275802612,92.94445729255676,True,PASS,
80,v6b_GT_C_007_04228_containment_orbit_left_44_seed43228,L0_camera_r4,calibrated_winner_detached_log,49,349.5545349121094,0.34955453872680664,mid,1.0,-0.0031478404998779297,-0.0027431845664978027,-0.004029768204847664,-0.003363029935844137,-0.003363029935844137,0.0,WINNER_IMPROVES,0.782721757888794,0.8170607686042786,0.03433901071548462,0.779715895652771,0.8145514130592346,0.03483551740646362,0.779573917388916,0.8143175840377808,0.034743666648864746,0.0030058622360229492,0.0031478404998779297,-0.0025093555450439453,-0.0027431845664978027,0.0004965066909790039,0.00040465593338012695,1.0,1.0,0.0004965066909790039,0.00040465593338012695,0.00040465593338012695,0.0,1.0,0.005,0.41599395871162415,0.7817501425743103,0.6440259228125385,0.003098866415081504,14.614889160385063,1e-06,34.967875957489014,56.896484375,56.57050275802612,93.87119603157043,True,PASS,
81,v10_TypeM_071_01038_drop_orbit_left_72_seed40038_foreground_identity_color_shift,L0_camera_r4,calibrated_winner_detached_log,49,349.5545349121094,0.34955453872680664,mid,1.0,-0.0029008984565734863,-0.002980470657348633,-0.003949719885306962,-0.004024097134655087,-0.004024097134655087,0.0,WINNER_IMPROVES,0.7359081506729126,0.7421469688415527,0.006238818168640137,0.7330304980278015,0.7392101287841797,0.006179630756378174,0.7330072522163391,0.7391664981842041,0.00615924596786499,0.002877652645111084,0.0029008984565734863,-0.002936840057373047,-0.002980470657348633,-5.918741226196289e-05,-7.957220077514648e-05,1.0,1.0,-5.918741226196289e-05,-7.957220077514648e-05,-7.957220077514648e-05,0.0,1.0,0.005,0.7103772759437561,0.7365893125534058,0.9999577063432478,0.0031497658250788643,14.614968289078682,1e-06,34.96790647506714,56.916015625,56.57050275802612,94.96520566940308,True,PASS,
82,v10_TypeM_067_01014_drop_orbit_left_72_seed40014_foreground_identity_color_shift,L0_camera_r4,calibrated_winner_detached_log,49,349.5545349121094,0.34955453872680664,mid,1.0,-0.0032761096954345703,-0.002953946590423584,-0.004526364569895223,-0.004049834582140803,-0.004049834582140803,0.0,WINNER_IMPROVES,0.7254231572151184,0.7308772802352905,0.005454123020172119,0.7223535180091858,0.7279468178749084,0.005593299865722656,0.7221470475196838,0.7279233336448669,0.0057762861251831055,0.003069639205932617,0.0032761096954345703,-0.00293046236038208,-0.002953946590423584,0.0001391768455505371,0.00032216310501098633,1.0,1.0,0.0001391768455505371,0.00032216310501098633,0.00032216310501098633,0.0,1.0,0.005,0.5905666351318359,0.7253146171569824,0.922371356647325,0.003163853560185702,14.615048410063274,1e-06,34.96790647506714,56.896484375,56.57050275802612,93.20819854736328,True,PASS,
83,v10_TypeM_039_04214_containment_orbit_left_44_seed43214_foreground_identity_color_shift,L0_camera_r4,calibrated_winner_detached_log,49,349.5545349121094,0.34955453872680664,mid,1.0,-0.002993941307067871,-0.0029390454292297363,-0.003809936657943907,-0.003769692807742837,-0.003769692807742837,0.0,WINNER_IMPROVES,0.7873223423957825,0.7811216115951538,-0.006200730800628662,0.7844653129577637,0.7782483100891113,-0.006217002868652344,0.7843284010887146,0.7781825661659241,-0.006145834922790527,0.002857029438018799,0.002993941307067871,-0.0028733015060424805,-0.0029390454292297363,-1.627206802368164e-05,5.4895877838134766e-05,1.0,1.0,-1.627206802368164e-05,5.4895877838134766e-05,5.4895877838134766e-05,0.0,1.0,0.005,0.7409892678260803,0.7882239818572998,0.8371784997564947,0.003172510014035779,14.615129281123641,1e-06,34.967875957489014,56.916015625,56.57050275802612,93.94248485565186,True,PASS,
84,v6b_GT_C_007_04228_containment_orbit_left_44_seed43228,L0_camera_r4,calibrated_winner_detached_log,49,349.5545349121094,0.34955453872680664,mid,1.0,-0.0034232735633850098,-0.003037393093109131,-0.004383142942301072,-0.003724389790454358,-0.003724389790454358,0.0,WINNER_IMPROVES,0.782721757888794,0.8170607686042786,0.03433901071548462,0.7794073820114136,0.8143354058265686,0.03492802381515503,0.7792984843254089,0.8140233755111694,0.0347248911857605,0.003314375877380371,0.0034232735633850098,-0.002725362777709961,-0.003037393093109131,0.0005890130996704102,0.0003858804702758789,1.0,1.0,0.0005890130996704102,0.0003858804702758789,0.0003858804702758789,0.0,1.0,0.005,0.3411455750465393,0.7810713648796082,0.5897129853831468,0.0031073576291984232,14.615209206718188,1e-06,34.967875957489014,56.896484375,56.57050275802612,93.58296608924866,True,PASS,
85,v10_TypeM_071_01038_drop_orbit_left_72_seed40038_foreground_identity_color_shift,L0_camera_r4,calibrated_winner_detached_log,49,349.5545349121094,0.34955453872680664,mid,1.0,-0.003042161464691162,-0.003321349620819092,-0.004142455522517098,-0.004485370183256238,-0.004485370183256238,0.0,WINNER_IMPROVES,0.7359081506729126,0.7421469688415527,0.006238818168640137,0.7328473329544067,0.7390425801277161,0.006195247173309326,0.7328659892082214,0.7388256192207336,0.005959630012512207,0.0030608177185058594,0.003042161464691162,-0.00310438871383667,-0.003321349620819092,-4.357099533081055e-05,-0.0002791881561279297,1.0,1.0,-4.357099533081055e-05,-0.0002791881561279297,-0.0002791881561279297,0.0,1.0,0.005,0.7477466464042664,0.7365430593490601,1.0492307627110056,0.0031697236849151556,14.615291431839577,1e-06,34.96790647506714,56.916015625,56.57050275802612,93.97303605079651,True,PASS,
86,v10_TypeM_067_01014_drop_orbit_left_72_seed40014_foreground_identity_color_shift,L0_camera_r4,calibrated_winner_detached_log,49,349.5545349121094,0.34955453872680664,mid,1.0,-0.0033617615699768066,-0.0030919909477233887,-0.004644978851458174,-0.004239493904950828,-0.004239493904950828,0.0,WINNER_IMPROVES,0.7254231572151184,0.7308772802352905,0.005454123020172119,0.7218868136405945,0.7277713418006897,0.005884528160095215,0.7220613956451416,0.7277852892875671,0.005723893642425537,0.0035363435745239258,0.0033617615699768066,-0.00310593843460083,-0.0030919909477233887,0.0004304051399230957,0.00026977062225341797,1.0,1.0,0.0004304051399230957,0.00026977062225341797,0.00026977062225341797,0.0,1.0,0.005,0.5296297073364258,0.7247239947319031,0.8866992528086476,0.0031695644740860735,14.615374315485626,1e-06,34.96790647506714,56.896484375,56.57050275802612,93.1365556716919,True,PASS,
87,v10_TypeM_039_04214_containment_orbit_left_44_seed43214_foreground_identity_color_shift,L0_camera_r4,calibrated_winner_detached_log,49,349.5545349121094,0.34955453872680664,mid,1.0,-0.0033143162727355957,-0.0031282901763916016,-0.00421849053768518,-0.00401291048920467,-0.00401291048920467,0.0,WINNER_IMPROVES,0.7873223423957825,0.7811216115951538,-0.006200730800628662,0.78415846824646,0.7780655026435852,-0.006092965602874756,0.7840080261230469,0.7779933214187622,-0.006014704704284668,0.0031638741493225098,0.0033143162727355957,-0.0030561089515686035,-0.0031282901763916016,0.00010776519775390625,0.00018602609634399414,1.0,1.0,0.00010776519775390625,0.00018602609634399414,0.00018602609634399414,0.0,1.0,0.005,0.6095383763313293,0.787209689617157,0.7704611946972869,0.0031549257204956365,14.615457400937892,1e-06,34.967875957489014,56.916015625,56.57050275802612,93.46199131011963,True,PASS,
88,v6b_GT_C_007_04228_containment_orbit_left_44_seed43228,L0_camera_r4,calibrated_winner_detached_log,49,349.5545349121094,0.34955453872680664,mid,1.0,-0.003735840320587158,-0.0031995177268981934,-0.004784310735551877,-0.00392357421631009,-0.00392357421631009,0.0,WINNER_IMPROVES,0.782721757888794,0.8170607686042786,0.03433901071548462,0.7791554927825928,0.8139833807945251,0.03482788801193237,0.7789859175682068,0.8138612508773804,0.034875333309173584,0.003566265106201172,0.003735840320587158,-0.003077387809753418,-0.0031995177268981934,0.0004888772964477539,0.0005363225936889648,1.0,1.0,0.0004888772964477539,0.0005363225936889648,0.0005363225936889648,0.0,1.0,0.005,0.372629314661026,0.7809776067733765,0.6322652360188306,0.0031047086071152477,14.615539779920647,1e-06,34.967875957489014,56.896484375,56.57050275802612,93.10636830329895,True,PASS,
89,v10_TypeM_071_01038_drop_orbit_left_72_seed40038_foreground_identity_color_shift,L0_camera_r4,calibrated_winner_detached_log,49,349.5545349121094,0.34955453872680664,mid,1.0,-0.003347158432006836,-0.003479182720184326,-0.004558712315135188,-0.0046990200002482736,-0.0046990200002482736,0.0,WINNER_IMPROVES,0.7359081506729126,0.7421469688415527,0.006238818168640137,0.7324432730674744,0.738558828830719,0.006115555763244629,0.7325609922409058,0.7386677861213684,0.0061067938804626465,0.0034648776054382324,0.003347158432006836,-0.0035881400108337402,-0.003479182720184326,-0.0001232624053955078,-0.00013202428817749023,1.0,1.0,-0.0001232624053955078,-0.00013202428817749023,-0.00013202428817749023,0.0,1.0,0.005,0.6869385838508606,0.7359138131141663,1.0236288464144507,0.0031589560989311806,14.615624431809554,1e-06,34.96790647506714,56.916015625,56.57050275802612,92.98620462417603,True,PASS,
90,v10_TypeM_067_01014_drop_orbit_left_72_seed40014_foreground_identity_color_shift,L0_camera_r4,calibrated_winner_detached_log,49,349.5545349121094,0.34955453872680664,mid,1.0,-0.003618597984313965,-0.003445863723754883,-0.005000740981067364,-0.00472584453126384,-0.00472584453126384,0.0,WINNER_IMPROVES,0.7254231572151184,0.7308772802352905,0.005454123020172119,0.7217971682548523,0.7275126576423645,0.005715489387512207,0.7218045592308044,0.7274314165115356,0.005626857280731201,0.0036259889602661133,0.003618597984313965,-0.0033646225929260254,-0.003445863723754883,0.0002613663673400879,0.00017273426055908203,1.0,1.0,0.0002613663673400879,0.00017273426055908203,0.00017273426055908203,0.0,1.0,0.005,0.5065956115722656,0.7243179082870483,0.8828810019331831,0.0031572041786905383,14.615709527287125,1e-06,34.96790647506714,56.896484375,56.57050275802612,93.19240164756775,True,PASS,
91,v10_TypeM_039_04214_containment_orbit_left_44_seed43214_foreground_identity_color_shift,L0_camera_r4,calibrated_winner_detached_log,49,349.5545349121094,0.34955453872680664,mid,1.0,-0.003487110137939453,-0.003369927406311035,-0.004438912908066413,-0.004323549093712646,-0.004323549093712646,0.0,WINNER_IMPROVES,0.7873223423957825,0.7811216115951538,-0.006200730800628662,0.7838201522827148,0.7778152823448181,-0.0060048699378967285,0.783835232257843,0.7777516841888428,-0.006083548069000244,0.003502190113067627,0.003487110137939453,-0.0033063292503356934,-0.003369927406311035,0.0001958608627319336,0.00011718273162841797,1.0,1.0,0.0001958608627319336,0.00011718273162841797,0.00011718273162841797,0.0,1.0,0.005,0.7193140387535095,0.7874693274497986,0.8587339437809792,0.0031708696984984372,14.615795661377534,1e-06,34.967875957489014,56.916015625,56.57050275802612,93.8189525604248,True,PASS,
92,v6b_GT_C_007_04228_containment_orbit_left_44_seed43228,L0_camera_r4,calibrated_winner_detached_log,49,349.5545349121094,0.34955453872680664,mid,1.0,-0.004009246826171875,-0.003447294235229492,-0.005135349806859477,-0.004228066204243424,-0.004228066204243424,0.0,WINNER_IMPROVES,0.782721757888794,0.8170607686042786,0.03433901071548462,0.7788174748420715,0.8137277960777283,0.03491032123565674,0.7787125110626221,0.8136134743690491,0.034900963306427,0.003904283046722412,0.004009246826171875,-0.003332972526550293,-0.003447294235229492,0.0005713105201721191,0.0005619525909423828,1.0,1.0,0.0005713105201721191,0.0005619525909423828,0.0005619525909423828,0.0,1.0,0.005,0.32259082794189453,0.7804088592529297,0.5965171351613997,0.003104278560363348,14.615880728423031,1e-06,34.967875957489014,56.896484375,56.57050275802612,93.36324787139893,True,PASS,
93,v10_TypeM_071_01038_drop_orbit_left_72_seed40038_foreground_identity_color_shift,L0_camera_r4,calibrated_winner_detached_log,49,349.5545349121094,0.34955453872680664,mid,1.0,-0.003690361976623535,-0.0038920044898986816,-0.005027320340698585,-0.005258049610622793,-0.005258049610622793,0.0,WINNER_IMPROVES,0.7359081506729126,0.7421469688415527,0.006238818168640137,0.732294499874115,0.7383117079734802,0.006017208099365234,0.7322177886962891,0.738254964351654,0.00603717565536499,0.0036136507987976074,0.003690361976623535,-0.0038352608680725098,-0.0038920044898986816,-0.00022161006927490234,-0.00020164251327514648,1.0,1.0,-0.00022161006927490234,-0.00020164251327514648,-0.00020164251327514648,0.0,1.0,0.005,0.8345876336097717,0.7364529371261597,1.156650778973326,0.003194460674845892,14.615968842610616,1e-06,34.96790647506714,56.916015625,56.57050275802612,93.13963913917542,True,PASS,
94,v10_TypeM_067_01014_drop_orbit_left_72_seed40014_foreground_identity_color_shift,L0_camera_r4,calibrated_winner_detached_log,49,349.5545349121094,0.34955453872680664,mid,1.0,-0.003946661949157715,-0.0037526488304138184,-0.0054553495480204545,-0.005147670981236951,-0.005147670981236951,0.0,WINNER_IMPROVES,0.7254231572151184,0.7308772802352905,0.005454123020172119,0.7216272950172424,0.7272184491157532,0.005591154098510742,0.7214764952659607,0.7271246314048767,0.005648136138916016,0.0037958621978759766,0.003946661949157715,-0.0036588311195373535,-0.0037526488304138184,0.00013703107833862305,0.00019401311874389648,1.0,1.0,0.00013703107833862305,0.00019401311874389648,0.00019401311874389648,0.0,1.0,0.005,0.435392826795578,0.7236195206642151,0.8261368561088039,0.0031697193197090952,14.616056971565564,1e-06,34.96790647506714,56.896484375,56.57050275802612,92.4293303489685,True,PASS,
95,v10_TypeM_039_04214_containment_orbit_left_44_seed43214_foreground_identity_color_shift,L0_camera_r4,calibrated_winner_detached_log,49,349.5545349121094,0.34955453872680664,mid,1.0,-0.003809034824371338,-0.003750145435333252,-0.004849701802393704,-0.004812536775007484,-0.004812536775007484,0.0,WINNER_IMPROVES,0.7873223423957825,0.7811216115951538,-0.006200730800628662,0.783588707447052,0.7775844931602478,-0.006004214286804199,0.7835133075714111,0.7773714661598206,-0.006141841411590576,0.0037336349487304688,0.003809034824371338,-0.003537118434906006,-0.003750145435333252,0.0001965165138244629,5.888938903808594e-05,1.0,1.0,0.0001965165138244629,5.888938903808594e-05,5.888938903808594e-05,0.0,1.0,0.005,0.5935609340667725,0.7865160703659058,0.7908109105586167,0.0031583188453643686,14.616145407380104,1e-06,34.967875957489014,56.916015625,56.57050275802612,93.50372314453125,True,PASS,
96,v6b_GT_C_007_04228_containment_orbit_left_44_seed43228,L0_camera_r4,calibrated_winner_detached_log,49,349.5545349121094,0.34955453872680664,mid,1.0,-0.004262268543243408,-0.0036218762397766113,-0.005460325745268576,-0.004442665324272424,-0.004442665324272424,0.0,WINNER_IMPROVES,0.782721757888794,0.8170607686042786,0.03433901071548462,0.7783358097076416,0.8134552836418152,0.035119473934173584,0.7784594893455505,0.813438892364502,0.034979403018951416,0.004385948181152344,0.004262268543243408,-0.003605484962463379,-0.0036218762397766113,0.0007804632186889648,0.0006403923034667969,1.0,1.0,0.0007804632186889648,0.0006403923034667969,0.0006403923034667969,0.0,1.0,0.005,0.2763444185256958,0.7798348069190979,0.5601466396047743,0.003077902823145111,14.61623226946366,1e-06,34.967875957489014,56.896484375,56.57050275802612,93.23675870895386,True,PASS,
97,v10_TypeM_071_01038_drop_orbit_left_72_seed40038_foreground_identity_color_shift,L0_camera_r4,calibrated_winner_detached_log,49,349.5545349121094,0.34955453872680664,mid,1.0,-0.004006862640380859,-0.004038214683532715,-0.005459663132202986,-0.005456117593868706,-0.005456117593868706,0.0,WINNER_IMPROVES,0.7359081506729126,0.7421469688415527,0.006238818168640137,0.7320268154144287,0.7379878163337708,0.005961000919342041,0.7319012880325317,0.73810875415802,0.006207466125488281,0.0038813352584838867,0.004006862640380859,-0.004159152507781982,-0.004038214683532715,-0.0002778172492980957,-3.135204315185547e-05,1.0,1.0,-0.0002778172492980957,-3.135204315185547e-05,-3.135204315185547e-05,0.0,1.0,0.005,0.8246084451675415,0.7361253499984741,1.1728721540084943,0.003174832235950121,14.616322515887909,1e-06,34.96790647506714,56.916015625,56.57050275802612,96.36350679397583,True,PASS,
98,v10_TypeM_067_01014_drop_orbit_left_72_seed40014_foreground_identity_color_shift,L0_camera_r4,calibrated_winner_detached_log,49,349.5545349121094,0.34955453872680664,mid,1.0,-0.004267394542694092,-0.004054129123687744,-0.005899998685192364,-0.005562376787143951,-0.005562376787143951,0.0,WINNER_IMPROVES,0.7254231572151184,0.7308772802352905,0.005454123020172119,0.7212440967559814,0.7269368171691895,0.005692720413208008,0.7211557626724243,0.7268231511116028,0.005667388439178467,0.004179060459136963,0.004267394542694092,-0.003940463066101074,-0.004054129123687744,0.00023859739303588867,0.00021326541900634766,1.0,1.0,0.00023859739303588867,0.00021326541900634766,0.00021326541900634766,0.0,1.0,0.005,0.4651331901550293,0.7235136032104492,0.8752251613258043,0.0031648668464403927,14.616413119788305,1e-06,34.96790647506714,56.896484375,56.57050275802612,95.24043917655945,True,PASS,
99,v10_TypeM_039_04214_containment_orbit_left_44_seed43214_foreground_identity_color_shift,L0_camera_r4,calibrated_winner_detached_log,49,349.5545349121094,0.34955453872680664,mid,1.0,-0.004067540168762207,-0.003958344459533691,-0.00517968725693558,-0.005080397014225564,-0.005080397014225564,0.0,WINNER_IMPROVES,0.7873223423957825,0.7811216115951538,-0.006200730800628662,0.7833054661750793,0.7772017121315002,-0.0061037540435791016,0.7832548022270203,0.7771632671356201,-0.0060915350914001465,0.004016876220703125,0.004067540168762207,-0.0039198994636535645,-0.003958344459533691,9.697675704956055e-05,0.00010919570922851562,1.0,1.0,9.697675704956055e-05,0.00010919570922851562,0.00010919570922851562,0.0,1.0,0.005,0.643609881401062,0.7865685820579529,0.8427187314875005,0.0031687561061310276,14.61650452688657,1e-06,34.967875957489014,56.916015625,56.57050275802612,93.6079113483429,True,PASS,
100,v6b_GT_C_007_04228_containment_orbit_left_44_seed43228,L0_camera_r4,calibrated_winner_detached_log,49,349.5545349121094,0.34955453872680664,mid,1.0,-0.004594326019287109,-0.00402599573135376,-0.005886973910287283,-0.004939592515362087,-0.004939592515362087,0.0,WINNER_IMPROVES,0.782721757888794,0.8170607686042786,0.03433901071548462,0.7782626748085022,0.8131848573684692,0.03492218255996704,0.7781274318695068,0.8130347728729248,0.03490734100341797,0.004459083080291748,0.004594326019287109,-0.003875911235809326,-0.00402599573135376,0.0005831718444824219,0.0005683302879333496,1.0,1.0,0.0005831718444824219,0.0005683302879333496,0.0005683302879333496,0.0,1.0,0.005,0.24944160878658295,0.7793079614639282,0.5415993039358187,0.0030783023381940606,14.616593882009694,1e-06,34.967875957489014,56.896484375,56.57050275802612,93.6424126625061,True,PASS,
101,v10_TypeM_071_01038_drop_orbit_left_72_seed40038_foreground_identity_color_shift,L0_camera_r4,calibrated_winner_detached_log,49,349.5545349121094,0.34955453872680664,mid,1.0,-0.004386544227600098,-0.004413902759552002,-0.005978558377018667,-0.005965234592575105,-0.005965234592575105,0.0,WINNER_IMPROVES,0.7359081506729126,0.7421469688415527,0.006238818168640137,0.7315731048583984,0.7378737926483154,0.006300687789916992,0.7315216064453125,0.7377330660820007,0.006211459636688232,0.00433504581451416,0.004386544227600098,-0.004273176193237305,-0.004413902759552002,6.186962127685547e-05,-2.7358531951904297e-05,1.0,1.0,6.186962127685547e-05,-2.7358531951904297e-05,-2.7358531951904297e-05,0.0,1.0,0.005,0.8233736753463745,0.7358865737915039,1.1950892290454747,0.0031794553142513327,14.616686960690261,1e-06,34.96790647506714,56.916015625,56.57050275802612,94.04383659362793,True,PASS,
102,v10_TypeM_067_01014_drop_orbit_left_72_seed40014_foreground_identity_color_shift,L0_camera_r4,calibrated_winner_detached_log,49,349.5545349121094,0.34955453872680664,mid,1.0,-0.004525721073150635,-0.004339337348937988,-0.006258274690334795,-0.005954857673228572,-0.005954857673228572,0.0,WINNER_IMPROVES,0.7254231572151184,0.7308772802352905,0.005454123020172119,0.7209739685058594,0.7266607284545898,0.005686759948730469,0.7208974361419678,0.7265379428863525,0.005640506744384766,0.004449188709259033,0.004525721073150635,-0.004216551780700684,-0.004339337348937988,0.0002326369285583496,0.00018638372421264648,1.0,1.0,0.0002326369285583496,0.00018638372421264648,0.00018638372421264648,0.0,1.0,0.005,0.5574849247932434,0.7238151431083679,0.9870244711852035,0.003199831582219707,14.616781177390232,1e-06,34.96790647506714,56.896484375,56.57050275802612,93.3837878704071,True,PASS,
103,v10_TypeM_039_04214_containment_orbit_left_44_seed43214_foreground_identity_color_shift,L0_camera_r4,calibrated_winner_detached_log,49,349.5545349121094,0.34955453872680664,mid,1.0,-0.0044100284576416016,-0.004242122173309326,-0.005617045807539905,-0.005445609248033566,-0.005445609248033566,0.0,WINNER_IMPROVES,0.7873223423957825,0.7811216115951538,-0.006200730800628662,0.7829902768135071,0.776979386806488,-0.006010890007019043,0.7829123139381409,0.7768794894218445,-0.006032824516296387,0.004332065582275391,0.0044100284576416016,-0.0041422247886657715,-0.004242122173309326,0.00018984079360961914,0.0001679062843322754,1.0,1.0,0.00018984079360961914,0.0001679062843322754,0.0001679062843322754,0.0,1.0,0.005,0.6087607145309448,0.7860141396522522,0.8341816581206302,0.0031942238254878143,14.61687596556062,1e-06,34.967875957489014,56.916015625,56.57050275802612,92.6201753616333,True,PASS,
104,v6b_GT_C_007_04228_containment_orbit_left_44_seed43228,L0_camera_r4,calibrated_winner_detached_log,49,349.5545349121094,0.34955453872680664,mid,1.0,-0.005031287670135498,-0.004226982593536377,-0.0064486870209720356,-0.005186828812092048,-0.005186828812092048,0.0,WINNER_IMPROVES,0.782721757888794,0.8170607686042786,0.03433901071548462,0.7777026295661926,0.8129847645759583,0.035282135009765625,0.7776904702186584,0.8128337860107422,0.03514331579208374,0.005019128322601318,0.005031287670135498,-0.0040760040283203125,-0.004226982593536377,0.0009431242942810059,0.0008043050765991211,1.0,1.0,0.0009431242942810059,0.0008043050765991211,0.0008043050765991211,0.0,1.0,0.005,0.26261088252067566,0.7791300415992737,0.5670607473813837,0.0031077843258029672,14.616968822080553,1e-06,34.967875957489014,56.896484375,56.57050275802612,92.75709199905396,True,PASS,
105,v10_TypeM_071_01038_drop_orbit_left_72_seed40038_foreground_identity_color_shift,L0_camera_r4,calibrated_winner_detached_log,49,349.5545349121094,0.34955453872680664,mid,1.0,-0.004681229591369629,-0.0047550201416015625,-0.006381478439054675,-0.00642772743906173,-0.00642772743906173,0.0,WINNER_IMPROVES,0.7359081506729126,0.7421469688415527,0.006238818168640137,0.7314127683639526,0.7375284433364868,0.00611567497253418,0.731226921081543,0.7373919486999512,0.006165027618408203,0.004495382308959961,0.004681229591369629,-0.004618525505065918,-0.0047550201416015625,-0.00012314319610595703,-7.37905502319336e-05,1.0,1.0,-0.00012314319610595703,-7.37905502319336e-05,-7.37905502319336e-05,0.0,1.0,0.005,0.8409318923950195,0.7355907559394836,1.2314255766192903,0.0032131639766338265,14.617065545387998,1e-06,34.96790647506714,56.916015625,56.57050275802612,93.87733912467957,True,PASS,
106,v10_TypeM_067_01014_drop_orbit_left_72_seed40014_foreground_identity_color_shift,L0_camera_r4,calibrated_winner_detached_log,49,349.5545349121094,0.34955453872680664,mid,1.0,-0.004874587059020996,-0.0045969486236572266,-0.0067423247155419105,-0.006309494283181433,-0.006309494283181433,0.0,WINNER_IMPROVES,0.7254231572151184,0.7308772802352905,0.005454123020172119,0.7206063866615295,0.726315975189209,0.005709588527679443,0.7205485701560974,0.7262803316116333,0.005731761455535889,0.004816770553588867,0.004874587059020996,-0.004561305046081543,-0.0045969486236572266,0.0002554655075073242,0.00027763843536376953,1.0,1.0,0.0002554655075073242,0.00027763843536376953,0.00027763843536376953,0.0,1.0,0.005,0.5656270980834961,0.7233952283859253,1.013567392265117,0.003235700231266733,14.617163491072173,1e-06,34.96790647506714,56.896484375,56.57050275802612,93.4766149520874,True,PASS,
107,v10_TypeM_039_04214_containment_orbit_left_44_seed43214_foreground_identity_color_shift,L0_camera_r4,calibrated_winner_detached_log,49,349.5545349121094,0.34955453872680664,mid,1.0,-0.004739165306091309,-0.0046356916427612305,-0.00603753484884439,-0.005952340594606764,-0.005952340594606764,0.0,WINNER_IMPROVES,0.7873223423957825,0.7811216115951538,-0.006200730800628662,0.7826512455940247,0.7765839695930481,-0.0060672760009765625,0.7825831770896912,0.7764859199523926,-0.006097257137298584,0.0046710968017578125,0.004739165306091309,-0.004537642002105713,-0.0046356916427612305,0.0001334547996520996,0.00010347366333007812,1.0,1.0,0.0001334547996520996,0.00010347366333007812,0.00010347366333007812,0.0,1.0,0.005,0.5602919459342957,0.7854111194610596,0.8121514028047737,0.0032161879275247806,14.61726165293533,1e-06,34.967875957489014,56.916015625,56.57050275802612,94.02483320236206,True,PASS,
108,v6b_GT_C_007_04228_containment_orbit_left_44_seed43228,L0_camera_r4,calibrated_winner_detached_log,49,349.5545349121094,0.34955453872680664,mid,1.0,-0.005350947380065918,-0.004655778408050537,-0.006859808710237019,-0.00571449997704866,-0.00571449997704866,0.0,WINNER_IMPROVES,0.782721757888794,0.8170607686042786,0.03433901071548462,0.7772740721702576,0.8126249313354492,0.03535085916519165,0.777370810508728,0.812404990196228,0.0350341796875,0.005447685718536377,0.005350947380065918,-0.004435837268829346,-0.004655778408050537,0.0010118484497070312,0.0006951689720153809,1.0,1.0,0.0010118484497070312,0.0006951689720153809,0.0006951689720153809,0.0,1.0,0.005,0.27631351351737976,0.7788105607032776,0.5935708234278685,0.003134485913479101,14.617358030358906,1e-06,34.967875957489014,56.896484375,56.57050275802612,93.1456823348999,True,PASS,
109,v10_TypeM_071_01038_drop_orbit_left_72_seed40038_foreground_identity_color_shift,L0_camera_r4,calibrated_winner_detached_log,49,349.5545349121094,0.34955453872680664,mid,1.0,-0.00500255823135376,-0.0049874186515808105,-0.0068210126642907236,-0.0067429399072953785,-0.0067429399072953785,0.0,WINNER_IMPROVES,0.7359081506729126,0.7421469688415527,0.006238818168640137,0.7310954928398132,0.7371415495872498,0.0060460567474365234,0.7309055924415588,0.7371595501899719,0.006253957748413086,0.004812657833099365,0.00500255823135376,-0.0050054192543029785,-0.0049874186515808105,-0.00019276142120361328,1.5139579772949219e-05,1.0,1.0,-0.00019276142120361328,1.5139579772949219e-05,1.5139579772949219e-05,0.0,1.0,0.005,0.6696679592132568,0.734344482421875,1.1134469644120764,0.0032011878799639137,14.617457059502568,1e-06,34.96790647506714,56.916015625,56.57050275802612,93.04341721534729,True,PASS,
110,v10_TypeM_067_01014_drop_orbit_left_72_seed40014_foreground_identity_color_shift,L0_camera_r4,calibrated_winner_detached_log,49,349.5545349121094,0.34955453872680664,mid,1.0,-0.0052544474601745605,-0.004970371723175049,-0.007269645946402687,-0.006823784854380491,-0.006823784854380491,0.0,WINNER_IMPROVES,0.7254231572151184,0.7308772802352905,0.005454123020172119,0.7203031778335571,0.7260133028030396,0.005710124969482422,0.7201687097549438,0.7259069085121155,0.005738198757171631,0.005119979381561279,0.0052544474601745605,-0.0048639774322509766,-0.004970371723175049,0.00025600194931030273,0.0002840757369995117,1.0,1.0,0.00025600194931030273,0.0002840757369995117,0.0002840757369995117,0.0,1.0,0.005,0.5293400287628174,0.7229470014572144,0.996475714212601,0.00321732576166235,14.617557191887762,1e-06,34.96790647506714,56.896484375,56.57050275802612,94.423992395401,True,PASS,
111,v10_TypeM_039_04214_containment_orbit_left_44_seed43214_foreground_identity_color_shift,L0_camera_r4,calibrated_winner_detached_log,49,349.5545349121094,0.34955453872680664,mid,1.0,-0.0049956440925598145,-0.004847168922424316,-0.006365322141288625,-0.006224729410469172,-0.006224729410469172,0.0,WINNER_IMPROVES,0.7873223423957825,0.7811216115951538,-0.006200730800628662,0.7823423147201538,0.7762234807014465,-0.006118834018707275,0.7823266983032227,0.7762744426727295,-0.006052255630493164,0.004980027675628662,0.0049956440925598145,-0.004898130893707275,-0.004847168922424316,8.189678192138672e-05,0.00014847517013549805,1.0,1.0,8.189678192138672e-05,0.00014847517013549805,0.00014847517013549805,0.0,1.0,0.005,0.6630247831344604,0.7856726050376892,0.9067243058295491,0.0032278275711689693,14.617658448775165,1e-06,34.967875957489014,56.916015625,56.57050275802612,93.04218244552612,True,PASS,
112,v6b_GT_C_007_04228_containment_orbit_left_44_seed43228,L0_camera_r4,calibrated_winner_detached_log,49,349.5545349121094,0.34955453872680664,mid,1.0,-0.005778789520263672,-0.004970848560333252,-0.00741033094237899,-0.00610239919466792,-0.00610239919466792,0.0,WINNER_IMPROVES,0.782721757888794,0.8170607686042786,0.03433901071548462,0.7771020531654358,0.8122826814651489,0.035180628299713135,0.7769429683685303,0.8120899200439453,0.03514695167541504,0.005619704723358154,0.005778789520263672,-0.004778087139129639,-0.004970848560333252,0.0008416175842285156,0.0008079409599304199,1.0,1.0,0.0008416175842285156,0.0008079409599304199,0.0008079409599304199,0.0,1.0,0.005,0.2236292064189911,0.778195858001709,0.5424102887115292,0.0031249054651564757,14.61775711475808,1e-06,34.967875957489014,56.896484375,56.57050275802612,94.21977472305298,True,PASS,
113,v10_TypeM_071_01038_drop_orbit_left_72_seed40038_foreground_identity_color_shift,L0_camera_r4,calibrated_winner_detached_log,49,349.5545349121094,0.34955453872680664,mid,1.0,-0.005368173122406006,-0.0055342912673950195,-0.007321359582689157,-0.007485079870568577,-0.007485079870568577,0.0,WINNER_IMPROVES,0.7359081506729126,0.7421469688415527,0.006238818168640137,0.7306509613990784,0.7368581891059875,0.00620722770690918,0.7305399775505066,0.7366126775741577,0.006072700023651123,0.0052571892738342285,0.005368173122406006,-0.0052887797355651855,-0.0055342912673950195,-3.159046173095703e-05,-0.00016611814498901367,1.0,1.0,-3.159046173095703e-05,-0.00016611814498901367,-0.00016611814498901367,0.0,1.0,0.005,0.6586442589759827,0.7339214086532593,1.1244440963654396,0.003193762086815221,14.617858593489549,1e-06,34.96790647506714,56.916015625,56.57050275802612,92.92803144454956,True,PASS,
114,v10_TypeM_067_01014_drop_orbit_left_72_seed40014_foreground_identity_color_shift,L0_camera_r4,calibrated_winner_detached_log,49,349.5545349121094,0.34955453872680664,mid,1.0,-0.005538046360015869,-0.0052890777587890625,-0.007663518585758361,-0.007262926583390173,-0.007262926583390173,0.0,WINNER_IMPROVES,0.7254231572151184,0.7308772802352905,0.005454123020172119,0.7199445366859436,0.7257452607154846,0.005800724029541016,0.7198851108551025,0.7255882024765015,0.005703091621398926,0.005478620529174805,0.005538046360015869,-0.005132019519805908,-0.0052890777587890625,0.0003466010093688965,0.00024896860122680664,1.0,1.0,0.0003466010093688965,0.00024896860122680664,0.00024896860122680664,0.0,1.0,0.005,0.518862783908844,0.722552478313446,1.002916967064965,0.0032114567719181424,14.617961341773347,1e-06,34.96790647506714,56.896484375,56.57050275802612,93.22853660583496,True,PASS,
115,v10_TypeM_039_04214_containment_orbit_left_44_seed43214_foreground_identity_color_shift,L0_camera_r4,calibrated_winner_detached_log,49,349.5545349121094,0.34955453872680664,mid,1.0,-0.005335628986358643,-0.00521928071975708,-0.006799998328630072,-0.0067042003135368,-0.0067042003135368,0.0,WINNER_IMPROVES,0.7873223423957825,0.7811216115951538,-0.006200730800628662,0.7820162177085876,0.7759779095649719,-0.006038308143615723,0.7819867134094238,0.7759023308753967,-0.0060843825340271,0.005306124687194824,0.005335628986358643,-0.005143702030181885,-0.00521928071975708,0.00016242265701293945,0.0001163482666015625,1.0,1.0,0.00016242265701293945,0.0001163482666015625,0.0001163482666015625,0.0,1.0,0.005,0.5544520020484924,0.7847559452056885,0.8385163230792381,0.0031994336989465797,14.618064328572931,1e-06,34.967875957489014,56.916015625,56.57050275802612,93.53495359420776,True,PASS,
116,v6b_GT_C_007_04228_containment_orbit_left_44_seed43228,L0_camera_r4,calibrated_winner_detached_log,49,349.5545349121094,0.34955453872680664,mid,1.0,-0.0062743425369262695,-0.0052490234375,-0.00804835861692425,-0.006444999836592329,-0.006444999836592329,0.0,WINNER_IMPROVES,0.782721757888794,0.8170607686042786,0.03433901071548462,0.7766780257225037,0.8118774890899658,0.03519946336746216,0.7764474153518677,0.8118117451667786,0.03536432981491089,0.006043732166290283,0.0062743425369262695,-0.005183279514312744,-0.0052490234375,0.0008604526519775391,0.0010253190994262695,1.0,1.0,0.0008604526519775391,0.0010253190994262695,0.0010253190994262695,0.0,1.0,0.005,0.26015958189964294,0.7780078649520874,0.5970434208081599,0.0031170971893371906,14.618165401269078,1e-06,34.967875957489014,56.896484375,56.57050275802612,93.25790190696716,True,PASS,
117,v10_TypeM_071_01038_drop_orbit_left_72_seed40038_foreground_identity_color_shift,L0_camera_r4,calibrated_winner_detached_log,49,349.5545349121094,0.34955453872680664,mid,1.0,-0.005608737468719482,-0.005711734294891357,-0.007650710429492703,-0.007725999428561672,-0.007725999428561672,0.0,WINNER_IMPROVES,0.7359081506729126,0.7421469688415527,0.006238818168640137,0.7304189801216125,0.7363978028297424,0.005978822708129883,0.7302994132041931,0.7364352345466614,0.006135821342468262,0.005489170551300049,0.005608737468719482,-0.005749166011810303,-0.005711734294891357,-0.0002599954605102539,-0.000102996826171875,1.0,1.0,-0.0002599954605102539,-0.000102996826171875,-0.000102996826171875,0.0,1.0,0.005,0.7749531269073486,0.7342346906661987,1.2493201996419392,0.003219726963190567,14.618270438760199,1e-06,34.96790647506714,56.916015625,56.57050275802612,94.22217440605164,True,PASS,
118,v10_TypeM_067_01014_drop_orbit_left_72_seed40014_foreground_identity_color_shift,L0_camera_r4,calibrated_winner_detached_log,49,349.5545349121094,0.34955453872680664,mid,1.0,-0.0057929158210754395,-0.005647242069244385,-0.008017623124877686,-0.007756667705138759,-0.007756667705138759,0.0,WINNER_IMPROVES,0.7254231572151184,0.7308772802352905,0.005454123020172119,0.7196349501609802,0.7252668738365173,0.005631923675537109,0.719630241394043,0.7252300381660461,0.005599796772003174,0.005788207054138184,0.0057929158210754395,-0.005610406398773193,-0.005647242069244385,0.00017780065536499023,0.0001456737518310547,1.0,1.0,0.00017780065536499023,0.0001456737518310547,0.0001456737518310547,0.0,1.0,0.005,0.5539703369140625,0.7224313616752625,1.060115893734016,0.0032475060514481568,14.618377011295843,1e-06,34.96790647506714,56.896484375,56.57050275802612,92.91471838951111,True,PASS,
119,v10_TypeM_039_04214_containment_orbit_left_44_seed43214_foreground_identity_color_shift,L0_camera_r4,calibrated_winner_detached_log,49,349.5545349121094,0.34955453872680664,mid,1.0,-0.005578458309173584,-0.005617320537567139,-0.007110575255435666,-0.007217334414919693,-0.007217334414919693,0.0,WINNER_IMPROVES,0.7873223423957825,0.7811216115951538,-0.006200730800628662,0.7817175388336182,0.7756080031394958,-0.0061095356941223145,0.7817438840866089,0.7755042910575867,-0.006239593029022217,0.005604803562164307,0.005578458309173584,-0.005513608455657959,-0.005617320537567139,9.119510650634766e-05,-3.886222839355469e-05,1.0,1.0,9.119510650634766e-05,-3.886222839355469e-05,-3.886222839355469e-05,0.0,1.0,0.005,0.5923945903778076,0.7846263647079468,0.885853116783783,0.0032436029633643843,14.618484191428998,1e-06,34.967875957489014,56.916015625,56.57050275802612,94.43945002555847,True,PASS,
120,v6b_GT_C_007_04228_containment_orbit_left_44_seed43228,L0_camera_r4,calibrated_winner_detached_log,49,349.5545349121094,0.34955453872680664,mid,1.0,-0.006572306156158447,-0.005687892436981201,-0.00843218474123108,-0.006985750406798129,-0.006985750406798129,0.0,WINNER_IMPROVES,0.782721757888794,0.8170607686042786,0.03433901071548462,0.7764337658882141,0.8114656805992126,0.035031914710998535,0.7761494517326355,0.8113728761672974,0.035223424434661865,0.006287992000579834,0.006572306156158447,-0.005595088005065918,-0.005687892436981201,0.000692903995513916,0.0008844137191772461,1.0,1.0,0.000692903995513916,0.0008844137191772461,0.0008844137191772461,0.0,1.0,0.005,0.2129702866077423,0.7774063348770142,0.5490493436099493,0.003137327362970288,14.618588507143075,1e-06,34.967875957489014,56.896484375,56.57050275802612,93.21355438232422,True,PASS,
121,v10_TypeM_071_01038_drop_orbit_left_72_seed40038_foreground_identity_color_shift,L0_camera_r4,calibrated_winner_detached_log,49,349.5545349121094,0.34955453872680664,mid,1.0,-0.006072819232940674,-0.006162703037261963,-0.008286380219823777,-0.008338554139007621,-0.008338554139007621,0.0,WINNER_IMPROVES,0.7359081506729126,0.7421469688415527,0.006238818168640137,0.7299723029136658,0.7359535694122314,0.005981266498565674,0.7298353314399719,0.7359842658042908,0.006148934364318848,0.005935847759246826,0.006072819232940674,-0.006193399429321289,-0.006162703037261963,-0.0002575516700744629,-8.988380432128906e-05,1.0,1.0,-0.0002575516700744629,-8.988380432128906e-05,-8.988380432128906e-05,0.0,1.0,0.005,0.6359369158744812,0.733123242855072,1.1437782451662761,0.003205947463665331,14.618695903244879,1e-06,34.96790647506714,56.916015625,56.57050275802612,92.60232949256897,True,PASS,
122,v10_TypeM_067_01014_drop_orbit_left_72_seed40014_foreground_identity_color_shift,L0_camera_r4,calibrated_winner_detached_log,49,349.5545349121094,0.34955453872680664,mid,1.0,-0.00623631477355957,-0.006055653095245361,-0.008633961317325354,-0.008319973194093448,-0.008319973194093448,0.0,WINNER_IMPROVES,0.7254231572151184,0.7308772802352905,0.005454123020172119,0.7192627191543579,0.7249555587768555,0.005692839622497559,0.7191868424415588,0.7248216271400452,0.005634784698486328,0.006160438060760498,0.00623631477355957,-0.005921721458435059,-0.006055653095245361,0.00023871660232543945,0.00018066167831420898,1.0,1.0,0.00023871660232543945,0.00018066167831420898,0.00018066167831420898,0.0,1.0,0.005,0.5368218421936035,0.7219394445419312,1.0603097411042848,0.0032337744717038453,14.618804799651828,1e-06,34.96790647506714,56.896484375,56.57050275802612,93.54133677482605,True,PASS,
123,v10_TypeM_039_04214_containment_orbit_left_44_seed43214_foreground_identity_color_shift,L0_camera_r4,calibrated_winner_detached_log,49,349.5545349121094,0.34955453872680664,mid,1.0,-0.0060822367668151855,-0.005819857120513916,-0.007755212016855839,-0.0074785361068654506,-0.0074785361068654506,0.0,WINNER_IMPROVES,0.7873223423957825,0.7811216115951538,-0.006200730800628662,0.7812429070472717,0.7752583622932434,-0.00598454475402832,0.7812401056289673,0.7753017544746399,-0.005938351154327393,0.006079435348510742,0.0060822367668151855,-0.0058632493019104,-0.005819857120513916,0.0002161860466003418,0.00026237964630126953,1.0,1.0,0.0002161860466003418,0.00026237964630126953,0.00026237964630126953,0.0,1.0,0.005,0.5433474779129028,0.7839524149894714,0.8599811374893748,0.003221573890623157,14.618913966221513,1e-06,34.967875957489014,56.916015625,56.57050275802612,93.56542539596558,True,PASS,
124,v6b_GT_C_007_04228_containment_orbit_left_44_seed43228,L0_camera_r4,calibrated_winner_detached_log,49,349.5545349121094,0.34955453872680664,mid,1.0,-0.0069509148597717285,-0.005887925624847412,-0.008920107616553019,-0.007232317494620069,-0.007232317494620069,0.0,WINNER_IMPROVES,0.782721757888794,0.8170607686042786,0.03433901071548462,0.7759256958961487,0.811210572719574,0.03528487682342529,0.7757708430290222,0.8111728429794312,0.035401999950408936,0.006796061992645264,0.0069509148597717285,-0.00585019588470459,-0.005887925624847412,0.0009458661079406738,0.0010629892349243164,1.0,1.0,0.0009458661079406738,0.0010629892349243164,0.0010629892349243164,0.0,1.0,0.005,0.18952631950378418,0.7767981886863708,0.5279270902295691,0.003108627419045248,14.619020039500995,1e-06,34.967875957489014,56.896484375,56.57050275802612,93.29295492172241,True,PASS,
125,v10_TypeM_071_01038_drop_orbit_left_72_seed40038_foreground_identity_color_shift,L0_camera_r4,calibrated_winner_detached_log,49,349.5545349121094,0.34955453872680664,mid,1.0,-0.006408095359802246,-0.006408572196960449,-0.008745871754407287,-0.008672678447775866,-0.008672678447775866,0.0,WINNER_IMPROVES,0.7359081506729126,0.7421469688415527,0.006238818168640137,0.7296645045280457,0.7356739044189453,0.006009399890899658,0.7295000553131104,0.7357383966445923,0.006238341331481934,0.006243646144866943,0.006408095359802246,-0.006473064422607422,-0.006408572196960449,-0.00022941827774047852,-4.76837158203125e-07,1.0,1.0,-0.00022941827774047852,-4.76837158203125e-07,-4.76837158203125e-07,0.0,1.0,0.005,0.7385960817337036,0.7332906723022461,1.261972268813546,0.0032115560004575246,14.619130255278247,1e-06,34.96790647506714,56.916015625,56.57050275802612,92.5814893245697,True,PASS,
126,v10_TypeM_067_01014_drop_orbit_left_72_seed40014_foreground_identity_color_shift,L0_camera_r4,calibrated_winner_detached_log,49,349.5545349121094,0.34955453872680664,mid,1.0,-0.006646931171417236,-0.0062912702560424805,-0.009205069730756051,-0.008645095200611524,-0.008645095200611524,0.0,WINNER_IMPROVES,0.7254231572151184,0.7308772802352905,0.005454123020172119,0.7189487218856812,0.7246196269989014,0.005670905113220215,0.7187762260437012,0.724586009979248,0.005809783935546875,0.006474435329437256,0.006646931171417236,-0.00625765323638916,-0.0062912702560424805,0.0002167820930480957,0.00035566091537475586,1.0,1.0,0.0002167820930480957,0.00035566091537475586,0.00035566091537475586,0.0,1.0,0.005,0.4711211621761322,0.7211873531341553,1.0023101196602582,0.0032194720362752507,14.619241376602636,1e-06,34.96790647506714,56.896484375,56.57050275802612,94.00567436218262,True,PASS,
127,v10_TypeM_039_04214_containment_orbit_left_44_seed43214_foreground_identity_color_shift,L0_camera_r4,calibrated_winner_detached_log,49,349.5545349121094,0.34955453872680664,mid,1.0,-0.006428122520446777,-0.006236732006072998,-0.008198049421051594,-0.008016374430418756,-0.008016374430418756,0.0,WINNER_IMPROVES,0.7873223423957825,0.7811216115951538,-0.006200730800628662,0.7809653282165527,0.7749351859092712,-0.006030142307281494,0.7808942198753357,0.7748848795890808,-0.006009340286254883,0.006357014179229736,0.006428122520446777,-0.006186425685882568,-0.006236732006072998,0.00017058849334716797,0.0001913905143737793,1.0,1.0,0.00017058849334716797,0.0001913905143737793,0.0001913905143737793,0.0,1.0,0.005,0.6272997856140137,0.7840821743011475,0.9462581230373862,0.003233472529766898,14.619353711783113,1e-06,34.967875957489014,56.916015625,56.57050275802612,93.46862769126892,True,PASS,
128,v6b_GT_C_007_04228_containment_orbit_left_44_seed43228,L0_camera_r4,calibrated_winner_detached_log,49,349.5545349121094,0.34955453872680664,mid,1.0,-0.007243037223815918,-0.0063024163246154785,-0.009296736072177424,-0.0077434251234660715,-0.0077434251234660715,0.0,WINNER_IMPROVES,0.782721757888794,0.8170607686042786,0.03433901071548462,0.7755399346351624,0.8108697533607483,0.03532981872558594,0.775478720664978,0.8107583522796631,0.03527963161468506,0.007181823253631592,0.007243037223815918,-0.0061910152435302734,-0.0063024163246154785,0.0009908080101013184,0.0009406208992004395,1.0,1.0,0.0009908080101013184,0.0009406208992004395,0.0009406208992004395,0.0,1.0,0.005,0.18400119245052338,0.7764723896980286,0.5297380554713187,0.003117881298173763,14.619462599246495,1e-06,34.967875957489014,56.896484375,56.57050275802612,92.70183086395264,True,PASS,
129,v10_TypeM_071_01038_drop_orbit_left_72_seed40038_foreground_identity_color_shift,L0_camera_r4,calibrated_winner_detached_log,49,349.5545349121094,0.34955453872680664,mid,1.0,-0.006877243518829346,-0.007000744342803955,-0.009389187776962377,-0.00947787031840001,-0.00947787031840001,0.0,WINNER_IMPROVES,0.7359081506729126,0.7421469688415527,0.006238818168640137,0.729127049446106,0.7352811694145203,0.006154119968414307,0.7290309071540833,0.7351462244987488,0.006115317344665527,0.006781101226806641,0.006877243518829346,-0.006865799427032471,-0.007000744342803955,-8.469820022583008e-05,-0.00012350082397460938,1.0,1.0,-8.469820022583008e-05,-0.00012350082397460938,-0.00012350082397460938,0.0,1.0,0.005,0.7113268375396729,0.7327134013175964,1.258335769727252,0.003216343739970367,14.619575809552758,1e-06,34.96790647506714,56.916015625,56.57050275802612,94.29229974746704,True,PASS,
130,v10_TypeM_067_01014_drop_orbit_left_72_seed40014_foreground_identity_color_shift,L0_camera_r4,calibrated_winner_detached_log,49,349.5545349121094,0.34955453872680664,mid,1.0,-0.006869256496429443,-0.00667417049407959,-0.009514428477994582,-0.009173674876500084,-0.009173674876500084,0.0,WINNER_IMPROVES,0.7254231572151184,0.7308772802352905,0.005454123020172119,0.7184498310089111,0.724185049533844,0.005735218524932861,0.718553900718689,0.7242031097412109,0.005649209022521973,0.006973326206207275,0.006869256496429443,-0.006692230701446533,-0.00667417049407959,0.0002810955047607422,0.00019508600234985352,1.0,1.0,0.0002810955047607422,0.00019508600234985352,0.00019508600234985352,0.0,1.0,0.005,0.47428232431411743,0.720820963382721,1.0243845970652272,0.003227201323289976,14.619689890639693,1e-06,34.96790647506714,56.896484375,56.57050275802612,94.56701326370239,True,PASS,
131,v10_TypeM_039_04214_containment_orbit_left_44_seed43214_foreground_identity_color_shift,L0_camera_r4,calibrated_winner_detached_log,49,349.5545349121094,0.34955453872680664,mid,1.0,-0.006846189498901367,-0.006606936454772949,-0.008733562314572355,-0.008494242711503763,-0.008494242711503763,0.0,WINNER_IMPROVES,0.7873223423957825,0.7811216115951538,-0.006200730800628662,0.7806596159934998,0.7745828032493591,-0.006076812744140625,0.7804761528968811,0.7745146751403809,-0.005961477756500244,0.006662726402282715,0.006846189498901367,-0.006538808345794678,-0.006606936454772949,0.0001239180564880371,0.00023925304412841797,1.0,1.0,0.0001239180564880371,0.00023925304412841797,0.00023925304412841797,0.0,1.0,0.005,0.6738303899765015,0.7840032577514648,1.00046895177073,0.003254716882590326,14.619805752639214,1e-06,34.967875957489014,56.916015625,56.57050275802612,94.6445996761322,True,PASS,
132,v6b_GT_C_007_04228_containment_orbit_left_44_seed43228,L0_camera_r4,calibrated_winner_detached_log,49,349.5545349121094,0.34955453872680664,mid,1.0,-0.007769227027893066,-0.006601214408874512,-0.009975501824575564,-0.008112034528485332,-0.008112034528485332,0.0,WINNER_IMPROVES,0.782721757888794,0.8170607686042786,0.03433901071548462,0.7751031517982483,0.8104732036590576,0.035370051860809326,0.7749525308609009,0.810459554195404,0.035507023334503174,0.007618606090545654,0.007769227027893066,-0.006587564945220947,-0.006601214408874512,0.001031041145324707,0.0011680126190185547,1.0,1.0,0.001031041145324707,0.0011680126190185547,0.0011680126190185547,0.0,1.0,0.005,0.1454133540391922,0.7757911086082458,0.4843005118141241,0.0031191687989308155,14.619917396683173,1e-06,34.967875957489014,56.896484375,56.57050275802612,92.88838624954224,True,PASS,
133,v10_TypeM_071_01038_drop_orbit_left_72_seed40038_foreground_identity_color_shift,L0_camera_r4,calibrated_winner_detached_log,49,349.5545349121094,0.34955453872680664,mid,1.0,-0.007316291332244873,-0.007294416427612305,-0.009991604027258627,-0.009877424507603424,-0.009877424507603424,0.0,WINNER_IMPROVES,0.7359081506729126,0.7421469688415527,0.006238818168640137,0.7286742925643921,0.7349414825439453,0.006267189979553223,0.7285918593406677,0.7348525524139404,0.006260693073272705,0.007233858108520508,0.007316291332244873,-0.007205486297607422,-0.007294416427612305,2.8371810913085938e-05,2.187490463256836e-05,1.0,1.0,2.8371810913085938e-05,2.187490463256836e-05,2.187490463256836e-05,0.0,1.0,0.005,0.682997465133667,0.732180118560791,1.2527151849727574,0.003212797736858533,14.62003311699504,1e-06,34.96790647506714,56.916015625,56.57050275802612,94.49458312988281,True,PASS,
134,v10_TypeM_067_01014_drop_orbit_left_72_seed40014_foreground_identity_color_shift,L0_camera_r4,calibrated_winner_detached_log,49,349.5545349121094,0.34955453872680664,mid,1.0,-0.007525205612182617,-0.007033109664916992,-0.01042771930797132,-0.009669431027713728,-0.009669431027713728,0.0,WINNER_IMPROVES,0.7254231572151184,0.7308772802352905,0.005454123020172119,0.7180602550506592,0.7237618565559387,0.005701601505279541,0.7178979516029358,0.7238441705703735,0.005946218967437744,0.0073629021644592285,0.007525205612182617,-0.007115423679351807,-0.007033109664916992,0.0002474784851074219,0.000492095947265625,1.0,1.0,0.0002474784851074219,0.000492095947265625,0.000492095947265625,0.0,1.0,0.005,0.5119019150733948,0.7207022905349731,1.0867620166163985,0.0032396970292624884,14.620150490655066,1e-06,34.96790647506714,56.896484375,56.57050275802612,93.40279960632324,True,PASS,
135,v10_TypeM_039_04214_containment_orbit_left_44_seed43214_foreground_identity_color_shift,L0_camera_r4,calibrated_winner_detached_log,49,349.5545349121094,0.34955453872680664,mid,1.0,-0.007179677486419678,-0.007055699825286865,-0.009160941485597963,-0.009073822981427757,-0.009073822981427757,0.0,WINNER_IMPROVES,0.7873223423957825,0.7811216115951538,-0.006200730800628662,0.780178427696228,0.7741890549659729,-0.005989372730255127,0.7801426649093628,0.7740659117698669,-0.00607675313949585,0.007143914699554443,0.007179677486419678,-0.006932556629180908,-0.007055699825286865,0.00021135807037353516,0.0001239776611328125,1.0,1.0,0.00021135807037353516,0.0001239776611328125,0.0001239776611328125,0.0,1.0,0.005,0.6342726349830627,0.7833698987960815,0.9857516539336174,0.003259011722425876,14.620269203641783,1e-06,34.967875957489014,56.916015625,56.57050275802612,92.88290882110596,True,PASS,
136,v6b_GT_C_007_04228_containment_orbit_left_44_seed43228,L0_camera_r4,calibrated_winner_detached_log,49,349.5545349121094,0.34955453872680664,mid,1.0,-0.008154869079589844,-0.0069675445556640625,-0.01047325880623847,-0.00856413970324578,-0.00856413970324578,0.0,WINNER_IMPROVES,0.782721757888794,0.8170607686042786,0.03433901071548462,0.7746335864067078,0.8101775050163269,0.03554391860961914,0.7745668888092041,0.8100932240486145,0.0355263352394104,0.008088171482086182,0.008154869079589844,-0.00688326358795166,-0.0069675445556640625,0.0012049078941345215,0.0011873245239257812,1.0,1.0,0.0012049078941345215,0.0011873245239257812,0.0011873245239257812,0.0,1.0,0.005,0.1697426736354828,0.7755655646324158,0.5277137194122893,0.003136609799496025,14.620384235683431,1e-06,34.967875957489014,56.896484375,56.57050275802612,93.29919767379761,True,PASS,
137,v10_TypeM_071_01038_drop_orbit_left_72_seed40038_foreground_identity_color_shift,L0_camera_r4,calibrated_winner_detached_log,49,349.5545349121094,0.34955453872680664,mid,1.0,-0.007556796073913574,-0.007590651512145996,-0.01032175380694894,-0.010280627578736042,-0.010280627578736042,0.0,WINNER_IMPROVES,0.7359081506729126,0.7421469688415527,0.006238818168640137,0.728405773639679,0.734425961971283,0.006020188331604004,0.728351354598999,0.7345563173294067,0.006204962730407715,0.007502377033233643,0.007556796073913574,-0.007721006870269775,-0.007590651512145996,-0.0002186298370361328,-3.3855438232421875e-05,1.0,1.0,-0.0002186298370361328,-3.3855438232421875e-05,-3.3855438232421875e-05,0.0,1.0,0.005,0.6411848664283752,0.7315378785133362,1.2310170216890162,0.003219762407905745,14.620502897968256,1e-06,34.96790647506714,56.916015625,56.57050275802612,93.13833165168762,True,PASS,
138,v10_TypeM_067_01014_drop_orbit_left_72_seed40014_foreground_identity_color_shift,L0_camera_r4,calibrated_winner_detached_log,49,349.5545349121094,0.34955453872680664,mid,1.0,-0.007784247398376465,-0.007547557353973389,-0.010788618135940592,-0.010380399772996717,-0.010380399772996717,0.0,WINNER_IMPROVES,0.7254231572151184,0.7308772802352905,0.005454123020172119,0.7177168726921082,0.7235018014907837,0.005784928798675537,0.7176389098167419,0.7233297228813171,0.005690813064575195,0.007706284523010254,0.007784247398376465,-0.007375478744506836,-0.007547557353973389,0.00033080577850341797,0.00023669004440307617,1.0,1.0,0.00033080577850341797,0.00023669004440307617,0.00023669004440307617,0.0,1.0,0.005,0.4771239161491394,0.720201849937439,1.0623708637526876,0.0032364326322819096,14.62062285576021,1e-06,34.96790647506714,56.896484375,56.57050275802612,93.4746265411377,True,PASS,
139,v10_TypeM_039_04214_containment_orbit_left_44_seed43214_foreground_identity_color_shift,L0_camera_r4,calibrated_winner_detached_log,49,349.5545349121094,0.34955453872680664,mid,1.0,-0.007575094699859619,-0.0074517130851745605,-0.009667922412449684,-0.009585555359501721,-0.009585555359501721,0.0,WINNER_IMPROVES,0.7873223423957825,0.7811216115951538,-0.006200730800628662,0.7797678709030151,0.7738566398620605,-0.00591123104095459,0.7797472476959229,0.7736698985099792,-0.0060773491859436035,0.007554471492767334,0.007575094699859619,-0.007264971733093262,-0.0074517130851745605,0.00028949975967407227,0.0001233816146850586,1.0,1.0,0.00028949975967407227,0.0001233816146850586,0.0001233816146850586,0.0,1.0,0.005,0.6405155658721924,0.7830706238746643,1.0071777769600534,0.0032603337531510908,14.620744432873154,1e-06,34.967875957489014,56.916015625,56.57050275802612,92.65034890174866,True,PASS,
140,v6b_GT_C_007_04228_containment_orbit_left_44_seed43228,L0_camera_r4,calibrated_winner_detached_log,49,349.5545349121094,0.34955453872680664,mid,1.0,-0.008466124534606934,-0.007451534271240234,-0.010875184076221242,-0.00916176764595889,-0.00916176764595889,0.0,WINNER_IMPROVES,0.782721757888794,0.8170607686042786,0.03433901071548462,0.7743144631385803,0.8098018169403076,0.035487353801727295,0.774255633354187,0.8096092343330383,0.03535360097885132,0.008407294750213623,0.008466124534606934,-0.007258951663970947,-0.007451534271240234,0.0011483430862426758,0.0010145902633666992,1.0,1.0,0.0011483430862426758,0.0010145902633666992,0.0010145902633666992,0.0,1.0,0.005,0.15079209208488464,0.7751094102859497,0.5089004739009128,0.0031290863038605206,14.620861830912798,1e-06,34.967875957489014,56.896484375,56.57050275802612,93.05850315093994,True,PASS,
141,v10_TypeM_071_01038_drop_orbit_left_72_seed40038_foreground_identity_color_shift,L0_camera_r4,calibrated_winner_detached_log,49,349.5545349121094,0.34955453872680664,mid,1.0,-0.008086323738098145,-0.008054673671722412,-0.011049040488186904,-0.010912531173303973,-0.010912531173303973,0.0,WINNER_IMPROVES,0.7359081506729126,0.7421469688415527,0.006238818168640137,0.7279855012893677,0.7341312170028687,0.0061457157135009766,0.7278218269348145,0.7340922951698303,0.006270468235015869,0.007922649383544922,0.008086323738098145,-0.008015751838684082,-0.008054673671722412,-9.310245513916016e-05,3.165006637573242e-05,1.0,1.0,-9.310245513916016e-05,3.165006637573242e-05,3.165006637573242e-05,0.0,1.0,0.005,0.5218858122825623,0.7304373383522034,1.1167650957286328,0.00317825756595201,14.620981756575903,1e-06,34.96790647506714,56.916015625,56.57050275802612,93.83583807945251,True,PASS,
142,v10_TypeM_067_01014_drop_orbit_left_72_seed40014_foreground_identity_color_shift,L0_camera_r4,calibrated_winner_detached_log,49,349.5545349121094,0.34955453872680664,mid,1.0,-0.008215546607971191,-0.007786273956298828,-0.011389796325291942,-0.01071047883834675,-0.01071047883834675,0.0,WINNER_IMPROVES,0.7254231572151184,0.7308772802352905,0.005454123020172119,0.7173198461532593,0.7229874730110168,0.005667626857757568,0.7172076106071472,0.7230910062789917,0.005883395671844482,0.00810331106185913,0.008215546607971191,-0.007889807224273682,-0.007786273956298828,0.00021350383758544922,0.0004292726516723633,1.0,1.0,0.00021350383758544922,0.0004292726516723633,0.0004292726516723633,0.0,1.0,0.005,0.45663613080978394,0.7195982336997986,1.052665274306745,0.0031950250433993403,14.621102883566962,1e-06,34.96790647506714,56.896484375,56.57050275802612,92.84988832473755,True,PASS,
143,v10_TypeM_039_04214_containment_orbit_left_44_seed43214_foreground_identity_color_shift,L0_camera_r4,calibrated_winner_detached_log,49,349.5545349121094,0.34955453872680664,mid,1.0,-0.008023738861083984,-0.007808685302734375,-0.010243459260835596,-0.010047063029215167,-0.010047063029215167,0.0,WINNER_IMPROVES,0.7873223423957825,0.7811216115951538,-0.006200730800628662,0.7795135974884033,0.7734483480453491,-0.006065249443054199,0.7792986035346985,0.7733129262924194,-0.005985677242279053,0.00780874490737915,0.008023738861083984,-0.0076732635498046875,-0.007808685302734375,0.0001354813575744629,0.00021505355834960938,1.0,1.0,0.0001354813575744629,0.00021505355834960938,0.00021505355834960938,0.0,1.0,0.005,0.5293213129043579,0.7819636464118958,0.9229331385724835,0.003196615903247317,14.621224825802862,1e-06,34.967875957489014,56.916015625,56.57050275802612,92.870370388031,True,PASS,
144,v6b_GT_C_007_04228_containment_orbit_left_44_seed43228,L0_camera_r4,calibrated_winner_detached_log,49,349.5545349121094,0.34955453872680664,mid,1.0,-0.008967220783233643,-0.007815301418304443,-0.011522591010900533,-0.009611180614709388,-0.009611180614709388,0.0,WINNER_IMPROVES,0.782721757888794,0.8170607686042786,0.03433901071548462,0.7737485766410828,0.809295654296875,0.035547077655792236,0.7737545371055603,0.8092454671859741,0.03549093008041382,0.008973181247711182,0.008967220783233643,-0.0077651143074035645,-0.007815301418304443,0.0012080669403076172,0.0011519193649291992,1.0,1.0,0.0012080669403076172,0.0011519193649291992,0.0011519193649291992,0.0,1.0,0.005,0.15386754274368286,0.7747334241867065,0.5219128565681572,0.0030752456628451363,14.621342719617576,1e-06,34.967875957489014,56.896484375,56.57050275802612,93.76246166229248,True,PASS,
145,v10_TypeM_071_01038_drop_orbit_left_72_seed40038_foreground_identity_color_shift,L0_camera_r4,calibrated_winner_detached_log,49,349.5545349121094,0.34955453872680664,mid,1.0,-0.008420288562774658,-0.008516907691955566,-0.011508000980875411,-0.011542396933985727,-0.011542396933985727,0.0,WINNER_IMPROVES,0.7359081506729126,0.7421469688415527,0.006238818168640137,0.7275031208992004,0.7337312698364258,0.006228148937225342,0.7274878621101379,0.7336300611495972,0.0061421990394592285,0.008405029773712158,0.008420288562774658,-0.008415699005126953,-0.008516907691955566,-1.0669231414794922e-05,-9.66191291809082e-05,1.0,1.0,-1.0669231414794922e-05,-9.66191291809082e-05,-9.66191291809082e-05,0.0,1.0,0.005,0.6698509454727173,0.7308503985404968,1.3024502477831763,0.0031805363378742076,14.621465382555158,1e-06,34.96790647506714,56.916015625,56.57050275802612,92.97293329238892,True,PASS,
146,v10_TypeM_067_01014_drop_orbit_left_72_seed40014_foreground_identity_color_shift,L0_camera_r4,calibrated_winner_detached_log,49,349.5545349121094,0.34955453872680664,mid,1.0,-0.008592069149017334,-0.008143186569213867,-0.011914918199332844,-0.011204193624791265,-0.011204193624791265,0.0,WINNER_IMPROVES,0.7254231572151184,0.7308772802352905,0.005454123020172119,0.7169635891914368,0.7227116823196411,0.005748093128204346,0.7168310880661011,0.7227340936660767,0.005903005599975586,0.00845956802368164,0.008592069149017334,-0.008165597915649414,-0.008143186569213867,0.00029397010803222656,0.0004488825798034668,1.0,1.0,0.00029397010803222656,0.0004488825798034668,0.0004488825798034668,0.0,1.0,0.005,0.5156282782554626,0.7195245623588562,1.1461417820355064,0.003221607497229086,14.621590229136586,1e-06,34.96790647506714,56.896484375,56.57050275802612,93.31966161727905,True,PASS,
147,v10_TypeM_039_04214_containment_orbit_left_44_seed43214_foreground_identity_color_shift,L0_camera_r4,calibrated_winner_detached_log,49,349.5545349121094,0.34955453872680664,mid,1.0,-0.008427143096923828,-0.00821995735168457,-0.010761243683981351,-0.010579035833645606,-0.010579035833645606,0.0,WINNER_IMPROVES,0.7873223423957825,0.7811216115951538,-0.006200730800628662,0.779041588306427,0.7730249166488647,-0.006016671657562256,0.7788951992988586,0.7729016542434692,-0.005993545055389404,0.008280754089355469,0.008427143096923828,-0.008096694946289062,-0.00821995735168457,0.00018405914306640625,0.0002071857452392578,1.0,1.0,0.00018405914306640625,0.0002071857452392578,0.0002071857452392578,0.0,1.0,0.005,0.6369980573654175,0.7823027968406677,1.0379660735187415,0.003252329512874198,14.621716942019866,1e-06,34.967875957489014,56.916015625,56.57050275802612,92.96619939804077,True,PASS,
148,v6b_GT_C_007_04228_containment_orbit_left_44_seed43228,L0_camera_r4,calibrated_winner_detached_log,49,349.5545349121094,0.34955453872680664,mid,1.0,-0.009306550025939941,-0.008087873458862305,-0.011961236149695775,-0.009948059797533852,-0.009948059797533852,0.0,WINNER_IMPROVES,0.782721757888794,0.8170607686042786,0.03433901071548462,0.7733553051948547,0.808996856212616,0.03564155101776123,0.773415207862854,0.8089728951454163,0.035557687282562256,0.009366452693939209,0.009306550025939941,-0.008063912391662598,-0.008087873458862305,0.0013025403022766113,0.0012186765670776367,1.0,1.0,0.0013025403022766113,0.0012186765670776367,0.0012186765670776367,0.0,1.0,0.005,0.12089437246322632,0.7740010023117065,0.47888020923120084,0.003108655933744551,14.621838774964234,1e-06,34.967875957489014,56.896484375,56.57050275802612,93.73437452316284,True,PASS,
149,v10_TypeM_071_01038_drop_orbit_left_72_seed40038_foreground_identity_color_shift,L0_camera_r4,calibrated_winner_detached_log,49,349.5545349121094,0.34955453872680664,mid,1.0,-0.008930087089538574,-0.008867084980010986,-0.012209012302797796,-0.012019832227302473,-0.012019832227302473,0.0,WINNER_IMPROVES,0.7359081506729126,0.7421469688415527,0.006238818168640137,0.7270120978355408,0.7333877086639404,0.006375610828399658,0.726978063583374,0.7332798838615417,0.006301820278167725,0.008896052837371826,0.008930087089538574,-0.008759260177612305,-0.008867084980010986,0.00013679265975952148,6.300210952758789e-05,1.0,1.0,0.00013679265975952148,6.300210952758789e-05,6.300210952758789e-05,0.0,1.0,0.005,0.544242799282074,0.7297646999359131,1.1802131500921553,0.0031736868706132124,14.621963931545933,1e-06,34.96790647506714,56.916015625,56.57050275802612,92.88856172561646,True,PASS,
150,v10_TypeM_067_01014_drop_orbit_left_72_seed40014_foreground_identity_color_shift,L0_camera_r4,calibrated_winner_detached_log,49,349.5545349121094,0.34955453872680664,mid,1.0,-0.008957922458648682,-0.008673369884490967,-0.012425424375405954,-0.011938042869891426,-0.011938042869891426,0.0,WINNER_IMPROVES,0.7254231572151184,0.7308772802352905,0.005454123020172119,0.7165879607200623,0.7223803400993347,0.005792379379272461,0.7164652347564697,0.7222039103507996,0.005738675594329834,0.008835196495056152,0.008957922458648682,-0.00849694013595581,-0.008673369884490967,0.0003382563591003418,0.00028455257415771484,1.0,1.0,0.0003382563591003418,0.00028455257415771484,0.00028455257415771484,0.0,1.0,0.005,0.4170454442501068,0.7186183929443359,1.0316619667784765,0.003181481810039808,14.622089868171564,1e-06,34.96790647506714,56.896484375,56.57050275802612,93.55064010620117,True,PASS,
151,v10_TypeM_039_04214_containment_orbit_left_44_seed43214_foreground_identity_color_shift,L0_camera_r4,calibrated_winner_detached_log,49,349.5545349121094,0.34955453872680664,mid,1.0,-0.008745372295379639,-0.008580982685089111,-0.011169892011765683,-0.011046248798160872,-0.011046248798160872,0.0,WINNER_IMPROVES,0.7873223423957825,0.7811216115951538,-0.006200730800628662,0.7786073088645935,0.7726632952690125,-0.005944013595581055,0.7785769701004028,0.7725406289100647,-0.006036341190338135,0.008715033531188965,0.008745372295379639,-0.008458316326141357,-0.008580982685089111,0.0002567172050476074,0.00016438961029052734,1.0,1.0,0.0002567172050476074,0.00016438961029052734,0.00016438961029052734,0.0,1.0,0.005,0.5997937917709351,0.7816793918609619,1.020731920156382,0.0032103516581515764,14.622217660076293,1e-06,34.967875957489014,56.916015625,56.57050275802612,94.17809176445007,True,PASS,
152,v6b_GT_C_007_04228_containment_orbit_left_44_seed43228,L0_camera_r4,calibrated_winner_detached_log,49,349.5545349121094,0.34955453872680664,mid,1.0,-0.00987786054611206,-0.008568346500396729,-0.01270019450002224,-0.010542165951899931,-0.010542165951899931,0.0,WINNER_IMPROVES,0.782721757888794,0.8170607686042786,0.03433901071548462,0.7729606628417969,0.808537483215332,0.035576820373535156,0.7728438973426819,0.8084924221038818,0.03564852476119995,0.00976109504699707,0.00987786054611206,-0.008523285388946533,-0.008568346500396729,0.0012378096580505371,0.001309514045715332,1.0,1.0,0.0012378096580505371,0.001309514045715332,0.001309514045715332,0.0,1.0,0.005,0.12671023607254028,0.7736757397651672,0.49598837101635124,0.0030753936054273346,14.622340773267666,1e-06,34.967875957489014,56.896484375,56.57050275802612,93.14719295501709,True,PASS,
153,v10_TypeM_071_01038_drop_orbit_left_72_seed40038_foreground_identity_color_shift,L0_camera_r4,calibrated_winner_detached_log,49,349.5545349121094,0.34955453872680664,mid,1.0,-0.009402930736541748,-0.009282588958740234,-0.012859647452907503,-0.012586630453725173,-0.012586630453725173,0.0,WINNER_IMPROVES,0.7359081506729126,0.7421469688415527,0.006238818168640137,0.7267113924026489,0.7329492568969727,0.0062378644943237305,0.7265052199363708,0.7328643798828125,0.00635915994644165,0.009196758270263672,0.009402930736541748,-0.009197711944580078,-0.009282588958740234,-9.5367431640625e-07,0.00012034177780151367,1.0,1.0,-9.5367431640625e-07,0.00012034177780151367,0.00012034177780151367,0.0,1.0,0.005,0.5876834392547607,0.7296102643013,1.251234566578697,0.003162296244580661,14.62246804906329,1e-06,34.96790647506714,56.916015625,56.57050275802612,93.6740951538086,True,PASS,
154,v10_TypeM_067_01014_drop_orbit_left_72_seed40014_foreground_identity_color_shift,L0_camera_r4,calibrated_winner_detached_log,49,349.5545349121094,0.34955453872680664,mid,1.0,-0.009499847888946533,-0.009081125259399414,-0.01318209818549292,-0.012502800988522711,-0.012502800988522711,0.0,WINNER_IMPROVES,0.7254231572151184,0.7308772802352905,0.005454123020172119,0.7161229252815247,0.7219923138618469,0.005869388580322266,0.7159233093261719,0.7217961549758911,0.005872845649719238,0.00930023193359375,0.009499847888946533,-0.008884966373443604,-0.009081125259399414,0.0004152655601501465,0.00041872262954711914,1.0,1.0,0.0004152655601501465,0.00041872262954711914,0.00041872262954711914,0.0,1.0,0.005,0.4426339566707611,0.718357503414154,1.0839623350338485,0.0031837441561222385,14.62259679906826,1e-06,34.96790647506714,56.896484375,56.57050275802612,92.75658106803894,True,PASS,
155,v10_TypeM_039_04214_containment_orbit_left_44_seed43214_foreground_identity_color_shift,L0_camera_r4,calibrated_winner_detached_log,49,349.5545349121094,0.34955453872680664,mid,1.0,-0.00917881727218628,-0.008928954601287842,-0.011726761383973298,-0.011496775657075065,-0.011496775657075065,0.0,WINNER_IMPROVES,0.7873223423957825,0.7811216115951538,-0.006200730800628662,0.7782333493232727,0.7722644805908203,-0.005968868732452393,0.7781435251235962,0.772192656993866,-0.005950868129730225,0.009088993072509766,0.00917881727218628,-0.008857131004333496,-0.008928954601287842,0.00023186206817626953,0.0002498626708984375,1.0,1.0,0.00023186206817626953,0.0002498626708984375,0.0002498626708984375,0.0,1.0,0.005,0.6571598052978516,0.7815682888031006,1.0889278121498485,0.003230549632547497,14.622728086211042,1e-06,34.967875957489014,56.916015625,56.57050275802612,93.19935083389282,True,PASS,
156,v6b_GT_C_007_04228_containment_orbit_left_44_seed43228,L0_camera_r4,calibrated_winner_detached_log,49,349.5545349121094,0.34955453872680664,mid,1.0,-0.010241091251373291,-0.008876562118530273,-0.013170297306534398,-0.01092346127417311,-0.01092346127417311,0.0,WINNER_IMPROVES,0.782721757888794,0.8170607686042786,0.03433901071548462,0.772496223449707,0.8082326054573059,0.03573638200759888,0.7724806666374207,0.8081842064857483,0.03570353984832764,0.010225534439086914,0.010241091251373291,-0.008828163146972656,-0.008876562118530273,0.0013973712921142578,0.0013645291328430176,1.0,1.0,0.0013973712921142578,0.0013645291328430176,0.0013645291328430176,0.0,1.0,0.005,0.11130120605230331,0.7731325626373291,0.47808045351416517,0.0030864910213976395,14.622854192558078,1e-06,34.967875957489014,56.896484375,56.57050275802612,93.40789341926575,True,PASS,
157,v10_TypeM_071_01038_drop_orbit_left_72_seed40038_foreground_identity_color_shift,L0_camera_r4,calibrated_winner_detached_log,49,349.5545349121094,0.34955453872680664,mid,1.0,-0.009883105754852295,-0.009698033332824707,-0.013520804112853049,-0.013153668745374988,-0.013153668745374988,0.0,WINNER_IMPROVES,0.7359081506729126,0.7421469688415527,0.006238818168640137,0.7261659502983093,0.7325717806816101,0.006405830383300781,0.7260250449180603,0.732448935508728,0.006423890590667725,0.009742200374603271,0.009883105754852295,-0.009575188159942627,-0.009698033332824707,0.00016701221466064453,0.0001850724220275879,1.0,1.0,0.00016701221466064453,0.0001850724220275879,0.0001850724220275879,0.0,1.0,0.005,0.6931471824645996,0.7297337651252747,1.3897680011917162,0.0032073736982005047,14.622985914926053,1e-06,34.96790647506714,56.916015625,56.57050275802612,93.34795427322388,True,PASS,
158,v10_TypeM_067_01014_drop_orbit_left_72_seed40014_foreground_identity_color_shift,L0_camera_r4,calibrated_winner_detached_log,49,349.5545349121094,0.34955453872680664,mid,1.0,-0.009765565395355225,-0.009513318538665771,-0.013553320664830575,-0.013101755021695376,-0.013101755021695376,0.0,WINNER_IMPROVES,0.7254231572151184,0.7308772802352905,0.005454123020172119,0.7157818078994751,0.7214726209640503,0.005690813064575195,0.7156575918197632,0.7213639616966248,0.005706369876861572,0.00964134931564331,0.009765565395355225,-0.009404659271240234,-0.009513318538665771,0.00023669004440307617,0.0002522468566894531,1.0,1.0,0.00023669004440307617,0.0002522468566894531,0.0002522468566894531,0.0,1.0,0.005,0.4061000943183899,0.7176271080970764,1.0498785204038121,0.003210407017636287,14.623118442621209,1e-06,34.96790647506714,56.896484375,56.57050275802612,93.92050433158875,True,PASS,
159,v10_TypeM_039_04214_containment_orbit_left_44_seed43214_foreground_identity_color_shift,L0_camera_r4,calibrated_winner_detached_log,49,349.5545349121094,0.34955453872680664,mid,1.0,-0.009587883949279785,-0.0094565749168396,-0.012252595267581736,-0.012180284676618216,-0.012180284676618216,0.0,WINNER_IMPROVES,0.7873223423957825,0.7811216115951538,-0.006200730800628662,0.7778422832489014,0.7718059420585632,-0.006036341190338135,0.7777344584465027,0.7716650366783142,-0.0060694217681884766,0.009480059146881104,0.009587883949279785,-0.009315669536590576,-0.0094565749168396,0.00016438961029052734,0.00013130903244018555,1.0,1.0,0.00016438961029052734,0.00013130903244018555,0.00013130903244018555,0.0,1.0,0.005,0.6191552877426147,0.7809056639671326,1.0705923202857865,0.0032464189639015845,14.62325314310191,1e-06,34.967875957489014,56.916015625,56.57050275802612,93.58350086212158,True,PASS,
160,v6b_GT_C_007_04228_containment_orbit_left_44_seed43228,L0_camera_r4,calibrated_winner_detached_log,49,349.5545349121094,0.34955453872680664,mid,1.0,-0.010824024677276611,-0.009264528751373291,-0.013925207432310814,-0.011403623811256272,-0.011403623811256272,0.0,WINNER_IMPROVES,0.782721757888794,0.8170607686042786,0.03433901071548462,0.7721712589263916,0.8078433275222778,0.03567206859588623,0.7718977332115173,0.8077962398529053,0.03589850664138794,0.010550498962402344,0.010824024677276611,-0.009217441082000732,-0.009264528751373291,0.0013330578804016113,0.0015594959259033203,1.0,1.0,0.0013330578804016113,0.0015594959259033203,0.0015594959259033203,0.0,1.0,0.005,0.10469523072242737,0.7726501822471619,0.4746271191157965,0.0030975560661207872,14.623382382872338,1e-06,34.967875957489014,56.896484375,56.57050275802612,93.1686909198761,True,PASS,
161,v10_TypeM_071_01038_drop_orbit_left_72_seed40038_foreground_identity_color_shift,L0_camera_r4,calibrated_winner_detached_log,49,349.5545349121094,0.34955453872680664,mid,1.0,-0.01026064157485962,-0.010316014289855957,-0.014040943206580708,-0.013997743692351973,-0.013997743692351973,0.0,WINNER_IMPROVES,0.7359081506729126,0.7421469688415527,0.006238818168640137,0.7258026003837585,0.7320543527603149,0.0062517523765563965,0.725647509098053,0.7318309545516968,0.006183445453643799,0.010105550289154053,0.01026064157485962,-0.010092616081237793,-0.010316014289855957,1.2934207916259766e-05,-5.537271499633789e-05,1.0,1.0,1.2934207916259766e-05,-5.537271499633789e-05,-5.537271499633789e-05,0.0,1.0,0.005,0.5730816125869751,0.7285921573638916,1.27195370010553,0.0031824207678683943,14.623515783101618,1e-06,34.96790647506714,56.916015625,56.57050275802612,92.52083277702332,True,PASS,
162,v10_TypeM_067_01014_drop_orbit_left_72_seed40014_foreground_identity_color_shift,L0_camera_r4,calibrated_winner_detached_log,49,349.5545349121094,0.34955453872680664,mid,1.0,-0.010321736335754395,-0.010043203830718994,-0.014330769495418989,-0.013836585183087573,-0.013836585183087573,0.0,WINNER_IMPROVES,0.7254231572151184,0.7308772802352905,0.005454123020172119,0.7151777148246765,0.721057653427124,0.00587993860244751,0.715101420879364,0.7208340764045715,0.0057326555252075195,0.010245442390441895,0.010321736335754395,-0.009819626808166504,-0.010043203830718994,0.0004258155822753906,0.0002785325050354004,1.0,1.0,0.0004258155822753906,0.0002785325050354004,0.0002785325050354004,0.0,1.0,0.005,0.4457852840423584,0.7174444794654846,1.1233925441389765,0.003206518062328803,14.623650827078016,1e-06,34.96790647506714,56.896484375,56.57050275802612,93.28243589401245,True,PASS,
163,v10_TypeM_039_04214_containment_orbit_left_44_seed43214_foreground_identity_color_shift,L0_camera_r4,calibrated_winner_detached_log,49,349.5545349121094,0.34955453872680664,mid,1.0,-0.010003328323364258,-0.009760737419128418,-0.012786910499780405,-0.012574526277029957,-0.012574526277029957,0.0,WINNER_IMPROVES,0.7873223423957825,0.7811216115951538,-0.006200730800628662,0.777462363243103,0.7714023590087891,-0.006060004234313965,0.7773190140724182,0.7713608741760254,-0.005958139896392822,0.009859979152679443,0.010003328323364258,-0.009719252586364746,-0.009760737419128418,0.00014072656631469727,0.00024259090423583984,1.0,1.0,0.00014072656631469727,0.00024259090423583984,0.00024259090423583984,0.0,1.0,0.005,0.5685607194900513,0.780143141746521,1.0379661062482803,0.0032313178147425885,14.623787641398502,1e-06,34.967875957489014,56.916015625,56.57050275802612,92.6631109714508,True,PASS,
164,v6b_GT_C_007_04228_containment_orbit_left_44_seed43228,L0_camera_r4,calibrated_winner_detached_log,49,349.5545349121094,0.34955453872680664,mid,1.0,-0.011207282543182373,-0.009786128997802734,-0.014421844515640818,-0.012049540055228783,-0.012049540055228783,0.0,WINNER_IMPROVES,0.782721757888794,0.8170607686042786,0.03433901071548462,0.7715504169464111,0.8074347376823425,0.035884320735931396,0.7715144753456116,0.8072746396064758,0.03576016426086426,0.011171340942382812,0.011207282543182373,-0.009626030921936035,-0.009786128997802734,0.0015453100204467773,0.0014211535453796387,1.0,1.0,0.0015453100204467773,0.0014211535453796387,0.0014211535453796387,0.0,1.0,0.005,0.07930666208267212,0.7720169425010681,0.4374920765572358,0.00307059897697457,14.623918322375852,1e-06,34.967875957489014,56.896484375,56.57050275802612,92.79294204711914,True,PASS,
165,v10_TypeM_071_01038_drop_orbit_left_72_seed40038_foreground_identity_color_shift,L0_camera_r4,calibrated_winner_detached_log,49,349.5545349121094,0.34955453872680664,mid,1.0,-0.010767698287963867,-0.010685265064239502,-0.014739951938693515,-0.014502428486706055,-0.014502428486706055,0.0,WINNER_IMPROVES,0.7359081506729126,0.7421469688415527,0.006238818168640137,0.7252911329269409,0.7315183877944946,0.006227254867553711,0.7251404523849487,0.7314617037773132,0.006321251392364502,0.01061701774597168,0.010767698287963867,-0.010628581047058105,-0.010685265064239502,-1.1563301086425781e-05,8.243322372436523e-05,1.0,1.0,-1.1563301086425781e-05,8.243322372436523e-05,8.243322372436523e-05,0.0,1.0,0.005,0.5975430607795715,0.7282212972640991,1.3207740501686507,0.003169910710772442,14.62405384404356,1e-06,34.96790647506714,56.916015625,56.57050275802612,93.3327362537384,True,PASS,
166,v10_TypeM_067_01014_drop_orbit_left_72_seed40014_foreground_identity_color_shift,L0_camera_r4,calibrated_winner_detached_log,49,349.5545349121094,0.34955453872680664,mid,1.0,-0.010860860347747803,-0.010439634323120117,-0.015084966476589124,-0.014386697269183507,-0.014386697269183507,0.0,WINNER_IMPROVES,0.7254231572151184,0.7308772802352905,0.005454123020172119,0.7146896123886108,0.7205933928489685,0.005903780460357666,0.7145622968673706,0.7204376459121704,0.005875349044799805,0.010733544826507568,0.010860860347747803,-0.010283887386322021,-0.010439634323120117,0.0004496574401855469,0.00042122602462768555,1.0,1.0,0.0004496574401855469,0.00042122602462768555,0.00042122602462768555,0.0,1.0,0.005,0.37120622396469116,0.7164998054504395,1.027112306404206,0.0031675152691702227,14.624189926491951,1e-06,34.96790647506714,56.896484375,56.57050275802612,92.96993708610535,True,PASS,
167,v10_TypeM_039_04214_containment_orbit_left_44_seed43214_foreground_identity_color_shift,L0_camera_r4,calibrated_winner_detached_log,49,349.5545349121094,0.34955453872680664,mid,1.0,-0.01043611764907837,-0.010211348533630371,-0.013343837372141391,-0.013158873750831182,-0.013158873750831182,0.0,WINNER_IMPROVES,0.7873223423957825,0.7811216115951538,-0.006200730800628662,0.7768614888191223,0.7710192203521729,-0.005842268466949463,0.7768862247467041,0.7709102630615234,-0.005975961685180664,0.010460853576660156,0.01043611764907837,-0.010102391242980957,-0.010211348533630371,0.0003584623336791992,0.00022476911544799805,1.0,1.0,0.0003584623336791992,0.00022476911544799805,0.00022476911544799805,0.0,1.0,0.005,0.6607698798179626,0.7802112102508545,1.1425659449669516,0.003225337149004943,14.624329077196702,1e-06,34.967875957489014,56.916015625,56.57050275802612,94.29186940193176,True,PASS,
168,v6b_GT_C_007_04228_containment_orbit_left_44_seed43228,L0_camera_r4,calibrated_winner_detached_log,49,349.5545349121094,0.34955453872680664,mid,1.0,-0.011809766292572021,-0.010168075561523438,-0.015203060068059705,-0.012522782894916056,-0.012522782894916056,0.0,WINNER_IMPROVES,0.782721757888794,0.8170607686042786,0.03433901071548462,0.7710910439491272,0.8069413900375366,0.035850346088409424,0.7709119915962219,0.8068926930427551,0.0359807014465332,0.011630713939666748,0.011809766292572021,-0.010119378566741943,-0.010168075561523438,0.0015113353729248047,0.001641690731048584,1.0,1.0,0.0015113353729248047,0.001641690731048584,0.001641690731048584,0.0,1.0,0.005,0.06775391846895218,0.7714402675628662,0.42320350953616986,0.003058776791780288,14.624461858542825,1e-06,34.967875957489014,56.896484375,56.57050275802612,94.61435413360596,True,PASS,
169,v10_TypeM_071_01038_drop_orbit_left_72_seed40038_foreground_identity_color_shift,L0_camera_r4,calibrated_winner_detached_log,49,349.5545349121094,0.34955453872680664,mid,1.0,-0.011352062225341797,-0.01126950979232788,-0.01554613991597947,-0.015301483543201497,-0.015301483543201497,0.0,WINNER_IMPROVES,0.7359081506729126,0.7421469688415527,0.006238818168640137,0.7248412370681763,0.731130838394165,0.0062896013259887695,0.7245560884475708,0.7308774590492249,0.006321370601654053,0.011066913604736328,0.011352062225341797,-0.011016130447387695,-0.01126950979232788,5.078315734863281e-05,8.255243301391602e-05,1.0,1.0,5.078315734863281e-05,8.255243301391602e-05,8.255243301391602e-05,0.0,1.0,0.005,0.5042492151260376,0.7271777391433716,1.2190129851838674,0.003128910586231051,14.624598222933436,1e-06,34.96790647506714,56.916015625,56.57050275802612,93.26591730117798,True,PASS,
170,v10_TypeM_067_01014_drop_orbit_left_72_seed40014_foreground_identity_color_shift,L0_camera_r4,calibrated_winner_detached_log,49,349.5545349121094,0.34955453872680664,mid,1.0,-0.011386454105377197,-0.010970592498779297,-0.01582078355891082,-0.015123962907591264,-0.015123962907591264,0.0,WINNER_IMPROVES,0.7254231572151184,0.7308772802352905,0.005454123020172119,0.7142437100410461,0.7200371026992798,0.005793392658233643,0.7140367031097412,0.7199066877365112,0.0058699846267700195,0.011179447174072266,0.011386454105377197,-0.010840177536010742,-0.010970592498779297,0.00033926963806152344,0.0004158616065979004,1.0,1.0,0.00033926963806152344,0.0004158616065979004,0.0004158616065979004,0.0,1.0,0.005,0.4077689051628113,0.7163546681404114,1.0975739482613882,0.0031490825643765833,14.624736103957716,1e-06,34.96790647506714,56.896484375,56.57050275802612,93.37103343009949,True,PASS,
171,v10_TypeM_039_04214_containment_orbit_left_44_seed43214_foreground_identity_color_shift,L0_camera_r4,calibrated_winner_detached_log,49,349.5545349121094,0.34955453872680664,mid,1.0,-0.010994791984558105,-0.010584235191345215,-0.014063215942322148,-0.013642687343461156,-0.013642687343461156,0.0,WINNER_IMPROVES,0.7873223423957825,0.7811216115951538,-0.006200730800628662,0.7764575481414795,0.770535945892334,-0.005921602249145508,0.7763275504112244,0.7705373764038086,-0.0057901740074157715,0.010864794254302979,0.010994791984558105,-0.010585665702819824,-0.010584235191345215,0.0002791285514831543,0.0004105567932128906,1.0,1.0,0.0002791285514831543,0.0004105567932128906,0.0004105567932128906,0.0,1.0,0.005,0.4968475103378296,0.77886962890625,0.992158128792941,0.0031626949998904506,14.624875351356915,1e-06,34.967875957489014,56.916015625,56.57050275802612,92.96024680137634,True,PASS,
172,v6b_GT_C_007_04228_containment_orbit_left_44_seed43228,L0_camera_r4,calibrated_winner_detached_log,49,349.5545349121094,0.34955453872680664,mid,1.0,-0.012360632419586182,-0.01055365800857544,-0.01591787970284453,-0.013000757974302515,-0.013000757974302515,0.0,WINNER_IMPROVES,0.782721757888794,0.8170607686042786,0.03433901071548462,0.770484209060669,0.8064785599708557,0.03599435091018677,0.7703611254692078,0.8065071105957031,0.03614598512649536,0.012237548828125,0.012360632419586182,-0.010582208633422852,-0.01055365800857544,0.0016553401947021484,0.0018069744110107422,1.0,1.0,0.0016553401947021484,0.0018069744110107422,0.0018069744110107422,0.0,1.0,0.005,0.061006952077150345,0.7708685398101807,0.4169366854745877,0.0029995097416183527,14.625007847890055,1e-06,34.967875957489014,56.896484375,56.57050275802612,93.16729974746704,True,PASS,
173,v10_TypeM_071_01038_drop_orbit_left_72_seed40038_foreground_identity_color_shift,L0_camera_r4,calibrated_winner_detached_log,49,349.5545349121094,0.34955453872680664,mid,1.0,-0.011732101440429688,-0.011666178703308105,-0.016070790689817413,-0.015844360576282343,-0.015844360576282343,0.0,WINNER_IMPROVES,0.7359081506729126,0.7421469688415527,0.006238818168640137,0.724319338798523,0.7305091023445129,0.00618976354598999,0.7241760492324829,0.7304807901382446,0.006304740905761719,0.011588811874389648,0.011732101440429688,-0.011637866497039795,-0.011666178703308105,-4.9054622650146484e-05,6.592273712158203e-05,1.0,1.0,-4.9054622650146484e-05,6.592273712158203e-05,6.592273712158203e-05,0.0,1.0,0.005,0.5940490365028381,0.7272142767906189,1.3546908947701117,0.003112449327846077,14.625146183347214,1e-06,34.96790647506714,56.916015625,56.57050275802612,93.09323358535767,True,PASS,
174,v10_TypeM_067_01014_drop_orbit_left_72_seed40014_foreground_identity_color_shift,L0_camera_r4,calibrated_winner_detached_log,49,349.5545349121094,0.34955453872680664,mid,1.0,-0.011867642402648926,-0.01144629716873169,-0.01649490926891731,-0.015784967882744288,-0.015784967882744288,0.0,WINNER_IMPROVES,0.7254231572151184,0.7308772802352905,0.005454123020172119,0.7136942148208618,0.719542920589447,0.005848705768585205,0.7135555148124695,0.7194309830665588,0.0058754682540893555,0.011728942394256592,0.011867642402648926,-0.011334359645843506,-0.01144629716873169,0.00039458274841308594,0.00042134523391723633,1.0,1.0,0.00039458274841308594,0.00042134523391723633,0.00042134523391723633,0.0,1.0,0.005,0.36509472131729126,0.715506911277771,1.0473098723952676,0.003117995399025719,14.625285344185794,1e-06,34.96790647506714,56.896484375,56.57050275802612,93.82236099243164,True,PASS,
175,v10_TypeM_039_04214_containment_orbit_left_44_seed43214_foreground_identity_color_shift,L0_camera_r4,calibrated_winner_detached_log,49,349.5545349121094,0.34955453872680664,mid,1.0,-0.011438429355621338,-0.011228859424591064,-0.014634835709180996,-0.01447962794926626,-0.01447962794926626,0.0,WINNER_IMPROVES,0.7873223423957825,0.7811216115951538,-0.006200730800628662,0.776068389415741,0.7700759768486023,-0.005992412567138672,0.7758839130401611,0.7698927521705627,-0.005991160869598389,0.011253952980041504,0.011438429355621338,-0.011045634746551514,-0.011228859424591064,0.00020831823348999023,0.00020956993103027344,1.0,1.0,0.00020831823348999023,0.00020956993103027344,0.00020956993103027344,0.0,1.0,0.005,0.5447848439216614,0.7787308096885681,1.0587644901684183,0.0031529612159726652,14.625426504265231,1e-06,34.967875957489014,56.916015625,56.57050275802612,94.4653971195221,True,PASS,
176,v6b_GT_C_007_04228_containment_orbit_left_44_seed43228,L0_camera_r4,calibrated_winner_detached_log,49,349.5545349121094,0.34955453872680664,mid,1.0,-0.012745380401611328,-0.011020779609680176,-0.016417442927517796,-0.013580116690083067,-0.013580116690083067,0.0,WINNER_IMPROVES,0.782721757888794,0.8170607686042786,0.03433901071548462,0.7700627446174622,0.8060709834098816,0.036008238792419434,0.7699763774871826,0.8060399889945984,0.03606361150741577,0.012659013271331787,0.012745380401611328,-0.010989785194396973,-0.011020779609680176,0.0016692280769348145,0.0017246007919311523,1.0,1.0,0.0016692280769348145,0.0017246007919311523,0.0017246007919311523,0.0,1.0,0.005,0.06434478610754013,0.7704755663871765,0.42900774376788164,0.0029936469261335735,14.625561411915784,1e-06,34.967875957489014,56.896484375,56.57050275802612,92.46920967102051,True,PASS,
177,v10_TypeM_071_01038_drop_orbit_left_72_seed40038_foreground_identity_color_shift,L0_camera_r4,calibrated_winner_detached_log,49,349.5545349121094,0.34955453872680664,mid,1.0,-0.012483477592468262,-0.012089133262634277,-0.017108889383127882,-0.01642353672117869,-0.01642353672117869,0.0,WINNER_IMPROVES,0.7359081506729126,0.7421469688415527,0.006238818168640137,0.7236806154251099,0.7300205230712891,0.006339907646179199,0.7234246730804443,0.7300578355789185,0.006633162498474121,0.012227535247802734,0.012483477592468262,-0.012126445770263672,-0.012089133262634277,0.0001010894775390625,0.0003943443298339844,1.0,1.0,0.0001010894775390625,0.0003943443298339844,0.0003943443298339844,0.0,1.0,0.005,0.5876287817955017,0.7266607880592346,1.3648546040927925,0.003108063017344495,14.625701961389383,1e-06,34.96790647506714,56.916015625,56.57050275802612,92.79949879646301,True,PASS,
178,v10_TypeM_067_01014_drop_orbit_left_72_seed40014_foreground_identity_color_shift,L0_camera_r4,calibrated_winner_detached_log,49,349.5545349121094,0.34955453872680664,mid,1.0,-0.012307822704315186,-0.011850714683532715,-0.017111982659982858,-0.016347261181176496,-0.016347261181176496,0.0,WINNER_IMPROVES,0.7254231572151184,0.7308772802352905,0.005454123020172119,0.7132453918457031,0.7191125750541687,0.005867183208465576,0.7131153345108032,0.7190265655517578,0.00591123104095459,0.012177765369415283,0.012307822704315186,-0.011764705181121826,-0.011850714683532715,0.00041306018829345703,0.0004571080207824707,1.0,1.0,0.00041306018829345703,0.0004571080207824707,0.0004571080207824707,0.0,1.0,0.005,0.42550763487815857,0.7154009938240051,1.1574951726571798,0.003142916969925996,14.625844775845644,1e-06,34.96790647506714,56.896484375,56.57050275802612,91.81243777275085,True,PASS,
179,v10_TypeM_039_04214_containment_orbit_left_44_seed43214_foreground_identity_color_shift,L0_camera_r4,calibrated_winner_detached_log,49,349.5545349121094,0.34955453872680664,mid,1.0,-0.011846840381622314,-0.01156759262084961,-0.015161355903286397,-0.01491969928355817,-0.01491969928355817,0.0,WINNER_IMPROVES,0.7873223423957825,0.7811216115951538,-0.006200730800628662,0.7755619287490845,0.7694675922393799,-0.00609433650970459,0.7754755020141602,0.7695540189743042,-0.005921483039855957,0.011760413646697998,0.011846840381622314,-0.011654019355773926,-0.01156759262084961,0.00010639429092407227,0.0002792477607727051,1.0,1.0,0.00010639429092407227,0.0002792477607727051,0.0002792477607727051,0.0,1.0,0.005,0.6368865966796875,0.7786868214607239,1.1687848364755045,0.003204887415299382,14.62599100587889,1e-06,34.967875957489014,56.916015625,56.57050275802612,92.27969074249268,True,PASS,
180,v6b_GT_C_007_04228_containment_orbit_left_44_seed43228,L0_camera_r4,calibrated_winner_detached_log,49,349.5545349121094,0.34955453872680664,mid,1.0,-0.013419568538665771,-0.011498332023620605,-0.01729342234531853,-0.014172759657620137,-0.014172759657620137,0.0,WINNER_IMPROVES,0.782721757888794,0.8170607686042786,0.03433901071548462,0.7694470286369324,0.8056778907775879,0.03623086214065552,0.7693021893501282,0.805562436580658,0.036260247230529785,0.013274729251861572,0.013419568538665771,-0.011382877826690674,-0.011498332023620605,0.0018918514251708984,0.001921236515045166,1.0,1.0,0.0018918514251708984,0.001921236515045166,0.001921236515045166,0.0,1.0,0.005,0.051659755408763885,0.7698249816894531,0.4107925653062815,0.0030328386309750473,14.626130091289067,1e-06,34.967875957489014,56.896484375,56.57050275802612,92.00212669372559,True,PASS,
181,v10_TypeM_071_01038_drop_orbit_left_72_seed40038_foreground_identity_color_shift,L0_camera_r4,calibrated_winner_detached_log,49,349.5545349121094,0.34955453872680664,mid,1.0,-0.012897372245788574,-0.012758731842041016,-0.017681185448552218,-0.017341143242989143,-0.017341143242989143,0.0,WINNER_IMPROVES,0.7359081506729126,0.7421469688415527,0.006238818168640137,0.7232312560081482,0.7294585108757019,0.006227254867553711,0.723010778427124,0.7293882369995117,0.006377458572387695,0.012676894664764404,0.012897372245788574,-0.01268845796585083,-0.012758731842041016,-1.1563301086425781e-05,0.0001386404037475586,1.0,1.0,-1.1563301086425781e-05,0.0001386404037475586,0.0001386404037475586,0.0,1.0,0.005,0.5073563456535339,0.7256423830986023,1.2747374791853952,0.003115820777928915,14.626273576267343,1e-06,34.96790647506714,56.916015625,56.57050275802612,92.85049557685852,True,PASS,
182,v10_TypeM_067_01014_drop_orbit_left_72_seed40014_foreground_identity_color_shift,L0_camera_r4,calibrated_winner_detached_log,49,349.5545349121094,0.34955453872680664,mid,1.0,-0.012858986854553223,-0.012420833110809326,-0.01788517771270186,-0.017140478832042394,-0.017140478832042394,0.0,WINNER_IMPROVES,0.7254231572151184,0.7308772802352905,0.005454123020172119,0.7128638625144958,0.7186731696128845,0.005809307098388672,0.7125641703605652,0.7184564471244812,0.005892276763916016,0.012559294700622559,0.012858986854553223,-0.012204110622406006,-0.012420833110809326,0.00035518407821655273,0.0004381537437438965,1.0,1.0,0.00035518407821655273,0.0004381537437438965,0.0004381537437438965,0.0,1.0,0.005,0.40806683897972107,0.7147617340087891,1.1455991660164042,0.003144552190203853,14.626419032100454,1e-06,34.96790647506714,56.896484375,56.57050275802612,93.58067488670349,True,PASS,
183,v10_TypeM_039_04214_containment_orbit_left_44_seed43214_foreground_identity_color_shift,L0_camera_r4,calibrated_winner_detached_log,49,349.5545349121094,0.34955453872680664,mid,1.0,-0.012393057346343994,-0.012160003185272217,-0.015865967995343747,-0.015689805970101087,-0.015689805970101087,0.0,WINNER_IMPROVES,0.7873223423957825,0.7811216115951538,-0.006200730800628662,0.7750458717346191,0.7690707445144653,-0.005975127220153809,0.7749292850494385,0.7689616084098816,-0.005967676639556885,0.01227647066116333,0.012393057346343994,-0.012050867080688477,-0.012160003185272217,0.00022560358047485352,0.00023305416107177734,1.0,1.0,0.00022560358047485352,0.00023305416107177734,0.00023305416107177734,0.0,1.0,0.005,0.5574310421943665,0.7777895331382751,1.1018929209398534,0.003185457321957715,14.626567014582072,1e-06,34.967875957489014,56.916015625,56.57050275802612,92.12012434005737,True,PASS,
184,v6b_GT_C_007_04228_containment_orbit_left_44_seed43228,L0_camera_r4,calibrated_winner_detached_log,49,349.5545349121094,0.34955453872680664,mid,1.0,-0.013956069946289062,-0.011950910091400146,-0.017991052703934963,-0.014734733779170934,-0.014734733779170934,0.0,WINNER_IMPROVES,0.782721757888794,0.8170607686042786,0.03433901071548462,0.7689105272293091,0.8052206039428711,0.03631007671356201,0.7687656879425049,0.8051098585128784,0.036344170570373535,0.013811230659484863,0.013956069946289062,-0.01184016466140747,-0.011950910091400146,0.0019710659980773926,0.002005159854888916,1.0,1.0,0.0019710659980773926,0.002005159854888916,0.002005159854888916,0.0,1.0,0.005,0.042095836251974106,0.7691837549209595,0.39769832994228443,0.0030101597464550277,14.626707483156865,1e-06,34.967875957489014,56.896484375,56.57050275802612,92.936847448349,True,PASS,
185,v10_TypeM_071_01038_drop_orbit_left_72_seed40038_foreground_identity_color_shift,L0_camera_r4,calibrated_winner_detached_log,49,349.5545349121094,0.34955453872680664,mid,1.0,-0.01337522268295288,-0.013135015964508057,-0.01834232138769728,-0.017857166387073294,-0.017857166387073294,0.0,WINNER_IMPROVES,0.7359081506729126,0.7421469688415527,0.006238818168640137,0.7225381135940552,0.729015052318573,0.006476938724517822,0.7225329279899597,0.7290119528770447,0.006479024887084961,0.013370037078857422,0.01337522268295288,-0.013131916522979736,-0.013135015964508057,0.00023812055587768555,0.00024020671844482422,1.0,1.0,0.00023812055587768555,0.00024020671844482422,0.00024020671844482422,0.0,1.0,0.005,0.5097033381462097,0.7252359390258789,1.2951451083891725,0.003098754049474964,14.626852810166195,1e-06,34.96790647506714,56.916015625,56.57050275802612,91.7768063545227,True,PASS,
186,v10_TypeM_067_01014_drop_orbit_left_72_seed40014_foreground_identity_color_shift,L0_camera_r4,calibrated_winner_detached_log,49,349.5545349121094,0.34955453872680664,mid,1.0,-0.013373970985412598,-0.012789011001586914,-0.018608158644586443,-0.017653066974298873,-0.017653066974298873,0.0,WINNER_IMPROVES,0.7254231572151184,0.7308772802352905,0.005454123020172119,0.7122794985771179,0.7182109355926514,0.005931437015533447,0.7120491862297058,0.7180882692337036,0.006039083003997803,0.013143658638000488,0.013373970985412598,-0.01266634464263916,-0.012789011001586914,0.0004773139953613281,0.0005849599838256836,1.0,1.0,0.0004773139953613281,0.0005849599838256836,0.0005849599838256836,0.0,1.0,0.005,0.387484610080719,0.7142139077186584,1.126772481408275,0.003122903347809803,14.62699979508981,1e-06,34.96790647506714,56.896484375,56.57050275802612,92.54368209838867,True,PASS,
187,v10_TypeM_039_04214_containment_orbit_left_44_seed43214_foreground_identity_color_shift,L0_camera_r4,calibrated_winner_detached_log,49,349.5545349121094,0.34955453872680664,mid,1.0,-0.012917816638946533,-0.012685060501098633,-0.0165433679232804,-0.016372852617664715,-0.016372852617664715,0.0,WINNER_IMPROVES,0.7873223423957825,0.7811216115951538,-0.006200730800628662,0.774395763874054,0.76865154504776,-0.005744218826293945,0.7744045257568359,0.7684365510940552,-0.005967974662780762,0.012926578521728516,0.012917816638946533,-0.012470066547393799,-0.012685060501098633,0.0004565119743347168,0.0002327561378479004,1.0,1.0,0.0004565119743347168,0.0002327561378479004,0.0002327561378479004,0.0,1.0,0.005,0.6844919919967651,0.7781127691268921,1.248290297851532,0.0032065231157587244,14.627151421474267,1e-06,34.967875957489014,56.916015625,56.57050275802612,91.79278826713562,True,PASS,
188,v6b_GT_C_007_04228_containment_orbit_left_44_seed43228,L0_camera_r4,calibrated_winner_detached_log,49,349.5545349121094,0.34955453872680664,mid,1.0,-0.014526426792144775,-0.012450039386749268,-0.018733240511628176,-0.01535487780782829,-0.01535487780782829,0.0,WINNER_IMPROVES,0.782721757888794,0.8170607686042786,0.03433901071548462,0.7684354186058044,0.8047488927841187,0.03631347417831421,0.7681953310966492,0.8046107292175293,0.03641539812088013,0.014286339282989502,0.014526426792144775,-0.012311875820159912,-0.012450039386749268,0.00197446346282959,0.002076387405395508,1.0,1.0,0.00197446346282959,0.002076387405395508,0.002076387405395508,0.0,1.0,0.005,0.03629453480243683,0.7686148285865784,0.3915888720552658,0.003025800062643782,14.627295066177624,1e-06,34.967875957489014,56.896484375,56.57050275802612,91.88721108436584,True,PASS,
189,v10_TypeM_071_01038_drop_orbit_left_72_seed40038_foreground_identity_color_shift,L0_camera_r4,calibrated_winner_detached_log,49,349.5545349121094,0.34955453872680664,mid,1.0,-0.013966679573059082,-0.01382148265838623,-0.019161244748809095,-0.01879924982887542,-0.01879924982887542,0.0,WINNER_IMPROVES,0.7359081506729126,0.7421469688415527,0.006238818168640137,0.7221730947494507,0.7284073829650879,0.006234288215637207,0.7219414710998535,0.7283254861831665,0.006384015083312988,0.013735055923461914,0.013966679573059082,-0.013739585876464844,-0.01382148265838623,-4.5299530029296875e-06,0.00014519691467285156,1.0,1.0,-4.5299530029296875e-06,0.00014519691467285156,0.00014519691467285156,0.0,1.0,0.005,0.5986531972885132,0.7250902056694031,1.435871924643247,0.0031480488564283177,14.627445300125798,1e-06,34.96790647506714,56.916015625,56.57050275802612,93.11125302314758,True,PASS,
190,v10_TypeM_067_01014_drop_orbit_left_72_seed40014_foreground_identity_color_shift,L0_camera_r4,calibrated_winner_detached_log,49,349.5545349121094,0.34955453872680664,mid,1.0,-0.01387476921081543,-0.01334083080291748,-0.019311725787562052,-0.01842181916091758,-0.01842181916091758,0.0,WINNER_IMPROVES,0.7254231572151184,0.7308772802352905,0.005454123020172119,0.7116391658782959,0.7177248001098633,0.006085634231567383,0.711548388004303,0.717536449432373,0.005988061428070068,0.01378399133682251,0.01387476921081543,-0.013152480125427246,-0.01334083080291748,0.0006315112113952637,0.0005339384078979492,1.0,1.0,0.0006315112113952637,0.0005339384078979492,0.0005339384078979492,0.0,1.0,0.005,0.3591376543045044,0.7134727239608765,1.0944490388073325,0.0031549720844415577,14.627596502687448,1e-06,34.96790647506714,56.896484375,56.57050275802612,92.03795981407166,True,PASS,
191,v10_TypeM_039_04214_containment_orbit_left_44_seed43214_foreground_identity_color_shift,L0_camera_r4,calibrated_winner_detached_log,49,349.5545349121094,0.34955453872680664,mid,1.0,-0.01339942216873169,-0.013274788856506348,-0.01716546571059967,-0.01714058647033979,-0.01714058647033979,0.0,WINNER_IMPROVES,0.7873223423957825,0.7811216115951538,-0.006200730800628662,0.7740237712860107,0.7682497501373291,-0.005774021148681641,0.7739229202270508,0.7678468227386475,-0.00607609748840332,0.013298571109771729,0.01339942216873169,-0.012871861457824707,-0.013274788856506348,0.0004267096519470215,0.0001246333122253418,1.0,1.0,0.0004267096519470215,0.0001246333122253418,0.0001246333122253418,0.0,1.0,0.005,0.6336228847503662,0.7772435545921326,1.2141038523362295,0.003223003442012454,14.627751468721442,1e-06,34.967875957489014,56.916015625,56.57050275802612,92.53566002845764,True,PASS,
192,v6b_GT_C_007_04228_containment_orbit_left_44_seed43228,L0_camera_r4,calibrated_winner_detached_log,49,349.5545349121094,0.34955453872680664,mid,1.0,-0.015054881572723389,-0.012971341609954834,-0.01942139442543754,-0.016002981474579108,-0.016002981474579108,0.0,WINNER_IMPROVES,0.782721757888794,0.8170607686042786,0.03433901071548462,0.7679544687271118,0.8042557835578918,0.03630131483078003,0.7676668763160706,0.8040894269943237,0.036422550678253174,0.014767289161682129,0.015054881572723389,-0.012804985046386719,-0.012971341609954834,0.00196230411529541,0.0020835399627685547,1.0,1.0,0.00196230411529541,0.0020835399627685547,0.0020835399627685547,0.0,1.0,0.005,0.034184977412223816,0.7679789066314697,0.3921895386498308,0.0030399670272087077,14.627898450829653,1e-06,34.967875957489014,56.896484375,56.57050275802612,92.5705885887146,True,PASS,
193,v10_TypeM_071_01038_drop_orbit_left_72_seed40038_foreground_identity_color_shift,L0_camera_r4,calibrated_winner_detached_log,49,349.5545349121094,0.34955453872680664,mid,1.0,-0.014353692531585693,-0.014196634292602539,-0.019697460964730115,-0.0193144704100621,-0.0193144704100621,0.0,WINNER_IMPROVES,0.7359081506729126,0.7421469688415527,0.006238818168640137,0.7215516567230225,0.7278070449829102,0.006255388259887695,0.7215544581413269,0.7279503345489502,0.006395876407623291,0.014356493949890137,0.014353692531585693,-0.014339923858642578,-0.014196634292602539,1.6570091247558594e-05,0.0001570582389831543,1.0,1.0,1.6570091247558594e-05,0.0001570582389831543,0.0001570582389831543,0.0,1.0,0.005,0.5549739599227905,0.7243567109107971,1.3951058696056844,0.0031475086495355133,14.628051277863614,1e-06,34.96790647506714,56.916015625,56.57050275802612,92.0990800857544,True,PASS,
194,v10_TypeM_067_01014_drop_orbit_left_72_seed40014_foreground_identity_color_shift,L0_camera_r4,calibrated_winner_detached_log,49,349.5545349121094,0.34955453872680664,mid,1.0,-0.014419913291931152,-0.013755321502685547,-0.020078157160458236,-0.018999644102608855,-0.018999644102608855,0.0,WINNER_IMPROVES,0.7254231572151184,0.7308772802352905,0.005454123020172119,0.7112295627593994,0.717146098613739,0.0059165358543396,0.7110032439231873,0.717121958732605,0.006118714809417725,0.014193594455718994,0.014419913291931152,-0.013731181621551514,-0.013755321502685547,0.00046241283416748047,0.0006645917892456055,1.0,1.0,0.00046241283416748047,0.0006645917892456055,0.0006645917892456055,0.0,1.0,0.005,0.3326350450515747,0.712748110294342,1.060353093558759,0.0031438305819608825,14.62820444212463,1e-06,34.96790647506714,56.896484375,56.57050275802612,92.65621399879456,True,PASS,
195,v10_TypeM_039_04214_containment_orbit_left_44_seed43214_foreground_identity_color_shift,L0_camera_r4,calibrated_winner_detached_log,49,349.5545349121094,0.34955453872680664,mid,1.0,-0.014028429985046387,-0.013585090637207031,-0.017978548698799546,-0.01754478752170241,-0.01754478752170241,0.0,WINNER_IMPROVES,0.7873223423957825,0.7811216115951538,-0.006200730800628662,0.7736423015594482,0.7675932049751282,-0.006049096584320068,0.7732939124107361,0.7675365209579468,-0.005757391452789307,0.013680040836334229,0.014028429985046387,-0.013528406620025635,-0.013585090637207031,0.00015163421630859375,0.00044333934783935547,1.0,1.0,0.00015163421630859375,0.00044333934783935547,0.00044333934783935547,0.0,1.0,0.005,0.6126303672790527,0.7766245007514954,1.2078746463110956,0.003209216247331608,14.628361562847386,1e-06,34.967875957489014,56.916015625,56.57050275802612,92.08697938919067,True,PASS,
196,v6b_GT_C_007_04228_containment_orbit_left_44_seed43228,L0_camera_r4,calibrated_winner_detached_log,49,349.5545349121094,0.34955453872680664,mid,1.0,-0.0155104398727417,-0.013334572315216064,-0.020015002842237693,-0.016454812768742857,-0.016454812768742857,0.0,WINNER_IMPROVES,0.782721757888794,0.8170607686042786,0.03433901071548462,0.7672573924064636,0.8036399483680725,0.03638255596160889,0.7672113180160522,0.8037261962890625,0.036514878273010254,0.015464365482330322,0.0155104398727417,-0.013420820236206055,-0.013334572315216064,0.0020435452461242676,0.0021758675575256348,1.0,1.0,0.0020435452461242676,0.0021758675575256348,0.0021758675575256348,0.0,1.0,0.005,0.03623821213841438,0.7674554586410522,0.40151989144698064,0.0030296382752611575,14.62851048146248,1e-06,34.967875957489014,56.896484375,56.57050275802612,93.06893134117126,True,PASS,
197,v10_TypeM_071_01038_drop_orbit_left_72_seed40038_foreground_identity_color_shift,L0_camera_r4,calibrated_winner_detached_log,49,349.5545349121094,0.34955453872680664,mid,1.0,-0.014995813369750977,-0.014852821826934814,-0.020587770362083244,-0.02021629491872664,-0.02021629491872664,0.0,WINNER_IMPROVES,0.7359081506729126,0.7421469688415527,0.006238818168640137,0.7210139632225037,0.7275018692016602,0.006487905979156494,0.7209123373031616,0.7272941470146179,0.006381809711456299,0.014894187450408936,0.014995813369750977,-0.014645099639892578,-0.014852821826934814,0.0002490878105163574,0.0001429915428161621,1.0,1.0,0.0002490878105163574,0.0001429915428161621,0.0001429915428161621,0.0,1.0,0.005,0.5169920325279236,0.7236060500144958,1.3583587278892635,0.003126044619839314,14.628664893036687,1e-06,34.96790647506714,56.916015625,56.57050275802612,92.2229700088501,True,PASS,
198,v10_TypeM_067_01014_drop_orbit_left_72_seed40014_foreground_identity_color_shift,L0_camera_r4,calibrated_winner_detached_log,49,349.5545349121094,0.34955453872680664,mid,1.0,-0.014989852905273438,-0.014548122882843018,-0.02088007777601361,-0.020105787787644325,-0.020105787787644325,0.0,WINNER_IMPROVES,0.7254231572151184,0.7308772802352905,0.005454123020172119,0.7105781435966492,0.7165778875350952,0.005999743938446045,0.710433304309845,0.7163291573524475,0.005895853042602539,0.014845013618469238,0.014989852905273438,-0.014299392700195312,-0.014548122882843018,0.0005456209182739258,0.0004417300224304199,1.0,1.0,0.0005456209182739258,0.0004417300224304199,0.0004417300224304199,0.0,1.0,0.005,0.42401212453842163,0.7128002643585205,1.232055165174451,0.003169245600633161,14.628821896887505,1e-06,34.96790647506714,56.896484375,56.57050275802612,92.73198437690735,True,PASS,
199,v10_TypeM_039_04214_containment_orbit_left_44_seed43214_foreground_identity_color_shift,L0_camera_r4,calibrated_winner_detached_log,49,349.5545349121094,0.34955453872680664,mid,1.0,-0.01444697380065918,-0.014056563377380371,-0.01851994326091344,-0.018159243753642796,-0.018159243753642796,0.0,WINNER_IMPROVES,0.7873223423957825,0.7811216115951538,-0.006200730800628662,0.7730295062065125,0.7671015858650208,-0.005927920341491699,0.7728753685951233,0.7670650482177734,-0.0058103203773498535,0.01429283618927002,0.01444697380065918,-0.014020025730133057,-0.014056563377380371,0.0002728104591369629,0.0003904104232788086,1.0,1.0,0.0002728104591369629,0.0003904104232788086,0.0003904104232788086,0.0,1.0,0.005,0.6176236271858215,0.7761056423187256,1.228908947980824,0.003235428933655243,14.628982942615938,1e-06,34.967875957489014,56.916015625,56.57050275802612,93.02886891365051,True,PASS,
