subset_name,row_idx,pair_id,pair_source,pair_type,failure_type,reward_margin,medium_hard,affected_region_available,affected_time_span_available,local_mask_ratio,sigma,timestep,actual_sigma_bin,requested_sigma_bin,energy_backend,status,error_reason
all500,0,v6b_GT_C_001_01014_drop_orbit_left_72_seed40014,other,GT_C,event_extra_objects,0.202092,True,False,False,,,,unknown,unknown,lingbot_pending,MISSING_REAL_ENERGY,No real energy fields found; rerun with LingBot energy backend.
all500,1,v6b_GT_C_002_03410_roll_orbit_right_60_seed42410,other,GT_C,event_missing_or_fragments,0.200478,True,False,False,,,,unknown,unknown,lingbot_pending,MISSING_REAL_ENERGY,No real energy fields found; rerun with LingBot energy backend.
all500,2,v6b_GT_C_003_03418_roll_orbit_right_60_seed42418,other,GT_C,physical_event_fragments,0.162431,True,False,False,,,,unknown,unknown,lingbot_pending,MISSING_REAL_ENERGY,No real energy fields found; rerun with LingBot energy backend.
all500,3,v6b_GT_C_004_04204_containment_orbit_left_44_seed43204,other,GT_C,containment_failure,0.171237,True,False,False,,,,unknown,unknown,lingbot_pending,MISSING_REAL_ENERGY,No real energy fields found; rerun with LingBot energy backend.
all500,4,v6b_GT_C_005_04209_containment_orbit_left_44_seed43209,other,GT_C,containment_failure,0.264709,True,False,False,,,,unknown,unknown,lingbot_pending,MISSING_REAL_ENERGY,No real energy fields found; rerun with LingBot energy backend.
all500,5,v6b_GT_C_006_04214_containment_orbit_left_44_seed43214,other,GT_C,foreground_identity_event,0.199205,True,False,False,,,,unknown,unknown,lingbot_pending,MISSING_REAL_ENERGY,No real energy fields found; rerun with LingBot energy backend.
all500,6,v6b_GT_C_007_04228_containment_orbit_left_44_seed43228,other,GT_C,containment_failure,0.35277,True,False,False,,,,unknown,unknown,lingbot_pending,MISSING_REAL_ENERGY,No real energy fields found; rerun with LingBot energy backend.
all500,7,v6b_GT_C_008_01029_drop_orbit_left_72_seed40029,other,GT_C,foreground_identity_extra_objects,0.196952,True,False,False,,,,unknown,unknown,lingbot_pending,MISSING_REAL_ENERGY,No real energy fields found; rerun with LingBot energy backend.
all500,8,v6b_GT_C_009_01032_drop_orbit_left_72_seed40032,other,GT_C,foreground_identity_extra_objects,0.171587,True,False,False,,,,unknown,unknown,lingbot_pending,MISSING_REAL_ENERGY,No real energy fields found; rerun with LingBot energy backend.
all500,9,v6b_GT_C_011_02276_collision_orbit_right_64_seed41276,other,GT_C,collision_event_failure,0.151854,True,False,False,,,,unknown,unknown,lingbot_pending,MISSING_REAL_ENERGY,No real energy fields found; rerun with LingBot energy backend.
all500,10,v6b_GT_C_012_02284_collision_orbit_right_64_seed41284,other,GT_C,collision_extra_objects,0.216568,True,False,False,,,,unknown,unknown,lingbot_pending,MISSING_REAL_ENERGY,No real energy fields found; rerun with LingBot energy backend.
all500,11,v6b_GT_C_013_03435_roll_orbit_right_60_seed42435,other,GT_C,roll_identity_event,0.167279,True,False,False,,,,unknown,unknown,lingbot_pending,MISSING_REAL_ENERGY,No real energy fields found; rerun with LingBot energy backend.
all500,12,v6b_GT_C_014_03437_roll_orbit_right_60_seed42437,other,GT_C,roll_identity_event,0.141602,True,False,False,,,,unknown,unknown,lingbot_pending,MISSING_REAL_ENERGY,No real energy fields found; rerun with LingBot energy backend.
all500,13,v6b_GT_C_015_04248_containment_orbit_left_44_seed43248,other,GT_C,containment_extra_objects,0.183348,True,False,False,,,,unknown,unknown,lingbot_pending,MISSING_REAL_ENERGY,No real energy fields found; rerun with LingBot energy backend.
all500,14,v6b_GT_C_016_04249_containment_orbit_left_44_seed43249,other,GT_C,containment_extra_objects,0.206794,True,False,False,,,,unknown,unknown,lingbot_pending,MISSING_REAL_ENERGY,No real energy fields found; rerun with LingBot energy backend.
all500,15,v11_SYN_0017_02215_collision_strafe_left_180_seed41215_background_drift_visible,synthetic_controlled,TypeM_v11_synthetic_visible,background_drift_visible,0.12,True,True,True,,,,unknown,unknown,lingbot_pending,MISSING_REAL_ENERGY,No real energy fields found; rerun with LingBot energy backend.
all500,16,v11_SYN_0013_02215_collision_strafe_left_180_seed41215_collision_response_failure_synthetic,synthetic_controlled,TypeM_v11_synthetic_visible,collision_response_failure_synthetic,0.12,True,True,True,,,,unknown,unknown,lingbot_pending,MISSING_REAL_ENERGY,No real energy fields found; rerun with LingBot energy backend.
all500,17,v11_SYN_0223_04209_containment_orbit_left_44_seed43209_containment_failure_synthetic,synthetic_controlled,TypeM_v11_synthetic_visible,containment_failure_synthetic,0.132139,True,True,True,,,,unknown,unknown,lingbot_pending,MISSING_REAL_ENERGY,No real energy fields found; rerun with LingBot energy backend.
all500,18,v11_SYN_0379_01002_drop_orbit_left_72_seed40002_drop_motion_failure_synthetic,synthetic_controlled,TypeM_v11_synthetic_visible,drop_motion_failure_synthetic,0.12,True,True,True,,,,unknown,unknown,lingbot_pending,MISSING_REAL_ENERGY,No real energy fields found; rerun with LingBot energy backend.
all500,19,v10_TypeM_067_01014_drop_orbit_left_72_seed40014_foreground_identity_color_shift,synthetic_controlled,TypeM_v10_synthetic_visible,foreground_identity_color_shift,0.40997,True,True,True,,,,unknown,unknown,lingbot_pending,MISSING_REAL_ENERGY,No real energy fields found; rerun with LingBot energy backend.
all500,20,v10_TypeM_066_01013_drop_orbit_left_72_seed40013_local_patch_drift,synthetic_controlled,TypeM_v10_synthetic_visible,local_patch_drift,0.251452,True,True,True,,,,unknown,unknown,lingbot_pending,MISSING_REAL_ENERGY,No real energy fields found; rerun with LingBot energy backend.
all500,21,v10_TypeM_065_01008_drop_orbit_left_72_seed40008_local_patch_freeze,synthetic_controlled,TypeM_v10_synthetic_visible,local_patch_freeze,0.187438,True,True,True,,,,unknown,unknown,lingbot_pending,MISSING_REAL_ENERGY,No real energy fields found; rerun with LingBot energy backend.
all500,22,v11_SYN_0387_01008_drop_orbit_left_72_seed40008_local_scene_patch_drift,synthetic_controlled,TypeM_v11_synthetic_visible,local_scene_patch_drift,0.12,True,True,True,,,,unknown,unknown,lingbot_pending,MISSING_REAL_ENERGY,No real energy fields found; rerun with LingBot energy backend.
all500,23,v10_TypeM_064_01002_drop_orbit_left_72_seed40002_local_temporal_jump,synthetic_controlled,TypeM_v10_synthetic_visible,local_temporal_jump,0.28365,True,True,True,,,,unknown,unknown,lingbot_pending,MISSING_REAL_ENERGY,No real energy fields found; rerun with LingBot energy backend.
all500,24,v11_SYN_0038_02239_collision_strafe_left_180_seed41239_object_deformation_visible,synthetic_controlled,TypeM_v11_synthetic_visible,object_deformation_visible,0.12,True,True,True,,,,unknown,unknown,lingbot_pending,MISSING_REAL_ENERGY,No real energy fields found; rerun with LingBot energy backend.
all500,25,v11_SYN_0386_01008_drop_orbit_left_72_seed40008_object_duplicate_or_fragment,synthetic_controlled,TypeM_v11_synthetic_visible,object_duplicate_or_fragment,0.12,True,True,True,,,,unknown,unknown,lingbot_pending,MISSING_REAL_ENERGY,No real energy fields found; rerun with LingBot energy backend.
all500,26,v11_SYN_0382_01002_drop_orbit_left_72_seed40002_object_identity_color_shift,synthetic_controlled,TypeM_v11_synthetic_visible,object_identity_color_shift,0.167472,True,True,True,,,,unknown,unknown,lingbot_pending,MISSING_REAL_ENERGY,No real energy fields found; rerun with LingBot energy backend.
all500,27,v11_SYN_0389_01008_drop_orbit_left_72_seed40008_partial_freeze_foreground,synthetic_controlled,TypeM_v11_synthetic_visible,partial_freeze_foreground,0.149866,True,True,True,,,,unknown,unknown,lingbot_pending,MISSING_REAL_ENERGY,No real energy fields found; rerun with LingBot energy backend.
all500,28,v11_SYN_0224_04209_containment_orbit_left_44_seed43209_reobserve_mismatch_visible,synthetic_controlled,TypeM_v11_synthetic_visible,reobserve_mismatch_visible,0.130379,True,True,True,,,,unknown,unknown,lingbot_pending,MISSING_REAL_ENERGY,No real energy fields found; rerun with LingBot energy backend.
all500,29,v11_SYN_0487_03410_roll_orbit_right_60_seed42410_roll_event_fragment_synthetic,synthetic_controlled,TypeM_v11_synthetic_visible,roll_event_fragment_synthetic,0.133833,True,True,True,,,,unknown,unknown,lingbot_pending,MISSING_REAL_ENERGY,No real energy fields found; rerun with LingBot energy backend.
all500,30,v11_SYN_0384_01002_drop_orbit_left_72_seed40002_wrong_camera_motion_visible,synthetic_controlled,TypeM_v11_synthetic_visible,wrong_camera_motion_visible,0.12,True,True,True,,,,unknown,unknown,lingbot_pending,MISSING_REAL_ENERGY,No real energy fields found; rerun with LingBot energy backend.
all500,31,v11_SYN_0035_02228_collision_orbit_right_64_seed41228_background_drift_visible,synthetic_controlled,TypeM_v11_synthetic_visible,background_drift_visible,0.12,True,True,True,,,,unknown,unknown,lingbot_pending,MISSING_REAL_ENERGY,No real energy fields found; rerun with LingBot energy backend.
all500,32,v11_SYN_EXTRA_0009_02215_collision_strafe_left_180_seed41215_collision_response_failure_synthetic,synthetic_controlled,TypeM_v11_synthetic_visible,collision_response_failure_synthetic,0.169114,True,True,True,,,,unknown,unknown,lingbot_pending,MISSING_REAL_ENERGY,No real energy fields found; rerun with LingBot energy backend.
all500,33,v11_SYN_EXTRA_0149_04209_containment_orbit_left_44_seed43209_containment_failure_synthetic,synthetic_controlled,TypeM_v11_synthetic_visible,containment_failure_synthetic,0.12,True,True,True,,,,unknown,unknown,lingbot_pending,MISSING_REAL_ENERGY,No real energy fields found; rerun with LingBot energy backend.
all500,34,v11_SYN_0385_01008_drop_orbit_left_72_seed40008_drop_motion_failure_synthetic,synthetic_controlled,TypeM_v11_synthetic_visible,drop_motion_failure_synthetic,0.174053,True,True,True,,,,unknown,unknown,lingbot_pending,MISSING_REAL_ENERGY,No real energy fields found; rerun with LingBot energy backend.
all500,35,v10_TypeM_071_01038_drop_orbit_left_72_seed40038_foreground_identity_color_shift,synthetic_controlled,TypeM_v10_synthetic_visible,foreground_identity_color_shift,0.42,True,True,True,,,,unknown,unknown,lingbot_pending,MISSING_REAL_ENERGY,No real energy fields found; rerun with LingBot energy backend.
all500,36,v10_TypeM_070_01032_drop_orbit_left_72_seed40032_local_patch_drift,synthetic_controlled,TypeM_v10_synthetic_visible,local_patch_drift,0.12,True,True,True,,,,unknown,unknown,lingbot_pending,MISSING_REAL_ENERGY,No real energy fields found; rerun with LingBot energy backend.
all500,37,v10_TypeM_069_01029_drop_orbit_left_72_seed40029_local_patch_freeze,synthetic_controlled,TypeM_v10_synthetic_visible,local_patch_freeze,0.213597,True,True,True,,,,unknown,unknown,lingbot_pending,MISSING_REAL_ENERGY,No real energy fields found; rerun with LingBot energy backend.
all500,38,v11_SYN_0393_01013_drop_orbit_left_72_seed40013_local_scene_patch_drift,synthetic_controlled,TypeM_v11_synthetic_visible,local_scene_patch_drift,0.15587,True,True,True,,,,unknown,unknown,lingbot_pending,MISSING_REAL_ENERGY,No real energy fields found; rerun with LingBot energy backend.
all500,39,v10_TypeM_072_01039_drop_orbit_left_72_seed40039_local_temporal_jump,synthetic_controlled,TypeM_v10_synthetic_visible,local_temporal_jump,0.321412,True,True,True,,,,unknown,unknown,lingbot_pending,MISSING_REAL_ENERGY,No real energy fields found; rerun with LingBot energy backend.
all500,40,v11_SYN_0056_02276_collision_orbit_right_64_seed41276_object_deformation_visible,synthetic_controlled,TypeM_v11_synthetic_visible,object_deformation_visible,0.12,True,True,True,,,,unknown,unknown,lingbot_pending,MISSING_REAL_ENERGY,No real energy fields found; rerun with LingBot energy backend.
all500,41,v11_SYN_0398_01014_drop_orbit_left_72_seed40014_object_duplicate_or_fragment,synthetic_controlled,TypeM_v11_synthetic_visible,object_duplicate_or_fragment,0.12,True,True,True,,,,unknown,unknown,lingbot_pending,MISSING_REAL_ENERGY,No real energy fields found; rerun with LingBot energy backend.
all500,42,v11_SYN_0388_01008_drop_orbit_left_72_seed40008_object_identity_color_shift,synthetic_controlled,TypeM_v11_synthetic_visible,object_identity_color_shift,0.201272,True,True,True,,,,unknown,unknown,lingbot_pending,MISSING_REAL_ENERGY,No real energy fields found; rerun with LingBot energy backend.
all500,43,v11_SYN_0395_01013_drop_orbit_left_72_seed40013_partial_freeze_foreground,synthetic_controlled,TypeM_v11_synthetic_visible,partial_freeze_foreground,0.196327,True,True,True,,,,unknown,unknown,lingbot_pending,MISSING_REAL_ENERGY,No real energy fields found; rerun with LingBot energy backend.
all500,44,v11_SYN_0230_04214_containment_orbit_left_44_seed43214_reobserve_mismatch_visible,synthetic_controlled,TypeM_v11_synthetic_visible,reobserve_mismatch_visible,0.222691,True,True,True,,,,unknown,unknown,lingbot_pending,MISSING_REAL_ENERGY,No real energy fields found; rerun with LingBot energy backend.
all500,45,v11_SYN_0493_03413_roll_orbit_right_60_seed42413_roll_event_fragment_synthetic,synthetic_controlled,TypeM_v11_synthetic_visible,roll_event_fragment_synthetic,0.12,True,True,True,,,,unknown,unknown,lingbot_pending,MISSING_REAL_ENERGY,No real energy fields found; rerun with LingBot energy backend.
all500,46,v11_SYN_0041_02239_collision_strafe_left_180_seed41239_background_drift_visible,synthetic_controlled,TypeM_v11_synthetic_visible,background_drift_visible,0.12,True,True,True,,,,unknown,unknown,lingbot_pending,MISSING_REAL_ENERGY,No real energy fields found; rerun with LingBot energy backend.
all500,47,v11_SYN_0031_02228_collision_orbit_right_64_seed41228_collision_response_failure_synthetic,synthetic_controlled,TypeM_v11_synthetic_visible,collision_response_failure_synthetic,0.12,True,True,True,,,,unknown,unknown,lingbot_pending,MISSING_REAL_ENERGY,No real energy fields found; rerun with LingBot energy backend.
all500,48,v11_SYN_EXTRA_0153_04214_containment_orbit_left_44_seed43214_containment_failure_synthetic,synthetic_controlled,TypeM_v11_synthetic_visible,containment_failure_synthetic,0.237937,True,True,True,,,,unknown,unknown,lingbot_pending,MISSING_REAL_ENERGY,No real energy fields found; rerun with LingBot energy backend.
all500,49,v11_SYN_0391_01013_drop_orbit_left_72_seed40013_drop_motion_failure_synthetic,synthetic_controlled,TypeM_v11_synthetic_visible,drop_motion_failure_synthetic,0.173788,True,True,True,,,,unknown,unknown,lingbot_pending,MISSING_REAL_ENERGY,No real energy fields found; rerun with LingBot energy backend.
all500,50,v10_TypeM_075_01079_drop_orbit_left_72_seed40079_foreground_identity_color_shift,synthetic_controlled,TypeM_v10_synthetic_visible,foreground_identity_color_shift,0.291791,True,True,True,,,,unknown,unknown,lingbot_pending,MISSING_REAL_ENERGY,No real energy fields found; rerun with LingBot energy backend.
all500,51,v10_TypeM_074_01060_drop_orbit_left_72_seed40060_local_patch_drift,synthetic_controlled,TypeM_v10_synthetic_visible,local_patch_drift,0.337693,True,True,True,,,,unknown,unknown,lingbot_pending,MISSING_REAL_ENERGY,No real energy fields found; rerun with LingBot energy backend.
all500,52,v10_TypeM_073_01047_drop_orbit_left_72_seed40047_local_patch_freeze,synthetic_controlled,TypeM_v10_synthetic_visible,local_patch_freeze,0.213947,True,True,True,,,,unknown,unknown,lingbot_pending,MISSING_REAL_ENERGY,No real energy fields found; rerun with LingBot energy backend.
all500,53,v11_SYN_0399_01014_drop_orbit_left_72_seed40014_local_scene_patch_drift,synthetic_controlled,TypeM_v11_synthetic_visible,local_scene_patch_drift,0.150437,True,True,True,,,,unknown,unknown,lingbot_pending,MISSING_REAL_ENERGY,No real energy fields found; rerun with LingBot energy backend.
all500,54,v10_TypeM_076_01086_drop_orbit_left_72_seed40086_local_temporal_jump,synthetic_controlled,TypeM_v10_synthetic_visible,local_temporal_jump,0.131628,True,True,True,,,,unknown,unknown,lingbot_pending,MISSING_REAL_ENERGY,No real energy fields found; rerun with LingBot energy backend.
all500,55,v11_SYN_EXTRA_0070_02353_collision_strafe_left_180_seed41353_object_deformation_visible,synthetic_controlled,TypeM_v11_synthetic_visible,object_deformation_visible,0.12,True,True,True,,,,unknown,unknown,lingbot_pending,MISSING_REAL_ENERGY,No real energy fields found; rerun with LingBot energy backend.
all500,56,v11_SYN_0404_01026_drop_orbit_left_72_seed40026_object_duplicate_or_fragment,synthetic_controlled,TypeM_v11_synthetic_visible,object_duplicate_or_fragment,0.12,True,True,True,,,,unknown,unknown,lingbot_pending,MISSING_REAL_ENERGY,No real energy fields found; rerun with LingBot energy backend.
all500,57,v11_SYN_0394_01013_drop_orbit_left_72_seed40013_object_identity_color_shift,synthetic_controlled,TypeM_v11_synthetic_visible,object_identity_color_shift,0.13782,True,True,True,,,,unknown,unknown,lingbot_pending,MISSING_REAL_ENERGY,No real energy fields found; rerun with LingBot energy backend.
all500,58,v11_SYN_0401_01014_drop_orbit_left_72_seed40014_partial_freeze_foreground,synthetic_controlled,TypeM_v11_synthetic_visible,partial_freeze_foreground,0.12,True,True,True,,,,unknown,unknown,lingbot_pending,MISSING_REAL_ENERGY,No real energy fields found; rerun with LingBot energy backend.
all500,59,v11_SYN_EXTRA_0154_04214_containment_orbit_left_44_seed43214_reobserve_mismatch_visible,synthetic_controlled,TypeM_v11_synthetic_visible,reobserve_mismatch_visible,0.142422,True,True,True,,,,unknown,unknown,lingbot_pending,MISSING_REAL_ENERGY,No real energy fields found; rerun with LingBot energy backend.
all500,60,v11_SYN_0499_03418_roll_orbit_right_60_seed42418_roll_event_fragment_synthetic,synthetic_controlled,TypeM_v11_synthetic_visible,roll_event_fragment_synthetic,0.12,True,True,True,,,,unknown,unknown,lingbot_pending,MISSING_REAL_ENERGY,No real energy fields found; rerun with LingBot energy backend.
all500,61,v11_SYN_0396_01013_drop_orbit_left_72_seed40013_wrong_camera_motion_visible,synthetic_controlled,TypeM_v11_synthetic_visible,wrong_camera_motion_visible,0.12,True,True,True,,,,unknown,unknown,lingbot_pending,MISSING_REAL_ENERGY,No real energy fields found; rerun with LingBot energy backend.
all500,62,v11_SYN_0047_02259_collision_strafe_left_180_seed41259_background_drift_visible,synthetic_controlled,TypeM_v11_synthetic_visible,background_drift_visible,0.12,True,True,True,,,,unknown,unknown,lingbot_pending,MISSING_REAL_ENERGY,No real energy fields found; rerun with LingBot energy backend.
all500,63,v11_SYN_EXTRA_0021_02228_collision_orbit_right_64_seed41228_collision_response_failure_synthetic,synthetic_controlled,TypeM_v11_synthetic_visible,collision_response_failure_synthetic,0.12,True,True,True,,,,unknown,unknown,lingbot_pending,MISSING_REAL_ENERGY,No real energy fields found; rerun with LingBot energy backend.
all500,64,v11_SYN_0235_04228_containment_orbit_left_44_seed43228_containment_failure_synthetic,synthetic_controlled,TypeM_v11_synthetic_visible,containment_failure_synthetic,0.12,True,True,True,,,,unknown,unknown,lingbot_pending,MISSING_REAL_ENERGY,No real energy fields found; rerun with LingBot energy backend.
all500,65,v11_SYN_0397_01014_drop_orbit_left_72_seed40014_drop_motion_failure_synthetic,synthetic_controlled,TypeM_v11_synthetic_visible,drop_motion_failure_synthetic,0.163137,True,True,True,,,,unknown,unknown,lingbot_pending,MISSING_REAL_ENERGY,No real energy fields found; rerun with LingBot energy backend.
all500,66,v10_TypeM_079_01108_drop_orbit_left_72_seed40108_foreground_identity_color_shift,synthetic_controlled,TypeM_v10_synthetic_visible,foreground_identity_color_shift,0.392047,True,True,True,,,,unknown,unknown,lingbot_pending,MISSING_REAL_ENERGY,No real energy fields found; rerun with LingBot energy backend.
all500,67,v10_TypeM_078_01102_drop_orbit_left_72_seed40102_local_patch_drift,synthetic_controlled,TypeM_v10_synthetic_visible,local_patch_drift,0.207982,True,True,True,,,,unknown,unknown,lingbot_pending,MISSING_REAL_ENERGY,No real energy fields found; rerun with LingBot energy backend.
all500,68,v10_TypeM_077_01101_drop_orbit_left_72_seed40101_local_patch_freeze,synthetic_controlled,TypeM_v10_synthetic_visible,local_patch_freeze,0.238745,True,True,True,,,,unknown,unknown,lingbot_pending,MISSING_REAL_ENERGY,No real energy fields found; rerun with LingBot energy backend.
all500,69,v11_SYN_0417_01032_drop_orbit_left_72_seed40032_local_scene_patch_drift,synthetic_controlled,TypeM_v11_synthetic_visible,local_scene_patch_drift,0.12,True,True,True,,,,unknown,unknown,lingbot_pending,MISSING_REAL_ENERGY,No real energy fields found; rerun with LingBot energy backend.
all500,70,v10_TypeM_004_02222_collision_orbit_right_64_seed41222_local_temporal_jump,synthetic_controlled,TypeM_v10_synthetic_visible,local_temporal_jump,0.152616,True,True,True,,,,unknown,unknown,lingbot_pending,MISSING_REAL_ENERGY,No real energy fields found; rerun with LingBot energy backend.
all500,71,v11_SYN_EXTRA_0082_02378_collision_orbit_right_64_seed41378_object_deformation_visible,synthetic_controlled,TypeM_v11_synthetic_visible,object_deformation_visible,0.12,True,True,True,,,,unknown,unknown,lingbot_pending,MISSING_REAL_ENERGY,No real energy fields found; rerun with LingBot energy backend.
all500,72,v11_SYN_0428_01039_drop_orbit_left_72_seed40039_object_duplicate_or_fragment,synthetic_controlled,TypeM_v11_synthetic_visible,object_duplicate_or_fragment,0.12,True,True,True,,,,unknown,unknown,lingbot_pending,MISSING_REAL_ENERGY,No real energy fields found; rerun with LingBot energy backend.
all500,73,v11_SYN_0400_01014_drop_orbit_left_72_seed40014_object_identity_color_shift,synthetic_controlled,TypeM_v11_synthetic_visible,object_identity_color_shift,0.121934,True,True,True,,,,unknown,unknown,lingbot_pending,MISSING_REAL_ENERGY,No real energy fields found; rerun with LingBot energy backend.
all500,74,v11_SYN_0413_01029_drop_orbit_left_72_seed40029_partial_freeze_foreground,synthetic_controlled,TypeM_v11_synthetic_visible,partial_freeze_foreground,0.182919,True,True,True,,,,unknown,unknown,lingbot_pending,MISSING_REAL_ENERGY,No real energy fields found; rerun with LingBot energy backend.
all500,75,v11_SYN_0236_04228_containment_orbit_left_44_seed43228_reobserve_mismatch_visible,synthetic_controlled,TypeM_v11_synthetic_visible,reobserve_mismatch_visible,0.12,True,True,True,,,,unknown,unknown,lingbot_pending,MISSING_REAL_ENERGY,No real energy fields found; rerun with LingBot energy backend.
all500,76,v11_SYN_0505_03435_roll_orbit_right_60_seed42435_roll_event_fragment_synthetic,synthetic_controlled,TypeM_v11_synthetic_visible,roll_event_fragment_synthetic,0.184896,True,True,True,,,,unknown,unknown,lingbot_pending,MISSING_REAL_ENERGY,No real energy fields found; rerun with LingBot energy backend.
all500,77,v11_SYN_0414_01029_drop_orbit_left_72_seed40029_wrong_camera_motion_visible,synthetic_controlled,TypeM_v11_synthetic_visible,wrong_camera_motion_visible,0.128958,True,True,True,,,,unknown,unknown,lingbot_pending,MISSING_REAL_ENERGY,No real energy fields found; rerun with LingBot energy backend.
all500,78,v11_SYN_0053_02262_collision_orbit_right_64_seed41262_background_drift_visible,synthetic_controlled,TypeM_v11_synthetic_visible,background_drift_visible,0.12,True,True,True,,,,unknown,unknown,lingbot_pending,MISSING_REAL_ENERGY,No real energy fields found; rerun with LingBot energy backend.
all500,79,v11_SYN_EXTRA_0025_02239_collision_strafe_left_180_seed41239_collision_response_failure_synthetic,synthetic_controlled,TypeM_v11_synthetic_visible,collision_response_failure_synthetic,0.12,True,True,True,,,,unknown,unknown,lingbot_pending,MISSING_REAL_ENERGY,No real energy fields found; rerun with LingBot energy backend.
all500,80,v11_SYN_EXTRA_0157_04228_containment_orbit_left_44_seed43228_containment_failure_synthetic,synthetic_controlled,TypeM_v11_synthetic_visible,containment_failure_synthetic,0.137285,True,True,True,,,,unknown,unknown,lingbot_pending,MISSING_REAL_ENERGY,No real energy fields found; rerun with LingBot energy backend.
all500,81,v11_SYN_0403_01026_drop_orbit_left_72_seed40026_drop_motion_failure_synthetic,synthetic_controlled,TypeM_v11_synthetic_visible,drop_motion_failure_synthetic,0.224865,True,True,True,,,,unknown,unknown,lingbot_pending,MISSING_REAL_ENERGY,No real energy fields found; rerun with LingBot energy backend.
all500,82,v10_TypeM_003_02215_collision_strafe_left_180_seed41215_foreground_identity_color_shift,synthetic_controlled,TypeM_v10_synthetic_visible,foreground_identity_color_shift,0.176885,True,True,True,,,,unknown,unknown,lingbot_pending,MISSING_REAL_ENERGY,No real energy fields found; rerun with LingBot energy backend.
all500,83,v10_TypeM_002_02202_collision_orbit_right_64_seed41202_local_patch_drift,synthetic_controlled,TypeM_v10_synthetic_visible,local_patch_drift,0.12,True,True,True,,,,unknown,unknown,lingbot_pending,MISSING_REAL_ENERGY,No real energy fields found; rerun with LingBot energy backend.
all500,84,v10_TypeM_005_02226_collision_orbit_right_64_seed41226_local_patch_freeze,synthetic_controlled,TypeM_v10_synthetic_visible,local_patch_freeze,0.185229,True,True,True,,,,unknown,unknown,lingbot_pending,MISSING_REAL_ENERGY,No real energy fields found; rerun with LingBot energy backend.
all500,85,v11_SYN_0423_01038_drop_orbit_left_72_seed40038_local_scene_patch_drift,synthetic_controlled,TypeM_v11_synthetic_visible,local_scene_patch_drift,0.12,True,True,True,,,,unknown,unknown,lingbot_pending,MISSING_REAL_ENERGY,No real energy fields found; rerun with LingBot energy backend.
all500,86,v10_TypeM_016_02327_collision_strafe_left_180_seed41327_local_temporal_jump,synthetic_controlled,TypeM_v10_synthetic_visible,local_temporal_jump,0.173646,True,True,True,,,,unknown,unknown,lingbot_pending,MISSING_REAL_ENERGY,No real energy fields found; rerun with LingBot energy backend.
all500,87,v11_SYN_0537_03465_roll_orbit_right_60_seed42465_object_deformation_visible,synthetic_controlled,TypeM_v11_synthetic_visible,object_deformation_visible,0.12,True,True,True,,,,unknown,unknown,lingbot_pending,MISSING_REAL_ENERGY,No real energy fields found; rerun with LingBot energy backend.
all500,88,v11_SYN_0434_01047_drop_orbit_left_72_seed40047_object_duplicate_or_fragment,synthetic_controlled,TypeM_v11_synthetic_visible,object_duplicate_or_fragment,0.146414,True,True,True,,,,unknown,unknown,lingbot_pending,MISSING_REAL_ENERGY,No real energy fields found; rerun with LingBot energy backend.
all500,89,v11_SYN_0406_01026_drop_orbit_left_72_seed40026_object_identity_color_shift,synthetic_controlled,TypeM_v11_synthetic_visible,object_identity_color_shift,0.262554,True,True,True,,,,unknown,unknown,lingbot_pending,MISSING_REAL_ENERGY,No real energy fields found; rerun with LingBot energy backend.
all500,90,v11_SYN_0419_01032_drop_orbit_left_72_seed40032_partial_freeze_foreground,synthetic_controlled,TypeM_v11_synthetic_visible,partial_freeze_foreground,0.164712,True,True,True,,,,unknown,unknown,lingbot_pending,MISSING_REAL_ENERGY,No real energy fields found; rerun with LingBot energy backend.
all500,91,v11_SYN_EXTRA_0158_04228_containment_orbit_left_44_seed43228_reobserve_mismatch_visible,synthetic_controlled,TypeM_v11_synthetic_visible,reobserve_mismatch_visible,0.12,True,True,True,,,,unknown,unknown,lingbot_pending,MISSING_REAL_ENERGY,No real energy fields found; rerun with LingBot energy backend.
all500,92,v11_SYN_0511_03437_roll_orbit_right_60_seed42437_roll_event_fragment_synthetic,synthetic_controlled,TypeM_v11_synthetic_visible,roll_event_fragment_synthetic,0.186921,True,True,True,,,,unknown,unknown,lingbot_pending,MISSING_REAL_ENERGY,No real energy fields found; rerun with LingBot energy backend.
all500,93,v11_SYN_0420_01032_drop_orbit_left_72_seed40032_wrong_camera_motion_visible,synthetic_controlled,TypeM_v11_synthetic_visible,wrong_camera_motion_visible,0.12,True,True,True,,,,unknown,unknown,lingbot_pending,MISSING_REAL_ENERGY,No real energy fields found; rerun with LingBot energy backend.
all500,94,v11_SYN_0059_02276_collision_orbit_right_64_seed41276_background_drift_visible,synthetic_controlled,TypeM_v11_synthetic_visible,background_drift_visible,0.12,True,True,True,,,,unknown,unknown,lingbot_pending,MISSING_REAL_ENERGY,No real energy fields found; rerun with LingBot energy backend.
all500,95,v11_SYN_0043_02259_collision_strafe_left_180_seed41259_collision_response_failure_synthetic,synthetic_controlled,TypeM_v11_synthetic_visible,collision_response_failure_synthetic,0.12,True,True,True,,,,unknown,unknown,lingbot_pending,MISSING_REAL_ENERGY,No real energy fields found; rerun with LingBot energy backend.
all500,96,v11_SYN_0241_04236_containment_orbit_left_44_seed43236_containment_failure_synthetic,synthetic_controlled,TypeM_v11_synthetic_visible,containment_failure_synthetic,0.12,True,True,True,,,,unknown,unknown,lingbot_pending,MISSING_REAL_ENERGY,No real energy fields found; rerun with LingBot energy backend.
all500,97,v11_SYN_0409_01029_drop_orbit_left_72_seed40029_drop_motion_failure_synthetic,synthetic_controlled,TypeM_v11_synthetic_visible,drop_motion_failure_synthetic,0.124684,True,True,True,,,,unknown,unknown,lingbot_pending,MISSING_REAL_ENERGY,No real energy fields found; rerun with LingBot energy backend.
all500,98,v10_TypeM_007_02239_collision_strafe_left_180_seed41239_foreground_identity_color_shift,synthetic_controlled,TypeM_v10_synthetic_visible,foreground_identity_color_shift,0.266163,True,True,True,,,,unknown,unknown,lingbot_pending,MISSING_REAL_ENERGY,No real energy fields found; rerun with LingBot energy backend.
all500,99,v10_TypeM_006_02228_collision_orbit_right_64_seed41228_local_patch_drift,synthetic_controlled,TypeM_v10_synthetic_visible,local_patch_drift,0.151804,True,True,True,,,,unknown,unknown,lingbot_pending,MISSING_REAL_ENERGY,No real energy fields found; rerun with LingBot energy backend.
all500,100,v10_TypeM_009_02262_collision_orbit_right_64_seed41262_local_patch_freeze,synthetic_controlled,TypeM_v10_synthetic_visible,local_patch_freeze,0.139875,True,True,True,,,,unknown,unknown,lingbot_pending,MISSING_REAL_ENERGY,No real energy fields found; rerun with LingBot energy backend.
all500,101,v11_SYN_0429_01039_drop_orbit_left_72_seed40039_local_scene_patch_drift,synthetic_controlled,TypeM_v11_synthetic_visible,local_scene_patch_drift,0.134472,True,True,True,,,,unknown,unknown,lingbot_pending,MISSING_REAL_ENERGY,No real energy fields found; rerun with LingBot energy backend.
all500,102,v10_TypeM_040_04228_containment_orbit_left_44_seed43228_local_temporal_jump,synthetic_controlled,TypeM_v10_synthetic_visible,local_temporal_jump,0.245147,True,True,True,,,,unknown,unknown,lingbot_pending,MISSING_REAL_ENERGY,No real energy fields found; rerun with LingBot energy backend.
all500,103,v11_SYN_0549_03477_roll_orbit_right_60_seed42477_object_deformation_visible,synthetic_controlled,TypeM_v11_synthetic_visible,object_deformation_visible,0.12,True,True,True,,,,unknown,unknown,lingbot_pending,MISSING_REAL_ENERGY,No real energy fields found; rerun with LingBot energy backend.
all500,104,v11_SYN_0440_01060_drop_orbit_left_72_seed40060_object_duplicate_or_fragment,synthetic_controlled,TypeM_v11_synthetic_visible,object_duplicate_or_fragment,0.12,True,True,True,,,,unknown,unknown,lingbot_pending,MISSING_REAL_ENERGY,No real energy fields found; rerun with LingBot energy backend.
all500,105,v11_SYN_0412_01029_drop_orbit_left_72_seed40029_object_identity_color_shift,synthetic_controlled,TypeM_v11_synthetic_visible,object_identity_color_shift,0.340172,True,True,True,,,,unknown,unknown,lingbot_pending,MISSING_REAL_ENERGY,No real energy fields found; rerun with LingBot energy backend.
all500,106,v11_SYN_0425_01038_drop_orbit_left_72_seed40038_partial_freeze_foreground,synthetic_controlled,TypeM_v11_synthetic_visible,partial_freeze_foreground,0.162689,True,True,True,,,,unknown,unknown,lingbot_pending,MISSING_REAL_ENERGY,No real energy fields found; rerun with LingBot energy backend.
all500,107,v11_SYN_0242_04236_containment_orbit_left_44_seed43236_reobserve_mismatch_visible,synthetic_controlled,TypeM_v11_synthetic_visible,reobserve_mismatch_visible,0.123046,True,True,True,,,,unknown,unknown,lingbot_pending,MISSING_REAL_ENERGY,No real energy fields found; rerun with LingBot energy backend.
all500,108,v11_SYN_0517_03440_roll_orbit_right_60_seed42440_roll_event_fragment_synthetic,synthetic_controlled,TypeM_v11_synthetic_visible,roll_event_fragment_synthetic,0.185482,True,True,True,,,,unknown,unknown,lingbot_pending,MISSING_REAL_ENERGY,No real energy fields found; rerun with LingBot energy backend.
all500,109,v11_SYN_0432_01039_drop_orbit_left_72_seed40039_wrong_camera_motion_visible,synthetic_controlled,TypeM_v11_synthetic_visible,wrong_camera_motion_visible,0.12,True,True,True,,,,unknown,unknown,lingbot_pending,MISSING_REAL_ENERGY,No real energy fields found; rerun with LingBot energy backend.
all500,110,v11_SYN_0065_02284_collision_orbit_right_64_seed41284_background_drift_visible,synthetic_controlled,TypeM_v11_synthetic_visible,background_drift_visible,0.12,True,True,True,,,,unknown,unknown,lingbot_pending,MISSING_REAL_ENERGY,No real energy fields found; rerun with LingBot energy backend.
all500,111,v11_SYN_EXTRA_0029_02259_collision_strafe_left_180_seed41259_collision_response_failure_synthetic,synthetic_controlled,TypeM_v11_synthetic_visible,collision_response_failure_synthetic,0.12,True,True,True,,,,unknown,unknown,lingbot_pending,MISSING_REAL_ENERGY,No real energy fields found; rerun with LingBot energy backend.
all500,112,v11_SYN_EXTRA_0165_04248_containment_orbit_left_44_seed43248_containment_failure_synthetic,synthetic_controlled,TypeM_v11_synthetic_visible,containment_failure_synthetic,0.12,True,True,True,,,,unknown,unknown,lingbot_pending,MISSING_REAL_ENERGY,No real energy fields found; rerun with LingBot energy backend.
all500,113,v11_SYN_0415_01032_drop_orbit_left_72_seed40032_drop_motion_failure_synthetic,synthetic_controlled,TypeM_v11_synthetic_visible,drop_motion_failure_synthetic,0.137709,True,True,True,,,,unknown,unknown,lingbot_pending,MISSING_REAL_ENERGY,No real energy fields found; rerun with LingBot energy backend.
all500,114,v10_TypeM_011_02284_collision_orbit_right_64_seed41284_foreground_identity_color_shift,synthetic_controlled,TypeM_v10_synthetic_visible,foreground_identity_color_shift,0.276501,True,True,True,,,,unknown,unknown,lingbot_pending,MISSING_REAL_ENERGY,No real energy fields found; rerun with LingBot energy backend.
all500,115,v10_TypeM_010_02276_collision_orbit_right_64_seed41276_local_patch_drift,synthetic_controlled,TypeM_v10_synthetic_visible,local_patch_drift,0.12,True,True,True,,,,unknown,unknown,lingbot_pending,MISSING_REAL_ENERGY,No real energy fields found; rerun with LingBot energy backend.
all500,116,v10_TypeM_013_02288_collision_orbit_right_64_seed41288_local_patch_freeze,synthetic_controlled,TypeM_v10_synthetic_visible,local_patch_freeze,0.122334,True,True,True,,,,unknown,unknown,lingbot_pending,MISSING_REAL_ENERGY,No real energy fields found; rerun with LingBot energy backend.
all500,117,v11_SYN_0435_01047_drop_orbit_left_72_seed40047_local_scene_patch_drift,synthetic_controlled,TypeM_v11_synthetic_visible,local_scene_patch_drift,0.212189,True,True,True,,,,unknown,unknown,lingbot_pending,MISSING_REAL_ENERGY,No real energy fields found; rerun with LingBot energy backend.
all500,118,v10_TypeM_044_04252_containment_orbit_left_44_seed43252_local_temporal_jump,synthetic_controlled,TypeM_v10_synthetic_visible,local_temporal_jump,0.170102,True,True,True,,,,unknown,unknown,lingbot_pending,MISSING_REAL_ENERGY,No real energy fields found; rerun with LingBot energy backend.
all500,119,v11_SYN_0579_03533_roll_orbit_right_60_seed42533_object_deformation_visible,synthetic_controlled,TypeM_v11_synthetic_visible,object_deformation_visible,0.12,True,True,True,,,,unknown,unknown,lingbot_pending,MISSING_REAL_ENERGY,No real energy fields found; rerun with LingBot energy backend.
all500,120,v11_SYN_0452_01086_drop_orbit_left_72_seed40086_object_duplicate_or_fragment,synthetic_controlled,TypeM_v11_synthetic_visible,object_duplicate_or_fragment,0.12,True,True,True,,,,unknown,unknown,lingbot_pending,MISSING_REAL_ENERGY,No real energy fields found; rerun with LingBot energy backend.
all500,121,v11_SYN_0418_01032_drop_orbit_left_72_seed40032_object_identity_color_shift,synthetic_controlled,TypeM_v11_synthetic_visible,object_identity_color_shift,0.12,True,True,True,,,,unknown,unknown,lingbot_pending,MISSING_REAL_ENERGY,No real energy fields found; rerun with LingBot energy backend.
all500,122,v11_SYN_0431_01039_drop_orbit_left_72_seed40039_partial_freeze_foreground,synthetic_controlled,TypeM_v11_synthetic_visible,partial_freeze_foreground,0.146666,True,True,True,,,,unknown,unknown,lingbot_pending,MISSING_REAL_ENERGY,No real energy fields found; rerun with LingBot energy backend.
all500,123,v11_SYN_EXTRA_0162_04236_containment_orbit_left_44_seed43236_reobserve_mismatch_visible,synthetic_controlled,TypeM_v11_synthetic_visible,reobserve_mismatch_visible,0.12,True,True,True,,,,unknown,unknown,lingbot_pending,MISSING_REAL_ENERGY,No real energy fields found; rerun with LingBot energy backend.
all500,124,v11_SYN_0529_03453_roll_orbit_right_60_seed42453_roll_event_fragment_synthetic,synthetic_controlled,TypeM_v11_synthetic_visible,roll_event_fragment_synthetic,0.12,True,True,True,,,,unknown,unknown,lingbot_pending,MISSING_REAL_ENERGY,No real energy fields found; rerun with LingBot energy backend.
all500,125,v11_SYN_0438_01047_drop_orbit_left_72_seed40047_wrong_camera_motion_visible,synthetic_controlled,TypeM_v11_synthetic_visible,wrong_camera_motion_visible,0.12,True,True,True,,,,unknown,unknown,lingbot_pending,MISSING_REAL_ENERGY,No real energy fields found; rerun with LingBot energy backend.
all500,126,v11_SYN_0095_02327_collision_strafe_left_180_seed41327_background_drift_visible,synthetic_controlled,TypeM_v11_synthetic_visible,background_drift_visible,0.12,True,True,True,,,,unknown,unknown,lingbot_pending,MISSING_REAL_ENERGY,No real energy fields found; rerun with LingBot energy backend.
all500,127,v11_SYN_0049_02262_collision_orbit_right_64_seed41262_collision_response_failure_synthetic,synthetic_controlled,TypeM_v11_synthetic_visible,collision_response_failure_synthetic,0.12,True,True,True,,,,unknown,unknown,lingbot_pending,MISSING_REAL_ENERGY,No real energy fields found; rerun with LingBot energy backend.
all500,128,v11_SYN_0253_04249_containment_orbit_left_44_seed43249_containment_failure_synthetic,synthetic_controlled,TypeM_v11_synthetic_visible,containment_failure_synthetic,0.123279,True,True,True,,,,unknown,unknown,lingbot_pending,MISSING_REAL_ENERGY,No real energy fields found; rerun with LingBot energy backend.
all500,129,v11_SYN_0421_01038_drop_orbit_left_72_seed40038_drop_motion_failure_synthetic,synthetic_controlled,TypeM_v11_synthetic_visible,drop_motion_failure_synthetic,0.1639,True,True,True,,,,unknown,unknown,lingbot_pending,MISSING_REAL_ENERGY,No real energy fields found; rerun with LingBot energy backend.
all500,130,v10_TypeM_015_02295_collision_strafe_left_180_seed41295_foreground_identity_color_shift,synthetic_controlled,TypeM_v10_synthetic_visible,foreground_identity_color_shift,0.219687,True,True,True,,,,unknown,unknown,lingbot_pending,MISSING_REAL_ENERGY,No real energy fields found; rerun with LingBot energy backend.
all500,131,v10_TypeM_018_02353_collision_strafe_left_180_seed41353_local_patch_drift,synthetic_controlled,TypeM_v10_synthetic_visible,local_patch_drift,0.206966,True,True,True,,,,unknown,unknown,lingbot_pending,MISSING_REAL_ENERGY,No real energy fields found; rerun with LingBot energy backend.
all500,132,v10_TypeM_017_02328_collision_orbit_right_64_seed41328_local_patch_freeze,synthetic_controlled,TypeM_v10_synthetic_visible,local_patch_freeze,0.147857,True,True,True,,,,unknown,unknown,lingbot_pending,MISSING_REAL_ENERGY,No real energy fields found; rerun with LingBot energy backend.
all500,133,v11_SYN_0441_01060_drop_orbit_left_72_seed40060_local_scene_patch_drift,synthetic_controlled,TypeM_v11_synthetic_visible,local_scene_patch_drift,0.185446,True,True,True,,,,unknown,unknown,lingbot_pending,MISSING_REAL_ENERGY,No real energy fields found; rerun with LingBot energy backend.
all500,134,v10_TypeM_048_04280_containment_orbit_left_44_seed43280_local_temporal_jump,synthetic_controlled,TypeM_v10_synthetic_visible,local_temporal_jump,0.202429,True,True,True,,,,unknown,unknown,lingbot_pending,MISSING_REAL_ENERGY,No real energy fields found; rerun with LingBot energy backend.
all500,135,v11_SYN_0585_03536_roll_orbit_right_60_seed42536_object_deformation_visible,synthetic_controlled,TypeM_v11_synthetic_visible,object_deformation_visible,0.12,True,True,True,,,,unknown,unknown,lingbot_pending,MISSING_REAL_ENERGY,No real energy fields found; rerun with LingBot energy backend.
all500,136,v11_SYN_0458_01101_drop_orbit_left_72_seed40101_object_duplicate_or_fragment,synthetic_controlled,TypeM_v11_synthetic_visible,object_duplicate_or_fragment,0.12,True,True,True,,,,unknown,unknown,lingbot_pending,MISSING_REAL_ENERGY,No real energy fields found; rerun with LingBot energy backend.
all500,137,v11_SYN_0424_01038_drop_orbit_left_72_seed40038_object_identity_color_shift,synthetic_controlled,TypeM_v11_synthetic_visible,object_identity_color_shift,0.12,True,True,True,,,,unknown,unknown,lingbot_pending,MISSING_REAL_ENERGY,No real energy fields found; rerun with LingBot energy backend.
all500,138,v11_SYN_0437_01047_drop_orbit_left_72_seed40047_partial_freeze_foreground,synthetic_controlled,TypeM_v11_synthetic_visible,partial_freeze_foreground,0.19879,True,True,True,,,,unknown,unknown,lingbot_pending,MISSING_REAL_ENERGY,No real energy fields found; rerun with LingBot energy backend.
all500,139,v11_SYN_0248_04248_containment_orbit_left_44_seed43248_reobserve_mismatch_visible,synthetic_controlled,TypeM_v11_synthetic_visible,reobserve_mismatch_visible,0.12,True,True,True,,,,unknown,unknown,lingbot_pending,MISSING_REAL_ENERGY,No real energy fields found; rerun with LingBot energy backend.
all500,140,v11_SYN_0535_03465_roll_orbit_right_60_seed42465_roll_event_fragment_synthetic,synthetic_controlled,TypeM_v11_synthetic_visible,roll_event_fragment_synthetic,0.128875,True,True,True,,,,unknown,unknown,lingbot_pending,MISSING_REAL_ENERGY,No real energy fields found; rerun with LingBot energy backend.
all500,141,v11_SYN_0444_01060_drop_orbit_left_72_seed40060_wrong_camera_motion_visible,synthetic_controlled,TypeM_v11_synthetic_visible,wrong_camera_motion_visible,0.13992,True,True,True,,,,unknown,unknown,lingbot_pending,MISSING_REAL_ENERGY,No real energy fields found; rerun with LingBot energy backend.
all500,142,v11_SYN_0101_02328_collision_orbit_right_64_seed41328_background_drift_visible,synthetic_controlled,TypeM_v11_synthetic_visible,background_drift_visible,0.12,True,True,True,,,,unknown,unknown,lingbot_pending,MISSING_REAL_ENERGY,No real energy fields found; rerun with LingBot energy backend.
all500,143,v11_SYN_0055_02276_collision_orbit_right_64_seed41276_collision_response_failure_synthetic,synthetic_controlled,TypeM_v11_synthetic_visible,collision_response_failure_synthetic,0.12,True,True,True,,,,unknown,unknown,lingbot_pending,MISSING_REAL_ENERGY,No real energy fields found; rerun with LingBot energy backend.
all500,144,v11_SYN_EXTRA_0169_04249_containment_orbit_left_44_seed43249_containment_failure_synthetic,synthetic_controlled,TypeM_v11_synthetic_visible,containment_failure_synthetic,0.12,True,True,True,,,,unknown,unknown,lingbot_pending,MISSING_REAL_ENERGY,No real energy fields found; rerun with LingBot energy backend.
all500,145,v11_SYN_0427_01039_drop_orbit_left_72_seed40039_drop_motion_failure_synthetic,synthetic_controlled,TypeM_v11_synthetic_visible,drop_motion_failure_synthetic,0.24963,True,True,True,,,,unknown,unknown,lingbot_pending,MISSING_REAL_ENERGY,No real energy fields found; rerun with LingBot energy backend.
all500,146,v10_TypeM_019_02360_collision_orbit_right_64_seed41360_foreground_identity_color_shift,synthetic_controlled,TypeM_v10_synthetic_visible,foreground_identity_color_shift,0.211237,True,True,True,,,,unknown,unknown,lingbot_pending,MISSING_REAL_ENERGY,No real energy fields found; rerun with LingBot energy backend.
all500,147,v10_TypeM_038_04209_containment_orbit_left_44_seed43209_local_patch_drift,synthetic_controlled,TypeM_v10_synthetic_visible,local_patch_drift,0.137337,True,True,True,,,,unknown,unknown,lingbot_pending,MISSING_REAL_ENERGY,No real energy fields found; rerun with LingBot energy backend.
all500,148,v10_TypeM_037_04204_containment_orbit_left_44_seed43204_local_patch_freeze,synthetic_controlled,TypeM_v10_synthetic_visible,local_patch_freeze,0.12,True,True,True,,,,unknown,unknown,lingbot_pending,MISSING_REAL_ENERGY,No real energy fields found; rerun with LingBot energy backend.
all500,149,v11_SYN_0447_01079_drop_orbit_left_72_seed40079_local_scene_patch_drift,synthetic_controlled,TypeM_v11_synthetic_visible,local_scene_patch_drift,0.12,True,True,True,,,,unknown,unknown,lingbot_pending,MISSING_REAL_ENERGY,No real energy fields found; rerun with LingBot energy backend.
all500,150,v10_TypeM_052_04346_containment_orbit_left_44_seed43346_local_temporal_jump,synthetic_controlled,TypeM_v10_synthetic_visible,local_temporal_jump,0.262297,True,True,True,,,,unknown,unknown,lingbot_pending,MISSING_REAL_ENERGY,No real energy fields found; rerun with LingBot energy backend.
all500,151,v11_SYN_EXTRA_0018_02226_collision_orbit_right_64_seed41226_object_deformation_visible,synthetic_controlled,TypeM_v11_synthetic_visible,object_deformation_visible,0.12,True,True,True,,,,unknown,unknown,lingbot_pending,MISSING_REAL_ENERGY,No real energy fields found; rerun with LingBot energy backend.
all500,152,v11_SYN_0470_01108_drop_orbit_left_72_seed40108_object_duplicate_or_fragment,synthetic_controlled,TypeM_v11_synthetic_visible,object_duplicate_or_fragment,0.12,True,True,True,,,,unknown,unknown,lingbot_pending,MISSING_REAL_ENERGY,No real energy fields found; rerun with LingBot energy backend.
all500,153,v11_SYN_0443_01060_drop_orbit_left_72_seed40060_partial_freeze_foreground,synthetic_controlled,TypeM_v11_synthetic_visible,partial_freeze_foreground,0.161842,True,True,True,,,,unknown,unknown,lingbot_pending,MISSING_REAL_ENERGY,No real energy fields found; rerun with LingBot energy backend.
all500,154,v11_SYN_EXTRA_0166_04248_containment_orbit_left_44_seed43248_reobserve_mismatch_visible,synthetic_controlled,TypeM_v11_synthetic_visible,reobserve_mismatch_visible,0.12,True,True,True,,,,unknown,unknown,lingbot_pending,MISSING_REAL_ENERGY,No real energy fields found; rerun with LingBot energy backend.
all500,155,v11_SYN_0541_03472_roll_orbit_right_60_seed42472_roll_event_fragment_synthetic,synthetic_controlled,TypeM_v11_synthetic_visible,roll_event_fragment_synthetic,0.12,True,True,True,,,,unknown,unknown,lingbot_pending,MISSING_REAL_ENERGY,No real energy fields found; rerun with LingBot energy backend.
all500,156,v11_SYN_0450_01079_drop_orbit_left_72_seed40079_wrong_camera_motion_visible,synthetic_controlled,TypeM_v11_synthetic_visible,wrong_camera_motion_visible,0.12,True,True,True,,,,unknown,unknown,lingbot_pending,MISSING_REAL_ENERGY,No real energy fields found; rerun with LingBot energy backend.
all500,157,v11_SYN_0113_02360_collision_orbit_right_64_seed41360_background_drift_visible,synthetic_controlled,TypeM_v11_synthetic_visible,background_drift_visible,0.12,True,True,True,,,,unknown,unknown,lingbot_pending,MISSING_REAL_ENERGY,No real energy fields found; rerun with LingBot energy backend.
all500,158,v11_SYN_EXTRA_0037_02276_collision_orbit_right_64_seed41276_collision_response_failure_synthetic,synthetic_controlled,TypeM_v11_synthetic_visible,collision_response_failure_synthetic,0.12,True,True,True,,,,unknown,unknown,lingbot_pending,MISSING_REAL_ENERGY,No real energy fields found; rerun with LingBot energy backend.
all500,159,v11_SYN_0259_04252_containment_orbit_left_44_seed43252_containment_failure_synthetic,synthetic_controlled,TypeM_v11_synthetic_visible,containment_failure_synthetic,0.12,True,True,True,,,,unknown,unknown,lingbot_pending,MISSING_REAL_ENERGY,No real energy fields found; rerun with LingBot energy backend.
all500,160,v11_SYN_0433_01047_drop_orbit_left_72_seed40047_drop_motion_failure_synthetic,synthetic_controlled,TypeM_v11_synthetic_visible,drop_motion_failure_synthetic,0.13434,True,True,True,,,,unknown,unknown,lingbot_pending,MISSING_REAL_ENERGY,No real energy fields found; rerun with LingBot energy backend.
all500,161,v10_TypeM_039_04214_containment_orbit_left_44_seed43214_foreground_identity_color_shift,synthetic_controlled,TypeM_v10_synthetic_visible,foreground_identity_color_shift,0.351599,True,True,True,,,,unknown,unknown,lingbot_pending,MISSING_REAL_ENERGY,No real energy fields found; rerun with LingBot energy backend.
all500,162,v10_TypeM_042_04248_containment_orbit_left_44_seed43248_local_patch_drift,synthetic_controlled,TypeM_v10_synthetic_visible,local_patch_drift,0.169113,True,True,True,,,,unknown,unknown,lingbot_pending,MISSING_REAL_ENERGY,No real energy fields found; rerun with LingBot energy backend.
all500,163,v10_TypeM_045_04260_containment_orbit_left_44_seed43260_local_patch_freeze,synthetic_controlled,TypeM_v10_synthetic_visible,local_patch_freeze,0.223871,True,True,True,,,,unknown,unknown,lingbot_pending,MISSING_REAL_ENERGY,No real energy fields found; rerun with LingBot energy backend.
all500,164,v11_SYN_0453_01086_drop_orbit_left_72_seed40086_local_scene_patch_drift,synthetic_controlled,TypeM_v11_synthetic_visible,local_scene_patch_drift,0.12,True,True,True,,,,unknown,unknown,lingbot_pending,MISSING_REAL_ENERGY,No real energy fields found; rerun with LingBot energy backend.
all500,165,v10_TypeM_056_04358_containment_orbit_left_44_seed43358_local_temporal_jump,synthetic_controlled,TypeM_v10_synthetic_visible,local_temporal_jump,0.158027,True,True,True,,,,unknown,unknown,lingbot_pending,MISSING_REAL_ENERGY,No real energy fields found; rerun with LingBot energy backend.
all500,166,v11_SYN_0008_02202_collision_orbit_right_64_seed41202_object_deformation_visible,synthetic_controlled,TypeM_v11_synthetic_visible,object_deformation_visible,0.12,True,True,True,,,,unknown,unknown,lingbot_pending,MISSING_REAL_ENERGY,No real energy fields found; rerun with LingBot energy backend.
all500,167,v11_SYN_0045_02259_collision_strafe_left_180_seed41259_object_duplicate_or_fragment,synthetic_controlled,TypeM_v11_synthetic_visible,object_duplicate_or_fragment,0.12,True,True,True,,,,unknown,unknown,lingbot_pending,MISSING_REAL_ENERGY,No real energy fields found; rerun with LingBot energy backend.
all500,168,v11_SYN_0449_01079_drop_orbit_left_72_seed40079_partial_freeze_foreground,synthetic_controlled,TypeM_v11_synthetic_visible,partial_freeze_foreground,0.179934,True,True,True,,,,unknown,unknown,lingbot_pending,MISSING_REAL_ENERGY,No real energy fields found; rerun with LingBot energy backend.
all500,169,v11_SYN_0254_04249_containment_orbit_left_44_seed43249_reobserve_mismatch_visible,synthetic_controlled,TypeM_v11_synthetic_visible,reobserve_mismatch_visible,0.126201,True,True,True,,,,unknown,unknown,lingbot_pending,MISSING_REAL_ENERGY,No real energy fields found; rerun with LingBot energy backend.
all500,170,v11_SYN_0553_03484_roll_orbit_right_60_seed42484_roll_event_fragment_synthetic,synthetic_controlled,TypeM_v11_synthetic_visible,roll_event_fragment_synthetic,0.12,True,True,True,,,,unknown,unknown,lingbot_pending,MISSING_REAL_ENERGY,No real energy fields found; rerun with LingBot energy backend.
all500,171,v11_SYN_0456_01086_drop_orbit_left_72_seed40086_wrong_camera_motion_visible,synthetic_controlled,TypeM_v11_synthetic_visible,wrong_camera_motion_visible,0.12,True,True,True,,,,unknown,unknown,lingbot_pending,MISSING_REAL_ENERGY,No real energy fields found; rerun with LingBot energy backend.
all500,172,v11_SYN_0119_02366_collision_orbit_right_64_seed41366_background_drift_visible,synthetic_controlled,TypeM_v11_synthetic_visible,background_drift_visible,0.12,True,True,True,,,,unknown,unknown,lingbot_pending,MISSING_REAL_ENERGY,No real energy fields found; rerun with LingBot energy backend.
all500,173,v11_SYN_0061_02284_collision_orbit_right_64_seed41284_collision_response_failure_synthetic,synthetic_controlled,TypeM_v11_synthetic_visible,collision_response_failure_synthetic,0.12,True,True,True,,,,unknown,unknown,lingbot_pending,MISSING_REAL_ENERGY,No real energy fields found; rerun with LingBot energy backend.
all500,174,v11_SYN_0265_04260_containment_orbit_left_44_seed43260_containment_failure_synthetic,synthetic_controlled,TypeM_v11_synthetic_visible,containment_failure_synthetic,0.12,True,True,True,,,,unknown,unknown,lingbot_pending,MISSING_REAL_ENERGY,No real energy fields found; rerun with LingBot energy backend.
all500,175,v11_SYN_0439_01060_drop_orbit_left_72_seed40060_drop_motion_failure_synthetic,synthetic_controlled,TypeM_v11_synthetic_visible,drop_motion_failure_synthetic,0.201496,True,True,True,,,,unknown,unknown,lingbot_pending,MISSING_REAL_ENERGY,No real energy fields found; rerun with LingBot energy backend.
all500,176,v10_TypeM_043_04249_containment_orbit_left_44_seed43249_foreground_identity_color_shift,synthetic_controlled,TypeM_v10_synthetic_visible,foreground_identity_color_shift,0.25022,True,True,True,,,,unknown,unknown,lingbot_pending,MISSING_REAL_ENERGY,No real energy fields found; rerun with LingBot energy backend.
all500,177,v10_TypeM_046_04267_containment_orbit_left_44_seed43267_local_patch_drift,synthetic_controlled,TypeM_v10_synthetic_visible,local_patch_drift,0.165333,True,True,True,,,,unknown,unknown,lingbot_pending,MISSING_REAL_ENERGY,No real energy fields found; rerun with LingBot energy backend.
all500,178,v10_TypeM_049_04302_containment_orbit_left_44_seed43302_local_patch_freeze,synthetic_controlled,TypeM_v10_synthetic_visible,local_patch_freeze,0.186757,True,True,True,,,,unknown,unknown,lingbot_pending,MISSING_REAL_ENERGY,No real energy fields found; rerun with LingBot energy backend.
all500,179,v11_SYN_0459_01101_drop_orbit_left_72_seed40101_local_scene_patch_drift,synthetic_controlled,TypeM_v11_synthetic_visible,local_scene_patch_drift,0.12,True,True,True,,,,unknown,unknown,lingbot_pending,MISSING_REAL_ENERGY,No real energy fields found; rerun with LingBot energy backend.
all500,180,v10_TypeM_060_prefix5_anchored_d744c2d6f264ba_object_deformation_local_temporal_jump,synthetic_controlled,TypeM_v10_synthetic_visible,local_temporal_jump,0.165924,True,True,True,,,,unknown,unknown,lingbot_pending,MISSING_REAL_ENERGY,No real energy fields found; rerun with LingBot energy backend.
all500,181,v11_SYN_EXTRA_0094_prefix5_anchored_1ca3412d8f73c8_nonrigid_background_warp_object_deformation_visible,synthetic_controlled,TypeM_v11_synthetic_visible,object_deformation_visible,0.12,True,True,True,,,,unknown,unknown,lingbot_pending,MISSING_REAL_ENERGY,No real energy fields found; rerun with LingBot energy backend.
all500,182,v11_SYN_EXTRA_0087_02384_collision_orbit_right_64_seed41384_object_duplicate_or_fragment,synthetic_controlled,TypeM_v11_synthetic_visible,object_duplicate_or_fragment,0.12,True,True,True,,,,unknown,unknown,lingbot_pending,MISSING_REAL_ENERGY,No real energy fields found; rerun with LingBot energy backend.
all500,183,v11_SYN_0455_01086_drop_orbit_left_72_seed40086_partial_freeze_foreground,synthetic_controlled,TypeM_v11_synthetic_visible,partial_freeze_foreground,0.12,True,True,True,,,,unknown,unknown,lingbot_pending,MISSING_REAL_ENERGY,No real energy fields found; rerun with LingBot energy backend.
all500,184,v11_SYN_0260_04252_containment_orbit_left_44_seed43252_reobserve_mismatch_visible,synthetic_controlled,TypeM_v11_synthetic_visible,reobserve_mismatch_visible,0.12,True,True,True,,,,unknown,unknown,lingbot_pending,MISSING_REAL_ENERGY,No real energy fields found; rerun with LingBot energy backend.
all500,185,v11_SYN_0559_03494_roll_orbit_right_60_seed42494_roll_event_fragment_synthetic,synthetic_controlled,TypeM_v11_synthetic_visible,roll_event_fragment_synthetic,0.147469,True,True,True,,,,unknown,unknown,lingbot_pending,MISSING_REAL_ENERGY,No real energy fields found; rerun with LingBot energy backend.
all500,186,v11_SYN_0468_01102_drop_orbit_left_72_seed40102_wrong_camera_motion_visible,synthetic_controlled,TypeM_v11_synthetic_visible,wrong_camera_motion_visible,0.13382,True,True,True,,,,unknown,unknown,lingbot_pending,MISSING_REAL_ENERGY,No real energy fields found; rerun with LingBot energy backend.
all500,187,v11_SYN_0131_02384_collision_orbit_right_64_seed41384_background_drift_visible,synthetic_controlled,TypeM_v11_synthetic_visible,background_drift_visible,0.12,True,True,True,,,,unknown,unknown,lingbot_pending,MISSING_REAL_ENERGY,No real energy fields found; rerun with LingBot energy backend.
all500,188,v11_SYN_EXTRA_0041_02284_collision_orbit_right_64_seed41284_collision_response_failure_synthetic,synthetic_controlled,TypeM_v11_synthetic_visible,collision_response_failure_synthetic,0.135551,True,True,True,,,,unknown,unknown,lingbot_pending,MISSING_REAL_ENERGY,No real energy fields found; rerun with LingBot energy backend.
all500,189,v11_SYN_EXTRA_0177_04260_containment_orbit_left_44_seed43260_containment_failure_synthetic,synthetic_controlled,TypeM_v11_synthetic_visible,containment_failure_synthetic,0.12,True,True,True,,,,unknown,unknown,lingbot_pending,MISSING_REAL_ENERGY,No real energy fields found; rerun with LingBot energy backend.
all500,190,v11_SYN_0445_01079_drop_orbit_left_72_seed40079_drop_motion_failure_synthetic,synthetic_controlled,TypeM_v11_synthetic_visible,drop_motion_failure_synthetic,0.12,True,True,True,,,,unknown,unknown,lingbot_pending,MISSING_REAL_ENERGY,No real energy fields found; rerun with LingBot energy backend.
all500,191,v10_TypeM_047_04279_containment_orbit_left_44_seed43279_foreground_identity_color_shift,synthetic_controlled,TypeM_v10_synthetic_visible,foreground_identity_color_shift,0.328006,True,True,True,,,,unknown,unknown,lingbot_pending,MISSING_REAL_ENERGY,No real energy fields found; rerun with LingBot energy backend.
all500,192,v10_TypeM_050_04339_containment_orbit_left_44_seed43339_local_patch_drift,synthetic_controlled,TypeM_v10_synthetic_visible,local_patch_drift,0.12,True,True,True,,,,unknown,unknown,lingbot_pending,MISSING_REAL_ENERGY,No real energy fields found; rerun with LingBot energy backend.
all500,193,v10_TypeM_053_04351_containment_orbit_left_44_seed43351_local_patch_freeze,synthetic_controlled,TypeM_v10_synthetic_visible,local_patch_freeze,0.289618,True,True,True,,,,unknown,unknown,lingbot_pending,MISSING_REAL_ENERGY,No real energy fields found; rerun with LingBot energy backend.
all500,194,v11_SYN_0471_01108_drop_orbit_left_72_seed40108_local_scene_patch_drift,synthetic_controlled,TypeM_v11_synthetic_visible,local_scene_patch_drift,0.140634,True,True,True,,,,unknown,unknown,lingbot_pending,MISSING_REAL_ENERGY,No real energy fields found; rerun with LingBot energy backend.
all500,195,v10_TypeM_036_v6_02226_collision_orbit_right_64_seed41226_local_temporal_jump,synthetic_controlled,TypeM_v10_synthetic_visible,local_temporal_jump,0.151592,True,True,True,,,,unknown,unknown,lingbot_pending,MISSING_REAL_ENERGY,No real energy fields found; rerun with LingBot energy backend.
all500,196,v11_SYN_0146_prefix5_anchored_3e28b01a2ca2ef_reobserve_mismatch_object_deformation_visible,synthetic_controlled,TypeM_v11_synthetic_visible,object_deformation_visible,0.12,True,True,True,,,,unknown,unknown,lingbot_pending,MISSING_REAL_ENERGY,No real energy fields found; rerun with LingBot energy backend.
all500,197,v11_SYN_0237_04228_containment_orbit_left_44_seed43228_object_duplicate_or_fragment,synthetic_controlled,TypeM_v11_synthetic_visible,object_duplicate_or_fragment,0.12,True,True,True,,,,unknown,unknown,lingbot_pending,MISSING_REAL_ENERGY,No real energy fields found; rerun with LingBot energy backend.
all500,198,v11_SYN_0448_01079_drop_orbit_left_72_seed40079_object_identity_color_shift,synthetic_controlled,TypeM_v11_synthetic_visible,object_identity_color_shift,0.213786,True,True,True,,,,unknown,unknown,lingbot_pending,MISSING_REAL_ENERGY,No real energy fields found; rerun with LingBot energy backend.
all500,199,v11_SYN_0461_01101_drop_orbit_left_72_seed40101_partial_freeze_foreground,synthetic_controlled,TypeM_v11_synthetic_visible,partial_freeze_foreground,0.133705,True,True,True,,,,unknown,unknown,lingbot_pending,MISSING_REAL_ENERGY,No real energy fields found; rerun with LingBot energy backend.
all500,200,v11_SYN_EXTRA_0174_04252_containment_orbit_left_44_seed43252_reobserve_mismatch_visible,synthetic_controlled,TypeM_v11_synthetic_visible,reobserve_mismatch_visible,0.12,True,True,True,,,,unknown,unknown,lingbot_pending,MISSING_REAL_ENERGY,No real energy fields found; rerun with LingBot energy backend.
all500,201,v11_SYN_0565_03495_roll_orbit_right_60_seed42495_roll_event_fragment_synthetic,synthetic_controlled,TypeM_v11_synthetic_visible,roll_event_fragment_synthetic,0.12,True,True,True,,,,unknown,unknown,lingbot_pending,MISSING_REAL_ENERGY,No real energy fields found; rerun with LingBot energy backend.
all500,202,v11_SYN_0474_01108_drop_orbit_left_72_seed40108_wrong_camera_motion_visible,synthetic_controlled,TypeM_v11_synthetic_visible,wrong_camera_motion_visible,0.12,True,True,True,,,,unknown,unknown,lingbot_pending,MISSING_REAL_ENERGY,No real energy fields found; rerun with LingBot energy backend.
all500,203,v11_SYN_0497_03413_roll_orbit_right_60_seed42413_background_drift_visible,synthetic_controlled,TypeM_v11_synthetic_visible,background_drift_visible,0.12,True,True,True,,,,unknown,unknown,lingbot_pending,MISSING_REAL_ENERGY,No real energy fields found; rerun with LingBot energy backend.
all500,204,v11_SYN_0067_02286_collision_orbit_right_64_seed41286_collision_response_failure_synthetic,synthetic_controlled,TypeM_v11_synthetic_visible,collision_response_failure_synthetic,0.12,True,True,True,,,,unknown,unknown,lingbot_pending,MISSING_REAL_ENERGY,No real energy fields found; rerun with LingBot energy backend.
all500,205,v11_SYN_0271_04267_containment_orbit_left_44_seed43267_containment_failure_synthetic,synthetic_controlled,TypeM_v11_synthetic_visible,containment_failure_synthetic,0.147604,True,True,True,,,,unknown,unknown,lingbot_pending,MISSING_REAL_ENERGY,No real energy fields found; rerun with LingBot energy backend.
all500,206,v11_SYN_0451_01086_drop_orbit_left_72_seed40086_drop_motion_failure_synthetic,synthetic_controlled,TypeM_v11_synthetic_visible,drop_motion_failure_synthetic,0.12,True,True,True,,,,unknown,unknown,lingbot_pending,MISSING_REAL_ENERGY,No real energy fields found; rerun with LingBot energy backend.
all500,207,v10_TypeM_051_04342_containment_orbit_left_44_seed43342_foreground_identity_color_shift,synthetic_controlled,TypeM_v10_synthetic_visible,foreground_identity_color_shift,0.212835,True,True,True,,,,unknown,unknown,lingbot_pending,MISSING_REAL_ENERGY,No real energy fields found; rerun with LingBot energy backend.
all500,208,v10_TypeM_054_04355_containment_orbit_left_44_seed43355_local_patch_drift,synthetic_controlled,TypeM_v10_synthetic_visible,local_patch_drift,0.162408,True,True,True,,,,unknown,unknown,lingbot_pending,MISSING_REAL_ENERGY,No real energy fields found; rerun with LingBot energy backend.
all500,209,v10_TypeM_057_prefix5_anchored_1279c3b65a6d9e_object_identity_change_local_patch_freeze,synthetic_controlled,TypeM_v10_synthetic_visible,local_patch_freeze,0.12,True,True,True,,,,unknown,unknown,lingbot_pending,MISSING_REAL_ENERGY,No real energy fields found; rerun with LingBot energy backend.
all500,210,v11_SYN_0016_02215_collision_strafe_left_180_seed41215_local_scene_patch_drift,synthetic_controlled,TypeM_v11_synthetic_visible,local_scene_patch_drift,0.12,True,True,True,,,,unknown,unknown,lingbot_pending,MISSING_REAL_ENERGY,No real energy fields found; rerun with LingBot energy backend.
all500,211,v10_TypeM_080_v6b_GT_C_001_01014_drop_orbit_left_72_seed40014_local_temporal_jump,synthetic_controlled,TypeM_v10_synthetic_visible,local_temporal_jump,0.289512,True,True,True,,,,unknown,unknown,lingbot_pending,MISSING_REAL_ENERGY,No real energy fields found; rerun with LingBot energy backend.
all500,212,v11_SYN_EXTRA_0102_prefix5_anchored_525c18bc4422f0_background_drift_object_deformation_visible,synthetic_controlled,TypeM_v11_synthetic_visible,object_deformation_visible,0.12,True,True,True,,,,unknown,unknown,lingbot_pending,MISSING_REAL_ENERGY,No real energy fields found; rerun with LingBot energy backend.
all500,213,v11_SYN_0255_04249_containment_orbit_left_44_seed43249_object_duplicate_or_fragment,synthetic_controlled,TypeM_v11_synthetic_visible,object_duplicate_or_fragment,0.12,True,True,True,,,,unknown,unknown,lingbot_pending,MISSING_REAL_ENERGY,No real energy fields found; rerun with LingBot energy backend.
all500,214,v11_SYN_0473_01108_drop_orbit_left_72_seed40108_partial_freeze_foreground,synthetic_controlled,TypeM_v11_synthetic_visible,partial_freeze_foreground,0.12,True,True,True,,,,unknown,unknown,lingbot_pending,MISSING_REAL_ENERGY,No real energy fields found; rerun with LingBot energy backend.
all500,215,v11_SYN_0266_04260_containment_orbit_left_44_seed43260_reobserve_mismatch_visible,synthetic_controlled,TypeM_v11_synthetic_visible,reobserve_mismatch_visible,0.12,True,True,True,,,,unknown,unknown,lingbot_pending,MISSING_REAL_ENERGY,No real energy fields found; rerun with LingBot energy backend.
all500,216,v11_SYN_0571_03505_roll_orbit_right_60_seed42505_roll_event_fragment_synthetic,synthetic_controlled,TypeM_v11_synthetic_visible,roll_event_fragment_synthetic,0.12,True,True,True,,,,unknown,unknown,lingbot_pending,MISSING_REAL_ENERGY,No real energy fields found; rerun with LingBot energy backend.
all500,217,v11_SYN_0488_03410_roll_orbit_right_60_seed42410_wrong_camera_motion_visible,synthetic_controlled,TypeM_v11_synthetic_visible,wrong_camera_motion_visible,0.12,True,True,True,,,,unknown,unknown,lingbot_pending,MISSING_REAL_ENERGY,No real energy fields found; rerun with LingBot energy backend.
all500,218,v11_SYN_0503_03418_roll_orbit_right_60_seed42418_background_drift_visible,synthetic_controlled,TypeM_v11_synthetic_visible,background_drift_visible,0.12,True,True,True,,,,unknown,unknown,lingbot_pending,MISSING_REAL_ENERGY,No real energy fields found; rerun with LingBot energy backend.
all500,219,v11_SYN_EXTRA_0045_02286_collision_orbit_right_64_seed41286_collision_response_failure_synthetic,synthetic_controlled,TypeM_v11_synthetic_visible,collision_response_failure_synthetic,0.12,True,True,True,,,,unknown,unknown,lingbot_pending,MISSING_REAL_ENERGY,No real energy fields found; rerun with LingBot energy backend.
all500,220,v11_SYN_EXTRA_0181_04267_containment_orbit_left_44_seed43267_containment_failure_synthetic,synthetic_controlled,TypeM_v11_synthetic_visible,containment_failure_synthetic,0.138607,True,True,True,,,,unknown,unknown,lingbot_pending,MISSING_REAL_ENERGY,No real energy fields found; rerun with LingBot energy backend.
all500,221,v11_SYN_0457_01101_drop_orbit_left_72_seed40101_drop_motion_failure_synthetic,synthetic_controlled,TypeM_v11_synthetic_visible,drop_motion_failure_synthetic,0.26326,True,True,True,,,,unknown,unknown,lingbot_pending,MISSING_REAL_ENERGY,No real energy fields found; rerun with LingBot energy backend.
all500,222,v10_TypeM_055_04357_containment_orbit_left_44_seed43357_foreground_identity_color_shift,synthetic_controlled,TypeM_v10_synthetic_visible,foreground_identity_color_shift,0.213134,True,True,True,,,,unknown,unknown,lingbot_pending,MISSING_REAL_ENERGY,No real energy fields found; rerun with LingBot energy backend.
all500,223,v10_TypeM_058_prefix5_anchored_29df7c5cf94c4b_reobserve_mismatch_local_patch_drift,synthetic_controlled,TypeM_v10_synthetic_visible,local_patch_drift,0.183865,True,True,True,,,,unknown,unknown,lingbot_pending,MISSING_REAL_ENERGY,No real energy fields found; rerun with LingBot energy backend.
all500,224,v10_TypeM_061_prefix5_anchored_d86ae2fb1d25b2_freeze_foreground_local_patch_freeze,synthetic_controlled,TypeM_v10_synthetic_visible,local_patch_freeze,0.12,True,True,True,,,,unknown,unknown,lingbot_pending,MISSING_REAL_ENERGY,No real energy fields found; rerun with LingBot energy backend.
all500,225,v11_SYN_0034_02228_collision_orbit_right_64_seed41228_local_scene_patch_drift,synthetic_controlled,TypeM_v11_synthetic_visible,local_scene_patch_drift,0.12,True,True,True,,,,unknown,unknown,lingbot_pending,MISSING_REAL_ENERGY,No real energy fields found; rerun with LingBot energy backend.
all500,226,v11_SYN_0194_v6_02200_collision_orbit_right_64_seed41200_object_deformation_visible,synthetic_controlled,TypeM_v11_synthetic_visible,object_deformation_visible,0.12,True,True,True,,,,unknown,unknown,lingbot_pending,MISSING_REAL_ENERGY,No real energy fields found; rerun with LingBot energy backend.
all500,227,v11_SYN_EXTRA_0171_04249_containment_orbit_left_44_seed43249_object_duplicate_or_fragment,synthetic_controlled,TypeM_v11_synthetic_visible,object_duplicate_or_fragment,0.12,True,True,True,,,,unknown,unknown,lingbot_pending,MISSING_REAL_ENERGY,No real energy fields found; rerun with LingBot energy backend.
all500,228,v11_SYN_0460_01101_drop_orbit_left_72_seed40101_object_identity_color_shift,synthetic_controlled,TypeM_v11_synthetic_visible,object_identity_color_shift,0.353621,True,True,True,,,,unknown,unknown,lingbot_pending,MISSING_REAL_ENERGY,No real energy fields found; rerun with LingBot energy backend.
all500,229,v11_SYN_0484_03409_roll_orbit_right_60_seed42409_partial_freeze_foreground,synthetic_controlled,TypeM_v11_synthetic_visible,partial_freeze_foreground,0.12,True,True,True,,,,unknown,unknown,lingbot_pending,MISSING_REAL_ENERGY,No real energy fields found; rerun with LingBot energy backend.
all500,230,v11_SYN_EXTRA_0178_04260_containment_orbit_left_44_seed43260_reobserve_mismatch_visible,synthetic_controlled,TypeM_v11_synthetic_visible,reobserve_mismatch_visible,0.121334,True,True,True,,,,unknown,unknown,lingbot_pending,MISSING_REAL_ENERGY,No real energy fields found; rerun with LingBot energy backend.
all500,231,v11_SYN_0577_03533_roll_orbit_right_60_seed42533_roll_event_fragment_synthetic,synthetic_controlled,TypeM_v11_synthetic_visible,roll_event_fragment_synthetic,0.12,True,True,True,,,,unknown,unknown,lingbot_pending,MISSING_REAL_ENERGY,No real energy fields found; rerun with LingBot energy backend.
all500,232,v11_SYN_0506_03435_roll_orbit_right_60_seed42435_wrong_camera_motion_visible,synthetic_controlled,TypeM_v11_synthetic_visible,wrong_camera_motion_visible,0.12,True,True,True,,,,unknown,unknown,lingbot_pending,MISSING_REAL_ENERGY,No real energy fields found; rerun with LingBot energy backend.
all500,233,v11_SYN_0509_03435_roll_orbit_right_60_seed42435_background_drift_visible,synthetic_controlled,TypeM_v11_synthetic_visible,background_drift_visible,0.12,True,True,True,,,,unknown,unknown,lingbot_pending,MISSING_REAL_ENERGY,No real energy fields found; rerun with LingBot energy backend.
all500,234,v11_SYN_0073_02288_collision_orbit_right_64_seed41288_collision_response_failure_synthetic,synthetic_controlled,TypeM_v11_synthetic_visible,collision_response_failure_synthetic,0.12,True,True,True,,,,unknown,unknown,lingbot_pending,MISSING_REAL_ENERGY,No real energy fields found; rerun with LingBot energy backend.
all500,235,v11_SYN_0277_04279_containment_orbit_left_44_seed43279_containment_failure_synthetic,synthetic_controlled,TypeM_v11_synthetic_visible,containment_failure_synthetic,0.270356,True,True,True,,,,unknown,unknown,lingbot_pending,MISSING_REAL_ENERGY,No real energy fields found; rerun with LingBot energy backend.
all500,236,v11_SYN_0463_01102_drop_orbit_left_72_seed40102_drop_motion_failure_synthetic,synthetic_controlled,TypeM_v11_synthetic_visible,drop_motion_failure_synthetic,0.138569,True,True,True,,,,unknown,unknown,lingbot_pending,MISSING_REAL_ENERGY,No real energy fields found; rerun with LingBot energy backend.
all500,237,v10_TypeM_023_prefix5_anchored_1128e39109fc83_object_deformation_foreground_identity_color_shift,synthetic_controlled,TypeM_v10_synthetic_visible,foreground_identity_color_shift,0.29113,True,True,True,,,,unknown,unknown,lingbot_pending,MISSING_REAL_ENERGY,No real energy fields found; rerun with LingBot energy backend.
all500,238,v10_TypeM_026_prefix5_anchored_525c18bc4422f0_background_drift_local_patch_drift,synthetic_controlled,TypeM_v10_synthetic_visible,local_patch_drift,0.147661,True,True,True,,,,unknown,unknown,lingbot_pending,MISSING_REAL_ENERGY,No real energy fields found; rerun with LingBot energy backend.
all500,239,v11_SYN_EXTRA_0024_02228_collision_orbit_right_64_seed41228_local_scene_patch_drift,synthetic_controlled,TypeM_v11_synthetic_visible,local_scene_patch_drift,0.12,True,True,True,,,,unknown,unknown,lingbot_pending,MISSING_REAL_ENERGY,No real energy fields found; rerun with LingBot energy backend.
all500,240,v11_SYN_0212_v6_02226_collision_orbit_right_64_seed41226_object_deformation_visible,synthetic_controlled,TypeM_v11_synthetic_visible,object_deformation_visible,0.12,True,True,True,,,,unknown,unknown,lingbot_pending,MISSING_REAL_ENERGY,No real energy fields found; rerun with LingBot energy backend.
all500,241,v11_SYN_0267_04260_containment_orbit_left_44_seed43260_object_duplicate_or_fragment,synthetic_controlled,TypeM_v11_synthetic_visible,object_duplicate_or_fragment,0.12,True,True,True,,,,unknown,unknown,lingbot_pending,MISSING_REAL_ENERGY,No real energy fields found; rerun with LingBot energy backend.
all500,242,v11_SYN_0466_01102_drop_orbit_left_72_seed40102_object_identity_color_shift,synthetic_controlled,TypeM_v11_synthetic_visible,object_identity_color_shift,0.322767,True,True,True,,,,unknown,unknown,lingbot_pending,MISSING_REAL_ENERGY,No real energy fields found; rerun with LingBot energy backend.
all500,243,v11_SYN_0490_03410_roll_orbit_right_60_seed42410_partial_freeze_foreground,synthetic_controlled,TypeM_v11_synthetic_visible,partial_freeze_foreground,0.142751,True,True,True,,,,unknown,unknown,lingbot_pending,MISSING_REAL_ENERGY,No real energy fields found; rerun with LingBot energy backend.
all500,244,v11_SYN_0272_04267_containment_orbit_left_44_seed43267_reobserve_mismatch_visible,synthetic_controlled,TypeM_v11_synthetic_visible,reobserve_mismatch_visible,0.132612,True,True,True,,,,unknown,unknown,lingbot_pending,MISSING_REAL_ENERGY,No real energy fields found; rerun with LingBot energy backend.
all500,245,v11_SYN_0583_03536_roll_orbit_right_60_seed42536_roll_event_fragment_synthetic,synthetic_controlled,TypeM_v11_synthetic_visible,roll_event_fragment_synthetic,0.12,True,True,True,,,,unknown,unknown,lingbot_pending,MISSING_REAL_ENERGY,No real energy fields found; rerun with LingBot energy backend.
all500,246,v11_SYN_0512_03437_roll_orbit_right_60_seed42437_wrong_camera_motion_visible,synthetic_controlled,TypeM_v11_synthetic_visible,wrong_camera_motion_visible,0.12,True,True,True,,,,unknown,unknown,lingbot_pending,MISSING_REAL_ENERGY,No real energy fields found; rerun with LingBot energy backend.
all500,247,v11_SYN_0515_03437_roll_orbit_right_60_seed42437_background_drift_visible,synthetic_controlled,TypeM_v11_synthetic_visible,background_drift_visible,0.12,True,True,True,,,,unknown,unknown,lingbot_pending,MISSING_REAL_ENERGY,No real energy fields found; rerun with LingBot energy backend.
all500,248,v11_SYN_EXTRA_0049_02288_collision_orbit_right_64_seed41288_collision_response_failure_synthetic,synthetic_controlled,TypeM_v11_synthetic_visible,collision_response_failure_synthetic,0.126881,True,True,True,,,,unknown,unknown,lingbot_pending,MISSING_REAL_ENERGY,No real energy fields found; rerun with LingBot energy backend.
all500,249,v11_SYN_EXTRA_0185_04279_containment_orbit_left_44_seed43279_containment_failure_synthetic,synthetic_controlled,TypeM_v11_synthetic_visible,containment_failure_synthetic,0.163607,True,True,True,,,,unknown,unknown,lingbot_pending,MISSING_REAL_ENERGY,No real energy fields found; rerun with LingBot energy backend.
all500,250,v11_SYN_0469_01108_drop_orbit_left_72_seed40108_drop_motion_failure_synthetic,synthetic_controlled,TypeM_v11_synthetic_visible,drop_motion_failure_synthetic,0.12,True,True,True,,,,unknown,unknown,lingbot_pending,MISSING_REAL_ENERGY,No real energy fields found; rerun with LingBot energy backend.
all500,251,v10_TypeM_027_prefix5_anchored_7f708dfe212ad6_freeze_foreground_foreground_identity_color_shift,synthetic_controlled,TypeM_v10_synthetic_visible,foreground_identity_color_shift,0.237727,True,True,True,,,,unknown,unknown,lingbot_pending,MISSING_REAL_ENERGY,No real energy fields found; rerun with LingBot energy backend.
all500,252,v10_TypeM_062_prefix5_anchored_dc458b2cf487d8_wrong_camera_motion_local_patch_drift,synthetic_controlled,TypeM_v10_synthetic_visible,local_patch_drift,0.12,True,True,True,,,,unknown,unknown,lingbot_pending,MISSING_REAL_ENERGY,No real energy fields found; rerun with LingBot energy backend.
all500,253,v11_SYN_EXTRA_0028_02239_collision_strafe_left_180_seed41239_local_scene_patch_drift,synthetic_controlled,TypeM_v11_synthetic_visible,local_scene_patch_drift,0.12,True,True,True,,,,unknown,unknown,lingbot_pending,MISSING_REAL_ENERGY,No real energy fields found; rerun with LingBot energy backend.
all500,254,v11_SYN_EXTRA_0187_04279_containment_orbit_left_44_seed43279_object_duplicate_or_fragment,synthetic_controlled,TypeM_v11_synthetic_visible,object_duplicate_or_fragment,0.12,True,True,True,,,,unknown,unknown,lingbot_pending,MISSING_REAL_ENERGY,No real energy fields found; rerun with LingBot energy backend.
all500,255,v11_SYN_0496_03413_roll_orbit_right_60_seed42413_partial_freeze_foreground,synthetic_controlled,TypeM_v11_synthetic_visible,partial_freeze_foreground,0.12,True,True,True,,,,unknown,unknown,lingbot_pending,MISSING_REAL_ENERGY,No real energy fields found; rerun with LingBot energy backend.
all500,256,v11_SYN_0278_04279_containment_orbit_left_44_seed43279_reobserve_mismatch_visible,synthetic_controlled,TypeM_v11_synthetic_visible,reobserve_mismatch_visible,0.12,True,True,True,,,,unknown,unknown,lingbot_pending,MISSING_REAL_ENERGY,No real energy fields found; rerun with LingBot energy backend.
all500,257,v11_SYN_0595_03544_roll_orbit_right_60_seed42544_roll_event_fragment_synthetic,synthetic_controlled,TypeM_v11_synthetic_visible,roll_event_fragment_synthetic,0.12,True,True,True,,,,unknown,unknown,lingbot_pending,MISSING_REAL_ENERGY,No real energy fields found; rerun with LingBot energy backend.
all500,258,v11_SYN_0518_03440_roll_orbit_right_60_seed42440_wrong_camera_motion_visible,synthetic_controlled,TypeM_v11_synthetic_visible,wrong_camera_motion_visible,0.12,True,True,True,,,,unknown,unknown,lingbot_pending,MISSING_REAL_ENERGY,No real energy fields found; rerun with LingBot energy backend.
all500,259,v11_SYN_0521_03440_roll_orbit_right_60_seed42440_background_drift_visible,synthetic_controlled,TypeM_v11_synthetic_visible,background_drift_visible,0.12,True,True,True,,,,unknown,unknown,lingbot_pending,MISSING_REAL_ENERGY,No real energy fields found; rerun with LingBot energy backend.
all500,260,v11_SYN_0079_02292_collision_orbit_right_64_seed41292_collision_response_failure_synthetic,synthetic_controlled,TypeM_v11_synthetic_visible,collision_response_failure_synthetic,0.12,True,True,True,,,,unknown,unknown,lingbot_pending,MISSING_REAL_ENERGY,No real energy fields found; rerun with LingBot energy backend.
all500,261,v11_SYN_0283_04280_containment_orbit_left_44_seed43280_containment_failure_synthetic,synthetic_controlled,TypeM_v11_synthetic_visible,containment_failure_synthetic,0.12,True,True,True,,,,unknown,unknown,lingbot_pending,MISSING_REAL_ENERGY,No real energy fields found; rerun with LingBot energy backend.
all500,262,v11_SYN_0475_v6b_GT_C_001_01014_drop_orbit_left_72_seed40014_drop_motion_failure_synthetic,synthetic_controlled,TypeM_v11_synthetic_visible,drop_motion_failure_synthetic,0.342354,True,True,True,,,,unknown,unknown,lingbot_pending,MISSING_REAL_ENERGY,No real energy fields found; rerun with LingBot energy backend.
all500,263,v10_TypeM_059_prefix5_anchored_95981b8f74bed0_background_drift_foreground_identity_color_shift,synthetic_controlled,TypeM_v10_synthetic_visible,foreground_identity_color_shift,0.26819,True,True,True,,,,unknown,unknown,lingbot_pending,MISSING_REAL_ENERGY,No real energy fields found; rerun with LingBot energy backend.
all500,264,v11_SYN_0046_02259_collision_strafe_left_180_seed41259_local_scene_patch_drift,synthetic_controlled,TypeM_v11_synthetic_visible,local_scene_patch_drift,0.12,True,True,True,,,,unknown,unknown,lingbot_pending,MISSING_REAL_ENERGY,No real energy fields found; rerun with LingBot energy backend.
all500,265,v11_SYN_EXTRA_0095_prefix5_anchored_1ca3412d8f73c8_nonrigid_background_warp_object_duplicate_or_fragment,synthetic_controlled,TypeM_v11_synthetic_visible,object_duplicate_or_fragment,0.150385,True,True,True,,,,unknown,unknown,lingbot_pending,MISSING_REAL_ENERGY,No real energy fields found; rerun with LingBot energy backend.
all500,266,v11_SYN_0018_02215_collision_strafe_left_180_seed41215_object_identity_color_shift,synthetic_controlled,TypeM_v11_synthetic_visible,object_identity_color_shift,0.12,True,True,True,,,,unknown,unknown,lingbot_pending,MISSING_REAL_ENERGY,No real energy fields found; rerun with LingBot energy backend.
all500,267,v11_SYN_0502_03418_roll_orbit_right_60_seed42418_partial_freeze_foreground,synthetic_controlled,TypeM_v11_synthetic_visible,partial_freeze_foreground,0.138894,True,True,True,,,,unknown,unknown,lingbot_pending,MISSING_REAL_ENERGY,No real energy fields found; rerun with LingBot energy backend.
all500,268,v11_SYN_EXTRA_0186_04279_containment_orbit_left_44_seed43279_reobserve_mismatch_visible,synthetic_controlled,TypeM_v11_synthetic_visible,reobserve_mismatch_visible,0.12,True,True,True,,,,unknown,unknown,lingbot_pending,MISSING_REAL_ENERGY,No real energy fields found; rerun with LingBot energy backend.
all500,269,v11_SYN_0536_03465_roll_orbit_right_60_seed42465_wrong_camera_motion_visible,synthetic_controlled,TypeM_v11_synthetic_visible,wrong_camera_motion_visible,0.12,True,True,True,,,,unknown,unknown,lingbot_pending,MISSING_REAL_ENERGY,No real energy fields found; rerun with LingBot energy backend.
all500,270,v11_SYN_0527_03442_roll_orbit_right_60_seed42442_background_drift_visible,synthetic_controlled,TypeM_v11_synthetic_visible,background_drift_visible,0.12,True,True,True,,,,unknown,unknown,lingbot_pending,MISSING_REAL_ENERGY,No real energy fields found; rerun with LingBot energy backend.
all500,271,v11_SYN_EXTRA_0053_02292_collision_orbit_right_64_seed41292_collision_response_failure_synthetic,synthetic_controlled,TypeM_v11_synthetic_visible,collision_response_failure_synthetic,0.171841,True,True,True,,,,unknown,unknown,lingbot_pending,MISSING_REAL_ENERGY,No real energy fields found; rerun with LingBot energy backend.
all500,272,v11_SYN_EXTRA_0189_04280_containment_orbit_left_44_seed43280_containment_failure_synthetic,synthetic_controlled,TypeM_v11_synthetic_visible,containment_failure_synthetic,0.12,True,True,True,,,,unknown,unknown,lingbot_pending,MISSING_REAL_ENERGY,No real energy fields found; rerun with LingBot energy backend.
all500,273,v10_TypeM_031_prefix5_anchored_ede413792fce8b_nonrigid_background_warp_foreground_identity_color_shift,synthetic_controlled,TypeM_v10_synthetic_visible,foreground_identity_color_shift,0.237996,True,True,True,,,,unknown,unknown,lingbot_pending,MISSING_REAL_ENERGY,No real energy fields found; rerun with LingBot energy backend.
all500,274,v11_SYN_0058_02276_collision_orbit_right_64_seed41276_local_scene_patch_drift,synthetic_controlled,TypeM_v11_synthetic_visible,local_scene_patch_drift,0.12,True,True,True,,,,unknown,unknown,lingbot_pending,MISSING_REAL_ENERGY,No real energy fields found; rerun with LingBot energy backend.
all500,275,v11_SYN_EXTRA_0107_prefix5_anchored_7f708dfe212ad6_freeze_foreground_object_duplicate_or_fragment,synthetic_controlled,TypeM_v11_synthetic_visible,object_duplicate_or_fragment,0.158501,True,True,True,,,,unknown,unknown,lingbot_pending,MISSING_REAL_ENERGY,No real energy fields found; rerun with LingBot energy backend.
all500,276,v11_SYN_0508_03435_roll_orbit_right_60_seed42435_partial_freeze_foreground,synthetic_controlled,TypeM_v11_synthetic_visible,partial_freeze_foreground,0.256806,True,True,True,,,,unknown,unknown,lingbot_pending,MISSING_REAL_ENERGY,No real energy fields found; rerun with LingBot energy backend.
all500,277,v11_SYN_0284_04280_containment_orbit_left_44_seed43280_reobserve_mismatch_visible,synthetic_controlled,TypeM_v11_synthetic_visible,reobserve_mismatch_visible,0.12,True,True,True,,,,unknown,unknown,lingbot_pending,MISSING_REAL_ENERGY,No real energy fields found; rerun with LingBot energy backend.
all500,278,v11_SYN_0548_03477_roll_orbit_right_60_seed42477_wrong_camera_motion_visible,synthetic_controlled,TypeM_v11_synthetic_visible,wrong_camera_motion_visible,0.12,True,True,True,,,,unknown,unknown,lingbot_pending,MISSING_REAL_ENERGY,No real energy fields found; rerun with LingBot energy backend.
all500,279,v11_SYN_0533_03453_roll_orbit_right_60_seed42453_background_drift_visible,synthetic_controlled,TypeM_v11_synthetic_visible,background_drift_visible,0.12,True,True,True,,,,unknown,unknown,lingbot_pending,MISSING_REAL_ENERGY,No real energy fields found; rerun with LingBot energy backend.
all500,280,v11_SYN_0085_02295_collision_strafe_left_180_seed41295_collision_response_failure_synthetic,synthetic_controlled,TypeM_v11_synthetic_visible,collision_response_failure_synthetic,0.12,True,True,True,,,,unknown,unknown,lingbot_pending,MISSING_REAL_ENERGY,No real energy fields found; rerun with LingBot energy backend.
all500,281,v11_SYN_0289_04302_containment_orbit_left_44_seed43302_containment_failure_synthetic,synthetic_controlled,TypeM_v11_synthetic_visible,containment_failure_synthetic,0.12,True,True,True,,,,unknown,unknown,lingbot_pending,MISSING_REAL_ENERGY,No real energy fields found; rerun with LingBot energy backend.
all500,282,v10_TypeM_035_v6_02222_collision_orbit_right_64_seed41222_foreground_identity_color_shift,synthetic_controlled,TypeM_v10_synthetic_visible,foreground_identity_color_shift,0.256469,True,True,True,,,,unknown,unknown,lingbot_pending,MISSING_REAL_ENERGY,No real energy fields found; rerun with LingBot energy backend.
all500,283,v11_SYN_EXTRA_0135_v6_02202_collision_orbit_right_64_seed41202_object_duplicate_or_fragment,synthetic_controlled,TypeM_v11_synthetic_visible,object_duplicate_or_fragment,0.12,True,True,True,,,,unknown,unknown,lingbot_pending,MISSING_REAL_ENERGY,No real energy fields found; rerun with LingBot energy backend.
all500,284,v11_SYN_0042_02239_collision_strafe_left_180_seed41239_object_identity_color_shift,synthetic_controlled,TypeM_v11_synthetic_visible,object_identity_color_shift,0.126663,True,True,True,,,,unknown,unknown,lingbot_pending,MISSING_REAL_ENERGY,No real energy fields found; rerun with LingBot energy backend.
all500,285,v11_SYN_0520_03440_roll_orbit_right_60_seed42440_partial_freeze_foreground,synthetic_controlled,TypeM_v11_synthetic_visible,partial_freeze_foreground,0.188498,True,True,True,,,,unknown,unknown,lingbot_pending,MISSING_REAL_ENERGY,No real energy fields found; rerun with LingBot energy backend.
all500,286,v11_SYN_EXTRA_0190_04280_containment_orbit_left_44_seed43280_reobserve_mismatch_visible,synthetic_controlled,TypeM_v11_synthetic_visible,reobserve_mismatch_visible,0.12,True,True,True,,,,unknown,unknown,lingbot_pending,MISSING_REAL_ENERGY,No real energy fields found; rerun with LingBot energy backend.
all500,287,v11_SYN_0560_03494_roll_orbit_right_60_seed42494_wrong_camera_motion_visible,synthetic_controlled,TypeM_v11_synthetic_visible,wrong_camera_motion_visible,0.12,True,True,True,,,,unknown,unknown,lingbot_pending,MISSING_REAL_ENERGY,No real energy fields found; rerun with LingBot energy backend.
all500,288,v11_SYN_0539_03465_roll_orbit_right_60_seed42465_background_drift_visible,synthetic_controlled,TypeM_v11_synthetic_visible,background_drift_visible,0.12,True,True,True,,,,unknown,unknown,lingbot_pending,MISSING_REAL_ENERGY,No real energy fields found; rerun with LingBot energy backend.
all500,289,v11_SYN_EXTRA_0057_02295_collision_strafe_left_180_seed41295_collision_response_failure_synthetic,synthetic_controlled,TypeM_v11_synthetic_visible,collision_response_failure_synthetic,0.131435,True,True,True,,,,unknown,unknown,lingbot_pending,MISSING_REAL_ENERGY,No real energy fields found; rerun with LingBot energy backend.
all500,290,v11_SYN_0295_04339_containment_orbit_left_44_seed43339_containment_failure_synthetic,synthetic_controlled,TypeM_v11_synthetic_visible,containment_failure_synthetic,0.12,True,True,True,,,,unknown,unknown,lingbot_pending,MISSING_REAL_ENERGY,No real energy fields found; rerun with LingBot energy backend.
all500,291,v10_TypeM_063_v6_04204_containment_orbit_left_44_seed43204_foreground_identity_color_shift,synthetic_controlled,TypeM_v10_synthetic_visible,foreground_identity_color_shift,0.263234,True,True,True,,,,unknown,unknown,lingbot_pending,MISSING_REAL_ENERGY,No real energy fields found; rerun with LingBot energy backend.
all500,292,v11_SYN_0064_02284_collision_orbit_right_64_seed41284_local_scene_patch_drift,synthetic_controlled,TypeM_v11_synthetic_visible,local_scene_patch_drift,0.12,True,True,True,,,,unknown,unknown,lingbot_pending,MISSING_REAL_ENERGY,No real energy fields found; rerun with LingBot energy backend.
all500,293,v11_SYN_0048_02259_collision_strafe_left_180_seed41259_object_identity_color_shift,synthetic_controlled,TypeM_v11_synthetic_visible,object_identity_color_shift,0.165209,True,True,True,,,,unknown,unknown,lingbot_pending,MISSING_REAL_ENERGY,No real energy fields found; rerun with LingBot energy backend.
all500,294,v11_SYN_0526_03442_roll_orbit_right_60_seed42442_partial_freeze_foreground,synthetic_controlled,TypeM_v11_synthetic_visible,partial_freeze_foreground,0.158745,True,True,True,,,,unknown,unknown,lingbot_pending,MISSING_REAL_ENERGY,No real energy fields found; rerun with LingBot energy backend.
all500,295,v11_SYN_0290_04302_containment_orbit_left_44_seed43302_reobserve_mismatch_visible,synthetic_controlled,TypeM_v11_synthetic_visible,reobserve_mismatch_visible,0.12,True,True,True,,,,unknown,unknown,lingbot_pending,MISSING_REAL_ENERGY,No real energy fields found; rerun with LingBot energy backend.
all500,296,v11_SYN_0566_03495_roll_orbit_right_60_seed42495_wrong_camera_motion_visible,synthetic_controlled,TypeM_v11_synthetic_visible,wrong_camera_motion_visible,0.12,True,True,True,,,,unknown,unknown,lingbot_pending,MISSING_REAL_ENERGY,No real energy fields found; rerun with LingBot energy backend.
all500,297,v11_SYN_0557_03484_roll_orbit_right_60_seed42484_background_drift_visible,synthetic_controlled,TypeM_v11_synthetic_visible,background_drift_visible,0.12,True,True,True,,,,unknown,unknown,lingbot_pending,MISSING_REAL_ENERGY,No real energy fields found; rerun with LingBot energy backend.
all500,298,v11_SYN_0091_02327_collision_strafe_left_180_seed41327_collision_response_failure_synthetic,synthetic_controlled,TypeM_v11_synthetic_visible,collision_response_failure_synthetic,0.12,True,True,True,,,,unknown,unknown,lingbot_pending,MISSING_REAL_ENERGY,No real energy fields found; rerun with LingBot energy backend.
all500,299,v11_SYN_EXTRA_0197_04339_containment_orbit_left_44_seed43339_containment_failure_synthetic,synthetic_controlled,TypeM_v11_synthetic_visible,containment_failure_synthetic,0.12,True,True,True,,,,unknown,unknown,lingbot_pending,MISSING_REAL_ENERGY,No real energy fields found; rerun with LingBot energy backend.
all500,300,v11_SYN_0070_02286_collision_orbit_right_64_seed41286_local_scene_patch_drift,synthetic_controlled,TypeM_v11_synthetic_visible,local_scene_patch_drift,0.12,True,True,True,,,,unknown,unknown,lingbot_pending,MISSING_REAL_ENERGY,No real energy fields found; rerun with LingBot energy backend.
all500,301,v11_SYN_0054_02262_collision_orbit_right_64_seed41262_object_identity_color_shift,synthetic_controlled,TypeM_v11_synthetic_visible,object_identity_color_shift,0.191076,True,True,True,,,,unknown,unknown,lingbot_pending,MISSING_REAL_ENERGY,No real energy fields found; rerun with LingBot energy backend.
all500,302,v11_SYN_0538_03465_roll_orbit_right_60_seed42465_partial_freeze_foreground,synthetic_controlled,TypeM_v11_synthetic_visible,partial_freeze_foreground,0.12,True,True,True,,,,unknown,unknown,lingbot_pending,MISSING_REAL_ENERGY,No real energy fields found; rerun with LingBot energy backend.
all500,303,v11_SYN_EXTRA_0194_04302_containment_orbit_left_44_seed43302_reobserve_mismatch_visible,synthetic_controlled,TypeM_v11_synthetic_visible,reobserve_mismatch_visible,0.12,True,True,True,,,,unknown,unknown,lingbot_pending,MISSING_REAL_ENERGY,No real energy fields found; rerun with LingBot energy backend.
all500,304,v11_SYN_0572_03505_roll_orbit_right_60_seed42505_wrong_camera_motion_visible,synthetic_controlled,TypeM_v11_synthetic_visible,wrong_camera_motion_visible,0.12,True,True,True,,,,unknown,unknown,lingbot_pending,MISSING_REAL_ENERGY,No real energy fields found; rerun with LingBot energy backend.
all500,305,v11_SYN_0563_03494_roll_orbit_right_60_seed42494_background_drift_visible,synthetic_controlled,TypeM_v11_synthetic_visible,background_drift_visible,0.12,True,True,True,,,,unknown,unknown,lingbot_pending,MISSING_REAL_ENERGY,No real energy fields found; rerun with LingBot energy backend.
all500,306,v11_SYN_EXTRA_0061_02327_collision_strafe_left_180_seed41327_collision_response_failure_synthetic,synthetic_controlled,TypeM_v11_synthetic_visible,collision_response_failure_synthetic,0.12,True,True,True,,,,unknown,unknown,lingbot_pending,MISSING_REAL_ENERGY,No real energy fields found; rerun with LingBot energy backend.
all500,307,v11_SYN_0301_04342_containment_orbit_left_44_seed43342_containment_failure_synthetic,synthetic_controlled,TypeM_v11_synthetic_visible,containment_failure_synthetic,0.128451,True,True,True,,,,unknown,unknown,lingbot_pending,MISSING_REAL_ENERGY,No real energy fields found; rerun with LingBot energy backend.
all500,308,v11_SYN_EXTRA_0048_02286_collision_orbit_right_64_seed41286_local_scene_patch_drift,synthetic_controlled,TypeM_v11_synthetic_visible,local_scene_patch_drift,0.12,True,True,True,,,,unknown,unknown,lingbot_pending,MISSING_REAL_ENERGY,No real energy fields found; rerun with LingBot energy backend.
all500,309,v11_SYN_0544_03472_roll_orbit_right_60_seed42472_partial_freeze_foreground,synthetic_controlled,TypeM_v11_synthetic_visible,partial_freeze_foreground,0.215985,True,True,True,,,,unknown,unknown,lingbot_pending,MISSING_REAL_ENERGY,No real energy fields found; rerun with LingBot energy backend.
all500,310,v11_SYN_EXTRA_0198_04339_containment_orbit_left_44_seed43339_reobserve_mismatch_visible,synthetic_controlled,TypeM_v11_synthetic_visible,reobserve_mismatch_visible,0.12842,True,True,True,,,,unknown,unknown,lingbot_pending,MISSING_REAL_ENERGY,No real energy fields found; rerun with LingBot energy backend.
all500,311,v11_SYN_0578_03533_roll_orbit_right_60_seed42533_wrong_camera_motion_visible,synthetic_controlled,TypeM_v11_synthetic_visible,wrong_camera_motion_visible,0.12,True,True,True,,,,unknown,unknown,lingbot_pending,MISSING_REAL_ENERGY,No real energy fields found; rerun with LingBot energy backend.
all500,312,v11_SYN_0581_03533_roll_orbit_right_60_seed42533_background_drift_visible,synthetic_controlled,TypeM_v11_synthetic_visible,background_drift_visible,0.12,True,True,True,,,,unknown,unknown,lingbot_pending,MISSING_REAL_ENERGY,No real energy fields found; rerun with LingBot energy backend.
all500,313,v11_SYN_0097_02328_collision_orbit_right_64_seed41328_collision_response_failure_synthetic,synthetic_controlled,TypeM_v11_synthetic_visible,collision_response_failure_synthetic,0.12,True,True,True,,,,unknown,unknown,lingbot_pending,MISSING_REAL_ENERGY,No real energy fields found; rerun with LingBot energy backend.
all500,314,v11_SYN_EXTRA_0201_04342_containment_orbit_left_44_seed43342_containment_failure_synthetic,synthetic_controlled,TypeM_v11_synthetic_visible,containment_failure_synthetic,0.12,True,True,True,,,,unknown,unknown,lingbot_pending,MISSING_REAL_ENERGY,No real energy fields found; rerun with LingBot energy backend.
all500,315,v11_SYN_0076_02288_collision_orbit_right_64_seed41288_local_scene_patch_drift,synthetic_controlled,TypeM_v11_synthetic_visible,local_scene_patch_drift,0.12,True,True,True,,,,unknown,unknown,lingbot_pending,MISSING_REAL_ENERGY,No real energy fields found; rerun with LingBot energy backend.
all500,316,v11_SYN_0066_02284_collision_orbit_right_64_seed41284_object_identity_color_shift,synthetic_controlled,TypeM_v11_synthetic_visible,object_identity_color_shift,0.12,True,True,True,,,,unknown,unknown,lingbot_pending,MISSING_REAL_ENERGY,No real energy fields found; rerun with LingBot energy backend.
all500,317,v11_SYN_0550_03477_roll_orbit_right_60_seed42477_partial_freeze_foreground,synthetic_controlled,TypeM_v11_synthetic_visible,partial_freeze_foreground,0.122823,True,True,True,,,,unknown,unknown,lingbot_pending,MISSING_REAL_ENERGY,No real energy fields found; rerun with LingBot energy backend.
all500,318,v11_SYN_0302_04342_containment_orbit_left_44_seed43342_reobserve_mismatch_visible,synthetic_controlled,TypeM_v11_synthetic_visible,reobserve_mismatch_visible,0.12,True,True,True,,,,unknown,unknown,lingbot_pending,MISSING_REAL_ENERGY,No real energy fields found; rerun with LingBot energy backend.
all500,319,v11_SYN_0584_03536_roll_orbit_right_60_seed42536_wrong_camera_motion_visible,synthetic_controlled,TypeM_v11_synthetic_visible,wrong_camera_motion_visible,0.12,True,True,True,,,,unknown,unknown,lingbot_pending,MISSING_REAL_ENERGY,No real energy fields found; rerun with LingBot energy backend.
all500,320,v11_SYN_0587_03536_roll_orbit_right_60_seed42536_background_drift_visible,synthetic_controlled,TypeM_v11_synthetic_visible,background_drift_visible,0.12,True,True,True,,,,unknown,unknown,lingbot_pending,MISSING_REAL_ENERGY,No real energy fields found; rerun with LingBot energy backend.
all500,321,v11_SYN_EXTRA_0065_02328_collision_orbit_right_64_seed41328_collision_response_failure_synthetic,synthetic_controlled,TypeM_v11_synthetic_visible,collision_response_failure_synthetic,0.130765,True,True,True,,,,unknown,unknown,lingbot_pending,MISSING_REAL_ENERGY,No real energy fields found; rerun with LingBot energy backend.
all500,322,v11_SYN_0307_04346_containment_orbit_left_44_seed43346_containment_failure_synthetic,synthetic_controlled,TypeM_v11_synthetic_visible,containment_failure_synthetic,0.12,True,True,True,,,,unknown,unknown,lingbot_pending,MISSING_REAL_ENERGY,No real energy fields found; rerun with LingBot energy backend.
all500,323,v11_SYN_EXTRA_0052_02288_collision_orbit_right_64_seed41288_local_scene_patch_drift,synthetic_controlled,TypeM_v11_synthetic_visible,local_scene_patch_drift,0.12,True,True,True,,,,unknown,unknown,lingbot_pending,MISSING_REAL_ENERGY,No real energy fields found; rerun with LingBot energy backend.
all500,324,v11_SYN_0072_02286_collision_orbit_right_64_seed41286_object_identity_color_shift,synthetic_controlled,TypeM_v11_synthetic_visible,object_identity_color_shift,0.12588,True,True,True,,,,unknown,unknown,lingbot_pending,MISSING_REAL_ENERGY,No real energy fields found; rerun with LingBot energy backend.
all500,325,v11_SYN_0556_03484_roll_orbit_right_60_seed42484_partial_freeze_foreground,synthetic_controlled,TypeM_v11_synthetic_visible,partial_freeze_foreground,0.12,True,True,True,,,,unknown,unknown,lingbot_pending,MISSING_REAL_ENERGY,No real energy fields found; rerun with LingBot energy backend.
all500,326,v11_SYN_EXTRA_0202_04342_containment_orbit_left_44_seed43342_reobserve_mismatch_visible,synthetic_controlled,TypeM_v11_synthetic_visible,reobserve_mismatch_visible,0.12,True,True,True,,,,unknown,unknown,lingbot_pending,MISSING_REAL_ENERGY,No real energy fields found; rerun with LingBot energy backend.
all500,327,v11_SYN_0596_03544_roll_orbit_right_60_seed42544_wrong_camera_motion_visible,synthetic_controlled,TypeM_v11_synthetic_visible,wrong_camera_motion_visible,0.12,True,True,True,,,,unknown,unknown,lingbot_pending,MISSING_REAL_ENERGY,No real energy fields found; rerun with LingBot energy backend.
all500,328,v11_SYN_0593_03542_roll_orbit_right_60_seed42542_background_drift_visible,synthetic_controlled,TypeM_v11_synthetic_visible,background_drift_visible,0.12,True,True,True,,,,unknown,unknown,lingbot_pending,MISSING_REAL_ENERGY,No real energy fields found; rerun with LingBot energy backend.
all500,329,v11_SYN_0103_02353_collision_strafe_left_180_seed41353_collision_response_failure_synthetic,synthetic_controlled,TypeM_v11_synthetic_visible,collision_response_failure_synthetic,0.12,True,True,True,,,,unknown,unknown,lingbot_pending,MISSING_REAL_ENERGY,No real energy fields found; rerun with LingBot energy backend.
all500,330,v11_SYN_EXTRA_0205_04346_containment_orbit_left_44_seed43346_containment_failure_synthetic,synthetic_controlled,TypeM_v11_synthetic_visible,containment_failure_synthetic,0.12,True,True,True,,,,unknown,unknown,lingbot_pending,MISSING_REAL_ENERGY,No real energy fields found; rerun with LingBot energy backend.
all500,331,v11_SYN_EXTRA_0056_02292_collision_orbit_right_64_seed41292_local_scene_patch_drift,synthetic_controlled,TypeM_v11_synthetic_visible,local_scene_patch_drift,0.12,True,True,True,,,,unknown,unknown,lingbot_pending,MISSING_REAL_ENERGY,No real energy fields found; rerun with LingBot energy backend.
all500,332,v11_SYN_0078_02288_collision_orbit_right_64_seed41288_object_identity_color_shift,synthetic_controlled,TypeM_v11_synthetic_visible,object_identity_color_shift,0.136203,True,True,True,,,,unknown,unknown,lingbot_pending,MISSING_REAL_ENERGY,No real energy fields found; rerun with LingBot energy backend.
all500,333,v11_SYN_0562_03494_roll_orbit_right_60_seed42494_partial_freeze_foreground,synthetic_controlled,TypeM_v11_synthetic_visible,partial_freeze_foreground,0.12,True,True,True,,,,unknown,unknown,lingbot_pending,MISSING_REAL_ENERGY,No real energy fields found; rerun with LingBot energy backend.
all500,334,v11_SYN_0308_04346_containment_orbit_left_44_seed43346_reobserve_mismatch_visible,synthetic_controlled,TypeM_v11_synthetic_visible,reobserve_mismatch_visible,0.123592,True,True,True,,,,unknown,unknown,lingbot_pending,MISSING_REAL_ENERGY,No real energy fields found; rerun with LingBot energy backend.
all500,335,v11_SYN_0480_v6b_GT_C_001_01014_drop_orbit_left_72_seed40014_wrong_camera_motion_visible,synthetic_controlled,TypeM_v11_synthetic_visible,wrong_camera_motion_visible,0.12,True,True,True,,,,unknown,unknown,lingbot_pending,MISSING_REAL_ENERGY,No real energy fields found; rerun with LingBot energy backend.
all500,336,v11_SYN_0029_02226_collision_orbit_right_64_seed41226_background_drift_visible,synthetic_controlled,TypeM_v11_synthetic_visible,background_drift_visible,0.12,True,True,True,,,,unknown,unknown,lingbot_pending,MISSING_REAL_ENERGY,No real energy fields found; rerun with LingBot energy backend.
all500,337,v11_SYN_EXTRA_0069_02353_collision_strafe_left_180_seed41353_collision_response_failure_synthetic,synthetic_controlled,TypeM_v11_synthetic_visible,collision_response_failure_synthetic,0.124624,True,True,True,,,,unknown,unknown,lingbot_pending,MISSING_REAL_ENERGY,No real energy fields found; rerun with LingBot energy backend.
all500,338,v11_SYN_0313_04351_containment_orbit_left_44_seed43351_containment_failure_synthetic,synthetic_controlled,TypeM_v11_synthetic_visible,containment_failure_synthetic,0.12,True,True,True,,,,unknown,unknown,lingbot_pending,MISSING_REAL_ENERGY,No real energy fields found; rerun with LingBot energy backend.
all500,339,v11_SYN_0088_02295_collision_strafe_left_180_seed41295_local_scene_patch_drift,synthetic_controlled,TypeM_v11_synthetic_visible,local_scene_patch_drift,0.12,True,True,True,,,,unknown,unknown,lingbot_pending,MISSING_REAL_ENERGY,No real energy fields found; rerun with LingBot energy backend.
all500,340,v11_SYN_0084_02292_collision_orbit_right_64_seed41292_object_identity_color_shift,synthetic_controlled,TypeM_v11_synthetic_visible,object_identity_color_shift,0.12,True,True,True,,,,unknown,unknown,lingbot_pending,MISSING_REAL_ENERGY,No real energy fields found; rerun with LingBot energy backend.
all500,341,v11_SYN_0568_03495_roll_orbit_right_60_seed42495_partial_freeze_foreground,synthetic_controlled,TypeM_v11_synthetic_visible,partial_freeze_foreground,0.12,True,True,True,,,,unknown,unknown,lingbot_pending,MISSING_REAL_ENERGY,No real energy fields found; rerun with LingBot energy backend.
all500,342,v11_SYN_EXTRA_0206_04346_containment_orbit_left_44_seed43346_reobserve_mismatch_visible,synthetic_controlled,TypeM_v11_synthetic_visible,reobserve_mismatch_visible,0.123915,True,True,True,,,,unknown,unknown,lingbot_pending,MISSING_REAL_ENERGY,No real energy fields found; rerun with LingBot energy backend.
all500,343,v11_SYN_0011_02202_collision_orbit_right_64_seed41202_background_drift_visible,synthetic_controlled,TypeM_v11_synthetic_visible,background_drift_visible,0.12,True,True,True,,,,unknown,unknown,lingbot_pending,MISSING_REAL_ENERGY,No real energy fields found; rerun with LingBot energy backend.
all500,344,v11_SYN_0109_02360_collision_orbit_right_64_seed41360_collision_response_failure_synthetic,synthetic_controlled,TypeM_v11_synthetic_visible,collision_response_failure_synthetic,0.12,True,True,True,,,,unknown,unknown,lingbot_pending,MISSING_REAL_ENERGY,No real energy fields found; rerun with LingBot energy backend.
all500,345,v11_SYN_EXTRA_0209_04351_containment_orbit_left_44_seed43351_containment_failure_synthetic,synthetic_controlled,TypeM_v11_synthetic_visible,containment_failure_synthetic,0.198633,True,True,True,,,,unknown,unknown,lingbot_pending,MISSING_REAL_ENERGY,No real energy fields found; rerun with LingBot energy backend.
all500,346,v11_SYN_0094_02327_collision_strafe_left_180_seed41327_local_scene_patch_drift,synthetic_controlled,TypeM_v11_synthetic_visible,local_scene_patch_drift,0.12,True,True,True,,,,unknown,unknown,lingbot_pending,MISSING_REAL_ENERGY,No real energy fields found; rerun with LingBot energy backend.
all500,347,v11_SYN_0090_02295_collision_strafe_left_180_seed41295_object_identity_color_shift,synthetic_controlled,TypeM_v11_synthetic_visible,object_identity_color_shift,0.182472,True,True,True,,,,unknown,unknown,lingbot_pending,MISSING_REAL_ENERGY,No real energy fields found; rerun with LingBot energy backend.
all500,348,v11_SYN_0574_03505_roll_orbit_right_60_seed42505_partial_freeze_foreground,synthetic_controlled,TypeM_v11_synthetic_visible,partial_freeze_foreground,0.12,True,True,True,,,,unknown,unknown,lingbot_pending,MISSING_REAL_ENERGY,No real energy fields found; rerun with LingBot energy backend.
all500,349,v11_SYN_0314_04351_containment_orbit_left_44_seed43351_reobserve_mismatch_visible,synthetic_controlled,TypeM_v11_synthetic_visible,reobserve_mismatch_visible,0.12,True,True,True,,,,unknown,unknown,lingbot_pending,MISSING_REAL_ENERGY,No real energy fields found; rerun with LingBot energy backend.
all500,350,v11_SYN_0005_02200_collision_orbit_right_64_seed41200_background_drift_visible,synthetic_controlled,TypeM_v11_synthetic_visible,background_drift_visible,0.12,True,True,True,,,,unknown,unknown,lingbot_pending,MISSING_REAL_ENERGY,No real energy fields found; rerun with LingBot energy backend.
all500,351,v11_SYN_EXTRA_0073_02360_collision_orbit_right_64_seed41360_collision_response_failure_synthetic,synthetic_controlled,TypeM_v11_synthetic_visible,collision_response_failure_synthetic,0.189936,True,True,True,,,,unknown,unknown,lingbot_pending,MISSING_REAL_ENERGY,No real energy fields found; rerun with LingBot energy backend.
all500,352,v11_SYN_0319_04355_containment_orbit_left_44_seed43355_containment_failure_synthetic,synthetic_controlled,TypeM_v11_synthetic_visible,containment_failure_synthetic,0.12,True,True,True,,,,unknown,unknown,lingbot_pending,MISSING_REAL_ENERGY,No real energy fields found; rerun with LingBot energy backend.
all500,353,v11_SYN_EXTRA_0064_02327_collision_strafe_left_180_seed41327_local_scene_patch_drift,synthetic_controlled,TypeM_v11_synthetic_visible,local_scene_patch_drift,0.12,True,True,True,,,,unknown,unknown,lingbot_pending,MISSING_REAL_ENERGY,No real energy fields found; rerun with LingBot energy backend.
all500,354,v11_SYN_0580_03533_roll_orbit_right_60_seed42533_partial_freeze_foreground,synthetic_controlled,TypeM_v11_synthetic_visible,partial_freeze_foreground,0.153286,True,True,True,,,,unknown,unknown,lingbot_pending,MISSING_REAL_ENERGY,No real energy fields found; rerun with LingBot energy backend.
all500,355,v11_SYN_EXTRA_0210_04351_containment_orbit_left_44_seed43351_reobserve_mismatch_visible,synthetic_controlled,TypeM_v11_synthetic_visible,reobserve_mismatch_visible,0.219779,True,True,True,,,,unknown,unknown,lingbot_pending,MISSING_REAL_ENERGY,No real energy fields found; rerun with LingBot energy backend.
all500,356,v11_SYN_0137_prefix5_anchored_1128e39109fc83_object_deformation_background_drift_visible,synthetic_controlled,TypeM_v11_synthetic_visible,background_drift_visible,0.12,True,True,True,,,,unknown,unknown,lingbot_pending,MISSING_REAL_ENERGY,No real energy fields found; rerun with LingBot energy backend.
all500,357,v11_SYN_EXTRA_0077_02366_collision_orbit_right_64_seed41366_collision_response_failure_synthetic,synthetic_controlled,TypeM_v11_synthetic_visible,collision_response_failure_synthetic,0.12,True,True,True,,,,unknown,unknown,lingbot_pending,MISSING_REAL_ENERGY,No real energy fields found; rerun with LingBot energy backend.
all500,358,v11_SYN_EXTRA_0213_04355_containment_orbit_left_44_seed43355_containment_failure_synthetic,synthetic_controlled,TypeM_v11_synthetic_visible,containment_failure_synthetic,0.196291,True,True,True,,,,unknown,unknown,lingbot_pending,MISSING_REAL_ENERGY,No real energy fields found; rerun with LingBot energy backend.
all500,359,v11_SYN_0100_02328_collision_orbit_right_64_seed41328_local_scene_patch_drift,synthetic_controlled,TypeM_v11_synthetic_visible,local_scene_patch_drift,0.12,True,True,True,,,,unknown,unknown,lingbot_pending,MISSING_REAL_ENERGY,No real energy fields found; rerun with LingBot energy backend.
all500,360,v11_SYN_0108_02353_collision_strafe_left_180_seed41353_object_identity_color_shift,synthetic_controlled,TypeM_v11_synthetic_visible,object_identity_color_shift,0.12,True,True,True,,,,unknown,unknown,lingbot_pending,MISSING_REAL_ENERGY,No real energy fields found; rerun with LingBot energy backend.
all500,361,v11_SYN_0227_04209_containment_orbit_left_44_seed43209_partial_freeze_foreground,synthetic_controlled,TypeM_v11_synthetic_visible,partial_freeze_foreground,0.12,True,True,True,,,,unknown,unknown,lingbot_pending,MISSING_REAL_ENERGY,No real energy fields found; rerun with LingBot energy backend.
all500,362,v11_SYN_0320_04355_containment_orbit_left_44_seed43355_reobserve_mismatch_visible,synthetic_controlled,TypeM_v11_synthetic_visible,reobserve_mismatch_visible,0.160614,True,True,True,,,,unknown,unknown,lingbot_pending,MISSING_REAL_ENERGY,No real energy fields found; rerun with LingBot energy backend.
all500,363,v11_SYN_0149_prefix5_anchored_3e28b01a2ca2ef_reobserve_mismatch_background_drift_visible,synthetic_controlled,TypeM_v11_synthetic_visible,background_drift_visible,0.12,True,True,True,,,,unknown,unknown,lingbot_pending,MISSING_REAL_ENERGY,No real energy fields found; rerun with LingBot energy backend.
all500,364,v11_SYN_0121_02378_collision_orbit_right_64_seed41378_collision_response_failure_synthetic,synthetic_controlled,TypeM_v11_synthetic_visible,collision_response_failure_synthetic,0.12,True,True,True,,,,unknown,unknown,lingbot_pending,MISSING_REAL_ENERGY,No real energy fields found; rerun with LingBot energy backend.
all500,365,v11_SYN_0325_04357_containment_orbit_left_44_seed43357_containment_failure_synthetic,synthetic_controlled,TypeM_v11_synthetic_visible,containment_failure_synthetic,0.124595,True,True,True,,,,unknown,unknown,lingbot_pending,MISSING_REAL_ENERGY,No real energy fields found; rerun with LingBot energy backend.
all500,366,v11_SYN_EXTRA_0068_02328_collision_orbit_right_64_seed41328_local_scene_patch_drift,synthetic_controlled,TypeM_v11_synthetic_visible,local_scene_patch_drift,0.12,True,True,True,,,,unknown,unknown,lingbot_pending,MISSING_REAL_ENERGY,No real energy fields found; rerun with LingBot energy backend.
all500,367,v11_SYN_0114_02360_collision_orbit_right_64_seed41360_object_identity_color_shift,synthetic_controlled,TypeM_v11_synthetic_visible,object_identity_color_shift,0.12,True,True,True,,,,unknown,unknown,lingbot_pending,MISSING_REAL_ENERGY,No real energy fields found; rerun with LingBot energy backend.
all500,368,v11_SYN_0233_04214_containment_orbit_left_44_seed43214_partial_freeze_foreground,synthetic_controlled,TypeM_v11_synthetic_visible,partial_freeze_foreground,0.20227,True,True,True,,,,unknown,unknown,lingbot_pending,MISSING_REAL_ENERGY,No real energy fields found; rerun with LingBot energy backend.
all500,369,v11_SYN_EXTRA_0214_04355_containment_orbit_left_44_seed43355_reobserve_mismatch_visible,synthetic_controlled,TypeM_v11_synthetic_visible,reobserve_mismatch_visible,0.122496,True,True,True,,,,unknown,unknown,lingbot_pending,MISSING_REAL_ENERGY,No real energy fields found; rerun with LingBot energy backend.
all500,370,v11_SYN_0155_prefix5_anchored_525c18bc4422f0_background_drift_background_drift_visible,synthetic_controlled,TypeM_v11_synthetic_visible,background_drift_visible,0.12,True,True,True,,,,unknown,unknown,lingbot_pending,MISSING_REAL_ENERGY,No real energy fields found; rerun with LingBot energy backend.
all500,371,v11_SYN_EXTRA_0081_02378_collision_orbit_right_64_seed41378_collision_response_failure_synthetic,synthetic_controlled,TypeM_v11_synthetic_visible,collision_response_failure_synthetic,0.12,True,True,True,,,,unknown,unknown,lingbot_pending,MISSING_REAL_ENERGY,No real energy fields found; rerun with LingBot energy backend.
all500,372,v11_SYN_EXTRA_0217_04357_containment_orbit_left_44_seed43357_containment_failure_synthetic,synthetic_controlled,TypeM_v11_synthetic_visible,containment_failure_synthetic,0.178765,True,True,True,,,,unknown,unknown,lingbot_pending,MISSING_REAL_ENERGY,No real energy fields found; rerun with LingBot energy backend.
all500,373,v11_SYN_0106_02353_collision_strafe_left_180_seed41353_local_scene_patch_drift,synthetic_controlled,TypeM_v11_synthetic_visible,local_scene_patch_drift,0.12,True,True,True,,,,unknown,unknown,lingbot_pending,MISSING_REAL_ENERGY,No real energy fields found; rerun with LingBot energy backend.
all500,374,v11_SYN_0120_02366_collision_orbit_right_64_seed41366_object_identity_color_shift,synthetic_controlled,TypeM_v11_synthetic_visible,object_identity_color_shift,0.137912,True,True,True,,,,unknown,unknown,lingbot_pending,MISSING_REAL_ENERGY,No real energy fields found; rerun with LingBot energy backend.
all500,375,v11_SYN_0326_04357_containment_orbit_left_44_seed43357_reobserve_mismatch_visible,synthetic_controlled,TypeM_v11_synthetic_visible,reobserve_mismatch_visible,0.12,True,True,True,,,,unknown,unknown,lingbot_pending,MISSING_REAL_ENERGY,No real energy fields found; rerun with LingBot energy backend.
all500,376,v11_SYN_0167_prefix5_anchored_b53591379e11c1_object_deformation_background_drift_visible,synthetic_controlled,TypeM_v11_synthetic_visible,background_drift_visible,0.12,True,True,True,,,,unknown,unknown,lingbot_pending,MISSING_REAL_ENERGY,No real energy fields found; rerun with LingBot energy backend.
all500,377,v11_SYN_0127_02384_collision_orbit_right_64_seed41384_collision_response_failure_synthetic,synthetic_controlled,TypeM_v11_synthetic_visible,collision_response_failure_synthetic,0.12,True,True,True,,,,unknown,unknown,lingbot_pending,MISSING_REAL_ENERGY,No real energy fields found; rerun with LingBot energy backend.
all500,378,v11_SYN_0331_04358_containment_orbit_left_44_seed43358_containment_failure_synthetic,synthetic_controlled,TypeM_v11_synthetic_visible,containment_failure_synthetic,0.12,True,True,True,,,,unknown,unknown,lingbot_pending,MISSING_REAL_ENERGY,No real energy fields found; rerun with LingBot energy backend.
all500,379,v11_SYN_0126_02378_collision_orbit_right_64_seed41378_object_identity_color_shift,synthetic_controlled,TypeM_v11_synthetic_visible,object_identity_color_shift,0.152241,True,True,True,,,,unknown,unknown,lingbot_pending,MISSING_REAL_ENERGY,No real energy fields found; rerun with LingBot energy backend.
all500,380,v11_SYN_0251_04248_containment_orbit_left_44_seed43248_partial_freeze_foreground,synthetic_controlled,TypeM_v11_synthetic_visible,partial_freeze_foreground,0.12,True,True,True,,,,unknown,unknown,lingbot_pending,MISSING_REAL_ENERGY,No real energy fields found; rerun with LingBot energy backend.
all500,381,v11_SYN_EXTRA_0218_04357_containment_orbit_left_44_seed43357_reobserve_mismatch_visible,synthetic_controlled,TypeM_v11_synthetic_visible,reobserve_mismatch_visible,0.122608,True,True,True,,,,unknown,unknown,lingbot_pending,MISSING_REAL_ENERGY,No real energy fields found; rerun with LingBot energy backend.
all500,382,v11_SYN_0173_prefix5_anchored_e78653865b3413_wrong_camera_motion_background_drift_visible,synthetic_controlled,TypeM_v11_synthetic_visible,background_drift_visible,0.12,True,True,True,,,,unknown,unknown,lingbot_pending,MISSING_REAL_ENERGY,No real energy fields found; rerun with LingBot energy backend.
all500,383,v11_SYN_EXTRA_0085_02384_collision_orbit_right_64_seed41384_collision_response_failure_synthetic,synthetic_controlled,TypeM_v11_synthetic_visible,collision_response_failure_synthetic,0.12,True,True,True,,,,unknown,unknown,lingbot_pending,MISSING_REAL_ENERGY,No real energy fields found; rerun with LingBot energy backend.
all500,384,v11_SYN_EXTRA_0221_04358_containment_orbit_left_44_seed43358_containment_failure_synthetic,synthetic_controlled,TypeM_v11_synthetic_visible,containment_failure_synthetic,0.125459,True,True,True,,,,unknown,unknown,lingbot_pending,MISSING_REAL_ENERGY,No real energy fields found; rerun with LingBot energy backend.
all500,385,v11_SYN_0118_02366_collision_orbit_right_64_seed41366_local_scene_patch_drift,synthetic_controlled,TypeM_v11_synthetic_visible,local_scene_patch_drift,0.12,True,True,True,,,,unknown,unknown,lingbot_pending,MISSING_REAL_ENERGY,No real energy fields found; rerun with LingBot energy backend.
all500,386,v11_SYN_0132_02384_collision_orbit_right_64_seed41384_object_identity_color_shift,synthetic_controlled,TypeM_v11_synthetic_visible,object_identity_color_shift,0.164985,True,True,True,,,,unknown,unknown,lingbot_pending,MISSING_REAL_ENERGY,No real energy fields found; rerun with LingBot energy backend.
all500,387,v11_SYN_0332_04358_containment_orbit_left_44_seed43358_reobserve_mismatch_visible,synthetic_controlled,TypeM_v11_synthetic_visible,reobserve_mismatch_visible,0.12,True,True,True,,,,unknown,unknown,lingbot_pending,MISSING_REAL_ENERGY,No real energy fields found; rerun with LingBot energy backend.
all500,388,v11_SYN_0191_prefix5_anchored_ff65f1ae3e7ca8_background_drift_background_drift_visible,synthetic_controlled,TypeM_v11_synthetic_visible,background_drift_visible,0.12,True,True,True,,,,unknown,unknown,lingbot_pending,MISSING_REAL_ENERGY,No real energy fields found; rerun with LingBot energy backend.
all500,389,v11_SYN_0019_02222_collision_orbit_right_64_seed41222_collision_response_failure_synthetic,synthetic_controlled,TypeM_v11_synthetic_visible,collision_response_failure_synthetic,0.12,True,True,True,,,,unknown,unknown,lingbot_pending,MISSING_REAL_ENERGY,No real energy fields found; rerun with LingBot energy backend.
all500,390,v11_SYN_0217_04204_containment_orbit_left_44_seed43204_containment_failure_synthetic,synthetic_controlled,TypeM_v11_synthetic_visible,containment_failure_synthetic,0.12,True,True,True,,,,unknown,unknown,lingbot_pending,MISSING_REAL_ENERGY,No real energy fields found; rerun with LingBot energy backend.
all500,391,v11_SYN_EXTRA_0080_02366_collision_orbit_right_64_seed41366_local_scene_patch_drift,synthetic_controlled,TypeM_v11_synthetic_visible,local_scene_patch_drift,0.12,True,True,True,,,,unknown,unknown,lingbot_pending,MISSING_REAL_ENERGY,No real energy fields found; rerun with LingBot energy backend.
all500,392,v11_SYN_0486_03409_roll_orbit_right_60_seed42409_object_identity_color_shift,synthetic_controlled,TypeM_v11_synthetic_visible,object_identity_color_shift,0.12,True,True,True,,,,unknown,unknown,lingbot_pending,MISSING_REAL_ENERGY,No real energy fields found; rerun with LingBot energy backend.
all500,393,v11_SYN_0263_04252_containment_orbit_left_44_seed43252_partial_freeze_foreground,synthetic_controlled,TypeM_v11_synthetic_visible,partial_freeze_foreground,0.124219,True,True,True,,,,unknown,unknown,lingbot_pending,MISSING_REAL_ENERGY,No real energy fields found; rerun with LingBot energy backend.
all500,394,v11_SYN_EXTRA_0222_04358_containment_orbit_left_44_seed43358_reobserve_mismatch_visible,synthetic_controlled,TypeM_v11_synthetic_visible,reobserve_mismatch_visible,0.142179,True,True,True,,,,unknown,unknown,lingbot_pending,MISSING_REAL_ENERGY,No real energy fields found; rerun with LingBot energy backend.
all500,395,v11_SYN_0197_v6_02200_collision_orbit_right_64_seed41200_background_drift_visible,synthetic_controlled,TypeM_v11_synthetic_visible,background_drift_visible,0.12,True,True,True,,,,unknown,unknown,lingbot_pending,MISSING_REAL_ENERGY,No real energy fields found; rerun with LingBot energy backend.
all500,396,v11_SYN_EXTRA_0013_02222_collision_orbit_right_64_seed41222_collision_response_failure_synthetic,synthetic_controlled,TypeM_v11_synthetic_visible,collision_response_failure_synthetic,0.13386,True,True,True,,,,unknown,unknown,lingbot_pending,MISSING_REAL_ENERGY,No real energy fields found; rerun with LingBot energy backend.
all500,397,v11_SYN_EXTRA_0145_04204_containment_orbit_left_44_seed43204_containment_failure_synthetic,synthetic_controlled,TypeM_v11_synthetic_visible,containment_failure_synthetic,0.12,True,True,True,,,,unknown,unknown,lingbot_pending,MISSING_REAL_ENERGY,No real energy fields found; rerun with LingBot energy backend.
all500,398,v11_SYN_0124_02378_collision_orbit_right_64_seed41378_local_scene_patch_drift,synthetic_controlled,TypeM_v11_synthetic_visible,local_scene_patch_drift,0.12,True,True,True,,,,unknown,unknown,lingbot_pending,MISSING_REAL_ENERGY,No real energy fields found; rerun with LingBot energy backend.
all500,399,v11_SYN_0492_03410_roll_orbit_right_60_seed42410_object_identity_color_shift,synthetic_controlled,TypeM_v11_synthetic_visible,object_identity_color_shift,0.12,True,True,True,,,,unknown,unknown,lingbot_pending,MISSING_REAL_ENERGY,No real energy fields found; rerun with LingBot energy backend.
all500,400,v11_SYN_0218_04204_containment_orbit_left_44_seed43204_reobserve_mismatch_visible,synthetic_controlled,TypeM_v11_synthetic_visible,reobserve_mismatch_visible,0.12,True,True,True,,,,unknown,unknown,lingbot_pending,MISSING_REAL_ENERGY,No real energy fields found; rerun with LingBot energy backend.
all500,401,v11_SYN_0209_v6_02222_collision_orbit_right_64_seed41222_background_drift_visible,synthetic_controlled,TypeM_v11_synthetic_visible,background_drift_visible,0.12,True,True,True,,,,unknown,unknown,lingbot_pending,MISSING_REAL_ENERGY,No real energy fields found; rerun with LingBot energy backend.
all500,402,v11_SYN_0025_02226_collision_orbit_right_64_seed41226_collision_response_failure_synthetic,synthetic_controlled,TypeM_v11_synthetic_visible,collision_response_failure_synthetic,0.12,True,True,True,,,,unknown,unknown,lingbot_pending,MISSING_REAL_ENERGY,No real energy fields found; rerun with LingBot energy backend.
all500,403,v11_SYN_0337_prefix5_anchored_1279c3b65a6d9e_object_identity_change_containment_failure_synthetic,synthetic_controlled,TypeM_v11_synthetic_visible,containment_failure_synthetic,0.12,True,True,True,,,,unknown,unknown,lingbot_pending,MISSING_REAL_ENERGY,No real energy fields found; rerun with LingBot energy backend.
all500,404,v11_SYN_0130_02384_collision_orbit_right_64_seed41384_local_scene_patch_drift,synthetic_controlled,TypeM_v11_synthetic_visible,local_scene_patch_drift,0.12,True,True,True,,,,unknown,unknown,lingbot_pending,MISSING_REAL_ENERGY,No real energy fields found; rerun with LingBot energy backend.
all500,405,v11_SYN_0498_03413_roll_orbit_right_60_seed42413_object_identity_color_shift,synthetic_controlled,TypeM_v11_synthetic_visible,object_identity_color_shift,0.147276,True,True,True,,,,unknown,unknown,lingbot_pending,MISSING_REAL_ENERGY,No real energy fields found; rerun with LingBot energy backend.
all500,406,v11_SYN_0275_04267_containment_orbit_left_44_seed43267_partial_freeze_foreground,synthetic_controlled,TypeM_v11_synthetic_visible,partial_freeze_foreground,0.148263,True,True,True,,,,unknown,unknown,lingbot_pending,MISSING_REAL_ENERGY,No real energy fields found; rerun with LingBot energy backend.
all500,407,v11_SYN_EXTRA_0146_04204_containment_orbit_left_44_seed43204_reobserve_mismatch_visible,synthetic_controlled,TypeM_v11_synthetic_visible,reobserve_mismatch_visible,0.12,True,True,True,,,,unknown,unknown,lingbot_pending,MISSING_REAL_ENERGY,No real energy fields found; rerun with LingBot energy backend.
all500,408,v11_SYN_0007_02202_collision_orbit_right_64_seed41202_collision_response_failure_synthetic,synthetic_controlled,TypeM_v11_synthetic_visible,collision_response_failure_synthetic,0.12,True,True,True,,,,unknown,unknown,lingbot_pending,MISSING_REAL_ENERGY,No real energy fields found; rerun with LingBot energy backend.
all500,409,v11_SYN_EXTRA_0225_prefix5_anchored_1279c3b65a6d9e_object_identity_change_containment_failure_synthetic,synthetic_controlled,TypeM_v11_synthetic_visible,containment_failure_synthetic,0.12,True,True,True,,,,unknown,unknown,lingbot_pending,MISSING_REAL_ENERGY,No real energy fields found; rerun with LingBot energy backend.
all500,410,v11_SYN_0504_03418_roll_orbit_right_60_seed42418_object_identity_color_shift,synthetic_controlled,TypeM_v11_synthetic_visible,object_identity_color_shift,0.12,True,True,True,,,,unknown,unknown,lingbot_pending,MISSING_REAL_ENERGY,No real energy fields found; rerun with LingBot energy backend.
all500,411,v11_SYN_0338_prefix5_anchored_1279c3b65a6d9e_object_identity_change_reobserve_mismatch_visible,synthetic_controlled,TypeM_v11_synthetic_visible,reobserve_mismatch_visible,0.12,True,True,True,,,,unknown,unknown,lingbot_pending,MISSING_REAL_ENERGY,No real energy fields found; rerun with LingBot energy backend.
all500,412,v11_SYN_EXTRA_0005_02202_collision_orbit_right_64_seed41202_collision_response_failure_synthetic,synthetic_controlled,TypeM_v11_synthetic_visible,collision_response_failure_synthetic,0.12,True,True,True,,,,unknown,unknown,lingbot_pending,MISSING_REAL_ENERGY,No real energy fields found; rerun with LingBot energy backend.
all500,413,v11_SYN_0343_prefix5_anchored_29df7c5cf94c4b_reobserve_mismatch_containment_failure_synthetic,synthetic_controlled,TypeM_v11_synthetic_visible,containment_failure_synthetic,0.12,True,True,True,,,,unknown,unknown,lingbot_pending,MISSING_REAL_ENERGY,No real energy fields found; rerun with LingBot energy backend.
all500,414,v11_SYN_0226_04209_containment_orbit_left_44_seed43209_local_scene_patch_drift,synthetic_controlled,TypeM_v11_synthetic_visible,local_scene_patch_drift,0.12,True,True,True,,,,unknown,unknown,lingbot_pending,MISSING_REAL_ENERGY,No real energy fields found; rerun with LingBot energy backend.
all500,415,v11_SYN_0510_03435_roll_orbit_right_60_seed42435_object_identity_color_shift,synthetic_controlled,TypeM_v11_synthetic_visible,object_identity_color_shift,0.249529,True,True,True,,,,unknown,unknown,lingbot_pending,MISSING_REAL_ENERGY,No real energy fields found; rerun with LingBot energy backend.
all500,416,v11_SYN_0287_04280_containment_orbit_left_44_seed43280_partial_freeze_foreground,synthetic_controlled,TypeM_v11_synthetic_visible,partial_freeze_foreground,0.12,True,True,True,,,,unknown,unknown,lingbot_pending,MISSING_REAL_ENERGY,No real energy fields found; rerun with LingBot energy backend.
all500,417,v11_SYN_EXTRA_0230_prefix5_anchored_29df7c5cf94c4b_reobserve_mismatch_reobserve_mismatch_visible,synthetic_controlled,TypeM_v11_synthetic_visible,reobserve_mismatch_visible,0.12,True,True,True,,,,unknown,unknown,lingbot_pending,MISSING_REAL_ENERGY,No real energy fields found; rerun with LingBot energy backend.
all500,418,v11_SYN_0001_02200_collision_orbit_right_64_seed41200_collision_response_failure_synthetic,synthetic_controlled,TypeM_v11_synthetic_visible,collision_response_failure_synthetic,0.124606,True,True,True,,,,unknown,unknown,lingbot_pending,MISSING_REAL_ENERGY,No real energy fields found; rerun with LingBot energy backend.
all500,419,v11_SYN_EXTRA_0229_prefix5_anchored_29df7c5cf94c4b_reobserve_mismatch_containment_failure_synthetic,synthetic_controlled,TypeM_v11_synthetic_visible,containment_failure_synthetic,0.149105,True,True,True,,,,unknown,unknown,lingbot_pending,MISSING_REAL_ENERGY,No real energy fields found; rerun with LingBot energy backend.
all500,420,v11_SYN_0516_03437_roll_orbit_right_60_seed42437_object_identity_color_shift,synthetic_controlled,TypeM_v11_synthetic_visible,object_identity_color_shift,0.12,True,True,True,,,,unknown,unknown,lingbot_pending,MISSING_REAL_ENERGY,No real energy fields found; rerun with LingBot energy backend.
all500,421,v11_SYN_0293_04302_containment_orbit_left_44_seed43302_partial_freeze_foreground,synthetic_controlled,TypeM_v11_synthetic_visible,partial_freeze_foreground,0.14178,True,True,True,,,,unknown,unknown,lingbot_pending,MISSING_REAL_ENERGY,No real energy fields found; rerun with LingBot energy backend.
all500,422,v11_SYN_EXTRA_0234_prefix5_anchored_95981b8f74bed0_background_drift_reobserve_mismatch_visible,synthetic_controlled,TypeM_v11_synthetic_visible,reobserve_mismatch_visible,0.12,True,True,True,,,,unknown,unknown,lingbot_pending,MISSING_REAL_ENERGY,No real energy fields found; rerun with LingBot energy backend.
all500,423,v11_SYN_0133_prefix5_anchored_1128e39109fc83_object_deformation_collision_response_failure_synthetic,synthetic_controlled,TypeM_v11_synthetic_visible,collision_response_failure_synthetic,0.12,True,True,True,,,,unknown,unknown,lingbot_pending,MISSING_REAL_ENERGY,No real energy fields found; rerun with LingBot energy backend.
all500,424,v11_SYN_0349_prefix5_anchored_95981b8f74bed0_background_drift_containment_failure_synthetic,synthetic_controlled,TypeM_v11_synthetic_visible,containment_failure_synthetic,0.12,True,True,True,,,,unknown,unknown,lingbot_pending,MISSING_REAL_ENERGY,No real energy fields found; rerun with LingBot energy backend.
all500,425,v11_SYN_0232_04214_containment_orbit_left_44_seed43214_local_scene_patch_drift,synthetic_controlled,TypeM_v11_synthetic_visible,local_scene_patch_drift,0.14553,True,True,True,,,,unknown,unknown,lingbot_pending,MISSING_REAL_ENERGY,No real energy fields found; rerun with LingBot energy backend.
all500,426,v11_SYN_0528_03442_roll_orbit_right_60_seed42442_object_identity_color_shift,synthetic_controlled,TypeM_v11_synthetic_visible,object_identity_color_shift,0.12,True,True,True,,,,unknown,unknown,lingbot_pending,MISSING_REAL_ENERGY,No real energy fields found; rerun with LingBot energy backend.
all500,427,v11_SYN_0299_04339_containment_orbit_left_44_seed43339_partial_freeze_foreground,synthetic_controlled,TypeM_v11_synthetic_visible,partial_freeze_foreground,0.12,True,True,True,,,,unknown,unknown,lingbot_pending,MISSING_REAL_ENERGY,No real energy fields found; rerun with LingBot energy backend.
all500,428,v11_SYN_0356_prefix5_anchored_d744c2d6f264ba_object_deformation_reobserve_mismatch_visible,synthetic_controlled,TypeM_v11_synthetic_visible,reobserve_mismatch_visible,0.12,True,True,True,,,,unknown,unknown,lingbot_pending,MISSING_REAL_ENERGY,No real energy fields found; rerun with LingBot energy backend.
all500,429,v11_SYN_EXTRA_0089_prefix5_anchored_1128e39109fc83_object_deformation_collision_response_failure_synthetic,synthetic_controlled,TypeM_v11_synthetic_visible,collision_response_failure_synthetic,0.12,True,True,True,,,,unknown,unknown,lingbot_pending,MISSING_REAL_ENERGY,No real energy fields found; rerun with LingBot energy backend.
all500,430,v11_SYN_EXTRA_0233_prefix5_anchored_95981b8f74bed0_background_drift_containment_failure_synthetic,synthetic_controlled,TypeM_v11_synthetic_visible,containment_failure_synthetic,0.12,True,True,True,,,,unknown,unknown,lingbot_pending,MISSING_REAL_ENERGY,No real energy fields found; rerun with LingBot energy backend.
all500,431,v11_SYN_0534_03453_roll_orbit_right_60_seed42453_object_identity_color_shift,synthetic_controlled,TypeM_v11_synthetic_visible,object_identity_color_shift,0.189308,True,True,True,,,,unknown,unknown,lingbot_pending,MISSING_REAL_ENERGY,No real energy fields found; rerun with LingBot energy backend.
all500,432,v11_SYN_0305_04342_containment_orbit_left_44_seed43342_partial_freeze_foreground,synthetic_controlled,TypeM_v11_synthetic_visible,partial_freeze_foreground,0.163144,True,True,True,,,,unknown,unknown,lingbot_pending,MISSING_REAL_ENERGY,No real energy fields found; rerun with LingBot energy backend.
all500,433,v11_SYN_EXTRA_0238_prefix5_anchored_d744c2d6f264ba_object_deformation_reobserve_mismatch_visible,synthetic_controlled,TypeM_v11_synthetic_visible,reobserve_mismatch_visible,0.12,True,True,True,,,,unknown,unknown,lingbot_pending,MISSING_REAL_ENERGY,No real energy fields found; rerun with LingBot energy backend.
all500,434,v11_SYN_0139_prefix5_anchored_1ca3412d8f73c8_nonrigid_background_warp_collision_response_failure_synthetic,synthetic_controlled,TypeM_v11_synthetic_visible,collision_response_failure_synthetic,0.15762,True,True,True,,,,unknown,unknown,lingbot_pending,MISSING_REAL_ENERGY,No real energy fields found; rerun with LingBot energy backend.
all500,435,v11_SYN_0355_prefix5_anchored_d744c2d6f264ba_object_deformation_containment_failure_synthetic,synthetic_controlled,TypeM_v11_synthetic_visible,containment_failure_synthetic,0.12,True,True,True,,,,unknown,unknown,lingbot_pending,MISSING_REAL_ENERGY,No real energy fields found; rerun with LingBot energy backend.
all500,436,v11_SYN_0540_03465_roll_orbit_right_60_seed42465_object_identity_color_shift,synthetic_controlled,TypeM_v11_synthetic_visible,object_identity_color_shift,0.134561,True,True,True,,,,unknown,unknown,lingbot_pending,MISSING_REAL_ENERGY,No real energy fields found; rerun with LingBot energy backend.
all500,437,v11_SYN_0311_04346_containment_orbit_left_44_seed43346_partial_freeze_foreground,synthetic_controlled,TypeM_v11_synthetic_visible,partial_freeze_foreground,0.12,True,True,True,,,,unknown,unknown,lingbot_pending,MISSING_REAL_ENERGY,No real energy fields found; rerun with LingBot energy backend.
all500,438,v11_SYN_0362_prefix5_anchored_d86ae2fb1d25b2_freeze_foreground_reobserve_mismatch_visible,synthetic_controlled,TypeM_v11_synthetic_visible,reobserve_mismatch_visible,0.12,True,True,True,,,,unknown,unknown,lingbot_pending,MISSING_REAL_ENERGY,No real energy fields found; rerun with LingBot energy backend.
all500,439,v11_SYN_EXTRA_0093_prefix5_anchored_1ca3412d8f73c8_nonrigid_background_warp_collision_response_failure_synthetic,synthetic_controlled,TypeM_v11_synthetic_visible,collision_response_failure_synthetic,0.12,True,True,True,,,,unknown,unknown,lingbot_pending,MISSING_REAL_ENERGY,No real energy fields found; rerun with LingBot energy backend.
all500,440,v11_SYN_EXTRA_0237_prefix5_anchored_d744c2d6f264ba_object_deformation_containment_failure_synthetic,synthetic_controlled,TypeM_v11_synthetic_visible,containment_failure_synthetic,0.12,True,True,True,,,,unknown,unknown,lingbot_pending,MISSING_REAL_ENERGY,No real energy fields found; rerun with LingBot energy backend.
all500,441,v11_SYN_0546_03472_roll_orbit_right_60_seed42472_object_identity_color_shift,synthetic_controlled,TypeM_v11_synthetic_visible,object_identity_color_shift,0.145617,True,True,True,,,,unknown,unknown,lingbot_pending,MISSING_REAL_ENERGY,No real energy fields found; rerun with LingBot energy backend.
all500,442,v11_SYN_0317_04351_containment_orbit_left_44_seed43351_partial_freeze_foreground,synthetic_controlled,TypeM_v11_synthetic_visible,partial_freeze_foreground,0.141197,True,True,True,,,,unknown,unknown,lingbot_pending,MISSING_REAL_ENERGY,No real energy fields found; rerun with LingBot energy backend.
all500,443,v11_SYN_EXTRA_0242_prefix5_anchored_d86ae2fb1d25b2_freeze_foreground_reobserve_mismatch_visible,synthetic_controlled,TypeM_v11_synthetic_visible,reobserve_mismatch_visible,0.12,True,True,True,,,,unknown,unknown,lingbot_pending,MISSING_REAL_ENERGY,No real energy fields found; rerun with LingBot energy backend.
all500,444,v11_SYN_0151_prefix5_anchored_525c18bc4422f0_background_drift_collision_response_failure_synthetic,synthetic_controlled,TypeM_v11_synthetic_visible,collision_response_failure_synthetic,0.12,True,True,True,,,,unknown,unknown,lingbot_pending,MISSING_REAL_ENERGY,No real energy fields found; rerun with LingBot energy backend.
all500,445,v11_SYN_0361_prefix5_anchored_d86ae2fb1d25b2_freeze_foreground_containment_failure_synthetic,synthetic_controlled,TypeM_v11_synthetic_visible,containment_failure_synthetic,0.123683,True,True,True,,,,unknown,unknown,lingbot_pending,MISSING_REAL_ENERGY,No real energy fields found; rerun with LingBot energy backend.
all500,446,v11_SYN_EXTRA_0164_04236_containment_orbit_left_44_seed43236_local_scene_patch_drift,synthetic_controlled,TypeM_v11_synthetic_visible,local_scene_patch_drift,0.12,True,True,True,,,,unknown,unknown,lingbot_pending,MISSING_REAL_ENERGY,No real energy fields found; rerun with LingBot energy backend.
all500,447,v11_SYN_0552_03477_roll_orbit_right_60_seed42477_object_identity_color_shift,synthetic_controlled,TypeM_v11_synthetic_visible,object_identity_color_shift,0.12083,True,True,True,,,,unknown,unknown,lingbot_pending,MISSING_REAL_ENERGY,No real energy fields found; rerun with LingBot energy backend.
all500,448,v11_SYN_0323_04355_containment_orbit_left_44_seed43355_partial_freeze_foreground,synthetic_controlled,TypeM_v11_synthetic_visible,partial_freeze_foreground,0.143913,True,True,True,,,,unknown,unknown,lingbot_pending,MISSING_REAL_ENERGY,No real energy fields found; rerun with LingBot energy backend.
all500,449,v11_SYN_0368_prefix5_anchored_dc458b2cf487d8_wrong_camera_motion_reobserve_mismatch_visible,synthetic_controlled,TypeM_v11_synthetic_visible,reobserve_mismatch_visible,0.12,True,True,True,,,,unknown,unknown,lingbot_pending,MISSING_REAL_ENERGY,No real energy fields found; rerun with LingBot energy backend.
all500,450,v11_SYN_0157_prefix5_anchored_7f708dfe212ad6_freeze_foreground_collision_response_failure_synthetic,synthetic_controlled,TypeM_v11_synthetic_visible,collision_response_failure_synthetic,0.12,True,True,True,,,,unknown,unknown,lingbot_pending,MISSING_REAL_ENERGY,No real energy fields found; rerun with LingBot energy backend.
all500,451,v11_SYN_EXTRA_0241_prefix5_anchored_d86ae2fb1d25b2_freeze_foreground_containment_failure_synthetic,synthetic_controlled,TypeM_v11_synthetic_visible,containment_failure_synthetic,0.12,True,True,True,,,,unknown,unknown,lingbot_pending,MISSING_REAL_ENERGY,No real energy fields found; rerun with LingBot energy backend.
all500,452,v11_SYN_EXTRA_0168_04248_containment_orbit_left_44_seed43248_local_scene_patch_drift,synthetic_controlled,TypeM_v11_synthetic_visible,local_scene_patch_drift,0.12,True,True,True,,,,unknown,unknown,lingbot_pending,MISSING_REAL_ENERGY,No real energy fields found; rerun with LingBot energy backend.
all500,453,v11_SYN_0558_03484_roll_orbit_right_60_seed42484_object_identity_color_shift,synthetic_controlled,TypeM_v11_synthetic_visible,object_identity_color_shift,0.12,True,True,True,,,,unknown,unknown,lingbot_pending,MISSING_REAL_ENERGY,No real energy fields found; rerun with LingBot energy backend.
all500,454,v11_SYN_0329_04357_containment_orbit_left_44_seed43357_partial_freeze_foreground,synthetic_controlled,TypeM_v11_synthetic_visible,partial_freeze_foreground,0.12,True,True,True,,,,unknown,unknown,lingbot_pending,MISSING_REAL_ENERGY,No real energy fields found; rerun with LingBot energy backend.
all500,455,v11_SYN_EXTRA_0246_prefix5_anchored_dc458b2cf487d8_wrong_camera_motion_reobserve_mismatch_visible,synthetic_controlled,TypeM_v11_synthetic_visible,reobserve_mismatch_visible,0.12,True,True,True,,,,unknown,unknown,lingbot_pending,MISSING_REAL_ENERGY,No real energy fields found; rerun with LingBot energy backend.
all500,456,v11_SYN_EXTRA_0105_prefix5_anchored_7f708dfe212ad6_freeze_foreground_collision_response_failure_synthetic,synthetic_controlled,TypeM_v11_synthetic_visible,collision_response_failure_synthetic,0.12,True,True,True,,,,unknown,unknown,lingbot_pending,MISSING_REAL_ENERGY,No real energy fields found; rerun with LingBot energy backend.
all500,457,v11_SYN_0367_prefix5_anchored_dc458b2cf487d8_wrong_camera_motion_containment_failure_synthetic,synthetic_controlled,TypeM_v11_synthetic_visible,containment_failure_synthetic,0.12,True,True,True,,,,unknown,unknown,lingbot_pending,MISSING_REAL_ENERGY,No real energy fields found; rerun with LingBot energy backend.
all500,458,v11_SYN_0564_03494_roll_orbit_right_60_seed42494_object_identity_color_shift,synthetic_controlled,TypeM_v11_synthetic_visible,object_identity_color_shift,0.12,True,True,True,,,,unknown,unknown,lingbot_pending,MISSING_REAL_ENERGY,No real energy fields found; rerun with LingBot energy backend.
all500,459,v11_SYN_0335_04358_containment_orbit_left_44_seed43358_partial_freeze_foreground,synthetic_controlled,TypeM_v11_synthetic_visible,partial_freeze_foreground,0.12,True,True,True,,,,unknown,unknown,lingbot_pending,MISSING_REAL_ENERGY,No real energy fields found; rerun with LingBot energy backend.
all500,460,v11_SYN_EXTRA_0250_v6_04204_containment_orbit_left_44_seed43204_reobserve_mismatch_visible,synthetic_controlled,TypeM_v11_synthetic_visible,reobserve_mismatch_visible,0.12,True,True,True,,,,unknown,unknown,lingbot_pending,MISSING_REAL_ENERGY,No real energy fields found; rerun with LingBot energy backend.
all500,461,v11_SYN_EXTRA_0109_prefix5_anchored_b53591379e11c1_object_deformation_collision_response_failure_synthetic,synthetic_controlled,TypeM_v11_synthetic_visible,collision_response_failure_synthetic,0.12,True,True,True,,,,unknown,unknown,lingbot_pending,MISSING_REAL_ENERGY,No real energy fields found; rerun with LingBot energy backend.
all500,462,v11_SYN_EXTRA_0245_prefix5_anchored_dc458b2cf487d8_wrong_camera_motion_containment_failure_synthetic,synthetic_controlled,TypeM_v11_synthetic_visible,containment_failure_synthetic,0.12,True,True,True,,,,unknown,unknown,lingbot_pending,MISSING_REAL_ENERGY,No real energy fields found; rerun with LingBot energy backend.
all500,463,v11_SYN_0570_03495_roll_orbit_right_60_seed42495_object_identity_color_shift,synthetic_controlled,TypeM_v11_synthetic_visible,object_identity_color_shift,0.147304,True,True,True,,,,unknown,unknown,lingbot_pending,MISSING_REAL_ENERGY,No real energy fields found; rerun with LingBot energy backend.
all500,464,v11_SYN_0221_04204_containment_orbit_left_44_seed43204_partial_freeze_foreground,synthetic_controlled,TypeM_v11_synthetic_visible,partial_freeze_foreground,0.12,True,True,True,,,,unknown,unknown,lingbot_pending,MISSING_REAL_ENERGY,No real energy fields found; rerun with LingBot energy backend.
all500,465,v11_SYN_EXTRA_0113_prefix5_anchored_e78653865b3413_wrong_camera_motion_collision_response_failure_synthetic,synthetic_controlled,TypeM_v11_synthetic_visible,collision_response_failure_synthetic,0.179889,True,True,True,,,,unknown,unknown,lingbot_pending,MISSING_REAL_ENERGY,No real energy fields found; rerun with LingBot energy backend.
all500,466,v11_SYN_EXTRA_0249_v6_04204_containment_orbit_left_44_seed43204_containment_failure_synthetic,synthetic_controlled,TypeM_v11_synthetic_visible,containment_failure_synthetic,0.12,True,True,True,,,,unknown,unknown,lingbot_pending,MISSING_REAL_ENERGY,No real energy fields found; rerun with LingBot energy backend.
all500,467,v11_SYN_0576_03505_roll_orbit_right_60_seed42505_object_identity_color_shift,synthetic_controlled,TypeM_v11_synthetic_visible,object_identity_color_shift,0.125489,True,True,True,,,,unknown,unknown,lingbot_pending,MISSING_REAL_ENERGY,No real energy fields found; rerun with LingBot energy backend.
all500,468,v11_SYN_0341_prefix5_anchored_1279c3b65a6d9e_object_identity_change_partial_freeze_foreground,synthetic_controlled,TypeM_v11_synthetic_visible,partial_freeze_foreground,0.12,True,True,True,,,,unknown,unknown,lingbot_pending,MISSING_REAL_ENERGY,No real energy fields found; rerun with LingBot energy backend.
all500,469,v11_SYN_0175_prefix5_anchored_ebade3740fe2f4_object_identity_change_collision_response_failure_synthetic,synthetic_controlled,TypeM_v11_synthetic_visible,collision_response_failure_synthetic,0.12,True,True,True,,,,unknown,unknown,lingbot_pending,MISSING_REAL_ENERGY,No real energy fields found; rerun with LingBot energy backend.
all500,470,v11_SYN_0274_04267_containment_orbit_left_44_seed43267_local_scene_patch_drift,synthetic_controlled,TypeM_v11_synthetic_visible,local_scene_patch_drift,0.12,True,True,True,,,,unknown,unknown,lingbot_pending,MISSING_REAL_ENERGY,No real energy fields found; rerun with LingBot energy backend.
all500,471,v11_SYN_0582_03533_roll_orbit_right_60_seed42533_object_identity_color_shift,synthetic_controlled,TypeM_v11_synthetic_visible,object_identity_color_shift,0.135819,True,True,True,,,,unknown,unknown,lingbot_pending,MISSING_REAL_ENERGY,No real energy fields found; rerun with LingBot energy backend.
all500,472,v11_SYN_0347_prefix5_anchored_29df7c5cf94c4b_reobserve_mismatch_partial_freeze_foreground,synthetic_controlled,TypeM_v11_synthetic_visible,partial_freeze_foreground,0.12,True,True,True,,,,unknown,unknown,lingbot_pending,MISSING_REAL_ENERGY,No real energy fields found; rerun with LingBot energy backend.
all500,473,v11_SYN_EXTRA_0117_prefix5_anchored_ebade3740fe2f4_object_identity_change_collision_response_failure_synthetic,synthetic_controlled,TypeM_v11_synthetic_visible,collision_response_failure_synthetic,0.12,True,True,True,,,,unknown,unknown,lingbot_pending,MISSING_REAL_ENERGY,No real energy fields found; rerun with LingBot energy backend.
all500,474,v11_SYN_0588_03536_roll_orbit_right_60_seed42536_object_identity_color_shift,synthetic_controlled,TypeM_v11_synthetic_visible,object_identity_color_shift,0.162559,True,True,True,,,,unknown,unknown,lingbot_pending,MISSING_REAL_ENERGY,No real energy fields found; rerun with LingBot energy backend.
all500,475,v11_SYN_0353_prefix5_anchored_95981b8f74bed0_background_drift_partial_freeze_foreground,synthetic_controlled,TypeM_v11_synthetic_visible,partial_freeze_foreground,0.12,True,True,True,,,,unknown,unknown,lingbot_pending,MISSING_REAL_ENERGY,No real energy fields found; rerun with LingBot energy backend.
all500,476,v11_SYN_EXTRA_0121_prefix5_anchored_ede413792fce8b_nonrigid_background_warp_collision_response_failure_synthetic,synthetic_controlled,TypeM_v11_synthetic_visible,collision_response_failure_synthetic,0.186599,True,True,True,,,,unknown,unknown,lingbot_pending,MISSING_REAL_ENERGY,No real energy fields found; rerun with LingBot energy backend.
all500,477,v11_SYN_0594_03542_roll_orbit_right_60_seed42542_object_identity_color_shift,synthetic_controlled,TypeM_v11_synthetic_visible,object_identity_color_shift,0.12,True,True,True,,,,unknown,unknown,lingbot_pending,MISSING_REAL_ENERGY,No real energy fields found; rerun with LingBot energy backend.
all500,478,v11_SYN_0359_prefix5_anchored_d744c2d6f264ba_object_deformation_partial_freeze_foreground,synthetic_controlled,TypeM_v11_synthetic_visible,partial_freeze_foreground,0.12,True,True,True,,,,unknown,unknown,lingbot_pending,MISSING_REAL_ENERGY,No real energy fields found; rerun with LingBot energy backend.
all500,479,v11_SYN_0187_prefix5_anchored_ff65f1ae3e7ca8_background_drift_collision_response_failure_synthetic,synthetic_controlled,TypeM_v11_synthetic_visible,collision_response_failure_synthetic,0.12,True,True,True,,,,unknown,unknown,lingbot_pending,MISSING_REAL_ENERGY,No real energy fields found; rerun with LingBot energy backend.
all500,480,v11_SYN_0600_03544_roll_orbit_right_60_seed42544_object_identity_color_shift,synthetic_controlled,TypeM_v11_synthetic_visible,object_identity_color_shift,0.12,True,True,True,,,,unknown,unknown,lingbot_pending,MISSING_REAL_ENERGY,No real energy fields found; rerun with LingBot energy backend.
all500,481,v11_SYN_0365_prefix5_anchored_d86ae2fb1d25b2_freeze_foreground_partial_freeze_foreground,synthetic_controlled,TypeM_v11_synthetic_visible,partial_freeze_foreground,0.12,True,True,True,,,,unknown,unknown,lingbot_pending,MISSING_REAL_ENERGY,No real energy fields found; rerun with LingBot energy backend.
all500,482,v11_SYN_0193_v6_02200_collision_orbit_right_64_seed41200_collision_response_failure_synthetic,synthetic_controlled,TypeM_v11_synthetic_visible,collision_response_failure_synthetic,0.12,True,True,True,,,,unknown,unknown,lingbot_pending,MISSING_REAL_ENERGY,No real energy fields found; rerun with LingBot energy backend.
all500,483,v11_SYN_0371_prefix5_anchored_dc458b2cf487d8_wrong_camera_motion_partial_freeze_foreground,synthetic_controlled,TypeM_v11_synthetic_visible,partial_freeze_foreground,0.126197,True,True,True,,,,unknown,unknown,lingbot_pending,MISSING_REAL_ENERGY,No real energy fields found; rerun with LingBot energy backend.
all500,484,v11_SYN_EXTRA_0129_v6_02200_collision_orbit_right_64_seed41200_collision_response_failure_synthetic,synthetic_controlled,TypeM_v11_synthetic_visible,collision_response_failure_synthetic,0.12,True,True,True,,,,unknown,unknown,lingbot_pending,MISSING_REAL_ENERGY,No real energy fields found; rerun with LingBot energy backend.
all500,485,v11_SYN_0377_v6_04204_containment_orbit_left_44_seed43204_partial_freeze_foreground,synthetic_controlled,TypeM_v11_synthetic_visible,partial_freeze_foreground,0.12,True,True,True,,,,unknown,unknown,lingbot_pending,MISSING_REAL_ENERGY,No real energy fields found; rerun with LingBot energy backend.
all500,486,v11_SYN_0199_v6_02202_collision_orbit_right_64_seed41202_collision_response_failure_synthetic,synthetic_controlled,TypeM_v11_synthetic_visible,collision_response_failure_synthetic,0.12,True,True,True,,,,unknown,unknown,lingbot_pending,MISSING_REAL_ENERGY,No real energy fields found; rerun with LingBot energy backend.
all500,487,v11_SYN_0292_04302_containment_orbit_left_44_seed43302_local_scene_patch_drift,synthetic_controlled,TypeM_v11_synthetic_visible,local_scene_patch_drift,0.12,True,True,True,,,,unknown,unknown,lingbot_pending,MISSING_REAL_ENERGY,No real energy fields found; rerun with LingBot energy backend.
all500,488,v11_SYN_0479_v6b_GT_C_001_01014_drop_orbit_left_72_seed40014_partial_freeze_foreground,synthetic_controlled,TypeM_v11_synthetic_visible,partial_freeze_foreground,0.154475,True,True,True,,,,unknown,unknown,lingbot_pending,MISSING_REAL_ENERGY,No real energy fields found; rerun with LingBot energy backend.
all500,489,v11_SYN_EXTRA_0133_v6_02202_collision_orbit_right_64_seed41202_collision_response_failure_synthetic,synthetic_controlled,TypeM_v11_synthetic_visible,collision_response_failure_synthetic,0.12,True,True,True,,,,unknown,unknown,lingbot_pending,MISSING_REAL_ENERGY,No real energy fields found; rerun with LingBot energy backend.
all500,490,v11_SYN_0246_04236_containment_orbit_left_44_seed43236_object_identity_color_shift,synthetic_controlled,TypeM_v11_synthetic_visible,object_identity_color_shift,0.124277,True,True,True,,,,unknown,unknown,lingbot_pending,MISSING_REAL_ENERGY,No real energy fields found; rerun with LingBot energy backend.
all500,491,v11_SYN_0205_v6_02222_collision_orbit_right_64_seed41222_collision_response_failure_synthetic,synthetic_controlled,TypeM_v11_synthetic_visible,collision_response_failure_synthetic,0.12,True,True,True,,,,unknown,unknown,lingbot_pending,MISSING_REAL_ENERGY,No real energy fields found; rerun with LingBot energy backend.
all500,492,v11_SYN_0298_04339_containment_orbit_left_44_seed43339_local_scene_patch_drift,synthetic_controlled,TypeM_v11_synthetic_visible,local_scene_patch_drift,0.12,True,True,True,,,,unknown,unknown,lingbot_pending,MISSING_REAL_ENERGY,No real energy fields found; rerun with LingBot energy backend.
all500,493,v11_SYN_EXTRA_0137_v6_02222_collision_orbit_right_64_seed41222_collision_response_failure_synthetic,synthetic_controlled,TypeM_v11_synthetic_visible,collision_response_failure_synthetic,0.188731,True,True,True,,,,unknown,unknown,lingbot_pending,MISSING_REAL_ENERGY,No real energy fields found; rerun with LingBot energy backend.
all500,494,v11_SYN_EXTRA_0141_v6_02226_collision_orbit_right_64_seed41226_collision_response_failure_synthetic,synthetic_controlled,TypeM_v11_synthetic_visible,collision_response_failure_synthetic,0.12,True,True,True,,,,unknown,unknown,lingbot_pending,MISSING_REAL_ENERGY,No real energy fields found; rerun with LingBot energy backend.
all500,495,v11_SYN_0264_04252_containment_orbit_left_44_seed43252_object_identity_color_shift,synthetic_controlled,TypeM_v11_synthetic_visible,object_identity_color_shift,0.12,True,True,True,,,,unknown,unknown,lingbot_pending,MISSING_REAL_ENERGY,No real energy fields found; rerun with LingBot energy backend.
all500,496,v11_SYN_0004_02200_collision_orbit_right_64_seed41200_local_scene_patch_drift,synthetic_controlled,TypeM_v11_synthetic_visible,local_scene_patch_drift,0.12,True,True,True,,,,unknown,unknown,lingbot_pending,MISSING_REAL_ENERGY,No real energy fields found; rerun with LingBot energy backend.
all500,497,v11_SYN_0006_02200_collision_orbit_right_64_seed41200_object_identity_color_shift,synthetic_controlled,TypeM_v11_synthetic_visible,object_identity_color_shift,0.0,True,True,True,,,,unknown,unknown,lingbot_pending,MISSING_REAL_ENERGY,No real energy fields found; rerun with LingBot energy backend.
all500,498,v11_SYN_0010_02202_collision_orbit_right_64_seed41202_local_scene_patch_drift,synthetic_controlled,TypeM_v11_synthetic_visible,local_scene_patch_drift,0.0,True,True,True,,,,unknown,unknown,lingbot_pending,MISSING_REAL_ENERGY,No real energy fields found; rerun with LingBot energy backend.
all500,499,v11_SYN_0012_02202_collision_orbit_right_64_seed41202_object_identity_color_shift,synthetic_controlled,TypeM_v11_synthetic_visible,object_identity_color_shift,0.0,True,True,True,,,,unknown,unknown,lingbot_pending,MISSING_REAL_ENERGY,No real energy fields found; rerun with LingBot energy backend.
