affected_region,affected_time_span,camera_motion,condition_id,contact_sheet,corruption_type,dpo_ready,fvd,local_absdiff_mean,local_absdiff_p95,loser_full_video,loser_video,lpips,pair_id,pair_type,prefix_video,psnr_future,reward_loser,reward_margin,reward_winner,sample_id,sharpness_loser,sharpness_ratio,sharpness_winner,ssim_future_proxy,status,template,vbench,winner_video,written_reason
"{""h"": 126, ""w"": 210, ""x"": 306, ""y"": 179}","[20, 67]",orbit_right_64,8df0c0d38a6c90fc524ddfb801df17e5445f60895b3a537f935e42e5806ab13c,local_assets/dpo_pair_factory_v10/synthetic_visible_negatives/contact_sheets/v10_TypeM_001_02200_collision_orbit_right_64_seed41200_local_patch_freeze.jpg,local_patch_freeze,False,BLOCKED_BY_ENV: no local FVD/I3D backend,6.065937,21.0,local_assets/dpo_pair_factory_v10/synthetic_visible_negatives/pairs/v10_TypeM_001_02200_collision_orbit_right_64_seed41200_local_patch_freeze/loser_full_prefix5_future.mp4,local_assets/dpo_pair_factory_v10/synthetic_visible_negatives/pairs/v10_TypeM_001_02200_collision_orbit_right_64_seed41200_local_patch_freeze/loser_future.mp4,BLOCKED_BY_ENV: lpips unavailable,v10_TypeM_001_02200_collision_orbit_right_64_seed41200_local_patch_freeze,TypeM_v10_synthetic_visible,local_assets/dpo_prefix5_pairs_20260627_031729/conditions/02200_collision_orbit_right_64_seed41200/prefix_len5.mp4,37.840192,0.837684,0.162316,1.0,02200_collision_orbit_right_64_seed41200,1183.724904,1.002876,1180.329707,0.996848,REJECT_SYNTHETIC_GATE,collision,BLOCKED_BY_ENV: no local VBench evaluator,local_assets/dpo_prefix5_pairs_20260627_031729/clean_futures/02200_collision_orbit_right_64_seed41200/clean_future_5_80.mp4,local_patch_freeze creates visible local future-only error; winner remains clean GT; loser remains sharp/readable; local_absdiff_p95=21.0; sharpness_ratio=1.002876
"{""h"": 145, ""w"": 178, ""x"": 349, ""y"": 231}","[20, 67]",orbit_right_64,4aeca92fd238b5299cd52999661a02787ae76fcabf943ef2e4e94d5c992c335f,local_assets/dpo_pair_factory_v10/synthetic_visible_negatives/contact_sheets/v10_TypeM_002_02202_collision_orbit_right_64_seed41202_local_patch_drift.jpg,local_patch_drift,True,BLOCKED_BY_ENV: no local FVD/I3D backend,9.411947,35.0,local_assets/dpo_pair_factory_v10/synthetic_visible_negatives/pairs/v10_TypeM_002_02202_collision_orbit_right_64_seed41202_local_patch_drift/loser_full_prefix5_future.mp4,local_assets/dpo_pair_factory_v10/synthetic_visible_negatives/pairs/v10_TypeM_002_02202_collision_orbit_right_64_seed41202_local_patch_drift/loser_future.mp4,BLOCKED_BY_ENV: lpips unavailable,v10_TypeM_002_02202_collision_orbit_right_64_seed41202_local_patch_drift,TypeM_v10_synthetic_visible,local_assets/dpo_prefix5_pairs_20260627_031729/conditions/02202_collision_orbit_right_64_seed41202/prefix_len5.mp4,35.417159,0.805263,0.194737,1.0,02202_collision_orbit_right_64_seed41202,1254.172278,1.000343,1253.742849,0.995229,DPO_READY_SYNTHETIC_VISIBLE_V10,collision,BLOCKED_BY_ENV: no local VBench evaluator,local_assets/dpo_prefix5_pairs_20260627_031729/clean_futures/02202_collision_orbit_right_64_seed41202/clean_future_5_80.mp4,local_patch_drift creates visible local future-only error; winner remains clean GT; loser remains sharp/readable; local_absdiff_p95=35.0; sharpness_ratio=1.000343
"{""h"": 147, ""w"": 219, ""x"": 196, ""y"": 133}","[20, 67]",strafe_left_180,02215_collision_strafe_left_180_seed41215,local_assets/dpo_pair_factory_v10/synthetic_visible_negatives/contact_sheets/v10_TypeM_003_02215_collision_strafe_left_180_seed41215_foreground_identity_color_shift.jpg,foreground_identity_color_shift,True,BLOCKED_BY_ENV: no local FVD/I3D backend,14.465876,44.0,local_assets/dpo_pair_factory_v10/synthetic_visible_negatives/pairs/v10_TypeM_003_02215_collision_strafe_left_180_seed41215_foreground_identity_color_shift/loser_full_prefix5_future.mp4,local_assets/dpo_pair_factory_v10/synthetic_visible_negatives/pairs/v10_TypeM_003_02215_collision_strafe_left_180_seed41215_foreground_identity_color_shift/loser_future.mp4,BLOCKED_BY_ENV: lpips unavailable,v10_TypeM_003_02215_collision_strafe_left_180_seed41215_foreground_identity_color_shift,TypeM_v10_synthetic_visible,local_assets/dpo_pair_factory_v10/recovered_conditions/02215_collision_strafe_left_180_seed41215/prefix_len5.mp4,31.626466,0.784421,0.215579,1.0,02215_collision_strafe_left_180_seed41215,938.900011,1.071201,876.492894,0.990854,DPO_READY_SYNTHETIC_VISIBLE_V10,collision,BLOCKED_BY_ENV: no local VBench evaluator,local_assets/dpo_pair_factory_v10/recovered_conditions/02215_collision_strafe_left_180_seed41215/clean_future_5_80.mp4,foreground_identity_color_shift creates visible local future-only error; winner remains clean GT; loser remains sharp/readable; local_absdiff_p95=44.0; sharpness_ratio=1.071201
"{""h"": 132, ""w"": 226, ""x"": 422, ""y"": 178}","[20, 67]",orbit_right_64,19fca32ea8850d8171e9d24ffeaf03ea61694a23c026a9ab7b92ff61f3c61485,local_assets/dpo_pair_factory_v10/synthetic_visible_negatives/contact_sheets/v10_TypeM_004_02222_collision_orbit_right_64_seed41222_local_temporal_jump.jpg,local_temporal_jump,True,BLOCKED_BY_ENV: no local FVD/I3D backend,12.430313,83.0,local_assets/dpo_pair_factory_v10/synthetic_visible_negatives/pairs/v10_TypeM_004_02222_collision_orbit_right_64_seed41222_local_temporal_jump/loser_full_prefix5_future.mp4,local_assets/dpo_pair_factory_v10/synthetic_visible_negatives/pairs/v10_TypeM_004_02222_collision_orbit_right_64_seed41222_local_temporal_jump/loser_future.mp4,BLOCKED_BY_ENV: lpips unavailable,v10_TypeM_004_02222_collision_orbit_right_64_seed41222_local_temporal_jump,TypeM_v10_synthetic_visible,local_assets/dpo_prefix5_pairs_20260627_031729/conditions/02222_collision_orbit_right_64_seed41222/prefix_len5.mp4,30.192153,0.694105,0.305895,1.0,02222_collision_orbit_right_64_seed41222,1017.197347,1.07187,948.99308,0.992717,DPO_READY_SYNTHETIC_VISIBLE_V10,collision,BLOCKED_BY_ENV: no local VBench evaluator,local_assets/dpo_prefix5_pairs_20260627_031729/clean_futures/02222_collision_orbit_right_64_seed41222/clean_future_5_80.mp4,local_temporal_jump creates visible local future-only error; winner remains clean GT; loser remains sharp/readable; local_absdiff_p95=83.0; sharpness_ratio=1.07187
"{""h"": 121, ""w"": 189, ""x"": 422, ""y"": 156}","[20, 67]",orbit_right_64,1cbeaad951cb1cf61abfeec4304bcdcf82c3013ecb9e22df3497c7ee5a143dbe,local_assets/dpo_pair_factory_v10/synthetic_visible_negatives/contact_sheets/v10_TypeM_005_02226_collision_orbit_right_64_seed41226_local_patch_freeze.jpg,local_patch_freeze,True,BLOCKED_BY_ENV: no local FVD/I3D backend,15.046515,88.0,local_assets/dpo_pair_factory_v10/synthetic_visible_negatives/pairs/v10_TypeM_005_02226_collision_orbit_right_64_seed41226_local_patch_freeze/loser_full_prefix5_future.mp4,local_assets/dpo_pair_factory_v10/synthetic_visible_negatives/pairs/v10_TypeM_005_02226_collision_orbit_right_64_seed41226_local_patch_freeze/loser_future.mp4,BLOCKED_BY_ENV: lpips unavailable,v10_TypeM_005_02226_collision_orbit_right_64_seed41226_local_patch_freeze,TypeM_v10_synthetic_visible,local_assets/dpo_prefix5_pairs_20260627_031729/conditions/02226_collision_orbit_right_64_seed41226/prefix_len5.mp4,30.565658,0.682526,0.317474,1.0,02226_collision_orbit_right_64_seed41226,1220.580258,1.02923,1185.91586,0.993242,DPO_READY_SYNTHETIC_VISIBLE_V10,collision,BLOCKED_BY_ENV: no local VBench evaluator,local_assets/dpo_prefix5_pairs_20260627_031729/clean_futures/02226_collision_orbit_right_64_seed41226/clean_future_5_80.mp4,local_patch_freeze creates visible local future-only error; winner remains clean GT; loser remains sharp/readable; local_absdiff_p95=88.0; sharpness_ratio=1.02923
"{""h"": 150, ""w"": 205, ""x"": 415, ""y"": 187}","[20, 67]",orbit_right_64,02228_collision_orbit_right_64_seed41228,local_assets/dpo_pair_factory_v10/synthetic_visible_negatives/contact_sheets/v10_TypeM_006_02228_collision_orbit_right_64_seed41228_local_patch_drift.jpg,local_patch_drift,True,BLOCKED_BY_ENV: no local FVD/I3D backend,12.413574,75.0,local_assets/dpo_pair_factory_v10/synthetic_visible_negatives/pairs/v10_TypeM_006_02228_collision_orbit_right_64_seed41228_local_patch_drift/loser_full_prefix5_future.mp4,local_assets/dpo_pair_factory_v10/synthetic_visible_negatives/pairs/v10_TypeM_006_02228_collision_orbit_right_64_seed41228_local_patch_drift/loser_future.mp4,BLOCKED_BY_ENV: lpips unavailable,v10_TypeM_006_02228_collision_orbit_right_64_seed41228_local_patch_drift,TypeM_v10_synthetic_visible,local_assets/dpo_pair_factory_v10/recovered_conditions/02228_collision_orbit_right_64_seed41228/prefix_len5.mp4,30.532987,0.712632,0.287368,1.0,02228_collision_orbit_right_64_seed41228,1005.666541,1.0,1005.666541,0.992503,DPO_READY_SYNTHETIC_VISIBLE_V10,collision,BLOCKED_BY_ENV: no local VBench evaluator,local_assets/dpo_pair_factory_v10/recovered_conditions/02228_collision_orbit_right_64_seed41228/clean_future_5_80.mp4,local_patch_drift creates visible local future-only error; winner remains clean GT; loser remains sharp/readable; local_absdiff_p95=75.0; sharpness_ratio=1.0
"{""h"": 148, ""w"": 228, ""x"": 340, ""y"": 172}","[20, 67]",strafe_left_180,02239_collision_strafe_left_180_seed41239,local_assets/dpo_pair_factory_v10/synthetic_visible_negatives/contact_sheets/v10_TypeM_007_02239_collision_strafe_left_180_seed41239_foreground_identity_color_shift.jpg,foreground_identity_color_shift,True,BLOCKED_BY_ENV: no local FVD/I3D backend,21.041998,50.0,local_assets/dpo_pair_factory_v10/synthetic_visible_negatives/pairs/v10_TypeM_007_02239_collision_strafe_left_180_seed41239_foreground_identity_color_shift/loser_full_prefix5_future.mp4,local_assets/dpo_pair_factory_v10/synthetic_visible_negatives/pairs/v10_TypeM_007_02239_collision_strafe_left_180_seed41239_foreground_identity_color_shift/loser_future.mp4,BLOCKED_BY_ENV: lpips unavailable,v10_TypeM_007_02239_collision_strafe_left_180_seed41239_foreground_identity_color_shift,TypeM_v10_synthetic_visible,local_assets/dpo_pair_factory_v10/recovered_conditions/02239_collision_strafe_left_180_seed41239/prefix_len5.mp4,29.803666,0.770526,0.229474,1.0,02239_collision_strafe_left_180_seed41239,1393.599036,1.003577,1388.632558,0.986055,DPO_READY_SYNTHETIC_VISIBLE_V10,collision,BLOCKED_BY_ENV: no local VBench evaluator,local_assets/dpo_pair_factory_v10/recovered_conditions/02239_collision_strafe_left_180_seed41239/clean_future_5_80.mp4,foreground_identity_color_shift creates visible local future-only error; winner remains clean GT; loser remains sharp/readable; local_absdiff_p95=50.0; sharpness_ratio=1.003577
"{""h"": 142, ""w"": 178, ""x"": 303, ""y"": 185}","[20, 67]",strafe_left_180,02259_collision_strafe_left_180_seed41259,local_assets/dpo_pair_factory_v10/synthetic_visible_negatives/contact_sheets/v10_TypeM_008_02259_collision_strafe_left_180_seed41259_local_temporal_jump.jpg,local_temporal_jump,False,BLOCKED_BY_ENV: no local FVD/I3D backend,8.001774,30.0,local_assets/dpo_pair_factory_v10/synthetic_visible_negatives/pairs/v10_TypeM_008_02259_collision_strafe_left_180_seed41259_local_temporal_jump/loser_full_prefix5_future.mp4,local_assets/dpo_pair_factory_v10/synthetic_visible_negatives/pairs/v10_TypeM_008_02259_collision_strafe_left_180_seed41259_local_temporal_jump/loser_future.mp4,BLOCKED_BY_ENV: lpips unavailable,v10_TypeM_008_02259_collision_strafe_left_180_seed41259_local_temporal_jump,TypeM_v10_synthetic_visible,local_assets/dpo_pair_factory_v10/recovered_conditions/02259_collision_strafe_left_180_seed41259/prefix_len5.mp4,36.664008,0.816842,0.183158,1.0,02259_collision_strafe_left_180_seed41259,1397.79614,1.0,1397.79614,0.996028,REJECT_SYNTHETIC_GATE,collision,BLOCKED_BY_ENV: no local VBench evaluator,local_assets/dpo_pair_factory_v10/recovered_conditions/02259_collision_strafe_left_180_seed41259/clean_future_5_80.mp4,local_temporal_jump creates visible local future-only error; winner remains clean GT; loser remains sharp/readable; local_absdiff_p95=30.0; sharpness_ratio=1.0
"{""h"": 151, ""w"": 246, ""x"": 253, ""y"": 121}","[20, 67]",orbit_right_64,02262_collision_orbit_right_64_seed41262,local_assets/dpo_pair_factory_v10/synthetic_visible_negatives/contact_sheets/v10_TypeM_009_02262_collision_orbit_right_64_seed41262_local_patch_freeze.jpg,local_patch_freeze,True,BLOCKED_BY_ENV: no local FVD/I3D backend,10.592811,54.0,local_assets/dpo_pair_factory_v10/synthetic_visible_negatives/pairs/v10_TypeM_009_02262_collision_orbit_right_64_seed41262_local_patch_freeze/loser_full_prefix5_future.mp4,local_assets/dpo_pair_factory_v10/synthetic_visible_negatives/pairs/v10_TypeM_009_02262_collision_orbit_right_64_seed41262_local_patch_freeze/loser_future.mp4,BLOCKED_BY_ENV: lpips unavailable,v10_TypeM_009_02262_collision_orbit_right_64_seed41262_local_patch_freeze,TypeM_v10_synthetic_visible,local_assets/dpo_pair_factory_v10/recovered_conditions/02262_collision_orbit_right_64_seed41262/prefix_len5.mp4,31.721433,0.761263,0.238737,1.0,02262_collision_orbit_right_64_seed41262,1273.272148,1.0,1273.272148,0.992272,DPO_READY_SYNTHETIC_VISIBLE_V10,collision,BLOCKED_BY_ENV: no local VBench evaluator,local_assets/dpo_pair_factory_v10/recovered_conditions/02262_collision_orbit_right_64_seed41262/clean_future_5_80.mp4,local_patch_freeze creates visible local future-only error; winner remains clean GT; loser remains sharp/readable; local_absdiff_p95=54.0; sharpness_ratio=1.0
"{""h"": 150, ""w"": 204, ""x"": 271, ""y"": 206}","[20, 67]",orbit_right_64,02276_collision_orbit_right_64_seed41276,local_assets/dpo_pair_factory_v10/synthetic_visible_negatives/contact_sheets/v10_TypeM_010_02276_collision_orbit_right_64_seed41276_local_patch_drift.jpg,local_patch_drift,True,BLOCKED_BY_ENV: no local FVD/I3D backend,8.196057,28.0,local_assets/dpo_pair_factory_v10/synthetic_visible_negatives/pairs/v10_TypeM_010_02276_collision_orbit_right_64_seed41276_local_patch_drift/loser_full_prefix5_future.mp4,local_assets/dpo_pair_factory_v10/synthetic_visible_negatives/pairs/v10_TypeM_010_02276_collision_orbit_right_64_seed41276_local_patch_drift/loser_future.mp4,BLOCKED_BY_ENV: lpips unavailable,v10_TypeM_010_02276_collision_orbit_right_64_seed41276_local_patch_drift,TypeM_v10_synthetic_visible,local_assets/dpo_pair_factory_v10/recovered_conditions/02276_collision_orbit_right_64_seed41276/prefix_len5.mp4,35.993232,0.821474,0.178526,1.0,02276_collision_orbit_right_64_seed41276,1462.760707,1.0,1462.760707,0.995074,DPO_READY_SYNTHETIC_VISIBLE_V10,collision,BLOCKED_BY_ENV: no local VBench evaluator,local_assets/dpo_pair_factory_v10/recovered_conditions/02276_collision_orbit_right_64_seed41276/clean_future_5_80.mp4,local_patch_drift creates visible local future-only error; winner remains clean GT; loser remains sharp/readable; local_absdiff_p95=28.0; sharpness_ratio=1.0
"{""h"": 96, ""w"": 233, ""x"": 176, ""y"": 164}","[20, 67]",orbit_right_64,02284_collision_orbit_right_64_seed41284,local_assets/dpo_pair_factory_v10/synthetic_visible_negatives/contact_sheets/v10_TypeM_011_02284_collision_orbit_right_64_seed41284_foreground_identity_color_shift.jpg,foreground_identity_color_shift,True,BLOCKED_BY_ENV: no local FVD/I3D backend,21.169552,54.0,local_assets/dpo_pair_factory_v10/synthetic_visible_negatives/pairs/v10_TypeM_011_02284_collision_orbit_right_64_seed41284_foreground_identity_color_shift/loser_full_prefix5_future.mp4,local_assets/dpo_pair_factory_v10/synthetic_visible_negatives/pairs/v10_TypeM_011_02284_collision_orbit_right_64_seed41284_foreground_identity_color_shift/loser_future.mp4,BLOCKED_BY_ENV: lpips unavailable,v10_TypeM_011_02284_collision_orbit_right_64_seed41284_foreground_identity_color_shift,TypeM_v10_synthetic_visible,local_assets/dpo_pair_factory_v10/recovered_conditions/02284_collision_orbit_right_64_seed41284/prefix_len5.mp4,31.168341,0.761263,0.238737,1.0,02284_collision_orbit_right_64_seed41284,1225.91466,1.029784,1190.457799,0.9907,DPO_READY_SYNTHETIC_VISIBLE_V10,collision,BLOCKED_BY_ENV: no local VBench evaluator,local_assets/dpo_pair_factory_v10/recovered_conditions/02284_collision_orbit_right_64_seed41284/clean_future_5_80.mp4,foreground_identity_color_shift creates visible local future-only error; winner remains clean GT; loser remains sharp/readable; local_absdiff_p95=54.0; sharpness_ratio=1.029784
"{""h"": 122, ""w"": 193, ""x"": 399, ""y"": 249}","[20, 67]",orbit_right_64,02286_collision_orbit_right_64_seed41286,local_assets/dpo_pair_factory_v10/synthetic_visible_negatives/contact_sheets/v10_TypeM_012_02286_collision_orbit_right_64_seed41286_local_temporal_jump.jpg,local_temporal_jump,False,BLOCKED_BY_ENV: no local FVD/I3D backend,8.465588,29.0,local_assets/dpo_pair_factory_v10/synthetic_visible_negatives/pairs/v10_TypeM_012_02286_collision_orbit_right_64_seed41286_local_temporal_jump/loser_full_prefix5_future.mp4,local_assets/dpo_pair_factory_v10/synthetic_visible_negatives/pairs/v10_TypeM_012_02286_collision_orbit_right_64_seed41286_local_temporal_jump/loser_future.mp4,BLOCKED_BY_ENV: lpips unavailable,v10_TypeM_012_02286_collision_orbit_right_64_seed41286_local_temporal_jump,TypeM_v10_synthetic_visible,local_assets/dpo_pair_factory_v10/recovered_conditions/02286_collision_orbit_right_64_seed41286/prefix_len5.mp4,36.76422,0.819158,0.180842,1.0,02286_collision_orbit_right_64_seed41286,1346.24678,1.0,1346.24678,0.996085,REJECT_SYNTHETIC_GATE,collision,BLOCKED_BY_ENV: no local VBench evaluator,local_assets/dpo_pair_factory_v10/recovered_conditions/02286_collision_orbit_right_64_seed41286/clean_future_5_80.mp4,local_temporal_jump creates visible local future-only error; winner remains clean GT; loser remains sharp/readable; local_absdiff_p95=29.0; sharpness_ratio=1.0
"{""h"": 153, ""w"": 239, ""x"": 359, ""y"": 136}","[20, 67]",orbit_right_64,02288_collision_orbit_right_64_seed41288,local_assets/dpo_pair_factory_v10/synthetic_visible_negatives/contact_sheets/v10_TypeM_013_02288_collision_orbit_right_64_seed41288_local_patch_freeze.jpg,local_patch_freeze,True,BLOCKED_BY_ENV: no local FVD/I3D backend,9.289684,47.0,local_assets/dpo_pair_factory_v10/synthetic_visible_negatives/pairs/v10_TypeM_013_02288_collision_orbit_right_64_seed41288_local_patch_freeze/loser_full_prefix5_future.mp4,local_assets/dpo_pair_factory_v10/synthetic_visible_negatives/pairs/v10_TypeM_013_02288_collision_orbit_right_64_seed41288_local_patch_freeze/loser_future.mp4,BLOCKED_BY_ENV: lpips unavailable,v10_TypeM_013_02288_collision_orbit_right_64_seed41288_local_patch_freeze,TypeM_v10_synthetic_visible,local_assets/dpo_pair_factory_v10/recovered_conditions/02288_collision_orbit_right_64_seed41288/prefix_len5.mp4,33.242003,0.777474,0.222526,1.0,02288_collision_orbit_right_64_seed41288,1401.870332,1.0,1401.870332,0.993329,DPO_READY_SYNTHETIC_VISIBLE_V10,collision,BLOCKED_BY_ENV: no local VBench evaluator,local_assets/dpo_pair_factory_v10/recovered_conditions/02288_collision_orbit_right_64_seed41288/clean_future_5_80.mp4,local_patch_freeze creates visible local future-only error; winner remains clean GT; loser remains sharp/readable; local_absdiff_p95=47.0; sharpness_ratio=1.0
"{""h"": 120, ""w"": 190, ""x"": 304, ""y"": 245}","[20, 67]",orbit_right_64,02292_collision_orbit_right_64_seed41292,local_assets/dpo_pair_factory_v10/synthetic_visible_negatives/contact_sheets/v10_TypeM_014_02292_collision_orbit_right_64_seed41292_local_patch_drift.jpg,local_patch_drift,False,BLOCKED_BY_ENV: no local FVD/I3D backend,7.371182,27.0,local_assets/dpo_pair_factory_v10/synthetic_visible_negatives/pairs/v10_TypeM_014_02292_collision_orbit_right_64_seed41292_local_patch_drift/loser_full_prefix5_future.mp4,local_assets/dpo_pair_factory_v10/synthetic_visible_negatives/pairs/v10_TypeM_014_02292_collision_orbit_right_64_seed41292_local_patch_drift/loser_future.mp4,BLOCKED_BY_ENV: lpips unavailable,v10_TypeM_014_02292_collision_orbit_right_64_seed41292_local_patch_drift,TypeM_v10_synthetic_visible,local_assets/dpo_pair_factory_v10/recovered_conditions/02292_collision_orbit_right_64_seed41292/prefix_len5.mp4,37.504301,0.823789,0.176211,1.0,02292_collision_orbit_right_64_seed41292,860.683153,1.0,860.683153,0.996699,REJECT_SYNTHETIC_GATE,collision,BLOCKED_BY_ENV: no local VBench evaluator,local_assets/dpo_pair_factory_v10/recovered_conditions/02292_collision_orbit_right_64_seed41292/clean_future_5_80.mp4,local_patch_drift creates visible local future-only error; winner remains clean GT; loser remains sharp/readable; local_absdiff_p95=27.0; sharpness_ratio=1.0
"{""h"": 118, ""w"": 181, ""x"": 428, ""y"": 171}","[20, 67]",strafe_left_180,02295_collision_strafe_left_180_seed41295,local_assets/dpo_pair_factory_v10/synthetic_visible_negatives/contact_sheets/v10_TypeM_015_02295_collision_strafe_left_180_seed41295_foreground_identity_color_shift.jpg,foreground_identity_color_shift,True,BLOCKED_BY_ENV: no local FVD/I3D backend,17.436205,47.0,local_assets/dpo_pair_factory_v10/synthetic_visible_negatives/pairs/v10_TypeM_015_02295_collision_strafe_left_180_seed41295_foreground_identity_color_shift/loser_full_prefix5_future.mp4,local_assets/dpo_pair_factory_v10/synthetic_visible_negatives/pairs/v10_TypeM_015_02295_collision_strafe_left_180_seed41295_foreground_identity_color_shift/loser_future.mp4,BLOCKED_BY_ENV: lpips unavailable,v10_TypeM_015_02295_collision_strafe_left_180_seed41295_foreground_identity_color_shift,TypeM_v10_synthetic_visible,local_assets/dpo_pair_factory_v10/recovered_conditions/02295_collision_strafe_left_180_seed41295/prefix_len5.mp4,31.744041,0.777474,0.222526,1.0,02295_collision_strafe_left_180_seed41295,919.238064,1.079327,851.677249,0.992686,DPO_READY_SYNTHETIC_VISIBLE_V10,collision,BLOCKED_BY_ENV: no local VBench evaluator,local_assets/dpo_pair_factory_v10/recovered_conditions/02295_collision_strafe_left_180_seed41295/clean_future_5_80.mp4,foreground_identity_color_shift creates visible local future-only error; winner remains clean GT; loser remains sharp/readable; local_absdiff_p95=47.0; sharpness_ratio=1.079327
"{""h"": 116, ""w"": 169, ""x"": 261, ""y"": 194}","[20, 67]",strafe_left_180,02327_collision_strafe_left_180_seed41327,local_assets/dpo_pair_factory_v10/synthetic_visible_negatives/contact_sheets/v10_TypeM_016_02327_collision_strafe_left_180_seed41327_local_temporal_jump.jpg,local_temporal_jump,True,BLOCKED_BY_ENV: no local FVD/I3D backend,16.616413,120.0,local_assets/dpo_pair_factory_v10/synthetic_visible_negatives/pairs/v10_TypeM_016_02327_collision_strafe_left_180_seed41327_local_temporal_jump/loser_full_prefix5_future.mp4,local_assets/dpo_pair_factory_v10/synthetic_visible_negatives/pairs/v10_TypeM_016_02327_collision_strafe_left_180_seed41327_local_temporal_jump/loser_future.mp4,BLOCKED_BY_ENV: lpips unavailable,v10_TypeM_016_02327_collision_strafe_left_180_seed41327_local_temporal_jump,TypeM_v10_synthetic_visible,local_assets/dpo_pair_factory_v10/recovered_conditions/02327_collision_strafe_left_180_seed41327/prefix_len5.mp4,28.788703,0.62,0.38,1.0,02327_collision_strafe_left_180_seed41327,992.495443,1.110587,893.667209,0.993603,DPO_READY_SYNTHETIC_VISIBLE_V10,collision,BLOCKED_BY_ENV: no local VBench evaluator,local_assets/dpo_pair_factory_v10/recovered_conditions/02327_collision_strafe_left_180_seed41327/clean_future_5_80.mp4,local_temporal_jump creates visible local future-only error; winner remains clean GT; loser remains sharp/readable; local_absdiff_p95=120.0; sharpness_ratio=1.110587
"{""h"": 132, ""w"": 204, ""x"": 191, ""y"": 112}","[20, 67]",orbit_right_64,02328_collision_orbit_right_64_seed41328,local_assets/dpo_pair_factory_v10/synthetic_visible_negatives/contact_sheets/v10_TypeM_017_02328_collision_orbit_right_64_seed41328_local_patch_freeze.jpg,local_patch_freeze,True,BLOCKED_BY_ENV: no local FVD/I3D backend,10.444873,31.0,local_assets/dpo_pair_factory_v10/synthetic_visible_negatives/pairs/v10_TypeM_017_02328_collision_orbit_right_64_seed41328_local_patch_freeze/loser_full_prefix5_future.mp4,local_assets/dpo_pair_factory_v10/synthetic_visible_negatives/pairs/v10_TypeM_017_02328_collision_orbit_right_64_seed41328_local_patch_freeze/loser_future.mp4,BLOCKED_BY_ENV: lpips unavailable,v10_TypeM_017_02328_collision_orbit_right_64_seed41328_local_patch_freeze,TypeM_v10_synthetic_visible,local_assets/dpo_pair_factory_v10/recovered_conditions/02328_collision_orbit_right_64_seed41328/prefix_len5.mp4,32.00956,0.814526,0.185474,1.0,02328_collision_orbit_right_64_seed41328,1053.188049,1.164595,904.338216,0.994476,DPO_READY_SYNTHETIC_VISIBLE_V10,collision,BLOCKED_BY_ENV: no local VBench evaluator,local_assets/dpo_pair_factory_v10/recovered_conditions/02328_collision_orbit_right_64_seed41328/clean_future_5_80.mp4,local_patch_freeze creates visible local future-only error; winner remains clean GT; loser remains sharp/readable; local_absdiff_p95=31.0; sharpness_ratio=1.164595
"{""h"": 136, ""w"": 234, ""x"": 421, ""y"": 136}","[20, 67]",strafe_left_180,02353_collision_strafe_left_180_seed41353,local_assets/dpo_pair_factory_v10/synthetic_visible_negatives/contact_sheets/v10_TypeM_018_02353_collision_strafe_left_180_seed41353_local_patch_drift.jpg,local_patch_drift,True,BLOCKED_BY_ENV: no local FVD/I3D backend,16.663616,90.0,local_assets/dpo_pair_factory_v10/synthetic_visible_negatives/pairs/v10_TypeM_018_02353_collision_strafe_left_180_seed41353_local_patch_drift/loser_full_prefix5_future.mp4,local_assets/dpo_pair_factory_v10/synthetic_visible_negatives/pairs/v10_TypeM_018_02353_collision_strafe_left_180_seed41353_local_patch_drift/loser_future.mp4,BLOCKED_BY_ENV: lpips unavailable,v10_TypeM_018_02353_collision_strafe_left_180_seed41353_local_patch_drift,TypeM_v10_synthetic_visible,local_assets/dpo_pair_factory_v10/recovered_conditions/02353_collision_strafe_left_180_seed41353/prefix_len5.mp4,28.551114,0.677895,0.322105,1.0,02353_collision_strafe_left_180_seed41353,914.945003,1.073627,852.199953,0.989585,DPO_READY_SYNTHETIC_VISIBLE_V10,collision,BLOCKED_BY_ENV: no local VBench evaluator,local_assets/dpo_pair_factory_v10/recovered_conditions/02353_collision_strafe_left_180_seed41353/clean_future_5_80.mp4,local_patch_drift creates visible local future-only error; winner remains clean GT; loser remains sharp/readable; local_absdiff_p95=90.0; sharpness_ratio=1.073627
"{""h"": 133, ""w"": 170, ""x"": 399, ""y"": 219}","[20, 67]",orbit_right_64,02360_collision_orbit_right_64_seed41360,local_assets/dpo_pair_factory_v10/synthetic_visible_negatives/contact_sheets/v10_TypeM_019_02360_collision_orbit_right_64_seed41360_foreground_identity_color_shift.jpg,foreground_identity_color_shift,True,BLOCKED_BY_ENV: no local FVD/I3D backend,19.233593,48.0,local_assets/dpo_pair_factory_v10/synthetic_visible_negatives/pairs/v10_TypeM_019_02360_collision_orbit_right_64_seed41360_foreground_identity_color_shift/loser_full_prefix5_future.mp4,local_assets/dpo_pair_factory_v10/synthetic_visible_negatives/pairs/v10_TypeM_019_02360_collision_orbit_right_64_seed41360_foreground_identity_color_shift/loser_future.mp4,BLOCKED_BY_ENV: lpips unavailable,v10_TypeM_019_02360_collision_orbit_right_64_seed41360_foreground_identity_color_shift,TypeM_v10_synthetic_visible,local_assets/dpo_pair_factory_v10/recovered_conditions/02360_collision_orbit_right_64_seed41360/prefix_len5.mp4,32.172253,0.775158,0.224842,1.0,02360_collision_orbit_right_64_seed41360,834.080457,1.0,834.080457,0.991459,DPO_READY_SYNTHETIC_VISIBLE_V10,collision,BLOCKED_BY_ENV: no local VBench evaluator,local_assets/dpo_pair_factory_v10/recovered_conditions/02360_collision_orbit_right_64_seed41360/clean_future_5_80.mp4,foreground_identity_color_shift creates visible local future-only error; winner remains clean GT; loser remains sharp/readable; local_absdiff_p95=48.0; sharpness_ratio=1.0
"{""h"": 101, ""w"": 202, ""x"": 208, ""y"": 125}","[20, 67]",orbit_right_64,02366_collision_orbit_right_64_seed41366,local_assets/dpo_pair_factory_v10/synthetic_visible_negatives/contact_sheets/v10_TypeM_020_02366_collision_orbit_right_64_seed41366_local_temporal_jump.jpg,local_temporal_jump,False,BLOCKED_BY_ENV: no local FVD/I3D backend,6.882078,24.0,local_assets/dpo_pair_factory_v10/synthetic_visible_negatives/pairs/v10_TypeM_020_02366_collision_orbit_right_64_seed41366_local_temporal_jump/loser_full_prefix5_future.mp4,local_assets/dpo_pair_factory_v10/synthetic_visible_negatives/pairs/v10_TypeM_020_02366_collision_orbit_right_64_seed41366_local_temporal_jump/loser_future.mp4,BLOCKED_BY_ENV: lpips unavailable,v10_TypeM_020_02366_collision_orbit_right_64_seed41366_local_temporal_jump,TypeM_v10_synthetic_visible,local_assets/dpo_pair_factory_v10/recovered_conditions/02366_collision_orbit_right_64_seed41366/prefix_len5.mp4,38.224012,0.830737,0.169263,1.0,02366_collision_orbit_right_64_seed41366,1418.036489,1.0,1418.036489,0.997242,REJECT_SYNTHETIC_GATE,collision,BLOCKED_BY_ENV: no local VBench evaluator,local_assets/dpo_pair_factory_v10/recovered_conditions/02366_collision_orbit_right_64_seed41366/clean_future_5_80.mp4,local_temporal_jump creates visible local future-only error; winner remains clean GT; loser remains sharp/readable; local_absdiff_p95=24.0; sharpness_ratio=1.0
"{""h"": 100, ""w"": 231, ""x"": 276, ""y"": 162}","[20, 67]",orbit_right_64,02378_collision_orbit_right_64_seed41378,local_assets/dpo_pair_factory_v10/synthetic_visible_negatives/contact_sheets/v10_TypeM_021_02378_collision_orbit_right_64_seed41378_local_patch_freeze.jpg,local_patch_freeze,False,BLOCKED_BY_ENV: no local FVD/I3D backend,7.245224,25.0,local_assets/dpo_pair_factory_v10/synthetic_visible_negatives/pairs/v10_TypeM_021_02378_collision_orbit_right_64_seed41378_local_patch_freeze/loser_full_prefix5_future.mp4,local_assets/dpo_pair_factory_v10/synthetic_visible_negatives/pairs/v10_TypeM_021_02378_collision_orbit_right_64_seed41378_local_patch_freeze/loser_future.mp4,BLOCKED_BY_ENV: lpips unavailable,v10_TypeM_021_02378_collision_orbit_right_64_seed41378_local_patch_freeze,TypeM_v10_synthetic_visible,local_assets/dpo_pair_factory_v10/recovered_conditions/02378_collision_orbit_right_64_seed41378/prefix_len5.mp4,37.668433,0.828421,0.171579,1.0,02378_collision_orbit_right_64_seed41378,1422.144881,1.019781,1394.559405,0.996713,REJECT_SYNTHETIC_GATE,collision,BLOCKED_BY_ENV: no local VBench evaluator,local_assets/dpo_pair_factory_v10/recovered_conditions/02378_collision_orbit_right_64_seed41378/clean_future_5_80.mp4,local_patch_freeze creates visible local future-only error; winner remains clean GT; loser remains sharp/readable; local_absdiff_p95=25.0; sharpness_ratio=1.019781
"{""h"": 125, ""w"": 244, ""x"": 369, ""y"": 111}","[20, 67]",orbit_right_64,02384_collision_orbit_right_64_seed41384,local_assets/dpo_pair_factory_v10/synthetic_visible_negatives/contact_sheets/v10_TypeM_022_02384_collision_orbit_right_64_seed41384_local_patch_drift.jpg,local_patch_drift,False,BLOCKED_BY_ENV: no local FVD/I3D backend,6.478743,22.0,local_assets/dpo_pair_factory_v10/synthetic_visible_negatives/pairs/v10_TypeM_022_02384_collision_orbit_right_64_seed41384_local_patch_drift/loser_full_prefix5_future.mp4,local_assets/dpo_pair_factory_v10/synthetic_visible_negatives/pairs/v10_TypeM_022_02384_collision_orbit_right_64_seed41384_local_patch_drift/loser_future.mp4,BLOCKED_BY_ENV: lpips unavailable,v10_TypeM_022_02384_collision_orbit_right_64_seed41384_local_patch_drift,TypeM_v10_synthetic_visible,local_assets/dpo_pair_factory_v10/recovered_conditions/02384_collision_orbit_right_64_seed41384/prefix_len5.mp4,37.302097,0.835368,0.164632,1.0,02384_collision_orbit_right_64_seed41384,1379.385585,1.0,1379.385585,0.996119,REJECT_SYNTHETIC_GATE,collision,BLOCKED_BY_ENV: no local VBench evaluator,local_assets/dpo_pair_factory_v10/recovered_conditions/02384_collision_orbit_right_64_seed41384/clean_future_5_80.mp4,local_patch_drift creates visible local future-only error; winner remains clean GT; loser remains sharp/readable; local_absdiff_p95=22.0; sharpness_ratio=1.0
"{""h"": 108, ""w"": 235, ""x"": 329, ""y"": 130}","[20, 67]",orbit_right_64,prefix5_anchored_1128e39109fc83_object_deformation,local_assets/dpo_pair_factory_v10/synthetic_visible_negatives/contact_sheets/v10_TypeM_023_prefix5_anchored_1128e39109fc83_object_deformation_foreground_identity_color_shift.jpg,foreground_identity_color_shift,True,BLOCKED_BY_ENV: no local FVD/I3D backend,21.732498,56.0,local_assets/dpo_pair_factory_v10/synthetic_visible_negatives/pairs/v10_TypeM_023_prefix5_anchored_1128e39109fc83_object_deformation_foreground_identity_color_shift/loser_full_prefix5_future.mp4,local_assets/dpo_pair_factory_v10/synthetic_visible_negatives/pairs/v10_TypeM_023_prefix5_anchored_1128e39109fc83_object_deformation_foreground_identity_color_shift/loser_future.mp4,BLOCKED_BY_ENV: lpips unavailable,v10_TypeM_023_prefix5_anchored_1128e39109fc83_object_deformation_foreground_identity_color_shift,TypeM_v10_synthetic_visible,local_assets/dpo_pair_factory_v10/recovered_conditions/prefix5_anchored_1128e39109fc83_object_deformation/prefix_len5.mp4,30.048053,0.756632,0.243368,1.0,prefix5_anchored_1128e39109fc83_object_deformation,1309.054066,1.109058,1180.329707,0.989168,DPO_READY_SYNTHETIC_VISIBLE_V10,collision,BLOCKED_BY_ENV: no local VBench evaluator,local_assets/dpo_prefix5_pairs_20260627_031729/clean_futures/02200_collision_orbit_right_64_seed41200/clean_future_5_80.mp4,foreground_identity_color_shift creates visible local future-only error; winner remains clean GT; loser remains sharp/readable; local_absdiff_p95=56.0; sharpness_ratio=1.109058
"{""h"": 123, ""w"": 190, ""x"": 369, ""y"": 181}","[20, 67]",orbit_right_64,prefix5_anchored_1ca3412d8f73c8_nonrigid_background_warp,local_assets/dpo_pair_factory_v10/synthetic_visible_negatives/contact_sheets/v10_TypeM_024_prefix5_anchored_1ca3412d8f73c8_nonrigid_background_warp_local_temporal_jump.jpg,local_temporal_jump,False,BLOCKED_BY_ENV: no local FVD/I3D backend,7.06093,24.0,local_assets/dpo_pair_factory_v10/synthetic_visible_negatives/pairs/v10_TypeM_024_prefix5_anchored_1ca3412d8f73c8_nonrigid_background_warp_local_temporal_jump/loser_full_prefix5_future.mp4,local_assets/dpo_pair_factory_v10/synthetic_visible_negatives/pairs/v10_TypeM_024_prefix5_anchored_1ca3412d8f73c8_nonrigid_background_warp_local_temporal_jump/loser_future.mp4,BLOCKED_BY_ENV: lpips unavailable,v10_TypeM_024_prefix5_anchored_1ca3412d8f73c8_nonrigid_background_warp_local_temporal_jump,TypeM_v10_synthetic_visible,local_assets/dpo_pair_factory_v10/recovered_conditions/prefix5_anchored_1ca3412d8f73c8_nonrigid_background_warp/prefix_len5.mp4,37.714503,0.830737,0.169263,1.0,prefix5_anchored_1ca3412d8f73c8_nonrigid_background_warp,1192.505448,1.010316,1180.329707,0.996759,REJECT_SYNTHETIC_GATE,collision,BLOCKED_BY_ENV: no local VBench evaluator,local_assets/dpo_prefix5_pairs_20260627_031729/clean_futures/02200_collision_orbit_right_64_seed41200/clean_future_5_80.mp4,local_temporal_jump creates visible local future-only error; winner remains clean GT; loser remains sharp/readable; local_absdiff_p95=24.0; sharpness_ratio=1.010316
"{""h"": 119, ""w"": 182, ""x"": 321, ""y"": 238}","[20, 67]",orbit_right_64,prefix5_anchored_3e28b01a2ca2ef_reobserve_mismatch,local_assets/dpo_pair_factory_v10/synthetic_visible_negatives/contact_sheets/v10_TypeM_025_prefix5_anchored_3e28b01a2ca2ef_reobserve_mismatch_local_patch_freeze.jpg,local_patch_freeze,False,BLOCKED_BY_ENV: no local FVD/I3D backend,7.159914,24.0,local_assets/dpo_pair_factory_v10/synthetic_visible_negatives/pairs/v10_TypeM_025_prefix5_anchored_3e28b01a2ca2ef_reobserve_mismatch_local_patch_freeze/loser_full_prefix5_future.mp4,local_assets/dpo_pair_factory_v10/synthetic_visible_negatives/pairs/v10_TypeM_025_prefix5_anchored_3e28b01a2ca2ef_reobserve_mismatch_local_patch_freeze/loser_future.mp4,BLOCKED_BY_ENV: lpips unavailable,v10_TypeM_025_prefix5_anchored_3e28b01a2ca2ef_reobserve_mismatch_local_patch_freeze,TypeM_v10_synthetic_visible,local_assets/dpo_pair_factory_v10/recovered_conditions/prefix5_anchored_3e28b01a2ca2ef_reobserve_mismatch/prefix_len5.mp4,37.930691,0.830737,0.169263,1.0,prefix5_anchored_3e28b01a2ca2ef_reobserve_mismatch,1183.671264,1.002831,1180.329707,0.996955,REJECT_SYNTHETIC_GATE,collision,BLOCKED_BY_ENV: no local VBench evaluator,local_assets/dpo_prefix5_pairs_20260627_031729/clean_futures/02200_collision_orbit_right_64_seed41200/clean_future_5_80.mp4,local_patch_freeze creates visible local future-only error; winner remains clean GT; loser remains sharp/readable; local_absdiff_p95=24.0; sharpness_ratio=1.002831
"{""h"": 109, ""w"": 226, ""x"": 261, ""y"": 148}","[20, 67]",orbit_right_64,prefix5_anchored_525c18bc4422f0_background_drift,local_assets/dpo_pair_factory_v10/synthetic_visible_negatives/contact_sheets/v10_TypeM_026_prefix5_anchored_525c18bc4422f0_background_drift_local_patch_drift.jpg,local_patch_drift,True,BLOCKED_BY_ENV: no local FVD/I3D backend,11.879829,99.0,local_assets/dpo_pair_factory_v10/synthetic_visible_negatives/pairs/v10_TypeM_026_prefix5_anchored_525c18bc4422f0_background_drift_local_patch_drift/loser_full_prefix5_future.mp4,local_assets/dpo_pair_factory_v10/synthetic_visible_negatives/pairs/v10_TypeM_026_prefix5_anchored_525c18bc4422f0_background_drift_local_patch_drift/loser_future.mp4,BLOCKED_BY_ENV: lpips unavailable,v10_TypeM_026_prefix5_anchored_525c18bc4422f0_background_drift_local_patch_drift,TypeM_v10_synthetic_visible,local_assets/dpo_pair_factory_v10/recovered_conditions/prefix5_anchored_525c18bc4422f0_background_drift/prefix_len5.mp4,30.131537,0.657053,0.342947,1.0,prefix5_anchored_525c18bc4422f0_background_drift,1249.274804,1.058412,1180.329707,0.994253,DPO_READY_SYNTHETIC_VISIBLE_V10,collision,BLOCKED_BY_ENV: no local VBench evaluator,local_assets/dpo_prefix5_pairs_20260627_031729/clean_futures/02200_collision_orbit_right_64_seed41200/clean_future_5_80.mp4,local_patch_drift creates visible local future-only error; winner remains clean GT; loser remains sharp/readable; local_absdiff_p95=99.0; sharpness_ratio=1.058412
"{""h"": 148, ""w"": 209, ""x"": 314, ""y"": 99}","[20, 67]",orbit_right_64,prefix5_anchored_7f708dfe212ad6_freeze_foreground,local_assets/dpo_pair_factory_v10/synthetic_visible_negatives/contact_sheets/v10_TypeM_027_prefix5_anchored_7f708dfe212ad6_freeze_foreground_foreground_identity_color_shift.jpg,foreground_identity_color_shift,True,BLOCKED_BY_ENV: no local FVD/I3D backend,19.529016,50.0,local_assets/dpo_pair_factory_v10/synthetic_visible_negatives/pairs/v10_TypeM_027_prefix5_anchored_7f708dfe212ad6_freeze_foreground_foreground_identity_color_shift/loser_full_prefix5_future.mp4,local_assets/dpo_pair_factory_v10/synthetic_visible_negatives/pairs/v10_TypeM_027_prefix5_anchored_7f708dfe212ad6_freeze_foreground_foreground_identity_color_shift/loser_future.mp4,BLOCKED_BY_ENV: lpips unavailable,v10_TypeM_027_prefix5_anchored_7f708dfe212ad6_freeze_foreground_foreground_identity_color_shift,TypeM_v10_synthetic_visible,local_assets/dpo_pair_factory_v10/recovered_conditions/prefix5_anchored_7f708dfe212ad6_freeze_foreground/prefix_len5.mp4,29.90226,0.770526,0.229474,1.0,prefix5_anchored_7f708dfe212ad6_freeze_foreground,1335.982546,1.131872,1180.329707,0.988136,DPO_READY_SYNTHETIC_VISIBLE_V10,collision,BLOCKED_BY_ENV: no local VBench evaluator,local_assets/dpo_prefix5_pairs_20260627_031729/clean_futures/02200_collision_orbit_right_64_seed41200/clean_future_5_80.mp4,foreground_identity_color_shift creates visible local future-only error; winner remains clean GT; loser remains sharp/readable; local_absdiff_p95=50.0; sharpness_ratio=1.131872
"{""h"": 119, ""w"": 231, ""x"": 392, ""y"": 242}","[20, 67]",orbit_right_64,prefix5_anchored_b53591379e11c1_object_deformation,local_assets/dpo_pair_factory_v10/synthetic_visible_negatives/contact_sheets/v10_TypeM_028_prefix5_anchored_b53591379e11c1_object_deformation_local_temporal_jump.jpg,local_temporal_jump,False,BLOCKED_BY_ENV: no local FVD/I3D backend,7.696389,26.0,local_assets/dpo_pair_factory_v10/synthetic_visible_negatives/pairs/v10_TypeM_028_prefix5_anchored_b53591379e11c1_object_deformation_local_temporal_jump/loser_full_prefix5_future.mp4,local_assets/dpo_pair_factory_v10/synthetic_visible_negatives/pairs/v10_TypeM_028_prefix5_anchored_b53591379e11c1_object_deformation_local_temporal_jump/loser_future.mp4,BLOCKED_BY_ENV: lpips unavailable,v10_TypeM_028_prefix5_anchored_b53591379e11c1_object_deformation_local_temporal_jump,TypeM_v10_synthetic_visible,local_assets/dpo_pair_factory_v10/recovered_conditions/prefix5_anchored_b53591379e11c1_object_deformation/prefix_len5.mp4,36.691533,0.826105,0.173895,1.0,prefix5_anchored_b53591379e11c1_object_deformation,1185.490509,1.004372,1180.329707,0.995845,REJECT_SYNTHETIC_GATE,collision,BLOCKED_BY_ENV: no local VBench evaluator,local_assets/dpo_prefix5_pairs_20260627_031729/clean_futures/02200_collision_orbit_right_64_seed41200/clean_future_5_80.mp4,local_temporal_jump creates visible local future-only error; winner remains clean GT; loser remains sharp/readable; local_absdiff_p95=26.0; sharpness_ratio=1.004372
"{""h"": 141, ""w"": 230, ""x"": 237, ""y"": 233}","[20, 67]",orbit_right_64,prefix5_anchored_e78653865b3413_wrong_camera_motion,local_assets/dpo_pair_factory_v10/synthetic_visible_negatives/contact_sheets/v10_TypeM_029_prefix5_anchored_e78653865b3413_wrong_camera_motion_local_patch_freeze.jpg,local_patch_freeze,False,BLOCKED_BY_ENV: no local FVD/I3D backend,7.220945,25.0,local_assets/dpo_pair_factory_v10/synthetic_visible_negatives/pairs/v10_TypeM_029_prefix5_anchored_e78653865b3413_wrong_camera_motion_local_patch_freeze/loser_full_prefix5_future.mp4,local_assets/dpo_pair_factory_v10/synthetic_visible_negatives/pairs/v10_TypeM_029_prefix5_anchored_e78653865b3413_wrong_camera_motion_local_patch_freeze/loser_future.mp4,BLOCKED_BY_ENV: lpips unavailable,v10_TypeM_029_prefix5_anchored_e78653865b3413_wrong_camera_motion_local_patch_freeze,TypeM_v10_synthetic_visible,local_assets/dpo_pair_factory_v10/recovered_conditions/prefix5_anchored_e78653865b3413_wrong_camera_motion/prefix_len5.mp4,36.358146,0.828421,0.171579,1.0,prefix5_anchored_e78653865b3413_wrong_camera_motion,1181.337474,1.000854,1180.329707,0.995401,REJECT_SYNTHETIC_GATE,collision,BLOCKED_BY_ENV: no local VBench evaluator,local_assets/dpo_prefix5_pairs_20260627_031729/clean_futures/02200_collision_orbit_right_64_seed41200/clean_future_5_80.mp4,local_patch_freeze creates visible local future-only error; winner remains clean GT; loser remains sharp/readable; local_absdiff_p95=25.0; sharpness_ratio=1.000854
"{""h"": 133, ""w"": 209, ""x"": 322, ""y"": 145}","[20, 67]",orbit_right_64,prefix5_anchored_ebade3740fe2f4_object_identity_change,local_assets/dpo_pair_factory_v10/synthetic_visible_negatives/contact_sheets/v10_TypeM_030_prefix5_anchored_ebade3740fe2f4_object_identity_change_local_patch_drift.jpg,local_patch_drift,False,BLOCKED_BY_ENV: no local FVD/I3D backend,6.991609,22.0,local_assets/dpo_pair_factory_v10/synthetic_visible_negatives/pairs/v10_TypeM_030_prefix5_anchored_ebade3740fe2f4_object_identity_change_local_patch_drift/loser_full_prefix5_future.mp4,local_assets/dpo_pair_factory_v10/synthetic_visible_negatives/pairs/v10_TypeM_030_prefix5_anchored_ebade3740fe2f4_object_identity_change_local_patch_drift/loser_future.mp4,BLOCKED_BY_ENV: lpips unavailable,v10_TypeM_030_prefix5_anchored_ebade3740fe2f4_object_identity_change_local_patch_drift,TypeM_v10_synthetic_visible,local_assets/dpo_pair_factory_v10/recovered_conditions/prefix5_anchored_ebade3740fe2f4_object_identity_change/prefix_len5.mp4,34.791661,0.835368,0.164632,1.0,prefix5_anchored_ebade3740fe2f4_object_identity_change,1202.816028,1.019051,1180.329707,0.996183,REJECT_SYNTHETIC_GATE,collision,BLOCKED_BY_ENV: no local VBench evaluator,local_assets/dpo_prefix5_pairs_20260627_031729/clean_futures/02200_collision_orbit_right_64_seed41200/clean_future_5_80.mp4,local_patch_drift creates visible local future-only error; winner remains clean GT; loser remains sharp/readable; local_absdiff_p95=22.0; sharpness_ratio=1.019051
"{""h"": 113, ""w"": 223, ""x"": 243, ""y"": 140}","[20, 67]",orbit_right_64,prefix5_anchored_ede413792fce8b_nonrigid_background_warp,local_assets/dpo_pair_factory_v10/synthetic_visible_negatives/contact_sheets/v10_TypeM_031_prefix5_anchored_ede413792fce8b_nonrigid_background_warp_foreground_identity_color_shift.jpg,foreground_identity_color_shift,True,BLOCKED_BY_ENV: no local FVD/I3D backend,21.173105,52.0,local_assets/dpo_pair_factory_v10/synthetic_visible_negatives/pairs/v10_TypeM_031_prefix5_anchored_ede413792fce8b_nonrigid_background_warp_foreground_identity_color_shift/loser_full_prefix5_future.mp4,local_assets/dpo_pair_factory_v10/synthetic_visible_negatives/pairs/v10_TypeM_031_prefix5_anchored_ede413792fce8b_nonrigid_background_warp_foreground_identity_color_shift/loser_future.mp4,BLOCKED_BY_ENV: lpips unavailable,v10_TypeM_031_prefix5_anchored_ede413792fce8b_nonrigid_background_warp_foreground_identity_color_shift,TypeM_v10_synthetic_visible,local_assets/dpo_pair_factory_v10/recovered_conditions/prefix5_anchored_ede413792fce8b_nonrigid_background_warp/prefix_len5.mp4,30.484481,0.765895,0.234105,1.0,prefix5_anchored_ede413792fce8b_nonrigid_background_warp,1261.196472,1.068512,1180.329707,0.989522,DPO_READY_SYNTHETIC_VISIBLE_V10,collision,BLOCKED_BY_ENV: no local VBench evaluator,local_assets/dpo_prefix5_pairs_20260627_031729/clean_futures/02200_collision_orbit_right_64_seed41200/clean_future_5_80.mp4,foreground_identity_color_shift creates visible local future-only error; winner remains clean GT; loser remains sharp/readable; local_absdiff_p95=52.0; sharpness_ratio=1.068512
"{""h"": 112, ""w"": 229, ""x"": 244, ""y"": 238}","[20, 67]",orbit_right_64,prefix5_anchored_ff65f1ae3e7ca8_background_drift,local_assets/dpo_pair_factory_v10/synthetic_visible_negatives/contact_sheets/v10_TypeM_032_prefix5_anchored_ff65f1ae3e7ca8_background_drift_local_temporal_jump.jpg,local_temporal_jump,False,BLOCKED_BY_ENV: no local FVD/I3D backend,7.641537,26.0,local_assets/dpo_pair_factory_v10/synthetic_visible_negatives/pairs/v10_TypeM_032_prefix5_anchored_ff65f1ae3e7ca8_background_drift_local_temporal_jump/loser_full_prefix5_future.mp4,local_assets/dpo_pair_factory_v10/synthetic_visible_negatives/pairs/v10_TypeM_032_prefix5_anchored_ff65f1ae3e7ca8_background_drift_local_temporal_jump/loser_future.mp4,BLOCKED_BY_ENV: lpips unavailable,v10_TypeM_032_prefix5_anchored_ff65f1ae3e7ca8_background_drift_local_temporal_jump,TypeM_v10_synthetic_visible,local_assets/dpo_pair_factory_v10/recovered_conditions/prefix5_anchored_ff65f1ae3e7ca8_background_drift/prefix_len5.mp4,36.952737,0.826105,0.173895,1.0,prefix5_anchored_ff65f1ae3e7ca8_background_drift,1180.595903,1.000226,1180.329707,0.996151,REJECT_SYNTHETIC_GATE,collision,BLOCKED_BY_ENV: no local VBench evaluator,local_assets/dpo_prefix5_pairs_20260627_031729/clean_futures/02200_collision_orbit_right_64_seed41200/clean_future_5_80.mp4,local_temporal_jump creates visible local future-only error; winner remains clean GT; loser remains sharp/readable; local_absdiff_p95=26.0; sharpness_ratio=1.000226
"{""h"": 109, ""w"": 192, ""x"": 212, ""y"": 213}","[20, 67]",orbit_right_64,v6_02200_collision_orbit_right_64_seed41200,local_assets/dpo_pair_factory_v10/synthetic_visible_negatives/contact_sheets/v10_TypeM_033_v6_02200_collision_orbit_right_64_seed41200_local_patch_freeze.jpg,local_patch_freeze,False,BLOCKED_BY_ENV: no local FVD/I3D backend,6.949784,23.0,local_assets/dpo_pair_factory_v10/synthetic_visible_negatives/pairs/v10_TypeM_033_v6_02200_collision_orbit_right_64_seed41200_local_patch_freeze/loser_full_prefix5_future.mp4,local_assets/dpo_pair_factory_v10/synthetic_visible_negatives/pairs/v10_TypeM_033_v6_02200_collision_orbit_right_64_seed41200_local_patch_freeze/loser_future.mp4,BLOCKED_BY_ENV: lpips unavailable,v10_TypeM_033_v6_02200_collision_orbit_right_64_seed41200_local_patch_freeze,TypeM_v10_synthetic_visible,local_assets/dpo_pair_factory_v10/recovered_conditions/v6_02200_collision_orbit_right_64_seed41200/prefix_len5.mp4,38.192851,0.833053,0.166947,1.0,v6_02200_collision_orbit_right_64_seed41200,1184.322125,1.003382,1180.329707,0.997144,REJECT_SYNTHETIC_GATE,collision,BLOCKED_BY_ENV: no local VBench evaluator,local_assets/dpo_prefix5_pairs_20260627_031729/clean_futures/02200_collision_orbit_right_64_seed41200/clean_future_5_80.mp4,local_patch_freeze creates visible local future-only error; winner remains clean GT; loser remains sharp/readable; local_absdiff_p95=23.0; sharpness_ratio=1.003382
"{""h"": 96, ""w"": 242, ""x"": 213, ""y"": 174}","[20, 67]",orbit_right_64,v6_02202_collision_orbit_right_64_seed41202,local_assets/dpo_pair_factory_v10/synthetic_visible_negatives/contact_sheets/v10_TypeM_034_v6_02202_collision_orbit_right_64_seed41202_local_patch_drift.jpg,local_patch_drift,False,BLOCKED_BY_ENV: no local FVD/I3D backend,7.927774,30.0,local_assets/dpo_pair_factory_v10/synthetic_visible_negatives/pairs/v10_TypeM_034_v6_02202_collision_orbit_right_64_seed41202_local_patch_drift/loser_full_prefix5_future.mp4,local_assets/dpo_pair_factory_v10/synthetic_visible_negatives/pairs/v10_TypeM_034_v6_02202_collision_orbit_right_64_seed41202_local_patch_drift/loser_future.mp4,BLOCKED_BY_ENV: lpips unavailable,v10_TypeM_034_v6_02202_collision_orbit_right_64_seed41202_local_patch_drift,TypeM_v10_synthetic_visible,local_assets/dpo_pair_factory_v10/recovered_conditions/v6_02202_collision_orbit_right_64_seed41202/prefix_len5.mp4,36.660452,0.816842,0.183158,1.0,v6_02202_collision_orbit_right_64_seed41202,1253.742849,1.0,1253.742849,0.996383,REJECT_SYNTHETIC_GATE,collision,BLOCKED_BY_ENV: no local VBench evaluator,local_assets/dpo_prefix5_pairs_20260627_031729/clean_futures/02202_collision_orbit_right_64_seed41202/clean_future_5_80.mp4,local_patch_drift creates visible local future-only error; winner remains clean GT; loser remains sharp/readable; local_absdiff_p95=30.0; sharpness_ratio=1.0
"{""h"": 104, ""w"": 186, ""x"": 221, ""y"": 212}","[20, 67]",orbit_right_64,v6_02222_collision_orbit_right_64_seed41222,local_assets/dpo_pair_factory_v10/synthetic_visible_negatives/contact_sheets/v10_TypeM_035_v6_02222_collision_orbit_right_64_seed41222_foreground_identity_color_shift.jpg,foreground_identity_color_shift,True,BLOCKED_BY_ENV: no local FVD/I3D backend,20.833397,52.0,local_assets/dpo_pair_factory_v10/synthetic_visible_negatives/pairs/v10_TypeM_035_v6_02222_collision_orbit_right_64_seed41222_foreground_identity_color_shift/loser_full_prefix5_future.mp4,local_assets/dpo_pair_factory_v10/synthetic_visible_negatives/pairs/v10_TypeM_035_v6_02222_collision_orbit_right_64_seed41222_foreground_identity_color_shift/loser_future.mp4,BLOCKED_BY_ENV: lpips unavailable,v10_TypeM_035_v6_02222_collision_orbit_right_64_seed41222_foreground_identity_color_shift,TypeM_v10_synthetic_visible,local_assets/dpo_pair_factory_v10/recovered_conditions/v6_02222_collision_orbit_right_64_seed41222/prefix_len5.mp4,31.818397,0.765895,0.234105,1.0,v6_02222_collision_orbit_right_64_seed41222,984.419478,1.037331,948.99308,0.992085,DPO_READY_SYNTHETIC_VISIBLE_V10,collision,BLOCKED_BY_ENV: no local VBench evaluator,local_assets/dpo_prefix5_pairs_20260627_031729/clean_futures/02222_collision_orbit_right_64_seed41222/clean_future_5_80.mp4,foreground_identity_color_shift creates visible local future-only error; winner remains clean GT; loser remains sharp/readable; local_absdiff_p95=52.0; sharpness_ratio=1.037331
"{""h"": 113, ""w"": 216, ""x"": 290, ""y"": 134}","[20, 67]",orbit_right_64,v6_02226_collision_orbit_right_64_seed41226,local_assets/dpo_pair_factory_v10/synthetic_visible_negatives/contact_sheets/v10_TypeM_036_v6_02226_collision_orbit_right_64_seed41226_local_temporal_jump.jpg,local_temporal_jump,True,BLOCKED_BY_ENV: no local FVD/I3D backend,12.209643,103.0,local_assets/dpo_pair_factory_v10/synthetic_visible_negatives/pairs/v10_TypeM_036_v6_02226_collision_orbit_right_64_seed41226_local_temporal_jump/loser_full_prefix5_future.mp4,local_assets/dpo_pair_factory_v10/synthetic_visible_negatives/pairs/v10_TypeM_036_v6_02226_collision_orbit_right_64_seed41226_local_temporal_jump/loser_future.mp4,BLOCKED_BY_ENV: lpips unavailable,v10_TypeM_036_v6_02226_collision_orbit_right_64_seed41226_local_temporal_jump,TypeM_v10_synthetic_visible,local_assets/dpo_pair_factory_v10/recovered_conditions/v6_02226_collision_orbit_right_64_seed41226/prefix_len5.mp4,29.921425,0.647789,0.352211,1.0,v6_02226_collision_orbit_right_64_seed41226,1269.578804,1.070547,1185.91586,0.994147,DPO_READY_SYNTHETIC_VISIBLE_V10,collision,BLOCKED_BY_ENV: no local VBench evaluator,local_assets/dpo_prefix5_pairs_20260627_031729/clean_futures/02226_collision_orbit_right_64_seed41226/clean_future_5_80.mp4,local_temporal_jump creates visible local future-only error; winner remains clean GT; loser remains sharp/readable; local_absdiff_p95=103.0; sharpness_ratio=1.070547
"{""h"": 148, ""w"": 191, ""x"": 238, ""y"": 163}","[20, 67]",orbit_left_44,ab5d782f6fc318e29962e4f6f95583a23252babeab7469234f998be5fb6915ac,local_assets/dpo_pair_factory_v10/synthetic_visible_negatives/contact_sheets/v10_TypeM_037_04204_containment_orbit_left_44_seed43204_local_patch_freeze.jpg,local_patch_freeze,True,BLOCKED_BY_ENV: no local FVD/I3D backend,8.058329,42.0,local_assets/dpo_pair_factory_v10/synthetic_visible_negatives/pairs/v10_TypeM_037_04204_containment_orbit_left_44_seed43204_local_patch_freeze/loser_full_prefix5_future.mp4,local_assets/dpo_pair_factory_v10/synthetic_visible_negatives/pairs/v10_TypeM_037_04204_containment_orbit_left_44_seed43204_local_patch_freeze/loser_future.mp4,BLOCKED_BY_ENV: lpips unavailable,v10_TypeM_037_04204_containment_orbit_left_44_seed43204_local_patch_freeze,TypeM_v10_synthetic_visible,local_assets/dpo_prefix5_pairs_20260627_031729/conditions/04204_containment_orbit_left_44_seed43204/prefix_len5.mp4,34.452353,0.789053,0.210947,1.0,04204_containment_orbit_left_44_seed43204,787.923308,1.005437,783.662235,0.995526,DPO_READY_SYNTHETIC_VISIBLE_V10,containment,BLOCKED_BY_ENV: no local VBench evaluator,local_assets/dpo_prefix5_pairs_20260627_031729/clean_futures/04204_containment_orbit_left_44_seed43204/clean_future_5_80.mp4,local_patch_freeze creates visible local future-only error; winner remains clean GT; loser remains sharp/readable; local_absdiff_p95=42.0; sharpness_ratio=1.005437
"{""h"": 142, ""w"": 245, ""x"": 262, ""y"": 136}","[20, 67]",orbit_left_44,04209_containment_orbit_left_44_seed43209,local_assets/dpo_pair_factory_v10/synthetic_visible_negatives/contact_sheets/v10_TypeM_038_04209_containment_orbit_left_44_seed43209_local_patch_drift.jpg,local_patch_drift,True,BLOCKED_BY_ENV: no local FVD/I3D backend,10.814129,61.0,local_assets/dpo_pair_factory_v10/synthetic_visible_negatives/pairs/v10_TypeM_038_04209_containment_orbit_left_44_seed43209_local_patch_drift/loser_full_prefix5_future.mp4,local_assets/dpo_pair_factory_v10/synthetic_visible_negatives/pairs/v10_TypeM_038_04209_containment_orbit_left_44_seed43209_local_patch_drift/loser_future.mp4,BLOCKED_BY_ENV: lpips unavailable,v10_TypeM_038_04209_containment_orbit_left_44_seed43209_local_patch_drift,TypeM_v10_synthetic_visible,local_assets/dpo_pair_factory_v10/recovered_conditions/04209_containment_orbit_left_44_seed43209/prefix_len5.mp4,30.947343,0.745053,0.254947,1.0,04209_containment_orbit_left_44_seed43209,627.453971,1.005665,623.919331,0.992611,DPO_READY_SYNTHETIC_VISIBLE_V10,containment,BLOCKED_BY_ENV: no local VBench evaluator,local_assets/dpo_pair_factory_v10/recovered_conditions/04209_containment_orbit_left_44_seed43209/clean_future_5_80.mp4,local_patch_drift creates visible local future-only error; winner remains clean GT; loser remains sharp/readable; local_absdiff_p95=61.0; sharpness_ratio=1.005665
"{""h"": 135, ""w"": 198, ""x"": 404, ""y"": 114}","[20, 67]",orbit_left_44,04214_containment_orbit_left_44_seed43214,local_assets/dpo_pair_factory_v10/synthetic_visible_negatives/contact_sheets/v10_TypeM_039_04214_containment_orbit_left_44_seed43214_foreground_identity_color_shift.jpg,foreground_identity_color_shift,True,BLOCKED_BY_ENV: no local FVD/I3D backend,26.54509,78.0,local_assets/dpo_pair_factory_v10/synthetic_visible_negatives/pairs/v10_TypeM_039_04214_containment_orbit_left_44_seed43214_foreground_identity_color_shift/loser_full_prefix5_future.mp4,local_assets/dpo_pair_factory_v10/synthetic_visible_negatives/pairs/v10_TypeM_039_04214_containment_orbit_left_44_seed43214_foreground_identity_color_shift/loser_future.mp4,BLOCKED_BY_ENV: lpips unavailable,v10_TypeM_039_04214_containment_orbit_left_44_seed43214_foreground_identity_color_shift,TypeM_v10_synthetic_visible,local_assets/dpo_pair_factory_v10/recovered_conditions/04214_containment_orbit_left_44_seed43214/prefix_len5.mp4,27.495595,0.705684,0.294316,1.0,04214_containment_orbit_left_44_seed43214,1241.642596,1.0,1241.642596,0.986065,DPO_READY_SYNTHETIC_VISIBLE_V10,containment,BLOCKED_BY_ENV: no local VBench evaluator,local_assets/dpo_pair_factory_v10/recovered_conditions/04214_containment_orbit_left_44_seed43214/clean_future_5_80.mp4,foreground_identity_color_shift creates visible local future-only error; winner remains clean GT; loser remains sharp/readable; local_absdiff_p95=78.0; sharpness_ratio=1.0
"{""h"": 119, ""w"": 182, ""x"": 285, ""y"": 187}","[20, 67]",orbit_left_44,04228_containment_orbit_left_44_seed43228,local_assets/dpo_pair_factory_v10/synthetic_visible_negatives/contact_sheets/v10_TypeM_040_04228_containment_orbit_left_44_seed43228_local_temporal_jump.jpg,local_temporal_jump,True,BLOCKED_BY_ENV: no local FVD/I3D backend,20.03899,79.0,local_assets/dpo_pair_factory_v10/synthetic_visible_negatives/pairs/v10_TypeM_040_04228_containment_orbit_left_44_seed43228_local_temporal_jump/loser_full_prefix5_future.mp4,local_assets/dpo_pair_factory_v10/synthetic_visible_negatives/pairs/v10_TypeM_040_04228_containment_orbit_left_44_seed43228_local_temporal_jump/loser_future.mp4,BLOCKED_BY_ENV: lpips unavailable,v10_TypeM_040_04228_containment_orbit_left_44_seed43228_local_temporal_jump,TypeM_v10_synthetic_visible,local_assets/dpo_pair_factory_v10/recovered_conditions/04228_containment_orbit_left_44_seed43228/prefix_len5.mp4,30.19657,0.703368,0.296632,1.0,04228_containment_orbit_left_44_seed43228,1155.85097,1.035805,1115.89675,0.991476,DPO_READY_SYNTHETIC_VISIBLE_V10,containment,BLOCKED_BY_ENV: no local VBench evaluator,local_assets/dpo_pair_factory_v10/recovered_conditions/04228_containment_orbit_left_44_seed43228/clean_future_5_80.mp4,local_temporal_jump creates visible local future-only error; winner remains clean GT; loser remains sharp/readable; local_absdiff_p95=79.0; sharpness_ratio=1.035805
"{""h"": 119, ""w"": 208, ""x"": 397, ""y"": 133}","[20, 67]",orbit_left_44,04236_containment_orbit_left_44_seed43236,local_assets/dpo_pair_factory_v10/synthetic_visible_negatives/contact_sheets/v10_TypeM_041_04236_containment_orbit_left_44_seed43236_local_patch_freeze.jpg,local_patch_freeze,False,BLOCKED_BY_ENV: no local FVD/I3D backend,5.7166,20.0,local_assets/dpo_pair_factory_v10/synthetic_visible_negatives/pairs/v10_TypeM_041_04236_containment_orbit_left_44_seed43236_local_patch_freeze/loser_full_prefix5_future.mp4,local_assets/dpo_pair_factory_v10/synthetic_visible_negatives/pairs/v10_TypeM_041_04236_containment_orbit_left_44_seed43236_local_patch_freeze/loser_future.mp4,BLOCKED_BY_ENV: lpips unavailable,v10_TypeM_041_04236_containment_orbit_left_44_seed43236_local_patch_freeze,TypeM_v10_synthetic_visible,local_assets/dpo_pair_factory_v10/recovered_conditions/04236_containment_orbit_left_44_seed43236/prefix_len5.mp4,36.091465,0.84,0.16,1.0,04236_containment_orbit_left_44_seed43236,566.390723,1.007006,562.450021,0.997221,REJECT_SYNTHETIC_GATE,containment,BLOCKED_BY_ENV: no local VBench evaluator,local_assets/dpo_pair_factory_v10/recovered_conditions/04236_containment_orbit_left_44_seed43236/clean_future_5_80.mp4,local_patch_freeze creates visible local future-only error; winner remains clean GT; loser remains sharp/readable; local_absdiff_p95=20.0; sharpness_ratio=1.007006
"{""h"": 150, ""w"": 212, ""x"": 195, ""y"": 154}","[20, 67]",orbit_left_44,04248_containment_orbit_left_44_seed43248,local_assets/dpo_pair_factory_v10/synthetic_visible_negatives/contact_sheets/v10_TypeM_042_04248_containment_orbit_left_44_seed43248_local_patch_drift.jpg,local_patch_drift,True,BLOCKED_BY_ENV: no local FVD/I3D backend,12.299343,68.0,local_assets/dpo_pair_factory_v10/synthetic_visible_negatives/pairs/v10_TypeM_042_04248_containment_orbit_left_44_seed43248_local_patch_drift/loser_full_prefix5_future.mp4,local_assets/dpo_pair_factory_v10/synthetic_visible_negatives/pairs/v10_TypeM_042_04248_containment_orbit_left_44_seed43248_local_patch_drift/loser_future.mp4,BLOCKED_BY_ENV: lpips unavailable,v10_TypeM_042_04248_containment_orbit_left_44_seed43248_local_patch_drift,TypeM_v10_synthetic_visible,local_assets/dpo_pair_factory_v10/recovered_conditions/04248_containment_orbit_left_44_seed43248/prefix_len5.mp4,30.254283,0.728842,0.271158,1.0,04248_containment_orbit_left_44_seed43248,855.049974,1.011123,845.644029,0.992319,DPO_READY_SYNTHETIC_VISIBLE_V10,containment,BLOCKED_BY_ENV: no local VBench evaluator,local_assets/dpo_pair_factory_v10/recovered_conditions/04248_containment_orbit_left_44_seed43248/clean_future_5_80.mp4,local_patch_drift creates visible local future-only error; winner remains clean GT; loser remains sharp/readable; local_absdiff_p95=68.0; sharpness_ratio=1.011123
"{""h"": 115, ""w"": 214, ""x"": 429, ""y"": 139}","[20, 67]",orbit_left_44,04249_containment_orbit_left_44_seed43249,local_assets/dpo_pair_factory_v10/synthetic_visible_negatives/contact_sheets/v10_TypeM_043_04249_containment_orbit_left_44_seed43249_foreground_identity_color_shift.jpg,foreground_identity_color_shift,True,BLOCKED_BY_ENV: no local FVD/I3D backend,20.411076,50.0,local_assets/dpo_pair_factory_v10/synthetic_visible_negatives/pairs/v10_TypeM_043_04249_containment_orbit_left_44_seed43249_foreground_identity_color_shift/loser_full_prefix5_future.mp4,local_assets/dpo_pair_factory_v10/synthetic_visible_negatives/pairs/v10_TypeM_043_04249_containment_orbit_left_44_seed43249_foreground_identity_color_shift/loser_future.mp4,BLOCKED_BY_ENV: lpips unavailable,v10_TypeM_043_04249_containment_orbit_left_44_seed43249_foreground_identity_color_shift,TypeM_v10_synthetic_visible,local_assets/dpo_pair_factory_v10/recovered_conditions/04249_containment_orbit_left_44_seed43249/prefix_len5.mp4,30.742057,0.770526,0.229474,1.0,04249_containment_orbit_left_44_seed43249,618.635791,1.13644,544.362862,0.990135,DPO_READY_SYNTHETIC_VISIBLE_V10,containment,BLOCKED_BY_ENV: no local VBench evaluator,local_assets/dpo_pair_factory_v10/recovered_conditions/04249_containment_orbit_left_44_seed43249/clean_future_5_80.mp4,foreground_identity_color_shift creates visible local future-only error; winner remains clean GT; loser remains sharp/readable; local_absdiff_p95=50.0; sharpness_ratio=1.13644
"{""h"": 135, ""w"": 211, ""x"": 221, ""y"": 235}","[20, 67]",orbit_left_44,04252_containment_orbit_left_44_seed43252,local_assets/dpo_pair_factory_v10/synthetic_visible_negatives/contact_sheets/v10_TypeM_044_04252_containment_orbit_left_44_seed43252_local_temporal_jump.jpg,local_temporal_jump,True,BLOCKED_BY_ENV: no local FVD/I3D backend,13.555026,61.0,local_assets/dpo_pair_factory_v10/synthetic_visible_negatives/pairs/v10_TypeM_044_04252_containment_orbit_left_44_seed43252_local_temporal_jump/loser_full_prefix5_future.mp4,local_assets/dpo_pair_factory_v10/synthetic_visible_negatives/pairs/v10_TypeM_044_04252_containment_orbit_left_44_seed43252_local_temporal_jump/loser_future.mp4,BLOCKED_BY_ENV: lpips unavailable,v10_TypeM_044_04252_containment_orbit_left_44_seed43252_local_temporal_jump,TypeM_v10_synthetic_visible,local_assets/dpo_pair_factory_v10/recovered_conditions/04252_containment_orbit_left_44_seed43252/prefix_len5.mp4,30.911084,0.745053,0.254947,1.0,04252_containment_orbit_left_44_seed43252,682.85768,1.004681,679.675944,0.992417,DPO_READY_SYNTHETIC_VISIBLE_V10,containment,BLOCKED_BY_ENV: no local VBench evaluator,local_assets/dpo_pair_factory_v10/recovered_conditions/04252_containment_orbit_left_44_seed43252/clean_future_5_80.mp4,local_temporal_jump creates visible local future-only error; winner remains clean GT; loser remains sharp/readable; local_absdiff_p95=61.0; sharpness_ratio=1.004681
"{""h"": 102, ""w"": 197, ""x"": 292, ""y"": 202}","[20, 67]",orbit_left_44,04260_containment_orbit_left_44_seed43260,local_assets/dpo_pair_factory_v10/synthetic_visible_negatives/contact_sheets/v10_TypeM_045_04260_containment_orbit_left_44_seed43260_local_patch_freeze.jpg,local_patch_freeze,True,BLOCKED_BY_ENV: no local FVD/I3D backend,17.493265,96.0,local_assets/dpo_pair_factory_v10/synthetic_visible_negatives/pairs/v10_TypeM_045_04260_containment_orbit_left_44_seed43260_local_patch_freeze/loser_full_prefix5_future.mp4,local_assets/dpo_pair_factory_v10/synthetic_visible_negatives/pairs/v10_TypeM_045_04260_containment_orbit_left_44_seed43260_local_patch_freeze/loser_future.mp4,BLOCKED_BY_ENV: lpips unavailable,v10_TypeM_045_04260_containment_orbit_left_44_seed43260_local_patch_freeze,TypeM_v10_synthetic_visible,local_assets/dpo_pair_factory_v10/recovered_conditions/04260_containment_orbit_left_44_seed43260/prefix_len5.mp4,29.665596,0.664,0.336,1.0,04260_containment_orbit_left_44_seed43260,871.593086,1.007695,864.937158,0.993097,DPO_READY_SYNTHETIC_VISIBLE_V10,containment,BLOCKED_BY_ENV: no local VBench evaluator,local_assets/dpo_pair_factory_v10/recovered_conditions/04260_containment_orbit_left_44_seed43260/clean_future_5_80.mp4,local_patch_freeze creates visible local future-only error; winner remains clean GT; loser remains sharp/readable; local_absdiff_p95=96.0; sharpness_ratio=1.007695
"{""h"": 100, ""w"": 229, ""x"": 192, ""y"": 157}","[20, 67]",orbit_left_44,04267_containment_orbit_left_44_seed43267,local_assets/dpo_pair_factory_v10/synthetic_visible_negatives/contact_sheets/v10_TypeM_046_04267_containment_orbit_left_44_seed43267_local_patch_drift.jpg,local_patch_drift,True,BLOCKED_BY_ENV: no local FVD/I3D backend,13.496885,77.0,local_assets/dpo_pair_factory_v10/synthetic_visible_negatives/pairs/v10_TypeM_046_04267_containment_orbit_left_44_seed43267_local_patch_drift/loser_full_prefix5_future.mp4,local_assets/dpo_pair_factory_v10/synthetic_visible_negatives/pairs/v10_TypeM_046_04267_containment_orbit_left_44_seed43267_local_patch_drift/loser_future.mp4,BLOCKED_BY_ENV: lpips unavailable,v10_TypeM_046_04267_containment_orbit_left_44_seed43267_local_patch_drift,TypeM_v10_synthetic_visible,local_assets/dpo_pair_factory_v10/recovered_conditions/04267_containment_orbit_left_44_seed43267/prefix_len5.mp4,31.477089,0.708,0.292,1.0,04267_containment_orbit_left_44_seed43267,1074.864251,1.010295,1063.91099,0.99393,DPO_READY_SYNTHETIC_VISIBLE_V10,containment,BLOCKED_BY_ENV: no local VBench evaluator,local_assets/dpo_pair_factory_v10/recovered_conditions/04267_containment_orbit_left_44_seed43267/clean_future_5_80.mp4,local_patch_drift creates visible local future-only error; winner remains clean GT; loser remains sharp/readable; local_absdiff_p95=77.0; sharpness_ratio=1.010295
"{""h"": 132, ""w"": 219, ""x"": 260, ""y"": 164}","[20, 67]",orbit_left_44,04279_containment_orbit_left_44_seed43279,local_assets/dpo_pair_factory_v10/synthetic_visible_negatives/contact_sheets/v10_TypeM_047_04279_containment_orbit_left_44_seed43279_foreground_identity_color_shift.jpg,foreground_identity_color_shift,True,BLOCKED_BY_ENV: no local FVD/I3D backend,28.686684,122.0,local_assets/dpo_pair_factory_v10/synthetic_visible_negatives/pairs/v10_TypeM_047_04279_containment_orbit_left_44_seed43279_foreground_identity_color_shift/loser_full_prefix5_future.mp4,local_assets/dpo_pair_factory_v10/synthetic_visible_negatives/pairs/v10_TypeM_047_04279_containment_orbit_left_44_seed43279_foreground_identity_color_shift/loser_future.mp4,BLOCKED_BY_ENV: lpips unavailable,v10_TypeM_047_04279_containment_orbit_left_44_seed43279_foreground_identity_color_shift,TypeM_v10_synthetic_visible,local_assets/dpo_pair_factory_v10/recovered_conditions/04279_containment_orbit_left_44_seed43279/prefix_len5.mp4,26.182351,0.62,0.38,1.0,04279_containment_orbit_left_44_seed43279,542.8714,1.013929,535.4138,0.983714,DPO_READY_SYNTHETIC_VISIBLE_V10,containment,BLOCKED_BY_ENV: no local VBench evaluator,local_assets/dpo_pair_factory_v10/recovered_conditions/04279_containment_orbit_left_44_seed43279/clean_future_5_80.mp4,foreground_identity_color_shift creates visible local future-only error; winner remains clean GT; loser remains sharp/readable; local_absdiff_p95=122.0; sharpness_ratio=1.013929
"{""h"": 97, ""w"": 245, ""x"": 298, ""y"": 202}","[20, 67]",orbit_left_44,04280_containment_orbit_left_44_seed43280,local_assets/dpo_pair_factory_v10/synthetic_visible_negatives/contact_sheets/v10_TypeM_048_04280_containment_orbit_left_44_seed43280_local_temporal_jump.jpg,local_temporal_jump,True,BLOCKED_BY_ENV: no local FVD/I3D backend,16.829454,74.0,local_assets/dpo_pair_factory_v10/synthetic_visible_negatives/pairs/v10_TypeM_048_04280_containment_orbit_left_44_seed43280_local_temporal_jump/loser_full_prefix5_future.mp4,local_assets/dpo_pair_factory_v10/synthetic_visible_negatives/pairs/v10_TypeM_048_04280_containment_orbit_left_44_seed43280_local_temporal_jump/loser_future.mp4,BLOCKED_BY_ENV: lpips unavailable,v10_TypeM_048_04280_containment_orbit_left_44_seed43280_local_temporal_jump,TypeM_v10_synthetic_visible,local_assets/dpo_pair_factory_v10/recovered_conditions/04280_containment_orbit_left_44_seed43280/prefix_len5.mp4,30.756364,0.714947,0.285053,1.0,04280_containment_orbit_left_44_seed43280,752.358403,1.011401,743.877712,0.992145,DPO_READY_SYNTHETIC_VISIBLE_V10,containment,BLOCKED_BY_ENV: no local VBench evaluator,local_assets/dpo_pair_factory_v10/recovered_conditions/04280_containment_orbit_left_44_seed43280/clean_future_5_80.mp4,local_temporal_jump creates visible local future-only error; winner remains clean GT; loser remains sharp/readable; local_absdiff_p95=74.0; sharpness_ratio=1.011401
"{""h"": 112, ""w"": 239, ""x"": 195, ""y"": 237}","[20, 67]",orbit_left_44,04302_containment_orbit_left_44_seed43302,local_assets/dpo_pair_factory_v10/synthetic_visible_negatives/contact_sheets/v10_TypeM_049_04302_containment_orbit_left_44_seed43302_local_patch_freeze.jpg,local_patch_freeze,True,BLOCKED_BY_ENV: no local FVD/I3D backend,14.663604,69.0,local_assets/dpo_pair_factory_v10/synthetic_visible_negatives/pairs/v10_TypeM_049_04302_containment_orbit_left_44_seed43302_local_patch_freeze/loser_full_prefix5_future.mp4,local_assets/dpo_pair_factory_v10/synthetic_visible_negatives/pairs/v10_TypeM_049_04302_containment_orbit_left_44_seed43302_local_patch_freeze/loser_future.mp4,BLOCKED_BY_ENV: lpips unavailable,v10_TypeM_049_04302_containment_orbit_left_44_seed43302_local_patch_freeze,TypeM_v10_synthetic_visible,local_assets/dpo_pair_factory_v10/recovered_conditions/04302_containment_orbit_left_44_seed43302/prefix_len5.mp4,30.780965,0.726526,0.273474,1.0,04302_containment_orbit_left_44_seed43302,942.546286,1.0,942.546286,0.992291,DPO_READY_SYNTHETIC_VISIBLE_V10,containment,BLOCKED_BY_ENV: no local VBench evaluator,local_assets/dpo_pair_factory_v10/recovered_conditions/04302_containment_orbit_left_44_seed43302/clean_future_5_80.mp4,local_patch_freeze creates visible local future-only error; winner remains clean GT; loser remains sharp/readable; local_absdiff_p95=69.0; sharpness_ratio=1.0
"{""h"": 153, ""w"": 228, ""x"": 380, ""y"": 134}","[20, 67]",orbit_left_44,04339_containment_orbit_left_44_seed43339,local_assets/dpo_pair_factory_v10/synthetic_visible_negatives/contact_sheets/v10_TypeM_050_04339_containment_orbit_left_44_seed43339_local_patch_drift.jpg,local_patch_drift,True,BLOCKED_BY_ENV: no local FVD/I3D backend,9.236922,48.0,local_assets/dpo_pair_factory_v10/synthetic_visible_negatives/pairs/v10_TypeM_050_04339_containment_orbit_left_44_seed43339_local_patch_drift/loser_full_prefix5_future.mp4,local_assets/dpo_pair_factory_v10/synthetic_visible_negatives/pairs/v10_TypeM_050_04339_containment_orbit_left_44_seed43339_local_patch_drift/loser_future.mp4,BLOCKED_BY_ENV: lpips unavailable,v10_TypeM_050_04339_containment_orbit_left_44_seed43339_local_patch_drift,TypeM_v10_synthetic_visible,local_assets/dpo_pair_factory_v10/recovered_conditions/04339_containment_orbit_left_44_seed43339/prefix_len5.mp4,32.601636,0.775158,0.224842,1.0,04339_containment_orbit_left_44_seed43339,688.621304,1.0,688.621304,0.993672,DPO_READY_SYNTHETIC_VISIBLE_V10,containment,BLOCKED_BY_ENV: no local VBench evaluator,local_assets/dpo_pair_factory_v10/recovered_conditions/04339_containment_orbit_left_44_seed43339/clean_future_5_80.mp4,local_patch_drift creates visible local future-only error; winner remains clean GT; loser remains sharp/readable; local_absdiff_p95=48.0; sharpness_ratio=1.0
"{""h"": 152, ""w"": 202, ""x"": 410, ""y"": 165}","[20, 67]",orbit_left_44,04342_containment_orbit_left_44_seed43342,local_assets/dpo_pair_factory_v10/synthetic_visible_negatives/contact_sheets/v10_TypeM_051_04342_containment_orbit_left_44_seed43342_foreground_identity_color_shift.jpg,foreground_identity_color_shift,True,BLOCKED_BY_ENV: no local FVD/I3D backend,17.834517,53.0,local_assets/dpo_pair_factory_v10/synthetic_visible_negatives/pairs/v10_TypeM_051_04342_containment_orbit_left_44_seed43342_foreground_identity_color_shift/loser_full_prefix5_future.mp4,local_assets/dpo_pair_factory_v10/synthetic_visible_negatives/pairs/v10_TypeM_051_04342_containment_orbit_left_44_seed43342_foreground_identity_color_shift/loser_future.mp4,BLOCKED_BY_ENV: lpips unavailable,v10_TypeM_051_04342_containment_orbit_left_44_seed43342_foreground_identity_color_shift,TypeM_v10_synthetic_visible,local_assets/dpo_pair_factory_v10/recovered_conditions/04342_containment_orbit_left_44_seed43342/prefix_len5.mp4,30.628574,0.763579,0.236421,1.0,04342_containment_orbit_left_44_seed43342,1006.146829,1.040754,966.748209,0.989246,DPO_READY_SYNTHETIC_VISIBLE_V10,containment,BLOCKED_BY_ENV: no local VBench evaluator,local_assets/dpo_pair_factory_v10/recovered_conditions/04342_containment_orbit_left_44_seed43342/clean_future_5_80.mp4,foreground_identity_color_shift creates visible local future-only error; winner remains clean GT; loser remains sharp/readable; local_absdiff_p95=53.0; sharpness_ratio=1.040754
"{""h"": 99, ""w"": 209, ""x"": 326, ""y"": 264}","[20, 67]",orbit_left_44,04346_containment_orbit_left_44_seed43346,local_assets/dpo_pair_factory_v10/synthetic_visible_negatives/contact_sheets/v10_TypeM_052_04346_containment_orbit_left_44_seed43346_local_temporal_jump.jpg,local_temporal_jump,True,BLOCKED_BY_ENV: no local FVD/I3D backend,21.842192,85.0,local_assets/dpo_pair_factory_v10/synthetic_visible_negatives/pairs/v10_TypeM_052_04346_containment_orbit_left_44_seed43346_local_temporal_jump/loser_full_prefix5_future.mp4,local_assets/dpo_pair_factory_v10/synthetic_visible_negatives/pairs/v10_TypeM_052_04346_containment_orbit_left_44_seed43346_local_temporal_jump/loser_future.mp4,BLOCKED_BY_ENV: lpips unavailable,v10_TypeM_052_04346_containment_orbit_left_44_seed43346_local_temporal_jump,TypeM_v10_synthetic_visible,local_assets/dpo_pair_factory_v10/recovered_conditions/04346_containment_orbit_left_44_seed43346/prefix_len5.mp4,29.628022,0.689474,0.310526,1.0,04346_containment_orbit_left_44_seed43346,840.215936,1.010464,831.515211,0.991124,DPO_READY_SYNTHETIC_VISIBLE_V10,containment,BLOCKED_BY_ENV: no local VBench evaluator,local_assets/dpo_pair_factory_v10/recovered_conditions/04346_containment_orbit_left_44_seed43346/clean_future_5_80.mp4,local_temporal_jump creates visible local future-only error; winner remains clean GT; loser remains sharp/readable; local_absdiff_p95=85.0; sharpness_ratio=1.010464
"{""h"": 106, ""w"": 210, ""x"": 222, ""y"": 217}","[20, 67]",orbit_left_44,04351_containment_orbit_left_44_seed43351,local_assets/dpo_pair_factory_v10/synthetic_visible_negatives/contact_sheets/v10_TypeM_053_04351_containment_orbit_left_44_seed43351_local_patch_freeze.jpg,local_patch_freeze,True,BLOCKED_BY_ENV: no local FVD/I3D backend,23.907463,113.0,local_assets/dpo_pair_factory_v10/synthetic_visible_negatives/pairs/v10_TypeM_053_04351_containment_orbit_left_44_seed43351_local_patch_freeze/loser_full_prefix5_future.mp4,local_assets/dpo_pair_factory_v10/synthetic_visible_negatives/pairs/v10_TypeM_053_04351_containment_orbit_left_44_seed43351_local_patch_freeze/loser_future.mp4,BLOCKED_BY_ENV: lpips unavailable,v10_TypeM_053_04351_containment_orbit_left_44_seed43351_local_patch_freeze,TypeM_v10_synthetic_visible,local_assets/dpo_pair_factory_v10/recovered_conditions/04351_containment_orbit_left_44_seed43351/prefix_len5.mp4,27.903457,0.624632,0.375368,1.0,04351_containment_orbit_left_44_seed43351,894.731897,1.0,894.731897,0.989548,DPO_READY_SYNTHETIC_VISIBLE_V10,containment,BLOCKED_BY_ENV: no local VBench evaluator,local_assets/dpo_pair_factory_v10/recovered_conditions/04351_containment_orbit_left_44_seed43351/clean_future_5_80.mp4,local_patch_freeze creates visible local future-only error; winner remains clean GT; loser remains sharp/readable; local_absdiff_p95=113.0; sharpness_ratio=1.0
"{""h"": 118, ""w"": 216, ""x"": 191, ""y"": 104}","[20, 67]",orbit_left_44,04355_containment_orbit_left_44_seed43355,local_assets/dpo_pair_factory_v10/synthetic_visible_negatives/contact_sheets/v10_TypeM_054_04355_containment_orbit_left_44_seed43355_local_patch_drift.jpg,local_patch_drift,True,BLOCKED_BY_ENV: no local FVD/I3D backend,12.611625,84.0,local_assets/dpo_pair_factory_v10/synthetic_visible_negatives/pairs/v10_TypeM_054_04355_containment_orbit_left_44_seed43355_local_patch_drift/loser_full_prefix5_future.mp4,local_assets/dpo_pair_factory_v10/synthetic_visible_negatives/pairs/v10_TypeM_054_04355_containment_orbit_left_44_seed43355_local_patch_drift/loser_future.mp4,BLOCKED_BY_ENV: lpips unavailable,v10_TypeM_054_04355_containment_orbit_left_44_seed43355_local_patch_drift,TypeM_v10_synthetic_visible,local_assets/dpo_pair_factory_v10/recovered_conditions/04355_containment_orbit_left_44_seed43355/prefix_len5.mp4,30.374638,0.691789,0.308211,1.0,04355_containment_orbit_left_44_seed43355,903.721071,1.076183,839.746832,0.993687,DPO_READY_SYNTHETIC_VISIBLE_V10,containment,BLOCKED_BY_ENV: no local VBench evaluator,local_assets/dpo_pair_factory_v10/recovered_conditions/04355_containment_orbit_left_44_seed43355/clean_future_5_80.mp4,local_patch_drift creates visible local future-only error; winner remains clean GT; loser remains sharp/readable; local_absdiff_p95=84.0; sharpness_ratio=1.076183
"{""h"": 135, ""w"": 230, ""x"": 310, ""y"": 171}","[20, 67]",orbit_left_44,04357_containment_orbit_left_44_seed43357,local_assets/dpo_pair_factory_v10/synthetic_visible_negatives/contact_sheets/v10_TypeM_055_04357_containment_orbit_left_44_seed43357_foreground_identity_color_shift.jpg,foreground_identity_color_shift,True,BLOCKED_BY_ENV: no local FVD/I3D backend,15.665583,45.0,local_assets/dpo_pair_factory_v10/synthetic_visible_negatives/pairs/v10_TypeM_055_04357_containment_orbit_left_44_seed43357_foreground_identity_color_shift/loser_full_prefix5_future.mp4,local_assets/dpo_pair_factory_v10/synthetic_visible_negatives/pairs/v10_TypeM_055_04357_containment_orbit_left_44_seed43357_foreground_identity_color_shift/loser_future.mp4,BLOCKED_BY_ENV: lpips unavailable,v10_TypeM_055_04357_containment_orbit_left_44_seed43357_foreground_identity_color_shift,TypeM_v10_synthetic_visible,local_assets/dpo_pair_factory_v10/recovered_conditions/04357_containment_orbit_left_44_seed43357/prefix_len5.mp4,31.38076,0.782105,0.217895,1.0,04357_containment_orbit_left_44_seed43357,912.067216,1.059029,861.229343,0.990447,DPO_READY_SYNTHETIC_VISIBLE_V10,containment,BLOCKED_BY_ENV: no local VBench evaluator,local_assets/dpo_pair_factory_v10/recovered_conditions/04357_containment_orbit_left_44_seed43357/clean_future_5_80.mp4,foreground_identity_color_shift creates visible local future-only error; winner remains clean GT; loser remains sharp/readable; local_absdiff_p95=45.0; sharpness_ratio=1.059029
"{""h"": 103, ""w"": 232, ""x"": 233, ""y"": 123}","[20, 67]",orbit_left_44,04358_containment_orbit_left_44_seed43358,local_assets/dpo_pair_factory_v10/synthetic_visible_negatives/contact_sheets/v10_TypeM_056_04358_containment_orbit_left_44_seed43358_local_temporal_jump.jpg,local_temporal_jump,True,BLOCKED_BY_ENV: no local FVD/I3D backend,12.973957,71.0,local_assets/dpo_pair_factory_v10/synthetic_visible_negatives/pairs/v10_TypeM_056_04358_containment_orbit_left_44_seed43358_local_temporal_jump/loser_full_prefix5_future.mp4,local_assets/dpo_pair_factory_v10/synthetic_visible_negatives/pairs/v10_TypeM_056_04358_containment_orbit_left_44_seed43358_local_temporal_jump/loser_future.mp4,BLOCKED_BY_ENV: lpips unavailable,v10_TypeM_056_04358_containment_orbit_left_44_seed43358_local_temporal_jump,TypeM_v10_synthetic_visible,local_assets/dpo_pair_factory_v10/recovered_conditions/04358_containment_orbit_left_44_seed43358/prefix_len5.mp4,31.553456,0.721895,0.278105,1.0,04358_containment_orbit_left_44_seed43358,1231.601258,1.0,1231.601258,0.993911,DPO_READY_SYNTHETIC_VISIBLE_V10,containment,BLOCKED_BY_ENV: no local VBench evaluator,local_assets/dpo_pair_factory_v10/recovered_conditions/04358_containment_orbit_left_44_seed43358/clean_future_5_80.mp4,local_temporal_jump creates visible local future-only error; winner remains clean GT; loser remains sharp/readable; local_absdiff_p95=71.0; sharpness_ratio=1.0
"{""h"": 111, ""w"": 232, ""x"": 362, ""y"": 246}","[20, 67]",orbit_left_44,prefix5_anchored_1279c3b65a6d9e_object_identity_change,local_assets/dpo_pair_factory_v10/synthetic_visible_negatives/contact_sheets/v10_TypeM_057_prefix5_anchored_1279c3b65a6d9e_object_identity_change_local_patch_freeze.jpg,local_patch_freeze,True,BLOCKED_BY_ENV: no local FVD/I3D backend,6.437639,36.0,local_assets/dpo_pair_factory_v10/synthetic_visible_negatives/pairs/v10_TypeM_057_prefix5_anchored_1279c3b65a6d9e_object_identity_change_local_patch_freeze/loser_full_prefix5_future.mp4,local_assets/dpo_pair_factory_v10/synthetic_visible_negatives/pairs/v10_TypeM_057_prefix5_anchored_1279c3b65a6d9e_object_identity_change_local_patch_freeze/loser_future.mp4,BLOCKED_BY_ENV: lpips unavailable,v10_TypeM_057_prefix5_anchored_1279c3b65a6d9e_object_identity_change_local_patch_freeze,TypeM_v10_synthetic_visible,local_assets/dpo_pair_factory_v10/recovered_conditions/prefix5_anchored_1279c3b65a6d9e_object_identity_change/prefix_len5.mp4,35.809317,0.802947,0.197053,1.0,prefix5_anchored_1279c3b65a6d9e_object_identity_change,783.662235,1.0,783.662235,0.996744,DPO_READY_SYNTHETIC_VISIBLE_V10,containment,BLOCKED_BY_ENV: no local VBench evaluator,local_assets/dpo_prefix5_pairs_20260627_031729/clean_futures/04204_containment_orbit_left_44_seed43204/clean_future_5_80.mp4,local_patch_freeze creates visible local future-only error; winner remains clean GT; loser remains sharp/readable; local_absdiff_p95=36.0; sharpness_ratio=1.0
"{""h"": 96, ""w"": 211, ""x"": 268, ""y"": 191}","[20, 67]",orbit_left_44,prefix5_anchored_29df7c5cf94c4b_reobserve_mismatch,local_assets/dpo_pair_factory_v10/synthetic_visible_negatives/contact_sheets/v10_TypeM_058_prefix5_anchored_29df7c5cf94c4b_reobserve_mismatch_local_patch_drift.jpg,local_patch_drift,True,BLOCKED_BY_ENV: no local FVD/I3D backend,15.531266,76.0,local_assets/dpo_pair_factory_v10/synthetic_visible_negatives/pairs/v10_TypeM_058_prefix5_anchored_29df7c5cf94c4b_reobserve_mismatch_local_patch_drift/loser_full_prefix5_future.mp4,local_assets/dpo_pair_factory_v10/synthetic_visible_negatives/pairs/v10_TypeM_058_prefix5_anchored_29df7c5cf94c4b_reobserve_mismatch_local_patch_drift/loser_future.mp4,BLOCKED_BY_ENV: lpips unavailable,v10_TypeM_058_prefix5_anchored_29df7c5cf94c4b_reobserve_mismatch_local_patch_drift,TypeM_v10_synthetic_visible,local_assets/dpo_pair_factory_v10/recovered_conditions/prefix5_anchored_29df7c5cf94c4b_reobserve_mismatch/prefix_len5.mp4,31.693919,0.710316,0.289684,1.0,prefix5_anchored_29df7c5cf94c4b_reobserve_mismatch,788.295649,1.005913,783.662235,0.993821,DPO_READY_SYNTHETIC_VISIBLE_V10,containment,BLOCKED_BY_ENV: no local VBench evaluator,local_assets/dpo_prefix5_pairs_20260627_031729/clean_futures/04204_containment_orbit_left_44_seed43204/clean_future_5_80.mp4,local_patch_drift creates visible local future-only error; winner remains clean GT; loser remains sharp/readable; local_absdiff_p95=76.0; sharpness_ratio=1.005913
"{""h"": 142, ""w"": 211, ""x"": 401, ""y"": 162}","[20, 67]",orbit_left_44,prefix5_anchored_95981b8f74bed0_background_drift,local_assets/dpo_pair_factory_v10/synthetic_visible_negatives/contact_sheets/v10_TypeM_059_prefix5_anchored_95981b8f74bed0_background_drift_foreground_identity_color_shift.jpg,foreground_identity_color_shift,True,BLOCKED_BY_ENV: no local FVD/I3D backend,23.436995,74.0,local_assets/dpo_pair_factory_v10/synthetic_visible_negatives/pairs/v10_TypeM_059_prefix5_anchored_95981b8f74bed0_background_drift_foreground_identity_color_shift/loser_full_prefix5_future.mp4,local_assets/dpo_pair_factory_v10/synthetic_visible_negatives/pairs/v10_TypeM_059_prefix5_anchored_95981b8f74bed0_background_drift_foreground_identity_color_shift/loser_future.mp4,BLOCKED_BY_ENV: lpips unavailable,v10_TypeM_059_prefix5_anchored_95981b8f74bed0_background_drift_foreground_identity_color_shift,TypeM_v10_synthetic_visible,local_assets/dpo_pair_factory_v10/recovered_conditions/prefix5_anchored_95981b8f74bed0_background_drift/prefix_len5.mp4,28.412908,0.714947,0.285053,1.0,prefix5_anchored_95981b8f74bed0_background_drift,787.777936,1.005252,783.662235,0.986209,DPO_READY_SYNTHETIC_VISIBLE_V10,containment,BLOCKED_BY_ENV: no local VBench evaluator,local_assets/dpo_prefix5_pairs_20260627_031729/clean_futures/04204_containment_orbit_left_44_seed43204/clean_future_5_80.mp4,foreground_identity_color_shift creates visible local future-only error; winner remains clean GT; loser remains sharp/readable; local_absdiff_p95=74.0; sharpness_ratio=1.005252
"{""h"": 96, ""w"": 219, ""x"": 285, ""y"": 205}","[20, 67]",orbit_left_44,prefix5_anchored_d744c2d6f264ba_object_deformation,local_assets/dpo_pair_factory_v10/synthetic_visible_negatives/contact_sheets/v10_TypeM_060_prefix5_anchored_d744c2d6f264ba_object_deformation_local_temporal_jump.jpg,local_temporal_jump,True,BLOCKED_BY_ENV: no local FVD/I3D backend,13.779338,76.0,local_assets/dpo_pair_factory_v10/synthetic_visible_negatives/pairs/v10_TypeM_060_prefix5_anchored_d744c2d6f264ba_object_deformation_local_temporal_jump/loser_full_prefix5_future.mp4,local_assets/dpo_pair_factory_v10/synthetic_visible_negatives/pairs/v10_TypeM_060_prefix5_anchored_d744c2d6f264ba_object_deformation_local_temporal_jump/loser_future.mp4,BLOCKED_BY_ENV: lpips unavailable,v10_TypeM_060_prefix5_anchored_d744c2d6f264ba_object_deformation_local_temporal_jump,TypeM_v10_synthetic_visible,local_assets/dpo_pair_factory_v10/recovered_conditions/prefix5_anchored_d744c2d6f264ba_object_deformation/prefix_len5.mp4,32.039025,0.710316,0.289684,1.0,prefix5_anchored_d744c2d6f264ba_object_deformation,783.662235,1.0,783.662235,0.994311,DPO_READY_SYNTHETIC_VISIBLE_V10,containment,BLOCKED_BY_ENV: no local VBench evaluator,local_assets/dpo_prefix5_pairs_20260627_031729/clean_futures/04204_containment_orbit_left_44_seed43204/clean_future_5_80.mp4,local_temporal_jump creates visible local future-only error; winner remains clean GT; loser remains sharp/readable; local_absdiff_p95=76.0; sharpness_ratio=1.0
"{""h"": 108, ""w"": 234, ""x"": 369, ""y"": 182}","[20, 67]",orbit_left_44,prefix5_anchored_d86ae2fb1d25b2_freeze_foreground,local_assets/dpo_pair_factory_v10/synthetic_visible_negatives/contact_sheets/v10_TypeM_061_prefix5_anchored_d86ae2fb1d25b2_freeze_foreground_local_patch_freeze.jpg,local_patch_freeze,True,BLOCKED_BY_ENV: no local FVD/I3D backend,8.261614,46.0,local_assets/dpo_pair_factory_v10/synthetic_visible_negatives/pairs/v10_TypeM_061_prefix5_anchored_d86ae2fb1d25b2_freeze_foreground_local_patch_freeze/loser_full_prefix5_future.mp4,local_assets/dpo_pair_factory_v10/synthetic_visible_negatives/pairs/v10_TypeM_061_prefix5_anchored_d86ae2fb1d25b2_freeze_foreground_local_patch_freeze/loser_future.mp4,BLOCKED_BY_ENV: lpips unavailable,v10_TypeM_061_prefix5_anchored_d86ae2fb1d25b2_freeze_foreground_local_patch_freeze,TypeM_v10_synthetic_visible,local_assets/dpo_pair_factory_v10/recovered_conditions/prefix5_anchored_d86ae2fb1d25b2_freeze_foreground/prefix_len5.mp4,34.505839,0.779789,0.220211,1.0,prefix5_anchored_d86ae2fb1d25b2_freeze_foreground,785.342769,1.002144,783.662235,0.9959,DPO_READY_SYNTHETIC_VISIBLE_V10,containment,BLOCKED_BY_ENV: no local VBench evaluator,local_assets/dpo_prefix5_pairs_20260627_031729/clean_futures/04204_containment_orbit_left_44_seed43204/clean_future_5_80.mp4,local_patch_freeze creates visible local future-only error; winner remains clean GT; loser remains sharp/readable; local_absdiff_p95=46.0; sharpness_ratio=1.002144
"{""h"": 115, ""w"": 180, ""x"": 397, ""y"": 233}","[20, 67]",orbit_left_44,prefix5_anchored_dc458b2cf487d8_wrong_camera_motion,local_assets/dpo_pair_factory_v10/synthetic_visible_negatives/contact_sheets/v10_TypeM_062_prefix5_anchored_dc458b2cf487d8_wrong_camera_motion_local_patch_drift.jpg,local_patch_drift,True,BLOCKED_BY_ENV: no local FVD/I3D backend,8.104587,46.0,local_assets/dpo_pair_factory_v10/synthetic_visible_negatives/pairs/v10_TypeM_062_prefix5_anchored_dc458b2cf487d8_wrong_camera_motion_local_patch_drift/loser_full_prefix5_future.mp4,local_assets/dpo_pair_factory_v10/synthetic_visible_negatives/pairs/v10_TypeM_062_prefix5_anchored_dc458b2cf487d8_wrong_camera_motion_local_patch_drift/loser_future.mp4,BLOCKED_BY_ENV: lpips unavailable,v10_TypeM_062_prefix5_anchored_dc458b2cf487d8_wrong_camera_motion_local_patch_drift,TypeM_v10_synthetic_visible,local_assets/dpo_pair_factory_v10/recovered_conditions/prefix5_anchored_dc458b2cf487d8_wrong_camera_motion/prefix_len5.mp4,35.349999,0.779789,0.220211,1.0,prefix5_anchored_dc458b2cf487d8_wrong_camera_motion,783.662235,1.0,783.662235,0.996705,DPO_READY_SYNTHETIC_VISIBLE_V10,containment,BLOCKED_BY_ENV: no local VBench evaluator,local_assets/dpo_prefix5_pairs_20260627_031729/clean_futures/04204_containment_orbit_left_44_seed43204/clean_future_5_80.mp4,local_patch_drift creates visible local future-only error; winner remains clean GT; loser remains sharp/readable; local_absdiff_p95=46.0; sharpness_ratio=1.0
"{""h"": 127, ""w"": 195, ""x"": 409, ""y"": 160}","[20, 67]",orbit_left_44,v6_04204_containment_orbit_left_44_seed43204,local_assets/dpo_pair_factory_v10/synthetic_visible_negatives/contact_sheets/v10_TypeM_063_v6_04204_containment_orbit_left_44_seed43204_foreground_identity_color_shift.jpg,foreground_identity_color_shift,True,BLOCKED_BY_ENV: no local FVD/I3D backend,22.205618,74.0,local_assets/dpo_pair_factory_v10/synthetic_visible_negatives/pairs/v10_TypeM_063_v6_04204_containment_orbit_left_44_seed43204_foreground_identity_color_shift/loser_full_prefix5_future.mp4,local_assets/dpo_pair_factory_v10/synthetic_visible_negatives/pairs/v10_TypeM_063_v6_04204_containment_orbit_left_44_seed43204_foreground_identity_color_shift/loser_future.mp4,BLOCKED_BY_ENV: lpips unavailable,v10_TypeM_063_v6_04204_containment_orbit_left_44_seed43204_foreground_identity_color_shift,TypeM_v10_synthetic_visible,local_assets/dpo_pair_factory_v10/recovered_conditions/v6_04204_containment_orbit_left_44_seed43204/prefix_len5.mp4,29.56754,0.714947,0.285053,1.0,v6_04204_containment_orbit_left_44_seed43204,783.662235,1.0,783.662235,0.9892,DPO_READY_SYNTHETIC_VISIBLE_V10,containment,BLOCKED_BY_ENV: no local VBench evaluator,local_assets/dpo_prefix5_pairs_20260627_031729/clean_futures/04204_containment_orbit_left_44_seed43204/clean_future_5_80.mp4,foreground_identity_color_shift creates visible local future-only error; winner remains clean GT; loser remains sharp/readable; local_absdiff_p95=74.0; sharpness_ratio=1.0
"{""h"": 133, ""w"": 231, ""x"": 205, ""y"": 184}","[20, 67]",orbit_left_72,01002_drop_orbit_left_72_seed40002,local_assets/dpo_pair_factory_v10/synthetic_visible_negatives/contact_sheets/v10_TypeM_064_01002_drop_orbit_left_72_seed40002_local_temporal_jump.jpg,local_temporal_jump,True,BLOCKED_BY_ENV: no local FVD/I3D backend,23.478586,117.0,local_assets/dpo_pair_factory_v10/synthetic_visible_negatives/pairs/v10_TypeM_064_01002_drop_orbit_left_72_seed40002_local_temporal_jump/loser_full_prefix5_future.mp4,local_assets/dpo_pair_factory_v10/synthetic_visible_negatives/pairs/v10_TypeM_064_01002_drop_orbit_left_72_seed40002_local_temporal_jump/loser_future.mp4,BLOCKED_BY_ENV: lpips unavailable,v10_TypeM_064_01002_drop_orbit_left_72_seed40002_local_temporal_jump,TypeM_v10_synthetic_visible,local_assets/dpo_pair_factory_v10/recovered_conditions/01002_drop_orbit_left_72_seed40002/prefix_len5.mp4,25.863956,0.62,0.38,1.0,01002_drop_orbit_left_72_seed40002,468.338809,1.188245,394.143444,0.985834,DPO_READY_SYNTHETIC_VISIBLE_V10,drop,BLOCKED_BY_ENV: no local VBench evaluator,local_assets/dpo_pair_factory_v10/recovered_conditions/01002_drop_orbit_left_72_seed40002/clean_future_5_80.mp4,local_temporal_jump creates visible local future-only error; winner remains clean GT; loser remains sharp/readable; local_absdiff_p95=117.0; sharpness_ratio=1.188245
"{""h"": 99, ""w"": 198, ""x"": 363, ""y"": 234}","[20, 67]",orbit_left_72,01008_drop_orbit_left_72_seed40008,local_assets/dpo_pair_factory_v10/synthetic_visible_negatives/contact_sheets/v10_TypeM_065_01008_drop_orbit_left_72_seed40008_local_patch_freeze.jpg,local_patch_freeze,True,BLOCKED_BY_ENV: no local FVD/I3D backend,15.902353,83.0,local_assets/dpo_pair_factory_v10/synthetic_visible_negatives/pairs/v10_TypeM_065_01008_drop_orbit_left_72_seed40008_local_patch_freeze/loser_full_prefix5_future.mp4,local_assets/dpo_pair_factory_v10/synthetic_visible_negatives/pairs/v10_TypeM_065_01008_drop_orbit_left_72_seed40008_local_patch_freeze/loser_future.mp4,BLOCKED_BY_ENV: lpips unavailable,v10_TypeM_065_01008_drop_orbit_left_72_seed40008_local_patch_freeze,TypeM_v10_synthetic_visible,local_assets/dpo_pair_factory_v10/recovered_conditions/01008_drop_orbit_left_72_seed40008/prefix_len5.mp4,30.339457,0.694105,0.305895,1.0,01008_drop_orbit_left_72_seed40008,1224.998048,1.01247,1209.910281,0.993878,DPO_READY_SYNTHETIC_VISIBLE_V10,drop,BLOCKED_BY_ENV: no local VBench evaluator,local_assets/dpo_pair_factory_v10/recovered_conditions/01008_drop_orbit_left_72_seed40008/clean_future_5_80.mp4,local_patch_freeze creates visible local future-only error; winner remains clean GT; loser remains sharp/readable; local_absdiff_p95=83.0; sharpness_ratio=1.01247
"{""h"": 140, ""w"": 202, ""x"": 414, ""y"": 193}","[20, 67]",orbit_left_72,01013_drop_orbit_left_72_seed40013,local_assets/dpo_pair_factory_v10/synthetic_visible_negatives/contact_sheets/v10_TypeM_066_01013_drop_orbit_left_72_seed40013_local_patch_drift.jpg,local_patch_drift,True,BLOCKED_BY_ENV: no local FVD/I3D backend,21.397646,131.0,local_assets/dpo_pair_factory_v10/synthetic_visible_negatives/pairs/v10_TypeM_066_01013_drop_orbit_left_72_seed40013_local_patch_drift/loser_full_prefix5_future.mp4,local_assets/dpo_pair_factory_v10/synthetic_visible_negatives/pairs/v10_TypeM_066_01013_drop_orbit_left_72_seed40013_local_patch_drift/loser_future.mp4,BLOCKED_BY_ENV: lpips unavailable,v10_TypeM_066_01013_drop_orbit_left_72_seed40013_local_patch_drift,TypeM_v10_synthetic_visible,local_assets/dpo_pair_factory_v10/recovered_conditions/01013_drop_orbit_left_72_seed40013/prefix_len5.mp4,26.307772,0.62,0.38,1.0,01013_drop_orbit_left_72_seed40013,1084.081021,1.025624,1056.996835,0.988116,DPO_READY_SYNTHETIC_VISIBLE_V10,drop,BLOCKED_BY_ENV: no local VBench evaluator,local_assets/dpo_pair_factory_v10/recovered_conditions/01013_drop_orbit_left_72_seed40013/clean_future_5_80.mp4,local_patch_drift creates visible local future-only error; winner remains clean GT; loser remains sharp/readable; local_absdiff_p95=131.0; sharpness_ratio=1.025624
"{""h"": 126, ""w"": 219, ""x"": 361, ""y"": 194}","[20, 67]",orbit_left_72,01014_drop_orbit_left_72_seed40014,local_assets/dpo_pair_factory_v10/synthetic_visible_negatives/contact_sheets/v10_TypeM_067_01014_drop_orbit_left_72_seed40014_foreground_identity_color_shift.jpg,foreground_identity_color_shift,True,BLOCKED_BY_ENV: no local FVD/I3D backend,30.429659,113.0,local_assets/dpo_pair_factory_v10/synthetic_visible_negatives/pairs/v10_TypeM_067_01014_drop_orbit_left_72_seed40014_foreground_identity_color_shift/loser_full_prefix5_future.mp4,local_assets/dpo_pair_factory_v10/synthetic_visible_negatives/pairs/v10_TypeM_067_01014_drop_orbit_left_72_seed40014_foreground_identity_color_shift/loser_future.mp4,BLOCKED_BY_ENV: lpips unavailable,v10_TypeM_067_01014_drop_orbit_left_72_seed40014_foreground_identity_color_shift,TypeM_v10_synthetic_visible,local_assets/dpo_pair_factory_v10/recovered_conditions/01014_drop_orbit_left_72_seed40014/prefix_len5.mp4,25.925973,0.624632,0.375368,1.0,01014_drop_orbit_left_72_seed40014,1171.566817,0.995469,1176.899151,0.983509,DPO_READY_SYNTHETIC_VISIBLE_V10,drop,BLOCKED_BY_ENV: no local VBench evaluator,local_assets/dpo_pair_factory_v10/recovered_conditions/01014_drop_orbit_left_72_seed40014/clean_future_5_80.mp4,foreground_identity_color_shift creates visible local future-only error; winner remains clean GT; loser remains sharp/readable; local_absdiff_p95=113.0; sharpness_ratio=0.995469
"{""h"": 99, ""w"": 245, ""x"": 355, ""y"": 159}","[20, 67]",orbit_left_72,01026_drop_orbit_left_72_seed40026,local_assets/dpo_pair_factory_v10/synthetic_visible_negatives/contact_sheets/v10_TypeM_068_01026_drop_orbit_left_72_seed40026_local_temporal_jump.jpg,local_temporal_jump,False,BLOCKED_BY_ENV: no local FVD/I3D backend,7.951109,19.0,local_assets/dpo_pair_factory_v10/synthetic_visible_negatives/pairs/v10_TypeM_068_01026_drop_orbit_left_72_seed40026_local_temporal_jump/loser_full_prefix5_future.mp4,local_assets/dpo_pair_factory_v10/synthetic_visible_negatives/pairs/v10_TypeM_068_01026_drop_orbit_left_72_seed40026_local_temporal_jump/loser_future.mp4,BLOCKED_BY_ENV: lpips unavailable,v10_TypeM_068_01026_drop_orbit_left_72_seed40026_local_temporal_jump,TypeM_v10_synthetic_visible,local_assets/dpo_pair_factory_v10/recovered_conditions/01026_drop_orbit_left_72_seed40026/prefix_len5.mp4,31.13122,0.84,0.16,1.0,01026_drop_orbit_left_72_seed40026,515.040492,1.199135,429.50995,0.996212,REJECT_SYNTHETIC_GATE,drop,BLOCKED_BY_ENV: no local VBench evaluator,local_assets/dpo_pair_factory_v10/recovered_conditions/01026_drop_orbit_left_72_seed40026/clean_future_5_80.mp4,local_temporal_jump creates visible local future-only error; winner remains clean GT; loser remains sharp/readable; local_absdiff_p95=19.0; sharpness_ratio=1.199135
"{""h"": 144, ""w"": 170, ""x"": 431, ""y"": 211}","[20, 67]",orbit_left_72,01029_drop_orbit_left_72_seed40029,local_assets/dpo_pair_factory_v10/synthetic_visible_negatives/contact_sheets/v10_TypeM_069_01029_drop_orbit_left_72_seed40029_local_patch_freeze.jpg,local_patch_freeze,True,BLOCKED_BY_ENV: no local FVD/I3D backend,17.649635,103.0,local_assets/dpo_pair_factory_v10/synthetic_visible_negatives/pairs/v10_TypeM_069_01029_drop_orbit_left_72_seed40029_local_patch_freeze/loser_full_prefix5_future.mp4,local_assets/dpo_pair_factory_v10/synthetic_visible_negatives/pairs/v10_TypeM_069_01029_drop_orbit_left_72_seed40029_local_patch_freeze/loser_future.mp4,BLOCKED_BY_ENV: lpips unavailable,v10_TypeM_069_01029_drop_orbit_left_72_seed40029_local_patch_freeze,TypeM_v10_synthetic_visible,local_assets/dpo_pair_factory_v10/recovered_conditions/01029_drop_orbit_left_72_seed40029/prefix_len5.mp4,28.19494,0.647789,0.352211,1.0,01029_drop_orbit_left_72_seed40029,940.458605,1.035554,908.169381,0.991515,DPO_READY_SYNTHETIC_VISIBLE_V10,drop,BLOCKED_BY_ENV: no local VBench evaluator,local_assets/dpo_pair_factory_v10/recovered_conditions/01029_drop_orbit_left_72_seed40029/clean_future_5_80.mp4,local_patch_freeze creates visible local future-only error; winner remains clean GT; loser remains sharp/readable; local_absdiff_p95=103.0; sharpness_ratio=1.035554
"{""h"": 133, ""w"": 227, ""x"": 370, ""y"": 119}","[20, 67]",orbit_left_72,01032_drop_orbit_left_72_seed40032,local_assets/dpo_pair_factory_v10/synthetic_visible_negatives/contact_sheets/v10_TypeM_070_01032_drop_orbit_left_72_seed40032_local_patch_drift.jpg,local_patch_drift,True,BLOCKED_BY_ENV: no local FVD/I3D backend,7.696787,31.0,local_assets/dpo_pair_factory_v10/synthetic_visible_negatives/pairs/v10_TypeM_070_01032_drop_orbit_left_72_seed40032_local_patch_drift/loser_full_prefix5_future.mp4,local_assets/dpo_pair_factory_v10/synthetic_visible_negatives/pairs/v10_TypeM_070_01032_drop_orbit_left_72_seed40032_local_patch_drift/loser_future.mp4,BLOCKED_BY_ENV: lpips unavailable,v10_TypeM_070_01032_drop_orbit_left_72_seed40032_local_patch_drift,TypeM_v10_synthetic_visible,local_assets/dpo_pair_factory_v10/recovered_conditions/01032_drop_orbit_left_72_seed40032/prefix_len5.mp4,32.214399,0.814526,0.185474,1.0,01032_drop_orbit_left_72_seed40032,710.054518,1.103276,643.587541,0.995436,DPO_READY_SYNTHETIC_VISIBLE_V10,drop,BLOCKED_BY_ENV: no local VBench evaluator,local_assets/dpo_pair_factory_v10/recovered_conditions/01032_drop_orbit_left_72_seed40032/clean_future_5_80.mp4,local_patch_drift creates visible local future-only error; winner remains clean GT; loser remains sharp/readable; local_absdiff_p95=31.0; sharpness_ratio=1.103276
"{""h"": 122, ""w"": 220, ""x"": 307, ""y"": 245}","[20, 67]",orbit_left_72,01038_drop_orbit_left_72_seed40038,local_assets/dpo_pair_factory_v10/synthetic_visible_negatives/contact_sheets/v10_TypeM_071_01038_drop_orbit_left_72_seed40038_foreground_identity_color_shift.jpg,foreground_identity_color_shift,True,BLOCKED_BY_ENV: no local FVD/I3D backend,37.728638,159.0,local_assets/dpo_pair_factory_v10/synthetic_visible_negatives/pairs/v10_TypeM_071_01038_drop_orbit_left_72_seed40038_foreground_identity_color_shift/loser_full_prefix5_future.mp4,local_assets/dpo_pair_factory_v10/synthetic_visible_negatives/pairs/v10_TypeM_071_01038_drop_orbit_left_72_seed40038_foreground_identity_color_shift/loser_future.mp4,BLOCKED_BY_ENV: lpips unavailable,v10_TypeM_071_01038_drop_orbit_left_72_seed40038_foreground_identity_color_shift,TypeM_v10_synthetic_visible,local_assets/dpo_pair_factory_v10/recovered_conditions/01038_drop_orbit_left_72_seed40038/prefix_len5.mp4,23.751565,0.62,0.38,1.0,01038_drop_orbit_left_72_seed40038,1134.68477,1.057364,1073.125605,0.980113,DPO_READY_SYNTHETIC_VISIBLE_V10,drop,BLOCKED_BY_ENV: no local VBench evaluator,local_assets/dpo_pair_factory_v10/recovered_conditions/01038_drop_orbit_left_72_seed40038/clean_future_5_80.mp4,foreground_identity_color_shift creates visible local future-only error; winner remains clean GT; loser remains sharp/readable; local_absdiff_p95=159.0; sharpness_ratio=1.057364
"{""h"": 123, ""w"": 228, ""x"": 406, ""y"": 190}","[20, 67]",orbit_left_72,01039_drop_orbit_left_72_seed40039,local_assets/dpo_pair_factory_v10/synthetic_visible_negatives/contact_sheets/v10_TypeM_072_01039_drop_orbit_left_72_seed40039_local_temporal_jump.jpg,local_temporal_jump,True,BLOCKED_BY_ENV: no local FVD/I3D backend,27.076019,148.0,local_assets/dpo_pair_factory_v10/synthetic_visible_negatives/pairs/v10_TypeM_072_01039_drop_orbit_left_72_seed40039_local_temporal_jump/loser_full_prefix5_future.mp4,local_assets/dpo_pair_factory_v10/synthetic_visible_negatives/pairs/v10_TypeM_072_01039_drop_orbit_left_72_seed40039_local_temporal_jump/loser_future.mp4,BLOCKED_BY_ENV: lpips unavailable,v10_TypeM_072_01039_drop_orbit_left_72_seed40039_local_temporal_jump,TypeM_v10_synthetic_visible,local_assets/dpo_pair_factory_v10/recovered_conditions/01039_drop_orbit_left_72_seed40039/prefix_len5.mp4,25.05531,0.62,0.38,1.0,01039_drop_orbit_left_72_seed40039,1515.93892,1.016993,1490.609237,0.985088,DPO_READY_SYNTHETIC_VISIBLE_V10,drop,BLOCKED_BY_ENV: no local VBench evaluator,local_assets/dpo_pair_factory_v10/recovered_conditions/01039_drop_orbit_left_72_seed40039/clean_future_5_80.mp4,local_temporal_jump creates visible local future-only error; winner remains clean GT; loser remains sharp/readable; local_absdiff_p95=148.0; sharpness_ratio=1.016993
"{""h"": 121, ""w"": 186, ""x"": 256, ""y"": 252}","[20, 67]",orbit_left_72,01047_drop_orbit_left_72_seed40047,local_assets/dpo_pair_factory_v10/synthetic_visible_negatives/contact_sheets/v10_TypeM_073_01047_drop_orbit_left_72_seed40047_local_patch_freeze.jpg,local_patch_freeze,True,BLOCKED_BY_ENV: no local FVD/I3D backend,16.750521,77.0,local_assets/dpo_pair_factory_v10/synthetic_visible_negatives/pairs/v10_TypeM_073_01047_drop_orbit_left_72_seed40047_local_patch_freeze/loser_full_prefix5_future.mp4,local_assets/dpo_pair_factory_v10/synthetic_visible_negatives/pairs/v10_TypeM_073_01047_drop_orbit_left_72_seed40047_local_patch_freeze/loser_future.mp4,BLOCKED_BY_ENV: lpips unavailable,v10_TypeM_073_01047_drop_orbit_left_72_seed40047_local_patch_freeze,TypeM_v10_synthetic_visible,local_assets/dpo_pair_factory_v10/recovered_conditions/01047_drop_orbit_left_72_seed40047/prefix_len5.mp4,29.761605,0.708,0.292,1.0,01047_drop_orbit_left_72_seed40047,1505.853434,1.047915,1436.99994,0.992596,DPO_READY_SYNTHETIC_VISIBLE_V10,drop,BLOCKED_BY_ENV: no local VBench evaluator,local_assets/dpo_pair_factory_v10/recovered_conditions/01047_drop_orbit_left_72_seed40047/clean_future_5_80.mp4,local_patch_freeze creates visible local future-only error; winner remains clean GT; loser remains sharp/readable; local_absdiff_p95=77.0; sharpness_ratio=1.047915
"{""h"": 144, ""w"": 167, ""x"": 249, ""y"": 203}","[20, 67]",orbit_left_72,01060_drop_orbit_left_72_seed40060,local_assets/dpo_pair_factory_v10/synthetic_visible_negatives/contact_sheets/v10_TypeM_074_01060_drop_orbit_left_72_seed40060_local_patch_drift.jpg,local_patch_drift,True,BLOCKED_BY_ENV: no local FVD/I3D backend,28.727251,154.0,local_assets/dpo_pair_factory_v10/synthetic_visible_negatives/pairs/v10_TypeM_074_01060_drop_orbit_left_72_seed40060_local_patch_drift/loser_full_prefix5_future.mp4,local_assets/dpo_pair_factory_v10/synthetic_visible_negatives/pairs/v10_TypeM_074_01060_drop_orbit_left_72_seed40060_local_patch_drift/loser_future.mp4,BLOCKED_BY_ENV: lpips unavailable,v10_TypeM_074_01060_drop_orbit_left_72_seed40060_local_patch_drift,TypeM_v10_synthetic_visible,local_assets/dpo_pair_factory_v10/recovered_conditions/01060_drop_orbit_left_72_seed40060/prefix_len5.mp4,25.385463,0.62,0.38,1.0,01060_drop_orbit_left_72_seed40060,1789.497768,1.010534,1770.844145,0.986433,DPO_READY_SYNTHETIC_VISIBLE_V10,drop,BLOCKED_BY_ENV: no local VBench evaluator,local_assets/dpo_pair_factory_v10/recovered_conditions/01060_drop_orbit_left_72_seed40060/clean_future_5_80.mp4,local_patch_drift creates visible local future-only error; winner remains clean GT; loser remains sharp/readable; local_absdiff_p95=154.0; sharpness_ratio=1.010534
"{""h"": 105, ""w"": 210, ""x"": 245, ""y"": 236}","[20, 67]",orbit_left_72,01079_drop_orbit_left_72_seed40079,local_assets/dpo_pair_factory_v10/synthetic_visible_negatives/contact_sheets/v10_TypeM_075_01079_drop_orbit_left_72_seed40079_foreground_identity_color_shift.jpg,foreground_identity_color_shift,True,BLOCKED_BY_ENV: no local FVD/I3D backend,25.319923,123.0,local_assets/dpo_pair_factory_v10/synthetic_visible_negatives/pairs/v10_TypeM_075_01079_drop_orbit_left_72_seed40079_foreground_identity_color_shift/loser_full_prefix5_future.mp4,local_assets/dpo_pair_factory_v10/synthetic_visible_negatives/pairs/v10_TypeM_075_01079_drop_orbit_left_72_seed40079_foreground_identity_color_shift/loser_future.mp4,BLOCKED_BY_ENV: lpips unavailable,v10_TypeM_075_01079_drop_orbit_left_72_seed40079_foreground_identity_color_shift,TypeM_v10_synthetic_visible,local_assets/dpo_pair_factory_v10/recovered_conditions/01079_drop_orbit_left_72_seed40079/prefix_len5.mp4,27.512418,0.62,0.38,1.0,01079_drop_orbit_left_72_seed40079,979.55267,1.018925,961.358686,0.989035,DPO_READY_SYNTHETIC_VISIBLE_V10,drop,BLOCKED_BY_ENV: no local VBench evaluator,local_assets/dpo_pair_factory_v10/recovered_conditions/01079_drop_orbit_left_72_seed40079/clean_future_5_80.mp4,foreground_identity_color_shift creates visible local future-only error; winner remains clean GT; loser remains sharp/readable; local_absdiff_p95=123.0; sharpness_ratio=1.018925
"{""h"": 119, ""w"": 194, ""x"": 203, ""y"": 129}","[20, 67]",orbit_left_72,01086_drop_orbit_left_72_seed40086,local_assets/dpo_pair_factory_v10/synthetic_visible_negatives/contact_sheets/v10_TypeM_076_01086_drop_orbit_left_72_seed40086_local_temporal_jump.jpg,local_temporal_jump,True,BLOCKED_BY_ENV: no local FVD/I3D backend,10.454301,77.0,local_assets/dpo_pair_factory_v10/synthetic_visible_negatives/pairs/v10_TypeM_076_01086_drop_orbit_left_72_seed40086_local_temporal_jump/loser_full_prefix5_future.mp4,local_assets/dpo_pair_factory_v10/synthetic_visible_negatives/pairs/v10_TypeM_076_01086_drop_orbit_left_72_seed40086_local_temporal_jump/loser_future.mp4,BLOCKED_BY_ENV: lpips unavailable,v10_TypeM_076_01086_drop_orbit_left_72_seed40086_local_temporal_jump,TypeM_v10_synthetic_visible,local_assets/dpo_pair_factory_v10/recovered_conditions/01086_drop_orbit_left_72_seed40086/prefix_len5.mp4,31.746092,0.708,0.292,1.0,01086_drop_orbit_left_72_seed40086,575.214829,1.132217,508.042764,0.99526,DPO_READY_SYNTHETIC_VISIBLE_V10,drop,BLOCKED_BY_ENV: no local VBench evaluator,local_assets/dpo_pair_factory_v10/recovered_conditions/01086_drop_orbit_left_72_seed40086/clean_future_5_80.mp4,local_temporal_jump creates visible local future-only error; winner remains clean GT; loser remains sharp/readable; local_absdiff_p95=77.0; sharpness_ratio=1.132217
"{""h"": 110, ""w"": 215, ""x"": 341, ""y"": 190}","[20, 67]",orbit_left_72,01101_drop_orbit_left_72_seed40101,local_assets/dpo_pair_factory_v10/synthetic_visible_negatives/contact_sheets/v10_TypeM_077_01101_drop_orbit_left_72_seed40101_local_patch_freeze.jpg,local_patch_freeze,True,BLOCKED_BY_ENV: no local FVD/I3D backend,18.598467,99.0,local_assets/dpo_pair_factory_v10/synthetic_visible_negatives/pairs/v10_TypeM_077_01101_drop_orbit_left_72_seed40101_local_patch_freeze/loser_full_prefix5_future.mp4,local_assets/dpo_pair_factory_v10/synthetic_visible_negatives/pairs/v10_TypeM_077_01101_drop_orbit_left_72_seed40101_local_patch_freeze/loser_future.mp4,BLOCKED_BY_ENV: lpips unavailable,v10_TypeM_077_01101_drop_orbit_left_72_seed40101_local_patch_freeze,TypeM_v10_synthetic_visible,local_assets/dpo_pair_factory_v10/recovered_conditions/01101_drop_orbit_left_72_seed40101/prefix_len5.mp4,28.50943,0.657053,0.342947,1.0,01101_drop_orbit_left_72_seed40101,1327.855553,1.045229,1270.397149,0.991362,DPO_READY_SYNTHETIC_VISIBLE_V10,drop,BLOCKED_BY_ENV: no local VBench evaluator,local_assets/dpo_pair_factory_v10/recovered_conditions/01101_drop_orbit_left_72_seed40101/clean_future_5_80.mp4,local_patch_freeze creates visible local future-only error; winner remains clean GT; loser remains sharp/readable; local_absdiff_p95=99.0; sharpness_ratio=1.045229
"{""h"": 146, ""w"": 191, ""x"": 377, ""y"": 171}","[20, 67]",orbit_left_72,01102_drop_orbit_left_72_seed40102,local_assets/dpo_pair_factory_v10/synthetic_visible_negatives/contact_sheets/v10_TypeM_078_01102_drop_orbit_left_72_seed40102_local_patch_drift.jpg,local_patch_drift,True,BLOCKED_BY_ENV: no local FVD/I3D backend,17.393026,124.0,local_assets/dpo_pair_factory_v10/synthetic_visible_negatives/pairs/v10_TypeM_078_01102_drop_orbit_left_72_seed40102_local_patch_drift/loser_full_prefix5_future.mp4,local_assets/dpo_pair_factory_v10/synthetic_visible_negatives/pairs/v10_TypeM_078_01102_drop_orbit_left_72_seed40102_local_patch_drift/loser_future.mp4,BLOCKED_BY_ENV: lpips unavailable,v10_TypeM_078_01102_drop_orbit_left_72_seed40102_local_patch_drift,TypeM_v10_synthetic_visible,local_assets/dpo_pair_factory_v10/recovered_conditions/01102_drop_orbit_left_72_seed40102/prefix_len5.mp4,27.530218,0.62,0.38,1.0,01102_drop_orbit_left_72_seed40102,673.029665,1.051166,640.269528,0.990475,DPO_READY_SYNTHETIC_VISIBLE_V10,drop,BLOCKED_BY_ENV: no local VBench evaluator,local_assets/dpo_pair_factory_v10/recovered_conditions/01102_drop_orbit_left_72_seed40102/clean_future_5_80.mp4,local_patch_drift creates visible local future-only error; winner remains clean GT; loser remains sharp/readable; local_absdiff_p95=124.0; sharpness_ratio=1.051166
"{""h"": 130, ""w"": 234, ""x"": 324, ""y"": 213}","[20, 67]",orbit_left_72,01108_drop_orbit_left_72_seed40108,local_assets/dpo_pair_factory_v10/synthetic_visible_negatives/contact_sheets/v10_TypeM_079_01108_drop_orbit_left_72_seed40108_foreground_identity_color_shift.jpg,foreground_identity_color_shift,True,BLOCKED_BY_ENV: no local FVD/I3D backend,32.637493,139.0,local_assets/dpo_pair_factory_v10/synthetic_visible_negatives/pairs/v10_TypeM_079_01108_drop_orbit_left_72_seed40108_foreground_identity_color_shift/loser_full_prefix5_future.mp4,local_assets/dpo_pair_factory_v10/synthetic_visible_negatives/pairs/v10_TypeM_079_01108_drop_orbit_left_72_seed40108_foreground_identity_color_shift/loser_future.mp4,BLOCKED_BY_ENV: lpips unavailable,v10_TypeM_079_01108_drop_orbit_left_72_seed40108_foreground_identity_color_shift,TypeM_v10_synthetic_visible,local_assets/dpo_pair_factory_v10/recovered_conditions/01108_drop_orbit_left_72_seed40108/prefix_len5.mp4,24.634999,0.62,0.38,1.0,01108_drop_orbit_left_72_seed40108,1125.614032,1.045587,1076.53829,0.980502,DPO_READY_SYNTHETIC_VISIBLE_V10,drop,BLOCKED_BY_ENV: no local VBench evaluator,local_assets/dpo_pair_factory_v10/recovered_conditions/01108_drop_orbit_left_72_seed40108/clean_future_5_80.mp4,foreground_identity_color_shift creates visible local future-only error; winner remains clean GT; loser remains sharp/readable; local_absdiff_p95=139.0; sharpness_ratio=1.045587
"{""h"": 117, ""w"": 192, ""x"": 429, ""y"": 254}","[20, 67]",orbit_left_72,v6b_GT_C_001_01014_drop_orbit_left_72_seed40014,local_assets/dpo_pair_factory_v10/synthetic_visible_negatives/contact_sheets/v10_TypeM_080_v6b_GT_C_001_01014_drop_orbit_left_72_seed40014_local_temporal_jump.jpg,local_temporal_jump,True,BLOCKED_BY_ENV: no local FVD/I3D backend,25.902977,149.0,local_assets/dpo_pair_factory_v10/synthetic_visible_negatives/pairs/v10_TypeM_080_v6b_GT_C_001_01014_drop_orbit_left_72_seed40014_local_temporal_jump/loser_full_prefix5_future.mp4,local_assets/dpo_pair_factory_v10/synthetic_visible_negatives/pairs/v10_TypeM_080_v6b_GT_C_001_01014_drop_orbit_left_72_seed40014_local_temporal_jump/loser_future.mp4,BLOCKED_BY_ENV: lpips unavailable,v10_TypeM_080_v6b_GT_C_001_01014_drop_orbit_left_72_seed40014_local_temporal_jump,TypeM_v10_synthetic_visible,local_assets/dpo_pair_factory_v10/recovered_conditions/v6b_GT_C_001_01014_drop_orbit_left_72_seed40014/prefix_len5.mp4,26.186995,0.62,0.38,1.0,v6b_GT_C_001_01014_drop_orbit_left_72_seed40014,1254.301035,1.065768,1176.899151,0.988572,DPO_READY_SYNTHETIC_VISIBLE_V10,drop,BLOCKED_BY_ENV: no local VBench evaluator,local_assets/targeted_BC_loser_mining_v6b/conditions/01014_drop_orbit_left_72_seed40014/clean_future_5_80.mp4,local_temporal_jump creates visible local future-only error; winner remains clean GT; loser remains sharp/readable; local_absdiff_p95=149.0; sharpness_ratio=1.065768
