action_trace_id,action_trace_path,camera_policy_id,camera_trajectory_path,depth_path,duration_sec,engine_state_path,error_reason,fps,gravity_label,gravity_value,height,image_path,initial_state_id,intrinsics_path,normal_path,num_frames,prefix_video_path,prompt,replay_group_id,sample_id,scene_id,semantic_annotation_path,source_root,status,video_decodable,video_path,width
unknown_action,/home/nvme03/workspace/lingbot-world/physinone_sft_conditions_81f_pull1_test_20260513/MagnetRepel__bg175__aVA9WC/action.npy,unknown_camera,/home/nvme03/workspace/lingbot-world/physinone_sft_conditions_81f_pull1_test_20260513/MagnetRepel__bg175__aVA9WC/poses.npy,None,None,None,not_physeditworld_source;missing_matched_action_trace_id;missing_matched_camera_policy_id;invalid_gravity_value_for_prompt_condition;video_not_decodable_or_unprobed,None,175g,175.0,None,None,unknown_initial_state,/home/nvme03/workspace/lingbot-world/physinone_sft_conditions_81f_pull1_test_20260513/MagnetRepel__bg175__aVA9WC/intrinsics.npy,None,None,None,A first-person interactive world rollout. The character follows the given action sequence and camera trajectory. The scene is rendered under gravity: 175g.,replay_f3cfa87d75815b60,physedit_71ac5e30d47978ed,MagnetRepel__bg175__aVA9WC,None,/home/nvme03/workspace/lingbot-world/physinone_sft_conditions_81f_pull1_test_20260513/MagnetRepel__bg175__aVA9WC,MISSING_GRAVITY,False,/home/nvme03/workspace/lingbot-world/physinone_sft_conditions_81f_pull1_test_20260513/MagnetRepel__bg175__aVA9WC/target_video.mp4,None
unknown_action,/home/nvme03/workspace/lingbot-world/physinone_sft_heldout_conditions_81f_rank53_20260517/MovingHitsStationary_MovingHitsMoving_RollDownSlope__bg182__8f63Cw/action.npy,unknown_camera,/home/nvme03/workspace/lingbot-world/physinone_sft_heldout_conditions_81f_rank53_20260517/MovingHitsStationary_MovingHitsMoving_RollDownSlope__bg182__8f63Cw/poses.npy,None,None,None,not_physeditworld_source;missing_matched_action_trace_id;missing_matched_camera_policy_id;invalid_gravity_value_for_prompt_condition;video_not_decodable_or_unprobed,None,182g,182.0,None,None,unknown_initial_state,/home/nvme03/workspace/lingbot-world/physinone_sft_heldout_conditions_81f_rank53_20260517/MovingHitsStationary_MovingHitsMoving_RollDownSlope__bg182__8f63Cw/intrinsics.npy,None,None,None,A first-person interactive world rollout. The character follows the given action sequence and camera trajectory. The scene is rendered under gravity: 182g.,replay_032c0f08763acfa6,physedit_3f0db73a8dcb48ab,MovingHitsStationary_MovingHitsMoving_RollDownSlope__bg182__8f63Cw,None,/home/nvme03/workspace/lingbot-world/physinone_sft_heldout_conditions_81f_rank53_20260517/MovingHitsStationary_MovingHitsMoving_RollDownSlope__bg182__8f63Cw,MISSING_GRAVITY,False,/home/nvme03/workspace/lingbot-world/physinone_sft_heldout_conditions_81f_rank53_20260517/MovingHitsStationary_MovingHitsMoving_RollDownSlope__bg182__8f63Cw/target_video.mp4,None
unknown_action,/home/nvme03/workspace/lingbot-world/physinone_sft_conditions_81f_pull50_20260513/MovingHitsFixed__bg184__HH13M0/action.npy,unknown_camera,/home/nvme03/workspace/lingbot-world/physinone_sft_conditions_81f_pull50_20260513/MovingHitsFixed__bg184__HH13M0/poses.npy,None,None,None,not_physeditworld_source;missing_matched_action_trace_id;missing_matched_camera_policy_id;invalid_gravity_value_for_prompt_condition;video_not_decodable_or_unprobed,None,184g,184.0,None,None,unknown_initial_state,/home/nvme03/workspace/lingbot-world/physinone_sft_conditions_81f_pull50_20260513/MovingHitsFixed__bg184__HH13M0/intrinsics.npy,None,None,None,A first-person interactive world rollout. The character follows the given action sequence and camera trajectory. The scene is rendered under gravity: 184g.,replay_cc849becaede4269,physedit_43c7ee47cf719e0a,MovingHitsFixed__bg184__HH13M0,None,/home/nvme03/workspace/lingbot-world/physinone_sft_conditions_81f_pull50_20260513/MovingHitsFixed__bg184__HH13M0,MISSING_GRAVITY,False,/home/nvme03/workspace/lingbot-world/physinone_sft_conditions_81f_pull50_20260513/MovingHitsFixed__bg184__HH13M0/target_video.mp4,None
unknown_action,/home/nvme03/workspace/lingbot-world/physinone_sft_conditions_81f_pull50_20260513/LinCarryInertia_SimplePendulum__bg162__hpaxl2/action.npy,unknown_camera,/home/nvme03/workspace/lingbot-world/physinone_sft_conditions_81f_pull50_20260513/LinCarryInertia_SimplePendulum__bg162__hpaxl2/poses.npy,None,None,None,not_physeditworld_source;missing_matched_action_trace_id;missing_matched_camera_policy_id;invalid_gravity_value_for_prompt_condition;video_not_decodable_or_unprobed,None,162g,162.0,None,None,unknown_initial_state,/home/nvme03/workspace/lingbot-world/physinone_sft_conditions_81f_pull50_20260513/LinCarryInertia_SimplePendulum__bg162__hpaxl2/intrinsics.npy,None,None,None,A first-person interactive world rollout. The character follows the given action sequence and camera trajectory. The scene is rendered under gravity: 162g.,replay_d0a78ef1f83a31d4,physedit_6d40efe38d70125e,LinCarryInertia_SimplePendulum__bg162__hpaxl2,None,/home/nvme03/workspace/lingbot-world/physinone_sft_conditions_81f_pull50_20260513/LinCarryInertia_SimplePendulum__bg162__hpaxl2,MISSING_GRAVITY,False,/home/nvme03/workspace/lingbot-world/physinone_sft_conditions_81f_pull50_20260513/LinCarryInertia_SimplePendulum__bg162__hpaxl2/target_video.mp4,None
unknown_action,/home/nvme03/workspace/lingbot-world/physinone_sft_conditions_81f_pull50_20260513/ImpactFracture_DoublePendulum__bg158__jA9YZ9/action.npy,unknown_camera,/home/nvme03/workspace/lingbot-world/physinone_sft_conditions_81f_pull50_20260513/ImpactFracture_DoublePendulum__bg158__jA9YZ9/poses.npy,None,None,None,not_physeditworld_source;missing_matched_action_trace_id;missing_matched_camera_policy_id;invalid_gravity_value_for_prompt_condition;video_not_decodable_or_unprobed,None,158g,158.0,None,None,unknown_initial_state,/home/nvme03/workspace/lingbot-world/physinone_sft_conditions_81f_pull50_20260513/ImpactFracture_DoublePendulum__bg158__jA9YZ9/intrinsics.npy,None,None,None,A first-person interactive world rollout. The character follows the given action sequence and camera trajectory. The scene is rendered under gravity: 158g.,replay_c816051fced7c822,physedit_816327f0ef966f51,ImpactFracture_DoublePendulum__bg158__jA9YZ9,None,/home/nvme03/workspace/lingbot-world/physinone_sft_conditions_81f_pull50_20260513/ImpactFracture_DoublePendulum__bg158__jA9YZ9,MISSING_GRAVITY,False,/home/nvme03/workspace/lingbot-world/physinone_sft_conditions_81f_pull50_20260513/ImpactFracture_DoublePendulum__bg158__jA9YZ9/target_video.mp4,None
unknown_action,/home/nvme03/workspace/lingbot-world/physinone_sft_conditions_81f_pull50_20260513/VerticalFall_UniformPanelSpin__bg151__oHmost/action.npy,unknown_camera,/home/nvme03/workspace/lingbot-world/physinone_sft_conditions_81f_pull50_20260513/VerticalFall_UniformPanelSpin__bg151__oHmost/poses.npy,None,None,None,not_physeditworld_source;missing_matched_action_trace_id;missing_matched_camera_policy_id;invalid_gravity_value_for_prompt_condition;video_not_decodable_or_unprobed,None,151g,151.0,None,None,unknown_initial_state,/home/nvme03/workspace/lingbot-world/physinone_sft_conditions_81f_pull50_20260513/VerticalFall_UniformPanelSpin__bg151__oHmost/intrinsics.npy,None,None,None,A first-person interactive world rollout. The character follows the given action sequence and camera trajectory. The scene is rendered under gravity: 151g.,replay_90504dd9d9c87849,physedit_cae2231e700ce50c,VerticalFall_UniformPanelSpin__bg151__oHmost,None,/home/nvme03/workspace/lingbot-world/physinone_sft_conditions_81f_pull50_20260513/VerticalFall_UniformPanelSpin__bg151__oHmost,MISSING_GRAVITY,False,/home/nvme03/workspace/lingbot-world/physinone_sft_conditions_81f_pull50_20260513/VerticalFall_UniformPanelSpin__bg151__oHmost/target_video.mp4,None
unknown_action,/home/nvme03/workspace/lingbot-world/physinone_sft_conditions_81f_pull50_20260513/AccelConcaveSpin_AccelSurfaceSpin__bg162__IG1rFr/action.npy,unknown_camera,/home/nvme03/workspace/lingbot-world/physinone_sft_conditions_81f_pull50_20260513/AccelConcaveSpin_AccelSurfaceSpin__bg162__IG1rFr/poses.npy,None,None,None,not_physeditworld_source;missing_matched_action_trace_id;missing_matched_camera_policy_id;invalid_gravity_value_for_prompt_condition;video_not_decodable_or_unprobed,None,162g,162.0,None,None,unknown_initial_state,/home/nvme03/workspace/lingbot-world/physinone_sft_conditions_81f_pull50_20260513/AccelConcaveSpin_AccelSurfaceSpin__bg162__IG1rFr/intrinsics.npy,None,None,None,A first-person interactive world rollout. The character follows the given action sequence and camera trajectory. The scene is rendered under gravity: 162g.,replay_41dca976484a31d8,physedit_316729ec2dd911ef,AccelConcaveSpin_AccelSurfaceSpin__bg162__IG1rFr,None,/home/nvme03/workspace/lingbot-world/physinone_sft_conditions_81f_pull50_20260513/AccelConcaveSpin_AccelSurfaceSpin__bg162__IG1rFr,MISSING_GRAVITY,False,/home/nvme03/workspace/lingbot-world/physinone_sft_conditions_81f_pull50_20260513/AccelConcaveSpin_AccelSurfaceSpin__bg162__IG1rFr/target_video.mp4,None
unknown_action,/home/nvme03/workspace/lingbot-world/physinone_sft_conditions_81f_pull50_20260513/MovingHitsMoving__bg161__9DyEeE/action.npy,unknown_camera,/home/nvme03/workspace/lingbot-world/physinone_sft_conditions_81f_pull50_20260513/MovingHitsMoving__bg161__9DyEeE/poses.npy,None,None,None,not_physeditworld_source;missing_matched_action_trace_id;missing_matched_camera_policy_id;invalid_gravity_value_for_prompt_condition;video_not_decodable_or_unprobed,None,161g,161.0,None,None,unknown_initial_state,/home/nvme03/workspace/lingbot-world/physinone_sft_conditions_81f_pull50_20260513/MovingHitsMoving__bg161__9DyEeE/intrinsics.npy,None,None,None,A first-person interactive world rollout. The character follows the given action sequence and camera trajectory. The scene is rendered under gravity: 161g.,replay_5ca490fd8ac65d23,physedit_807045e82152b34a,MovingHitsMoving__bg161__9DyEeE,None,/home/nvme03/workspace/lingbot-world/physinone_sft_conditions_81f_pull50_20260513/MovingHitsMoving__bg161__9DyEeE,MISSING_GRAVITY,False,/home/nvme03/workspace/lingbot-world/physinone_sft_conditions_81f_pull50_20260513/MovingHitsMoving__bg161__9DyEeE/target_video.mp4,None
unknown_action,/home/nvme03/workspace/lingbot-world/physinone_sft_conditions_81f_pull50_20260513/CatapultLaunch_StickSupportFail__bg177__v11WsG/action.npy,unknown_camera,/home/nvme03/workspace/lingbot-world/physinone_sft_conditions_81f_pull50_20260513/CatapultLaunch_StickSupportFail__bg177__v11WsG/poses.npy,None,None,None,not_physeditworld_source;missing_matched_action_trace_id;missing_matched_camera_policy_id;invalid_gravity_value_for_prompt_condition;video_not_decodable_or_unprobed,None,177g,177.0,None,None,unknown_initial_state,/home/nvme03/workspace/lingbot-world/physinone_sft_conditions_81f_pull50_20260513/CatapultLaunch_StickSupportFail__bg177__v11WsG/intrinsics.npy,None,None,None,A first-person interactive world rollout. The character follows the given action sequence and camera trajectory. The scene is rendered under gravity: 177g.,replay_933ba4647dc3fc5f,physedit_1d45de70899fbc0d,CatapultLaunch_StickSupportFail__bg177__v11WsG,None,/home/nvme03/workspace/lingbot-world/physinone_sft_conditions_81f_pull50_20260513/CatapultLaunch_StickSupportFail__bg177__v11WsG,MISSING_GRAVITY,False,/home/nvme03/workspace/lingbot-world/physinone_sft_conditions_81f_pull50_20260513/CatapultLaunch_StickSupportFail__bg177__v11WsG/target_video.mp4,None
unknown_action,/home/nvme03/workspace/lingbot-world/physinone_sft_conditions_81f_pull50_20260513/BalloonFloat__bg181__3wm0fr/action.npy,unknown_camera,/home/nvme03/workspace/lingbot-world/physinone_sft_conditions_81f_pull50_20260513/BalloonFloat__bg181__3wm0fr/poses.npy,None,None,None,not_physeditworld_source;missing_matched_action_trace_id;missing_matched_camera_policy_id;invalid_gravity_value_for_prompt_condition;video_not_decodable_or_unprobed,None,181g,181.0,None,None,unknown_initial_state,/home/nvme03/workspace/lingbot-world/physinone_sft_conditions_81f_pull50_20260513/BalloonFloat__bg181__3wm0fr/intrinsics.npy,None,None,None,A first-person interactive world rollout. The character follows the given action sequence and camera trajectory. The scene is rendered under gravity: 181g.,replay_f367ea12becf3b74,physedit_ebb27b77c9074eac,BalloonFloat__bg181__3wm0fr,None,/home/nvme03/workspace/lingbot-world/physinone_sft_conditions_81f_pull50_20260513/BalloonFloat__bg181__3wm0fr,MISSING_GRAVITY,False,/home/nvme03/workspace/lingbot-world/physinone_sft_conditions_81f_pull50_20260513/BalloonFloat__bg181__3wm0fr/target_video.mp4,None
unknown_action,/home/nvme03/workspace/lingbot-world/physinone_sft_conditions_81f_pull50_20260513/DoublePendulum__bg165__0B8QGt/action.npy,unknown_camera,/home/nvme03/workspace/lingbot-world/physinone_sft_conditions_81f_pull50_20260513/DoublePendulum__bg165__0B8QGt/poses.npy,None,None,None,not_physeditworld_source;missing_matched_action_trace_id;missing_matched_camera_policy_id;invalid_gravity_value_for_prompt_condition;video_not_decodable_or_unprobed,None,165g,165.0,None,None,unknown_initial_state,/home/nvme03/workspace/lingbot-world/physinone_sft_conditions_81f_pull50_20260513/DoublePendulum__bg165__0B8QGt/intrinsics.npy,None,None,None,A first-person interactive world rollout. The character follows the given action sequence and camera trajectory. The scene is rendered under gravity: 165g.,replay_201f0e3167ee731d,physedit_7746b92525123c30,DoublePendulum__bg165__0B8QGt,None,/home/nvme03/workspace/lingbot-world/physinone_sft_conditions_81f_pull50_20260513/DoublePendulum__bg165__0B8QGt,MISSING_GRAVITY,False,/home/nvme03/workspace/lingbot-world/physinone_sft_conditions_81f_pull50_20260513/DoublePendulum__bg165__0B8QGt/target_video.mp4,None
unknown_action,/home/nvme03/workspace/lingbot-world/physinone_sft_conditions_81f_pull50_20260513/CrankPush__bg185__Fcdkys/action.npy,unknown_camera,/home/nvme03/workspace/lingbot-world/physinone_sft_conditions_81f_pull50_20260513/CrankPush__bg185__Fcdkys/poses.npy,None,None,None,not_physeditworld_source;missing_matched_action_trace_id;missing_matched_camera_policy_id;invalid_gravity_value_for_prompt_condition;video_not_decodable_or_unprobed,None,185g,185.0,None,None,unknown_initial_state,/home/nvme03/workspace/lingbot-world/physinone_sft_conditions_81f_pull50_20260513/CrankPush__bg185__Fcdkys/intrinsics.npy,None,None,None,A first-person interactive world rollout. The character follows the given action sequence and camera trajectory. The scene is rendered under gravity: 185g.,replay_af35f8425aadde6a,physedit_0f80cc3f7238e4f7,CrankPush__bg185__Fcdkys,None,/home/nvme03/workspace/lingbot-world/physinone_sft_conditions_81f_pull50_20260513/CrankPush__bg185__Fcdkys,MISSING_GRAVITY,False,/home/nvme03/workspace/lingbot-world/physinone_sft_conditions_81f_pull50_20260513/CrankPush__bg185__Fcdkys/target_video.mp4,None
unknown_action,/home/nvme03/workspace/lingbot-world/physinone_sft_conditions_81f_pull50_20260513/RollUpSlope_AccelPanelSpin__bg168__H5NqD2/action.npy,unknown_camera,/home/nvme03/workspace/lingbot-world/physinone_sft_conditions_81f_pull50_20260513/RollUpSlope_AccelPanelSpin__bg168__H5NqD2/poses.npy,None,None,None,not_physeditworld_source;missing_matched_action_trace_id;missing_matched_camera_policy_id;invalid_gravity_value_for_prompt_condition;video_not_decodable_or_unprobed,None,168g,168.0,None,None,unknown_initial_state,/home/nvme03/workspace/lingbot-world/physinone_sft_conditions_81f_pull50_20260513/RollUpSlope_AccelPanelSpin__bg168__H5NqD2/intrinsics.npy,None,None,None,A first-person interactive world rollout. The character follows the given action sequence and camera trajectory. The scene is rendered under gravity: 168g.,replay_42bfdcc2fbacf18f,physedit_9e88369abfbf20be,RollUpSlope_AccelPanelSpin__bg168__H5NqD2,None,/home/nvme03/workspace/lingbot-world/physinone_sft_conditions_81f_pull50_20260513/RollUpSlope_AccelPanelSpin__bg168__H5NqD2,MISSING_GRAVITY,False,/home/nvme03/workspace/lingbot-world/physinone_sft_conditions_81f_pull50_20260513/RollUpSlope_AccelPanelSpin__bg168__H5NqD2/target_video.mp4,None
unknown_action,/home/nvme03/workspace/lingbot-world/physinone_sft_conditions_81f_pull50_20260513/MovingHitsFixed_WindGravityBalance__bg156__vbGA3S/action.npy,unknown_camera,/home/nvme03/workspace/lingbot-world/physinone_sft_conditions_81f_pull50_20260513/MovingHitsFixed_WindGravityBalance__bg156__vbGA3S/poses.npy,None,None,None,not_physeditworld_source;missing_matched_action_trace_id;missing_matched_camera_policy_id;invalid_gravity_value_for_prompt_condition;video_not_decodable_or_unprobed,None,156g,156.0,None,None,unknown_initial_state,/home/nvme03/workspace/lingbot-world/physinone_sft_conditions_81f_pull50_20260513/MovingHitsFixed_WindGravityBalance__bg156__vbGA3S/intrinsics.npy,None,None,None,A first-person interactive world rollout. The character follows the given action sequence and camera trajectory. The scene is rendered under gravity: 156g.,replay_cc4e2c0a67e90266,physedit_36a0ee2429b9d0aa,MovingHitsFixed_WindGravityBalance__bg156__vbGA3S,None,/home/nvme03/workspace/lingbot-world/physinone_sft_conditions_81f_pull50_20260513/MovingHitsFixed_WindGravityBalance__bg156__vbGA3S,MISSING_GRAVITY,False,/home/nvme03/workspace/lingbot-world/physinone_sft_conditions_81f_pull50_20260513/MovingHitsFixed_WindGravityBalance__bg156__vbGA3S/target_video.mp4,None
unknown_action,/home/nvme03/workspace/lingbot-world/physinone_sft_conditions_81f_pull50_20260513/CartMove__bg177__qI31mn/action.npy,unknown_camera,/home/nvme03/workspace/lingbot-world/physinone_sft_conditions_81f_pull50_20260513/CartMove__bg177__qI31mn/poses.npy,None,None,None,not_physeditworld_source;missing_matched_action_trace_id;missing_matched_camera_policy_id;invalid_gravity_value_for_prompt_condition;video_not_decodable_or_unprobed,None,177g,177.0,None,None,unknown_initial_state,/home/nvme03/workspace/lingbot-world/physinone_sft_conditions_81f_pull50_20260513/CartMove__bg177__qI31mn/intrinsics.npy,None,None,None,A first-person interactive world rollout. The character follows the given action sequence and camera trajectory. The scene is rendered under gravity: 177g.,replay_f8470c4cfb64c551,physedit_425ea56f7321ea7f,CartMove__bg177__qI31mn,None,/home/nvme03/workspace/lingbot-world/physinone_sft_conditions_81f_pull50_20260513/CartMove__bg177__qI31mn,MISSING_GRAVITY,False,/home/nvme03/workspace/lingbot-world/physinone_sft_conditions_81f_pull50_20260513/CartMove__bg177__qI31mn/target_video.mp4,None
unknown_action,/home/nvme03/workspace/lingbot-world/physinone_sft_conditions_81f_pull50_20260513/ObliqueProjectile_RollDownSlope__bg164__ejRxnJ/action.npy,unknown_camera,/home/nvme03/workspace/lingbot-world/physinone_sft_conditions_81f_pull50_20260513/ObliqueProjectile_RollDownSlope__bg164__ejRxnJ/poses.npy,None,None,None,not_physeditworld_source;missing_matched_action_trace_id;missing_matched_camera_policy_id;invalid_gravity_value_for_prompt_condition;video_not_decodable_or_unprobed,None,164g,164.0,None,None,unknown_initial_state,/home/nvme03/workspace/lingbot-world/physinone_sft_conditions_81f_pull50_20260513/ObliqueProjectile_RollDownSlope__bg164__ejRxnJ/intrinsics.npy,None,None,None,A first-person interactive world rollout. The character follows the given action sequence and camera trajectory. The scene is rendered under gravity: 164g.,replay_29cc75565f08c006,physedit_fe06ffd88bf9ac6e,ObliqueProjectile_RollDownSlope__bg164__ejRxnJ,None,/home/nvme03/workspace/lingbot-world/physinone_sft_conditions_81f_pull50_20260513/ObliqueProjectile_RollDownSlope__bg164__ejRxnJ,MISSING_GRAVITY,False,/home/nvme03/workspace/lingbot-world/physinone_sft_conditions_81f_pull50_20260513/ObliqueProjectile_RollDownSlope__bg164__ejRxnJ/target_video.mp4,None
unknown_action,/home/nvme03/workspace/lingbot-world/physinone_sft_conditions_81f_pull50_20260513/WindDeflectMotion_UniformSurfaceSpin__bg171__CjZIfz/action.npy,unknown_camera,/home/nvme03/workspace/lingbot-world/physinone_sft_conditions_81f_pull50_20260513/WindDeflectMotion_UniformSurfaceSpin__bg171__CjZIfz/poses.npy,None,None,None,not_physeditworld_source;missing_matched_action_trace_id;missing_matched_camera_policy_id;invalid_gravity_value_for_prompt_condition;video_not_decodable_or_unprobed,None,171g,171.0,None,None,unknown_initial_state,/home/nvme03/workspace/lingbot-world/physinone_sft_conditions_81f_pull50_20260513/WindDeflectMotion_UniformSurfaceSpin__bg171__CjZIfz/intrinsics.npy,None,None,None,A first-person interactive world rollout. The character follows the given action sequence and camera trajectory. The scene is rendered under gravity: 171g.,replay_2de90258ab626824,physedit_fde44df5a7e58796,WindDeflectMotion_UniformSurfaceSpin__bg171__CjZIfz,None,/home/nvme03/workspace/lingbot-world/physinone_sft_conditions_81f_pull50_20260513/WindDeflectMotion_UniformSurfaceSpin__bg171__CjZIfz,MISSING_GRAVITY,False,/home/nvme03/workspace/lingbot-world/physinone_sft_conditions_81f_pull50_20260513/WindDeflectMotion_UniformSurfaceSpin__bg171__CjZIfz/target_video.mp4,None
unknown_action,/home/nvme03/workspace/lingbot-world/physinone_sft_conditions_81f_pull50_20260513/AccelConcaveSpin__bg186__S6yt3H/action.npy,unknown_camera,/home/nvme03/workspace/lingbot-world/physinone_sft_conditions_81f_pull50_20260513/AccelConcaveSpin__bg186__S6yt3H/poses.npy,None,None,None,not_physeditworld_source;missing_matched_action_trace_id;missing_matched_camera_policy_id;invalid_gravity_value_for_prompt_condition;video_not_decodable_or_unprobed,None,186g,186.0,None,None,unknown_initial_state,/home/nvme03/workspace/lingbot-world/physinone_sft_conditions_81f_pull50_20260513/AccelConcaveSpin__bg186__S6yt3H/intrinsics.npy,None,None,None,A first-person interactive world rollout. The character follows the given action sequence and camera trajectory. The scene is rendered under gravity: 186g.,replay_5c66d4d7e2423b89,physedit_889355595431ce48,AccelConcaveSpin__bg186__S6yt3H,None,/home/nvme03/workspace/lingbot-world/physinone_sft_conditions_81f_pull50_20260513/AccelConcaveSpin__bg186__S6yt3H,MISSING_GRAVITY,False,/home/nvme03/workspace/lingbot-world/physinone_sft_conditions_81f_pull50_20260513/AccelConcaveSpin__bg186__S6yt3H/target_video.mp4,None
unknown_action,/home/nvme03/workspace/lingbot-world/physinone_sft_conditions_81f_pull50_20260513/SpringCompress_SpringStretch__bg185__RlEZ7S/action.npy,unknown_camera,/home/nvme03/workspace/lingbot-world/physinone_sft_conditions_81f_pull50_20260513/SpringCompress_SpringStretch__bg185__RlEZ7S/poses.npy,None,None,None,not_physeditworld_source;missing_matched_action_trace_id;missing_matched_camera_policy_id;invalid_gravity_value_for_prompt_condition;video_not_decodable_or_unprobed,None,185g,185.0,None,None,unknown_initial_state,/home/nvme03/workspace/lingbot-world/physinone_sft_conditions_81f_pull50_20260513/SpringCompress_SpringStretch__bg185__RlEZ7S/intrinsics.npy,None,None,None,A first-person interactive world rollout. The character follows the given action sequence and camera trajectory. The scene is rendered under gravity: 185g.,replay_442965947e80c62c,physedit_4cd6cef015f1e4e1,SpringCompress_SpringStretch__bg185__RlEZ7S,None,/home/nvme03/workspace/lingbot-world/physinone_sft_conditions_81f_pull50_20260513/SpringCompress_SpringStretch__bg185__RlEZ7S,MISSING_GRAVITY,False,/home/nvme03/workspace/lingbot-world/physinone_sft_conditions_81f_pull50_20260513/SpringCompress_SpringStretch__bg185__RlEZ7S/target_video.mp4,None
unknown_action,/home/nvme03/workspace/lingbot-world/physinone_sft_conditions_81f_pull50_20260513/MovingHitsStationary__bg173__UOmxob/action.npy,unknown_camera,/home/nvme03/workspace/lingbot-world/physinone_sft_conditions_81f_pull50_20260513/MovingHitsStationary__bg173__UOmxob/poses.npy,None,None,None,not_physeditworld_source;missing_matched_action_trace_id;missing_matched_camera_policy_id;invalid_gravity_value_for_prompt_condition;video_not_decodable_or_unprobed,None,173g,173.0,None,None,unknown_initial_state,/home/nvme03/workspace/lingbot-world/physinone_sft_conditions_81f_pull50_20260513/MovingHitsStationary__bg173__UOmxob/intrinsics.npy,None,None,None,A first-person interactive world rollout. The character follows the given action sequence and camera trajectory. The scene is rendered under gravity: 173g.,replay_8f78ef08a9e5bc00,physedit_ac86044fe903f022,MovingHitsStationary__bg173__UOmxob,None,/home/nvme03/workspace/lingbot-world/physinone_sft_conditions_81f_pull50_20260513/MovingHitsStationary__bg173__UOmxob,MISSING_GRAVITY,False,/home/nvme03/workspace/lingbot-world/physinone_sft_conditions_81f_pull50_20260513/MovingHitsStationary__bg173__UOmxob/target_video.mp4,None
unknown_action,/home/nvme03/workspace/lingbot-world/physinone_sft_conditions_81f_pull50_20260513/FrictionStop_CrankPush__bg177__4Ylgd9/action.npy,unknown_camera,/home/nvme03/workspace/lingbot-world/physinone_sft_conditions_81f_pull50_20260513/FrictionStop_CrankPush__bg177__4Ylgd9/poses.npy,None,None,None,not_physeditworld_source;missing_matched_action_trace_id;missing_matched_camera_policy_id;invalid_gravity_value_for_prompt_condition;video_not_decodable_or_unprobed,None,177g,177.0,None,None,unknown_initial_state,/home/nvme03/workspace/lingbot-world/physinone_sft_conditions_81f_pull50_20260513/FrictionStop_CrankPush__bg177__4Ylgd9/intrinsics.npy,None,None,None,A first-person interactive world rollout. The character follows the given action sequence and camera trajectory. The scene is rendered under gravity: 177g.,replay_1bbb0f29fe470d48,physedit_8e490c8ed9e53fa7,FrictionStop_CrankPush__bg177__4Ylgd9,None,/home/nvme03/workspace/lingbot-world/physinone_sft_conditions_81f_pull50_20260513/FrictionStop_CrankPush__bg177__4Ylgd9,MISSING_GRAVITY,False,/home/nvme03/workspace/lingbot-world/physinone_sft_conditions_81f_pull50_20260513/FrictionStop_CrankPush__bg177__4Ylgd9/target_video.mp4,None
unknown_action,/home/nvme03/workspace/lingbot-world/physinone_sft_conditions_81f_pull50_20260513/AccelPanelSpin_BalloonFloat__bg170__28WzBF/action.npy,unknown_camera,/home/nvme03/workspace/lingbot-world/physinone_sft_conditions_81f_pull50_20260513/AccelPanelSpin_BalloonFloat__bg170__28WzBF/poses.npy,None,None,None,not_physeditworld_source;missing_matched_action_trace_id;missing_matched_camera_policy_id;invalid_gravity_value_for_prompt_condition;video_not_decodable_or_unprobed,None,170g,170.0,None,None,unknown_initial_state,/home/nvme03/workspace/lingbot-world/physinone_sft_conditions_81f_pull50_20260513/AccelPanelSpin_BalloonFloat__bg170__28WzBF/intrinsics.npy,None,None,None,A first-person interactive world rollout. The character follows the given action sequence and camera trajectory. The scene is rendered under gravity: 170g.,replay_b5f0652040a6c951,physedit_6fd3dc9f526253ea,AccelPanelSpin_BalloonFloat__bg170__28WzBF,None,/home/nvme03/workspace/lingbot-world/physinone_sft_conditions_81f_pull50_20260513/AccelPanelSpin_BalloonFloat__bg170__28WzBF,MISSING_GRAVITY,False,/home/nvme03/workspace/lingbot-world/physinone_sft_conditions_81f_pull50_20260513/AccelPanelSpin_BalloonFloat__bg170__28WzBF/target_video.mp4,None
unknown_action,/home/nvme03/workspace/lingbot-world/physinone_sft_conditions_81f_pull50_20260513/ElasticCouple__bg168__ke2JYk/action.npy,unknown_camera,/home/nvme03/workspace/lingbot-world/physinone_sft_conditions_81f_pull50_20260513/ElasticCouple__bg168__ke2JYk/poses.npy,None,None,None,not_physeditworld_source;missing_matched_action_trace_id;missing_matched_camera_policy_id;invalid_gravity_value_for_prompt_condition;video_not_decodable_or_unprobed,None,168g,168.0,None,None,unknown_initial_state,/home/nvme03/workspace/lingbot-world/physinone_sft_conditions_81f_pull50_20260513/ElasticCouple__bg168__ke2JYk/intrinsics.npy,None,None,None,A first-person interactive world rollout. The character follows the given action sequence and camera trajectory. The scene is rendered under gravity: 168g.,replay_705a3f590830ce50,physedit_6dc8d9577a29077d,ElasticCouple__bg168__ke2JYk,None,/home/nvme03/workspace/lingbot-world/physinone_sft_conditions_81f_pull50_20260513/ElasticCouple__bg168__ke2JYk,MISSING_GRAVITY,False,/home/nvme03/workspace/lingbot-world/physinone_sft_conditions_81f_pull50_20260513/ElasticCouple__bg168__ke2JYk/target_video.mp4,None
unknown_action,/home/nvme03/workspace/lingbot-world/physinone_sft_conditions_81f_pull50_20260513/MovingHitsStationary_FrictionStop_BalloonFloat__bg154__PnIX27/action.npy,unknown_camera,/home/nvme03/workspace/lingbot-world/physinone_sft_conditions_81f_pull50_20260513/MovingHitsStationary_FrictionStop_BalloonFloat__bg154__PnIX27/poses.npy,None,None,None,not_physeditworld_source;missing_matched_action_trace_id;missing_matched_camera_policy_id;invalid_gravity_value_for_prompt_condition;video_not_decodable_or_unprobed,None,154g,154.0,None,None,unknown_initial_state,/home/nvme03/workspace/lingbot-world/physinone_sft_conditions_81f_pull50_20260513/MovingHitsStationary_FrictionStop_BalloonFloat__bg154__PnIX27/intrinsics.npy,None,None,None,A first-person interactive world rollout. The character follows the given action sequence and camera trajectory. The scene is rendered under gravity: 154g.,replay_64077ae53a8076ab,physedit_a475789af268a6fd,MovingHitsStationary_FrictionStop_BalloonFloat__bg154__PnIX27,None,/home/nvme03/workspace/lingbot-world/physinone_sft_conditions_81f_pull50_20260513/MovingHitsStationary_FrictionStop_BalloonFloat__bg154__PnIX27,MISSING_GRAVITY,False,/home/nvme03/workspace/lingbot-world/physinone_sft_conditions_81f_pull50_20260513/MovingHitsStationary_FrictionStop_BalloonFloat__bg154__PnIX27/target_video.mp4,None
unknown_action,/home/nvme03/workspace/lingbot-world/physinone_sft_conditions_81f_pull50_20260513/BalloonTether_BlockWallCollapse__bg162__a8Ynit/action.npy,unknown_camera,/home/nvme03/workspace/lingbot-world/physinone_sft_conditions_81f_pull50_20260513/BalloonTether_BlockWallCollapse__bg162__a8Ynit/poses.npy,None,None,None,not_physeditworld_source;missing_matched_action_trace_id;missing_matched_camera_policy_id;invalid_gravity_value_for_prompt_condition;video_not_decodable_or_unprobed,None,162g,162.0,None,None,unknown_initial_state,/home/nvme03/workspace/lingbot-world/physinone_sft_conditions_81f_pull50_20260513/BalloonTether_BlockWallCollapse__bg162__a8Ynit/intrinsics.npy,None,None,None,A first-person interactive world rollout. The character follows the given action sequence and camera trajectory. The scene is rendered under gravity: 162g.,replay_5ecb1432da7a7c8e,physedit_adec7bc510242323,BalloonTether_BlockWallCollapse__bg162__a8Ynit,None,/home/nvme03/workspace/lingbot-world/physinone_sft_conditions_81f_pull50_20260513/BalloonTether_BlockWallCollapse__bg162__a8Ynit,MISSING_GRAVITY,False,/home/nvme03/workspace/lingbot-world/physinone_sft_conditions_81f_pull50_20260513/BalloonTether_BlockWallCollapse__bg162__a8Ynit/target_video.mp4,None
unknown_action,/home/nvme03/workspace/lingbot-world/physinone_sft_conditions_81f_pull50_20260513/AccelPanelSpin__bg171__l4cZ0u/action.npy,unknown_camera,/home/nvme03/workspace/lingbot-world/physinone_sft_conditions_81f_pull50_20260513/AccelPanelSpin__bg171__l4cZ0u/poses.npy,None,None,None,not_physeditworld_source;missing_matched_action_trace_id;missing_matched_camera_policy_id;invalid_gravity_value_for_prompt_condition;video_not_decodable_or_unprobed,None,171g,171.0,None,None,unknown_initial_state,/home/nvme03/workspace/lingbot-world/physinone_sft_conditions_81f_pull50_20260513/AccelPanelSpin__bg171__l4cZ0u/intrinsics.npy,None,None,None,A first-person interactive world rollout. The character follows the given action sequence and camera trajectory. The scene is rendered under gravity: 171g.,replay_aa6298ba08687175,physedit_9742035cf183ae11,AccelPanelSpin__bg171__l4cZ0u,None,/home/nvme03/workspace/lingbot-world/physinone_sft_conditions_81f_pull50_20260513/AccelPanelSpin__bg171__l4cZ0u,MISSING_GRAVITY,False,/home/nvme03/workspace/lingbot-world/physinone_sft_conditions_81f_pull50_20260513/AccelPanelSpin__bg171__l4cZ0u/target_video.mp4,None
unknown_action,/home/nvme03/workspace/lingbot-world/physinone_sft_conditions_81f_pull50_20260513/ElasticCouple_CartMove__bg184__Aq05Bw/action.npy,unknown_camera,/home/nvme03/workspace/lingbot-world/physinone_sft_conditions_81f_pull50_20260513/ElasticCouple_CartMove__bg184__Aq05Bw/poses.npy,None,None,None,not_physeditworld_source;missing_matched_action_trace_id;missing_matched_camera_policy_id;invalid_gravity_value_for_prompt_condition;video_not_decodable_or_unprobed,None,184g,184.0,None,None,unknown_initial_state,/home/nvme03/workspace/lingbot-world/physinone_sft_conditions_81f_pull50_20260513/ElasticCouple_CartMove__bg184__Aq05Bw/intrinsics.npy,None,None,None,A first-person interactive world rollout. The character follows the given action sequence and camera trajectory. The scene is rendered under gravity: 184g.,replay_106421c4318108c3,physedit_bbc41b5dbcb4d3ef,ElasticCouple_CartMove__bg184__Aq05Bw,None,/home/nvme03/workspace/lingbot-world/physinone_sft_conditions_81f_pull50_20260513/ElasticCouple_CartMove__bg184__Aq05Bw,MISSING_GRAVITY,False,/home/nvme03/workspace/lingbot-world/physinone_sft_conditions_81f_pull50_20260513/ElasticCouple_CartMove__bg184__Aq05Bw/target_video.mp4,None
unknown_action,/home/nvme03/workspace/lingbot-world/physinone_sft_conditions_81f_pull50_20260513/AccelSurfaceSpin__bg171__78WkSp/action.npy,unknown_camera,/home/nvme03/workspace/lingbot-world/physinone_sft_conditions_81f_pull50_20260513/AccelSurfaceSpin__bg171__78WkSp/poses.npy,None,None,None,not_physeditworld_source;missing_matched_action_trace_id;missing_matched_camera_policy_id;invalid_gravity_value_for_prompt_condition;video_not_decodable_or_unprobed,None,171g,171.0,None,None,unknown_initial_state,/home/nvme03/workspace/lingbot-world/physinone_sft_conditions_81f_pull50_20260513/AccelSurfaceSpin__bg171__78WkSp/intrinsics.npy,None,None,None,A first-person interactive world rollout. The character follows the given action sequence and camera trajectory. The scene is rendered under gravity: 171g.,replay_cc860920765d4101,physedit_347344bb622420b9,AccelSurfaceSpin__bg171__78WkSp,None,/home/nvme03/workspace/lingbot-world/physinone_sft_conditions_81f_pull50_20260513/AccelSurfaceSpin__bg171__78WkSp,MISSING_GRAVITY,False,/home/nvme03/workspace/lingbot-world/physinone_sft_conditions_81f_pull50_20260513/AccelSurfaceSpin__bg171__78WkSp/target_video.mp4,None
unknown_action,/home/nvme03/workspace/lingbot-world/physinone_sft_conditions_81f_pull50_20260513/BalloonLift__bg152__o7mKY1/action.npy,unknown_camera,/home/nvme03/workspace/lingbot-world/physinone_sft_conditions_81f_pull50_20260513/BalloonLift__bg152__o7mKY1/poses.npy,None,None,None,not_physeditworld_source;missing_matched_action_trace_id;missing_matched_camera_policy_id;invalid_gravity_value_for_prompt_condition;video_not_decodable_or_unprobed,None,152g,152.0,None,None,unknown_initial_state,/home/nvme03/workspace/lingbot-world/physinone_sft_conditions_81f_pull50_20260513/BalloonLift__bg152__o7mKY1/intrinsics.npy,None,None,None,A first-person interactive world rollout. The character follows the given action sequence and camera trajectory. The scene is rendered under gravity: 152g.,replay_9093c07608282583,physedit_ef1c0b29b4290904,BalloonLift__bg152__o7mKY1,None,/home/nvme03/workspace/lingbot-world/physinone_sft_conditions_81f_pull50_20260513/BalloonLift__bg152__o7mKY1,MISSING_GRAVITY,False,/home/nvme03/workspace/lingbot-world/physinone_sft_conditions_81f_pull50_20260513/BalloonLift__bg152__o7mKY1/target_video.mp4,None
unknown_action,/home/nvme03/workspace/lingbot-world/physinone_sft_conditions_81f_pull50_20260513/MovingHitsFixed_MovingHitsMoving_RollUpSlope__bg155__CkrkFH/action.npy,unknown_camera,/home/nvme03/workspace/lingbot-world/physinone_sft_conditions_81f_pull50_20260513/MovingHitsFixed_MovingHitsMoving_RollUpSlope__bg155__CkrkFH/poses.npy,None,None,None,not_physeditworld_source;missing_matched_action_trace_id;missing_matched_camera_policy_id;invalid_gravity_value_for_prompt_condition;video_not_decodable_or_unprobed,None,155g,155.0,None,None,unknown_initial_state,/home/nvme03/workspace/lingbot-world/physinone_sft_conditions_81f_pull50_20260513/MovingHitsFixed_MovingHitsMoving_RollUpSlope__bg155__CkrkFH/intrinsics.npy,None,None,None,A first-person interactive world rollout. The character follows the given action sequence and camera trajectory. The scene is rendered under gravity: 155g.,replay_aae38218893433b2,physedit_39a3c98459a8e24d,MovingHitsFixed_MovingHitsMoving_RollUpSlope__bg155__CkrkFH,None,/home/nvme03/workspace/lingbot-world/physinone_sft_conditions_81f_pull50_20260513/MovingHitsFixed_MovingHitsMoving_RollUpSlope__bg155__CkrkFH,MISSING_GRAVITY,False,/home/nvme03/workspace/lingbot-world/physinone_sft_conditions_81f_pull50_20260513/MovingHitsFixed_MovingHitsMoving_RollUpSlope__bg155__CkrkFH/target_video.mp4,None
unknown_action,/home/nvme03/workspace/lingbot-world/physinone_sft_conditions_81f_pull50_20260513/UniformConcaveSpin_SpringboardRebound__bg177__SxO4Sc/action.npy,unknown_camera,/home/nvme03/workspace/lingbot-world/physinone_sft_conditions_81f_pull50_20260513/UniformConcaveSpin_SpringboardRebound__bg177__SxO4Sc/poses.npy,None,None,None,not_physeditworld_source;missing_matched_action_trace_id;missing_matched_camera_policy_id;invalid_gravity_value_for_prompt_condition;video_not_decodable_or_unprobed,None,177g,177.0,None,None,unknown_initial_state,/home/nvme03/workspace/lingbot-world/physinone_sft_conditions_81f_pull50_20260513/UniformConcaveSpin_SpringboardRebound__bg177__SxO4Sc/intrinsics.npy,None,None,None,A first-person interactive world rollout. The character follows the given action sequence and camera trajectory. The scene is rendered under gravity: 177g.,replay_69b38f63c871fe9a,physedit_8f7b9140b91bee25,UniformConcaveSpin_SpringboardRebound__bg177__SxO4Sc,None,/home/nvme03/workspace/lingbot-world/physinone_sft_conditions_81f_pull50_20260513/UniformConcaveSpin_SpringboardRebound__bg177__SxO4Sc,MISSING_GRAVITY,False,/home/nvme03/workspace/lingbot-world/physinone_sft_conditions_81f_pull50_20260513/UniformConcaveSpin_SpringboardRebound__bg177__SxO4Sc/target_video.mp4,None
unknown_action,/home/nvme03/workspace/lingbot-world/physinone_sft_conditions_81f_pull50_20260513/MagnetAttract_MagnetRepel__bg151__YFWrcE/action.npy,unknown_camera,/home/nvme03/workspace/lingbot-world/physinone_sft_conditions_81f_pull50_20260513/MagnetAttract_MagnetRepel__bg151__YFWrcE/poses.npy,None,None,None,not_physeditworld_source;missing_matched_action_trace_id;missing_matched_camera_policy_id;invalid_gravity_value_for_prompt_condition;video_not_decodable_or_unprobed,None,151g,151.0,None,None,unknown_initial_state,/home/nvme03/workspace/lingbot-world/physinone_sft_conditions_81f_pull50_20260513/MagnetAttract_MagnetRepel__bg151__YFWrcE/intrinsics.npy,None,None,None,A first-person interactive world rollout. The character follows the given action sequence and camera trajectory. The scene is rendered under gravity: 151g.,replay_e46cae7acb6e0081,physedit_39e39b2196cb67c6,MagnetAttract_MagnetRepel__bg151__YFWrcE,None,/home/nvme03/workspace/lingbot-world/physinone_sft_conditions_81f_pull50_20260513/MagnetAttract_MagnetRepel__bg151__YFWrcE,MISSING_GRAVITY,False,/home/nvme03/workspace/lingbot-world/physinone_sft_conditions_81f_pull50_20260513/MagnetAttract_MagnetRepel__bg151__YFWrcE/target_video.mp4,None
unknown_action,/home/nvme03/workspace/lingbot-world/physinone_sft_conditions_81f_pull50_20260513/BlockWallCollapse__bg177__dd8FBJ/action.npy,unknown_camera,/home/nvme03/workspace/lingbot-world/physinone_sft_conditions_81f_pull50_20260513/BlockWallCollapse__bg177__dd8FBJ/poses.npy,None,None,None,not_physeditworld_source;missing_matched_action_trace_id;missing_matched_camera_policy_id;invalid_gravity_value_for_prompt_condition;video_not_decodable_or_unprobed,None,177g,177.0,None,None,unknown_initial_state,/home/nvme03/workspace/lingbot-world/physinone_sft_conditions_81f_pull50_20260513/BlockWallCollapse__bg177__dd8FBJ/intrinsics.npy,None,None,None,A first-person interactive world rollout. The character follows the given action sequence and camera trajectory. The scene is rendered under gravity: 177g.,replay_b3c9614079289643,physedit_01b069549afe0f23,BlockWallCollapse__bg177__dd8FBJ,None,/home/nvme03/workspace/lingbot-world/physinone_sft_conditions_81f_pull50_20260513/BlockWallCollapse__bg177__dd8FBJ,MISSING_GRAVITY,False,/home/nvme03/workspace/lingbot-world/physinone_sft_conditions_81f_pull50_20260513/BlockWallCollapse__bg177__dd8FBJ/target_video.mp4,None
unknown_action,/home/nvme03/workspace/lingbot-world/physinone_sft_conditions_81f_pull50_20260513/MovingHitsStationary_MovingHitsMoving__bg167__rz5d0k/action.npy,unknown_camera,/home/nvme03/workspace/lingbot-world/physinone_sft_conditions_81f_pull50_20260513/MovingHitsStationary_MovingHitsMoving__bg167__rz5d0k/poses.npy,None,None,None,not_physeditworld_source;missing_matched_action_trace_id;missing_matched_camera_policy_id;invalid_gravity_value_for_prompt_condition;video_not_decodable_or_unprobed,None,167g,167.0,None,None,unknown_initial_state,/home/nvme03/workspace/lingbot-world/physinone_sft_conditions_81f_pull50_20260513/MovingHitsStationary_MovingHitsMoving__bg167__rz5d0k/intrinsics.npy,None,None,None,A first-person interactive world rollout. The character follows the given action sequence and camera trajectory. The scene is rendered under gravity: 167g.,replay_37ef7c7ed626ad33,physedit_4d38c53ae8eab0df,MovingHitsStationary_MovingHitsMoving__bg167__rz5d0k,None,/home/nvme03/workspace/lingbot-world/physinone_sft_conditions_81f_pull50_20260513/MovingHitsStationary_MovingHitsMoving__bg167__rz5d0k,MISSING_GRAVITY,False,/home/nvme03/workspace/lingbot-world/physinone_sft_conditions_81f_pull50_20260513/MovingHitsStationary_MovingHitsMoving__bg167__rz5d0k/target_video.mp4,None
unknown_action,/home/nvme03/workspace/lingbot-world/physinone_sft_conditions_81f_pull50_20260513/MovingHitsFixed_WindPushStationary__bg152__TlnQVm/action.npy,unknown_camera,/home/nvme03/workspace/lingbot-world/physinone_sft_conditions_81f_pull50_20260513/MovingHitsFixed_WindPushStationary__bg152__TlnQVm/poses.npy,None,None,None,not_physeditworld_source;missing_matched_action_trace_id;missing_matched_camera_policy_id;invalid_gravity_value_for_prompt_condition;video_not_decodable_or_unprobed,None,152g,152.0,None,None,unknown_initial_state,/home/nvme03/workspace/lingbot-world/physinone_sft_conditions_81f_pull50_20260513/MovingHitsFixed_WindPushStationary__bg152__TlnQVm/intrinsics.npy,None,None,None,A first-person interactive world rollout. The character follows the given action sequence and camera trajectory. The scene is rendered under gravity: 152g.,replay_0acbdae68503753e,physedit_c67ac648119cd9b3,MovingHitsFixed_WindPushStationary__bg152__TlnQVm,None,/home/nvme03/workspace/lingbot-world/physinone_sft_conditions_81f_pull50_20260513/MovingHitsFixed_WindPushStationary__bg152__TlnQVm,MISSING_GRAVITY,False,/home/nvme03/workspace/lingbot-world/physinone_sft_conditions_81f_pull50_20260513/MovingHitsFixed_WindPushStationary__bg152__TlnQVm/target_video.mp4,None
unknown_action,/home/nvme03/workspace/lingbot-world/physinone_sft_conditions_81f_pull50_20260513/MovingHitsStationary_MovingHitsMoving__bg156__qESzh4/action.npy,unknown_camera,/home/nvme03/workspace/lingbot-world/physinone_sft_conditions_81f_pull50_20260513/MovingHitsStationary_MovingHitsMoving__bg156__qESzh4/poses.npy,None,None,None,not_physeditworld_source;missing_matched_action_trace_id;missing_matched_camera_policy_id;invalid_gravity_value_for_prompt_condition;video_not_decodable_or_unprobed,None,156g,156.0,None,None,unknown_initial_state,/home/nvme03/workspace/lingbot-world/physinone_sft_conditions_81f_pull50_20260513/MovingHitsStationary_MovingHitsMoving__bg156__qESzh4/intrinsics.npy,None,None,None,A first-person interactive world rollout. The character follows the given action sequence and camera trajectory. The scene is rendered under gravity: 156g.,replay_170dc31bed679c3c,physedit_6950111a72ae1373,MovingHitsStationary_MovingHitsMoving__bg156__qESzh4,None,/home/nvme03/workspace/lingbot-world/physinone_sft_conditions_81f_pull50_20260513/MovingHitsStationary_MovingHitsMoving__bg156__qESzh4,MISSING_GRAVITY,False,/home/nvme03/workspace/lingbot-world/physinone_sft_conditions_81f_pull50_20260513/MovingHitsStationary_MovingHitsMoving__bg156__qESzh4/target_video.mp4,None
unknown_action,/home/nvme03/workspace/lingbot-world/physinone_sft_conditions_81f_pull50_20260513/CatapultLaunch__bg189__JJT3If/action.npy,unknown_camera,/home/nvme03/workspace/lingbot-world/physinone_sft_conditions_81f_pull50_20260513/CatapultLaunch__bg189__JJT3If/poses.npy,None,None,None,not_physeditworld_source;missing_matched_action_trace_id;missing_matched_camera_policy_id;invalid_gravity_value_for_prompt_condition;video_not_decodable_or_unprobed,None,189g,189.0,None,None,unknown_initial_state,/home/nvme03/workspace/lingbot-world/physinone_sft_conditions_81f_pull50_20260513/CatapultLaunch__bg189__JJT3If/intrinsics.npy,None,None,None,A first-person interactive world rollout. The character follows the given action sequence and camera trajectory. The scene is rendered under gravity: 189g.,replay_9e538d9bcc70e42f,physedit_1a06c536b35980cd,CatapultLaunch__bg189__JJT3If,None,/home/nvme03/workspace/lingbot-world/physinone_sft_conditions_81f_pull50_20260513/CatapultLaunch__bg189__JJT3If,MISSING_GRAVITY,False,/home/nvme03/workspace/lingbot-world/physinone_sft_conditions_81f_pull50_20260513/CatapultLaunch__bg189__JJT3If/target_video.mp4,None
unknown_action,/home/nvme03/workspace/lingbot-world/physinone_candidate128_missing77_conditions_81f_20260519_0034/ImpactFracture_BalloonTether_FixedConcaveRedirect__bg177__T1RKRp/action.npy,unknown_camera,/home/nvme03/workspace/lingbot-world/physinone_candidate128_missing77_conditions_81f_20260519_0034/ImpactFracture_BalloonTether_FixedConcaveRedirect__bg177__T1RKRp/poses.npy,None,None,None,not_physeditworld_source;missing_matched_action_trace_id;missing_matched_camera_policy_id;invalid_gravity_value_for_prompt_condition;video_not_decodable_or_unprobed,None,77g,77.0,None,None,unknown_initial_state,/home/nvme03/workspace/lingbot-world/physinone_candidate128_missing77_conditions_81f_20260519_0034/ImpactFracture_BalloonTether_FixedConcaveRedirect__bg177__T1RKRp/intrinsics.npy,None,None,None,A first-person interactive world rollout. The character follows the given action sequence and camera trajectory. The scene is rendered under gravity: 77g.,replay_f0f019dc1400ec6e,physedit_bd08835f0a4bc529,ImpactFracture_BalloonTether_FixedConcaveRedirect__bg177__T1RKRp,None,/home/nvme03/workspace/lingbot-world/physinone_candidate128_missing77_conditions_81f_20260519_0034/ImpactFracture_BalloonTether_FixedConcaveRedirect__bg177__T1RKRp,MISSING_GRAVITY,False,/home/nvme03/workspace/lingbot-world/physinone_candidate128_missing77_conditions_81f_20260519_0034/ImpactFracture_BalloonTether_FixedConcaveRedirect__bg177__T1RKRp/target_video.mp4,None
unknown_action,/home/nvme03/workspace/lingbot-world/physinone_candidate128_missing77_conditions_81f_20260519_0034/WindPushStationary_WindPushOppDir_FrictionStop__bg188__zzFz5W/action.npy,unknown_camera,/home/nvme03/workspace/lingbot-world/physinone_candidate128_missing77_conditions_81f_20260519_0034/WindPushStationary_WindPushOppDir_FrictionStop__bg188__zzFz5W/poses.npy,None,None,None,not_physeditworld_source;missing_matched_action_trace_id;missing_matched_camera_policy_id;invalid_gravity_value_for_prompt_condition;video_not_decodable_or_unprobed,None,77g,77.0,None,None,unknown_initial_state,/home/nvme03/workspace/lingbot-world/physinone_candidate128_missing77_conditions_81f_20260519_0034/WindPushStationary_WindPushOppDir_FrictionStop__bg188__zzFz5W/intrinsics.npy,None,None,None,A first-person interactive world rollout. The character follows the given action sequence and camera trajectory. The scene is rendered under gravity: 77g.,replay_0c6e11e457e3815f,physedit_dbec432b77303502,WindPushStationary_WindPushOppDir_FrictionStop__bg188__zzFz5W,None,/home/nvme03/workspace/lingbot-world/physinone_candidate128_missing77_conditions_81f_20260519_0034/WindPushStationary_WindPushOppDir_FrictionStop__bg188__zzFz5W,MISSING_GRAVITY,False,/home/nvme03/workspace/lingbot-world/physinone_candidate128_missing77_conditions_81f_20260519_0034/WindPushStationary_WindPushOppDir_FrictionStop__bg188__zzFz5W/target_video.mp4,None
unknown_action,/home/nvme03/workspace/lingbot-world/physinone_candidate128_missing77_conditions_81f_20260519_0034/WindPushSameDir_WindDeflectMotion_SpringCompress__bg177__inFbq1/action.npy,unknown_camera,/home/nvme03/workspace/lingbot-world/physinone_candidate128_missing77_conditions_81f_20260519_0034/WindPushSameDir_WindDeflectMotion_SpringCompress__bg177__inFbq1/poses.npy,None,None,None,not_physeditworld_source;missing_matched_action_trace_id;missing_matched_camera_policy_id;invalid_gravity_value_for_prompt_condition;video_not_decodable_or_unprobed,None,77g,77.0,None,None,unknown_initial_state,/home/nvme03/workspace/lingbot-world/physinone_candidate128_missing77_conditions_81f_20260519_0034/WindPushSameDir_WindDeflectMotion_SpringCompress__bg177__inFbq1/intrinsics.npy,None,None,None,A first-person interactive world rollout. The character follows the given action sequence and camera trajectory. The scene is rendered under gravity: 77g.,replay_2695c2131f9f60f1,physedit_0b733ab66a3e766e,WindPushSameDir_WindDeflectMotion_SpringCompress__bg177__inFbq1,None,/home/nvme03/workspace/lingbot-world/physinone_candidate128_missing77_conditions_81f_20260519_0034/WindPushSameDir_WindDeflectMotion_SpringCompress__bg177__inFbq1,MISSING_GRAVITY,False,/home/nvme03/workspace/lingbot-world/physinone_candidate128_missing77_conditions_81f_20260519_0034/WindPushSameDir_WindDeflectMotion_SpringCompress__bg177__inFbq1/target_video.mp4,None
unknown_action,/home/nvme03/workspace/lingbot-world/physinone_candidate128_missing77_conditions_81f_20260519_0034/WindPushOppDir_WindDeflectMotion_VerticalFall__bg177__ZCqbkR/action.npy,unknown_camera,/home/nvme03/workspace/lingbot-world/physinone_candidate128_missing77_conditions_81f_20260519_0034/WindPushOppDir_WindDeflectMotion_VerticalFall__bg177__ZCqbkR/poses.npy,None,None,None,not_physeditworld_source;missing_matched_action_trace_id;missing_matched_camera_policy_id;invalid_gravity_value_for_prompt_condition;video_not_decodable_or_unprobed,None,77g,77.0,None,None,unknown_initial_state,/home/nvme03/workspace/lingbot-world/physinone_candidate128_missing77_conditions_81f_20260519_0034/WindPushOppDir_WindDeflectMotion_VerticalFall__bg177__ZCqbkR/intrinsics.npy,None,None,None,A first-person interactive world rollout. The character follows the given action sequence and camera trajectory. The scene is rendered under gravity: 77g.,replay_fd3dd42b0028fc92,physedit_280af5cec542a18e,WindPushOppDir_WindDeflectMotion_VerticalFall__bg177__ZCqbkR,None,/home/nvme03/workspace/lingbot-world/physinone_candidate128_missing77_conditions_81f_20260519_0034/WindPushOppDir_WindDeflectMotion_VerticalFall__bg177__ZCqbkR,MISSING_GRAVITY,False,/home/nvme03/workspace/lingbot-world/physinone_candidate128_missing77_conditions_81f_20260519_0034/WindPushOppDir_WindDeflectMotion_VerticalFall__bg177__ZCqbkR/target_video.mp4,None
unknown_action,/home/nvme03/workspace/lingbot-world/physinone_candidate128_missing77_conditions_81f_20260519_0034/MagnetRepel_BalloonFloat_BalloonTether__bg151__dPPv5v/action.npy,unknown_camera,/home/nvme03/workspace/lingbot-world/physinone_candidate128_missing77_conditions_81f_20260519_0034/MagnetRepel_BalloonFloat_BalloonTether__bg151__dPPv5v/poses.npy,None,None,None,not_physeditworld_source;missing_matched_action_trace_id;missing_matched_camera_policy_id;invalid_gravity_value_for_prompt_condition;video_not_decodable_or_unprobed,None,77g,77.0,None,None,unknown_initial_state,/home/nvme03/workspace/lingbot-world/physinone_candidate128_missing77_conditions_81f_20260519_0034/MagnetRepel_BalloonFloat_BalloonTether__bg151__dPPv5v/intrinsics.npy,None,None,None,A first-person interactive world rollout. The character follows the given action sequence and camera trajectory. The scene is rendered under gravity: 77g.,replay_f7da1713629b5e47,physedit_e6ce237103e820fe,MagnetRepel_BalloonFloat_BalloonTether__bg151__dPPv5v,None,/home/nvme03/workspace/lingbot-world/physinone_candidate128_missing77_conditions_81f_20260519_0034/MagnetRepel_BalloonFloat_BalloonTether__bg151__dPPv5v,MISSING_GRAVITY,False,/home/nvme03/workspace/lingbot-world/physinone_candidate128_missing77_conditions_81f_20260519_0034/MagnetRepel_BalloonFloat_BalloonTether__bg151__dPPv5v/target_video.mp4,None
unknown_action,/home/nvme03/workspace/lingbot-world/physinone_candidate128_missing77_conditions_81f_20260519_0034/WindPushOppDir_UniformPanelSpin_BalloonLift__bg177__sjF4zd/action.npy,unknown_camera,/home/nvme03/workspace/lingbot-world/physinone_candidate128_missing77_conditions_81f_20260519_0034/WindPushOppDir_UniformPanelSpin_BalloonLift__bg177__sjF4zd/poses.npy,None,None,None,not_physeditworld_source;missing_matched_action_trace_id;missing_matched_camera_policy_id;invalid_gravity_value_for_prompt_condition;video_not_decodable_or_unprobed,None,77g,77.0,None,None,unknown_initial_state,/home/nvme03/workspace/lingbot-world/physinone_candidate128_missing77_conditions_81f_20260519_0034/WindPushOppDir_UniformPanelSpin_BalloonLift__bg177__sjF4zd/intrinsics.npy,None,None,None,A first-person interactive world rollout. The character follows the given action sequence and camera trajectory. The scene is rendered under gravity: 77g.,replay_284e3374417b9122,physedit_65b047cab4266df4,WindPushOppDir_UniformPanelSpin_BalloonLift__bg177__sjF4zd,None,/home/nvme03/workspace/lingbot-world/physinone_candidate128_missing77_conditions_81f_20260519_0034/WindPushOppDir_UniformPanelSpin_BalloonLift__bg177__sjF4zd,MISSING_GRAVITY,False,/home/nvme03/workspace/lingbot-world/physinone_candidate128_missing77_conditions_81f_20260519_0034/WindPushOppDir_UniformPanelSpin_BalloonLift__bg177__sjF4zd/target_video.mp4,None
unknown_action,/home/nvme03/workspace/lingbot-world/physinone_candidate128_missing77_conditions_81f_20260519_0034/MovingHitsMoving_ObliqueProjectile_RollUpSlope__bg156__HQYJPJ/action.npy,unknown_camera,/home/nvme03/workspace/lingbot-world/physinone_candidate128_missing77_conditions_81f_20260519_0034/MovingHitsMoving_ObliqueProjectile_RollUpSlope__bg156__HQYJPJ/poses.npy,None,None,None,not_physeditworld_source;missing_matched_action_trace_id;missing_matched_camera_policy_id;invalid_gravity_value_for_prompt_condition;video_not_decodable_or_unprobed,None,77g,77.0,None,None,unknown_initial_state,/home/nvme03/workspace/lingbot-world/physinone_candidate128_missing77_conditions_81f_20260519_0034/MovingHitsMoving_ObliqueProjectile_RollUpSlope__bg156__HQYJPJ/intrinsics.npy,None,None,None,A first-person interactive world rollout. The character follows the given action sequence and camera trajectory. The scene is rendered under gravity: 77g.,replay_5b51e4b30f87339d,physedit_7091936e6228ffc4,MovingHitsMoving_ObliqueProjectile_RollUpSlope__bg156__HQYJPJ,None,/home/nvme03/workspace/lingbot-world/physinone_candidate128_missing77_conditions_81f_20260519_0034/MovingHitsMoving_ObliqueProjectile_RollUpSlope__bg156__HQYJPJ,MISSING_GRAVITY,False,/home/nvme03/workspace/lingbot-world/physinone_candidate128_missing77_conditions_81f_20260519_0034/MovingHitsMoving_ObliqueProjectile_RollUpSlope__bg156__HQYJPJ/target_video.mp4,None
unknown_action,/home/nvme03/workspace/lingbot-world/physinone_candidate128_missing77_conditions_81f_20260519_0034/VerticalFall_SeesawOffsetPivot_BalloonLift__bg167__EyoV2y/action.npy,unknown_camera,/home/nvme03/workspace/lingbot-world/physinone_candidate128_missing77_conditions_81f_20260519_0034/VerticalFall_SeesawOffsetPivot_BalloonLift__bg167__EyoV2y/poses.npy,None,None,None,not_physeditworld_source;missing_matched_action_trace_id;missing_matched_camera_policy_id;invalid_gravity_value_for_prompt_condition;video_not_decodable_or_unprobed,None,77g,77.0,None,None,unknown_initial_state,/home/nvme03/workspace/lingbot-world/physinone_candidate128_missing77_conditions_81f_20260519_0034/VerticalFall_SeesawOffsetPivot_BalloonLift__bg167__EyoV2y/intrinsics.npy,None,None,None,A first-person interactive world rollout. The character follows the given action sequence and camera trajectory. The scene is rendered under gravity: 77g.,replay_51b741ffd641996b,physedit_9176877b58160d40,VerticalFall_SeesawOffsetPivot_BalloonLift__bg167__EyoV2y,None,/home/nvme03/workspace/lingbot-world/physinone_candidate128_missing77_conditions_81f_20260519_0034/VerticalFall_SeesawOffsetPivot_BalloonLift__bg167__EyoV2y,MISSING_GRAVITY,False,/home/nvme03/workspace/lingbot-world/physinone_candidate128_missing77_conditions_81f_20260519_0034/VerticalFall_SeesawOffsetPivot_BalloonLift__bg167__EyoV2y/target_video.mp4,None
unknown_action,/home/nvme03/workspace/lingbot-world/physinone_candidate128_missing77_conditions_81f_20260519_0034/MovingHitsFixed_RollUpSlope_BalloonFloat__bg157__t5vRxy/action.npy,unknown_camera,/home/nvme03/workspace/lingbot-world/physinone_candidate128_missing77_conditions_81f_20260519_0034/MovingHitsFixed_RollUpSlope_BalloonFloat__bg157__t5vRxy/poses.npy,None,None,None,not_physeditworld_source;missing_matched_action_trace_id;missing_matched_camera_policy_id;invalid_gravity_value_for_prompt_condition;video_not_decodable_or_unprobed,None,77g,77.0,None,None,unknown_initial_state,/home/nvme03/workspace/lingbot-world/physinone_candidate128_missing77_conditions_81f_20260519_0034/MovingHitsFixed_RollUpSlope_BalloonFloat__bg157__t5vRxy/intrinsics.npy,None,None,None,A first-person interactive world rollout. The character follows the given action sequence and camera trajectory. The scene is rendered under gravity: 77g.,replay_c41595d3e83f7595,physedit_6e89369f0c6021c3,MovingHitsFixed_RollUpSlope_BalloonFloat__bg157__t5vRxy,None,/home/nvme03/workspace/lingbot-world/physinone_candidate128_missing77_conditions_81f_20260519_0034/MovingHitsFixed_RollUpSlope_BalloonFloat__bg157__t5vRxy,MISSING_GRAVITY,False,/home/nvme03/workspace/lingbot-world/physinone_candidate128_missing77_conditions_81f_20260519_0034/MovingHitsFixed_RollUpSlope_BalloonFloat__bg157__t5vRxy/target_video.mp4,None
unknown_action,/home/nvme03/workspace/lingbot-world/physinone_candidate128_missing77_conditions_81f_20260519_0034/MovingHitsMoving_ImpactFracture_FixedArrayRedirect__bg177__Cm2UCl/action.npy,unknown_camera,/home/nvme03/workspace/lingbot-world/physinone_candidate128_missing77_conditions_81f_20260519_0034/MovingHitsMoving_ImpactFracture_FixedArrayRedirect__bg177__Cm2UCl/poses.npy,None,None,None,not_physeditworld_source;missing_matched_action_trace_id;missing_matched_camera_policy_id;invalid_gravity_value_for_prompt_condition;video_not_decodable_or_unprobed,None,77g,77.0,None,None,unknown_initial_state,/home/nvme03/workspace/lingbot-world/physinone_candidate128_missing77_conditions_81f_20260519_0034/MovingHitsMoving_ImpactFracture_FixedArrayRedirect__bg177__Cm2UCl/intrinsics.npy,None,None,None,A first-person interactive world rollout. The character follows the given action sequence and camera trajectory. The scene is rendered under gravity: 77g.,replay_796d86b55e362162,physedit_ded3ae9be591e388,MovingHitsMoving_ImpactFracture_FixedArrayRedirect__bg177__Cm2UCl,None,/home/nvme03/workspace/lingbot-world/physinone_candidate128_missing77_conditions_81f_20260519_0034/MovingHitsMoving_ImpactFracture_FixedArrayRedirect__bg177__Cm2UCl,MISSING_GRAVITY,False,/home/nvme03/workspace/lingbot-world/physinone_candidate128_missing77_conditions_81f_20260519_0034/MovingHitsMoving_ImpactFracture_FixedArrayRedirect__bg177__Cm2UCl/target_video.mp4,None
unknown_action,/home/nvme03/workspace/lingbot-world/physinone_candidate128_missing77_conditions_81f_20260519_0034/FrictionStop_SeesawOffsetPivot_BalloonLift__bg156__A8JKS7/action.npy,unknown_camera,/home/nvme03/workspace/lingbot-world/physinone_candidate128_missing77_conditions_81f_20260519_0034/FrictionStop_SeesawOffsetPivot_BalloonLift__bg156__A8JKS7/poses.npy,None,None,None,not_physeditworld_source;missing_matched_action_trace_id;missing_matched_camera_policy_id;invalid_gravity_value_for_prompt_condition;video_not_decodable_or_unprobed,None,77g,77.0,None,None,unknown_initial_state,/home/nvme03/workspace/lingbot-world/physinone_candidate128_missing77_conditions_81f_20260519_0034/FrictionStop_SeesawOffsetPivot_BalloonLift__bg156__A8JKS7/intrinsics.npy,None,None,None,A first-person interactive world rollout. The character follows the given action sequence and camera trajectory. The scene is rendered under gravity: 77g.,replay_0f2420ebfa6198ea,physedit_3fef6d6e22059413,FrictionStop_SeesawOffsetPivot_BalloonLift__bg156__A8JKS7,None,/home/nvme03/workspace/lingbot-world/physinone_candidate128_missing77_conditions_81f_20260519_0034/FrictionStop_SeesawOffsetPivot_BalloonLift__bg156__A8JKS7,MISSING_GRAVITY,False,/home/nvme03/workspace/lingbot-world/physinone_candidate128_missing77_conditions_81f_20260519_0034/FrictionStop_SeesawOffsetPivot_BalloonLift__bg156__A8JKS7/target_video.mp4,None
unknown_action,/home/nvme03/workspace/lingbot-world/physinone_candidate128_missing77_conditions_81f_20260519_0034/MovingHitsStationary_RollDownSlope_FixedPlanarRedirect__bg177__zICS1p/action.npy,unknown_camera,/home/nvme03/workspace/lingbot-world/physinone_candidate128_missing77_conditions_81f_20260519_0034/MovingHitsStationary_RollDownSlope_FixedPlanarRedirect__bg177__zICS1p/poses.npy,None,None,None,not_physeditworld_source;missing_matched_action_trace_id;missing_matched_camera_policy_id;invalid_gravity_value_for_prompt_condition;video_not_decodable_or_unprobed,None,77g,77.0,None,None,unknown_initial_state,/home/nvme03/workspace/lingbot-world/physinone_candidate128_missing77_conditions_81f_20260519_0034/MovingHitsStationary_RollDownSlope_FixedPlanarRedirect__bg177__zICS1p/intrinsics.npy,None,None,None,A first-person interactive world rollout. The character follows the given action sequence and camera trajectory. The scene is rendered under gravity: 77g.,replay_affad2a618231ba5,physedit_6aa161aab3cde958,MovingHitsStationary_RollDownSlope_FixedPlanarRedirect__bg177__zICS1p,None,/home/nvme03/workspace/lingbot-world/physinone_candidate128_missing77_conditions_81f_20260519_0034/MovingHitsStationary_RollDownSlope_FixedPlanarRedirect__bg177__zICS1p,MISSING_GRAVITY,False,/home/nvme03/workspace/lingbot-world/physinone_candidate128_missing77_conditions_81f_20260519_0034/MovingHitsStationary_RollDownSlope_FixedPlanarRedirect__bg177__zICS1p/target_video.mp4,None
unknown_action,/home/nvme03/workspace/lingbot-world/physinone_candidate128_missing77_conditions_81f_20260519_0034/FrictionStop_BalloonLift_ChainSuspend__bg167__QWmx92/action.npy,unknown_camera,/home/nvme03/workspace/lingbot-world/physinone_candidate128_missing77_conditions_81f_20260519_0034/FrictionStop_BalloonLift_ChainSuspend__bg167__QWmx92/poses.npy,None,None,None,not_physeditworld_source;missing_matched_action_trace_id;missing_matched_camera_policy_id;invalid_gravity_value_for_prompt_condition;video_not_decodable_or_unprobed,None,77g,77.0,None,None,unknown_initial_state,/home/nvme03/workspace/lingbot-world/physinone_candidate128_missing77_conditions_81f_20260519_0034/FrictionStop_BalloonLift_ChainSuspend__bg167__QWmx92/intrinsics.npy,None,None,None,A first-person interactive world rollout. The character follows the given action sequence and camera trajectory. The scene is rendered under gravity: 77g.,replay_76ec78238d12141a,physedit_eff319e193219192,FrictionStop_BalloonLift_ChainSuspend__bg167__QWmx92,None,/home/nvme03/workspace/lingbot-world/physinone_candidate128_missing77_conditions_81f_20260519_0034/FrictionStop_BalloonLift_ChainSuspend__bg167__QWmx92,MISSING_GRAVITY,False,/home/nvme03/workspace/lingbot-world/physinone_candidate128_missing77_conditions_81f_20260519_0034/FrictionStop_BalloonLift_ChainSuspend__bg167__QWmx92/target_video.mp4,None
unknown_action,/home/nvme03/workspace/lingbot-world/physinone_candidate128_missing77_conditions_81f_20260519_0034/WindPushStationary_WindDeflectMotion_RollDownSlope__bg178__U5mgEm/action.npy,unknown_camera,/home/nvme03/workspace/lingbot-world/physinone_candidate128_missing77_conditions_81f_20260519_0034/WindPushStationary_WindDeflectMotion_RollDownSlope__bg178__U5mgEm/poses.npy,None,None,None,not_physeditworld_source;missing_matched_action_trace_id;missing_matched_camera_policy_id;invalid_gravity_value_for_prompt_condition;video_not_decodable_or_unprobed,None,77g,77.0,None,None,unknown_initial_state,/home/nvme03/workspace/lingbot-world/physinone_candidate128_missing77_conditions_81f_20260519_0034/WindPushStationary_WindDeflectMotion_RollDownSlope__bg178__U5mgEm/intrinsics.npy,None,None,None,A first-person interactive world rollout. The character follows the given action sequence and camera trajectory. The scene is rendered under gravity: 77g.,replay_1e1ca3e358f931ee,physedit_0983ca99877531d9,WindPushStationary_WindDeflectMotion_RollDownSlope__bg178__U5mgEm,None,/home/nvme03/workspace/lingbot-world/physinone_candidate128_missing77_conditions_81f_20260519_0034/WindPushStationary_WindDeflectMotion_RollDownSlope__bg178__U5mgEm,MISSING_GRAVITY,False,/home/nvme03/workspace/lingbot-world/physinone_candidate128_missing77_conditions_81f_20260519_0034/WindPushStationary_WindDeflectMotion_RollDownSlope__bg178__U5mgEm/target_video.mp4,None
unknown_action,/home/nvme03/workspace/lingbot-world/physinone_candidate128_missing77_conditions_81f_20260519_0034/WindPushSameDir_WindDeflectMotion_FixedConvexRedirect__bg161__mDNCMM/action.npy,unknown_camera,/home/nvme03/workspace/lingbot-world/physinone_candidate128_missing77_conditions_81f_20260519_0034/WindPushSameDir_WindDeflectMotion_FixedConvexRedirect__bg161__mDNCMM/poses.npy,None,None,None,not_physeditworld_source;missing_matched_action_trace_id;missing_matched_camera_policy_id;invalid_gravity_value_for_prompt_condition;video_not_decodable_or_unprobed,None,77g,77.0,None,None,unknown_initial_state,/home/nvme03/workspace/lingbot-world/physinone_candidate128_missing77_conditions_81f_20260519_0034/WindPushSameDir_WindDeflectMotion_FixedConvexRedirect__bg161__mDNCMM/intrinsics.npy,None,None,None,A first-person interactive world rollout. The character follows the given action sequence and camera trajectory. The scene is rendered under gravity: 77g.,replay_4179eaeba3fe473d,physedit_0bcbfcea62c23800,WindPushSameDir_WindDeflectMotion_FixedConvexRedirect__bg161__mDNCMM,None,/home/nvme03/workspace/lingbot-world/physinone_candidate128_missing77_conditions_81f_20260519_0034/WindPushSameDir_WindDeflectMotion_FixedConvexRedirect__bg161__mDNCMM,MISSING_GRAVITY,False,/home/nvme03/workspace/lingbot-world/physinone_candidate128_missing77_conditions_81f_20260519_0034/WindPushSameDir_WindDeflectMotion_FixedConvexRedirect__bg161__mDNCMM/target_video.mp4,None
unknown_action,/home/nvme03/workspace/lingbot-world/physinone_candidate128_missing77_conditions_81f_20260519_0034/MovingHitsStationary_ObliqueProjectile_AccelConcaveSpin__bg180__tHatUK/action.npy,unknown_camera,/home/nvme03/workspace/lingbot-world/physinone_candidate128_missing77_conditions_81f_20260519_0034/MovingHitsStationary_ObliqueProjectile_AccelConcaveSpin__bg180__tHatUK/poses.npy,None,None,None,not_physeditworld_source;missing_matched_action_trace_id;missing_matched_camera_policy_id;invalid_gravity_value_for_prompt_condition;video_not_decodable_or_unprobed,None,77g,77.0,None,None,unknown_initial_state,/home/nvme03/workspace/lingbot-world/physinone_candidate128_missing77_conditions_81f_20260519_0034/MovingHitsStationary_ObliqueProjectile_AccelConcaveSpin__bg180__tHatUK/intrinsics.npy,None,None,None,A first-person interactive world rollout. The character follows the given action sequence and camera trajectory. The scene is rendered under gravity: 77g.,replay_0aee3b21cfec3625,physedit_e50bed2e40a53a4b,MovingHitsStationary_ObliqueProjectile_AccelConcaveSpin__bg180__tHatUK,None,/home/nvme03/workspace/lingbot-world/physinone_candidate128_missing77_conditions_81f_20260519_0034/MovingHitsStationary_ObliqueProjectile_AccelConcaveSpin__bg180__tHatUK,MISSING_GRAVITY,False,/home/nvme03/workspace/lingbot-world/physinone_candidate128_missing77_conditions_81f_20260519_0034/MovingHitsStationary_ObliqueProjectile_AccelConcaveSpin__bg180__tHatUK/target_video.mp4,None
unknown_action,/home/nvme03/workspace/lingbot-world/physinone_candidate128_missing77_conditions_81f_20260519_0034/VerticalFall_RollUpSlope_UniformSurfaceSpin__bg156__FGs3ZY/action.npy,unknown_camera,/home/nvme03/workspace/lingbot-world/physinone_candidate128_missing77_conditions_81f_20260519_0034/VerticalFall_RollUpSlope_UniformSurfaceSpin__bg156__FGs3ZY/poses.npy,None,None,None,not_physeditworld_source;missing_matched_action_trace_id;missing_matched_camera_policy_id;invalid_gravity_value_for_prompt_condition;video_not_decodable_or_unprobed,None,77g,77.0,None,None,unknown_initial_state,/home/nvme03/workspace/lingbot-world/physinone_candidate128_missing77_conditions_81f_20260519_0034/VerticalFall_RollUpSlope_UniformSurfaceSpin__bg156__FGs3ZY/intrinsics.npy,None,None,None,A first-person interactive world rollout. The character follows the given action sequence and camera trajectory. The scene is rendered under gravity: 77g.,replay_b4e0d37a9451173b,physedit_7ecb7a939f17fd10,VerticalFall_RollUpSlope_UniformSurfaceSpin__bg156__FGs3ZY,None,/home/nvme03/workspace/lingbot-world/physinone_candidate128_missing77_conditions_81f_20260519_0034/VerticalFall_RollUpSlope_UniformSurfaceSpin__bg156__FGs3ZY,MISSING_GRAVITY,False,/home/nvme03/workspace/lingbot-world/physinone_candidate128_missing77_conditions_81f_20260519_0034/VerticalFall_RollUpSlope_UniformSurfaceSpin__bg156__FGs3ZY/target_video.mp4,None
unknown_action,/home/nvme03/workspace/lingbot-world/physinone_candidate128_missing77_conditions_81f_20260519_0034/ObliqueProjectile_RollDownSlope_CrankPush__bg177__hRUwKI/action.npy,unknown_camera,/home/nvme03/workspace/lingbot-world/physinone_candidate128_missing77_conditions_81f_20260519_0034/ObliqueProjectile_RollDownSlope_CrankPush__bg177__hRUwKI/poses.npy,None,None,None,not_physeditworld_source;missing_matched_action_trace_id;missing_matched_camera_policy_id;invalid_gravity_value_for_prompt_condition;video_not_decodable_or_unprobed,None,77g,77.0,None,None,unknown_initial_state,/home/nvme03/workspace/lingbot-world/physinone_candidate128_missing77_conditions_81f_20260519_0034/ObliqueProjectile_RollDownSlope_CrankPush__bg177__hRUwKI/intrinsics.npy,None,None,None,A first-person interactive world rollout. The character follows the given action sequence and camera trajectory. The scene is rendered under gravity: 77g.,replay_ee284456c3bcf48c,physedit_b5fdee6cfb642d2c,ObliqueProjectile_RollDownSlope_CrankPush__bg177__hRUwKI,None,/home/nvme03/workspace/lingbot-world/physinone_candidate128_missing77_conditions_81f_20260519_0034/ObliqueProjectile_RollDownSlope_CrankPush__bg177__hRUwKI,MISSING_GRAVITY,False,/home/nvme03/workspace/lingbot-world/physinone_candidate128_missing77_conditions_81f_20260519_0034/ObliqueProjectile_RollDownSlope_CrankPush__bg177__hRUwKI/target_video.mp4,None
unknown_action,/home/nvme03/workspace/lingbot-world/physinone_candidate128_missing77_conditions_81f_20260519_0034/MovingHitsFixed_MovingHitsMoving_FrictionStop__bg172__RHYarG/action.npy,unknown_camera,/home/nvme03/workspace/lingbot-world/physinone_candidate128_missing77_conditions_81f_20260519_0034/MovingHitsFixed_MovingHitsMoving_FrictionStop__bg172__RHYarG/poses.npy,None,None,None,not_physeditworld_source;missing_matched_action_trace_id;missing_matched_camera_policy_id;invalid_gravity_value_for_prompt_condition;video_not_decodable_or_unprobed,None,77g,77.0,None,None,unknown_initial_state,/home/nvme03/workspace/lingbot-world/physinone_candidate128_missing77_conditions_81f_20260519_0034/MovingHitsFixed_MovingHitsMoving_FrictionStop__bg172__RHYarG/intrinsics.npy,None,None,None,A first-person interactive world rollout. The character follows the given action sequence and camera trajectory. The scene is rendered under gravity: 77g.,replay_bef61235305fa318,physedit_35b32b904cb650fd,MovingHitsFixed_MovingHitsMoving_FrictionStop__bg172__RHYarG,None,/home/nvme03/workspace/lingbot-world/physinone_candidate128_missing77_conditions_81f_20260519_0034/MovingHitsFixed_MovingHitsMoving_FrictionStop__bg172__RHYarG,MISSING_GRAVITY,False,/home/nvme03/workspace/lingbot-world/physinone_candidate128_missing77_conditions_81f_20260519_0034/MovingHitsFixed_MovingHitsMoving_FrictionStop__bg172__RHYarG/target_video.mp4,None
unknown_action,/home/nvme03/workspace/lingbot-world/physinone_candidate128_missing77_conditions_81f_20260519_0034/MovingHitsStationary_MovingHitsMoving_RollDownSlope__bg182__8f63Cw/action.npy,unknown_camera,/home/nvme03/workspace/lingbot-world/physinone_candidate128_missing77_conditions_81f_20260519_0034/MovingHitsStationary_MovingHitsMoving_RollDownSlope__bg182__8f63Cw/poses.npy,None,None,None,not_physeditworld_source;missing_matched_action_trace_id;missing_matched_camera_policy_id;invalid_gravity_value_for_prompt_condition;video_not_decodable_or_unprobed,None,77g,77.0,None,None,unknown_initial_state,/home/nvme03/workspace/lingbot-world/physinone_candidate128_missing77_conditions_81f_20260519_0034/MovingHitsStationary_MovingHitsMoving_RollDownSlope__bg182__8f63Cw/intrinsics.npy,None,None,None,A first-person interactive world rollout. The character follows the given action sequence and camera trajectory. The scene is rendered under gravity: 77g.,replay_032c0f08763acfa6,physedit_4b33a1dc2ef30210,MovingHitsStationary_MovingHitsMoving_RollDownSlope__bg182__8f63Cw,None,/home/nvme03/workspace/lingbot-world/physinone_candidate128_missing77_conditions_81f_20260519_0034/MovingHitsStationary_MovingHitsMoving_RollDownSlope__bg182__8f63Cw,MISSING_GRAVITY,False,/home/nvme03/workspace/lingbot-world/physinone_candidate128_missing77_conditions_81f_20260519_0034/MovingHitsStationary_MovingHitsMoving_RollDownSlope__bg182__8f63Cw/target_video.mp4,None
unknown_action,/home/nvme03/workspace/lingbot-world/physinone_candidate128_missing77_conditions_81f_20260519_0034/WindPushSameDir_WindDeflectMotion_ChainSuspend__bg187__mAFFEx/action.npy,unknown_camera,/home/nvme03/workspace/lingbot-world/physinone_candidate128_missing77_conditions_81f_20260519_0034/WindPushSameDir_WindDeflectMotion_ChainSuspend__bg187__mAFFEx/poses.npy,None,None,None,not_physeditworld_source;missing_matched_action_trace_id;missing_matched_camera_policy_id;invalid_gravity_value_for_prompt_condition;video_not_decodable_or_unprobed,None,77g,77.0,None,None,unknown_initial_state,/home/nvme03/workspace/lingbot-world/physinone_candidate128_missing77_conditions_81f_20260519_0034/WindPushSameDir_WindDeflectMotion_ChainSuspend__bg187__mAFFEx/intrinsics.npy,None,None,None,A first-person interactive world rollout. The character follows the given action sequence and camera trajectory. The scene is rendered under gravity: 77g.,replay_56d5dcdbdb7495fe,physedit_aae83b858d116807,WindPushSameDir_WindDeflectMotion_ChainSuspend__bg187__mAFFEx,None,/home/nvme03/workspace/lingbot-world/physinone_candidate128_missing77_conditions_81f_20260519_0034/WindPushSameDir_WindDeflectMotion_ChainSuspend__bg187__mAFFEx,MISSING_GRAVITY,False,/home/nvme03/workspace/lingbot-world/physinone_candidate128_missing77_conditions_81f_20260519_0034/WindPushSameDir_WindDeflectMotion_ChainSuspend__bg187__mAFFEx/target_video.mp4,None
unknown_action,/home/nvme03/workspace/lingbot-world/physinone_candidate128_missing77_conditions_81f_20260519_0034/MovingHitsStationary_RollDownSlope_RotBoardInertia__bg167__24acKV/action.npy,unknown_camera,/home/nvme03/workspace/lingbot-world/physinone_candidate128_missing77_conditions_81f_20260519_0034/MovingHitsStationary_RollDownSlope_RotBoardInertia__bg167__24acKV/poses.npy,None,None,None,not_physeditworld_source;missing_matched_action_trace_id;missing_matched_camera_policy_id;invalid_gravity_value_for_prompt_condition;video_not_decodable_or_unprobed,None,77g,77.0,None,None,unknown_initial_state,/home/nvme03/workspace/lingbot-world/physinone_candidate128_missing77_conditions_81f_20260519_0034/MovingHitsStationary_RollDownSlope_RotBoardInertia__bg167__24acKV/intrinsics.npy,None,None,None,A first-person interactive world rollout. The character follows the given action sequence and camera trajectory. The scene is rendered under gravity: 77g.,replay_56241ca7649b5fa7,physedit_80c085d78c3601c7,MovingHitsStationary_RollDownSlope_RotBoardInertia__bg167__24acKV,None,/home/nvme03/workspace/lingbot-world/physinone_candidate128_missing77_conditions_81f_20260519_0034/MovingHitsStationary_RollDownSlope_RotBoardInertia__bg167__24acKV,MISSING_GRAVITY,False,/home/nvme03/workspace/lingbot-world/physinone_candidate128_missing77_conditions_81f_20260519_0034/MovingHitsStationary_RollDownSlope_RotBoardInertia__bg167__24acKV/target_video.mp4,None
unknown_action,/home/nvme03/workspace/lingbot-world/physinone_candidate128_missing77_conditions_81f_20260519_0034/ImpactFracture_BalloonTether_CrankPush__bg156__FApQAd/action.npy,unknown_camera,/home/nvme03/workspace/lingbot-world/physinone_candidate128_missing77_conditions_81f_20260519_0034/ImpactFracture_BalloonTether_CrankPush__bg156__FApQAd/poses.npy,None,None,None,not_physeditworld_source;missing_matched_action_trace_id;missing_matched_camera_policy_id;invalid_gravity_value_for_prompt_condition;video_not_decodable_or_unprobed,None,77g,77.0,None,None,unknown_initial_state,/home/nvme03/workspace/lingbot-world/physinone_candidate128_missing77_conditions_81f_20260519_0034/ImpactFracture_BalloonTether_CrankPush__bg156__FApQAd/intrinsics.npy,None,None,None,A first-person interactive world rollout. The character follows the given action sequence and camera trajectory. The scene is rendered under gravity: 77g.,replay_58a876f4a3f09d79,physedit_22bd9c4ac4858e74,ImpactFracture_BalloonTether_CrankPush__bg156__FApQAd,None,/home/nvme03/workspace/lingbot-world/physinone_candidate128_missing77_conditions_81f_20260519_0034/ImpactFracture_BalloonTether_CrankPush__bg156__FApQAd,MISSING_GRAVITY,False,/home/nvme03/workspace/lingbot-world/physinone_candidate128_missing77_conditions_81f_20260519_0034/ImpactFracture_BalloonTether_CrankPush__bg156__FApQAd/target_video.mp4,None
unknown_action,/home/nvme03/workspace/lingbot-world/physinone_candidate128_missing77_conditions_81f_20260519_0034/WindPushSameDir_UniformConcaveSpin_BalloonFloat__bg167__cU96PK/action.npy,unknown_camera,/home/nvme03/workspace/lingbot-world/physinone_candidate128_missing77_conditions_81f_20260519_0034/WindPushSameDir_UniformConcaveSpin_BalloonFloat__bg167__cU96PK/poses.npy,None,None,None,not_physeditworld_source;missing_matched_action_trace_id;missing_matched_camera_policy_id;invalid_gravity_value_for_prompt_condition;video_not_decodable_or_unprobed,None,77g,77.0,None,None,unknown_initial_state,/home/nvme03/workspace/lingbot-world/physinone_candidate128_missing77_conditions_81f_20260519_0034/WindPushSameDir_UniformConcaveSpin_BalloonFloat__bg167__cU96PK/intrinsics.npy,None,None,None,A first-person interactive world rollout. The character follows the given action sequence and camera trajectory. The scene is rendered under gravity: 77g.,replay_afa476f2caf1816c,physedit_21374679c8186b44,WindPushSameDir_UniformConcaveSpin_BalloonFloat__bg167__cU96PK,None,/home/nvme03/workspace/lingbot-world/physinone_candidate128_missing77_conditions_81f_20260519_0034/WindPushSameDir_UniformConcaveSpin_BalloonFloat__bg167__cU96PK,MISSING_GRAVITY,False,/home/nvme03/workspace/lingbot-world/physinone_candidate128_missing77_conditions_81f_20260519_0034/WindPushSameDir_UniformConcaveSpin_BalloonFloat__bg167__cU96PK/target_video.mp4,None
unknown_action,/home/nvme03/workspace/lingbot-world/physinone_candidate128_missing77_conditions_81f_20260519_0034/ImpactFracture_ElasticCouple_BalloonTether__bg151__7acoWu/action.npy,unknown_camera,/home/nvme03/workspace/lingbot-world/physinone_candidate128_missing77_conditions_81f_20260519_0034/ImpactFracture_ElasticCouple_BalloonTether__bg151__7acoWu/poses.npy,None,None,None,not_physeditworld_source;missing_matched_action_trace_id;missing_matched_camera_policy_id;invalid_gravity_value_for_prompt_condition;video_not_decodable_or_unprobed,None,77g,77.0,None,None,unknown_initial_state,/home/nvme03/workspace/lingbot-world/physinone_candidate128_missing77_conditions_81f_20260519_0034/ImpactFracture_ElasticCouple_BalloonTether__bg151__7acoWu/intrinsics.npy,None,None,None,A first-person interactive world rollout. The character follows the given action sequence and camera trajectory. The scene is rendered under gravity: 77g.,replay_eafef593264b230b,physedit_8253e33e45599205,ImpactFracture_ElasticCouple_BalloonTether__bg151__7acoWu,None,/home/nvme03/workspace/lingbot-world/physinone_candidate128_missing77_conditions_81f_20260519_0034/ImpactFracture_ElasticCouple_BalloonTether__bg151__7acoWu,MISSING_GRAVITY,False,/home/nvme03/workspace/lingbot-world/physinone_candidate128_missing77_conditions_81f_20260519_0034/ImpactFracture_ElasticCouple_BalloonTether__bg151__7acoWu/target_video.mp4,None
unknown_action,/home/nvme03/workspace/lingbot-world/physinone_candidate128_missing77_conditions_81f_20260519_0034/WindPushStationary_WindPushOppDir_VerticalFall__bg151__WgQYLa/action.npy,unknown_camera,/home/nvme03/workspace/lingbot-world/physinone_candidate128_missing77_conditions_81f_20260519_0034/WindPushStationary_WindPushOppDir_VerticalFall__bg151__WgQYLa/poses.npy,None,None,None,not_physeditworld_source;missing_matched_action_trace_id;missing_matched_camera_policy_id;invalid_gravity_value_for_prompt_condition;video_not_decodable_or_unprobed,None,77g,77.0,None,None,unknown_initial_state,/home/nvme03/workspace/lingbot-world/physinone_candidate128_missing77_conditions_81f_20260519_0034/WindPushStationary_WindPushOppDir_VerticalFall__bg151__WgQYLa/intrinsics.npy,None,None,None,A first-person interactive world rollout. The character follows the given action sequence and camera trajectory. The scene is rendered under gravity: 77g.,replay_21418a199f5247fd,physedit_70e0532289eead4c,WindPushStationary_WindPushOppDir_VerticalFall__bg151__WgQYLa,None,/home/nvme03/workspace/lingbot-world/physinone_candidate128_missing77_conditions_81f_20260519_0034/WindPushStationary_WindPushOppDir_VerticalFall__bg151__WgQYLa,MISSING_GRAVITY,False,/home/nvme03/workspace/lingbot-world/physinone_candidate128_missing77_conditions_81f_20260519_0034/WindPushStationary_WindPushOppDir_VerticalFall__bg151__WgQYLa/target_video.mp4,None
unknown_action,/home/nvme03/workspace/lingbot-world/physinone_candidate128_missing77_conditions_81f_20260519_0034/MovingHitsStationary_RollDownSlope_CatapultLaunch__bg172__YyYGra/action.npy,unknown_camera,/home/nvme03/workspace/lingbot-world/physinone_candidate128_missing77_conditions_81f_20260519_0034/MovingHitsStationary_RollDownSlope_CatapultLaunch__bg172__YyYGra/poses.npy,None,None,None,not_physeditworld_source;missing_matched_action_trace_id;missing_matched_camera_policy_id;invalid_gravity_value_for_prompt_condition;video_not_decodable_or_unprobed,None,77g,77.0,None,None,unknown_initial_state,/home/nvme03/workspace/lingbot-world/physinone_candidate128_missing77_conditions_81f_20260519_0034/MovingHitsStationary_RollDownSlope_CatapultLaunch__bg172__YyYGra/intrinsics.npy,None,None,None,A first-person interactive world rollout. The character follows the given action sequence and camera trajectory. The scene is rendered under gravity: 77g.,replay_8cf33e4735735520,physedit_4bcbc4caf588a70a,MovingHitsStationary_RollDownSlope_CatapultLaunch__bg172__YyYGra,None,/home/nvme03/workspace/lingbot-world/physinone_candidate128_missing77_conditions_81f_20260519_0034/MovingHitsStationary_RollDownSlope_CatapultLaunch__bg172__YyYGra,MISSING_GRAVITY,False,/home/nvme03/workspace/lingbot-world/physinone_candidate128_missing77_conditions_81f_20260519_0034/MovingHitsStationary_RollDownSlope_CatapultLaunch__bg172__YyYGra/target_video.mp4,None
unknown_action,/home/nvme03/workspace/lingbot-world/physinone_candidate128_missing77_conditions_81f_20260519_0034/WindPushSameDir_WindPushOppDir_UniformSurfaceSpin__bg151__Rwm0Lq/action.npy,unknown_camera,/home/nvme03/workspace/lingbot-world/physinone_candidate128_missing77_conditions_81f_20260519_0034/WindPushSameDir_WindPushOppDir_UniformSurfaceSpin__bg151__Rwm0Lq/poses.npy,None,None,None,not_physeditworld_source;missing_matched_action_trace_id;missing_matched_camera_policy_id;invalid_gravity_value_for_prompt_condition;video_not_decodable_or_unprobed,None,77g,77.0,None,None,unknown_initial_state,/home/nvme03/workspace/lingbot-world/physinone_candidate128_missing77_conditions_81f_20260519_0034/WindPushSameDir_WindPushOppDir_UniformSurfaceSpin__bg151__Rwm0Lq/intrinsics.npy,None,None,None,A first-person interactive world rollout. The character follows the given action sequence and camera trajectory. The scene is rendered under gravity: 77g.,replay_e3d29aa81c39b751,physedit_da60b7c23eff106f,WindPushSameDir_WindPushOppDir_UniformSurfaceSpin__bg151__Rwm0Lq,None,/home/nvme03/workspace/lingbot-world/physinone_candidate128_missing77_conditions_81f_20260519_0034/WindPushSameDir_WindPushOppDir_UniformSurfaceSpin__bg151__Rwm0Lq,MISSING_GRAVITY,False,/home/nvme03/workspace/lingbot-world/physinone_candidate128_missing77_conditions_81f_20260519_0034/WindPushSameDir_WindPushOppDir_UniformSurfaceSpin__bg151__Rwm0Lq/target_video.mp4,None
unknown_action,/home/nvme03/workspace/lingbot-world/physinone_candidate128_missing77_conditions_81f_20260519_0034/AccelPanelSpin_BalloonFloat_BalloonTether__bg162__svs3C7/action.npy,unknown_camera,/home/nvme03/workspace/lingbot-world/physinone_candidate128_missing77_conditions_81f_20260519_0034/AccelPanelSpin_BalloonFloat_BalloonTether__bg162__svs3C7/poses.npy,None,None,None,not_physeditworld_source;missing_matched_action_trace_id;missing_matched_camera_policy_id;invalid_gravity_value_for_prompt_condition;video_not_decodable_or_unprobed,None,77g,77.0,None,None,unknown_initial_state,/home/nvme03/workspace/lingbot-world/physinone_candidate128_missing77_conditions_81f_20260519_0034/AccelPanelSpin_BalloonFloat_BalloonTether__bg162__svs3C7/intrinsics.npy,None,None,None,A first-person interactive world rollout. The character follows the given action sequence and camera trajectory. The scene is rendered under gravity: 77g.,replay_f49cdf1fc618f9d4,physedit_9a7c70f516372651,AccelPanelSpin_BalloonFloat_BalloonTether__bg162__svs3C7,None,/home/nvme03/workspace/lingbot-world/physinone_candidate128_missing77_conditions_81f_20260519_0034/AccelPanelSpin_BalloonFloat_BalloonTether__bg162__svs3C7,MISSING_GRAVITY,False,/home/nvme03/workspace/lingbot-world/physinone_candidate128_missing77_conditions_81f_20260519_0034/AccelPanelSpin_BalloonFloat_BalloonTether__bg162__svs3C7/target_video.mp4,None
unknown_action,/home/nvme03/workspace/lingbot-world/physinone_candidate128_missing77_conditions_81f_20260519_0034/MovingHitsStationary_MovingHitsMoving_RollDownSlope__bg177__66efPp/action.npy,unknown_camera,/home/nvme03/workspace/lingbot-world/physinone_candidate128_missing77_conditions_81f_20260519_0034/MovingHitsStationary_MovingHitsMoving_RollDownSlope__bg177__66efPp/poses.npy,None,None,None,not_physeditworld_source;missing_matched_action_trace_id;missing_matched_camera_policy_id;invalid_gravity_value_for_prompt_condition;video_not_decodable_or_unprobed,None,77g,77.0,None,None,unknown_initial_state,/home/nvme03/workspace/lingbot-world/physinone_candidate128_missing77_conditions_81f_20260519_0034/MovingHitsStationary_MovingHitsMoving_RollDownSlope__bg177__66efPp/intrinsics.npy,None,None,None,A first-person interactive world rollout. The character follows the given action sequence and camera trajectory. The scene is rendered under gravity: 77g.,replay_a387e7d377cd5c53,physedit_7e0261cea8daf12c,MovingHitsStationary_MovingHitsMoving_RollDownSlope__bg177__66efPp,None,/home/nvme03/workspace/lingbot-world/physinone_candidate128_missing77_conditions_81f_20260519_0034/MovingHitsStationary_MovingHitsMoving_RollDownSlope__bg177__66efPp,MISSING_GRAVITY,False,/home/nvme03/workspace/lingbot-world/physinone_candidate128_missing77_conditions_81f_20260519_0034/MovingHitsStationary_MovingHitsMoving_RollDownSlope__bg177__66efPp/target_video.mp4,None
unknown_action,/home/nvme03/workspace/lingbot-world/physinone_candidate128_missing77_conditions_81f_20260519_0034/WindPushSameDir_WindPushOppDir_VerticalFall__bg177__z1tzEa/action.npy,unknown_camera,/home/nvme03/workspace/lingbot-world/physinone_candidate128_missing77_conditions_81f_20260519_0034/WindPushSameDir_WindPushOppDir_VerticalFall__bg177__z1tzEa/poses.npy,None,None,None,not_physeditworld_source;missing_matched_action_trace_id;missing_matched_camera_policy_id;invalid_gravity_value_for_prompt_condition;video_not_decodable_or_unprobed,None,77g,77.0,None,None,unknown_initial_state,/home/nvme03/workspace/lingbot-world/physinone_candidate128_missing77_conditions_81f_20260519_0034/WindPushSameDir_WindPushOppDir_VerticalFall__bg177__z1tzEa/intrinsics.npy,None,None,None,A first-person interactive world rollout. The character follows the given action sequence and camera trajectory. The scene is rendered under gravity: 77g.,replay_726db8cec00314b6,physedit_96dca5d2ea429d3c,WindPushSameDir_WindPushOppDir_VerticalFall__bg177__z1tzEa,None,/home/nvme03/workspace/lingbot-world/physinone_candidate128_missing77_conditions_81f_20260519_0034/WindPushSameDir_WindPushOppDir_VerticalFall__bg177__z1tzEa,MISSING_GRAVITY,False,/home/nvme03/workspace/lingbot-world/physinone_candidate128_missing77_conditions_81f_20260519_0034/WindPushSameDir_WindPushOppDir_VerticalFall__bg177__z1tzEa/target_video.mp4,None
unknown_action,/home/nvme03/workspace/lingbot-world/physinone_candidate128_missing77_conditions_81f_20260519_0034/MovingHitsFixed_ObliqueProjectile_ImpactFracture__bg156__WMLTdQ/action.npy,unknown_camera,/home/nvme03/workspace/lingbot-world/physinone_candidate128_missing77_conditions_81f_20260519_0034/MovingHitsFixed_ObliqueProjectile_ImpactFracture__bg156__WMLTdQ/poses.npy,None,None,None,not_physeditworld_source;missing_matched_action_trace_id;missing_matched_camera_policy_id;invalid_gravity_value_for_prompt_condition;video_not_decodable_or_unprobed,None,77g,77.0,None,None,unknown_initial_state,/home/nvme03/workspace/lingbot-world/physinone_candidate128_missing77_conditions_81f_20260519_0034/MovingHitsFixed_ObliqueProjectile_ImpactFracture__bg156__WMLTdQ/intrinsics.npy,None,None,None,A first-person interactive world rollout. The character follows the given action sequence and camera trajectory. The scene is rendered under gravity: 77g.,replay_203357ee130c4b2e,physedit_1335057cdd887e84,MovingHitsFixed_ObliqueProjectile_ImpactFracture__bg156__WMLTdQ,None,/home/nvme03/workspace/lingbot-world/physinone_candidate128_missing77_conditions_81f_20260519_0034/MovingHitsFixed_ObliqueProjectile_ImpactFracture__bg156__WMLTdQ,MISSING_GRAVITY,False,/home/nvme03/workspace/lingbot-world/physinone_candidate128_missing77_conditions_81f_20260519_0034/MovingHitsFixed_ObliqueProjectile_ImpactFracture__bg156__WMLTdQ/target_video.mp4,None
unknown_action,/home/nvme03/workspace/lingbot-world/physinone_candidate128_missing77_conditions_81f_20260519_0034/WindPushOppDir_WindDeflectMotion_AccelSurfaceSpin__bg156__rfTwrm/action.npy,unknown_camera,/home/nvme03/workspace/lingbot-world/physinone_candidate128_missing77_conditions_81f_20260519_0034/WindPushOppDir_WindDeflectMotion_AccelSurfaceSpin__bg156__rfTwrm/poses.npy,None,None,None,not_physeditworld_source;missing_matched_action_trace_id;missing_matched_camera_policy_id;invalid_gravity_value_for_prompt_condition;video_not_decodable_or_unprobed,None,77g,77.0,None,None,unknown_initial_state,/home/nvme03/workspace/lingbot-world/physinone_candidate128_missing77_conditions_81f_20260519_0034/WindPushOppDir_WindDeflectMotion_AccelSurfaceSpin__bg156__rfTwrm/intrinsics.npy,None,None,None,A first-person interactive world rollout. The character follows the given action sequence and camera trajectory. The scene is rendered under gravity: 77g.,replay_c8ac7caf361dc78d,physedit_acc912d01f7eb2ea,WindPushOppDir_WindDeflectMotion_AccelSurfaceSpin__bg156__rfTwrm,None,/home/nvme03/workspace/lingbot-world/physinone_candidate128_missing77_conditions_81f_20260519_0034/WindPushOppDir_WindDeflectMotion_AccelSurfaceSpin__bg156__rfTwrm,MISSING_GRAVITY,False,/home/nvme03/workspace/lingbot-world/physinone_candidate128_missing77_conditions_81f_20260519_0034/WindPushOppDir_WindDeflectMotion_AccelSurfaceSpin__bg156__rfTwrm/target_video.mp4,None
unknown_action,/home/nvme03/workspace/lingbot-world/physinone_candidate128_missing77_conditions_81f_20260519_0034/MovingHitsMoving_RollDownSlope_RollUpSlope__bg180__nd0EOh/action.npy,unknown_camera,/home/nvme03/workspace/lingbot-world/physinone_candidate128_missing77_conditions_81f_20260519_0034/MovingHitsMoving_RollDownSlope_RollUpSlope__bg180__nd0EOh/poses.npy,None,None,None,not_physeditworld_source;missing_matched_action_trace_id;missing_matched_camera_policy_id;invalid_gravity_value_for_prompt_condition;video_not_decodable_or_unprobed,None,77g,77.0,None,None,unknown_initial_state,/home/nvme03/workspace/lingbot-world/physinone_candidate128_missing77_conditions_81f_20260519_0034/MovingHitsMoving_RollDownSlope_RollUpSlope__bg180__nd0EOh/intrinsics.npy,None,None,None,A first-person interactive world rollout. The character follows the given action sequence and camera trajectory. The scene is rendered under gravity: 77g.,replay_ee09b52bc46b2914,physedit_a949e0a0ae364667,MovingHitsMoving_RollDownSlope_RollUpSlope__bg180__nd0EOh,None,/home/nvme03/workspace/lingbot-world/physinone_candidate128_missing77_conditions_81f_20260519_0034/MovingHitsMoving_RollDownSlope_RollUpSlope__bg180__nd0EOh,MISSING_GRAVITY,False,/home/nvme03/workspace/lingbot-world/physinone_candidate128_missing77_conditions_81f_20260519_0034/MovingHitsMoving_RollDownSlope_RollUpSlope__bg180__nd0EOh/target_video.mp4,None
unknown_action,/home/nvme03/workspace/lingbot-world/physinone_candidate128_missing77_conditions_81f_20260519_0034/VerticalFall_RollUpSlope_FixedPlanarRedirect__bg168__lN3bV0/action.npy,unknown_camera,/home/nvme03/workspace/lingbot-world/physinone_candidate128_missing77_conditions_81f_20260519_0034/VerticalFall_RollUpSlope_FixedPlanarRedirect__bg168__lN3bV0/poses.npy,None,None,None,not_physeditworld_source;missing_matched_action_trace_id;missing_matched_camera_policy_id;invalid_gravity_value_for_prompt_condition;video_not_decodable_or_unprobed,None,77g,77.0,None,None,unknown_initial_state,/home/nvme03/workspace/lingbot-world/physinone_candidate128_missing77_conditions_81f_20260519_0034/VerticalFall_RollUpSlope_FixedPlanarRedirect__bg168__lN3bV0/intrinsics.npy,None,None,None,A first-person interactive world rollout. The character follows the given action sequence and camera trajectory. The scene is rendered under gravity: 77g.,replay_8c0e8af84c447417,physedit_3a0398e7eddcbd9f,VerticalFall_RollUpSlope_FixedPlanarRedirect__bg168__lN3bV0,None,/home/nvme03/workspace/lingbot-world/physinone_candidate128_missing77_conditions_81f_20260519_0034/VerticalFall_RollUpSlope_FixedPlanarRedirect__bg168__lN3bV0,MISSING_GRAVITY,False,/home/nvme03/workspace/lingbot-world/physinone_candidate128_missing77_conditions_81f_20260519_0034/VerticalFall_RollUpSlope_FixedPlanarRedirect__bg168__lN3bV0/target_video.mp4,None
unknown_action,/home/nvme03/workspace/lingbot-world/physinone_candidate128_missing77_conditions_81f_20260519_0034/MovingHitsStationary_RollDownSlope_SpringCompress__bg157__jM56ad/action.npy,unknown_camera,/home/nvme03/workspace/lingbot-world/physinone_candidate128_missing77_conditions_81f_20260519_0034/MovingHitsStationary_RollDownSlope_SpringCompress__bg157__jM56ad/poses.npy,None,None,None,not_physeditworld_source;missing_matched_action_trace_id;missing_matched_camera_policy_id;invalid_gravity_value_for_prompt_condition;video_not_decodable_or_unprobed,None,77g,77.0,None,None,unknown_initial_state,/home/nvme03/workspace/lingbot-world/physinone_candidate128_missing77_conditions_81f_20260519_0034/MovingHitsStationary_RollDownSlope_SpringCompress__bg157__jM56ad/intrinsics.npy,None,None,None,A first-person interactive world rollout. The character follows the given action sequence and camera trajectory. The scene is rendered under gravity: 77g.,replay_c16e629bff39b215,physedit_e2c7bc910e4644eb,MovingHitsStationary_RollDownSlope_SpringCompress__bg157__jM56ad,None,/home/nvme03/workspace/lingbot-world/physinone_candidate128_missing77_conditions_81f_20260519_0034/MovingHitsStationary_RollDownSlope_SpringCompress__bg157__jM56ad,MISSING_GRAVITY,False,/home/nvme03/workspace/lingbot-world/physinone_candidate128_missing77_conditions_81f_20260519_0034/MovingHitsStationary_RollDownSlope_SpringCompress__bg157__jM56ad/target_video.mp4,None
unknown_action,/home/nvme03/workspace/lingbot-world/physinone_candidate128_missing77_conditions_81f_20260519_0034/FrictionStop_BalloonTether_ChainSuspend__bg178__GEVX0g/action.npy,unknown_camera,/home/nvme03/workspace/lingbot-world/physinone_candidate128_missing77_conditions_81f_20260519_0034/FrictionStop_BalloonTether_ChainSuspend__bg178__GEVX0g/poses.npy,None,None,None,not_physeditworld_source;missing_matched_action_trace_id;missing_matched_camera_policy_id;invalid_gravity_value_for_prompt_condition;video_not_decodable_or_unprobed,None,77g,77.0,None,None,unknown_initial_state,/home/nvme03/workspace/lingbot-world/physinone_candidate128_missing77_conditions_81f_20260519_0034/FrictionStop_BalloonTether_ChainSuspend__bg178__GEVX0g/intrinsics.npy,None,None,None,A first-person interactive world rollout. The character follows the given action sequence and camera trajectory. The scene is rendered under gravity: 77g.,replay_97dbe17351b241bd,physedit_408f91e9b47ecff0,FrictionStop_BalloonTether_ChainSuspend__bg178__GEVX0g,None,/home/nvme03/workspace/lingbot-world/physinone_candidate128_missing77_conditions_81f_20260519_0034/FrictionStop_BalloonTether_ChainSuspend__bg178__GEVX0g,MISSING_GRAVITY,False,/home/nvme03/workspace/lingbot-world/physinone_candidate128_missing77_conditions_81f_20260519_0034/FrictionStop_BalloonTether_ChainSuspend__bg178__GEVX0g/target_video.mp4,None
unknown_action,/home/nvme03/workspace/lingbot-world/physinone_candidate128_missing77_conditions_81f_20260519_0034/WindPushStationary_UniformPanelSpin_BalloonFloat__bg188__vLEeaF/action.npy,unknown_camera,/home/nvme03/workspace/lingbot-world/physinone_candidate128_missing77_conditions_81f_20260519_0034/WindPushStationary_UniformPanelSpin_BalloonFloat__bg188__vLEeaF/poses.npy,None,None,None,not_physeditworld_source;missing_matched_action_trace_id;missing_matched_camera_policy_id;invalid_gravity_value_for_prompt_condition;video_not_decodable_or_unprobed,None,77g,77.0,None,None,unknown_initial_state,/home/nvme03/workspace/lingbot-world/physinone_candidate128_missing77_conditions_81f_20260519_0034/WindPushStationary_UniformPanelSpin_BalloonFloat__bg188__vLEeaF/intrinsics.npy,None,None,None,A first-person interactive world rollout. The character follows the given action sequence and camera trajectory. The scene is rendered under gravity: 77g.,replay_b9e8f78bf7499d3e,physedit_aca39c6896b10054,WindPushStationary_UniformPanelSpin_BalloonFloat__bg188__vLEeaF,None,/home/nvme03/workspace/lingbot-world/physinone_candidate128_missing77_conditions_81f_20260519_0034/WindPushStationary_UniformPanelSpin_BalloonFloat__bg188__vLEeaF,MISSING_GRAVITY,False,/home/nvme03/workspace/lingbot-world/physinone_candidate128_missing77_conditions_81f_20260519_0034/WindPushStationary_UniformPanelSpin_BalloonFloat__bg188__vLEeaF/target_video.mp4,None
unknown_action,/home/nvme03/workspace/lingbot-world/physinone_candidate128_missing77_conditions_81f_20260519_0034/FrictionStop_BalloonLift_StickSupportFail__bg167__TeHlbr/action.npy,unknown_camera,/home/nvme03/workspace/lingbot-world/physinone_candidate128_missing77_conditions_81f_20260519_0034/FrictionStop_BalloonLift_StickSupportFail__bg167__TeHlbr/poses.npy,None,None,None,not_physeditworld_source;missing_matched_action_trace_id;missing_matched_camera_policy_id;invalid_gravity_value_for_prompt_condition;video_not_decodable_or_unprobed,None,77g,77.0,None,None,unknown_initial_state,/home/nvme03/workspace/lingbot-world/physinone_candidate128_missing77_conditions_81f_20260519_0034/FrictionStop_BalloonLift_StickSupportFail__bg167__TeHlbr/intrinsics.npy,None,None,None,A first-person interactive world rollout. The character follows the given action sequence and camera trajectory. The scene is rendered under gravity: 77g.,replay_6d54728c7ceb87a5,physedit_7db121a9829a0249,FrictionStop_BalloonLift_StickSupportFail__bg167__TeHlbr,None,/home/nvme03/workspace/lingbot-world/physinone_candidate128_missing77_conditions_81f_20260519_0034/FrictionStop_BalloonLift_StickSupportFail__bg167__TeHlbr,MISSING_GRAVITY,False,/home/nvme03/workspace/lingbot-world/physinone_candidate128_missing77_conditions_81f_20260519_0034/FrictionStop_BalloonLift_StickSupportFail__bg167__TeHlbr/target_video.mp4,None
unknown_action,/home/nvme03/workspace/lingbot-world/physinone_candidate128_missing77_conditions_81f_20260519_0034/FrictionStop_ImpactFracture_FixedPlanarRedirect__bg151__mQYXvs/action.npy,unknown_camera,/home/nvme03/workspace/lingbot-world/physinone_candidate128_missing77_conditions_81f_20260519_0034/FrictionStop_ImpactFracture_FixedPlanarRedirect__bg151__mQYXvs/poses.npy,None,None,None,not_physeditworld_source;missing_matched_action_trace_id;missing_matched_camera_policy_id;invalid_gravity_value_for_prompt_condition;video_not_decodable_or_unprobed,None,77g,77.0,None,None,unknown_initial_state,/home/nvme03/workspace/lingbot-world/physinone_candidate128_missing77_conditions_81f_20260519_0034/FrictionStop_ImpactFracture_FixedPlanarRedirect__bg151__mQYXvs/intrinsics.npy,None,None,None,A first-person interactive world rollout. The character follows the given action sequence and camera trajectory. The scene is rendered under gravity: 77g.,replay_51bf294b2dcd93f7,physedit_a6a335f8ca36b54e,FrictionStop_ImpactFracture_FixedPlanarRedirect__bg151__mQYXvs,None,/home/nvme03/workspace/lingbot-world/physinone_candidate128_missing77_conditions_81f_20260519_0034/FrictionStop_ImpactFracture_FixedPlanarRedirect__bg151__mQYXvs,MISSING_GRAVITY,False,/home/nvme03/workspace/lingbot-world/physinone_candidate128_missing77_conditions_81f_20260519_0034/FrictionStop_ImpactFracture_FixedPlanarRedirect__bg151__mQYXvs/target_video.mp4,None
unknown_action,/home/nvme03/workspace/lingbot-world/physinone_candidate128_missing77_conditions_81f_20260519_0034/MovingHitsStationary_ImpactFracture_FixedArrayRedirect__bg162__fL5e7U/action.npy,unknown_camera,/home/nvme03/workspace/lingbot-world/physinone_candidate128_missing77_conditions_81f_20260519_0034/MovingHitsStationary_ImpactFracture_FixedArrayRedirect__bg162__fL5e7U/poses.npy,None,None,None,not_physeditworld_source;missing_matched_action_trace_id;missing_matched_camera_policy_id;invalid_gravity_value_for_prompt_condition;video_not_decodable_or_unprobed,None,77g,77.0,None,None,unknown_initial_state,/home/nvme03/workspace/lingbot-world/physinone_candidate128_missing77_conditions_81f_20260519_0034/MovingHitsStationary_ImpactFracture_FixedArrayRedirect__bg162__fL5e7U/intrinsics.npy,None,None,None,A first-person interactive world rollout. The character follows the given action sequence and camera trajectory. The scene is rendered under gravity: 77g.,replay_c03e92f79f81eee2,physedit_f7256a049d17537c,MovingHitsStationary_ImpactFracture_FixedArrayRedirect__bg162__fL5e7U,None,/home/nvme03/workspace/lingbot-world/physinone_candidate128_missing77_conditions_81f_20260519_0034/MovingHitsStationary_ImpactFracture_FixedArrayRedirect__bg162__fL5e7U,MISSING_GRAVITY,False,/home/nvme03/workspace/lingbot-world/physinone_candidate128_missing77_conditions_81f_20260519_0034/MovingHitsStationary_ImpactFracture_FixedArrayRedirect__bg162__fL5e7U/target_video.mp4,None
unknown_action,/home/nvme03/workspace/lingbot-world/physinone_candidate128_missing77_conditions_81f_20260519_0034/MovingHitsFixed_FrictionStop_BalloonTether__bg178__ZXkQkR/action.npy,unknown_camera,/home/nvme03/workspace/lingbot-world/physinone_candidate128_missing77_conditions_81f_20260519_0034/MovingHitsFixed_FrictionStop_BalloonTether__bg178__ZXkQkR/poses.npy,None,None,None,not_physeditworld_source;missing_matched_action_trace_id;missing_matched_camera_policy_id;invalid_gravity_value_for_prompt_condition;video_not_decodable_or_unprobed,None,77g,77.0,None,None,unknown_initial_state,/home/nvme03/workspace/lingbot-world/physinone_candidate128_missing77_conditions_81f_20260519_0034/MovingHitsFixed_FrictionStop_BalloonTether__bg178__ZXkQkR/intrinsics.npy,None,None,None,A first-person interactive world rollout. The character follows the given action sequence and camera trajectory. The scene is rendered under gravity: 77g.,replay_2f2ad8ceab44ee52,physedit_31d7385547f985e3,MovingHitsFixed_FrictionStop_BalloonTether__bg178__ZXkQkR,None,/home/nvme03/workspace/lingbot-world/physinone_candidate128_missing77_conditions_81f_20260519_0034/MovingHitsFixed_FrictionStop_BalloonTether__bg178__ZXkQkR,MISSING_GRAVITY,False,/home/nvme03/workspace/lingbot-world/physinone_candidate128_missing77_conditions_81f_20260519_0034/MovingHitsFixed_FrictionStop_BalloonTether__bg178__ZXkQkR/target_video.mp4,None
unknown_action,/home/nvme03/workspace/lingbot-world/physinone_candidate128_missing77_conditions_81f_20260519_0034/WindPushStationary_WindDeflectMotion_FrictionStop__bg177__Io2w25/action.npy,unknown_camera,/home/nvme03/workspace/lingbot-world/physinone_candidate128_missing77_conditions_81f_20260519_0034/WindPushStationary_WindDeflectMotion_FrictionStop__bg177__Io2w25/poses.npy,None,None,None,not_physeditworld_source;missing_matched_action_trace_id;missing_matched_camera_policy_id;invalid_gravity_value_for_prompt_condition;video_not_decodable_or_unprobed,None,77g,77.0,None,None,unknown_initial_state,/home/nvme03/workspace/lingbot-world/physinone_candidate128_missing77_conditions_81f_20260519_0034/WindPushStationary_WindDeflectMotion_FrictionStop__bg177__Io2w25/intrinsics.npy,None,None,None,A first-person interactive world rollout. The character follows the given action sequence and camera trajectory. The scene is rendered under gravity: 77g.,replay_6d250ca568ed26ed,physedit_e624bf332b1bfcb1,WindPushStationary_WindDeflectMotion_FrictionStop__bg177__Io2w25,None,/home/nvme03/workspace/lingbot-world/physinone_candidate128_missing77_conditions_81f_20260519_0034/WindPushStationary_WindDeflectMotion_FrictionStop__bg177__Io2w25,MISSING_GRAVITY,False,/home/nvme03/workspace/lingbot-world/physinone_candidate128_missing77_conditions_81f_20260519_0034/WindPushStationary_WindDeflectMotion_FrictionStop__bg177__Io2w25/target_video.mp4,None
unknown_action,/home/nvme03/workspace/lingbot-world/physinone_candidate128_missing77_conditions_81f_20260519_0034/FrictionStop_ElasticCouple_BalloonFloat__bg177__nHSnYf/action.npy,unknown_camera,/home/nvme03/workspace/lingbot-world/physinone_candidate128_missing77_conditions_81f_20260519_0034/FrictionStop_ElasticCouple_BalloonFloat__bg177__nHSnYf/poses.npy,None,None,None,not_physeditworld_source;missing_matched_action_trace_id;missing_matched_camera_policy_id;invalid_gravity_value_for_prompt_condition;video_not_decodable_or_unprobed,None,77g,77.0,None,None,unknown_initial_state,/home/nvme03/workspace/lingbot-world/physinone_candidate128_missing77_conditions_81f_20260519_0034/FrictionStop_ElasticCouple_BalloonFloat__bg177__nHSnYf/intrinsics.npy,None,None,None,A first-person interactive world rollout. The character follows the given action sequence and camera trajectory. The scene is rendered under gravity: 77g.,replay_68807d11041ce6d5,physedit_98c75c933ef919a2,FrictionStop_ElasticCouple_BalloonFloat__bg177__nHSnYf,None,/home/nvme03/workspace/lingbot-world/physinone_candidate128_missing77_conditions_81f_20260519_0034/FrictionStop_ElasticCouple_BalloonFloat__bg177__nHSnYf,MISSING_GRAVITY,False,/home/nvme03/workspace/lingbot-world/physinone_candidate128_missing77_conditions_81f_20260519_0034/FrictionStop_ElasticCouple_BalloonFloat__bg177__nHSnYf/target_video.mp4,None
unknown_action,/home/nvme03/workspace/lingbot-world/physinone_candidate128_missing77_conditions_81f_20260519_0034/WindPushStationary_WindPushSameDir_AccelConcaveSpin__bg177__ORsHJl/action.npy,unknown_camera,/home/nvme03/workspace/lingbot-world/physinone_candidate128_missing77_conditions_81f_20260519_0034/WindPushStationary_WindPushSameDir_AccelConcaveSpin__bg177__ORsHJl/poses.npy,None,None,None,not_physeditworld_source;missing_matched_action_trace_id;missing_matched_camera_policy_id;invalid_gravity_value_for_prompt_condition;video_not_decodable_or_unprobed,None,77g,77.0,None,None,unknown_initial_state,/home/nvme03/workspace/lingbot-world/physinone_candidate128_missing77_conditions_81f_20260519_0034/WindPushStationary_WindPushSameDir_AccelConcaveSpin__bg177__ORsHJl/intrinsics.npy,None,None,None,A first-person interactive world rollout. The character follows the given action sequence and camera trajectory. The scene is rendered under gravity: 77g.,replay_f84695db84d6b3f8,physedit_987d4f6fd2aa2399,WindPushStationary_WindPushSameDir_AccelConcaveSpin__bg177__ORsHJl,None,/home/nvme03/workspace/lingbot-world/physinone_candidate128_missing77_conditions_81f_20260519_0034/WindPushStationary_WindPushSameDir_AccelConcaveSpin__bg177__ORsHJl,MISSING_GRAVITY,False,/home/nvme03/workspace/lingbot-world/physinone_candidate128_missing77_conditions_81f_20260519_0034/WindPushStationary_WindPushSameDir_AccelConcaveSpin__bg177__ORsHJl/target_video.mp4,None
unknown_action,/home/nvme03/workspace/lingbot-world/physinone_candidate128_missing77_conditions_81f_20260519_0034/MovingHitsStationary_ObliqueProjectile_VerticalFall__bg156__p7hHbe/action.npy,unknown_camera,/home/nvme03/workspace/lingbot-world/physinone_candidate128_missing77_conditions_81f_20260519_0034/MovingHitsStationary_ObliqueProjectile_VerticalFall__bg156__p7hHbe/poses.npy,None,None,None,not_physeditworld_source;missing_matched_action_trace_id;missing_matched_camera_policy_id;invalid_gravity_value_for_prompt_condition;video_not_decodable_or_unprobed,None,77g,77.0,None,None,unknown_initial_state,/home/nvme03/workspace/lingbot-world/physinone_candidate128_missing77_conditions_81f_20260519_0034/MovingHitsStationary_ObliqueProjectile_VerticalFall__bg156__p7hHbe/intrinsics.npy,None,None,None,A first-person interactive world rollout. The character follows the given action sequence and camera trajectory. The scene is rendered under gravity: 77g.,replay_1065cb9d87903355,physedit_2b0809c9f83c0744,MovingHitsStationary_ObliqueProjectile_VerticalFall__bg156__p7hHbe,None,/home/nvme03/workspace/lingbot-world/physinone_candidate128_missing77_conditions_81f_20260519_0034/MovingHitsStationary_ObliqueProjectile_VerticalFall__bg156__p7hHbe,MISSING_GRAVITY,False,/home/nvme03/workspace/lingbot-world/physinone_candidate128_missing77_conditions_81f_20260519_0034/MovingHitsStationary_ObliqueProjectile_VerticalFall__bg156__p7hHbe/target_video.mp4,None
unknown_action,/home/nvme03/workspace/lingbot-world/physinone_candidate128_missing77_conditions_81f_20260519_0034/MovingHitsFixed_MovingHitsMoving_BalloonTether__bg168__hbhjeE/action.npy,unknown_camera,/home/nvme03/workspace/lingbot-world/physinone_candidate128_missing77_conditions_81f_20260519_0034/MovingHitsFixed_MovingHitsMoving_BalloonTether__bg168__hbhjeE/poses.npy,None,None,None,not_physeditworld_source;missing_matched_action_trace_id;missing_matched_camera_policy_id;invalid_gravity_value_for_prompt_condition;video_not_decodable_or_unprobed,None,77g,77.0,None,None,unknown_initial_state,/home/nvme03/workspace/lingbot-world/physinone_candidate128_missing77_conditions_81f_20260519_0034/MovingHitsFixed_MovingHitsMoving_BalloonTether__bg168__hbhjeE/intrinsics.npy,None,None,None,A first-person interactive world rollout. The character follows the given action sequence and camera trajectory. The scene is rendered under gravity: 77g.,replay_86cc07940f87b71e,physedit_88d6526fcc3d8719,MovingHitsFixed_MovingHitsMoving_BalloonTether__bg168__hbhjeE,None,/home/nvme03/workspace/lingbot-world/physinone_candidate128_missing77_conditions_81f_20260519_0034/MovingHitsFixed_MovingHitsMoving_BalloonTether__bg168__hbhjeE,MISSING_GRAVITY,False,/home/nvme03/workspace/lingbot-world/physinone_candidate128_missing77_conditions_81f_20260519_0034/MovingHitsFixed_MovingHitsMoving_BalloonTether__bg168__hbhjeE/target_video.mp4,None
unknown_action,/home/nvme03/workspace/lingbot-world/physinone_candidate128_missing77_conditions_81f_20260519_0034/MovingHitsFixed_MovingHitsMoving_ObliqueProjectile__bg180__8YnHJg/action.npy,unknown_camera,/home/nvme03/workspace/lingbot-world/physinone_candidate128_missing77_conditions_81f_20260519_0034/MovingHitsFixed_MovingHitsMoving_ObliqueProjectile__bg180__8YnHJg/poses.npy,None,None,None,not_physeditworld_source;missing_matched_action_trace_id;missing_matched_camera_policy_id;invalid_gravity_value_for_prompt_condition;video_not_decodable_or_unprobed,None,77g,77.0,None,None,unknown_initial_state,/home/nvme03/workspace/lingbot-world/physinone_candidate128_missing77_conditions_81f_20260519_0034/MovingHitsFixed_MovingHitsMoving_ObliqueProjectile__bg180__8YnHJg/intrinsics.npy,None,None,None,A first-person interactive world rollout. The character follows the given action sequence and camera trajectory. The scene is rendered under gravity: 77g.,replay_42195b0bed9e3851,physedit_2a99bbf584fcd769,MovingHitsFixed_MovingHitsMoving_ObliqueProjectile__bg180__8YnHJg,None,/home/nvme03/workspace/lingbot-world/physinone_candidate128_missing77_conditions_81f_20260519_0034/MovingHitsFixed_MovingHitsMoving_ObliqueProjectile__bg180__8YnHJg,MISSING_GRAVITY,False,/home/nvme03/workspace/lingbot-world/physinone_candidate128_missing77_conditions_81f_20260519_0034/MovingHitsFixed_MovingHitsMoving_ObliqueProjectile__bg180__8YnHJg/target_video.mp4,None
unknown_action,/home/nvme03/workspace/lingbot-world/physinone_candidate128_missing77_conditions_81f_20260519_0034/WindPushStationary_WindPushSameDir_CrankPush__bg177__4LXH4B/action.npy,unknown_camera,/home/nvme03/workspace/lingbot-world/physinone_candidate128_missing77_conditions_81f_20260519_0034/WindPushStationary_WindPushSameDir_CrankPush__bg177__4LXH4B/poses.npy,None,None,None,not_physeditworld_source;missing_matched_action_trace_id;missing_matched_camera_policy_id;invalid_gravity_value_for_prompt_condition;video_not_decodable_or_unprobed,None,77g,77.0,None,None,unknown_initial_state,/home/nvme03/workspace/lingbot-world/physinone_candidate128_missing77_conditions_81f_20260519_0034/WindPushStationary_WindPushSameDir_CrankPush__bg177__4LXH4B/intrinsics.npy,None,None,None,A first-person interactive world rollout. The character follows the given action sequence and camera trajectory. The scene is rendered under gravity: 77g.,replay_5ced2cbf6dc954e0,physedit_cd76462021a00cdb,WindPushStationary_WindPushSameDir_CrankPush__bg177__4LXH4B,None,/home/nvme03/workspace/lingbot-world/physinone_candidate128_missing77_conditions_81f_20260519_0034/WindPushStationary_WindPushSameDir_CrankPush__bg177__4LXH4B,MISSING_GRAVITY,False,/home/nvme03/workspace/lingbot-world/physinone_candidate128_missing77_conditions_81f_20260519_0034/WindPushStationary_WindPushSameDir_CrankPush__bg177__4LXH4B/target_video.mp4,None
unknown_action,/home/nvme03/workspace/lingbot-world/physinone_candidate128_missing77_conditions_81f_20260519_0034/ObliqueProjectile_RollUpSlope_AccelConcaveSpin__bg180__OwQKWJ/action.npy,unknown_camera,/home/nvme03/workspace/lingbot-world/physinone_candidate128_missing77_conditions_81f_20260519_0034/ObliqueProjectile_RollUpSlope_AccelConcaveSpin__bg180__OwQKWJ/poses.npy,None,None,None,not_physeditworld_source;missing_matched_action_trace_id;missing_matched_camera_policy_id;invalid_gravity_value_for_prompt_condition;video_not_decodable_or_unprobed,None,77g,77.0,None,None,unknown_initial_state,/home/nvme03/workspace/lingbot-world/physinone_candidate128_missing77_conditions_81f_20260519_0034/ObliqueProjectile_RollUpSlope_AccelConcaveSpin__bg180__OwQKWJ/intrinsics.npy,None,None,None,A first-person interactive world rollout. The character follows the given action sequence and camera trajectory. The scene is rendered under gravity: 77g.,replay_793ca47541b0bb98,physedit_c7ef0b5d8ea9838f,ObliqueProjectile_RollUpSlope_AccelConcaveSpin__bg180__OwQKWJ,None,/home/nvme03/workspace/lingbot-world/physinone_candidate128_missing77_conditions_81f_20260519_0034/ObliqueProjectile_RollUpSlope_AccelConcaveSpin__bg180__OwQKWJ,MISSING_GRAVITY,False,/home/nvme03/workspace/lingbot-world/physinone_candidate128_missing77_conditions_81f_20260519_0034/ObliqueProjectile_RollUpSlope_AccelConcaveSpin__bg180__OwQKWJ/target_video.mp4,None
unknown_action,/home/nvme03/workspace/lingbot-world/physinone_candidate128_missing77_conditions_81f_20260519_0034/WindPushSameDir_ObliqueProjectile_RollUpSlope__bg167__UogbDX/action.npy,unknown_camera,/home/nvme03/workspace/lingbot-world/physinone_candidate128_missing77_conditions_81f_20260519_0034/WindPushSameDir_ObliqueProjectile_RollUpSlope__bg167__UogbDX/poses.npy,None,None,None,not_physeditworld_source;missing_matched_action_trace_id;missing_matched_camera_policy_id;invalid_gravity_value_for_prompt_condition;video_not_decodable_or_unprobed,None,77g,77.0,None,None,unknown_initial_state,/home/nvme03/workspace/lingbot-world/physinone_candidate128_missing77_conditions_81f_20260519_0034/WindPushSameDir_ObliqueProjectile_RollUpSlope__bg167__UogbDX/intrinsics.npy,None,None,None,A first-person interactive world rollout. The character follows the given action sequence and camera trajectory. The scene is rendered under gravity: 77g.,replay_c4d4616bc922fa7a,physedit_025e95c77bf38fa8,WindPushSameDir_ObliqueProjectile_RollUpSlope__bg167__UogbDX,None,/home/nvme03/workspace/lingbot-world/physinone_candidate128_missing77_conditions_81f_20260519_0034/WindPushSameDir_ObliqueProjectile_RollUpSlope__bg167__UogbDX,MISSING_GRAVITY,False,/home/nvme03/workspace/lingbot-world/physinone_candidate128_missing77_conditions_81f_20260519_0034/WindPushSameDir_ObliqueProjectile_RollUpSlope__bg167__UogbDX/target_video.mp4,None
unknown_action,/home/nvme03/workspace/lingbot-world/physinone_candidate128_missing77_conditions_81f_20260519_0034/ObliqueProjectile_RollUpSlope_ChainSuspend__bg158__pvMqSA/action.npy,unknown_camera,/home/nvme03/workspace/lingbot-world/physinone_candidate128_missing77_conditions_81f_20260519_0034/ObliqueProjectile_RollUpSlope_ChainSuspend__bg158__pvMqSA/poses.npy,None,None,None,not_physeditworld_source;missing_matched_action_trace_id;missing_matched_camera_policy_id;invalid_gravity_value_for_prompt_condition;video_not_decodable_or_unprobed,None,77g,77.0,None,None,unknown_initial_state,/home/nvme03/workspace/lingbot-world/physinone_candidate128_missing77_conditions_81f_20260519_0034/ObliqueProjectile_RollUpSlope_ChainSuspend__bg158__pvMqSA/intrinsics.npy,None,None,None,A first-person interactive world rollout. The character follows the given action sequence and camera trajectory. The scene is rendered under gravity: 77g.,replay_13da75faa1b810b8,physedit_bf9aa30d4252bcd4,ObliqueProjectile_RollUpSlope_ChainSuspend__bg158__pvMqSA,None,/home/nvme03/workspace/lingbot-world/physinone_candidate128_missing77_conditions_81f_20260519_0034/ObliqueProjectile_RollUpSlope_ChainSuspend__bg158__pvMqSA,MISSING_GRAVITY,False,/home/nvme03/workspace/lingbot-world/physinone_candidate128_missing77_conditions_81f_20260519_0034/ObliqueProjectile_RollUpSlope_ChainSuspend__bg158__pvMqSA/target_video.mp4,None
unknown_action,/home/nvme03/workspace/lingbot-world/physinone_candidate128_missing77_conditions_81f_20260519_0034/MovingHitsStationary_ImpactFracture_BalloonTether__bg156__R3zLox/action.npy,unknown_camera,/home/nvme03/workspace/lingbot-world/physinone_candidate128_missing77_conditions_81f_20260519_0034/MovingHitsStationary_ImpactFracture_BalloonTether__bg156__R3zLox/poses.npy,None,None,None,not_physeditworld_source;missing_matched_action_trace_id;missing_matched_camera_policy_id;invalid_gravity_value_for_prompt_condition;video_not_decodable_or_unprobed,None,77g,77.0,None,None,unknown_initial_state,/home/nvme03/workspace/lingbot-world/physinone_candidate128_missing77_conditions_81f_20260519_0034/MovingHitsStationary_ImpactFracture_BalloonTether__bg156__R3zLox/intrinsics.npy,None,None,None,A first-person interactive world rollout. The character follows the given action sequence and camera trajectory. The scene is rendered under gravity: 77g.,replay_f7fd7851e0033aa8,physedit_da5aded78d6dbd8b,MovingHitsStationary_ImpactFracture_BalloonTether__bg156__R3zLox,None,/home/nvme03/workspace/lingbot-world/physinone_candidate128_missing77_conditions_81f_20260519_0034/MovingHitsStationary_ImpactFracture_BalloonTether__bg156__R3zLox,MISSING_GRAVITY,False,/home/nvme03/workspace/lingbot-world/physinone_candidate128_missing77_conditions_81f_20260519_0034/MovingHitsStationary_ImpactFracture_BalloonTether__bg156__R3zLox/target_video.mp4,None
unknown_action,/home/nvme03/workspace/lingbot-world/physinone_candidate128_missing77_conditions_81f_20260519_0034/MovingHitsStationary_RollDownSlope_SimplePendulum__bg152__viBm4x/action.npy,unknown_camera,/home/nvme03/workspace/lingbot-world/physinone_candidate128_missing77_conditions_81f_20260519_0034/MovingHitsStationary_RollDownSlope_SimplePendulum__bg152__viBm4x/poses.npy,None,None,None,not_physeditworld_source;missing_matched_action_trace_id;missing_matched_camera_policy_id;invalid_gravity_value_for_prompt_condition;video_not_decodable_or_unprobed,None,77g,77.0,None,None,unknown_initial_state,/home/nvme03/workspace/lingbot-world/physinone_candidate128_missing77_conditions_81f_20260519_0034/MovingHitsStationary_RollDownSlope_SimplePendulum__bg152__viBm4x/intrinsics.npy,None,None,None,A first-person interactive world rollout. The character follows the given action sequence and camera trajectory. The scene is rendered under gravity: 77g.,replay_7f9dd8a36e5fcea3,physedit_bda5de13950a1c29,MovingHitsStationary_RollDownSlope_SimplePendulum__bg152__viBm4x,None,/home/nvme03/workspace/lingbot-world/physinone_candidate128_missing77_conditions_81f_20260519_0034/MovingHitsStationary_RollDownSlope_SimplePendulum__bg152__viBm4x,MISSING_GRAVITY,False,/home/nvme03/workspace/lingbot-world/physinone_candidate128_missing77_conditions_81f_20260519_0034/MovingHitsStationary_RollDownSlope_SimplePendulum__bg152__viBm4x/target_video.mp4,None
unknown_action,/home/nvme03/workspace/lingbot-world/physinone_candidate128_missing77_conditions_81f_20260519_0034/WindDeflectMotion_VerticalFall_DoublePendulum__bg157__aXkqvS/action.npy,unknown_camera,/home/nvme03/workspace/lingbot-world/physinone_candidate128_missing77_conditions_81f_20260519_0034/WindDeflectMotion_VerticalFall_DoublePendulum__bg157__aXkqvS/poses.npy,None,None,None,not_physeditworld_source;missing_matched_action_trace_id;missing_matched_camera_policy_id;invalid_gravity_value_for_prompt_condition;video_not_decodable_or_unprobed,None,77g,77.0,None,None,unknown_initial_state,/home/nvme03/workspace/lingbot-world/physinone_candidate128_missing77_conditions_81f_20260519_0034/WindDeflectMotion_VerticalFall_DoublePendulum__bg157__aXkqvS/intrinsics.npy,None,None,None,A first-person interactive world rollout. The character follows the given action sequence and camera trajectory. The scene is rendered under gravity: 77g.,replay_b29f0cfb295032b2,physedit_96def1dcca8d16d3,WindDeflectMotion_VerticalFall_DoublePendulum__bg157__aXkqvS,None,/home/nvme03/workspace/lingbot-world/physinone_candidate128_missing77_conditions_81f_20260519_0034/WindDeflectMotion_VerticalFall_DoublePendulum__bg157__aXkqvS,MISSING_GRAVITY,False,/home/nvme03/workspace/lingbot-world/physinone_candidate128_missing77_conditions_81f_20260519_0034/WindDeflectMotion_VerticalFall_DoublePendulum__bg157__aXkqvS/target_video.mp4,None
unknown_action,/home/nvme03/workspace/lingbot-world/physinone_candidate128_missing77_conditions_81f_20260519_0034/WindPushOppDir_SpringStretch_BalloonFloat__bg170__E4mREt/action.npy,unknown_camera,/home/nvme03/workspace/lingbot-world/physinone_candidate128_missing77_conditions_81f_20260519_0034/WindPushOppDir_SpringStretch_BalloonFloat__bg170__E4mREt/poses.npy,None,None,None,not_physeditworld_source;missing_matched_action_trace_id;missing_matched_camera_policy_id;invalid_gravity_value_for_prompt_condition;video_not_decodable_or_unprobed,None,77g,77.0,None,None,unknown_initial_state,/home/nvme03/workspace/lingbot-world/physinone_candidate128_missing77_conditions_81f_20260519_0034/WindPushOppDir_SpringStretch_BalloonFloat__bg170__E4mREt/intrinsics.npy,None,None,None,A first-person interactive world rollout. The character follows the given action sequence and camera trajectory. The scene is rendered under gravity: 77g.,replay_72eeb2f750e88053,physedit_64893a03aa231246,WindPushOppDir_SpringStretch_BalloonFloat__bg170__E4mREt,None,/home/nvme03/workspace/lingbot-world/physinone_candidate128_missing77_conditions_81f_20260519_0034/WindPushOppDir_SpringStretch_BalloonFloat__bg170__E4mREt,MISSING_GRAVITY,False,/home/nvme03/workspace/lingbot-world/physinone_candidate128_missing77_conditions_81f_20260519_0034/WindPushOppDir_SpringStretch_BalloonFloat__bg170__E4mREt/target_video.mp4,None
unknown_action,/home/nvme03/workspace/lingbot-world/physinone_candidate128_missing77_conditions_81f_20260519_0034/MagnetRepel_BalloonFloat_BalloonLift__bg186__CUWNm7/action.npy,unknown_camera,/home/nvme03/workspace/lingbot-world/physinone_candidate128_missing77_conditions_81f_20260519_0034/MagnetRepel_BalloonFloat_BalloonLift__bg186__CUWNm7/poses.npy,None,None,None,not_physeditworld_source;missing_matched_action_trace_id;missing_matched_camera_policy_id;invalid_gravity_value_for_prompt_condition;video_not_decodable_or_unprobed,None,77g,77.0,None,None,unknown_initial_state,/home/nvme03/workspace/lingbot-world/physinone_candidate128_missing77_conditions_81f_20260519_0034/MagnetRepel_BalloonFloat_BalloonLift__bg186__CUWNm7/intrinsics.npy,None,None,None,A first-person interactive world rollout. The character follows the given action sequence and camera trajectory. The scene is rendered under gravity: 77g.,replay_1af0589f698bc400,physedit_e373c1063a24e3fc,MagnetRepel_BalloonFloat_BalloonLift__bg186__CUWNm7,None,/home/nvme03/workspace/lingbot-world/physinone_candidate128_missing77_conditions_81f_20260519_0034/MagnetRepel_BalloonFloat_BalloonLift__bg186__CUWNm7,MISSING_GRAVITY,False,/home/nvme03/workspace/lingbot-world/physinone_candidate128_missing77_conditions_81f_20260519_0034/MagnetRepel_BalloonFloat_BalloonLift__bg186__CUWNm7/target_video.mp4,None
unknown_action,/home/nvme03/workspace/lingbot-world/physinone_candidate128_missing77_conditions_81f_20260519_0034/WindPushOppDir_ObliqueProjectile_RollUpSlope__bg161__uuYLku/action.npy,unknown_camera,/home/nvme03/workspace/lingbot-world/physinone_candidate128_missing77_conditions_81f_20260519_0034/WindPushOppDir_ObliqueProjectile_RollUpSlope__bg161__uuYLku/poses.npy,None,None,None,not_physeditworld_source;missing_matched_action_trace_id;missing_matched_camera_policy_id;invalid_gravity_value_for_prompt_condition;video_not_decodable_or_unprobed,None,77g,77.0,None,None,unknown_initial_state,/home/nvme03/workspace/lingbot-world/physinone_candidate128_missing77_conditions_81f_20260519_0034/WindPushOppDir_ObliqueProjectile_RollUpSlope__bg161__uuYLku/intrinsics.npy,None,None,None,A first-person interactive world rollout. The character follows the given action sequence and camera trajectory. The scene is rendered under gravity: 77g.,replay_bfe5f460ff529568,physedit_d2074c6770a78f6a,WindPushOppDir_ObliqueProjectile_RollUpSlope__bg161__uuYLku,None,/home/nvme03/workspace/lingbot-world/physinone_candidate128_missing77_conditions_81f_20260519_0034/WindPushOppDir_ObliqueProjectile_RollUpSlope__bg161__uuYLku,MISSING_GRAVITY,False,/home/nvme03/workspace/lingbot-world/physinone_candidate128_missing77_conditions_81f_20260519_0034/WindPushOppDir_ObliqueProjectile_RollUpSlope__bg161__uuYLku/target_video.mp4,None
unknown_action,/home/nvme03/workspace/lingbot-world/physinone_candidate128_missing77_conditions_81f_20260519_0034/ImpactFracture_BalloonFloat_DoublePendulum__bg162__iELRlW/action.npy,unknown_camera,/home/nvme03/workspace/lingbot-world/physinone_candidate128_missing77_conditions_81f_20260519_0034/ImpactFracture_BalloonFloat_DoublePendulum__bg162__iELRlW/poses.npy,None,None,None,not_physeditworld_source;missing_matched_action_trace_id;missing_matched_camera_policy_id;invalid_gravity_value_for_prompt_condition;video_not_decodable_or_unprobed,None,77g,77.0,None,None,unknown_initial_state,/home/nvme03/workspace/lingbot-world/physinone_candidate128_missing77_conditions_81f_20260519_0034/ImpactFracture_BalloonFloat_DoublePendulum__bg162__iELRlW/intrinsics.npy,None,None,None,A first-person interactive world rollout. The character follows the given action sequence and camera trajectory. The scene is rendered under gravity: 77g.,replay_ae590b33ea4c923a,physedit_25e7eede63fd7061,ImpactFracture_BalloonFloat_DoublePendulum__bg162__iELRlW,None,/home/nvme03/workspace/lingbot-world/physinone_candidate128_missing77_conditions_81f_20260519_0034/ImpactFracture_BalloonFloat_DoublePendulum__bg162__iELRlW,MISSING_GRAVITY,False,/home/nvme03/workspace/lingbot-world/physinone_candidate128_missing77_conditions_81f_20260519_0034/ImpactFracture_BalloonFloat_DoublePendulum__bg162__iELRlW/target_video.mp4,None
unknown_action,/home/nvme03/workspace/lingbot-world/physinone_sft_conditions_81f_20260513/CatapultLaunch__bg189__JJT3If/action.npy,unknown_camera,/home/nvme03/workspace/lingbot-world/physinone_sft_conditions_81f_20260513/CatapultLaunch__bg189__JJT3If/poses.npy,None,None,None,not_physeditworld_source;missing_matched_action_trace_id;missing_matched_camera_policy_id;invalid_gravity_value_for_prompt_condition;video_not_decodable_or_unprobed,None,189g,189.0,None,None,unknown_initial_state,/home/nvme03/workspace/lingbot-world/physinone_sft_conditions_81f_20260513/CatapultLaunch__bg189__JJT3If/intrinsics.npy,None,None,None,A first-person interactive world rollout. The character follows the given action sequence and camera trajectory. The scene is rendered under gravity: 189g.,replay_9e538d9bcc70e42f,physedit_52087d6871400c59,CatapultLaunch__bg189__JJT3If,None,/home/nvme03/workspace/lingbot-world/physinone_sft_conditions_81f_20260513/CatapultLaunch__bg189__JJT3If,MISSING_GRAVITY,False,/home/nvme03/workspace/lingbot-world/physinone_sft_conditions_81f_20260513/CatapultLaunch__bg189__JJT3If/target_video.mp4,None
unknown_action,None,unknown_camera,None,None,None,None,missing_path:action_trace_path;missing_path:camera_trajectory_path;missing_path:intrinsics_path;missing_matched_action_trace_id;missing_matched_camera_policy_id;video_not_decodable_or_unprobed,None,5g,5.0,None,None,unknown_initial_state,None,None,None,None,A first-person interactive world rollout. The character follows the given action sequence and camera trajectory. The scene is rendered under gravity: 5g.,replay_f318d11973c64820,physedit_c77f572ef88a195a,PHY_GRAVITY_005_Seed1024,None,/home/nvme03/workspace/Wan2.2/results/ECCV_Rebuttal_5s/PHY_GRAVITY_005_Seed1024,MISSING_ACTION,False,/home/nvme03/workspace/Wan2.2/results/ECCV_Rebuttal_5s/PHY_GRAVITY_005_Seed1024/output_5s.mp4,None
unknown_action,None,unknown_camera,None,None,None,None,missing_path:action_trace_path;missing_path:camera_trajectory_path;missing_path:intrinsics_path;missing_matched_action_trace_id;missing_matched_camera_policy_id;video_not_decodable_or_unprobed,None,4.0g,4.0,None,None,unknown_initial_state,None,None,None,None,A first-person interactive world rollout. The character follows the given action sequence and camera trajectory. The scene is rendered under gravity: 4.0g.,replay_31be45959d97c8a0,physedit_7011f1e8e805e6d7,PHY_GRAVITY_004_Seed42,None,/home/nvme03/workspace/Wan2.2/results/ECCV_Rebuttal_5s/PHY_GRAVITY_004_Seed42,MISSING_ACTION,False,/home/nvme03/workspace/Wan2.2/results/ECCV_Rebuttal_5s/PHY_GRAVITY_004_Seed42/output_5s.mp4,None
unknown_action,None,unknown_camera,None,None,None,None,missing_path:action_trace_path;missing_path:camera_trajectory_path;missing_path:intrinsics_path;missing_matched_action_trace_id;missing_matched_camera_policy_id;video_not_decodable_or_unprobed,None,5g,5.0,None,None,unknown_initial_state,None,None,None,None,A first-person interactive world rollout. The character follows the given action sequence and camera trajectory. The scene is rendered under gravity: 5g.,replay_b96cae7f7da225fb,physedit_28023ab40b4754c9,PHY_GRAVITY_005_Seed42,None,/home/nvme03/workspace/Wan2.2/results/ECCV_Rebuttal_5s/PHY_GRAVITY_005_Seed42,MISSING_ACTION,False,/home/nvme03/workspace/Wan2.2/results/ECCV_Rebuttal_5s/PHY_GRAVITY_005_Seed42/output_5s.mp4,None
unknown_action,None,unknown_camera,None,None,None,None,missing_path:action_trace_path;missing_path:camera_trajectory_path;missing_path:intrinsics_path;missing_matched_action_trace_id;missing_matched_camera_policy_id;video_not_decodable_or_unprobed,None,3g,3.0,None,None,unknown_initial_state,None,None,None,None,A first-person interactive world rollout. The character follows the given action sequence and camera trajectory. The scene is rendered under gravity: 3g.,replay_523ad9f8b9659fc6,physedit_294978ce00bc0181,PHY_GRAVITY_003_Seed1024,None,/home/nvme03/workspace/Wan2.2/results/ECCV_Rebuttal_5s/PHY_GRAVITY_003_Seed1024,MISSING_ACTION,False,/home/nvme03/workspace/Wan2.2/results/ECCV_Rebuttal_5s/PHY_GRAVITY_003_Seed1024/output_5s.mp4,None
unknown_action,None,unknown_camera,None,None,None,None,missing_path:action_trace_path;missing_path:camera_trajectory_path;missing_path:intrinsics_path;missing_matched_action_trace_id;missing_matched_camera_policy_id;video_not_decodable_or_unprobed,None,5g,5.0,None,None,unknown_initial_state,None,None,None,None,A first-person interactive world rollout. The character follows the given action sequence and camera trajectory. The scene is rendered under gravity: 5g.,replay_c3ee2b467708a786,physedit_2411e158bc9bbb05,PHY_GRAVITY_005_Seed2046,None,/home/nvme03/workspace/Wan2.2/results/ECCV_Rebuttal_5s/PHY_GRAVITY_005_Seed2046,MISSING_ACTION,False,/home/nvme03/workspace/Wan2.2/results/ECCV_Rebuttal_5s/PHY_GRAVITY_005_Seed2046/output_5s.mp4,None
unknown_action,None,unknown_camera,None,None,None,None,missing_path:action_trace_path;missing_path:camera_trajectory_path;missing_path:intrinsics_path;missing_matched_action_trace_id;missing_matched_camera_policy_id;video_not_decodable_or_unprobed,None,3g,3.0,None,None,unknown_initial_state,None,None,None,None,A first-person interactive world rollout. The character follows the given action sequence and camera trajectory. The scene is rendered under gravity: 3g.,replay_b1f425fb93ac5613,physedit_cabcfb1808c218d9,PHY_GRAVITY_003_Seed2046,None,/home/nvme03/workspace/Wan2.2/results/ECCV_Rebuttal_5s/PHY_GRAVITY_003_Seed2046,MISSING_ACTION,False,/home/nvme03/workspace/Wan2.2/results/ECCV_Rebuttal_5s/PHY_GRAVITY_003_Seed2046/output_5s.mp4,None
unknown_action,None,unknown_camera,None,None,None,None,missing_path:action_trace_path;missing_path:camera_trajectory_path;missing_path:intrinsics_path;missing_matched_action_trace_id;missing_matched_camera_policy_id;video_not_decodable_or_unprobed,None,1.0g,1.0,None,None,unknown_initial_state,None,None,None,None,A first-person interactive world rollout. The character follows the given action sequence and camera trajectory. The scene is rendered under gravity: 1.0g.,replay_6f1c9b9b58142e50,physedit_90238721274eaddd,PHY_GRAVITY_001_Seed42,None,/home/nvme03/workspace/Wan2.2/results/ECCV_Rebuttal_5s/PHY_GRAVITY_001_Seed42,MISSING_ACTION,False,/home/nvme03/workspace/Wan2.2/results/ECCV_Rebuttal_5s/PHY_GRAVITY_001_Seed42/output_5s.mp4,None
unknown_action,None,unknown_camera,None,None,None,None,missing_path:action_trace_path;missing_path:camera_trajectory_path;missing_path:intrinsics_path;missing_matched_action_trace_id;missing_matched_camera_policy_id;video_not_decodable_or_unprobed,None,2.0g,2.0,None,None,unknown_initial_state,None,None,None,None,A first-person interactive world rollout. The character follows the given action sequence and camera trajectory. The scene is rendered under gravity: 2.0g.,replay_3f83a5b71b08a978,physedit_5dccf6a04fa3a279,PHY_GRAVITY_002_Seed1024,None,/home/nvme03/workspace/Wan2.2/results/ECCV_Rebuttal_5s/PHY_GRAVITY_002_Seed1024,MISSING_ACTION,False,/home/nvme03/workspace/Wan2.2/results/ECCV_Rebuttal_5s/PHY_GRAVITY_002_Seed1024/output_5s.mp4,None
unknown_action,None,unknown_camera,None,None,None,None,missing_path:action_trace_path;missing_path:camera_trajectory_path;missing_path:intrinsics_path;missing_matched_action_trace_id;missing_matched_camera_policy_id;video_not_decodable_or_unprobed,None,2.0g,2.0,None,None,unknown_initial_state,None,None,None,None,A first-person interactive world rollout. The character follows the given action sequence and camera trajectory. The scene is rendered under gravity: 2.0g.,replay_2710d1f43d3fc39a,physedit_d1e7607dea97aa75,PHY_GRAVITY_002_Seed42,None,/home/nvme03/workspace/Wan2.2/results/ECCV_Rebuttal_5s/PHY_GRAVITY_002_Seed42,MISSING_ACTION,False,/home/nvme03/workspace/Wan2.2/results/ECCV_Rebuttal_5s/PHY_GRAVITY_002_Seed42/output_5s.mp4,None
unknown_action,None,unknown_camera,None,None,None,None,missing_path:action_trace_path;missing_path:camera_trajectory_path;missing_path:intrinsics_path;missing_matched_action_trace_id;missing_matched_camera_policy_id;video_not_decodable_or_unprobed,None,2.0g,2.0,None,None,unknown_initial_state,None,None,None,None,A first-person interactive world rollout. The character follows the given action sequence and camera trajectory. The scene is rendered under gravity: 2.0g.,replay_ee93064b8ba3edea,physedit_65912e41d01345da,PHY_GRAVITY_002_Seed2046,None,/home/nvme03/workspace/Wan2.2/results/ECCV_Rebuttal_5s/PHY_GRAVITY_002_Seed2046,MISSING_ACTION,False,/home/nvme03/workspace/Wan2.2/results/ECCV_Rebuttal_5s/PHY_GRAVITY_002_Seed2046/output_5s.mp4,None
unknown_action,None,unknown_camera,None,None,None,None,missing_path:action_trace_path;missing_path:camera_trajectory_path;missing_path:intrinsics_path;missing_matched_action_trace_id;missing_matched_camera_policy_id;video_not_decodable_or_unprobed,None,3g,3.0,None,None,unknown_initial_state,None,None,None,None,A first-person interactive world rollout. The character follows the given action sequence and camera trajectory. The scene is rendered under gravity: 3g.,replay_28c89bcb35d87139,physedit_9b3cf48cc63f49ae,PHY_GRAVITY_003_Seed42,None,/home/nvme03/workspace/Wan2.2/results/ECCV_Rebuttal_5s/PHY_GRAVITY_003_Seed42,MISSING_ACTION,False,/home/nvme03/workspace/Wan2.2/results/ECCV_Rebuttal_5s/PHY_GRAVITY_003_Seed42/output_5s.mp4,None
unknown_action,None,unknown_camera,None,None,None,None,missing_path:action_trace_path;missing_path:camera_trajectory_path;missing_path:intrinsics_path;missing_matched_action_trace_id;missing_matched_camera_policy_id;video_not_decodable_or_unprobed,None,1.0g,1.0,None,None,unknown_initial_state,None,None,None,None,A first-person interactive world rollout. The character follows the given action sequence and camera trajectory. The scene is rendered under gravity: 1.0g.,replay_ab552e152a810ded,physedit_9d7a55ae30d6d52e,PHY_GRAVITY_001_Seed2046,None,/home/nvme03/workspace/Wan2.2/results/ECCV_Rebuttal_5s/PHY_GRAVITY_001_Seed2046,MISSING_ACTION,False,/home/nvme03/workspace/Wan2.2/results/ECCV_Rebuttal_5s/PHY_GRAVITY_001_Seed2046/output_5s.mp4,None
unknown_action,None,unknown_camera,None,None,None,None,missing_path:action_trace_path;missing_path:camera_trajectory_path;missing_path:intrinsics_path;missing_matched_action_trace_id;missing_matched_camera_policy_id;video_not_decodable_or_unprobed,None,1.0g,1.0,None,None,unknown_initial_state,None,None,None,None,A first-person interactive world rollout. The character follows the given action sequence and camera trajectory. The scene is rendered under gravity: 1.0g.,replay_92565ff88fb7270f,physedit_379e7e94b906c2f9,PHY_GRAVITY_001_Seed1024,None,/home/nvme03/workspace/Wan2.2/results/ECCV_Rebuttal_5s/PHY_GRAVITY_001_Seed1024,MISSING_ACTION,False,/home/nvme03/workspace/Wan2.2/results/ECCV_Rebuttal_5s/PHY_GRAVITY_001_Seed1024/output_5s.mp4,None
unknown_action,None,unknown_camera,None,None,None,None,missing_path:action_trace_path;missing_path:camera_trajectory_path;missing_path:intrinsics_path;missing_matched_action_trace_id;missing_matched_camera_policy_id;video_not_decodable_or_unprobed,None,4.0g,4.0,None,None,unknown_initial_state,None,None,None,None,A first-person interactive world rollout. The character follows the given action sequence and camera trajectory. The scene is rendered under gravity: 4.0g.,replay_1110dda987a8e3b4,physedit_2ddfb263ef4d5126,PHY_GRAVITY_004_Seed1024,None,/home/nvme03/workspace/Wan2.2/results/ECCV_Rebuttal_5s/PHY_GRAVITY_004_Seed1024,MISSING_ACTION,False,/home/nvme03/workspace/Wan2.2/results/ECCV_Rebuttal_5s/PHY_GRAVITY_004_Seed1024/output_5s.mp4,None
unknown_action,None,unknown_camera,None,None,None,None,missing_path:action_trace_path;missing_path:camera_trajectory_path;missing_path:intrinsics_path;missing_matched_action_trace_id;missing_matched_camera_policy_id;video_not_decodable_or_unprobed,None,4.0g,4.0,None,None,unknown_initial_state,None,None,None,None,A first-person interactive world rollout. The character follows the given action sequence and camera trajectory. The scene is rendered under gravity: 4.0g.,replay_25bc1eb34f46f993,physedit_65ac9858f98cb00f,PHY_GRAVITY_004_Seed2046,None,/home/nvme03/workspace/Wan2.2/results/ECCV_Rebuttal_5s/PHY_GRAVITY_004_Seed2046,MISSING_ACTION,False,/home/nvme03/workspace/Wan2.2/results/ECCV_Rebuttal_5s/PHY_GRAVITY_004_Seed2046/output_5s.mp4,None
unknown_action,None,unknown_camera,None,None,None,None,missing_path:action_trace_path;missing_path:camera_trajectory_path;missing_path:intrinsics_path;missing_matched_action_trace_id;missing_matched_camera_policy_id;video_not_decodable_or_unprobed,None,1.0g,1.0,None,None,unknown_initial_state,None,None,None,None,A first-person interactive world rollout. The character follows the given action sequence and camera trajectory. The scene is rendered under gravity: 1.0g.,replay_0554a777506e225e,physedit_112ae4a06444e27c,PHY_GRAVITY_001_Seed_42,None,/home/nvme03/workspace/Wan2.2/results/ECCV_Rebuttal_5s_1_3B/PHY_GRAVITY_001_Seed_42,MISSING_ACTION,False,/home/nvme03/workspace/Wan2.2/results/ECCV_Rebuttal_5s_1_3B/PHY_GRAVITY_001_Seed_42/output_5s.mp4,None
unknown_action,None,unknown_camera,None,None,None,None,missing_path:action_trace_path;missing_path:camera_trajectory_path;missing_path:intrinsics_path;missing_matched_action_trace_id;missing_matched_camera_policy_id;video_not_decodable_or_unprobed,None,2.0g,2.0,None,None,unknown_initial_state,None,None,None,None,A first-person interactive world rollout. The character follows the given action sequence and camera trajectory. The scene is rendered under gravity: 2.0g.,replay_c6ab7cb2bbce70b7,physedit_2e1a0b2ba5996b97,PHY_GRAVITY_002_Seed_42,None,/home/nvme03/workspace/Wan2.2/results/ECCV_Rebuttal_5s_1_3B/PHY_GRAVITY_002_Seed_42,MISSING_ACTION,False,/home/nvme03/workspace/Wan2.2/results/ECCV_Rebuttal_5s_1_3B/PHY_GRAVITY_002_Seed_42/output_5s.mp4,None
unknown_action,None,unknown_camera,None,None,None,None,missing_path:action_trace_path;missing_path:camera_trajectory_path;missing_path:intrinsics_path;missing_matched_action_trace_id;missing_matched_camera_policy_id;video_not_decodable_or_unprobed,None,3g,3.0,None,None,unknown_initial_state,None,None,None,None,A first-person interactive world rollout. The character follows the given action sequence and camera trajectory. The scene is rendered under gravity: 3g.,replay_7ccb25c4fbab585b,physedit_dec1d7e08bd68ecc,PHY_GRAVITY_003_Seed_2046,None,/home/nvme03/workspace/Wan2.2/results/ECCV_Rebuttal_5s_1_3B/PHY_GRAVITY_003_Seed_2046,MISSING_ACTION,False,/home/nvme03/workspace/Wan2.2/results/ECCV_Rebuttal_5s_1_3B/PHY_GRAVITY_003_Seed_2046/output_5s.mp4,None
unknown_action,None,unknown_camera,None,None,None,None,missing_path:action_trace_path;missing_path:camera_trajectory_path;missing_path:intrinsics_path;missing_matched_action_trace_id;missing_matched_camera_policy_id;video_not_decodable_or_unprobed,None,3g,3.0,None,None,unknown_initial_state,None,None,None,None,A first-person interactive world rollout. The character follows the given action sequence and camera trajectory. The scene is rendered under gravity: 3g.,replay_7351d6311ebf2140,physedit_cf10757df698407a,PHY_GRAVITY_003_Seed_1024,None,/home/nvme03/workspace/Wan2.2/results/ECCV_Rebuttal_5s_1_3B/PHY_GRAVITY_003_Seed_1024,MISSING_ACTION,False,/home/nvme03/workspace/Wan2.2/results/ECCV_Rebuttal_5s_1_3B/PHY_GRAVITY_003_Seed_1024/output_5s.mp4,None
unknown_action,None,unknown_camera,None,None,None,None,missing_path:action_trace_path;missing_path:camera_trajectory_path;missing_path:intrinsics_path;missing_matched_action_trace_id;missing_matched_camera_policy_id;video_not_decodable_or_unprobed,None,4.0g,4.0,None,None,unknown_initial_state,None,None,None,None,A first-person interactive world rollout. The character follows the given action sequence and camera trajectory. The scene is rendered under gravity: 4.0g.,replay_f791d3c6c63dbe6a,physedit_9330b177e6a150cd,PHY_GRAVITY_004_Seed_1024,None,/home/nvme03/workspace/Wan2.2/results/ECCV_Rebuttal_5s_1_3B/PHY_GRAVITY_004_Seed_1024,MISSING_ACTION,False,/home/nvme03/workspace/Wan2.2/results/ECCV_Rebuttal_5s_1_3B/PHY_GRAVITY_004_Seed_1024/output_5s.mp4,None
unknown_action,None,unknown_camera,None,None,None,None,missing_path:action_trace_path;missing_path:camera_trajectory_path;missing_path:intrinsics_path;missing_matched_action_trace_id;missing_matched_camera_policy_id;video_not_decodable_or_unprobed,None,1.0g,1.0,None,None,unknown_initial_state,None,None,None,None,A first-person interactive world rollout. The character follows the given action sequence and camera trajectory. The scene is rendered under gravity: 1.0g.,replay_9cdb67ab4916a096,physedit_1cb3a3ae2cfb59ca,PHY_GRAVITY_001_Seed_1024,None,/home/nvme03/workspace/Wan2.2/results/ECCV_Rebuttal_5s_1_3B/PHY_GRAVITY_001_Seed_1024,MISSING_ACTION,False,/home/nvme03/workspace/Wan2.2/results/ECCV_Rebuttal_5s_1_3B/PHY_GRAVITY_001_Seed_1024/output_5s.mp4,None
unknown_action,None,unknown_camera,None,None,None,None,missing_path:action_trace_path;missing_path:camera_trajectory_path;missing_path:intrinsics_path;missing_matched_action_trace_id;missing_matched_camera_policy_id;video_not_decodable_or_unprobed,None,4.0g,4.0,None,None,unknown_initial_state,None,None,None,None,A first-person interactive world rollout. The character follows the given action sequence and camera trajectory. The scene is rendered under gravity: 4.0g.,replay_a300199e4a70bef6,physedit_0189b214f47f8eee,PHY_GRAVITY_004_Seed_42,None,/home/nvme03/workspace/Wan2.2/results/ECCV_Rebuttal_5s_1_3B/PHY_GRAVITY_004_Seed_42,MISSING_ACTION,False,/home/nvme03/workspace/Wan2.2/results/ECCV_Rebuttal_5s_1_3B/PHY_GRAVITY_004_Seed_42/output_5s.mp4,None
unknown_action,None,unknown_camera,None,None,None,None,missing_path:action_trace_path;missing_path:camera_trajectory_path;missing_path:intrinsics_path;missing_matched_action_trace_id;missing_matched_camera_policy_id;video_not_decodable_or_unprobed,None,5g,5.0,None,None,unknown_initial_state,None,None,None,None,A first-person interactive world rollout. The character follows the given action sequence and camera trajectory. The scene is rendered under gravity: 5g.,replay_c78737a4c82d1972,physedit_8ec27780c06658b3,PHY_GRAVITY_005_Seed_2046,None,/home/nvme03/workspace/Wan2.2/results/ECCV_Rebuttal_5s_1_3B/PHY_GRAVITY_005_Seed_2046,MISSING_ACTION,False,/home/nvme03/workspace/Wan2.2/results/ECCV_Rebuttal_5s_1_3B/PHY_GRAVITY_005_Seed_2046/output_5s.mp4,None
unknown_action,None,unknown_camera,None,None,None,None,missing_path:action_trace_path;missing_path:camera_trajectory_path;missing_path:intrinsics_path;missing_matched_action_trace_id;missing_matched_camera_policy_id;video_not_decodable_or_unprobed,None,5g,5.0,None,None,unknown_initial_state,None,None,None,None,A first-person interactive world rollout. The character follows the given action sequence and camera trajectory. The scene is rendered under gravity: 5g.,replay_e904a7309d6623a0,physedit_979f8a0d8d30a05a,PHY_GRAVITY_005_Seed_42,None,/home/nvme03/workspace/Wan2.2/results/ECCV_Rebuttal_5s_1_3B/PHY_GRAVITY_005_Seed_42,MISSING_ACTION,False,/home/nvme03/workspace/Wan2.2/results/ECCV_Rebuttal_5s_1_3B/PHY_GRAVITY_005_Seed_42/output_5s.mp4,None
unknown_action,None,unknown_camera,None,None,None,None,missing_path:action_trace_path;missing_path:camera_trajectory_path;missing_path:intrinsics_path;missing_matched_action_trace_id;missing_matched_camera_policy_id;video_not_decodable_or_unprobed,None,1.0g,1.0,None,None,unknown_initial_state,None,None,None,None,A first-person interactive world rollout. The character follows the given action sequence and camera trajectory. The scene is rendered under gravity: 1.0g.,replay_b9ef61a245ef108d,physedit_2a1f645b9688a911,PHY_GRAVITY_001_Seed_2046,None,/home/nvme03/workspace/Wan2.2/results/ECCV_Rebuttal_5s_1_3B/PHY_GRAVITY_001_Seed_2046,MISSING_ACTION,False,/home/nvme03/workspace/Wan2.2/results/ECCV_Rebuttal_5s_1_3B/PHY_GRAVITY_001_Seed_2046/output_5s.mp4,None
unknown_action,None,unknown_camera,None,None,None,None,missing_path:action_trace_path;missing_path:camera_trajectory_path;missing_path:intrinsics_path;missing_matched_action_trace_id;missing_matched_camera_policy_id;video_not_decodable_or_unprobed,None,5g,5.0,None,None,unknown_initial_state,None,None,None,None,A first-person interactive world rollout. The character follows the given action sequence and camera trajectory. The scene is rendered under gravity: 5g.,replay_047d38294484c2c1,physedit_85f4c4d919f0fc1d,PHY_GRAVITY_005_Seed_1024,None,/home/nvme03/workspace/Wan2.2/results/ECCV_Rebuttal_5s_1_3B/PHY_GRAVITY_005_Seed_1024,MISSING_ACTION,False,/home/nvme03/workspace/Wan2.2/results/ECCV_Rebuttal_5s_1_3B/PHY_GRAVITY_005_Seed_1024/output_5s.mp4,None
unknown_action,None,unknown_camera,None,None,None,None,missing_path:action_trace_path;missing_path:camera_trajectory_path;missing_path:intrinsics_path;missing_matched_action_trace_id;missing_matched_camera_policy_id;video_not_decodable_or_unprobed,None,2.0g,2.0,None,None,unknown_initial_state,None,None,None,None,A first-person interactive world rollout. The character follows the given action sequence and camera trajectory. The scene is rendered under gravity: 2.0g.,replay_a37f62065027fd8f,physedit_4771b1e425a88b54,PHY_GRAVITY_002_Seed_2046,None,/home/nvme03/workspace/Wan2.2/results/ECCV_Rebuttal_5s_1_3B/PHY_GRAVITY_002_Seed_2046,MISSING_ACTION,False,/home/nvme03/workspace/Wan2.2/results/ECCV_Rebuttal_5s_1_3B/PHY_GRAVITY_002_Seed_2046/output_5s.mp4,None
unknown_action,None,unknown_camera,None,None,None,None,missing_path:action_trace_path;missing_path:camera_trajectory_path;missing_path:intrinsics_path;missing_matched_action_trace_id;missing_matched_camera_policy_id;video_not_decodable_or_unprobed,None,4.0g,4.0,None,None,unknown_initial_state,None,None,None,None,A first-person interactive world rollout. The character follows the given action sequence and camera trajectory. The scene is rendered under gravity: 4.0g.,replay_04796a71b87ba6e1,physedit_7768864d125aa339,PHY_GRAVITY_004_Seed_2046,None,/home/nvme03/workspace/Wan2.2/results/ECCV_Rebuttal_5s_1_3B/PHY_GRAVITY_004_Seed_2046,MISSING_ACTION,False,/home/nvme03/workspace/Wan2.2/results/ECCV_Rebuttal_5s_1_3B/PHY_GRAVITY_004_Seed_2046/output_5s.mp4,None
unknown_action,None,unknown_camera,None,None,None,None,missing_path:action_trace_path;missing_path:camera_trajectory_path;missing_path:intrinsics_path;missing_matched_action_trace_id;missing_matched_camera_policy_id;video_not_decodable_or_unprobed,None,2.0g,2.0,None,None,unknown_initial_state,None,None,None,None,A first-person interactive world rollout. The character follows the given action sequence and camera trajectory. The scene is rendered under gravity: 2.0g.,replay_e9d85eb773c3e859,physedit_dbd9e51d0a0742c6,PHY_GRAVITY_002_Seed_1024,None,/home/nvme03/workspace/Wan2.2/results/ECCV_Rebuttal_5s_1_3B/PHY_GRAVITY_002_Seed_1024,MISSING_ACTION,False,/home/nvme03/workspace/Wan2.2/results/ECCV_Rebuttal_5s_1_3B/PHY_GRAVITY_002_Seed_1024/output_5s.mp4,None
unknown_action,None,unknown_camera,None,None,None,None,missing_path:action_trace_path;missing_path:camera_trajectory_path;missing_path:intrinsics_path;missing_matched_action_trace_id;missing_matched_camera_policy_id;video_not_decodable_or_unprobed,None,3g,3.0,None,None,unknown_initial_state,None,None,None,None,A first-person interactive world rollout. The character follows the given action sequence and camera trajectory. The scene is rendered under gravity: 3g.,replay_2772b73d921b4697,physedit_bc1be02a487f0e65,PHY_GRAVITY_003_Seed_42,None,/home/nvme03/workspace/Wan2.2/results/ECCV_Rebuttal_5s_1_3B/PHY_GRAVITY_003_Seed_42,MISSING_ACTION,False,/home/nvme03/workspace/Wan2.2/results/ECCV_Rebuttal_5s_1_3B/PHY_GRAVITY_003_Seed_42/output_5s.mp4,None
unknown_action,None,unknown_camera,None,None,None,None,missing_path:action_trace_path;missing_path:camera_trajectory_path;missing_path:intrinsics_path;missing_matched_action_trace_id;missing_matched_camera_policy_id;video_not_decodable_or_unprobed,None,1.0g,1.0,None,None,unknown_initial_state,None,None,None,None,A first-person interactive world rollout. The character follows the given action sequence and camera trajectory. The scene is rendered under gravity: 1.0g.,replay_0554a777506e225e,physedit_eaee4253bdecfabb,PHY_GRAVITY_001_Seed_42,None,/home/nvme03/workspace/Wan2.2/results/ECCV_Rebuttal_64s_1_3B/PHY_GRAVITY_001_Seed_42,MISSING_ACTION,False,/home/nvme03/workspace/Wan2.2/results/ECCV_Rebuttal_64s_1_3B/PHY_GRAVITY_001_Seed_42/output_64s.mp4,None
unknown_action,None,unknown_camera,None,None,None,None,missing_path:action_trace_path;missing_path:camera_trajectory_path;missing_path:intrinsics_path;missing_matched_action_trace_id;missing_matched_camera_policy_id;video_not_decodable_or_unprobed,None,2.0g,2.0,None,None,unknown_initial_state,None,None,None,None,A first-person interactive world rollout. The character follows the given action sequence and camera trajectory. The scene is rendered under gravity: 2.0g.,replay_c6ab7cb2bbce70b7,physedit_2afdb1406b445caa,PHY_GRAVITY_002_Seed_42,None,/home/nvme03/workspace/Wan2.2/results/ECCV_Rebuttal_64s_1_3B/PHY_GRAVITY_002_Seed_42,MISSING_ACTION,False,/home/nvme03/workspace/Wan2.2/results/ECCV_Rebuttal_64s_1_3B/PHY_GRAVITY_002_Seed_42/output_64s.mp4,None
unknown_action,None,unknown_camera,None,None,None,None,missing_path:action_trace_path;missing_path:camera_trajectory_path;missing_path:intrinsics_path;missing_matched_action_trace_id;missing_matched_camera_policy_id;video_not_decodable_or_unprobed,None,3g,3.0,None,None,unknown_initial_state,None,None,None,None,A first-person interactive world rollout. The character follows the given action sequence and camera trajectory. The scene is rendered under gravity: 3g.,replay_7ccb25c4fbab585b,physedit_86667a5acfa45307,PHY_GRAVITY_003_Seed_2046,None,/home/nvme03/workspace/Wan2.2/results/ECCV_Rebuttal_64s_1_3B/PHY_GRAVITY_003_Seed_2046,MISSING_ACTION,False,/home/nvme03/workspace/Wan2.2/results/ECCV_Rebuttal_64s_1_3B/PHY_GRAVITY_003_Seed_2046/output_64s.mp4,None
unknown_action,None,unknown_camera,None,None,None,None,missing_path:action_trace_path;missing_path:camera_trajectory_path;missing_path:intrinsics_path;missing_matched_action_trace_id;missing_matched_camera_policy_id;video_not_decodable_or_unprobed,None,3g,3.0,None,None,unknown_initial_state,None,None,None,None,A first-person interactive world rollout. The character follows the given action sequence and camera trajectory. The scene is rendered under gravity: 3g.,replay_7351d6311ebf2140,physedit_5c4b737c2467ca91,PHY_GRAVITY_003_Seed_1024,None,/home/nvme03/workspace/Wan2.2/results/ECCV_Rebuttal_64s_1_3B/PHY_GRAVITY_003_Seed_1024,MISSING_ACTION,False,/home/nvme03/workspace/Wan2.2/results/ECCV_Rebuttal_64s_1_3B/PHY_GRAVITY_003_Seed_1024/output_64s.mp4,None
unknown_action,None,unknown_camera,None,None,None,None,missing_path:action_trace_path;missing_path:camera_trajectory_path;missing_path:intrinsics_path;missing_matched_action_trace_id;missing_matched_camera_policy_id;video_not_decodable_or_unprobed,None,4.0g,4.0,None,None,unknown_initial_state,None,None,None,None,A first-person interactive world rollout. The character follows the given action sequence and camera trajectory. The scene is rendered under gravity: 4.0g.,replay_f791d3c6c63dbe6a,physedit_32a95fbde083f962,PHY_GRAVITY_004_Seed_1024,None,/home/nvme03/workspace/Wan2.2/results/ECCV_Rebuttal_64s_1_3B/PHY_GRAVITY_004_Seed_1024,MISSING_ACTION,False,/home/nvme03/workspace/Wan2.2/results/ECCV_Rebuttal_64s_1_3B/PHY_GRAVITY_004_Seed_1024/output_64s.mp4,None
