pair_id,pair_type,source,failure_type,condition_id,template,camera_motion,winner_video_path,loser_video_path,contact_sheet_path,loser_video_exists,loser_video_decodable,loser_frames,loser_width,loser_height,contact_sheet_exists,contact_sheet_readable,loser_crop_brightness,loser_crop_contrast,loser_crop_sharpness,winner_visual_quality,loser_visual_quality,reward_winner,reward_loser,reward_margin,PSNR,SSIM,sharpness_ratio,mean_absdiff,local_visible_diff,freeze_rate,brightness,contrast,reviewed,human_visible,medium_hard,visual_audit_ready,written_reason,reject_reasons,trainable_after_loser_audit,status
v6b_GT_C_001_01014_drop_orbit_left_72_seed40014,GT_C,rollout_derived,event_extra_objects,v6b_01014_drop_orbit_left_72_seed40014,drop,orbit_left_72,local_assets/targeted_BC_loser_mining_v6b/conditions/01014_drop_orbit_left_72_seed40014/clean_future_5_80.mp4,local_assets/targeted_BC_loser_mining_v6b/rollouts_16cond/M_C_camera_self_temporal_r4/videos/01014_drop_orbit_left_72_seed40014_M_C_camera_self_temporal_r4_future.mp4,reports/dpo_pair_factory_v11/contact_sheets/v6b_GT_C_001_01014_drop_orbit_left_72_seed40014.jpg,True,True,76,832,480,True,True,89.3723,69.2612,2482.8364,2,1,1.0,0.797908,0.202092,15.936225116905938,0.8003804408012706,0.19786348774951545,31.997888326644897,3.9997,0.0,112.79011731270032,69.7326636851553,True,True,True,True,"Contact sheet reviewed: prior v10b strict-ready pair retained after v11 audit; failure=event_extra_objects, reward_margin=0.202, sharpness_ratio=0.198.",,True,TRAINABLE
v6b_GT_C_002_03410_roll_orbit_right_60_seed42410,GT_C,rollout_derived,event_missing_or_fragments,v6b_03410_roll_orbit_right_60_seed42410,roll,orbit_right_60,local_assets/targeted_BC_loser_mining_v6b/conditions/03410_roll_orbit_right_60_seed42410/clean_future_5_80.mp4,local_assets/targeted_BC_loser_mining_v6b/rollouts_16cond/M_C_camera_self_temporal_r4/videos/03410_roll_orbit_right_60_seed42410_M_C_camera_self_temporal_r4_future.mp4,reports/dpo_pair_factory_v11/contact_sheets/v6b_GT_C_002_03410_roll_orbit_right_60_seed42410.jpg,True,True,76,832,480,True,True,71.2577,40.9662,1669.9257,2,1,1.0,0.799522,0.200478,15.804267647217166,0.8077490782437742,0.14765281084264678,31.74235248565674,3.9678,0.0,102.61242800981572,54.490035591428665,True,True,True,True,"Contact sheet reviewed: prior v10b strict-ready pair retained after v11 audit; failure=event_missing_or_fragments, reward_margin=0.200, sharpness_ratio=0.148.",,True,TRAINABLE
v6b_GT_C_003_03418_roll_orbit_right_60_seed42418,GT_C,rollout_derived,physical_event_fragments,v6b_03418_roll_orbit_right_60_seed42418,roll,orbit_right_60,local_assets/targeted_BC_loser_mining_v6b/conditions/03418_roll_orbit_right_60_seed42418/clean_future_5_80.mp4,local_assets/targeted_BC_loser_mining_v6b/rollouts_16cond/M_C_camera_self_temporal_r4/videos/03418_roll_orbit_right_60_seed42418_M_C_camera_self_temporal_r4_future.mp4,reports/dpo_pair_factory_v11/contact_sheets/v6b_GT_C_003_03418_roll_orbit_right_60_seed42418.jpg,True,True,76,832,480,True,True,54.1373,25.3571,1635.7918,2,1,1.0,0.837569,0.162431,18.705065415246327,0.7956787168579373,0.1288235697500147,25.718196630477905,3.2148,0.0,83.59560296474359,50.70447182631439,True,True,True,True,"Contact sheet reviewed: prior v10b strict-ready pair retained after v11 audit; failure=physical_event_fragments, reward_margin=0.162, sharpness_ratio=0.129.",,True,TRAINABLE
v6b_GT_C_004_04204_containment_orbit_left_44_seed43204,GT_C,rollout_derived,containment_failure,v6b_04204_containment_orbit_left_44_seed43204,containment,orbit_left_44,local_assets/targeted_BC_loser_mining_v6b/conditions/04204_containment_orbit_left_44_seed43204/clean_future_5_80.mp4,local_assets/targeted_BC_loser_mining_v6b/rollouts_16cond/M_C_camera_self_temporal_r4/videos/04204_containment_orbit_left_44_seed43204_M_C_camera_self_temporal_r4_future.mp4,reports/dpo_pair_factory_v11/contact_sheets/v6b_GT_C_004_04204_containment_orbit_left_44_seed43204.jpg,True,True,76,832,480,True,True,41.3605,22.1829,1082.5626,2,1,1.0,0.828763,0.171237,17.779907956649744,0.8002355792152779,0.285422898273765,27.112513780593872,3.3891,0.0,75.73776292067308,61.56719754957261,True,True,True,True,"Contact sheet reviewed: prior v10b strict-ready pair retained after v11 audit; failure=containment_failure, reward_margin=0.171, sharpness_ratio=0.285.",,True,TRAINABLE
v6b_GT_C_005_04209_containment_orbit_left_44_seed43209,GT_C,rollout_derived,containment_failure,v6b_04209_containment_orbit_left_44_seed43209,containment,orbit_left_44,local_assets/targeted_BC_loser_mining_v6b/conditions/04209_containment_orbit_left_44_seed43209/clean_future_5_80.mp4,local_assets/targeted_BC_loser_mining_v6b/rollouts_16cond/M_C_camera_self_temporal_r4/videos/04209_containment_orbit_left_44_seed43209_M_C_camera_self_temporal_r4_future.mp4,reports/dpo_pair_factory_v11/contact_sheets/v6b_GT_C_005_04209_containment_orbit_left_44_seed43209.jpg,True,True,76,832,480,True,True,43.5138,34.4803,1923.433,2,1,1.0,0.735291,0.264709,18.174237442644486,0.8486255195959235,0.4561257428660863,25.147397875785828,3.1434,0.0,85.27443972856571,74.49282399314254,True,True,True,True,"Contact sheet reviewed: prior v10b strict-ready pair retained after v11 audit; failure=containment_failure, reward_margin=0.265, sharpness_ratio=0.456.",,True,TRAINABLE
v6b_GT_C_006_04214_containment_orbit_left_44_seed43214,GT_C,rollout_derived,foreground_identity_event,v6b_04214_containment_orbit_left_44_seed43214,containment,orbit_left_44,local_assets/targeted_BC_loser_mining_v6b/conditions/04214_containment_orbit_left_44_seed43214/clean_future_5_80.mp4,local_assets/targeted_BC_loser_mining_v6b/rollouts_16cond/M_C_camera_self_temporal_r4/videos/04214_containment_orbit_left_44_seed43214_M_C_camera_self_temporal_r4_future.mp4,reports/dpo_pair_factory_v11/contact_sheets/v6b_GT_C_006_04214_containment_orbit_left_44_seed43214.jpg,True,True,76,832,480,True,True,78.2847,53.6718,3805.6104,2,1,1.0,0.800795,0.199205,16.32541222374391,0.7804404611373861,0.3532178543282599,31.54074501991272,3.9426,0.0,107.88514936398238,68.01412205624884,True,True,True,True,"Contact sheet reviewed: prior v10b strict-ready pair retained after v11 audit; failure=foreground_identity_event, reward_margin=0.199, sharpness_ratio=0.353.",,True,TRAINABLE
v6b_GT_C_007_04228_containment_orbit_left_44_seed43228,GT_C,rollout_derived,containment_failure,v6b_04228_containment_orbit_left_44_seed43228,containment,orbit_left_44,local_assets/targeted_BC_loser_mining_v6b/conditions/04228_containment_orbit_left_44_seed43228/clean_future_5_80.mp4,local_assets/targeted_BC_loser_mining_v6b/rollouts_16cond/M_C_camera_self_temporal_r4/videos/04228_containment_orbit_left_44_seed43228_M_C_camera_self_temporal_r4_future.mp4,reports/dpo_pair_factory_v11/contact_sheets/v6b_GT_C_007_04228_containment_orbit_left_44_seed43228.jpg,True,True,76,832,480,True,True,79.5691,49.5478,4204.498,2,1,1.0,0.64723,0.35277,16.474827822836772,0.7545085494853389,0.7287084025565788,33.51313233375549,4.1891,0.0,114.67943584735578,64.95670784230096,True,True,True,True,"Contact sheet reviewed: prior v10b strict-ready pair retained after v11 audit; failure=containment_failure, reward_margin=0.353, sharpness_ratio=0.729.",,True,TRAINABLE
v6b_GT_C_008_01029_drop_orbit_left_72_seed40029,GT_C,rollout_derived,foreground_identity_extra_objects,v6b_01029_drop_orbit_left_72_seed40029,drop,orbit_left_72,local_assets/targeted_BC_loser_mining_v6b/conditions/01029_drop_orbit_left_72_seed40029/clean_future_5_80.mp4,local_assets/targeted_BC_loser_mining_v6b/rollouts_32cond/M_C_camera_self_temporal_r4/videos/01029_drop_orbit_left_72_seed40029_M_C_camera_self_temporal_r4_future.mp4,reports/dpo_pair_factory_v11/contact_sheets/v6b_GT_C_008_01029_drop_orbit_left_72_seed40029.jpg,True,True,76,832,480,True,True,93.5224,66.5995,2681.0643,2,1,1.0,0.803048,0.196952,16.42814420737213,0.7101192541208448,0.2845491840904747,31.18413019180298,3.898,0.0,117.39044971955128,61.58966924954411,True,True,True,True,"Contact sheet reviewed: prior v10b strict-ready pair retained after v11 audit; failure=foreground_identity_extra_objects, reward_margin=0.197, sharpness_ratio=0.285.",,True,TRAINABLE
v6b_GT_C_009_01032_drop_orbit_left_72_seed40032,GT_C,rollout_derived,foreground_identity_extra_objects,v6b_01032_drop_orbit_left_72_seed40032,drop,orbit_left_72,local_assets/targeted_BC_loser_mining_v6b/conditions/01032_drop_orbit_left_72_seed40032/clean_future_5_80.mp4,local_assets/targeted_BC_loser_mining_v6b/rollouts_32cond/M_C_camera_self_temporal_r4/videos/01032_drop_orbit_left_72_seed40032_M_C_camera_self_temporal_r4_future.mp4,reports/dpo_pair_factory_v11/contact_sheets/v6b_GT_C_009_01032_drop_orbit_left_72_seed40032.jpg,True,True,76,832,480,True,True,107.8569,64.5524,1991.4818,2,1,1.0,0.828413,0.171587,17.60902023032934,0.7466112513458077,0.293120806516633,27.16793704032898,3.396,0.0,140.08498848157052,51.57034454663736,True,True,True,True,"Contact sheet reviewed: prior v10b strict-ready pair retained after v11 audit; failure=foreground_identity_extra_objects, reward_margin=0.172, sharpness_ratio=0.293.",,True,TRAINABLE
v6b_GT_C_011_02276_collision_orbit_right_64_seed41276,GT_C,rollout_derived,collision_event_failure,v6b_02276_collision_orbit_right_64_seed41276,collision,orbit_right_64,local_assets/targeted_BC_loser_mining_v6b/conditions/02276_collision_orbit_right_64_seed41276/clean_future_5_80.mp4,local_assets/targeted_BC_loser_mining_v6b/rollouts_32cond/M_C_camera_self_temporal_r4/videos/02276_collision_orbit_right_64_seed41276_M_C_camera_self_temporal_r4_future.mp4,reports/dpo_pair_factory_v11/contact_sheets/v6b_GT_C_011_02276_collision_orbit_right_64_seed41276.jpg,True,True,76,832,480,True,True,50.3145,20.4597,1462.9893,2,1,1.0,0.848146,0.151854,18.91346852258637,0.8490317759968657,0.09874416083230855,24.043543100357056,3.0054,0.0,75.49850010016026,57.264681119777364,True,True,True,True,"Contact sheet reviewed: prior v10b strict-ready pair retained after v11 audit; failure=collision_event_failure, reward_margin=0.152, sharpness_ratio=0.099.",,True,TRAINABLE
v6b_GT_C_012_02284_collision_orbit_right_64_seed41284,GT_C,rollout_derived,collision_extra_objects,v6b_02284_collision_orbit_right_64_seed41284,collision,orbit_right_64,local_assets/targeted_BC_loser_mining_v6b/conditions/02284_collision_orbit_right_64_seed41284/clean_future_5_80.mp4,local_assets/targeted_BC_loser_mining_v6b/rollouts_32cond/M_C_camera_self_temporal_r4/videos/02284_collision_orbit_right_64_seed41284_M_C_camera_self_temporal_r4_future.mp4,reports/dpo_pair_factory_v11/contact_sheets/v6b_GT_C_012_02284_collision_orbit_right_64_seed41284.jpg,True,True,76,832,480,True,True,61.057,41.4886,2024.3298,2,1,1.0,0.783432,0.216568,16.68731841107077,0.8271374347505237,0.11005105129773152,34.289907932281494,4.2862,0.0,111.71784104567307,81.31447256935829,True,True,True,True,"Contact sheet reviewed: prior v10b strict-ready pair retained after v11 audit; failure=collision_extra_objects, reward_margin=0.217, sharpness_ratio=0.110.",,True,TRAINABLE
v6b_GT_C_013_03435_roll_orbit_right_60_seed42435,GT_C,rollout_derived,roll_identity_event,v6b_03435_roll_orbit_right_60_seed42435,roll,orbit_right_60,local_assets/targeted_BC_loser_mining_v6b/conditions/03435_roll_orbit_right_60_seed42435/clean_future_5_80.mp4,local_assets/targeted_BC_loser_mining_v6b/rollouts_32cond/M_C_camera_self_temporal_r4/videos/03435_roll_orbit_right_60_seed42435_M_C_camera_self_temporal_r4_future.mp4,reports/dpo_pair_factory_v11/contact_sheets/v6b_GT_C_013_03435_roll_orbit_right_60_seed42435.jpg,True,True,76,832,480,True,True,70.3561,62.5379,1966.9414,2,1,1.0,0.832721,0.167279,18.05195929557641,0.8510617504567375,0.13316218835549662,26.48590922355652,3.3107,0.0,92.98485013521635,68.68587197656842,True,True,True,True,"Contact sheet reviewed: prior v10b strict-ready pair retained after v11 audit; failure=roll_identity_event, reward_margin=0.167, sharpness_ratio=0.133.",,True,TRAINABLE
v6b_GT_C_014_03437_roll_orbit_right_60_seed42437,GT_C,rollout_derived,roll_identity_event,v6b_03437_roll_orbit_right_60_seed42437,roll,orbit_right_60,local_assets/targeted_BC_loser_mining_v6b/conditions/03437_roll_orbit_right_60_seed42437/clean_future_5_80.mp4,local_assets/targeted_BC_loser_mining_v6b/rollouts_32cond/M_C_camera_self_temporal_r4/videos/03437_roll_orbit_right_60_seed42437_M_C_camera_self_temporal_r4_future.mp4,reports/dpo_pair_factory_v11/contact_sheets/v6b_GT_C_014_03437_roll_orbit_right_60_seed42437.jpg,True,True,76,832,480,True,True,72.7024,47.7284,1797.8119,2,1,1.0,0.858398,0.141602,17.152294798129244,0.7600534148289568,0.15065194178596558,22.420341968536377,2.8025,0.0,99.62550330528848,50.32670329155249,True,True,True,True,"Contact sheet reviewed: prior v10b strict-ready pair retained after v11 audit; failure=roll_identity_event, reward_margin=0.142, sharpness_ratio=0.151.",,True,TRAINABLE
v6b_GT_C_015_04248_containment_orbit_left_44_seed43248,GT_C,rollout_derived,containment_extra_objects,v6b_04248_containment_orbit_left_44_seed43248,containment,orbit_left_44,local_assets/targeted_BC_loser_mining_v6b/conditions/04248_containment_orbit_left_44_seed43248/clean_future_5_80.mp4,local_assets/targeted_BC_loser_mining_v6b/rollouts_32cond/M_C_camera_self_temporal_r4/videos/04248_containment_orbit_left_44_seed43248_M_C_camera_self_temporal_r4_future.mp4,reports/dpo_pair_factory_v11/contact_sheets/v6b_GT_C_015_04248_containment_orbit_left_44_seed43248.jpg,True,True,76,832,480,True,True,48.4693,34.9603,1725.9946,2,1,1.0,0.816652,0.183348,16.532035565474235,0.7752738091908007,0.16173951024593447,29.030033588409424,3.6288,0.0,82.97221867487981,72.03217339305789,True,True,True,True,"Contact sheet reviewed: prior v10b strict-ready pair retained after v11 audit; failure=containment_extra_objects, reward_margin=0.183, sharpness_ratio=0.162.",,True,TRAINABLE
v6b_GT_C_016_04249_containment_orbit_left_44_seed43249,GT_C,rollout_derived,containment_extra_objects,v6b_04249_containment_orbit_left_44_seed43249,containment,orbit_left_44,local_assets/targeted_BC_loser_mining_v6b/conditions/04249_containment_orbit_left_44_seed43249/clean_future_5_80.mp4,local_assets/targeted_BC_loser_mining_v6b/rollouts_32cond/M_C_camera_self_temporal_r4/videos/04249_containment_orbit_left_44_seed43249_M_C_camera_self_temporal_r4_future.mp4,reports/dpo_pair_factory_v11/contact_sheets/v6b_GT_C_016_04249_containment_orbit_left_44_seed43249.jpg,True,True,76,832,480,True,True,70.761,59.5933,2077.1115,2,1,1.0,0.793206,0.206794,16.4285228472487,0.8257167127619776,0.27501860732599015,32.74233388900757,4.0928,0.0,118.22673778044873,77.02216121732349,True,True,True,True,"Contact sheet reviewed: prior v10b strict-ready pair retained after v11 audit; failure=containment_extra_objects, reward_margin=0.207, sharpness_ratio=0.275.",,True,TRAINABLE
protocol_v4_TypeAplus_022_s4_strong_pass_object_identity_change_local,TypeA_plus,TypeA_plus,object_identity_change_local,02222_collision_orbit_right_64_seed41222,collision,,local_assets/dpo_prefix5_pairs_20260627_031729/clean_futures/02222_collision_orbit_right_64_seed41222/clean_future_5_80.mp4,local_assets/dpo_pair_hardness_v4/typeA_strength_sweep/protocol_v4_TypeAplus_022_s4_strong_pass_object_identity_change_local/loser_future.mp4,reports/dpo_pair_factory_v11/contact_sheets/protocol_v4_TypeAplus_022_s4_strong_pass_object_identity_change_local.jpg,True,True,76,832,480,True,True,72.8285,45.6757,2021.4888,2,1,1.0,0.88,0.12,28.662665183457236,0.9986088629185584,0.851209034090488,4.517315030097961,1.0,0.0,110.49230018028845,55.826626210711844,True,True,True,True,"Contact sheet reviewed: prior v10b strict-ready pair retained after v11 audit; failure=object_identity_change_local, reward_margin=0.120, sharpness_ratio=0.851.",too_subtle_metric,False,REJECT_OR_REVIEW
protocol_v4_TypeAplus_024_s4_strong_pass_partial_freeze,TypeA_plus,TypeA_plus,partial_freeze,02226_collision_orbit_right_64_seed41226,collision,,local_assets/dpo_prefix5_pairs_20260627_031729/clean_futures/02226_collision_orbit_right_64_seed41226/clean_future_5_80.mp4,local_assets/dpo_pair_hardness_v4/typeA_strength_sweep/protocol_v4_TypeAplus_024_s4_strong_pass_partial_freeze/loser_future.mp4,reports/dpo_pair_factory_v11/contact_sheets/protocol_v4_TypeAplus_024_s4_strong_pass_partial_freeze.jpg,True,True,76,832,480,True,True,62.8682,35.876,2083.4076,2,1,1.0,0.88,0.12,33.489523936963316,0.9935886370696699,0.8800261610047766,2.904432326555252,1.25,0.0,102.93438251201923,57.29360684507073,True,True,True,True,"Contact sheet reviewed: prior v10b strict-ready pair retained after v11 audit; failure=partial_freeze, reward_margin=0.120, sharpness_ratio=0.880.",too_subtle_metric,False,REJECT_OR_REVIEW
protocol_v4_TypeAplus_028_s4_strong_pass_partial_freeze,TypeA_plus,TypeA_plus,partial_freeze,02226_collision_orbit_right_64_seed41226,collision,,local_assets/dpo_prefix5_pairs_20260627_031729/clean_futures/02226_collision_orbit_right_64_seed41226/clean_future_5_80.mp4,local_assets/dpo_pair_hardness_v4/typeA_strength_sweep/protocol_v4_TypeAplus_028_s4_strong_pass_partial_freeze/loser_future.mp4,reports/dpo_pair_factory_v11/contact_sheets/protocol_v4_TypeAplus_028_s4_strong_pass_partial_freeze.jpg,True,True,76,832,480,True,True,62.8682,35.876,2083.4076,2,1,1.0,0.88,0.12,33.489523936963316,0.9935886370696699,0.8800261610047766,2.904432326555252,1.25,0.0,102.93438251201923,57.29360684507073,True,True,True,True,"Contact sheet reviewed: prior v10b strict-ready pair retained after v11 audit; failure=partial_freeze, reward_margin=0.120, sharpness_ratio=0.880.",too_subtle_metric,False,REJECT_OR_REVIEW
v11_SYN_0017_02215_collision_strafe_left_180_seed41215_background_drift_visible,TypeM_v11_synthetic_visible,synthetic_controlled,background_drift_visible,02215_collision_strafe_left_180_seed41215,collision,strafe_left_180,local_assets/dpo_pair_factory_v10/recovered_conditions/02215_collision_strafe_left_180_seed41215/clean_future_5_80.mp4,local_assets/dpo_pair_factory_v11/synthetic_pairs/pairs/v11_SYN_0017_02215_collision_strafe_left_180_seed41215_background_drift_visible/loser_future.mp4,reports/dpo_pair_factory_v11/contact_sheets/v11_SYN_0017_02215_collision_strafe_left_180_seed41215_background_drift_visible.jpg,True,True,76,832,480,True,True,70.2326,41.219,1833.2236,2,1,1.0,0.88,0.12,40.35073990148133,0.9992144415253856,0.9784292094686089,1.958491325378418,6.4,0.0,102.3914087540064,47.94702123155068,True,True,True,True,"Contact sheet reviewed: visible medium-hard background_drift_visible; loser remains readable, reward_margin=0.120, sharpness_ratio=0.978, mean_absdiff=1.96, local_absdiff=4.75.",,True,TRAINABLE
v11_SYN_0013_02215_collision_strafe_left_180_seed41215_collision_response_failure_synthetic,TypeM_v11_synthetic_visible,synthetic_controlled,collision_response_failure_synthetic,02215_collision_strafe_left_180_seed41215,collision,strafe_left_180,local_assets/dpo_pair_factory_v10/recovered_conditions/02215_collision_strafe_left_180_seed41215/clean_future_5_80.mp4,local_assets/dpo_pair_factory_v11/synthetic_pairs/pairs/v11_SYN_0013_02215_collision_strafe_left_180_seed41215_collision_response_failure_synthetic/loser_future.mp4,reports/dpo_pair_factory_v11/contact_sheets/v11_SYN_0013_02215_collision_strafe_left_180_seed41215_collision_response_failure_synthetic.jpg,True,True,76,832,480,True,True,70.7158,41.073,1884.2891,2,1,1.0,0.88,0.12,37.41697393558137,0.9966019070272211,0.9850715589304955,2.173684775829315,10.8,0.0,102.17358398437501,47.847186831584324,True,True,True,True,"Contact sheet reviewed: visible medium-hard collision_response_failure_synthetic; loser remains readable, reward_margin=0.120, sharpness_ratio=0.985, mean_absdiff=2.17, local_absdiff=7.10.",,True,TRAINABLE
v11_SYN_0223_04209_containment_orbit_left_44_seed43209_containment_failure_synthetic,TypeM_v11_synthetic_visible,synthetic_controlled,containment_failure_synthetic,04209_containment_orbit_left_44_seed43209,containment,orbit_left_44,local_assets/dpo_pair_factory_v10/recovered_conditions/04209_containment_orbit_left_44_seed43209/clean_future_5_80.mp4,local_assets/dpo_pair_factory_v11/synthetic_pairs/pairs/v11_SYN_0223_04209_containment_orbit_left_44_seed43209_containment_failure_synthetic/loser_future.mp4,reports/dpo_pair_factory_v11/contact_sheets/v11_SYN_0223_04209_containment_orbit_left_44_seed43209_containment_failure_synthetic.jpg,True,True,76,832,480,True,True,44.8477,29.7362,1271.9473,2,1,1.0,0.867861,0.132139,37.69628701928906,0.994565447201934,0.9941486690801175,2.3642889261245728,23.6,0.0,77.52271822415865,58.64676064283253,True,True,True,True,"Contact sheet reviewed: visible medium-hard containment_failure_synthetic; loser remains readable, reward_margin=0.132, sharpness_ratio=0.994, mean_absdiff=2.36, local_absdiff=9.25.",,True,TRAINABLE
v11_SYN_0379_01002_drop_orbit_left_72_seed40002_drop_motion_failure_synthetic,TypeM_v11_synthetic_visible,synthetic_controlled,drop_motion_failure_synthetic,01002_drop_orbit_left_72_seed40002,drop,orbit_left_72,local_assets/dpo_pair_factory_v10/recovered_conditions/01002_drop_orbit_left_72_seed40002/clean_future_5_80.mp4,local_assets/dpo_pair_factory_v11/synthetic_pairs/pairs/v11_SYN_0379_01002_drop_orbit_left_72_seed40002_drop_motion_failure_synthetic/loser_future.mp4,reports/dpo_pair_factory_v11/contact_sheets/v11_SYN_0379_01002_drop_orbit_left_72_seed40002_drop_motion_failure_synthetic.jpg,True,True,76,832,480,True,True,99.4547,61.0748,1982.8533,2,1,1.0,0.88,0.12,39.280926533351206,0.9976255093690495,0.9889788883538306,1.9107926785945892,12.8,0.0,128.58092009715546,48.059789991615425,True,True,True,True,"Contact sheet reviewed: visible medium-hard drop_motion_failure_synthetic; loser remains readable, reward_margin=0.120, sharpness_ratio=0.989, mean_absdiff=1.91, local_absdiff=5.89.",,True,TRAINABLE
v10_TypeM_067_01014_drop_orbit_left_72_seed40014_foreground_identity_color_shift,TypeM_v10_synthetic_visible,synthetic_controlled,foreground_identity_color_shift,01014_drop_orbit_left_72_seed40014,drop,orbit_left_72,local_assets/dpo_pair_factory_v10/recovered_conditions/01014_drop_orbit_left_72_seed40014/clean_future_5_80.mp4,local_assets/dpo_pair_factory_v10/synthetic_visible_negatives/pairs/v10_TypeM_067_01014_drop_orbit_left_72_seed40014_foreground_identity_color_shift/loser_future.mp4,reports/dpo_pair_factory_v11/contact_sheets/v10_TypeM_067_01014_drop_orbit_left_72_seed40014_foreground_identity_color_shift.jpg,True,True,76,832,480,True,True,87.1223,60.7242,2742.7402,2,1,1.0,0.59003,0.40997,32.55058900426737,0.9947396771715254,1.0023969251658333,3.7762491106987,44.8,0.0,102.3796173878205,54.84878675652683,True,True,True,True,"Contact sheet reviewed: prior v10b strict-ready pair retained after v11 audit; failure=foreground_identity_color_shift, reward_margin=0.410, sharpness_ratio=1.002.",,True,TRAINABLE
v10_TypeM_066_01013_drop_orbit_left_72_seed40013_local_patch_drift,TypeM_v10_synthetic_visible,synthetic_controlled,local_patch_drift,01013_drop_orbit_left_72_seed40013,drop,orbit_left_72,local_assets/dpo_pair_factory_v10/recovered_conditions/01013_drop_orbit_left_72_seed40013/clean_future_5_80.mp4,local_assets/dpo_pair_factory_v10/synthetic_visible_negatives/pairs/v10_TypeM_066_01013_drop_orbit_left_72_seed40013_local_patch_drift/loser_future.mp4,reports/dpo_pair_factory_v11/contact_sheets/v10_TypeM_066_01013_drop_orbit_left_72_seed40013_local_patch_drift.jpg,True,True,76,832,480,True,True,85.0291,61.5518,3034.0167,2,1,1.0,0.748548,0.251452,33.27713892577345,0.9810812817914509,1.0253052511986502,3.020954817533493,42.4,0.0,100.04128230168268,56.02816066973759,True,True,True,True,"Contact sheet reviewed: prior v10b strict-ready pair retained after v11 audit; failure=local_patch_drift, reward_margin=0.251, sharpness_ratio=1.025.",,True,TRAINABLE
v10_TypeM_065_01008_drop_orbit_left_72_seed40008_local_patch_freeze,TypeM_v10_synthetic_visible,synthetic_controlled,local_patch_freeze,01008_drop_orbit_left_72_seed40008,drop,orbit_left_72,local_assets/dpo_pair_factory_v10/recovered_conditions/01008_drop_orbit_left_72_seed40008/clean_future_5_80.mp4,local_assets/dpo_pair_factory_v10/synthetic_visible_negatives/pairs/v10_TypeM_065_01008_drop_orbit_left_72_seed40008_local_patch_freeze/loser_future.mp4,reports/dpo_pair_factory_v11/contact_sheets/v10_TypeM_065_01008_drop_orbit_left_72_seed40008_local_patch_freeze.jpg,True,True,76,832,480,True,True,82.2633,60.8442,3197.2815,2,1,1.0,0.812562,0.187438,35.30053717315181,0.9928148306876863,1.0150462334987833,2.4999814331531525,23.2,0.0,88.27198705428685,55.09147138473168,True,True,True,True,"Contact sheet reviewed: prior v10b strict-ready pair retained after v11 audit; failure=local_patch_freeze, reward_margin=0.187, sharpness_ratio=1.015.",,True,TRAINABLE
v11_SYN_0387_01008_drop_orbit_left_72_seed40008_local_scene_patch_drift,TypeM_v11_synthetic_visible,synthetic_controlled,local_scene_patch_drift,01008_drop_orbit_left_72_seed40008,drop,orbit_left_72,local_assets/dpo_pair_factory_v10/recovered_conditions/01008_drop_orbit_left_72_seed40008/clean_future_5_80.mp4,local_assets/dpo_pair_factory_v11/synthetic_pairs/pairs/v11_SYN_0387_01008_drop_orbit_left_72_seed40008_local_scene_patch_drift/loser_future.mp4,reports/dpo_pair_factory_v11/contact_sheets/v11_SYN_0387_01008_drop_orbit_left_72_seed40008_local_scene_patch_drift.jpg,True,True,76,832,480,True,True,82.8865,60.8527,3199.9142,2,1,1.0,0.88,0.12,38.260971423599756,0.9980006616709797,0.9828448356513803,2.1299971640110016,9.2,0.0,88.58521509415064,55.10056212197214,True,True,True,True,"Contact sheet reviewed: visible medium-hard local_scene_patch_drift; loser remains readable, reward_margin=0.120, sharpness_ratio=0.983, mean_absdiff=2.13, local_absdiff=7.21.",,True,TRAINABLE
v10_TypeM_064_01002_drop_orbit_left_72_seed40002_local_temporal_jump,TypeM_v10_synthetic_visible,synthetic_controlled,local_temporal_jump,01002_drop_orbit_left_72_seed40002,drop,orbit_left_72,local_assets/dpo_pair_factory_v10/recovered_conditions/01002_drop_orbit_left_72_seed40002/clean_future_5_80.mp4,local_assets/dpo_pair_factory_v10/synthetic_visible_negatives/pairs/v10_TypeM_064_01002_drop_orbit_left_72_seed40002_local_temporal_jump/loser_future.mp4,reports/dpo_pair_factory_v11/contact_sheets/v10_TypeM_064_01002_drop_orbit_left_72_seed40002_local_temporal_jump.jpg,True,True,76,832,480,True,True,98.4345,61.2113,1966.1698,2,1,1.0,0.71635,0.28365,32.997927676599566,0.9772139875829439,1.0902609604769467,3.126711755990982,42.4,0.0,128.40758338341345,47.94354217404349,True,True,True,True,"Contact sheet reviewed: prior v10b strict-ready pair retained after v11 audit; failure=local_temporal_jump, reward_margin=0.284, sharpness_ratio=1.090.",,True,TRAINABLE
v11_SYN_0038_02239_collision_strafe_left_180_seed41239_object_deformation_visible,TypeM_v11_synthetic_visible,synthetic_controlled,object_deformation_visible,02239_collision_strafe_left_180_seed41239,collision,strafe_left_180,local_assets/dpo_pair_factory_v10/recovered_conditions/02239_collision_strafe_left_180_seed41239/clean_future_5_80.mp4,local_assets/dpo_pair_factory_v11/synthetic_pairs/pairs/v11_SYN_0038_02239_collision_strafe_left_180_seed41239_object_deformation_visible/loser_future.mp4,reports/dpo_pair_factory_v11/contact_sheets/v11_SYN_0038_02239_collision_strafe_left_180_seed41239_object_deformation_visible.jpg,True,True,76,832,480,True,True,53.5595,22.6678,1896.7088,2,1,1.0,0.88,0.12,40.39922690477913,0.9991882602000716,0.9630041848905183,2.04349622130394,5.6,0.0,84.3402049529247,47.266296102948104,True,True,True,True,"Contact sheet reviewed: visible medium-hard object_deformation_visible; loser remains readable, reward_margin=0.120, sharpness_ratio=0.963, mean_absdiff=2.04, local_absdiff=3.99.",,True,TRAINABLE
v11_SYN_0386_01008_drop_orbit_left_72_seed40008_object_duplicate_or_fragment,TypeM_v11_synthetic_visible,synthetic_controlled,object_duplicate_or_fragment,01008_drop_orbit_left_72_seed40008,drop,orbit_left_72,local_assets/dpo_pair_factory_v10/recovered_conditions/01008_drop_orbit_left_72_seed40008/clean_future_5_80.mp4,local_assets/dpo_pair_factory_v11/synthetic_pairs/pairs/v11_SYN_0386_01008_drop_orbit_left_72_seed40008_object_duplicate_or_fragment/loser_future.mp4,reports/dpo_pair_factory_v11/contact_sheets/v11_SYN_0386_01008_drop_orbit_left_72_seed40008_object_duplicate_or_fragment.jpg,True,True,76,832,480,True,True,83.4413,60.8585,3289.4253,2,1,1.0,0.88,0.12,35.73811472643138,0.9937746184703261,1.0118575455667915,2.1829884350299835,6.2903,0.0,88.84282727363782,55.20413816138284,True,True,True,True,"Contact sheet reviewed: visible medium-hard object_duplicate_or_fragment; loser remains readable, reward_margin=0.120, sharpness_ratio=1.012, mean_absdiff=2.18, local_absdiff=6.29.",,True,TRAINABLE
v11_SYN_0382_01002_drop_orbit_left_72_seed40002_object_identity_color_shift,TypeM_v11_synthetic_visible,synthetic_controlled,object_identity_color_shift,01002_drop_orbit_left_72_seed40002,drop,orbit_left_72,local_assets/dpo_pair_factory_v10/recovered_conditions/01002_drop_orbit_left_72_seed40002/clean_future_5_80.mp4,local_assets/dpo_pair_factory_v11/synthetic_pairs/pairs/v11_SYN_0382_01002_drop_orbit_left_72_seed40002_object_identity_color_shift/loser_future.mp4,reports/dpo_pair_factory_v11/contact_sheets/v11_SYN_0382_01002_drop_orbit_left_72_seed40002_object_identity_color_shift.jpg,True,True,76,832,480,True,True,98.953,61.242,1970.8887,2,1,1.0,0.832528,0.167472,35.81782026582835,0.9967891170679543,0.9907747582392799,2.2764053642749786,20.4,0.0,128.08269293369392,48.612662055909226,True,True,True,True,"Contact sheet reviewed: visible medium-hard object_identity_color_shift; loser remains readable, reward_margin=0.167, sharpness_ratio=0.991, mean_absdiff=2.28, local_absdiff=11.72.",,True,TRAINABLE
v11_SYN_0389_01008_drop_orbit_left_72_seed40008_partial_freeze_foreground,TypeM_v11_synthetic_visible,synthetic_controlled,partial_freeze_foreground,01008_drop_orbit_left_72_seed40008,drop,orbit_left_72,local_assets/dpo_pair_factory_v10/recovered_conditions/01008_drop_orbit_left_72_seed40008/clean_future_5_80.mp4,local_assets/dpo_pair_factory_v11/synthetic_pairs/pairs/v11_SYN_0389_01008_drop_orbit_left_72_seed40008_partial_freeze_foreground/loser_future.mp4,reports/dpo_pair_factory_v11/contact_sheets/v11_SYN_0389_01008_drop_orbit_left_72_seed40008_partial_freeze_foreground.jpg,True,True,76,832,480,True,True,83.1949,60.9269,3203.0346,2,1,1.0,0.850134,0.149866,37.5977809618703,0.9910853463346507,0.9961171370781404,2.40838423371315,18.8,0.0,88.72385879907851,55.22033764526863,True,True,True,True,"Contact sheet reviewed: visible medium-hard partial_freeze_foreground; loser remains readable, reward_margin=0.150, sharpness_ratio=0.996, mean_absdiff=2.41, local_absdiff=10.49.",,True,TRAINABLE
v11_SYN_0224_04209_containment_orbit_left_44_seed43209_reobserve_mismatch_visible,TypeM_v11_synthetic_visible,synthetic_controlled,reobserve_mismatch_visible,04209_containment_orbit_left_44_seed43209,containment,orbit_left_44,local_assets/dpo_pair_factory_v10/recovered_conditions/04209_containment_orbit_left_44_seed43209/clean_future_5_80.mp4,local_assets/dpo_pair_factory_v11/synthetic_pairs/pairs/v11_SYN_0224_04209_containment_orbit_left_44_seed43209_reobserve_mismatch_visible/loser_future.mp4,reports/dpo_pair_factory_v11/contact_sheets/v11_SYN_0224_04209_containment_orbit_left_44_seed43209_reobserve_mismatch_visible.jpg,True,True,76,832,480,True,True,44.6146,29.8404,1269.6028,2,1,1.0,0.869621,0.130379,37.565940974118014,0.9944925738095365,0.9989889873514324,2.2996702790260315,22.0,0.0,77.46413010817308,58.771639241555306,True,True,True,True,"Contact sheet reviewed: visible medium-hard reobserve_mismatch_visible; loser remains readable, reward_margin=0.130, sharpness_ratio=0.999, mean_absdiff=2.30, local_absdiff=9.13.",,True,TRAINABLE
v11_SYN_0487_03410_roll_orbit_right_60_seed42410_roll_event_fragment_synthetic,TypeM_v11_synthetic_visible,synthetic_controlled,roll_event_fragment_synthetic,03410_roll_orbit_right_60_seed42410,roll,orbit_right_60,local_assets/dpo_pair_factory_v10/recovered_conditions/03410_roll_orbit_right_60_seed42410/clean_future_5_80.mp4,local_assets/dpo_pair_factory_v11/synthetic_pairs/pairs/v11_SYN_0487_03410_roll_orbit_right_60_seed42410_roll_event_fragment_synthetic/loser_future.mp4,reports/dpo_pair_factory_v11/contact_sheets/v11_SYN_0487_03410_roll_orbit_right_60_seed42410_roll_event_fragment_synthetic.jpg,True,True,76,832,480,True,True,72.1832,38.0598,1857.9144,2,1,1.0,0.866167,0.133833,36.9694803774591,0.9957165072114421,0.9941809153803972,2.245103418827057,27.6,0.0,103.87171536959134,46.53295970956501,True,True,True,True,"Contact sheet reviewed: visible medium-hard roll_event_fragment_synthetic; loser remains readable, reward_margin=0.134, sharpness_ratio=0.994, mean_absdiff=2.25, local_absdiff=9.37.",,True,TRAINABLE
v11_SYN_0384_01002_drop_orbit_left_72_seed40002_wrong_camera_motion_visible,TypeM_v11_synthetic_visible,synthetic_controlled,wrong_camera_motion_visible,01002_drop_orbit_left_72_seed40002,drop,orbit_left_72,local_assets/dpo_pair_factory_v10/recovered_conditions/01002_drop_orbit_left_72_seed40002/clean_future_5_80.mp4,local_assets/dpo_pair_factory_v11/synthetic_pairs/pairs/v11_SYN_0384_01002_drop_orbit_left_72_seed40002_wrong_camera_motion_visible/loser_future.mp4,reports/dpo_pair_factory_v11/contact_sheets/v11_SYN_0384_01002_drop_orbit_left_72_seed40002_wrong_camera_motion_visible.jpg,True,True,76,832,480,True,True,99.2929,61.1337,1981.8893,2,1,1.0,0.88,0.12,39.26456902949744,0.9980438094237307,0.9922288628375407,1.9421985447406769,16.8,0.0,128.38999899839743,48.25245401902754,True,True,True,True,"Contact sheet reviewed: visible medium-hard wrong_camera_motion_visible; loser remains readable, reward_margin=0.120, sharpness_ratio=0.992, mean_absdiff=1.94, local_absdiff=6.50.",,True,TRAINABLE
v11_SYN_0035_02228_collision_orbit_right_64_seed41228_background_drift_visible,TypeM_v11_synthetic_visible,synthetic_controlled,background_drift_visible,02228_collision_orbit_right_64_seed41228,collision,orbit_right_64,local_assets/dpo_pair_factory_v10/recovered_conditions/02228_collision_orbit_right_64_seed41228/clean_future_5_80.mp4,local_assets/dpo_pair_factory_v11/synthetic_pairs/pairs/v11_SYN_0035_02228_collision_orbit_right_64_seed41228_background_drift_visible/loser_future.mp4,reports/dpo_pair_factory_v11/contact_sheets/v11_SYN_0035_02228_collision_orbit_right_64_seed41228_background_drift_visible.jpg,True,True,76,832,480,True,True,57.9892,28.9784,2031.3206,2,1,1.0,0.88,0.12,39.80543040225188,0.9978840767045244,0.9898696578774603,2.035444438457489,6.0,0.0,88.5831768329327,45.12999854962857,True,True,True,True,"Contact sheet reviewed: visible medium-hard background_drift_visible; loser remains readable, reward_margin=0.120, sharpness_ratio=0.990, mean_absdiff=2.04, local_absdiff=4.57.",,True,TRAINABLE
v11_SYN_EXTRA_0009_02215_collision_strafe_left_180_seed41215_collision_response_failure_synthetic,TypeM_v11_synthetic_visible,synthetic_controlled,collision_response_failure_synthetic,02215_collision_strafe_left_180_seed41215,collision,strafe_left_180,local_assets/dpo_pair_factory_v10/recovered_conditions/02215_collision_strafe_left_180_seed41215/clean_future_5_80.mp4,local_assets/dpo_pair_factory_v11/synthetic_pairs_extra/pairs/v11_SYN_EXTRA_0009_02215_collision_strafe_left_180_seed41215_collision_response_failure_synthetic/loser_future.mp4,reports/dpo_pair_factory_v11/contact_sheets/v11_SYN_EXTRA_0009_02215_collision_strafe_left_180_seed41215_collision_response_failure_synthetic.jpg,True,True,76,832,480,True,True,70.4814,40.7481,1891.725,2,1,1.0,0.830886,0.169114,35.55038418382365,0.9914111488482807,0.9927699051212461,2.374224603176117,30.8,0.0,102.07238519130608,47.737469243608004,True,True,True,True,"Contact sheet reviewed: visible medium-hard collision_response_failure_synthetic; loser remains readable, reward_margin=0.169, sharpness_ratio=0.993, mean_absdiff=2.37, local_absdiff=11.84.",,True,TRAINABLE
v11_SYN_EXTRA_0149_04209_containment_orbit_left_44_seed43209_containment_failure_synthetic,TypeM_v11_synthetic_visible,synthetic_controlled,containment_failure_synthetic,04209_containment_orbit_left_44_seed43209,containment,orbit_left_44,local_assets/dpo_pair_factory_v10/recovered_conditions/04209_containment_orbit_left_44_seed43209/clean_future_5_80.mp4,local_assets/dpo_pair_factory_v11/synthetic_pairs_extra/pairs/v11_SYN_EXTRA_0149_04209_containment_orbit_left_44_seed43209_containment_failure_synthetic/loser_future.mp4,reports/dpo_pair_factory_v11/contact_sheets/v11_SYN_EXTRA_0149_04209_containment_orbit_left_44_seed43209_containment_failure_synthetic.jpg,True,True,76,832,480,True,True,44.6966,29.7652,1269.7938,2,1,1.0,0.88,0.12,38.99872948080432,0.9983539770355392,0.989056166105577,2.114954113960266,6.8,0.0,77.42144243289263,58.71661781539358,True,True,True,True,"Contact sheet reviewed: visible medium-hard containment_failure_synthetic; loser remains readable, reward_margin=0.120, sharpness_ratio=0.989, mean_absdiff=2.11, local_absdiff=4.57.",,True,TRAINABLE
v11_SYN_0385_01008_drop_orbit_left_72_seed40008_drop_motion_failure_synthetic,TypeM_v11_synthetic_visible,synthetic_controlled,drop_motion_failure_synthetic,01008_drop_orbit_left_72_seed40008,drop,orbit_left_72,local_assets/dpo_pair_factory_v10/recovered_conditions/01008_drop_orbit_left_72_seed40008/clean_future_5_80.mp4,local_assets/dpo_pair_factory_v11/synthetic_pairs/pairs/v11_SYN_0385_01008_drop_orbit_left_72_seed40008_drop_motion_failure_synthetic/loser_future.mp4,reports/dpo_pair_factory_v11/contact_sheets/v11_SYN_0385_01008_drop_orbit_left_72_seed40008_drop_motion_failure_synthetic.jpg,True,True,76,832,480,True,True,83.3694,60.7738,3223.6598,2,1,1.0,0.825947,0.174053,35.19154192742603,0.9919857670583897,0.9854091793275815,2.5405759513378143,24.8,0.0,88.76637870592948,55.05277801502944,True,True,True,True,"Contact sheet reviewed: visible medium-hard drop_motion_failure_synthetic; loser remains readable, reward_margin=0.174, sharpness_ratio=0.985, mean_absdiff=2.54, local_absdiff=12.18.",,True,TRAINABLE
v10_TypeM_071_01038_drop_orbit_left_72_seed40038_foreground_identity_color_shift,TypeM_v10_synthetic_visible,synthetic_controlled,foreground_identity_color_shift,01038_drop_orbit_left_72_seed40038,drop,orbit_left_72,local_assets/dpo_pair_factory_v10/recovered_conditions/01038_drop_orbit_left_72_seed40038/clean_future_5_80.mp4,local_assets/dpo_pair_factory_v10/synthetic_visible_negatives/pairs/v10_TypeM_071_01038_drop_orbit_left_72_seed40038_foreground_identity_color_shift/loser_future.mp4,reports/dpo_pair_factory_v11/contact_sheets/v10_TypeM_071_01038_drop_orbit_left_72_seed40038_foreground_identity_color_shift.jpg,True,True,76,832,480,True,True,90.9926,61.611,2672.4126,2,1,1.0,0.58,0.42,31.924068510184902,0.9913302378963222,1.0258566308136936,3.9651983082294464,58.0,0.0,110.34171236478366,54.05053233692076,True,True,True,True,"Contact sheet reviewed: prior v10b strict-ready pair retained after v11 audit; failure=foreground_identity_color_shift, reward_margin=0.420, sharpness_ratio=1.026.",,True,TRAINABLE
v10_TypeM_070_01032_drop_orbit_left_72_seed40032_local_patch_drift,TypeM_v10_synthetic_visible,synthetic_controlled,local_patch_drift,01032_drop_orbit_left_72_seed40032,drop,orbit_left_72,local_assets/dpo_pair_factory_v10/recovered_conditions/01032_drop_orbit_left_72_seed40032/clean_future_5_80.mp4,local_assets/dpo_pair_factory_v10/synthetic_visible_negatives/pairs/v10_TypeM_070_01032_drop_orbit_left_72_seed40032_local_patch_drift/loser_future.mp4,reports/dpo_pair_factory_v11/contact_sheets/v10_TypeM_070_01032_drop_orbit_left_72_seed40032_local_patch_drift.jpg,True,True,76,832,480,True,True,103.9783,61.4991,1915.6942,2,1,1.0,0.88,0.12,36.05649425893783,0.9944926400370776,1.0739944652712798,2.269489735364914,11.2,0.0,132.26243802584133,45.816043751734426,True,True,True,True,"Contact sheet reviewed: prior v10b strict-ready pair retained after v11 audit; failure=local_patch_drift, reward_margin=0.120, sharpness_ratio=1.074.",,True,TRAINABLE
v10_TypeM_069_01029_drop_orbit_left_72_seed40029_local_patch_freeze,TypeM_v10_synthetic_visible,synthetic_controlled,local_patch_freeze,01029_drop_orbit_left_72_seed40029,drop,orbit_left_72,local_assets/dpo_pair_factory_v10/recovered_conditions/01029_drop_orbit_left_72_seed40029/clean_future_5_80.mp4,local_assets/dpo_pair_factory_v10/synthetic_visible_negatives/pairs/v10_TypeM_069_01029_drop_orbit_left_72_seed40029_local_patch_freeze/loser_future.mp4,reports/dpo_pair_factory_v11/contact_sheets/v10_TypeM_069_01029_drop_orbit_left_72_seed40029_local_patch_freeze.jpg,True,True,76,832,480,True,True,92.3229,61.5207,2801.3025,2,1,1.0,0.786403,0.213597,34.06899294661537,0.9866479283627647,1.0182368133750652,2.7373580932617188,28.0,0.0,118.28641826923078,55.597766294449606,True,True,True,True,"Contact sheet reviewed: prior v10b strict-ready pair retained after v11 audit; failure=local_patch_freeze, reward_margin=0.214, sharpness_ratio=1.018.",,True,TRAINABLE
v11_SYN_0393_01013_drop_orbit_left_72_seed40013_local_scene_patch_drift,TypeM_v11_synthetic_visible,synthetic_controlled,local_scene_patch_drift,01013_drop_orbit_left_72_seed40013,drop,orbit_left_72,local_assets/dpo_pair_factory_v10/recovered_conditions/01013_drop_orbit_left_72_seed40013/clean_future_5_80.mp4,local_assets/dpo_pair_factory_v11/synthetic_pairs/pairs/v11_SYN_0393_01013_drop_orbit_left_72_seed40013_local_scene_patch_drift/loser_future.mp4,reports/dpo_pair_factory_v11/contact_sheets/v11_SYN_0393_01013_drop_orbit_left_72_seed40013_local_scene_patch_drift.jpg,True,True,76,832,480,True,True,84.6677,60.9405,3005.9797,2,1,1.0,0.84413,0.15587,36.31377380630309,0.9934317980572234,0.9843186843919818,2.4372362196445465,22.0,0.0,99.37430701622597,55.60986470536988,True,True,True,True,"Contact sheet reviewed: visible medium-hard local_scene_patch_drift; loser remains readable, reward_margin=0.156, sharpness_ratio=0.984, mean_absdiff=2.44, local_absdiff=10.91.",,True,TRAINABLE
v10_TypeM_072_01039_drop_orbit_left_72_seed40039_local_temporal_jump,TypeM_v10_synthetic_visible,synthetic_controlled,local_temporal_jump,01039_drop_orbit_left_72_seed40039,drop,orbit_left_72,local_assets/dpo_pair_factory_v10/recovered_conditions/01039_drop_orbit_left_72_seed40039/clean_future_5_80.mp4,local_assets/dpo_pair_factory_v10/synthetic_visible_negatives/pairs/v10_TypeM_072_01039_drop_orbit_left_72_seed40039_local_temporal_jump/loser_future.mp4,reports/dpo_pair_factory_v11/contact_sheets/v10_TypeM_072_01039_drop_orbit_left_72_seed40039_local_temporal_jump.jpg,True,True,76,832,480,True,True,90.7014,63.9227,3471.3986,2,1,1.0,0.678588,0.321412,32.20871904806907,0.9750234123319624,1.0179895421539775,3.4568251073360443,55.2,0.0,90.64501765324519,57.7755089793005,True,True,True,True,"Contact sheet reviewed: prior v10b strict-ready pair retained after v11 audit; failure=local_temporal_jump, reward_margin=0.321, sharpness_ratio=1.018.",,True,TRAINABLE
v11_SYN_0056_02276_collision_orbit_right_64_seed41276_object_deformation_visible,TypeM_v11_synthetic_visible,synthetic_controlled,object_deformation_visible,02276_collision_orbit_right_64_seed41276,collision,orbit_right_64,local_assets/dpo_pair_factory_v10/recovered_conditions/02276_collision_orbit_right_64_seed41276/clean_future_5_80.mp4,local_assets/dpo_pair_factory_v11/synthetic_pairs/pairs/v11_SYN_0056_02276_collision_orbit_right_64_seed41276_object_deformation_visible/loser_future.mp4,reports/dpo_pair_factory_v11/contact_sheets/v11_SYN_0056_02276_collision_orbit_right_64_seed41276_object_deformation_visible.jpg,True,True,76,832,480,True,True,53.4878,20.3744,2045.9356,2,1,1.0,0.88,0.12,40.68945645250806,0.9992216684096135,0.9739435440505417,1.950022965669632,5.6,0.0,76.92357835036057,46.573732425650725,True,True,True,True,"Contact sheet reviewed: visible medium-hard object_deformation_visible; loser remains readable, reward_margin=0.120, sharpness_ratio=0.974, mean_absdiff=1.95, local_absdiff=4.07.",,True,TRAINABLE
v11_SYN_0398_01014_drop_orbit_left_72_seed40014_object_duplicate_or_fragment,TypeM_v11_synthetic_visible,synthetic_controlled,object_duplicate_or_fragment,01014_drop_orbit_left_72_seed40014,drop,orbit_left_72,local_assets/dpo_pair_factory_v10/recovered_conditions/01014_drop_orbit_left_72_seed40014/clean_future_5_80.mp4,local_assets/dpo_pair_factory_v11/synthetic_pairs/pairs/v11_SYN_0398_01014_drop_orbit_left_72_seed40014_object_duplicate_or_fragment/loser_future.mp4,reports/dpo_pair_factory_v11/contact_sheets/v11_SYN_0398_01014_drop_orbit_left_72_seed40014_object_duplicate_or_fragment.jpg,True,True,76,832,480,True,True,87.9262,61.029,2781.3549,2,1,1.0,0.88,0.12,35.48591719043534,0.9944903959221303,1.0049747933961453,2.244624376296997,16.4,0.0,103.03789688501601,54.7543004407713,True,True,True,True,"Contact sheet reviewed: visible medium-hard object_duplicate_or_fragment; loser remains readable, reward_margin=0.120, sharpness_ratio=1.005, mean_absdiff=2.24, local_absdiff=7.58.",,True,TRAINABLE
v11_SYN_0388_01008_drop_orbit_left_72_seed40008_object_identity_color_shift,TypeM_v11_synthetic_visible,synthetic_controlled,object_identity_color_shift,01008_drop_orbit_left_72_seed40008,drop,orbit_left_72,local_assets/dpo_pair_factory_v10/recovered_conditions/01008_drop_orbit_left_72_seed40008/clean_future_5_80.mp4,local_assets/dpo_pair_factory_v11/synthetic_pairs/pairs/v11_SYN_0388_01008_drop_orbit_left_72_seed40008_object_identity_color_shift/loser_future.mp4,reports/dpo_pair_factory_v11/contact_sheets/v11_SYN_0388_01008_drop_orbit_left_72_seed40008_object_identity_color_shift.jpg,True,True,76,832,480,True,True,82.5399,61.0719,3222.5889,2,1,1.0,0.798728,0.201272,35.599915841103545,0.9969073111743791,0.9972198728615217,2.4240520298480988,24.0,0.0,88.03661045172275,55.42775604112076,True,True,True,True,"Contact sheet reviewed: visible medium-hard object_identity_color_shift; loser remains readable, reward_margin=0.201, sharpness_ratio=0.997, mean_absdiff=2.42, local_absdiff=14.09.",,True,TRAINABLE
v11_SYN_0395_01013_drop_orbit_left_72_seed40013_partial_freeze_foreground,TypeM_v11_synthetic_visible,synthetic_controlled,partial_freeze_foreground,01013_drop_orbit_left_72_seed40013,drop,orbit_left_72,local_assets/dpo_pair_factory_v10/recovered_conditions/01013_drop_orbit_left_72_seed40013/clean_future_5_80.mp4,local_assets/dpo_pair_factory_v11/synthetic_pairs/pairs/v11_SYN_0395_01013_drop_orbit_left_72_seed40013_partial_freeze_foreground/loser_future.mp4,reports/dpo_pair_factory_v11/contact_sheets/v11_SYN_0395_01013_drop_orbit_left_72_seed40013_partial_freeze_foreground.jpg,True,True,76,832,480,True,True,85.0338,61.232,3051.2099,2,1,1.0,0.803673,0.196327,37.06321071586134,0.9852077752686572,1.004772240173008,2.676117032766342,35.6,0.0,99.49825282952725,55.96638733359073,True,True,True,True,"Contact sheet reviewed: visible medium-hard partial_freeze_foreground; loser remains readable, reward_margin=0.196, sharpness_ratio=1.005, mean_absdiff=2.68, local_absdiff=13.74.",,True,TRAINABLE
v11_SYN_0230_04214_containment_orbit_left_44_seed43214_reobserve_mismatch_visible,TypeM_v11_synthetic_visible,synthetic_controlled,reobserve_mismatch_visible,04214_containment_orbit_left_44_seed43214,containment,orbit_left_44,local_assets/dpo_pair_factory_v10/recovered_conditions/04214_containment_orbit_left_44_seed43214/clean_future_5_80.mp4,local_assets/dpo_pair_factory_v11/synthetic_pairs/pairs/v11_SYN_0230_04214_containment_orbit_left_44_seed43214_reobserve_mismatch_visible/loser_future.mp4,reports/dpo_pair_factory_v11/contact_sheets/v11_SYN_0230_04214_containment_orbit_left_44_seed43214_reobserve_mismatch_visible.jpg,True,True,76,832,480,True,True,82.8178,48.9818,3977.5605,2,1,1.0,0.777309,0.222691,36.90592380916318,0.9874938665258783,0.9990830739773068,2.6275352835655212,36.4,0.0,106.93031850961539,52.599385936484225,True,True,True,True,"Contact sheet reviewed: visible medium-hard reobserve_mismatch_visible; loser remains readable, reward_margin=0.223, sharpness_ratio=0.999, mean_absdiff=2.63, local_absdiff=15.59.",,True,TRAINABLE
v11_SYN_0493_03413_roll_orbit_right_60_seed42413_roll_event_fragment_synthetic,TypeM_v11_synthetic_visible,synthetic_controlled,roll_event_fragment_synthetic,03413_roll_orbit_right_60_seed42413,roll,orbit_right_60,local_assets/dpo_pair_factory_v10/recovered_conditions/03413_roll_orbit_right_60_seed42413/clean_future_5_80.mp4,local_assets/dpo_pair_factory_v11/synthetic_pairs/pairs/v11_SYN_0493_03413_roll_orbit_right_60_seed42413_roll_event_fragment_synthetic/loser_future.mp4,reports/dpo_pair_factory_v11/contact_sheets/v11_SYN_0493_03413_roll_orbit_right_60_seed42413_roll_event_fragment_synthetic.jpg,True,True,76,832,480,True,True,48.9035,23.5559,1692.9131,2,1,1.0,0.88,0.12,38.79347086964839,0.9974971684145615,0.9738657983113373,2.177997261285782,10.4,0.0,73.59506585536859,41.0257543330837,True,True,True,True,"Contact sheet reviewed: visible medium-hard roll_event_fragment_synthetic; loser remains readable, reward_margin=0.120, sharpness_ratio=0.974, mean_absdiff=2.18, local_absdiff=7.23.",,True,TRAINABLE
v11_SYN_0041_02239_collision_strafe_left_180_seed41239_background_drift_visible,TypeM_v11_synthetic_visible,synthetic_controlled,background_drift_visible,02239_collision_strafe_left_180_seed41239,collision,strafe_left_180,local_assets/dpo_pair_factory_v10/recovered_conditions/02239_collision_strafe_left_180_seed41239/clean_future_5_80.mp4,local_assets/dpo_pair_factory_v11/synthetic_pairs/pairs/v11_SYN_0041_02239_collision_strafe_left_180_seed41239_background_drift_visible/loser_future.mp4,reports/dpo_pair_factory_v11/contact_sheets/v11_SYN_0041_02239_collision_strafe_left_180_seed41239_background_drift_visible.jpg,True,True,76,832,480,True,True,53.4142,22.5295,1882.9595,2,1,1.0,0.88,0.12,39.41471205222955,0.9986661148036533,0.967460226095138,2.1437919437885284,8.0,0.0,84.3465069110577,47.26107935004599,True,True,True,True,"Contact sheet reviewed: visible medium-hard background_drift_visible; loser remains readable, reward_margin=0.120, sharpness_ratio=0.967, mean_absdiff=2.14, local_absdiff=5.56.",,True,TRAINABLE
v11_SYN_0031_02228_collision_orbit_right_64_seed41228_collision_response_failure_synthetic,TypeM_v11_synthetic_visible,synthetic_controlled,collision_response_failure_synthetic,02228_collision_orbit_right_64_seed41228,collision,orbit_right_64,local_assets/dpo_pair_factory_v10/recovered_conditions/02228_collision_orbit_right_64_seed41228/clean_future_5_80.mp4,local_assets/dpo_pair_factory_v11/synthetic_pairs/pairs/v11_SYN_0031_02228_collision_orbit_right_64_seed41228_collision_response_failure_synthetic/loser_future.mp4,reports/dpo_pair_factory_v11/contact_sheets/v11_SYN_0031_02228_collision_orbit_right_64_seed41228_collision_response_failure_synthetic.jpg,True,True,76,832,480,True,True,58.6252,29.3516,2082.1892,2,1,1.0,0.88,0.12,39.09070110084674,0.998201187402161,0.9705288732287767,2.0973503589630127,10.4,0.0,88.61751740284456,45.11405192091099,True,True,True,True,"Contact sheet reviewed: visible medium-hard collision_response_failure_synthetic; loser remains readable, reward_margin=0.120, sharpness_ratio=0.971, mean_absdiff=2.10, local_absdiff=7.06.",,True,TRAINABLE
v11_SYN_EXTRA_0153_04214_containment_orbit_left_44_seed43214_containment_failure_synthetic,TypeM_v11_synthetic_visible,synthetic_controlled,containment_failure_synthetic,04214_containment_orbit_left_44_seed43214,containment,orbit_left_44,local_assets/dpo_pair_factory_v10/recovered_conditions/04214_containment_orbit_left_44_seed43214/clean_future_5_80.mp4,local_assets/dpo_pair_factory_v11/synthetic_pairs_extra/pairs/v11_SYN_EXTRA_0153_04214_containment_orbit_left_44_seed43214_containment_failure_synthetic/loser_future.mp4,reports/dpo_pair_factory_v11/contact_sheets/v11_SYN_EXTRA_0153_04214_containment_orbit_left_44_seed43214_containment_failure_synthetic.jpg,True,True,76,832,480,True,True,82.91,48.7107,3931.7712,2,1,1.0,0.762063,0.237937,35.128815108767625,0.9926592731911433,0.9745281776802341,2.620950400829315,31.6,0.0,106.82632962740385,52.43653243252966,True,True,True,True,"Contact sheet reviewed: visible medium-hard containment_failure_synthetic; loser remains readable, reward_margin=0.238, sharpness_ratio=0.975, mean_absdiff=2.62, local_absdiff=16.66.",,True,TRAINABLE
v11_SYN_0391_01013_drop_orbit_left_72_seed40013_drop_motion_failure_synthetic,TypeM_v11_synthetic_visible,synthetic_controlled,drop_motion_failure_synthetic,01013_drop_orbit_left_72_seed40013,drop,orbit_left_72,local_assets/dpo_pair_factory_v10/recovered_conditions/01013_drop_orbit_left_72_seed40013/clean_future_5_80.mp4,local_assets/dpo_pair_factory_v11/synthetic_pairs/pairs/v11_SYN_0391_01013_drop_orbit_left_72_seed40013_drop_motion_failure_synthetic/loser_future.mp4,reports/dpo_pair_factory_v11/contact_sheets/v11_SYN_0391_01013_drop_orbit_left_72_seed40013_drop_motion_failure_synthetic.jpg,True,True,76,832,480,True,True,85.0715,61.0014,3060.5079,2,1,1.0,0.826212,0.173788,36.55450408418507,0.9965330159092504,0.9869398346926285,2.2737951576709747,24.0,0.0,99.33172075320513,55.728754821741205,True,True,True,True,"Contact sheet reviewed: visible medium-hard drop_motion_failure_synthetic; loser remains readable, reward_margin=0.174, sharpness_ratio=0.987, mean_absdiff=2.27, local_absdiff=12.17.",,True,TRAINABLE
v10_TypeM_075_01079_drop_orbit_left_72_seed40079_foreground_identity_color_shift,TypeM_v10_synthetic_visible,synthetic_controlled,foreground_identity_color_shift,01079_drop_orbit_left_72_seed40079,drop,orbit_left_72,local_assets/dpo_pair_factory_v10/recovered_conditions/01079_drop_orbit_left_72_seed40079/clean_future_5_80.mp4,local_assets/dpo_pair_factory_v10/synthetic_visible_negatives/pairs/v10_TypeM_075_01079_drop_orbit_left_72_seed40079_foreground_identity_color_shift/loser_future.mp4,reports/dpo_pair_factory_v11/contact_sheets/v10_TypeM_075_01079_drop_orbit_left_72_seed40079_foreground_identity_color_shift.jpg,True,True,76,832,480,True,True,80.9141,59.6024,2690.8508,2,1,1.0,0.708209,0.291791,33.80669699226234,0.9954646260970911,1.0019773393243547,2.921202391386032,30.0,0.0,104.53380784254807,57.78024360367718,True,True,True,True,"Contact sheet reviewed: prior v10b strict-ready pair retained after v11 audit; failure=foreground_identity_color_shift, reward_margin=0.292, sharpness_ratio=1.002.",,True,TRAINABLE
v10_TypeM_074_01060_drop_orbit_left_72_seed40060_local_patch_drift,TypeM_v10_synthetic_visible,synthetic_controlled,local_patch_drift,01060_drop_orbit_left_72_seed40060,drop,orbit_left_72,local_assets/dpo_pair_factory_v10/recovered_conditions/01060_drop_orbit_left_72_seed40060/clean_future_5_80.mp4,local_assets/dpo_pair_factory_v10/synthetic_visible_negatives/pairs/v10_TypeM_074_01060_drop_orbit_left_72_seed40060_local_patch_drift/loser_future.mp4,reports/dpo_pair_factory_v11/contact_sheets/v10_TypeM_074_01060_drop_orbit_left_72_seed40060_local_patch_drift.jpg,True,True,76,832,480,True,True,83.2082,60.69,3479.0083,2,1,1.0,0.662307,0.337693,32.525143689541395,0.9746208160776075,1.0121103537588043,3.399352490901947,57.6,0.0,82.50496168870191,54.58825185253224,True,True,True,True,"Contact sheet reviewed: prior v10b strict-ready pair retained after v11 audit; failure=local_patch_drift, reward_margin=0.338, sharpness_ratio=1.012.",,True,TRAINABLE
v10_TypeM_073_01047_drop_orbit_left_72_seed40047_local_patch_freeze,TypeM_v10_synthetic_visible,synthetic_controlled,local_patch_freeze,01047_drop_orbit_left_72_seed40047,drop,orbit_left_72,local_assets/dpo_pair_factory_v10/recovered_conditions/01047_drop_orbit_left_72_seed40047/clean_future_5_80.mp4,local_assets/dpo_pair_factory_v10/synthetic_visible_negatives/pairs/v10_TypeM_073_01047_drop_orbit_left_72_seed40047_local_patch_freeze/loser_future.mp4,reports/dpo_pair_factory_v11/contact_sheets/v10_TypeM_073_01047_drop_orbit_left_72_seed40047_local_patch_freeze.jpg,True,True,76,832,480,True,True,84.0558,60.9295,3291.9821,2,1,1.0,0.786053,0.213947,34.769258111563104,0.9910153892553953,1.0278081713688956,2.7093217968940735,26.0,0.0,85.62270382612179,55.09735095157586,True,True,True,True,"Contact sheet reviewed: prior v10b strict-ready pair retained after v11 audit; failure=local_patch_freeze, reward_margin=0.214, sharpness_ratio=1.028.",,True,TRAINABLE
v11_SYN_0399_01014_drop_orbit_left_72_seed40014_local_scene_patch_drift,TypeM_v11_synthetic_visible,synthetic_controlled,local_scene_patch_drift,01014_drop_orbit_left_72_seed40014,drop,orbit_left_72,local_assets/dpo_pair_factory_v10/recovered_conditions/01014_drop_orbit_left_72_seed40014/clean_future_5_80.mp4,local_assets/dpo_pair_factory_v11/synthetic_pairs/pairs/v11_SYN_0399_01014_drop_orbit_left_72_seed40014_local_scene_patch_drift/loser_future.mp4,reports/dpo_pair_factory_v11/contact_sheets/v11_SYN_0399_01014_drop_orbit_left_72_seed40014_local_scene_patch_drift.jpg,True,True,76,832,480,True,True,87.3929,60.8886,2683.1373,2,1,1.0,0.849563,0.150437,36.3100295806113,0.9946091803650886,0.9786058055404134,2.411144495010376,19.2,0.0,102.87784768129006,54.51137707610983,True,True,True,True,"Contact sheet reviewed: visible medium-hard local_scene_patch_drift; loser remains readable, reward_margin=0.150, sharpness_ratio=0.979, mean_absdiff=2.41, local_absdiff=10.53.",,True,TRAINABLE
v10_TypeM_076_01086_drop_orbit_left_72_seed40086_local_temporal_jump,TypeM_v10_synthetic_visible,synthetic_controlled,local_temporal_jump,01086_drop_orbit_left_72_seed40086,drop,orbit_left_72,local_assets/dpo_pair_factory_v10/recovered_conditions/01086_drop_orbit_left_72_seed40086/clean_future_5_80.mp4,local_assets/dpo_pair_factory_v10/synthetic_visible_negatives/pairs/v10_TypeM_076_01086_drop_orbit_left_72_seed40086_local_temporal_jump/loser_future.mp4,reports/dpo_pair_factory_v11/contact_sheets/v10_TypeM_076_01086_drop_orbit_left_72_seed40086_local_temporal_jump.jpg,True,True,76,832,480,True,True,90.9104,62.1059,2444.2188,2,1,1.0,0.868372,0.131628,36.15775476122914,0.9945553297592474,1.0530775180405436,2.124744325876236,24.4,0.0,118.01719376001603,53.28130453907414,True,True,True,True,"Contact sheet reviewed: prior v10b strict-ready pair retained after v11 audit; failure=local_temporal_jump, reward_margin=0.132, sharpness_ratio=1.053.",,True,TRAINABLE
v11_SYN_EXTRA_0070_02353_collision_strafe_left_180_seed41353_object_deformation_visible,TypeM_v11_synthetic_visible,synthetic_controlled,object_deformation_visible,02353_collision_strafe_left_180_seed41353,collision,strafe_left_180,local_assets/dpo_pair_factory_v10/recovered_conditions/02353_collision_strafe_left_180_seed41353/clean_future_5_80.mp4,local_assets/dpo_pair_factory_v11/synthetic_pairs_extra/pairs/v11_SYN_EXTRA_0070_02353_collision_strafe_left_180_seed41353_object_deformation_visible/loser_future.mp4,reports/dpo_pair_factory_v11/contact_sheets/v11_SYN_EXTRA_0070_02353_collision_strafe_left_180_seed41353_object_deformation_visible.jpg,True,True,76,832,480,True,True,69.2426,40.605,1823.0349,2,1,1.0,0.88,0.12,40.74555420621417,0.9992402953568379,0.9546232552669157,1.9210211634635925,5.6,0.0,99.10364708533655,44.87342079610774,True,True,True,True,"Contact sheet reviewed: visible medium-hard object_deformation_visible; loser remains readable, reward_margin=0.120, sharpness_ratio=0.955, mean_absdiff=1.92, local_absdiff=4.51.",,True,TRAINABLE
v11_SYN_0404_01026_drop_orbit_left_72_seed40026_object_duplicate_or_fragment,TypeM_v11_synthetic_visible,synthetic_controlled,object_duplicate_or_fragment,01026_drop_orbit_left_72_seed40026,drop,orbit_left_72,local_assets/dpo_pair_factory_v10/recovered_conditions/01026_drop_orbit_left_72_seed40026/clean_future_5_80.mp4,local_assets/dpo_pair_factory_v11/synthetic_pairs/pairs/v11_SYN_0404_01026_drop_orbit_left_72_seed40026_object_duplicate_or_fragment/loser_future.mp4,reports/dpo_pair_factory_v11/contact_sheets/v11_SYN_0404_01026_drop_orbit_left_72_seed40026_object_duplicate_or_fragment.jpg,True,True,76,832,480,True,True,104.1394,61.0613,2009.4083,2,1,1.0,0.88,0.12,36.47895064995126,0.9941097499496363,1.0083784386113939,1.9693059027194977,5.5571,0.0,133.9618139022436,44.559312058954646,True,True,True,True,"Contact sheet reviewed: visible medium-hard object_duplicate_or_fragment; loser remains readable, reward_margin=0.120, sharpness_ratio=1.008, mean_absdiff=1.97, local_absdiff=5.56.",,True,TRAINABLE
v11_SYN_0394_01013_drop_orbit_left_72_seed40013_object_identity_color_shift,TypeM_v11_synthetic_visible,synthetic_controlled,object_identity_color_shift,01013_drop_orbit_left_72_seed40013,drop,orbit_left_72,local_assets/dpo_pair_factory_v10/recovered_conditions/01013_drop_orbit_left_72_seed40013/clean_future_5_80.mp4,local_assets/dpo_pair_factory_v11/synthetic_pairs/pairs/v11_SYN_0394_01013_drop_orbit_left_72_seed40013_object_identity_color_shift/loser_future.mp4,reports/dpo_pair_factory_v11/contact_sheets/v11_SYN_0394_01013_drop_orbit_left_72_seed40013_object_identity_color_shift.jpg,True,True,76,832,480,True,True,84.8935,61.0614,3045.9648,2,1,1.0,0.86218,0.13782,38.26855100828874,0.9975102656232206,0.997789982578096,2.2785838544368744,14.0,0.0,99.31854028946313,55.854439775479456,True,True,True,True,"Contact sheet reviewed: visible medium-hard object_identity_color_shift; loser remains readable, reward_margin=0.138, sharpness_ratio=0.998, mean_absdiff=2.28, local_absdiff=9.65.",,True,TRAINABLE
v11_SYN_0401_01014_drop_orbit_left_72_seed40014_partial_freeze_foreground,TypeM_v11_synthetic_visible,synthetic_controlled,partial_freeze_foreground,01014_drop_orbit_left_72_seed40014,drop,orbit_left_72,local_assets/dpo_pair_factory_v10/recovered_conditions/01014_drop_orbit_left_72_seed40014/clean_future_5_80.mp4,local_assets/dpo_pair_factory_v11/synthetic_pairs/pairs/v11_SYN_0401_01014_drop_orbit_left_72_seed40014_partial_freeze_foreground/loser_future.mp4,reports/dpo_pair_factory_v11/contact_sheets/v11_SYN_0401_01014_drop_orbit_left_72_seed40014_partial_freeze_foreground.jpg,True,True,76,832,480,True,True,87.548,60.9815,2718.0769,2,1,1.0,0.88,0.12,38.45083423987387,0.9965024257743061,0.9965846631289925,2.1696155667304993,12.8,0.0,102.85362955729167,54.740695218499944,True,True,True,True,"Contact sheet reviewed: visible medium-hard partial_freeze_foreground; loser remains readable, reward_margin=0.120, sharpness_ratio=0.997, mean_absdiff=2.17, local_absdiff=7.39.",,True,TRAINABLE
v11_SYN_EXTRA_0154_04214_containment_orbit_left_44_seed43214_reobserve_mismatch_visible,TypeM_v11_synthetic_visible,synthetic_controlled,reobserve_mismatch_visible,04214_containment_orbit_left_44_seed43214,containment,orbit_left_44,local_assets/dpo_pair_factory_v10/recovered_conditions/04214_containment_orbit_left_44_seed43214/clean_future_5_80.mp4,local_assets/dpo_pair_factory_v11/synthetic_pairs_extra/pairs/v11_SYN_EXTRA_0154_04214_containment_orbit_left_44_seed43214_reobserve_mismatch_visible/loser_future.mp4,reports/dpo_pair_factory_v11/contact_sheets/v11_SYN_EXTRA_0154_04214_containment_orbit_left_44_seed43214_reobserve_mismatch_visible.jpg,True,True,76,832,480,True,True,82.8929,48.9677,3965.9828,2,1,1.0,0.857578,0.142422,37.72544113923192,0.9944345138886653,0.9965280332091656,2.486905038356781,21.6,0.0,106.9298583984375,52.600793103112636,True,True,True,True,"Contact sheet reviewed: visible medium-hard reobserve_mismatch_visible; loser remains readable, reward_margin=0.142, sharpness_ratio=0.997, mean_absdiff=2.49, local_absdiff=9.97.",,True,TRAINABLE
v11_SYN_0499_03418_roll_orbit_right_60_seed42418_roll_event_fragment_synthetic,TypeM_v11_synthetic_visible,synthetic_controlled,roll_event_fragment_synthetic,03418_roll_orbit_right_60_seed42418,roll,orbit_right_60,local_assets/dpo_pair_factory_v10/recovered_conditions/03418_roll_orbit_right_60_seed42418/clean_future_5_80.mp4,local_assets/dpo_pair_factory_v11/synthetic_pairs/pairs/v11_SYN_0499_03418_roll_orbit_right_60_seed42418_roll_event_fragment_synthetic/loser_future.mp4,reports/dpo_pair_factory_v11/contact_sheets/v11_SYN_0499_03418_roll_orbit_right_60_seed42418_roll_event_fragment_synthetic.jpg,True,True,76,832,480,True,True,55.8107,23.426,1928.3826,2,1,1.0,0.88,0.12,40.022588835104656,0.9984706033757309,0.9958394731333914,2.097399741411209,6.4,0.0,77.1068108974359,36.47567831567065,True,True,True,True,"Contact sheet reviewed: visible medium-hard roll_event_fragment_synthetic; loser remains readable, reward_margin=0.120, sharpness_ratio=0.996, mean_absdiff=2.10, local_absdiff=4.07.",,True,TRAINABLE
v11_SYN_0396_01013_drop_orbit_left_72_seed40013_wrong_camera_motion_visible,TypeM_v11_synthetic_visible,synthetic_controlled,wrong_camera_motion_visible,01013_drop_orbit_left_72_seed40013,drop,orbit_left_72,local_assets/dpo_pair_factory_v10/recovered_conditions/01013_drop_orbit_left_72_seed40013/clean_future_5_80.mp4,local_assets/dpo_pair_factory_v11/synthetic_pairs/pairs/v11_SYN_0396_01013_drop_orbit_left_72_seed40013_wrong_camera_motion_visible/loser_future.mp4,reports/dpo_pair_factory_v11/contact_sheets/v11_SYN_0396_01013_drop_orbit_left_72_seed40013_wrong_camera_motion_visible.jpg,True,True,76,832,480,True,True,84.9866,61.0069,3029.915,2,1,1.0,0.88,0.12,38.96740711945005,0.9982295728731053,0.97776840982545,2.131638079881668,7.2,0.0,99.38169195713141,55.74582547800459,True,True,True,True,"Contact sheet reviewed: visible medium-hard wrong_camera_motion_visible; loser remains readable, reward_margin=0.120, sharpness_ratio=0.978, mean_absdiff=2.13, local_absdiff=5.51.",,True,TRAINABLE
v11_SYN_0047_02259_collision_strafe_left_180_seed41259_background_drift_visible,TypeM_v11_synthetic_visible,synthetic_controlled,background_drift_visible,02259_collision_strafe_left_180_seed41259,collision,strafe_left_180,local_assets/dpo_pair_factory_v10/recovered_conditions/02259_collision_strafe_left_180_seed41259/clean_future_5_80.mp4,local_assets/dpo_pair_factory_v11/synthetic_pairs/pairs/v11_SYN_0047_02259_collision_strafe_left_180_seed41259_background_drift_visible/loser_future.mp4,reports/dpo_pair_factory_v11/contact_sheets/v11_SYN_0047_02259_collision_strafe_left_180_seed41259_background_drift_visible.jpg,True,True,76,832,480,True,True,51.7332,20.2958,1853.6501,2,1,1.0,0.88,0.12,40.605368171791596,0.9991642912334475,0.9904174340231154,2.009914219379425,5.6,0.0,79.17278708433493,44.02194876434607,True,True,True,True,"Contact sheet reviewed: visible medium-hard background_drift_visible; loser remains readable, reward_margin=0.120, sharpness_ratio=0.990, mean_absdiff=2.01, local_absdiff=4.19.",,True,TRAINABLE
v11_SYN_EXTRA_0021_02228_collision_orbit_right_64_seed41228_collision_response_failure_synthetic,TypeM_v11_synthetic_visible,synthetic_controlled,collision_response_failure_synthetic,02228_collision_orbit_right_64_seed41228,collision,orbit_right_64,local_assets/dpo_pair_factory_v10/recovered_conditions/02228_collision_orbit_right_64_seed41228/clean_future_5_80.mp4,local_assets/dpo_pair_factory_v11/synthetic_pairs_extra/pairs/v11_SYN_EXTRA_0021_02228_collision_orbit_right_64_seed41228_collision_response_failure_synthetic/loser_future.mp4,reports/dpo_pair_factory_v11/contact_sheets/v11_SYN_EXTRA_0021_02228_collision_orbit_right_64_seed41228_collision_response_failure_synthetic.jpg,True,True,76,832,480,True,True,58.6014,29.3382,2087.3548,2,1,1.0,0.88,0.12,38.506609761821046,0.9960295618546903,0.9880516008961991,2.1439035534858704,11.6,0.0,88.61092748397436,45.116698623712686,True,True,True,True,"Contact sheet reviewed: visible medium-hard collision_response_failure_synthetic; loser remains readable, reward_margin=0.120, sharpness_ratio=0.988, mean_absdiff=2.14, local_absdiff=7.00.",,True,TRAINABLE
v11_SYN_0235_04228_containment_orbit_left_44_seed43228_containment_failure_synthetic,TypeM_v11_synthetic_visible,synthetic_controlled,containment_failure_synthetic,04228_containment_orbit_left_44_seed43228,containment,orbit_left_44,local_assets/dpo_pair_factory_v10/recovered_conditions/04228_containment_orbit_left_44_seed43228/clean_future_5_80.mp4,local_assets/dpo_pair_factory_v11/synthetic_pairs/pairs/v11_SYN_0235_04228_containment_orbit_left_44_seed43228_containment_failure_synthetic/loser_future.mp4,reports/dpo_pair_factory_v11/contact_sheets/v11_SYN_0235_04228_containment_orbit_left_44_seed43228_containment_failure_synthetic.jpg,True,True,76,832,480,True,True,77.6464,40.1453,3045.8509,2,1,1.0,0.88,0.12,39.51402291157473,0.998773214732586,0.9917083035357649,1.9717101454734802,11.6,0.0,103.09794671474359,46.440509540021694,True,True,True,True,"Contact sheet reviewed: visible medium-hard containment_failure_synthetic; loser remains readable, reward_margin=0.120, sharpness_ratio=0.992, mean_absdiff=1.97, local_absdiff=6.41.",,True,TRAINABLE
v11_SYN_0397_01014_drop_orbit_left_72_seed40014_drop_motion_failure_synthetic,TypeM_v11_synthetic_visible,synthetic_controlled,drop_motion_failure_synthetic,01014_drop_orbit_left_72_seed40014,drop,orbit_left_72,local_assets/dpo_pair_factory_v10/recovered_conditions/01014_drop_orbit_left_72_seed40014/clean_future_5_80.mp4,local_assets/dpo_pair_factory_v11/synthetic_pairs/pairs/v11_SYN_0397_01014_drop_orbit_left_72_seed40014_drop_motion_failure_synthetic/loser_future.mp4,reports/dpo_pair_factory_v11/contact_sheets/v11_SYN_0397_01014_drop_orbit_left_72_seed40014_drop_motion_failure_synthetic.jpg,True,True,76,832,480,True,True,87.804,60.8953,2723.2748,2,1,1.0,0.836863,0.163137,37.1101733809391,0.9969689638408155,0.9917823239821483,2.1820884943008423,18.8,0.0,102.90369090544871,54.5995483484711,True,True,True,True,"Contact sheet reviewed: visible medium-hard drop_motion_failure_synthetic; loser remains readable, reward_margin=0.163, sharpness_ratio=0.992, mean_absdiff=2.18, local_absdiff=11.42.",,True,TRAINABLE
v10_TypeM_079_01108_drop_orbit_left_72_seed40108_foreground_identity_color_shift,TypeM_v10_synthetic_visible,synthetic_controlled,foreground_identity_color_shift,01108_drop_orbit_left_72_seed40108,drop,orbit_left_72,local_assets/dpo_pair_factory_v10/recovered_conditions/01108_drop_orbit_left_72_seed40108/clean_future_5_80.mp4,local_assets/dpo_pair_factory_v10/synthetic_visible_negatives/pairs/v10_TypeM_079_01108_drop_orbit_left_72_seed40108_foreground_identity_color_shift/loser_future.mp4,reports/dpo_pair_factory_v11/contact_sheets/v10_TypeM_079_01108_drop_orbit_left_72_seed40108_foreground_identity_color_shift.jpg,True,True,76,832,480,True,True,91.2801,62.8247,3264.7438,2,1,1.0,0.607953,0.392047,32.15547540783706,0.9945891572492498,1.0377164073138534,3.854684591293335,61.2,0.0,103.55523525140225,56.3468620796966,True,True,True,True,"Contact sheet reviewed: prior v10b strict-ready pair retained after v11 audit; failure=foreground_identity_color_shift, reward_margin=0.392, sharpness_ratio=1.038.",,True,TRAINABLE
v10_TypeM_078_01102_drop_orbit_left_72_seed40102_local_patch_drift,TypeM_v10_synthetic_visible,synthetic_controlled,local_patch_drift,01102_drop_orbit_left_72_seed40102,drop,orbit_left_72,local_assets/dpo_pair_factory_v10/recovered_conditions/01102_drop_orbit_left_72_seed40102/clean_future_5_80.mp4,local_assets/dpo_pair_factory_v10/synthetic_visible_negatives/pairs/v10_TypeM_078_01102_drop_orbit_left_72_seed40102_local_patch_drift/loser_future.mp4,reports/dpo_pair_factory_v11/contact_sheets/v10_TypeM_078_01102_drop_orbit_left_72_seed40102_local_patch_drift.jpg,True,True,76,832,480,True,True,102.5549,59.677,1794.7974,2,1,1.0,0.792018,0.207982,33.86080763567249,0.9776443054013686,1.045890685666272,2.7029741406440735,44.0,0.0,130.05679211738783,43.21433968872343,True,True,True,True,"Contact sheet reviewed: prior v10b strict-ready pair retained after v11 audit; failure=local_patch_drift, reward_margin=0.208, sharpness_ratio=1.046.",,True,TRAINABLE
v10_TypeM_077_01101_drop_orbit_left_72_seed40101_local_patch_freeze,TypeM_v10_synthetic_visible,synthetic_controlled,local_patch_freeze,01101_drop_orbit_left_72_seed40101,drop,orbit_left_72,local_assets/dpo_pair_factory_v10/recovered_conditions/01101_drop_orbit_left_72_seed40101/clean_future_5_80.mp4,local_assets/dpo_pair_factory_v10/synthetic_visible_negatives/pairs/v10_TypeM_077_01101_drop_orbit_left_72_seed40101_local_patch_freeze/loser_future.mp4,reports/dpo_pair_factory_v11/contact_sheets/v10_TypeM_077_01101_drop_orbit_left_72_seed40101_local_patch_freeze.jpg,True,True,76,832,480,True,True,89.4104,62.3614,2848.1011,2,1,1.0,0.761255,0.238745,34.01665652183057,0.9863199932858349,1.024341897249558,2.827436149120331,35.2,0.0,102.39549529246794,55.94389501428734,True,True,True,True,"Contact sheet reviewed: prior v10b strict-ready pair retained after v11 audit; failure=local_patch_freeze, reward_margin=0.239, sharpness_ratio=1.024.",,True,TRAINABLE
v11_SYN_0417_01032_drop_orbit_left_72_seed40032_local_scene_patch_drift,TypeM_v11_synthetic_visible,synthetic_controlled,local_scene_patch_drift,01032_drop_orbit_left_72_seed40032,drop,orbit_left_72,local_assets/dpo_pair_factory_v10/recovered_conditions/01032_drop_orbit_left_72_seed40032/clean_future_5_80.mp4,local_assets/dpo_pair_factory_v11/synthetic_pairs/pairs/v11_SYN_0417_01032_drop_orbit_left_72_seed40032_local_scene_patch_drift/loser_future.mp4,reports/dpo_pair_factory_v11/contact_sheets/v11_SYN_0417_01032_drop_orbit_left_72_seed40032_local_scene_patch_drift.jpg,True,True,76,832,480,True,True,104.322,61.3907,1935.1566,2,1,1.0,0.88,0.12,38.6170271149443,0.9981023367262069,0.9874009987291066,2.0226981937885284,9.6,0.0,132.33075232872596,45.81192495377677,True,True,True,True,"Contact sheet reviewed: visible medium-hard local_scene_patch_drift; loser remains readable, reward_margin=0.120, sharpness_ratio=0.987, mean_absdiff=2.02, local_absdiff=6.02.",,True,TRAINABLE
v10_TypeM_004_02222_collision_orbit_right_64_seed41222_local_temporal_jump,TypeM_v10_synthetic_visible,synthetic_controlled,local_temporal_jump,02222_collision_orbit_right_64_seed41222,collision,orbit_right_64,local_assets/dpo_prefix5_pairs_20260627_031729/clean_futures/02222_collision_orbit_right_64_seed41222/clean_future_5_80.mp4,local_assets/dpo_pair_factory_v10/synthetic_visible_negatives/pairs/v10_TypeM_004_02222_collision_orbit_right_64_seed41222_local_temporal_jump/loser_future.mp4,reports/dpo_pair_factory_v11/contact_sheets/v10_TypeM_004_02222_collision_orbit_right_64_seed41222_local_temporal_jump.jpg,True,True,76,832,480,True,True,72.4874,45.9491,2013.5779,2,1,1.0,0.847384,0.152616,35.06708321960452,0.992057940744513,1.0422250589178472,2.5271559357643127,25.6,0.0,110.43850974058493,56.04957152141034,True,True,True,True,"Contact sheet reviewed: prior v10b strict-ready pair retained after v11 audit; failure=local_temporal_jump, reward_margin=0.153, sharpness_ratio=1.042.",,True,TRAINABLE
v11_SYN_EXTRA_0082_02378_collision_orbit_right_64_seed41378_object_deformation_visible,TypeM_v11_synthetic_visible,synthetic_controlled,object_deformation_visible,02378_collision_orbit_right_64_seed41378,collision,orbit_right_64,local_assets/dpo_pair_factory_v10/recovered_conditions/02378_collision_orbit_right_64_seed41378/clean_future_5_80.mp4,local_assets/dpo_pair_factory_v11/synthetic_pairs_extra/pairs/v11_SYN_EXTRA_0082_02378_collision_orbit_right_64_seed41378_object_deformation_visible/loser_future.mp4,reports/dpo_pair_factory_v11/contact_sheets/v11_SYN_EXTRA_0082_02378_collision_orbit_right_64_seed41378_object_deformation_visible.jpg,True,True,76,832,480,True,True,53.9969,23.0634,2038.7102,2,1,1.0,0.88,0.12,40.5025183348727,0.9990339610769553,0.9676813601917948,1.9810762107372284,5.6,0.0,78.72681790865384,44.4456131412251,True,True,True,True,"Contact sheet reviewed: visible medium-hard object_deformation_visible; loser remains readable, reward_margin=0.120, sharpness_ratio=0.968, mean_absdiff=1.98, local_absdiff=4.22.",,True,TRAINABLE
v11_SYN_0428_01039_drop_orbit_left_72_seed40039_object_duplicate_or_fragment,TypeM_v11_synthetic_visible,synthetic_controlled,object_duplicate_or_fragment,01039_drop_orbit_left_72_seed40039,drop,orbit_left_72,local_assets/dpo_pair_factory_v10/recovered_conditions/01039_drop_orbit_left_72_seed40039/clean_future_5_80.mp4,local_assets/dpo_pair_factory_v11/synthetic_pairs/pairs/v11_SYN_0428_01039_drop_orbit_left_72_seed40039_object_duplicate_or_fragment/loser_future.mp4,reports/dpo_pair_factory_v11/contact_sheets/v11_SYN_0428_01039_drop_orbit_left_72_seed40039_object_duplicate_or_fragment.jpg,True,True,76,832,480,True,True,90.7885,63.487,3448.323,2,1,1.0,0.88,0.12,37.71973827305614,0.9976897532808459,0.9966067349996722,2.137282758951187,7.6,0.0,90.1245849609375,57.44494821544338,True,True,True,True,"Contact sheet reviewed: visible medium-hard object_duplicate_or_fragment; loser remains readable, reward_margin=0.120, sharpness_ratio=0.997, mean_absdiff=2.14, local_absdiff=5.09.",,True,TRAINABLE
v11_SYN_0400_01014_drop_orbit_left_72_seed40014_object_identity_color_shift,TypeM_v11_synthetic_visible,synthetic_controlled,object_identity_color_shift,01014_drop_orbit_left_72_seed40014,drop,orbit_left_72,local_assets/dpo_pair_factory_v10/recovered_conditions/01014_drop_orbit_left_72_seed40014/clean_future_5_80.mp4,local_assets/dpo_pair_factory_v11/synthetic_pairs/pairs/v11_SYN_0400_01014_drop_orbit_left_72_seed40014_object_identity_color_shift/loser_future.mp4,reports/dpo_pair_factory_v11/contact_sheets/v11_SYN_0400_01014_drop_orbit_left_72_seed40014_object_identity_color_shift.jpg,True,True,76,832,480,True,True,87.3544,61.0142,2722.2453,2,1,1.0,0.878066,0.121934,38.28761826452897,0.9982188342551797,0.9967465078433386,2.289525330066681,13.2,0.0,102.72147874098557,54.76646046649045,True,True,True,True,"Contact sheet reviewed: visible medium-hard object_identity_color_shift; loser remains readable, reward_margin=0.122, sharpness_ratio=0.997, mean_absdiff=2.29, local_absdiff=8.54.",,True,TRAINABLE
v11_SYN_0413_01029_drop_orbit_left_72_seed40029_partial_freeze_foreground,TypeM_v11_synthetic_visible,synthetic_controlled,partial_freeze_foreground,01029_drop_orbit_left_72_seed40029,drop,orbit_left_72,local_assets/dpo_pair_factory_v10/recovered_conditions/01029_drop_orbit_left_72_seed40029/clean_future_5_80.mp4,local_assets/dpo_pair_factory_v11/synthetic_pairs/pairs/v11_SYN_0413_01029_drop_orbit_left_72_seed40029_partial_freeze_foreground/loser_future.mp4,reports/dpo_pair_factory_v11/contact_sheets/v11_SYN_0413_01029_drop_orbit_left_72_seed40029_partial_freeze_foreground.jpg,True,True,76,832,480,True,True,92.7743,61.3372,2834.5568,2,1,1.0,0.817081,0.182919,37.01797286854404,0.9948067707287639,0.9975087177144071,2.399123251438141,30.0,0.0,118.19357409354969,55.546920776756394,True,True,True,True,"Contact sheet reviewed: visible medium-hard partial_freeze_foreground; loser remains readable, reward_margin=0.183, sharpness_ratio=0.998, mean_absdiff=2.40, local_absdiff=12.80.",,True,TRAINABLE
v11_SYN_0236_04228_containment_orbit_left_44_seed43228_reobserve_mismatch_visible,TypeM_v11_synthetic_visible,synthetic_controlled,reobserve_mismatch_visible,04228_containment_orbit_left_44_seed43228,containment,orbit_left_44,local_assets/dpo_pair_factory_v10/recovered_conditions/04228_containment_orbit_left_44_seed43228/clean_future_5_80.mp4,local_assets/dpo_pair_factory_v11/synthetic_pairs/pairs/v11_SYN_0236_04228_containment_orbit_left_44_seed43228_reobserve_mismatch_visible/loser_future.mp4,reports/dpo_pair_factory_v11/contact_sheets/v11_SYN_0236_04228_containment_orbit_left_44_seed43228_reobserve_mismatch_visible.jpg,True,True,76,832,480,True,True,77.5207,40.1756,3038.7,2,1,1.0,0.88,0.12,38.74136734782789,0.996068888990375,0.9983901816266635,2.117556631565094,20.0,0.0,103.07611365685096,46.461096966815745,True,True,True,True,"Contact sheet reviewed: visible medium-hard reobserve_mismatch_visible; loser remains readable, reward_margin=0.120, sharpness_ratio=0.998, mean_absdiff=2.12, local_absdiff=7.87.",,True,TRAINABLE
v11_SYN_0505_03435_roll_orbit_right_60_seed42435_roll_event_fragment_synthetic,TypeM_v11_synthetic_visible,synthetic_controlled,roll_event_fragment_synthetic,03435_roll_orbit_right_60_seed42435,roll,orbit_right_60,local_assets/dpo_pair_factory_v10/recovered_conditions/03435_roll_orbit_right_60_seed42435/clean_future_5_80.mp4,local_assets/dpo_pair_factory_v11/synthetic_pairs/pairs/v11_SYN_0505_03435_roll_orbit_right_60_seed42435_roll_event_fragment_synthetic/loser_future.mp4,reports/dpo_pair_factory_v11/contact_sheets/v11_SYN_0505_03435_roll_orbit_right_60_seed42435_roll_event_fragment_synthetic.jpg,True,True,76,832,480,True,True,70.1925,50.0202,2396.46,2,1,1.0,0.815104,0.184896,35.22588080071971,0.989465862186554,0.9860257758953578,2.516445904970169,32.8,0.0,89.30664438100962,50.5427476889246,True,True,True,True,"Contact sheet reviewed: visible medium-hard roll_event_fragment_synthetic; loser remains readable, reward_margin=0.185, sharpness_ratio=0.986, mean_absdiff=2.52, local_absdiff=12.94.",,True,TRAINABLE
v11_SYN_0414_01029_drop_orbit_left_72_seed40029_wrong_camera_motion_visible,TypeM_v11_synthetic_visible,synthetic_controlled,wrong_camera_motion_visible,01029_drop_orbit_left_72_seed40029,drop,orbit_left_72,local_assets/dpo_pair_factory_v10/recovered_conditions/01029_drop_orbit_left_72_seed40029/clean_future_5_80.mp4,local_assets/dpo_pair_factory_v11/synthetic_pairs/pairs/v11_SYN_0414_01029_drop_orbit_left_72_seed40029_wrong_camera_motion_visible/loser_future.mp4,reports/dpo_pair_factory_v11/contact_sheets/v11_SYN_0414_01029_drop_orbit_left_72_seed40029_wrong_camera_motion_visible.jpg,True,True,76,832,480,True,True,92.5572,61.0799,2818.4761,2,1,1.0,0.871042,0.128958,37.26533729814251,0.9962132888916109,0.9823595229624004,2.2351921796798706,14.0,0.0,117.84134239783654,55.516757496937174,True,True,True,True,"Contact sheet reviewed: visible medium-hard wrong_camera_motion_visible; loser remains readable, reward_margin=0.129, sharpness_ratio=0.982, mean_absdiff=2.24, local_absdiff=9.03.",,True,TRAINABLE
v11_SYN_0053_02262_collision_orbit_right_64_seed41262_background_drift_visible,TypeM_v11_synthetic_visible,synthetic_controlled,background_drift_visible,02262_collision_orbit_right_64_seed41262,collision,orbit_right_64,local_assets/dpo_pair_factory_v10/recovered_conditions/02262_collision_orbit_right_64_seed41262/clean_future_5_80.mp4,local_assets/dpo_pair_factory_v11/synthetic_pairs/pairs/v11_SYN_0053_02262_collision_orbit_right_64_seed41262_background_drift_visible/loser_future.mp4,reports/dpo_pair_factory_v11/contact_sheets/v11_SYN_0053_02262_collision_orbit_right_64_seed41262_background_drift_visible.jpg,True,True,76,832,480,True,True,52.8562,21.3681,1978.9078,2,1,1.0,0.88,0.12,40.02956732071056,0.9982752646770925,0.9796458685007138,2.122290462255478,7.2,0.0,75.26831242487981,39.20369307497333,True,True,True,True,"Contact sheet reviewed: visible medium-hard background_drift_visible; loser remains readable, reward_margin=0.120, sharpness_ratio=0.980, mean_absdiff=2.12, local_absdiff=4.35.",,True,TRAINABLE
v11_SYN_EXTRA_0025_02239_collision_strafe_left_180_seed41239_collision_response_failure_synthetic,TypeM_v11_synthetic_visible,synthetic_controlled,collision_response_failure_synthetic,02239_collision_strafe_left_180_seed41239,collision,strafe_left_180,local_assets/dpo_pair_factory_v10/recovered_conditions/02239_collision_strafe_left_180_seed41239/clean_future_5_80.mp4,local_assets/dpo_pair_factory_v11/synthetic_pairs_extra/pairs/v11_SYN_EXTRA_0025_02239_collision_strafe_left_180_seed41239_collision_response_failure_synthetic/loser_future.mp4,reports/dpo_pair_factory_v11/contact_sheets/v11_SYN_EXTRA_0025_02239_collision_strafe_left_180_seed41239_collision_response_failure_synthetic.jpg,True,True,76,832,480,True,True,54.0501,23.0601,1928.2669,2,1,1.0,0.88,0.12,40.266029871374236,0.999017716330866,0.9822518898947906,2.0494146943092346,6.8,0.0,84.36092685797277,47.26246179067745,True,True,True,True,"Contact sheet reviewed: visible medium-hard collision_response_failure_synthetic; loser remains readable, reward_margin=0.120, sharpness_ratio=0.982, mean_absdiff=2.05, local_absdiff=4.09.",,True,TRAINABLE
v11_SYN_EXTRA_0157_04228_containment_orbit_left_44_seed43228_containment_failure_synthetic,TypeM_v11_synthetic_visible,synthetic_controlled,containment_failure_synthetic,04228_containment_orbit_left_44_seed43228,containment,orbit_left_44,local_assets/dpo_pair_factory_v10/recovered_conditions/04228_containment_orbit_left_44_seed43228/clean_future_5_80.mp4,local_assets/dpo_pair_factory_v11/synthetic_pairs_extra/pairs/v11_SYN_EXTRA_0157_04228_containment_orbit_left_44_seed43228_containment_failure_synthetic/loser_future.mp4,reports/dpo_pair_factory_v11/contact_sheets/v11_SYN_EXTRA_0157_04228_containment_orbit_left_44_seed43228_containment_failure_synthetic.jpg,True,True,76,832,480,True,True,77.606,40.1736,3014.008,2,1,1.0,0.862715,0.137285,37.511262953400774,0.996393327497639,0.9782917150010051,2.265190541744232,14.4,0.0,103.1933111728766,46.39054372829803,True,True,True,True,"Contact sheet reviewed: visible medium-hard containment_failure_synthetic; loser remains readable, reward_margin=0.137, sharpness_ratio=0.978, mean_absdiff=2.27, local_absdiff=9.61.",,True,TRAINABLE
v11_SYN_0403_01026_drop_orbit_left_72_seed40026_drop_motion_failure_synthetic,TypeM_v11_synthetic_visible,synthetic_controlled,drop_motion_failure_synthetic,01026_drop_orbit_left_72_seed40026,drop,orbit_left_72,local_assets/dpo_pair_factory_v10/recovered_conditions/01026_drop_orbit_left_72_seed40026/clean_future_5_80.mp4,local_assets/dpo_pair_factory_v11/synthetic_pairs/pairs/v11_SYN_0403_01026_drop_orbit_left_72_seed40026_drop_motion_failure_synthetic/loser_future.mp4,reports/dpo_pair_factory_v11/contact_sheets/v11_SYN_0403_01026_drop_orbit_left_72_seed40026_drop_motion_failure_synthetic.jpg,True,True,76,832,480,True,True,104.4087,61.006,1987.3207,2,1,1.0,0.775135,0.224865,35.17828579819459,0.9858787421197797,0.99165580662512,2.2896267473697662,42.8,0.0,134.4703400440705,43.96371794802022,True,True,True,True,"Contact sheet reviewed: visible medium-hard drop_motion_failure_synthetic; loser remains readable, reward_margin=0.225, sharpness_ratio=0.992, mean_absdiff=2.29, local_absdiff=15.74.",,True,TRAINABLE
v10_TypeM_003_02215_collision_strafe_left_180_seed41215_foreground_identity_color_shift,TypeM_v10_synthetic_visible,synthetic_controlled,foreground_identity_color_shift,02215_collision_strafe_left_180_seed41215,collision,strafe_left_180,local_assets/dpo_pair_factory_v10/recovered_conditions/02215_collision_strafe_left_180_seed41215/clean_future_5_80.mp4,local_assets/dpo_pair_factory_v10/synthetic_visible_negatives/pairs/v10_TypeM_003_02215_collision_strafe_left_180_seed41215_foreground_identity_color_shift/loser_future.mp4,reports/dpo_pair_factory_v11/contact_sheets/v10_TypeM_003_02215_collision_strafe_left_180_seed41215_foreground_identity_color_shift.jpg,True,True,76,832,480,True,True,70.2404,41.2674,1892.3959,2,1,1.0,0.823115,0.176885,35.68492026815797,0.9973234055443265,1.0324376500291452,2.694959819316864,18.0,0.0,101.94024063501604,48.08517909695399,True,True,True,True,"Contact sheet reviewed: prior v10b strict-ready pair retained after v11 audit; failure=foreground_identity_color_shift, reward_margin=0.177, sharpness_ratio=1.032.",,True,TRAINABLE
v10_TypeM_002_02202_collision_orbit_right_64_seed41202_local_patch_drift,TypeM_v10_synthetic_visible,synthetic_controlled,local_patch_drift,02202_collision_orbit_right_64_seed41202,collision,orbit_right_64,local_assets/dpo_prefix5_pairs_20260627_031729/clean_futures/02202_collision_orbit_right_64_seed41202/clean_future_5_80.mp4,local_assets/dpo_pair_factory_v10/synthetic_visible_negatives/pairs/v10_TypeM_002_02202_collision_orbit_right_64_seed41202_local_patch_drift/loser_future.mp4,reports/dpo_pair_factory_v11/contact_sheets/v10_TypeM_002_02202_collision_orbit_right_64_seed41202_local_patch_drift.jpg,True,True,76,832,480,True,True,53.25,24.2053,1987.206,2,1,1.0,0.88,0.12,37.558564126101544,0.9965223454343454,1.001871756951797,2.3424996733665466,12.0,0.0,77.95823317307692,41.76313641376196,True,True,True,True,"Contact sheet reviewed: prior v10b strict-ready pair retained after v11 audit; failure=local_patch_drift, reward_margin=0.120, sharpness_ratio=1.002.",,True,TRAINABLE
v10_TypeM_005_02226_collision_orbit_right_64_seed41226_local_patch_freeze,TypeM_v10_synthetic_visible,synthetic_controlled,local_patch_freeze,02226_collision_orbit_right_64_seed41226,collision,orbit_right_64,local_assets/dpo_prefix5_pairs_20260627_031729/clean_futures/02226_collision_orbit_right_64_seed41226/clean_future_5_80.mp4,local_assets/dpo_pair_factory_v10/synthetic_visible_negatives/pairs/v10_TypeM_005_02226_collision_orbit_right_64_seed41226_local_patch_freeze/loser_future.mp4,reports/dpo_pair_factory_v11/contact_sheets/v10_TypeM_005_02226_collision_orbit_right_64_seed41226_local_patch_freeze.jpg,True,True,76,832,480,True,True,62.5078,35.7682,2215.368,2,1,1.0,0.814771,0.185229,35.15773779162395,0.9935776963186747,1.0130687955577424,2.5939876437187195,32.0,0.0,102.08175706129806,57.64667665829202,True,True,True,True,"Contact sheet reviewed: prior v10b strict-ready pair retained after v11 audit; failure=local_patch_freeze, reward_margin=0.185, sharpness_ratio=1.013.",,True,TRAINABLE
v11_SYN_0423_01038_drop_orbit_left_72_seed40038_local_scene_patch_drift,TypeM_v11_synthetic_visible,synthetic_controlled,local_scene_patch_drift,01038_drop_orbit_left_72_seed40038,drop,orbit_left_72,local_assets/dpo_pair_factory_v10/recovered_conditions/01038_drop_orbit_left_72_seed40038/clean_future_5_80.mp4,local_assets/dpo_pair_factory_v11/synthetic_pairs/pairs/v11_SYN_0423_01038_drop_orbit_left_72_seed40038_local_scene_patch_drift/loser_future.mp4,reports/dpo_pair_factory_v11/contact_sheets/v11_SYN_0423_01038_drop_orbit_left_72_seed40038_local_scene_patch_drift.jpg,True,True,76,832,480,True,True,91.4394,61.9788,2607.269,2,1,1.0,0.88,0.12,37.63115198740303,0.996787328992619,0.9909158640130883,2.1696251928806305,10.4,0.0,111.4183587489984,54.1915778389915,True,True,True,True,"Contact sheet reviewed: visible medium-hard local_scene_patch_drift; loser remains readable, reward_margin=0.120, sharpness_ratio=0.991, mean_absdiff=2.17, local_absdiff=7.52.",,True,TRAINABLE
v10_TypeM_016_02327_collision_strafe_left_180_seed41327_local_temporal_jump,TypeM_v10_synthetic_visible,synthetic_controlled,local_temporal_jump,02327_collision_strafe_left_180_seed41327,collision,strafe_left_180,local_assets/dpo_pair_factory_v10/recovered_conditions/02327_collision_strafe_left_180_seed41327/clean_future_5_80.mp4,local_assets/dpo_pair_factory_v10/synthetic_visible_negatives/pairs/v10_TypeM_016_02327_collision_strafe_left_180_seed41327_local_temporal_jump/loser_future.mp4,reports/dpo_pair_factory_v11/contact_sheets/v10_TypeM_016_02327_collision_strafe_left_180_seed41327_local_temporal_jump.jpg,True,True,76,832,480,True,True,83.5674,56.0547,2074.1662,2,1,1.0,0.826354,0.173646,34.41172661506784,0.9927822777676265,1.0625450132235115,2.428518921136856,39.2,0.0,129.08093136518428,62.70058126013052,True,True,True,True,"Contact sheet reviewed: prior v10b strict-ready pair retained after v11 audit; failure=local_temporal_jump, reward_margin=0.174, sharpness_ratio=1.063.",,True,TRAINABLE
v11_SYN_0537_03465_roll_orbit_right_60_seed42465_object_deformation_visible,TypeM_v11_synthetic_visible,synthetic_controlled,object_deformation_visible,03465_roll_orbit_right_60_seed42465,roll,orbit_right_60,local_assets/dpo_pair_factory_v10/recovered_conditions/03465_roll_orbit_right_60_seed42465/clean_future_5_80.mp4,local_assets/dpo_pair_factory_v11/synthetic_pairs/pairs/v11_SYN_0537_03465_roll_orbit_right_60_seed42465_object_deformation_visible/loser_future.mp4,reports/dpo_pair_factory_v11/contact_sheets/v11_SYN_0537_03465_roll_orbit_right_60_seed42465_object_deformation_visible.jpg,True,True,76,832,480,True,True,81.1278,50.022,2164.4345,2,1,1.0,0.88,0.12,39.77852655030282,0.999229785660805,0.9453836667168837,2.183117926120758,6.4,0.0,109.87165777744391,49.81170758121518,True,True,True,True,"Contact sheet reviewed: visible medium-hard object_deformation_visible; loser remains readable, reward_margin=0.120, sharpness_ratio=0.945, mean_absdiff=2.18, local_absdiff=4.75.",,True,TRAINABLE
v11_SYN_0434_01047_drop_orbit_left_72_seed40047_object_duplicate_or_fragment,TypeM_v11_synthetic_visible,synthetic_controlled,object_duplicate_or_fragment,01047_drop_orbit_left_72_seed40047,drop,orbit_left_72,local_assets/dpo_pair_factory_v10/recovered_conditions/01047_drop_orbit_left_72_seed40047/clean_future_5_80.mp4,local_assets/dpo_pair_factory_v11/synthetic_pairs/pairs/v11_SYN_0434_01047_drop_orbit_left_72_seed40047_object_duplicate_or_fragment/loser_future.mp4,reports/dpo_pair_factory_v11/contact_sheets/v11_SYN_0434_01047_drop_orbit_left_72_seed40047_object_duplicate_or_fragment.jpg,True,True,76,832,480,True,True,85.1702,60.9412,3365.3524,2,1,1.0,0.853586,0.146414,33.828989930317185,0.9846088137522003,1.0102720750437697,2.5408639907836914,29.2,0.0,86.26761505909455,55.29866943222345,True,True,True,True,"Contact sheet reviewed: visible medium-hard object_duplicate_or_fragment; loser remains readable, reward_margin=0.146, sharpness_ratio=1.010, mean_absdiff=2.54, local_absdiff=10.25.",,True,TRAINABLE
v11_SYN_0406_01026_drop_orbit_left_72_seed40026_object_identity_color_shift,TypeM_v11_synthetic_visible,synthetic_controlled,object_identity_color_shift,01026_drop_orbit_left_72_seed40026,drop,orbit_left_72,local_assets/dpo_pair_factory_v10/recovered_conditions/01026_drop_orbit_left_72_seed40026/clean_future_5_80.mp4,local_assets/dpo_pair_factory_v11/synthetic_pairs/pairs/v11_SYN_0406_01026_drop_orbit_left_72_seed40026_object_identity_color_shift/loser_future.mp4,reports/dpo_pair_factory_v11/contact_sheets/v11_SYN_0406_01026_drop_orbit_left_72_seed40026_object_identity_color_shift.jpg,True,True,76,832,480,True,True,103.9188,61.0032,1972.4732,2,1,1.0,0.737446,0.262554,35.305618512770764,0.9981594824791351,0.9935192030970855,2.395712524652481,36.8,0.0,133.77970315004006,44.20571509872302,True,True,True,True,"Contact sheet reviewed: visible medium-hard object_identity_color_shift; loser remains readable, reward_margin=0.263, sharpness_ratio=0.994, mean_absdiff=2.40, local_absdiff=18.38.",,True,TRAINABLE
v11_SYN_0419_01032_drop_orbit_left_72_seed40032_partial_freeze_foreground,TypeM_v11_synthetic_visible,synthetic_controlled,partial_freeze_foreground,01032_drop_orbit_left_72_seed40032,drop,orbit_left_72,local_assets/dpo_pair_factory_v10/recovered_conditions/01032_drop_orbit_left_72_seed40032/clean_future_5_80.mp4,local_assets/dpo_pair_factory_v11/synthetic_pairs/pairs/v11_SYN_0419_01032_drop_orbit_left_72_seed40032_partial_freeze_foreground/loser_future.mp4,reports/dpo_pair_factory_v11/contact_sheets/v11_SYN_0419_01032_drop_orbit_left_72_seed40032_partial_freeze_foreground.jpg,True,True,76,832,480,True,True,104.2755,61.3595,1971.6551,2,1,1.0,0.835288,0.164712,35.04543785073699,0.9883061075218659,0.997576918028876,2.432912439107895,25.6,0.0,132.1163586738782,45.982746581028024,True,True,True,True,"Contact sheet reviewed: visible medium-hard partial_freeze_foreground; loser remains readable, reward_margin=0.165, sharpness_ratio=0.998, mean_absdiff=2.43, local_absdiff=11.53.",,True,TRAINABLE
v11_SYN_EXTRA_0158_04228_containment_orbit_left_44_seed43228_reobserve_mismatch_visible,TypeM_v11_synthetic_visible,synthetic_controlled,reobserve_mismatch_visible,04228_containment_orbit_left_44_seed43228,containment,orbit_left_44,local_assets/dpo_pair_factory_v10/recovered_conditions/04228_containment_orbit_left_44_seed43228/clean_future_5_80.mp4,local_assets/dpo_pair_factory_v11/synthetic_pairs_extra/pairs/v11_SYN_EXTRA_0158_04228_containment_orbit_left_44_seed43228_reobserve_mismatch_visible/loser_future.mp4,reports/dpo_pair_factory_v11/contact_sheets/v11_SYN_EXTRA_0158_04228_containment_orbit_left_44_seed43228_reobserve_mismatch_visible.jpg,True,True,76,832,480,True,True,77.5209,40.1766,3035.3618,2,1,1.0,0.88,0.12,38.8754509622641,0.9959042134240305,0.9977437312307208,2.156857192516327,17.2,0.0,103.0730938251202,46.46210521013646,True,True,True,True,"Contact sheet reviewed: visible medium-hard reobserve_mismatch_visible; loser remains readable, reward_margin=0.120, sharpness_ratio=0.998, mean_absdiff=2.16, local_absdiff=8.16.",,True,TRAINABLE
v11_SYN_0511_03437_roll_orbit_right_60_seed42437_roll_event_fragment_synthetic,TypeM_v11_synthetic_visible,synthetic_controlled,roll_event_fragment_synthetic,03437_roll_orbit_right_60_seed42437,roll,orbit_right_60,local_assets/dpo_pair_factory_v10/recovered_conditions/03437_roll_orbit_right_60_seed42437/clean_future_5_80.mp4,local_assets/dpo_pair_factory_v11/synthetic_pairs/pairs/v11_SYN_0511_03437_roll_orbit_right_60_seed42437_roll_event_fragment_synthetic/loser_future.mp4,reports/dpo_pair_factory_v11/contact_sheets/v11_SYN_0511_03437_roll_orbit_right_60_seed42437_roll_event_fragment_synthetic.jpg,True,True,76,832,480,True,True,75.1319,48.0189,2264.8804,2,1,1.0,0.813079,0.186921,35.090879792273114,0.9897919277991121,1.0007494252472897,2.513932913541794,29.6,0.0,105.39915865384616,49.634451577353694,True,True,True,True,"Contact sheet reviewed: visible medium-hard roll_event_fragment_synthetic; loser remains readable, reward_margin=0.187, sharpness_ratio=1.001, mean_absdiff=2.51, local_absdiff=13.08.",,True,TRAINABLE
v11_SYN_0420_01032_drop_orbit_left_72_seed40032_wrong_camera_motion_visible,TypeM_v11_synthetic_visible,synthetic_controlled,wrong_camera_motion_visible,01032_drop_orbit_left_72_seed40032,drop,orbit_left_72,local_assets/dpo_pair_factory_v10/recovered_conditions/01032_drop_orbit_left_72_seed40032/clean_future_5_80.mp4,local_assets/dpo_pair_factory_v11/synthetic_pairs/pairs/v11_SYN_0420_01032_drop_orbit_left_72_seed40032_wrong_camera_motion_visible/loser_future.mp4,reports/dpo_pair_factory_v11/contact_sheets/v11_SYN_0420_01032_drop_orbit_left_72_seed40032_wrong_camera_motion_visible.jpg,True,True,76,832,480,True,True,104.6718,61.2127,1977.5535,2,1,1.0,0.88,0.12,38.485920821537476,0.9973864471444862,0.9864426651988517,2.0823254883289337,12.0,0.0,132.35196376702723,45.77513353004156,True,True,True,True,"Contact sheet reviewed: visible medium-hard wrong_camera_motion_visible; loser remains readable, reward_margin=0.120, sharpness_ratio=0.986, mean_absdiff=2.08, local_absdiff=7.06.",,True,TRAINABLE
v11_SYN_0059_02276_collision_orbit_right_64_seed41276_background_drift_visible,TypeM_v11_synthetic_visible,synthetic_controlled,background_drift_visible,02276_collision_orbit_right_64_seed41276,collision,orbit_right_64,local_assets/dpo_pair_factory_v10/recovered_conditions/02276_collision_orbit_right_64_seed41276/clean_future_5_80.mp4,local_assets/dpo_pair_factory_v11/synthetic_pairs/pairs/v11_SYN_0059_02276_collision_orbit_right_64_seed41276_background_drift_visible/loser_future.mp4,reports/dpo_pair_factory_v11/contact_sheets/v11_SYN_0059_02276_collision_orbit_right_64_seed41276_background_drift_visible.jpg,True,True,76,832,480,True,True,53.3426,20.2128,2023.994,2,1,1.0,0.88,0.12,40.64852997992177,0.999082713031843,0.9891768475936674,1.9677622020244598,5.6,0.0,76.92776004106571,46.586165133261474,True,True,True,True,"Contact sheet reviewed: visible medium-hard background_drift_visible; loser remains readable, reward_margin=0.120, sharpness_ratio=0.989, mean_absdiff=1.97, local_absdiff=3.37.",,True,TRAINABLE
v11_SYN_0043_02259_collision_strafe_left_180_seed41259_collision_response_failure_synthetic,TypeM_v11_synthetic_visible,synthetic_controlled,collision_response_failure_synthetic,02259_collision_strafe_left_180_seed41259,collision,strafe_left_180,local_assets/dpo_pair_factory_v10/recovered_conditions/02259_collision_strafe_left_180_seed41259/clean_future_5_80.mp4,local_assets/dpo_pair_factory_v11/synthetic_pairs/pairs/v11_SYN_0043_02259_collision_strafe_left_180_seed41259_collision_response_failure_synthetic/loser_future.mp4,reports/dpo_pair_factory_v11/contact_sheets/v11_SYN_0043_02259_collision_strafe_left_180_seed41259_collision_response_failure_synthetic.jpg,True,True,76,832,480,True,True,52.364,20.9311,1891.7531,2,1,1.0,0.88,0.12,38.34521294447873,0.9974316122835933,0.9690334714555501,2.239592492580414,10.8,0.0,79.20745818309294,43.97248451015377,True,True,True,True,"Contact sheet reviewed: visible medium-hard collision_response_failure_synthetic; loser remains readable, reward_margin=0.120, sharpness_ratio=0.969, mean_absdiff=2.24, local_absdiff=7.59.",,True,TRAINABLE
v11_SYN_0241_04236_containment_orbit_left_44_seed43236_containment_failure_synthetic,TypeM_v11_synthetic_visible,synthetic_controlled,containment_failure_synthetic,04236_containment_orbit_left_44_seed43236,containment,orbit_left_44,local_assets/dpo_pair_factory_v10/recovered_conditions/04236_containment_orbit_left_44_seed43236/clean_future_5_80.mp4,local_assets/dpo_pair_factory_v11/synthetic_pairs/pairs/v11_SYN_0241_04236_containment_orbit_left_44_seed43236_containment_failure_synthetic/loser_future.mp4,reports/dpo_pair_factory_v11/contact_sheets/v11_SYN_0241_04236_containment_orbit_left_44_seed43236_containment_failure_synthetic.jpg,True,True,76,832,480,True,True,41.7525,41.389,1425.5179,2,1,1.0,0.88,0.12,39.10972770405194,0.999102002085585,0.9373927542950833,2.092012882232666,12.8,0.0,82.87821138822116,72.6717122120201,True,True,True,True,"Contact sheet reviewed: visible medium-hard containment_failure_synthetic; loser remains readable, reward_margin=0.120, sharpness_ratio=0.937, mean_absdiff=2.09, local_absdiff=4.60.",,True,TRAINABLE
v11_SYN_0409_01029_drop_orbit_left_72_seed40029_drop_motion_failure_synthetic,TypeM_v11_synthetic_visible,synthetic_controlled,drop_motion_failure_synthetic,01029_drop_orbit_left_72_seed40029,drop,orbit_left_72,local_assets/dpo_pair_factory_v10/recovered_conditions/01029_drop_orbit_left_72_seed40029/clean_future_5_80.mp4,local_assets/dpo_pair_factory_v11/synthetic_pairs/pairs/v11_SYN_0409_01029_drop_orbit_left_72_seed40029_drop_motion_failure_synthetic/loser_future.mp4,reports/dpo_pair_factory_v11/contact_sheets/v11_SYN_0409_01029_drop_orbit_left_72_seed40029_drop_motion_failure_synthetic.jpg,True,True,76,832,480,True,True,92.6267,60.8668,2818.8621,2,1,1.0,0.875316,0.124684,37.93053011691122,0.9937410704222795,0.9878153173153141,2.3865562081336975,16.0,0.0,117.87225373096956,55.35743894318976,True,True,True,True,"Contact sheet reviewed: visible medium-hard drop_motion_failure_synthetic; loser remains readable, reward_margin=0.125, sharpness_ratio=0.988, mean_absdiff=2.39, local_absdiff=8.73.",,True,TRAINABLE
v10_TypeM_007_02239_collision_strafe_left_180_seed41239_foreground_identity_color_shift,TypeM_v10_synthetic_visible,synthetic_controlled,foreground_identity_color_shift,02239_collision_strafe_left_180_seed41239,collision,strafe_left_180,local_assets/dpo_pair_factory_v10/recovered_conditions/02239_collision_strafe_left_180_seed41239/clean_future_5_80.mp4,local_assets/dpo_pair_factory_v10/synthetic_visible_negatives/pairs/v10_TypeM_007_02239_collision_strafe_left_180_seed41239_foreground_identity_color_shift/loser_future.mp4,reports/dpo_pair_factory_v11/contact_sheets/v10_TypeM_007_02239_collision_strafe_left_180_seed41239_foreground_identity_color_shift.jpg,True,True,76,832,480,True,True,53.4396,22.8161,1945.7582,2,1,1.0,0.733837,0.266163,34.54651739540447,0.9966241532266378,0.9910845476689925,3.3489629924297333,20.0,0.0,83.62080766726763,47.801480577984485,True,True,True,True,"Contact sheet reviewed: prior v10b strict-ready pair retained after v11 audit; failure=foreground_identity_color_shift, reward_margin=0.266, sharpness_ratio=0.991.",,True,TRAINABLE
v10_TypeM_006_02228_collision_orbit_right_64_seed41228_local_patch_drift,TypeM_v10_synthetic_visible,synthetic_controlled,local_patch_drift,02228_collision_orbit_right_64_seed41228,collision,orbit_right_64,local_assets/dpo_pair_factory_v10/recovered_conditions/02228_collision_orbit_right_64_seed41228/clean_future_5_80.mp4,local_assets/dpo_pair_factory_v10/synthetic_visible_negatives/pairs/v10_TypeM_006_02228_collision_orbit_right_64_seed41228_local_patch_drift/loser_future.mp4,reports/dpo_pair_factory_v11/contact_sheets/v10_TypeM_006_02228_collision_orbit_right_64_seed41228_local_patch_drift.jpg,True,True,76,832,480,True,True,57.4894,28.7887,2010.2175,2,1,1.0,0.848196,0.151804,35.2805873248171,0.9885366324403597,0.9950032823887786,2.545616328716278,23.6,0.0,88.54512595152244,45.19165182166853,True,True,True,True,"Contact sheet reviewed: prior v10b strict-ready pair retained after v11 audit; failure=local_patch_drift, reward_margin=0.152, sharpness_ratio=0.995.",,True,TRAINABLE
v10_TypeM_009_02262_collision_orbit_right_64_seed41262_local_patch_freeze,TypeM_v10_synthetic_visible,synthetic_controlled,local_patch_freeze,02262_collision_orbit_right_64_seed41262,collision,orbit_right_64,local_assets/dpo_pair_factory_v10/recovered_conditions/02262_collision_orbit_right_64_seed41262/clean_future_5_80.mp4,local_assets/dpo_pair_factory_v10/synthetic_visible_negatives/pairs/v10_TypeM_009_02262_collision_orbit_right_64_seed41262_local_patch_freeze/loser_future.mp4,reports/dpo_pair_factory_v11/contact_sheets/v10_TypeM_009_02262_collision_orbit_right_64_seed41262_local_patch_freeze.jpg,True,True,76,832,480,True,True,52.4256,21.2139,1973.0628,2,1,1.0,0.860125,0.139875,35.491972378536495,0.9907649737720329,0.9941674236987529,2.690337210893631,18.0,0.0,75.08704552283653,39.40470435778123,True,True,True,True,"Contact sheet reviewed: prior v10b strict-ready pair retained after v11 audit; failure=local_patch_freeze, reward_margin=0.140, sharpness_ratio=0.994.",,True,TRAINABLE
v11_SYN_0429_01039_drop_orbit_left_72_seed40039_local_scene_patch_drift,TypeM_v11_synthetic_visible,synthetic_controlled,local_scene_patch_drift,01039_drop_orbit_left_72_seed40039,drop,orbit_left_72,local_assets/dpo_pair_factory_v10/recovered_conditions/01039_drop_orbit_left_72_seed40039/clean_future_5_80.mp4,local_assets/dpo_pair_factory_v11/synthetic_pairs/pairs/v11_SYN_0429_01039_drop_orbit_left_72_seed40039_local_scene_patch_drift/loser_future.mp4,reports/dpo_pair_factory_v11/contact_sheets/v11_SYN_0429_01039_drop_orbit_left_72_seed40039_local_scene_patch_drift.jpg,True,True,76,832,480,True,True,90.477,63.5368,3403.2123,2,1,1.0,0.865528,0.134472,36.354297068074736,0.9961723973211114,0.9842747918743824,2.382391005754471,13.6,0.0,90.18737166967146,57.37484333453153,True,True,True,True,"Contact sheet reviewed: visible medium-hard local_scene_patch_drift; loser remains readable, reward_margin=0.134, sharpness_ratio=0.984, mean_absdiff=2.38, local_absdiff=9.41.",,True,TRAINABLE
v10_TypeM_040_04228_containment_orbit_left_44_seed43228_local_temporal_jump,TypeM_v10_synthetic_visible,synthetic_controlled,local_temporal_jump,04228_containment_orbit_left_44_seed43228,containment,orbit_left_44,local_assets/dpo_pair_factory_v10/recovered_conditions/04228_containment_orbit_left_44_seed43228/clean_future_5_80.mp4,local_assets/dpo_pair_factory_v10/synthetic_visible_negatives/pairs/v10_TypeM_040_04228_containment_orbit_left_44_seed43228_local_temporal_jump/loser_future.mp4,reports/dpo_pair_factory_v11/contact_sheets/v10_TypeM_040_04228_containment_orbit_left_44_seed43228_local_temporal_jump.jpg,True,True,76,832,480,True,True,77.1259,40.2694,3046.4124,2,1,1.0,0.754853,0.245147,34.9489143553474,0.9905052926167519,1.0083811872100892,2.6939088106155396,29.2,0.0,103.16749799679488,46.47313268307707,True,True,True,True,"Contact sheet reviewed: prior v10b strict-ready pair retained after v11 audit; failure=local_temporal_jump, reward_margin=0.245, sharpness_ratio=1.008.",,True,TRAINABLE
v11_SYN_0549_03477_roll_orbit_right_60_seed42477_object_deformation_visible,TypeM_v11_synthetic_visible,synthetic_controlled,object_deformation_visible,03477_roll_orbit_right_60_seed42477,roll,orbit_right_60,local_assets/dpo_pair_factory_v10/recovered_conditions/03477_roll_orbit_right_60_seed42477/clean_future_5_80.mp4,local_assets/dpo_pair_factory_v11/synthetic_pairs/pairs/v11_SYN_0549_03477_roll_orbit_right_60_seed42477_object_deformation_visible/loser_future.mp4,reports/dpo_pair_factory_v11/contact_sheets/v11_SYN_0549_03477_roll_orbit_right_60_seed42477_object_deformation_visible.jpg,True,True,76,832,480,True,True,70.5624,37.8199,1829.194,2,1,1.0,0.88,0.12,41.043154585331415,0.9991887576683751,0.9536005162252292,1.8811865448951721,6.0,0.0,97.8694780398638,40.485919871841,True,True,True,True,"Contact sheet reviewed: visible medium-hard object_deformation_visible; loser remains readable, reward_margin=0.120, sharpness_ratio=0.954, mean_absdiff=1.88, local_absdiff=4.66.",,True,TRAINABLE
v11_SYN_0440_01060_drop_orbit_left_72_seed40060_object_duplicate_or_fragment,TypeM_v11_synthetic_visible,synthetic_controlled,object_duplicate_or_fragment,01060_drop_orbit_left_72_seed40060,drop,orbit_left_72,local_assets/dpo_pair_factory_v10/recovered_conditions/01060_drop_orbit_left_72_seed40060/clean_future_5_80.mp4,local_assets/dpo_pair_factory_v11/synthetic_pairs/pairs/v11_SYN_0440_01060_drop_orbit_left_72_seed40060_object_duplicate_or_fragment/loser_future.mp4,reports/dpo_pair_factory_v11/contact_sheets/v11_SYN_0440_01060_drop_orbit_left_72_seed40060_object_duplicate_or_fragment.jpg,True,True,76,832,480,True,True,84.0613,60.7223,3440.4851,2,1,1.0,0.88,0.12,35.36196777791544,0.9933049514044714,0.9875867067737895,2.427938938140869,18.0,0.0,82.56974471654647,54.7113432599122,True,True,True,True,"Contact sheet reviewed: visible medium-hard object_duplicate_or_fragment; loser remains readable, reward_margin=0.120, sharpness_ratio=0.988, mean_absdiff=2.43, local_absdiff=8.12.",,True,TRAINABLE
v11_SYN_0412_01029_drop_orbit_left_72_seed40029_object_identity_color_shift,TypeM_v11_synthetic_visible,synthetic_controlled,object_identity_color_shift,01029_drop_orbit_left_72_seed40029,drop,orbit_left_72,local_assets/dpo_pair_factory_v10/recovered_conditions/01029_drop_orbit_left_72_seed40029/clean_future_5_80.mp4,local_assets/dpo_pair_factory_v11/synthetic_pairs/pairs/v11_SYN_0412_01029_drop_orbit_left_72_seed40029_object_identity_color_shift/loser_future.mp4,reports/dpo_pair_factory_v11/contact_sheets/v11_SYN_0412_01029_drop_orbit_left_72_seed40029_object_identity_color_shift.jpg,True,True,76,832,480,True,True,92.3369,61.0377,2823.0071,2,1,1.0,0.659828,0.340172,34.413799687542095,0.9982017894441684,0.996142253769253,2.593677818775177,48.0,0.0,117.63195487780449,55.3976502097459,True,True,True,True,"Contact sheet reviewed: visible medium-hard object_identity_color_shift; loser remains readable, reward_margin=0.340, sharpness_ratio=0.996, mean_absdiff=2.59, local_absdiff=23.81.",,True,TRAINABLE
v11_SYN_0425_01038_drop_orbit_left_72_seed40038_partial_freeze_foreground,TypeM_v11_synthetic_visible,synthetic_controlled,partial_freeze_foreground,01038_drop_orbit_left_72_seed40038,drop,orbit_left_72,local_assets/dpo_pair_factory_v10/recovered_conditions/01038_drop_orbit_left_72_seed40038/clean_future_5_80.mp4,local_assets/dpo_pair_factory_v11/synthetic_pairs/pairs/v11_SYN_0425_01038_drop_orbit_left_72_seed40038_partial_freeze_foreground/loser_future.mp4,reports/dpo_pair_factory_v11/contact_sheets/v11_SYN_0425_01038_drop_orbit_left_72_seed40038_partial_freeze_foreground.jpg,True,True,76,832,480,True,True,91.5646,62.0057,2657.484,2,1,1.0,0.837311,0.162689,36.44159438229132,0.9947471220841158,1.0008963230628212,2.284383326768875,16.0,0.0,111.40679274338942,54.28598345570272,True,True,True,True,"Contact sheet reviewed: visible medium-hard partial_freeze_foreground; loser remains readable, reward_margin=0.163, sharpness_ratio=1.001, mean_absdiff=2.28, local_absdiff=11.39.",,True,TRAINABLE
v11_SYN_0242_04236_containment_orbit_left_44_seed43236_reobserve_mismatch_visible,TypeM_v11_synthetic_visible,synthetic_controlled,reobserve_mismatch_visible,04236_containment_orbit_left_44_seed43236,containment,orbit_left_44,local_assets/dpo_pair_factory_v10/recovered_conditions/04236_containment_orbit_left_44_seed43236/clean_future_5_80.mp4,local_assets/dpo_pair_factory_v11/synthetic_pairs/pairs/v11_SYN_0242_04236_containment_orbit_left_44_seed43236_reobserve_mismatch_visible/loser_future.mp4,reports/dpo_pair_factory_v11/contact_sheets/v11_SYN_0242_04236_containment_orbit_left_44_seed43236_reobserve_mismatch_visible.jpg,True,True,76,832,480,True,True,41.7487,41.2771,1417.2595,2,1,1.0,0.876954,0.123046,38.67510267425455,0.998758893903324,0.9423879794088744,2.122284233570099,22.4,0.0,83.00299979967949,72.61287769652247,True,True,True,True,"Contact sheet reviewed: visible medium-hard reobserve_mismatch_visible; loser remains readable, reward_margin=0.123, sharpness_ratio=0.942, mean_absdiff=2.12, local_absdiff=8.61.",,True,TRAINABLE
v11_SYN_0517_03440_roll_orbit_right_60_seed42440_roll_event_fragment_synthetic,TypeM_v11_synthetic_visible,synthetic_controlled,roll_event_fragment_synthetic,03440_roll_orbit_right_60_seed42440,roll,orbit_right_60,local_assets/dpo_pair_factory_v10/recovered_conditions/03440_roll_orbit_right_60_seed42440/clean_future_5_80.mp4,local_assets/dpo_pair_factory_v11/synthetic_pairs/pairs/v11_SYN_0517_03440_roll_orbit_right_60_seed42440_roll_event_fragment_synthetic/loser_future.mp4,reports/dpo_pair_factory_v11/contact_sheets/v11_SYN_0517_03440_roll_orbit_right_60_seed42440_roll_event_fragment_synthetic.jpg,True,True,76,832,480,True,True,71.6874,41.7422,2066.7851,2,1,1.0,0.814518,0.185482,35.75957849531859,0.9919477940473782,1.000217164341361,2.3610802590847015,26.4,0.0,102.85714956430289,46.31901255512894,True,True,True,True,"Contact sheet reviewed: visible medium-hard roll_event_fragment_synthetic; loser remains readable, reward_margin=0.185, sharpness_ratio=1.000, mean_absdiff=2.36, local_absdiff=12.98.",,True,TRAINABLE
v11_SYN_0432_01039_drop_orbit_left_72_seed40039_wrong_camera_motion_visible,TypeM_v11_synthetic_visible,synthetic_controlled,wrong_camera_motion_visible,01039_drop_orbit_left_72_seed40039,drop,orbit_left_72,local_assets/dpo_pair_factory_v10/recovered_conditions/01039_drop_orbit_left_72_seed40039/clean_future_5_80.mp4,local_assets/dpo_pair_factory_v11/synthetic_pairs/pairs/v11_SYN_0432_01039_drop_orbit_left_72_seed40039_wrong_camera_motion_visible/loser_future.mp4,reports/dpo_pair_factory_v11/contact_sheets/v11_SYN_0432_01039_drop_orbit_left_72_seed40039_wrong_camera_motion_visible.jpg,True,True,76,832,480,True,True,90.5118,63.2906,3427.4352,2,1,1.0,0.88,0.12,38.09533492670632,0.9961215705036214,0.9859194298783245,2.311354845762253,11.2,0.0,89.93001427283654,57.220965040899024,True,True,True,True,"Contact sheet reviewed: visible medium-hard wrong_camera_motion_visible; loser remains readable, reward_margin=0.120, sharpness_ratio=0.986, mean_absdiff=2.31, local_absdiff=7.38.",,True,TRAINABLE
v11_SYN_0065_02284_collision_orbit_right_64_seed41284_background_drift_visible,TypeM_v11_synthetic_visible,synthetic_controlled,background_drift_visible,02284_collision_orbit_right_64_seed41284,collision,orbit_right_64,local_assets/dpo_pair_factory_v10/recovered_conditions/02284_collision_orbit_right_64_seed41284/clean_future_5_80.mp4,local_assets/dpo_pair_factory_v11/synthetic_pairs/pairs/v11_SYN_0065_02284_collision_orbit_right_64_seed41284_background_drift_visible/loser_future.mp4,reports/dpo_pair_factory_v11/contact_sheets/v11_SYN_0065_02284_collision_orbit_right_64_seed41284_background_drift_visible.jpg,True,True,76,832,480,True,True,59.9747,30.6993,2258.3499,2,1,1.0,0.88,0.12,39.98968920838117,0.9989654670855805,0.9775199947231527,2.05265611410141,7.6,0.0,97.20326021634617,54.85483879178082,True,True,True,True,"Contact sheet reviewed: visible medium-hard background_drift_visible; loser remains readable, reward_margin=0.120, sharpness_ratio=0.978, mean_absdiff=2.05, local_absdiff=4.22.",,True,TRAINABLE
v11_SYN_EXTRA_0029_02259_collision_strafe_left_180_seed41259_collision_response_failure_synthetic,TypeM_v11_synthetic_visible,synthetic_controlled,collision_response_failure_synthetic,02259_collision_strafe_left_180_seed41259,collision,strafe_left_180,local_assets/dpo_pair_factory_v10/recovered_conditions/02259_collision_strafe_left_180_seed41259/clean_future_5_80.mp4,local_assets/dpo_pair_factory_v11/synthetic_pairs_extra/pairs/v11_SYN_EXTRA_0029_02259_collision_strafe_left_180_seed41259_collision_response_failure_synthetic/loser_future.mp4,reports/dpo_pair_factory_v11/contact_sheets/v11_SYN_EXTRA_0029_02259_collision_strafe_left_180_seed41259_collision_response_failure_synthetic.jpg,True,True,76,832,480,True,True,52.3545,20.9412,1901.5432,2,1,1.0,0.88,0.12,40.00634555284988,0.9988694780000885,0.9895570507948758,2.047909379005432,8.0,0.0,79.1726575020032,44.02226831434428,True,True,True,True,"Contact sheet reviewed: visible medium-hard collision_response_failure_synthetic; loser remains readable, reward_margin=0.120, sharpness_ratio=0.990, mean_absdiff=2.05, local_absdiff=5.44.",,True,TRAINABLE
v11_SYN_EXTRA_0165_04248_containment_orbit_left_44_seed43248_containment_failure_synthetic,TypeM_v11_synthetic_visible,synthetic_controlled,containment_failure_synthetic,04248_containment_orbit_left_44_seed43248,containment,orbit_left_44,local_assets/dpo_pair_factory_v10/recovered_conditions/04248_containment_orbit_left_44_seed43248/clean_future_5_80.mp4,local_assets/dpo_pair_factory_v11/synthetic_pairs_extra/pairs/v11_SYN_EXTRA_0165_04248_containment_orbit_left_44_seed43248_containment_failure_synthetic/loser_future.mp4,reports/dpo_pair_factory_v11/contact_sheets/v11_SYN_EXTRA_0165_04248_containment_orbit_left_44_seed43248_containment_failure_synthetic.jpg,True,True,76,832,480,True,True,50.9451,29.873,1823.4017,2,1,1.0,0.88,0.12,39.66588112869594,0.9990842458782058,0.9923744453459571,2.149934232234955,6.4,0.0,77.41905486278046,52.76602380660289,True,True,True,True,"Contact sheet reviewed: visible medium-hard containment_failure_synthetic; loser remains readable, reward_margin=0.120, sharpness_ratio=0.992, mean_absdiff=2.15, local_absdiff=5.06.",,True,TRAINABLE
v11_SYN_0415_01032_drop_orbit_left_72_seed40032_drop_motion_failure_synthetic,TypeM_v11_synthetic_visible,synthetic_controlled,drop_motion_failure_synthetic,01032_drop_orbit_left_72_seed40032,drop,orbit_left_72,local_assets/dpo_pair_factory_v10/recovered_conditions/01032_drop_orbit_left_72_seed40032/clean_future_5_80.mp4,local_assets/dpo_pair_factory_v11/synthetic_pairs/pairs/v11_SYN_0415_01032_drop_orbit_left_72_seed40032_drop_motion_failure_synthetic/loser_future.mp4,reports/dpo_pair_factory_v11/contact_sheets/v11_SYN_0415_01032_drop_orbit_left_72_seed40032_drop_motion_failure_synthetic.jpg,True,True,76,832,480,True,True,104.7377,61.1348,1974.9221,2,1,1.0,0.862291,0.137709,37.39197585018093,0.996967471237529,0.9912235034674619,2.1092567145824432,20.8,0.0,132.36942858573718,45.71140262425904,True,True,True,True,"Contact sheet reviewed: visible medium-hard drop_motion_failure_synthetic; loser remains readable, reward_margin=0.138, sharpness_ratio=0.991, mean_absdiff=2.11, local_absdiff=9.64.",,True,TRAINABLE
v10_TypeM_011_02284_collision_orbit_right_64_seed41284_foreground_identity_color_shift,TypeM_v10_synthetic_visible,synthetic_controlled,foreground_identity_color_shift,02284_collision_orbit_right_64_seed41284,collision,orbit_right_64,local_assets/dpo_pair_factory_v10/recovered_conditions/02284_collision_orbit_right_64_seed41284/clean_future_5_80.mp4,local_assets/dpo_pair_factory_v10/synthetic_visible_negatives/pairs/v10_TypeM_011_02284_collision_orbit_right_64_seed41284_foreground_identity_color_shift/loser_future.mp4,reports/dpo_pair_factory_v11/contact_sheets/v10_TypeM_011_02284_collision_orbit_right_64_seed41284_foreground_identity_color_shift.jpg,True,True,76,832,480,True,True,59.9082,30.798,2354.2232,2,1,1.0,0.723499,0.276501,34.99088549083031,0.9973471093435997,1.0039238557071408,2.854716509580612,24.8,0.0,96.61220139723557,55.29310375062427,True,True,True,True,"Contact sheet reviewed: prior v10b strict-ready pair retained after v11 audit; failure=foreground_identity_color_shift, reward_margin=0.277, sharpness_ratio=1.004.",,True,TRAINABLE
v10_TypeM_010_02276_collision_orbit_right_64_seed41276_local_patch_drift,TypeM_v10_synthetic_visible,synthetic_controlled,local_patch_drift,02276_collision_orbit_right_64_seed41276,collision,orbit_right_64,local_assets/dpo_pair_factory_v10/recovered_conditions/02276_collision_orbit_right_64_seed41276/clean_future_5_80.mp4,local_assets/dpo_pair_factory_v10/synthetic_visible_negatives/pairs/v10_TypeM_010_02276_collision_orbit_right_64_seed41276_local_patch_drift/loser_future.mp4,reports/dpo_pair_factory_v11/contact_sheets/v10_TypeM_010_02276_collision_orbit_right_64_seed41276_local_patch_drift.jpg,True,True,76,832,480,True,True,52.8839,19.7786,2003.1977,2,1,1.0,0.88,0.12,37.98915659633388,0.9976479652905396,0.9928285340631446,2.280393213033676,10.4,0.0,76.92734562800482,46.595481697755176,True,True,True,True,"Contact sheet reviewed: prior v10b strict-ready pair retained after v11 audit; failure=local_patch_drift, reward_margin=0.120, sharpness_ratio=0.993.",,True,TRAINABLE
v10_TypeM_013_02288_collision_orbit_right_64_seed41288_local_patch_freeze,TypeM_v10_synthetic_visible,synthetic_controlled,local_patch_freeze,02288_collision_orbit_right_64_seed41288,collision,orbit_right_64,local_assets/dpo_pair_factory_v10/recovered_conditions/02288_collision_orbit_right_64_seed41288/clean_future_5_80.mp4,local_assets/dpo_pair_factory_v10/synthetic_visible_negatives/pairs/v10_TypeM_013_02288_collision_orbit_right_64_seed41288_local_patch_freeze/loser_future.mp4,reports/dpo_pair_factory_v11/contact_sheets/v10_TypeM_013_02288_collision_orbit_right_64_seed41288_local_patch_freeze.jpg,True,True,76,832,480,True,True,51.0552,21.8581,1957.1063,2,1,1.0,0.877666,0.122334,36.271457531380435,0.9949411504420613,0.9863938320148714,2.59161975979805,16.4,0.0,75.85214593349359,42.65786939359624,True,True,True,True,"Contact sheet reviewed: prior v10b strict-ready pair retained after v11 audit; failure=local_patch_freeze, reward_margin=0.122, sharpness_ratio=0.986.",,True,TRAINABLE
v11_SYN_0435_01047_drop_orbit_left_72_seed40047_local_scene_patch_drift,TypeM_v11_synthetic_visible,synthetic_controlled,local_scene_patch_drift,01047_drop_orbit_left_72_seed40047,drop,orbit_left_72,local_assets/dpo_pair_factory_v10/recovered_conditions/01047_drop_orbit_left_72_seed40047/clean_future_5_80.mp4,local_assets/dpo_pair_factory_v11/synthetic_pairs/pairs/v11_SYN_0435_01047_drop_orbit_left_72_seed40047_local_scene_patch_drift/loser_future.mp4,reports/dpo_pair_factory_v11/contact_sheets/v11_SYN_0435_01047_drop_orbit_left_72_seed40047_local_scene_patch_drift.jpg,True,True,76,832,480,True,True,84.3572,60.7305,3277.458,2,1,1.0,0.787811,0.212189,35.767400086265354,0.992729689896591,0.9951024680821072,2.4472963213920593,38.0,0.0,85.66061385717147,54.92249099282142,True,True,True,True,"Contact sheet reviewed: visible medium-hard local_scene_patch_drift; loser remains readable, reward_margin=0.212, sharpness_ratio=0.995, mean_absdiff=2.45, local_absdiff=14.85.",,True,TRAINABLE
v10_TypeM_044_04252_containment_orbit_left_44_seed43252_local_temporal_jump,TypeM_v10_synthetic_visible,synthetic_controlled,local_temporal_jump,04252_containment_orbit_left_44_seed43252,containment,orbit_left_44,local_assets/dpo_pair_factory_v10/recovered_conditions/04252_containment_orbit_left_44_seed43252/clean_future_5_80.mp4,local_assets/dpo_pair_factory_v10/synthetic_visible_negatives/pairs/v10_TypeM_044_04252_containment_orbit_left_44_seed43252_local_temporal_jump/loser_future.mp4,reports/dpo_pair_factory_v11/contact_sheets/v10_TypeM_044_04252_containment_orbit_left_44_seed43252_local_temporal_jump.jpg,True,True,76,832,480,True,True,47.1167,23.9176,1142.1908,2,1,1.0,0.829898,0.170102,35.237229463150925,0.9900956611087296,0.9975169691268586,2.619071125984192,20.8,0.0,74.03938238681891,43.787515453763746,True,True,True,True,"Contact sheet reviewed: prior v10b strict-ready pair retained after v11 audit; failure=local_temporal_jump, reward_margin=0.170, sharpness_ratio=0.998.",,True,TRAINABLE
v11_SYN_0579_03533_roll_orbit_right_60_seed42533_object_deformation_visible,TypeM_v11_synthetic_visible,synthetic_controlled,object_deformation_visible,03533_roll_orbit_right_60_seed42533,roll,orbit_right_60,local_assets/dpo_pair_factory_v10/recovered_conditions/03533_roll_orbit_right_60_seed42533/clean_future_5_80.mp4,local_assets/dpo_pair_factory_v11/synthetic_pairs/pairs/v11_SYN_0579_03533_roll_orbit_right_60_seed42533_object_deformation_visible/loser_future.mp4,reports/dpo_pair_factory_v11/contact_sheets/v11_SYN_0579_03533_roll_orbit_right_60_seed42533_object_deformation_visible.jpg,True,True,76,832,480,True,True,68.6587,46.7199,2258.8085,2,1,1.0,0.88,0.12,40.615306503906304,0.9994276384480867,0.9748132311081378,2.0596030354499817,5.6,0.0,93.29761868990386,50.95998266685732,True,True,True,True,"Contact sheet reviewed: visible medium-hard object_deformation_visible; loser remains readable, reward_margin=0.120, sharpness_ratio=0.975, mean_absdiff=2.06, local_absdiff=4.19.",,True,TRAINABLE
v11_SYN_0452_01086_drop_orbit_left_72_seed40086_object_duplicate_or_fragment,TypeM_v11_synthetic_visible,synthetic_controlled,object_duplicate_or_fragment,01086_drop_orbit_left_72_seed40086,drop,orbit_left_72,local_assets/dpo_pair_factory_v10/recovered_conditions/01086_drop_orbit_left_72_seed40086/clean_future_5_80.mp4,local_assets/dpo_pair_factory_v11/synthetic_pairs/pairs/v11_SYN_0452_01086_drop_orbit_left_72_seed40086_object_duplicate_or_fragment/loser_future.mp4,reports/dpo_pair_factory_v11/contact_sheets/v11_SYN_0452_01086_drop_orbit_left_72_seed40086_object_duplicate_or_fragment.jpg,True,True,76,832,480,True,True,91.5266,62.0081,2517.3255,2,1,1.0,0.88,0.12,36.29900067132867,0.9941503496797112,1.0129884405947096,1.8829293549060822,5.7583,0.0,118.18057642227564,53.29692066504312,True,True,True,True,"Contact sheet reviewed: visible medium-hard object_duplicate_or_fragment; loser remains readable, reward_margin=0.120, sharpness_ratio=1.013, mean_absdiff=1.88, local_absdiff=5.76.",,True,TRAINABLE
v11_SYN_0418_01032_drop_orbit_left_72_seed40032_object_identity_color_shift,TypeM_v11_synthetic_visible,synthetic_controlled,object_identity_color_shift,01032_drop_orbit_left_72_seed40032,drop,orbit_left_72,local_assets/dpo_pair_factory_v10/recovered_conditions/01032_drop_orbit_left_72_seed40032/clean_future_5_80.mp4,local_assets/dpo_pair_factory_v11/synthetic_pairs/pairs/v11_SYN_0418_01032_drop_orbit_left_72_seed40032_object_identity_color_shift/loser_future.mp4,reports/dpo_pair_factory_v11/contact_sheets/v11_SYN_0418_01032_drop_orbit_left_72_seed40032_object_identity_color_shift.jpg,True,True,76,832,480,True,True,104.5088,61.3113,1969.9244,2,1,1.0,0.88,0.12,40.671253083486754,0.9997066370443067,0.9963137729941076,1.9602470099925995,5.6,0.0,132.31745167267627,45.850331523885,True,True,True,True,"Contact sheet reviewed: visible medium-hard object_identity_color_shift; loser remains readable, reward_margin=0.120, sharpness_ratio=0.996, mean_absdiff=1.96, local_absdiff=4.73.",,True,TRAINABLE
v11_SYN_0431_01039_drop_orbit_left_72_seed40039_partial_freeze_foreground,TypeM_v11_synthetic_visible,synthetic_controlled,partial_freeze_foreground,01039_drop_orbit_left_72_seed40039,drop,orbit_left_72,local_assets/dpo_pair_factory_v10/recovered_conditions/01039_drop_orbit_left_72_seed40039/clean_future_5_80.mp4,local_assets/dpo_pair_factory_v11/synthetic_pairs/pairs/v11_SYN_0431_01039_drop_orbit_left_72_seed40039_partial_freeze_foreground/loser_future.mp4,reports/dpo_pair_factory_v11/contact_sheets/v11_SYN_0431_01039_drop_orbit_left_72_seed40039_partial_freeze_foreground.jpg,True,True,76,832,480,True,True,90.4321,63.4909,3432.6027,2,1,1.0,0.853334,0.146666,36.61156623900201,0.9951756961111957,0.9944454218445586,2.4011864960193634,12.8,0.0,89.99325295472757,57.37173135066611,True,True,True,True,"Contact sheet reviewed: visible medium-hard partial_freeze_foreground; loser remains readable, reward_margin=0.147, sharpness_ratio=0.994, mean_absdiff=2.40, local_absdiff=10.27.",,True,TRAINABLE
v11_SYN_EXTRA_0162_04236_containment_orbit_left_44_seed43236_reobserve_mismatch_visible,TypeM_v11_synthetic_visible,synthetic_controlled,reobserve_mismatch_visible,04236_containment_orbit_left_44_seed43236,containment,orbit_left_44,local_assets/dpo_pair_factory_v10/recovered_conditions/04236_containment_orbit_left_44_seed43236/clean_future_5_80.mp4,local_assets/dpo_pair_factory_v11/synthetic_pairs_extra/pairs/v11_SYN_EXTRA_0162_04236_containment_orbit_left_44_seed43236_reobserve_mismatch_visible/loser_future.mp4,reports/dpo_pair_factory_v11/contact_sheets/v11_SYN_EXTRA_0162_04236_containment_orbit_left_44_seed43236_reobserve_mismatch_visible.jpg,True,True,76,832,480,True,True,41.8331,41.3517,1414.2306,2,1,1.0,0.88,0.12,38.45732612704926,0.9984205211323153,0.9447035763969571,2.090784430503845,7.2,0.0,83.00256034655449,72.61274398997725,True,True,True,True,"Contact sheet reviewed: visible medium-hard reobserve_mismatch_visible; loser remains readable, reward_margin=0.120, sharpness_ratio=0.945, mean_absdiff=2.09, local_absdiff=6.11.",,True,TRAINABLE
v11_SYN_0529_03453_roll_orbit_right_60_seed42453_roll_event_fragment_synthetic,TypeM_v11_synthetic_visible,synthetic_controlled,roll_event_fragment_synthetic,03453_roll_orbit_right_60_seed42453,roll,orbit_right_60,local_assets/dpo_pair_factory_v10/recovered_conditions/03453_roll_orbit_right_60_seed42453/clean_future_5_80.mp4,local_assets/dpo_pair_factory_v11/synthetic_pairs/pairs/v11_SYN_0529_03453_roll_orbit_right_60_seed42453_roll_event_fragment_synthetic/loser_future.mp4,reports/dpo_pair_factory_v11/contact_sheets/v11_SYN_0529_03453_roll_orbit_right_60_seed42453_roll_event_fragment_synthetic.jpg,True,True,76,832,480,True,True,69.8473,44.4443,1536.8479,2,1,1.0,0.88,0.12,39.402443521958446,0.9988103932457006,0.9898642537085871,2.0917793214321136,9.6,0.0,103.41676369691507,49.07752110744539,True,True,True,True,"Contact sheet reviewed: visible medium-hard roll_event_fragment_synthetic; loser remains readable, reward_margin=0.120, sharpness_ratio=0.990, mean_absdiff=2.09, local_absdiff=5.90.",,True,TRAINABLE
v11_SYN_0438_01047_drop_orbit_left_72_seed40047_wrong_camera_motion_visible,TypeM_v11_synthetic_visible,synthetic_controlled,wrong_camera_motion_visible,01047_drop_orbit_left_72_seed40047,drop,orbit_left_72,local_assets/dpo_pair_factory_v10/recovered_conditions/01047_drop_orbit_left_72_seed40047/clean_future_5_80.mp4,local_assets/dpo_pair_factory_v11/synthetic_pairs/pairs/v11_SYN_0438_01047_drop_orbit_left_72_seed40047_wrong_camera_motion_visible/loser_future.mp4,reports/dpo_pair_factory_v11/contact_sheets/v11_SYN_0438_01047_drop_orbit_left_72_seed40047_wrong_camera_motion_visible.jpg,True,True,76,832,480,True,True,84.7866,60.8376,3286.7998,2,1,1.0,0.88,0.12,38.39957526371648,0.997984583383679,0.9880762297716704,2.157177746295929,10.0,0.0,85.74674666967148,55.11132384896581,True,True,True,True,"Contact sheet reviewed: visible medium-hard wrong_camera_motion_visible; loser remains readable, reward_margin=0.120, sharpness_ratio=0.988, mean_absdiff=2.16, local_absdiff=7.56.",,True,TRAINABLE
v11_SYN_0095_02327_collision_strafe_left_180_seed41327_background_drift_visible,TypeM_v11_synthetic_visible,synthetic_controlled,background_drift_visible,02327_collision_strafe_left_180_seed41327,collision,strafe_left_180,local_assets/dpo_pair_factory_v10/recovered_conditions/02327_collision_strafe_left_180_seed41327/clean_future_5_80.mp4,local_assets/dpo_pair_factory_v11/synthetic_pairs/pairs/v11_SYN_0095_02327_collision_strafe_left_180_seed41327_background_drift_visible/loser_future.mp4,reports/dpo_pair_factory_v11/contact_sheets/v11_SYN_0095_02327_collision_strafe_left_180_seed41327_background_drift_visible.jpg,True,True,76,832,480,True,True,83.2439,55.4793,2061.0899,2,1,1.0,0.88,0.12,40.47848384559766,0.9996610993338692,0.9932606497703669,1.9912973046302795,5.6,0.0,128.77974196213944,62.625901624145996,True,True,True,True,"Contact sheet reviewed: visible medium-hard background_drift_visible; loser remains readable, reward_margin=0.120, sharpness_ratio=0.993, mean_absdiff=1.99, local_absdiff=3.59.",,True,TRAINABLE
v11_SYN_0049_02262_collision_orbit_right_64_seed41262_collision_response_failure_synthetic,TypeM_v11_synthetic_visible,synthetic_controlled,collision_response_failure_synthetic,02262_collision_orbit_right_64_seed41262,collision,orbit_right_64,local_assets/dpo_pair_factory_v10/recovered_conditions/02262_collision_orbit_right_64_seed41262/clean_future_5_80.mp4,local_assets/dpo_pair_factory_v11/synthetic_pairs/pairs/v11_SYN_0049_02262_collision_orbit_right_64_seed41262_collision_response_failure_synthetic/loser_future.mp4,reports/dpo_pair_factory_v11/contact_sheets/v11_SYN_0049_02262_collision_orbit_right_64_seed41262_collision_response_failure_synthetic.jpg,True,True,76,832,480,True,True,53.4783,21.961,2037.8851,2,1,1.0,0.88,0.12,40.36980301433219,0.9988992324914063,0.9922515418588543,2.046539455652237,7.6,0.0,75.2662103114984,39.221956970031215,True,True,True,True,"Contact sheet reviewed: visible medium-hard collision_response_failure_synthetic; loser remains readable, reward_margin=0.120, sharpness_ratio=0.992, mean_absdiff=2.05, local_absdiff=5.41.",,True,TRAINABLE
v11_SYN_0253_04249_containment_orbit_left_44_seed43249_containment_failure_synthetic,TypeM_v11_synthetic_visible,synthetic_controlled,containment_failure_synthetic,04249_containment_orbit_left_44_seed43249,containment,orbit_left_44,local_assets/dpo_pair_factory_v10/recovered_conditions/04249_containment_orbit_left_44_seed43249/clean_future_5_80.mp4,local_assets/dpo_pair_factory_v11/synthetic_pairs/pairs/v11_SYN_0253_04249_containment_orbit_left_44_seed43249_containment_failure_synthetic/loser_future.mp4,reports/dpo_pair_factory_v11/contact_sheets/v11_SYN_0253_04249_containment_orbit_left_44_seed43249_containment_failure_synthetic.jpg,True,True,76,832,480,True,True,63.0013,46.9732,1874.0121,2,1,1.0,0.876721,0.123279,37.39352502049987,0.9982625054535758,0.984759690744563,2.2083639800548553,24.8,0.0,99.1966558994391,61.78242271369299,True,True,True,True,"Contact sheet reviewed: visible medium-hard containment_failure_synthetic; loser remains readable, reward_margin=0.123, sharpness_ratio=0.985, mean_absdiff=2.21, local_absdiff=8.63.",,True,TRAINABLE
v11_SYN_0421_01038_drop_orbit_left_72_seed40038_drop_motion_failure_synthetic,TypeM_v11_synthetic_visible,synthetic_controlled,drop_motion_failure_synthetic,01038_drop_orbit_left_72_seed40038,drop,orbit_left_72,local_assets/dpo_pair_factory_v10/recovered_conditions/01038_drop_orbit_left_72_seed40038/clean_future_5_80.mp4,local_assets/dpo_pair_factory_v11/synthetic_pairs/pairs/v11_SYN_0421_01038_drop_orbit_left_72_seed40038_drop_motion_failure_synthetic/loser_future.mp4,reports/dpo_pair_factory_v11/contact_sheets/v11_SYN_0421_01038_drop_orbit_left_72_seed40038_drop_motion_failure_synthetic.jpg,True,True,76,832,480,True,True,91.8267,61.9296,2650.5766,2,1,1.0,0.8361,0.1639,36.407013683664594,0.9958345322493753,0.9887099144386688,2.2574901282787323,22.0,0.0,111.52994791666667,54.19754193793687,True,True,True,True,"Contact sheet reviewed: visible medium-hard drop_motion_failure_synthetic; loser remains readable, reward_margin=0.164, sharpness_ratio=0.989, mean_absdiff=2.26, local_absdiff=11.47.",,True,TRAINABLE
v10_TypeM_015_02295_collision_strafe_left_180_seed41295_foreground_identity_color_shift,TypeM_v10_synthetic_visible,synthetic_controlled,foreground_identity_color_shift,02295_collision_strafe_left_180_seed41295,collision,strafe_left_180,local_assets/dpo_pair_factory_v10/recovered_conditions/02295_collision_strafe_left_180_seed41295/clean_future_5_80.mp4,local_assets/dpo_pair_factory_v10/synthetic_visible_negatives/pairs/v10_TypeM_015_02295_collision_strafe_left_180_seed41295_foreground_identity_color_shift/loser_future.mp4,reports/dpo_pair_factory_v11/contact_sheets/v10_TypeM_015_02295_collision_strafe_left_180_seed41295_foreground_identity_color_shift.jpg,True,True,76,832,480,True,True,81.5554,55.3829,2068.9481,2,1,1.0,0.780313,0.219687,35.366139422037946,0.9978090612250452,1.0826108074346437,2.680789738893509,17.6,0.0,127.44539450620995,65.92829050258312,True,True,True,True,"Contact sheet reviewed: prior v10b strict-ready pair retained after v11 audit; failure=foreground_identity_color_shift, reward_margin=0.220, sharpness_ratio=1.083.",,True,TRAINABLE
v10_TypeM_018_02353_collision_strafe_left_180_seed41353_local_patch_drift,TypeM_v10_synthetic_visible,synthetic_controlled,local_patch_drift,02353_collision_strafe_left_180_seed41353,collision,strafe_left_180,local_assets/dpo_pair_factory_v10/recovered_conditions/02353_collision_strafe_left_180_seed41353/clean_future_5_80.mp4,local_assets/dpo_pair_factory_v10/synthetic_visible_negatives/pairs/v10_TypeM_018_02353_collision_strafe_left_180_seed41353_local_patch_drift/loser_future.mp4,reports/dpo_pair_factory_v11/contact_sheets/v10_TypeM_018_02353_collision_strafe_left_180_seed41353_local_patch_drift.jpg,True,True,76,832,480,True,True,69.03,40.7748,1815.253,2,1,1.0,0.793034,0.206966,34.28818122103671,0.9818494257568657,1.0431276306359407,2.836811602115631,33.2,0.0,99.49081655649039,44.83269913720639,True,True,True,True,"Contact sheet reviewed: prior v10b strict-ready pair retained after v11 audit; failure=local_patch_drift, reward_margin=0.207, sharpness_ratio=1.043.",,True,TRAINABLE
v10_TypeM_017_02328_collision_orbit_right_64_seed41328_local_patch_freeze,TypeM_v10_synthetic_visible,synthetic_controlled,local_patch_freeze,02328_collision_orbit_right_64_seed41328,collision,orbit_right_64,local_assets/dpo_pair_factory_v10/recovered_conditions/02328_collision_orbit_right_64_seed41328/clean_future_5_80.mp4,local_assets/dpo_pair_factory_v10/synthetic_visible_negatives/pairs/v10_TypeM_017_02328_collision_orbit_right_64_seed41328_local_patch_freeze/loser_future.mp4,reports/dpo_pair_factory_v11/contact_sheets/v10_TypeM_017_02328_collision_orbit_right_64_seed41328_local_patch_freeze.jpg,True,True,76,832,480,True,True,78.2684,52.3677,2057.9972,2,1,1.0,0.852143,0.147857,35.435804604737356,0.9958207088139223,1.0891355384832633,2.5410521030426025,12.4,0.0,120.739697265625,61.68068597526835,True,True,True,True,"Contact sheet reviewed: prior v10b strict-ready pair retained after v11 audit; failure=local_patch_freeze, reward_margin=0.148, sharpness_ratio=1.089.",,True,TRAINABLE
v11_SYN_0441_01060_drop_orbit_left_72_seed40060_local_scene_patch_drift,TypeM_v11_synthetic_visible,synthetic_controlled,local_scene_patch_drift,01060_drop_orbit_left_72_seed40060,drop,orbit_left_72,local_assets/dpo_pair_factory_v10/recovered_conditions/01060_drop_orbit_left_72_seed40060/clean_future_5_80.mp4,local_assets/dpo_pair_factory_v11/synthetic_pairs/pairs/v11_SYN_0441_01060_drop_orbit_left_72_seed40060_local_scene_patch_drift/loser_future.mp4,reports/dpo_pair_factory_v11/contact_sheets/v11_SYN_0441_01060_drop_orbit_left_72_seed40060_local_scene_patch_drift.jpg,True,True,76,832,480,True,True,83.5928,60.598,3358.2791,2,1,1.0,0.814554,0.185446,35.6546263372734,0.9937658262407483,0.9778902563264554,2.5821619033813477,27.2,0.0,82.44229767628207,54.460720924465534,True,True,True,True,"Contact sheet reviewed: visible medium-hard local_scene_patch_drift; loser remains readable, reward_margin=0.185, sharpness_ratio=0.978, mean_absdiff=2.58, local_absdiff=12.98.",,True,TRAINABLE
v10_TypeM_048_04280_containment_orbit_left_44_seed43280_local_temporal_jump,TypeM_v10_synthetic_visible,synthetic_controlled,local_temporal_jump,04280_containment_orbit_left_44_seed43280,containment,orbit_left_44,local_assets/dpo_pair_factory_v10/recovered_conditions/04280_containment_orbit_left_44_seed43280/clean_future_5_80.mp4,local_assets/dpo_pair_factory_v10/synthetic_visible_negatives/pairs/v10_TypeM_048_04280_containment_orbit_left_44_seed43280_local_temporal_jump/loser_future.mp4,reports/dpo_pair_factory_v11/contact_sheets/v10_TypeM_048_04280_containment_orbit_left_44_seed43280_local_temporal_jump.jpg,True,True,76,832,480,True,True,61.592,39.1437,1595.6224,2,1,1.0,0.797571,0.202429,35.07531897023976,0.9953685500299709,0.9881130834045848,2.6349279582500458,26.4,0.0,87.18939428084937,46.608720688093584,True,True,True,True,"Contact sheet reviewed: prior v10b strict-ready pair retained after v11 audit; failure=local_temporal_jump, reward_margin=0.202, sharpness_ratio=0.988.",,True,TRAINABLE
v11_SYN_0585_03536_roll_orbit_right_60_seed42536_object_deformation_visible,TypeM_v11_synthetic_visible,synthetic_controlled,object_deformation_visible,03536_roll_orbit_right_60_seed42536,roll,orbit_right_60,local_assets/dpo_pair_factory_v10/recovered_conditions/03536_roll_orbit_right_60_seed42536/clean_future_5_80.mp4,local_assets/dpo_pair_factory_v11/synthetic_pairs/pairs/v11_SYN_0585_03536_roll_orbit_right_60_seed42536_object_deformation_visible/loser_future.mp4,reports/dpo_pair_factory_v11/contact_sheets/v11_SYN_0585_03536_roll_orbit_right_60_seed42536_object_deformation_visible.jpg,True,True,76,832,480,True,True,80.2413,49.8459,1988.2964,2,1,1.0,0.88,0.12,40.5336576443781,0.9993032856001511,0.942095093376054,2.002303272485733,5.6,0.0,110.36884139623399,48.061513385015964,True,True,True,True,"Contact sheet reviewed: visible medium-hard object_deformation_visible; loser remains readable, reward_margin=0.120, sharpness_ratio=0.942, mean_absdiff=2.00, local_absdiff=4.42.",,True,TRAINABLE
v11_SYN_0458_01101_drop_orbit_left_72_seed40101_object_duplicate_or_fragment,TypeM_v11_synthetic_visible,synthetic_controlled,object_duplicate_or_fragment,01101_drop_orbit_left_72_seed40101,drop,orbit_left_72,local_assets/dpo_pair_factory_v10/recovered_conditions/01101_drop_orbit_left_72_seed40101/clean_future_5_80.mp4,local_assets/dpo_pair_factory_v11/synthetic_pairs/pairs/v11_SYN_0458_01101_drop_orbit_left_72_seed40101_object_duplicate_or_fragment/loser_future.mp4,reports/dpo_pair_factory_v11/contact_sheets/v11_SYN_0458_01101_drop_orbit_left_72_seed40101_object_duplicate_or_fragment.jpg,True,True,76,832,480,True,True,90.2014,62.2475,2887.8464,2,1,1.0,0.88,0.12,36.41642783187605,0.9962573453373725,1.0035674143664792,2.1597654223442078,16.4,0.0,102.5039075020032,55.960629576104864,True,True,True,True,"Contact sheet reviewed: visible medium-hard object_duplicate_or_fragment; loser remains readable, reward_margin=0.120, sharpness_ratio=1.004, mean_absdiff=2.16, local_absdiff=7.68.",,True,TRAINABLE
v11_SYN_0424_01038_drop_orbit_left_72_seed40038_object_identity_color_shift,TypeM_v11_synthetic_visible,synthetic_controlled,object_identity_color_shift,01038_drop_orbit_left_72_seed40038,drop,orbit_left_72,local_assets/dpo_pair_factory_v10/recovered_conditions/01038_drop_orbit_left_72_seed40038/clean_future_5_80.mp4,local_assets/dpo_pair_factory_v11/synthetic_pairs/pairs/v11_SYN_0424_01038_drop_orbit_left_72_seed40038_object_identity_color_shift/loser_future.mp4,reports/dpo_pair_factory_v11/contact_sheets/v11_SYN_0424_01038_drop_orbit_left_72_seed40038_object_identity_color_shift.jpg,True,True,76,832,480,True,True,91.4213,62.063,2638.5649,2,1,1.0,0.88,0.12,39.32279294242333,0.99946394509311,0.9978330256695206,2.1878409385681152,10.8,0.0,111.27742575620994,54.40182119275989,True,True,True,True,"Contact sheet reviewed: visible medium-hard object_identity_color_shift; loser remains readable, reward_margin=0.120, sharpness_ratio=0.998, mean_absdiff=2.19, local_absdiff=5.86.",,True,TRAINABLE
v11_SYN_0437_01047_drop_orbit_left_72_seed40047_partial_freeze_foreground,TypeM_v11_synthetic_visible,synthetic_controlled,partial_freeze_foreground,01047_drop_orbit_left_72_seed40047,drop,orbit_left_72,local_assets/dpo_pair_factory_v10/recovered_conditions/01047_drop_orbit_left_72_seed40047/clean_future_5_80.mp4,local_assets/dpo_pair_factory_v11/synthetic_pairs/pairs/v11_SYN_0437_01047_drop_orbit_left_72_seed40047_partial_freeze_foreground/loser_future.mp4,reports/dpo_pair_factory_v11/contact_sheets/v11_SYN_0437_01047_drop_orbit_left_72_seed40047_partial_freeze_foreground.jpg,True,True,76,832,480,True,True,84.6767,60.9756,3331.3913,2,1,1.0,0.80121,0.19879,35.16931545500328,0.9914390574019177,0.9934367068102408,2.5085132122039795,24.8,0.0,85.81354792668269,55.23593093242546,True,True,True,True,"Contact sheet reviewed: visible medium-hard partial_freeze_foreground; loser remains readable, reward_margin=0.199, sharpness_ratio=0.993, mean_absdiff=2.51, local_absdiff=13.92.",,True,TRAINABLE
v11_SYN_0248_04248_containment_orbit_left_44_seed43248_reobserve_mismatch_visible,TypeM_v11_synthetic_visible,synthetic_controlled,reobserve_mismatch_visible,04248_containment_orbit_left_44_seed43248,containment,orbit_left_44,local_assets/dpo_pair_factory_v10/recovered_conditions/04248_containment_orbit_left_44_seed43248/clean_future_5_80.mp4,local_assets/dpo_pair_factory_v11/synthetic_pairs/pairs/v11_SYN_0248_04248_containment_orbit_left_44_seed43248_reobserve_mismatch_visible/loser_future.mp4,reports/dpo_pair_factory_v11/contact_sheets/v11_SYN_0248_04248_containment_orbit_left_44_seed43248_reobserve_mismatch_visible.jpg,True,True,76,832,480,True,True,50.8405,29.8421,1817.0901,2,1,1.0,0.88,0.12,40.23733454608704,0.9991994849698631,0.9954174800937803,2.078408360481262,6.8,0.0,77.41901417267627,52.77821341890777,True,True,True,True,"Contact sheet reviewed: visible medium-hard reobserve_mismatch_visible; loser remains readable, reward_margin=0.120, sharpness_ratio=0.995, mean_absdiff=2.08, local_absdiff=4.24.",,True,TRAINABLE
v11_SYN_0535_03465_roll_orbit_right_60_seed42465_roll_event_fragment_synthetic,TypeM_v11_synthetic_visible,synthetic_controlled,roll_event_fragment_synthetic,03465_roll_orbit_right_60_seed42465,roll,orbit_right_60,local_assets/dpo_pair_factory_v10/recovered_conditions/03465_roll_orbit_right_60_seed42465/clean_future_5_80.mp4,local_assets/dpo_pair_factory_v11/synthetic_pairs/pairs/v11_SYN_0535_03465_roll_orbit_right_60_seed42465_roll_event_fragment_synthetic/loser_future.mp4,reports/dpo_pair_factory_v11/contact_sheets/v11_SYN_0535_03465_roll_orbit_right_60_seed42465_roll_event_fragment_synthetic.jpg,True,True,76,832,480,True,True,81.217,50.0021,2190.197,2,1,1.0,0.871125,0.128875,37.73040576801567,0.9975652605473746,0.9756801229168395,2.3130930066108704,13.2,0.0,109.7774163661859,49.847219883155944,True,True,True,True,"Contact sheet reviewed: visible medium-hard roll_event_fragment_synthetic; loser remains readable, reward_margin=0.129, sharpness_ratio=0.976, mean_absdiff=2.31, local_absdiff=9.02.",,True,TRAINABLE
v11_SYN_0444_01060_drop_orbit_left_72_seed40060_wrong_camera_motion_visible,TypeM_v11_synthetic_visible,synthetic_controlled,wrong_camera_motion_visible,01060_drop_orbit_left_72_seed40060,drop,orbit_left_72,local_assets/dpo_pair_factory_v10/recovered_conditions/01060_drop_orbit_left_72_seed40060/clean_future_5_80.mp4,local_assets/dpo_pair_factory_v11/synthetic_pairs/pairs/v11_SYN_0444_01060_drop_orbit_left_72_seed40060_wrong_camera_motion_visible/loser_future.mp4,reports/dpo_pair_factory_v11/contact_sheets/v11_SYN_0444_01060_drop_orbit_left_72_seed40060_wrong_camera_motion_visible.jpg,True,True,76,832,480,True,True,83.7943,60.5904,3374.7033,2,1,1.0,0.86008,0.13992,36.96933608885887,0.9963927692863044,0.9722088582160604,2.442313313484192,13.2,0.0,82.29067132411859,54.447184774253216,True,True,True,True,"Contact sheet reviewed: visible medium-hard wrong_camera_motion_visible; loser remains readable, reward_margin=0.140, sharpness_ratio=0.972, mean_absdiff=2.44, local_absdiff=9.79.",,True,TRAINABLE
v11_SYN_0101_02328_collision_orbit_right_64_seed41328_background_drift_visible,TypeM_v11_synthetic_visible,synthetic_controlled,background_drift_visible,02328_collision_orbit_right_64_seed41328,collision,orbit_right_64,local_assets/dpo_pair_factory_v10/recovered_conditions/02328_collision_orbit_right_64_seed41328/clean_future_5_80.mp4,local_assets/dpo_pair_factory_v11/synthetic_pairs/pairs/v11_SYN_0101_02328_collision_orbit_right_64_seed41328_background_drift_visible/loser_future.mp4,reports/dpo_pair_factory_v11/contact_sheets/v11_SYN_0101_02328_collision_orbit_right_64_seed41328_background_drift_visible.jpg,True,True,76,832,480,True,True,78.9034,52.92,2065.0892,2,1,1.0,0.88,0.12,38.00946319320807,0.9988829360944249,0.9683744000271794,2.2605992555618286,13.6,0.0,121.19132549579327,62.051587361721815,True,True,True,True,"Contact sheet reviewed: visible medium-hard background_drift_visible; loser remains readable, reward_margin=0.120, sharpness_ratio=0.968, mean_absdiff=2.26, local_absdiff=8.04.",,True,TRAINABLE
v11_SYN_0055_02276_collision_orbit_right_64_seed41276_collision_response_failure_synthetic,TypeM_v11_synthetic_visible,synthetic_controlled,collision_response_failure_synthetic,02276_collision_orbit_right_64_seed41276,collision,orbit_right_64,local_assets/dpo_pair_factory_v10/recovered_conditions/02276_collision_orbit_right_64_seed41276/clean_future_5_80.mp4,local_assets/dpo_pair_factory_v11/synthetic_pairs/pairs/v11_SYN_0055_02276_collision_orbit_right_64_seed41276_collision_response_failure_synthetic/loser_future.mp4,reports/dpo_pair_factory_v11/contact_sheets/v11_SYN_0055_02276_collision_orbit_right_64_seed41276_collision_response_failure_synthetic.jpg,True,True,76,832,480,True,True,53.9691,20.83,2089.5673,2,1,1.0,0.88,0.12,40.13667289953097,0.9989786156686158,0.988846753490167,1.99357470870018,7.2,0.0,76.94256122295673,46.580116621820856,True,True,True,True,"Contact sheet reviewed: visible medium-hard collision_response_failure_synthetic; loser remains readable, reward_margin=0.120, sharpness_ratio=0.989, mean_absdiff=1.99, local_absdiff=5.25.",,True,TRAINABLE
v11_SYN_EXTRA_0169_04249_containment_orbit_left_44_seed43249_containment_failure_synthetic,TypeM_v11_synthetic_visible,synthetic_controlled,containment_failure_synthetic,04249_containment_orbit_left_44_seed43249,containment,orbit_left_44,local_assets/dpo_pair_factory_v10/recovered_conditions/04249_containment_orbit_left_44_seed43249/clean_future_5_80.mp4,local_assets/dpo_pair_factory_v11/synthetic_pairs_extra/pairs/v11_SYN_EXTRA_0169_04249_containment_orbit_left_44_seed43249_containment_failure_synthetic/loser_future.mp4,reports/dpo_pair_factory_v11/contact_sheets/v11_SYN_EXTRA_0169_04249_containment_orbit_left_44_seed43249_containment_failure_synthetic.jpg,True,True,76,832,480,True,True,63.237,47.0102,1873.0962,2,1,1.0,0.88,0.12,38.7762615868226,0.9991360217851586,0.9903878017149667,2.2184939682483673,12.0,0.0,99.36624161157852,61.75343057364683,True,True,True,True,"Contact sheet reviewed: visible medium-hard containment_failure_synthetic; loser remains readable, reward_margin=0.120, sharpness_ratio=0.990, mean_absdiff=2.22, local_absdiff=5.82.",,True,TRAINABLE
v11_SYN_0427_01039_drop_orbit_left_72_seed40039_drop_motion_failure_synthetic,TypeM_v11_synthetic_visible,synthetic_controlled,drop_motion_failure_synthetic,01039_drop_orbit_left_72_seed40039,drop,orbit_left_72,local_assets/dpo_pair_factory_v10/recovered_conditions/01039_drop_orbit_left_72_seed40039/clean_future_5_80.mp4,local_assets/dpo_pair_factory_v11/synthetic_pairs/pairs/v11_SYN_0427_01039_drop_orbit_left_72_seed40039_drop_motion_failure_synthetic/loser_future.mp4,reports/dpo_pair_factory_v11/contact_sheets/v11_SYN_0427_01039_drop_orbit_left_72_seed40039_drop_motion_failure_synthetic.jpg,True,True,76,832,480,True,True,90.8756,63.4164,3436.7249,2,1,1.0,0.75037,0.24963,34.23332340273643,0.990217351548715,0.9897322867192077,2.706652492284775,42.4,0.0,90.33733097956731,57.329656436295224,True,True,True,True,"Contact sheet reviewed: visible medium-hard drop_motion_failure_synthetic; loser remains readable, reward_margin=0.250, sharpness_ratio=0.990, mean_absdiff=2.71, local_absdiff=17.47.",,True,TRAINABLE
v10_TypeM_019_02360_collision_orbit_right_64_seed41360_foreground_identity_color_shift,TypeM_v10_synthetic_visible,synthetic_controlled,foreground_identity_color_shift,02360_collision_orbit_right_64_seed41360,collision,orbit_right_64,local_assets/dpo_pair_factory_v10/recovered_conditions/02360_collision_orbit_right_64_seed41360/clean_future_5_80.mp4,local_assets/dpo_pair_factory_v10/synthetic_visible_negatives/pairs/v10_TypeM_019_02360_collision_orbit_right_64_seed41360_foreground_identity_color_shift/loser_future.mp4,reports/dpo_pair_factory_v11/contact_sheets/v10_TypeM_019_02360_collision_orbit_right_64_seed41360_foreground_identity_color_shift.jpg,True,True,76,832,480,True,True,66.2469,38.1152,1877.9503,2,1,1.0,0.788763,0.211237,36.3772904484399,0.9977704426614191,0.9968963901758806,2.656555324792862,17.2,0.0,97.97417680789263,47.180450311216724,True,True,True,True,"Contact sheet reviewed: prior v10b strict-ready pair retained after v11 audit; failure=foreground_identity_color_shift, reward_margin=0.211, sharpness_ratio=0.997.",,True,TRAINABLE
v10_TypeM_038_04209_containment_orbit_left_44_seed43209_local_patch_drift,TypeM_v10_synthetic_visible,synthetic_controlled,local_patch_drift,04209_containment_orbit_left_44_seed43209,containment,orbit_left_44,local_assets/dpo_pair_factory_v10/recovered_conditions/04209_containment_orbit_left_44_seed43209/clean_future_5_80.mp4,local_assets/dpo_pair_factory_v10/synthetic_visible_negatives/pairs/v10_TypeM_038_04209_containment_orbit_left_44_seed43209_local_patch_drift/loser_future.mp4,reports/dpo_pair_factory_v11/contact_sheets/v10_TypeM_038_04209_containment_orbit_left_44_seed43209_local_patch_drift.jpg,True,True,76,832,480,True,True,43.8073,29.3276,1237.4582,2,1,1.0,0.862663,0.137337,35.20063181428114,0.9947990622671402,0.9974719821013087,2.6141672134399414,22.0,0.0,77.261572265625,58.93073336670328,True,True,True,True,"Contact sheet reviewed: prior v10b strict-ready pair retained after v11 audit; failure=local_patch_drift, reward_margin=0.137, sharpness_ratio=0.997.",,True,TRAINABLE
v10_TypeM_037_04204_containment_orbit_left_44_seed43204_local_patch_freeze,TypeM_v10_synthetic_visible,synthetic_controlled,local_patch_freeze,04204_containment_orbit_left_44_seed43204,containment,orbit_left_44,local_assets/dpo_prefix5_pairs_20260627_031729/clean_futures/04204_containment_orbit_left_44_seed43204/clean_future_5_80.mp4,local_assets/dpo_pair_factory_v10/synthetic_visible_negatives/pairs/v10_TypeM_037_04204_containment_orbit_left_44_seed43204_local_patch_freeze/loser_future.mp4,reports/dpo_pair_factory_v11/contact_sheets/v10_TypeM_037_04204_containment_orbit_left_44_seed43204_local_patch_freeze.jpg,True,True,76,832,480,True,True,41.4639,22.7022,1070.6333,2,1,1.0,0.88,0.12,37.028491102097675,0.9964234151057676,1.0006442912871352,2.2751405835151672,13.6,0.0,65.42725610977566,43.49176003251814,True,True,True,True,"Contact sheet reviewed: prior v10b strict-ready pair retained after v11 audit; failure=local_patch_freeze, reward_margin=0.120, sharpness_ratio=1.001.",,True,TRAINABLE
v11_SYN_0447_01079_drop_orbit_left_72_seed40079_local_scene_patch_drift,TypeM_v11_synthetic_visible,synthetic_controlled,local_scene_patch_drift,01079_drop_orbit_left_72_seed40079,drop,orbit_left_72,local_assets/dpo_pair_factory_v10/recovered_conditions/01079_drop_orbit_left_72_seed40079/clean_future_5_80.mp4,local_assets/dpo_pair_factory_v11/synthetic_pairs/pairs/v11_SYN_0447_01079_drop_orbit_left_72_seed40079_local_scene_patch_drift/loser_future.mp4,reports/dpo_pair_factory_v11/contact_sheets/v11_SYN_0447_01079_drop_orbit_left_72_seed40079_local_scene_patch_drift.jpg,True,True,76,832,480,True,True,81.2084,59.6841,2646.2837,2,1,1.0,0.88,0.12,39.18064421105301,0.9989528911631494,0.9932074648062642,2.1151991188526154,13.6,0.0,105.23099146133814,57.5380037807585,True,True,True,True,"Contact sheet reviewed: visible medium-hard local_scene_patch_drift; loser remains readable, reward_margin=0.120, sharpness_ratio=0.993, mean_absdiff=2.12, local_absdiff=5.72.",,True,TRAINABLE
v10_TypeM_052_04346_containment_orbit_left_44_seed43346_local_temporal_jump,TypeM_v10_synthetic_visible,synthetic_controlled,local_temporal_jump,04346_containment_orbit_left_44_seed43346,containment,orbit_left_44,local_assets/dpo_pair_factory_v10/recovered_conditions/04346_containment_orbit_left_44_seed43346/clean_future_5_80.mp4,local_assets/dpo_pair_factory_v10/synthetic_visible_negatives/pairs/v10_TypeM_052_04346_containment_orbit_left_44_seed43346_local_temporal_jump/loser_future.mp4,reports/dpo_pair_factory_v11/contact_sheets/v10_TypeM_052_04346_containment_orbit_left_44_seed43346_local_temporal_jump.jpg,True,True,76,832,480,True,True,64.2678,30.3905,1734.4905,2,1,1.0,0.737703,0.262297,34.734855640938385,0.9883426051303297,1.001939000814764,2.720038115978241,31.2,0.0,90.15381610576924,38.08604508329628,True,True,True,True,"Contact sheet reviewed: prior v10b strict-ready pair retained after v11 audit; failure=local_temporal_jump, reward_margin=0.262, sharpness_ratio=1.002.",,True,TRAINABLE
v11_SYN_EXTRA_0018_02226_collision_orbit_right_64_seed41226_object_deformation_visible,TypeM_v11_synthetic_visible,synthetic_controlled,object_deformation_visible,1cbeaad951cb1cf61abfeec4304bcdcf82c3013ecb9e22df3497c7ee5a143dbe,collision,orbit_right_64,local_assets/dpo_prefix5_pairs_20260627_031729/clean_futures/02226_collision_orbit_right_64_seed41226/clean_future_5_80.mp4,local_assets/dpo_pair_factory_v11/synthetic_pairs_extra/pairs/v11_SYN_EXTRA_0018_02226_collision_orbit_right_64_seed41226_object_deformation_visible/loser_future.mp4,reports/dpo_pair_factory_v11/contact_sheets/v11_SYN_EXTRA_0018_02226_collision_orbit_right_64_seed41226_object_deformation_visible.jpg,True,True,76,832,480,True,True,62.8744,35.6054,2185.8276,2,1,1.0,0.88,0.12,40.31024864609719,0.9994968993673581,0.961964823554815,2.043623149394989,6.0,0.0,101.84375563401441,57.56858544033078,True,True,True,True,"Contact sheet reviewed: visible medium-hard object_deformation_visible; loser remains readable, reward_margin=0.120, sharpness_ratio=0.962, mean_absdiff=2.04, local_absdiff=4.34.",,True,TRAINABLE
v11_SYN_0470_01108_drop_orbit_left_72_seed40108_object_duplicate_or_fragment,TypeM_v11_synthetic_visible,synthetic_controlled,object_duplicate_or_fragment,01108_drop_orbit_left_72_seed40108,drop,orbit_left_72,local_assets/dpo_pair_factory_v10/recovered_conditions/01108_drop_orbit_left_72_seed40108/clean_future_5_80.mp4,local_assets/dpo_pair_factory_v11/synthetic_pairs/pairs/v11_SYN_0470_01108_drop_orbit_left_72_seed40108_object_duplicate_or_fragment/loser_future.mp4,reports/dpo_pair_factory_v11/contact_sheets/v11_SYN_0470_01108_drop_orbit_left_72_seed40108_object_duplicate_or_fragment.jpg,True,True,76,832,480,True,True,92.5756,63.5762,3230.7024,2,1,1.0,0.88,0.12,35.638371377449005,0.993351430055102,1.0017526371194754,2.1936941146850586,5.6088,0.0,104.67008588741987,56.661225660437445,True,True,True,True,"Contact sheet reviewed: visible medium-hard object_duplicate_or_fragment; loser remains readable, reward_margin=0.120, sharpness_ratio=1.002, mean_absdiff=2.19, local_absdiff=5.61.",,True,TRAINABLE
v11_SYN_0443_01060_drop_orbit_left_72_seed40060_partial_freeze_foreground,TypeM_v11_synthetic_visible,synthetic_controlled,partial_freeze_foreground,01060_drop_orbit_left_72_seed40060,drop,orbit_left_72,local_assets/dpo_pair_factory_v10/recovered_conditions/01060_drop_orbit_left_72_seed40060/clean_future_5_80.mp4,local_assets/dpo_pair_factory_v11/synthetic_pairs/pairs/v11_SYN_0443_01060_drop_orbit_left_72_seed40060_partial_freeze_foreground/loser_future.mp4,reports/dpo_pair_factory_v11/contact_sheets/v11_SYN_0443_01060_drop_orbit_left_72_seed40060_partial_freeze_foreground.jpg,True,True,76,832,480,True,True,83.8695,60.799,3397.1446,2,1,1.0,0.838158,0.161842,35.764820338626194,0.9930117160302465,0.9760260214417676,2.5473238825798035,14.4,0.0,82.53492275140223,54.67647588881984,True,True,True,True,"Contact sheet reviewed: visible medium-hard partial_freeze_foreground; loser remains readable, reward_margin=0.162, sharpness_ratio=0.976, mean_absdiff=2.55, local_absdiff=11.33.",,True,TRAINABLE
v11_SYN_EXTRA_0166_04248_containment_orbit_left_44_seed43248_reobserve_mismatch_visible,TypeM_v11_synthetic_visible,synthetic_controlled,reobserve_mismatch_visible,04248_containment_orbit_left_44_seed43248,containment,orbit_left_44,local_assets/dpo_pair_factory_v10/recovered_conditions/04248_containment_orbit_left_44_seed43248/clean_future_5_80.mp4,local_assets/dpo_pair_factory_v11/synthetic_pairs_extra/pairs/v11_SYN_EXTRA_0166_04248_containment_orbit_left_44_seed43248_reobserve_mismatch_visible/loser_future.mp4,reports/dpo_pair_factory_v11/contact_sheets/v11_SYN_EXTRA_0166_04248_containment_orbit_left_44_seed43248_reobserve_mismatch_visible.jpg,True,True,76,832,480,True,True,50.8417,29.8416,1815.6737,2,1,1.0,0.88,0.12,40.669952063803734,0.9993995706633692,0.9958564181860359,2.03391695022583,5.6,0.0,77.41777343749999,52.779410535923674,True,True,True,True,"Contact sheet reviewed: visible medium-hard reobserve_mismatch_visible; loser remains readable, reward_margin=0.120, sharpness_ratio=0.996, mean_absdiff=2.03, local_absdiff=3.58.",,True,TRAINABLE
v11_SYN_0541_03472_roll_orbit_right_60_seed42472_roll_event_fragment_synthetic,TypeM_v11_synthetic_visible,synthetic_controlled,roll_event_fragment_synthetic,03472_roll_orbit_right_60_seed42472,roll,orbit_right_60,local_assets/dpo_pair_factory_v10/recovered_conditions/03472_roll_orbit_right_60_seed42472/clean_future_5_80.mp4,local_assets/dpo_pair_factory_v11/synthetic_pairs/pairs/v11_SYN_0541_03472_roll_orbit_right_60_seed42472_roll_event_fragment_synthetic/loser_future.mp4,reports/dpo_pair_factory_v11/contact_sheets/v11_SYN_0541_03472_roll_orbit_right_60_seed42472_roll_event_fragment_synthetic.jpg,True,True,76,832,480,True,True,72.5792,42.4745,2176.1872,2,1,1.0,0.88,0.12,39.40887282984543,0.9962837336751201,0.9936077642931861,2.0326075553894043,14.4,0.0,99.4860113681891,43.487460306954134,True,True,True,True,"Contact sheet reviewed: visible medium-hard roll_event_fragment_synthetic; loser remains readable, reward_margin=0.120, sharpness_ratio=0.994, mean_absdiff=2.03, local_absdiff=5.74.",,True,TRAINABLE
v11_SYN_0450_01079_drop_orbit_left_72_seed40079_wrong_camera_motion_visible,TypeM_v11_synthetic_visible,synthetic_controlled,wrong_camera_motion_visible,01079_drop_orbit_left_72_seed40079,drop,orbit_left_72,local_assets/dpo_pair_factory_v10/recovered_conditions/01079_drop_orbit_left_72_seed40079/clean_future_5_80.mp4,local_assets/dpo_pair_factory_v11/synthetic_pairs/pairs/v11_SYN_0450_01079_drop_orbit_left_72_seed40079_wrong_camera_motion_visible/loser_future.mp4,reports/dpo_pair_factory_v11/contact_sheets/v11_SYN_0450_01079_drop_orbit_left_72_seed40079_wrong_camera_motion_visible.jpg,True,True,76,832,480,True,True,81.6745,59.6541,2649.477,2,1,1.0,0.88,0.12,38.094680089445504,0.9968539385739617,0.9701127212289513,2.198616772890091,9.6,0.0,105.3622314453125,57.494927801691404,True,True,True,True,"Contact sheet reviewed: visible medium-hard wrong_camera_motion_visible; loser remains readable, reward_margin=0.120, sharpness_ratio=0.970, mean_absdiff=2.20, local_absdiff=7.10.",,True,TRAINABLE
v11_SYN_0113_02360_collision_orbit_right_64_seed41360_background_drift_visible,TypeM_v11_synthetic_visible,synthetic_controlled,background_drift_visible,02360_collision_orbit_right_64_seed41360,collision,orbit_right_64,local_assets/dpo_pair_factory_v10/recovered_conditions/02360_collision_orbit_right_64_seed41360/clean_future_5_80.mp4,local_assets/dpo_pair_factory_v11/synthetic_pairs/pairs/v11_SYN_0113_02360_collision_orbit_right_64_seed41360_background_drift_visible/loser_future.mp4,reports/dpo_pair_factory_v11/contact_sheets/v11_SYN_0113_02360_collision_orbit_right_64_seed41360_background_drift_visible.jpg,True,True,76,832,480,True,True,66.3649,37.9626,1829.5851,2,1,1.0,0.88,0.12,40.543938636322814,0.9990532171080896,0.9760064705214153,2.0452426075935364,6.4,0.0,98.42558343349359,46.741511258970114,True,True,True,True,"Contact sheet reviewed: visible medium-hard background_drift_visible; loser remains readable, reward_margin=0.120, sharpness_ratio=0.976, mean_absdiff=2.05, local_absdiff=3.94.",,True,TRAINABLE
v11_SYN_EXTRA_0037_02276_collision_orbit_right_64_seed41276_collision_response_failure_synthetic,TypeM_v11_synthetic_visible,synthetic_controlled,collision_response_failure_synthetic,02276_collision_orbit_right_64_seed41276,collision,orbit_right_64,local_assets/dpo_pair_factory_v10/recovered_conditions/02276_collision_orbit_right_64_seed41276/clean_future_5_80.mp4,local_assets/dpo_pair_factory_v11/synthetic_pairs_extra/pairs/v11_SYN_EXTRA_0037_02276_collision_orbit_right_64_seed41276_collision_response_failure_synthetic/loser_future.mp4,reports/dpo_pair_factory_v11/contact_sheets/v11_SYN_EXTRA_0037_02276_collision_orbit_right_64_seed41276_collision_response_failure_synthetic.jpg,True,True,76,832,480,True,True,53.9812,20.8257,2084.7767,2,1,1.0,0.88,0.12,40.10621185667643,0.9989572653794948,0.9856034400444743,2.0078125298023224,6.8,0.0,76.95806728265225,46.57240685267651,True,True,True,True,"Contact sheet reviewed: visible medium-hard collision_response_failure_synthetic; loser remains readable, reward_margin=0.120, sharpness_ratio=0.986, mean_absdiff=2.01, local_absdiff=4.95.",,True,TRAINABLE
v11_SYN_0259_04252_containment_orbit_left_44_seed43252_containment_failure_synthetic,TypeM_v11_synthetic_visible,synthetic_controlled,containment_failure_synthetic,04252_containment_orbit_left_44_seed43252,containment,orbit_left_44,local_assets/dpo_pair_factory_v10/recovered_conditions/04252_containment_orbit_left_44_seed43252/clean_future_5_80.mp4,local_assets/dpo_pair_factory_v11/synthetic_pairs/pairs/v11_SYN_0259_04252_containment_orbit_left_44_seed43252_containment_failure_synthetic/loser_future.mp4,reports/dpo_pair_factory_v11/contact_sheets/v11_SYN_0259_04252_containment_orbit_left_44_seed43252_containment_failure_synthetic.jpg,True,True,76,832,480,True,True,47.6425,24.4192,1180.0592,2,1,1.0,0.88,0.12,40.30140201977803,0.9990582752271373,0.9957156172722341,1.9902979731559753,5.6,0.0,73.98446702223558,43.75036271925458,True,True,True,True,"Contact sheet reviewed: visible medium-hard containment_failure_synthetic; loser remains readable, reward_margin=0.120, sharpness_ratio=0.996, mean_absdiff=1.99, local_absdiff=4.37.",,True,TRAINABLE
v11_SYN_0433_01047_drop_orbit_left_72_seed40047_drop_motion_failure_synthetic,TypeM_v11_synthetic_visible,synthetic_controlled,drop_motion_failure_synthetic,01047_drop_orbit_left_72_seed40047,drop,orbit_left_72,local_assets/dpo_pair_factory_v10/recovered_conditions/01047_drop_orbit_left_72_seed40047/clean_future_5_80.mp4,local_assets/dpo_pair_factory_v11/synthetic_pairs/pairs/v11_SYN_0433_01047_drop_orbit_left_72_seed40047_drop_motion_failure_synthetic/loser_future.mp4,reports/dpo_pair_factory_v11/contact_sheets/v11_SYN_0433_01047_drop_orbit_left_72_seed40047_drop_motion_failure_synthetic.jpg,True,True,76,832,480,True,True,85.0159,60.7878,3309.8829,2,1,1.0,0.86566,0.13434,37.86713207048612,0.9942360151480137,0.9943234081392297,2.325546085834503,21.6,0.0,85.8747320713141,55.0912022879718,True,True,True,True,"Contact sheet reviewed: visible medium-hard drop_motion_failure_synthetic; loser remains readable, reward_margin=0.134, sharpness_ratio=0.994, mean_absdiff=2.33, local_absdiff=9.40.",,True,TRAINABLE
v10_TypeM_039_04214_containment_orbit_left_44_seed43214_foreground_identity_color_shift,TypeM_v10_synthetic_visible,synthetic_controlled,foreground_identity_color_shift,04214_containment_orbit_left_44_seed43214,containment,orbit_left_44,local_assets/dpo_pair_factory_v10/recovered_conditions/04214_containment_orbit_left_44_seed43214/clean_future_5_80.mp4,local_assets/dpo_pair_factory_v10/synthetic_visible_negatives/pairs/v10_TypeM_039_04214_containment_orbit_left_44_seed43214_foreground_identity_color_shift/loser_future.mp4,reports/dpo_pair_factory_v11/contact_sheets/v10_TypeM_039_04214_containment_orbit_left_44_seed43214_foreground_identity_color_shift.jpg,True,True,76,832,480,True,True,82.4678,48.9571,3980.0277,2,1,1.0,0.648401,0.351599,33.10427749952186,0.9946636960543517,0.9967169288026004,3.53145694732666,30.4,0.0,106.14305388621796,53.05777414573214,True,True,True,True,"Contact sheet reviewed: prior v10b strict-ready pair retained after v11 audit; failure=foreground_identity_color_shift, reward_margin=0.352, sharpness_ratio=0.997.",,True,TRAINABLE
v10_TypeM_042_04248_containment_orbit_left_44_seed43248_local_patch_drift,TypeM_v10_synthetic_visible,synthetic_controlled,local_patch_drift,04248_containment_orbit_left_44_seed43248,containment,orbit_left_44,local_assets/dpo_pair_factory_v10/recovered_conditions/04248_containment_orbit_left_44_seed43248/clean_future_5_80.mp4,local_assets/dpo_pair_factory_v10/synthetic_visible_negatives/pairs/v10_TypeM_042_04248_containment_orbit_left_44_seed43248_local_patch_drift/loser_future.mp4,reports/dpo_pair_factory_v11/contact_sheets/v10_TypeM_042_04248_containment_orbit_left_44_seed43248_local_patch_drift.jpg,True,True,76,832,480,True,True,50.1175,29.3482,1781.0388,2,1,1.0,0.830887,0.169113,35.119734892938,0.9909969676790427,0.990935848186707,2.775888502597809,24.8,0.0,77.4534411308093,52.87222323628173,True,True,True,True,"Contact sheet reviewed: prior v10b strict-ready pair retained after v11 audit; failure=local_patch_drift, reward_margin=0.169, sharpness_ratio=0.991.",,True,TRAINABLE
v10_TypeM_045_04260_containment_orbit_left_44_seed43260_local_patch_freeze,TypeM_v10_synthetic_visible,synthetic_controlled,local_patch_freeze,04260_containment_orbit_left_44_seed43260,containment,orbit_left_44,local_assets/dpo_pair_factory_v10/recovered_conditions/04260_containment_orbit_left_44_seed43260/clean_future_5_80.mp4,local_assets/dpo_pair_factory_v10/synthetic_visible_negatives/pairs/v10_TypeM_045_04260_containment_orbit_left_44_seed43260_local_patch_freeze/loser_future.mp4,reports/dpo_pair_factory_v11/contact_sheets/v10_TypeM_045_04260_containment_orbit_left_44_seed43260_local_patch_freeze.jpg,True,True,76,832,480,True,True,57.4389,25.2958,1487.1914,2,1,1.0,0.776129,0.223871,34.04939109418214,0.9954409497477954,0.9951286915238271,2.7344643473625183,32.8,0.0,78.97670522836538,39.80388275546556,True,True,True,True,"Contact sheet reviewed: prior v10b strict-ready pair retained after v11 audit; failure=local_patch_freeze, reward_margin=0.224, sharpness_ratio=0.995.",,True,TRAINABLE
v11_SYN_0453_01086_drop_orbit_left_72_seed40086_local_scene_patch_drift,TypeM_v11_synthetic_visible,synthetic_controlled,local_scene_patch_drift,01086_drop_orbit_left_72_seed40086,drop,orbit_left_72,local_assets/dpo_pair_factory_v10/recovered_conditions/01086_drop_orbit_left_72_seed40086/clean_future_5_80.mp4,local_assets/dpo_pair_factory_v11/synthetic_pairs/pairs/v11_SYN_0453_01086_drop_orbit_left_72_seed40086_local_scene_patch_drift/loser_future.mp4,reports/dpo_pair_factory_v11/contact_sheets/v11_SYN_0453_01086_drop_orbit_left_72_seed40086_local_scene_patch_drift.jpg,True,True,76,832,480,True,True,90.9263,62.0801,2449.5304,2,1,1.0,0.88,0.12,39.491079094455294,0.9976032014111513,0.9909967714539268,1.8618606328964233,10.4,0.0,117.95554449619391,53.31636964037447,True,True,True,True,"Contact sheet reviewed: visible medium-hard local_scene_patch_drift; loser remains readable, reward_margin=0.120, sharpness_ratio=0.991, mean_absdiff=1.86, local_absdiff=5.52.",,True,TRAINABLE
v10_TypeM_056_04358_containment_orbit_left_44_seed43358_local_temporal_jump,TypeM_v10_synthetic_visible,synthetic_controlled,local_temporal_jump,04358_containment_orbit_left_44_seed43358,containment,orbit_left_44,local_assets/dpo_pair_factory_v10/recovered_conditions/04358_containment_orbit_left_44_seed43358/clean_future_5_80.mp4,local_assets/dpo_pair_factory_v10/synthetic_visible_negatives/pairs/v10_TypeM_056_04358_containment_orbit_left_44_seed43358_local_temporal_jump/loser_future.mp4,reports/dpo_pair_factory_v11/contact_sheets/v10_TypeM_056_04358_containment_orbit_left_44_seed43358_local_temporal_jump.jpg,True,True,76,832,480,True,True,71.0354,34.9347,2564.2729,2,1,1.0,0.841973,0.158027,35.718276995686026,0.9941427401593208,0.9933743668702621,2.4587093591690063,20.8,0.0,91.34545272435898,39.31901850972643,True,True,True,True,"Contact sheet reviewed: prior v10b strict-ready pair retained after v11 audit; failure=local_temporal_jump, reward_margin=0.158, sharpness_ratio=0.993.",,True,TRAINABLE
v11_SYN_0008_02202_collision_orbit_right_64_seed41202_object_deformation_visible,TypeM_v11_synthetic_visible,synthetic_controlled,object_deformation_visible,4aeca92fd238b5299cd52999661a02787ae76fcabf943ef2e4e94d5c992c335f,collision,orbit_right_64,local_assets/dpo_prefix5_pairs_20260627_031729/clean_futures/02202_collision_orbit_right_64_seed41202/clean_future_5_80.mp4,local_assets/dpo_pair_factory_v11/synthetic_pairs/pairs/v11_SYN_0008_02202_collision_orbit_right_64_seed41202_object_deformation_visible/loser_future.mp4,reports/dpo_pair_factory_v11/contact_sheets/v11_SYN_0008_02202_collision_orbit_right_64_seed41202_object_deformation_visible.jpg,True,True,76,832,480,True,True,53.8541,24.7139,2013.6646,2,1,1.0,0.88,0.12,40.42131845941158,0.9990016721510031,0.9637550566875938,2.0388962030410767,6.0,0.0,77.96366248497596,41.7347016445991,True,True,True,True,"Contact sheet reviewed: visible medium-hard object_deformation_visible; loser remains readable, reward_margin=0.120, sharpness_ratio=0.964, mean_absdiff=2.04, local_absdiff=4.45.",,True,TRAINABLE
v11_SYN_0045_02259_collision_strafe_left_180_seed41259_object_duplicate_or_fragment,TypeM_v11_synthetic_visible,synthetic_controlled,object_duplicate_or_fragment,02259_collision_strafe_left_180_seed41259,collision,strafe_left_180,local_assets/dpo_pair_factory_v10/recovered_conditions/02259_collision_strafe_left_180_seed41259/clean_future_5_80.mp4,local_assets/dpo_pair_factory_v11/synthetic_pairs/pairs/v11_SYN_0045_02259_collision_strafe_left_180_seed41259_object_duplicate_or_fragment/loser_future.mp4,reports/dpo_pair_factory_v11/contact_sheets/v11_SYN_0045_02259_collision_strafe_left_180_seed41259_object_duplicate_or_fragment.jpg,True,True,76,832,480,True,True,52.0433,20.5842,1872.9184,2,1,1.0,0.88,0.12,38.83391430883171,0.9984999024587493,0.9912233153780388,2.0440926551818848,7.6,0.0,79.19532940204327,44.00039406652918,True,True,True,True,"Contact sheet reviewed: visible medium-hard object_duplicate_or_fragment; loser remains readable, reward_margin=0.120, sharpness_ratio=0.991, mean_absdiff=2.04, local_absdiff=4.40.",,True,TRAINABLE
v11_SYN_0449_01079_drop_orbit_left_72_seed40079_partial_freeze_foreground,TypeM_v11_synthetic_visible,synthetic_controlled,partial_freeze_foreground,01079_drop_orbit_left_72_seed40079,drop,orbit_left_72,local_assets/dpo_pair_factory_v10/recovered_conditions/01079_drop_orbit_left_72_seed40079/clean_future_5_80.mp4,local_assets/dpo_pair_factory_v11/synthetic_pairs/pairs/v11_SYN_0449_01079_drop_orbit_left_72_seed40079_partial_freeze_foreground/loser_future.mp4,reports/dpo_pair_factory_v11/contact_sheets/v11_SYN_0449_01079_drop_orbit_left_72_seed40079_partial_freeze_foreground.jpg,True,True,76,832,480,True,True,81.2362,59.5992,2643.5236,2,1,1.0,0.820066,0.179934,36.445174754360465,0.9956335540093325,0.9983599676110402,2.274015337228775,17.2,0.0,105.11446689703526,57.560240905409415,True,True,True,True,"Contact sheet reviewed: visible medium-hard partial_freeze_foreground; loser remains readable, reward_margin=0.180, sharpness_ratio=0.998, mean_absdiff=2.27, local_absdiff=12.60.",,True,TRAINABLE
v11_SYN_0254_04249_containment_orbit_left_44_seed43249_reobserve_mismatch_visible,TypeM_v11_synthetic_visible,synthetic_controlled,reobserve_mismatch_visible,04249_containment_orbit_left_44_seed43249,containment,orbit_left_44,local_assets/dpo_pair_factory_v10/recovered_conditions/04249_containment_orbit_left_44_seed43249/clean_future_5_80.mp4,local_assets/dpo_pair_factory_v11/synthetic_pairs/pairs/v11_SYN_0254_04249_containment_orbit_left_44_seed43249_reobserve_mismatch_visible/loser_future.mp4,reports/dpo_pair_factory_v11/contact_sheets/v11_SYN_0254_04249_containment_orbit_left_44_seed43249_reobserve_mismatch_visible.jpg,True,True,76,832,480,True,True,62.9942,47.0596,1872.4939,2,1,1.0,0.873799,0.126201,37.68770418253264,0.9965639559421202,0.9949502463384301,2.3830797970294952,22.8,0.0,99.30448342347756,61.827999036985084,True,True,True,True,"Contact sheet reviewed: visible medium-hard reobserve_mismatch_visible; loser remains readable, reward_margin=0.126, sharpness_ratio=0.995, mean_absdiff=2.38, local_absdiff=8.83.",,True,TRAINABLE
v11_SYN_0553_03484_roll_orbit_right_60_seed42484_roll_event_fragment_synthetic,TypeM_v11_synthetic_visible,synthetic_controlled,roll_event_fragment_synthetic,03484_roll_orbit_right_60_seed42484,roll,orbit_right_60,local_assets/dpo_pair_factory_v10/recovered_conditions/03484_roll_orbit_right_60_seed42484/clean_future_5_80.mp4,local_assets/dpo_pair_factory_v11/synthetic_pairs/pairs/v11_SYN_0553_03484_roll_orbit_right_60_seed42484_roll_event_fragment_synthetic/loser_future.mp4,reports/dpo_pair_factory_v11/contact_sheets/v11_SYN_0553_03484_roll_orbit_right_60_seed42484_roll_event_fragment_synthetic.jpg,True,True,76,832,480,True,True,72.2741,38.3691,1803.0537,2,1,1.0,0.88,0.12,37.37956034131555,0.9943026184197726,0.9918173132221931,2.125601589679718,19.6,0.0,100.27175981570512,39.94101956540632,True,True,True,True,"Contact sheet reviewed: visible medium-hard roll_event_fragment_synthetic; loser remains readable, reward_margin=0.120, sharpness_ratio=0.992, mean_absdiff=2.13, local_absdiff=7.85.",,True,TRAINABLE
v11_SYN_0456_01086_drop_orbit_left_72_seed40086_wrong_camera_motion_visible,TypeM_v11_synthetic_visible,synthetic_controlled,wrong_camera_motion_visible,01086_drop_orbit_left_72_seed40086,drop,orbit_left_72,local_assets/dpo_pair_factory_v10/recovered_conditions/01086_drop_orbit_left_72_seed40086/clean_future_5_80.mp4,local_assets/dpo_pair_factory_v11/synthetic_pairs/pairs/v11_SYN_0456_01086_drop_orbit_left_72_seed40086_wrong_camera_motion_visible/loser_future.mp4,reports/dpo_pair_factory_v11/contact_sheets/v11_SYN_0456_01086_drop_orbit_left_72_seed40086_wrong_camera_motion_visible.jpg,True,True,76,832,480,True,True,91.1494,61.9367,2462.0936,2,1,1.0,0.88,0.12,38.556202566679495,0.9965656462211079,0.9845096197954964,1.9613389670848846,19.2,0.0,117.88207444411057,53.3438472273837,True,True,True,True,"Contact sheet reviewed: visible medium-hard wrong_camera_motion_visible; loser remains readable, reward_margin=0.120, sharpness_ratio=0.985, mean_absdiff=1.96, local_absdiff=7.17.",,True,TRAINABLE
v11_SYN_0119_02366_collision_orbit_right_64_seed41366_background_drift_visible,TypeM_v11_synthetic_visible,synthetic_controlled,background_drift_visible,02366_collision_orbit_right_64_seed41366,collision,orbit_right_64,local_assets/dpo_pair_factory_v10/recovered_conditions/02366_collision_orbit_right_64_seed41366/clean_future_5_80.mp4,local_assets/dpo_pair_factory_v11/synthetic_pairs/pairs/v11_SYN_0119_02366_collision_orbit_right_64_seed41366_background_drift_visible/loser_future.mp4,reports/dpo_pair_factory_v11/contact_sheets/v11_SYN_0119_02366_collision_orbit_right_64_seed41366_background_drift_visible.jpg,True,True,76,832,480,True,True,54.0907,21.3179,2006.2431,2,1,1.0,0.88,0.12,40.290394132233644,0.9993369463990285,0.9859232106086455,2.0698667764663696,5.6,0.0,83.11205741686697,51.87453592185056,True,True,True,True,"Contact sheet reviewed: visible medium-hard background_drift_visible; loser remains readable, reward_margin=0.120, sharpness_ratio=0.986, mean_absdiff=2.07, local_absdiff=4.45.",,True,TRAINABLE
v11_SYN_0061_02284_collision_orbit_right_64_seed41284_collision_response_failure_synthetic,TypeM_v11_synthetic_visible,synthetic_controlled,collision_response_failure_synthetic,02284_collision_orbit_right_64_seed41284,collision,orbit_right_64,local_assets/dpo_pair_factory_v10/recovered_conditions/02284_collision_orbit_right_64_seed41284/clean_future_5_80.mp4,local_assets/dpo_pair_factory_v11/synthetic_pairs/pairs/v11_SYN_0061_02284_collision_orbit_right_64_seed41284_collision_response_failure_synthetic/loser_future.mp4,reports/dpo_pair_factory_v11/contact_sheets/v11_SYN_0061_02284_collision_orbit_right_64_seed41284_collision_response_failure_synthetic.jpg,True,True,76,832,480,True,True,60.6072,30.968,2308.9041,2,1,1.0,0.88,0.12,39.93082647707698,0.9992489492741963,0.9832346331350383,2.040826290845871,6.4,0.0,97.2257317958734,54.84810031747939,True,True,True,True,"Contact sheet reviewed: visible medium-hard collision_response_failure_synthetic; loser remains readable, reward_margin=0.120, sharpness_ratio=0.983, mean_absdiff=2.04, local_absdiff=4.68.",,True,TRAINABLE
v11_SYN_0265_04260_containment_orbit_left_44_seed43260_containment_failure_synthetic,TypeM_v11_synthetic_visible,synthetic_controlled,containment_failure_synthetic,04260_containment_orbit_left_44_seed43260,containment,orbit_left_44,local_assets/dpo_pair_factory_v10/recovered_conditions/04260_containment_orbit_left_44_seed43260/clean_future_5_80.mp4,local_assets/dpo_pair_factory_v11/synthetic_pairs/pairs/v11_SYN_0265_04260_containment_orbit_left_44_seed43260_containment_failure_synthetic/loser_future.mp4,reports/dpo_pair_factory_v11/contact_sheets/v11_SYN_0265_04260_containment_orbit_left_44_seed43260_containment_failure_synthetic.jpg,True,True,76,832,480,True,True,58.0756,25.6792,1527.075,2,1,1.0,0.88,0.12,37.67950780875996,0.9979098401948179,0.9796835326182438,2.3675243258476257,10.0,0.0,78.91862542568109,39.793128514723605,True,True,True,True,"Contact sheet reviewed: visible medium-hard containment_failure_synthetic; loser remains readable, reward_margin=0.120, sharpness_ratio=0.980, mean_absdiff=2.37, local_absdiff=7.09.",,True,TRAINABLE
v11_SYN_0439_01060_drop_orbit_left_72_seed40060_drop_motion_failure_synthetic,TypeM_v11_synthetic_visible,synthetic_controlled,drop_motion_failure_synthetic,01060_drop_orbit_left_72_seed40060,drop,orbit_left_72,local_assets/dpo_pair_factory_v10/recovered_conditions/01060_drop_orbit_left_72_seed40060/clean_future_5_80.mp4,local_assets/dpo_pair_factory_v11/synthetic_pairs/pairs/v11_SYN_0439_01060_drop_orbit_left_72_seed40060_drop_motion_failure_synthetic/loser_future.mp4,reports/dpo_pair_factory_v11/contact_sheets/v11_SYN_0439_01060_drop_orbit_left_72_seed40060_drop_motion_failure_synthetic.jpg,True,True,76,832,480,True,True,83.6599,60.4318,3383.1786,2,1,1.0,0.798504,0.201496,35.32903271391285,0.9927007409040896,0.9732749206866084,2.5617371201515198,37.6,0.0,82.03917643229167,54.19751388399685,True,True,True,True,"Contact sheet reviewed: visible medium-hard drop_motion_failure_synthetic; loser remains readable, reward_margin=0.201, sharpness_ratio=0.973, mean_absdiff=2.56, local_absdiff=14.10.",,True,TRAINABLE
v10_TypeM_043_04249_containment_orbit_left_44_seed43249_foreground_identity_color_shift,TypeM_v10_synthetic_visible,synthetic_controlled,foreground_identity_color_shift,04249_containment_orbit_left_44_seed43249,containment,orbit_left_44,local_assets/dpo_pair_factory_v10/recovered_conditions/04249_containment_orbit_left_44_seed43249/clean_future_5_80.mp4,local_assets/dpo_pair_factory_v10/synthetic_visible_negatives/pairs/v10_TypeM_043_04249_containment_orbit_left_44_seed43249_foreground_identity_color_shift/loser_future.mp4,reports/dpo_pair_factory_v11/contact_sheets/v10_TypeM_043_04249_containment_orbit_left_44_seed43249_foreground_identity_color_shift.jpg,True,True,76,832,480,True,True,62.8648,47.1805,1901.1296,2,1,1.0,0.74978,0.25022,34.82141307931282,0.9975486819974879,1.0604791730337897,2.987721174955368,20.4,0.0,98.72674591846956,62.12132460179368,True,True,True,True,"Contact sheet reviewed: prior v10b strict-ready pair retained after v11 audit; failure=foreground_identity_color_shift, reward_margin=0.250, sharpness_ratio=1.060.",,True,TRAINABLE
v10_TypeM_046_04267_containment_orbit_left_44_seed43267_local_patch_drift,TypeM_v10_synthetic_visible,synthetic_controlled,local_patch_drift,04267_containment_orbit_left_44_seed43267,containment,orbit_left_44,local_assets/dpo_pair_factory_v10/recovered_conditions/04267_containment_orbit_left_44_seed43267/clean_future_5_80.mp4,local_assets/dpo_pair_factory_v10/synthetic_visible_negatives/pairs/v10_TypeM_046_04267_containment_orbit_left_44_seed43267_local_patch_drift/loser_future.mp4,reports/dpo_pair_factory_v11/contact_sheets/v10_TypeM_046_04267_containment_orbit_left_44_seed43267_local_patch_drift.jpg,True,True,76,832,480,True,True,79.8749,44.0755,2888.8913,2,1,1.0,0.834667,0.165333,35.67005369181849,0.9919016834039768,1.0106939782312447,2.449439764022827,27.2,0.0,106.93503543169071,45.9722729456247,True,True,True,True,"Contact sheet reviewed: prior v10b strict-ready pair retained after v11 audit; failure=local_patch_drift, reward_margin=0.165, sharpness_ratio=1.011.",,True,TRAINABLE
v10_TypeM_049_04302_containment_orbit_left_44_seed43302_local_patch_freeze,TypeM_v10_synthetic_visible,synthetic_controlled,local_patch_freeze,04302_containment_orbit_left_44_seed43302,containment,orbit_left_44,local_assets/dpo_pair_factory_v10/recovered_conditions/04302_containment_orbit_left_44_seed43302/clean_future_5_80.mp4,local_assets/dpo_pair_factory_v10/synthetic_visible_negatives/pairs/v10_TypeM_049_04302_containment_orbit_left_44_seed43302_local_patch_freeze/loser_future.mp4,reports/dpo_pair_factory_v11/contact_sheets/v10_TypeM_049_04302_containment_orbit_left_44_seed43302_local_patch_freeze.jpg,True,True,76,832,480,True,True,60.1582,28.5356,2195.7751,2,1,1.0,0.813243,0.186757,34.407739638556166,0.9940183936113837,0.967643168988525,2.7225892543792725,24.0,0.0,96.63520194811699,56.05322751111787,True,True,True,True,"Contact sheet reviewed: prior v10b strict-ready pair retained after v11 audit; failure=local_patch_freeze, reward_margin=0.187, sharpness_ratio=0.968.",,True,TRAINABLE
v11_SYN_0459_01101_drop_orbit_left_72_seed40101_local_scene_patch_drift,TypeM_v11_synthetic_visible,synthetic_controlled,local_scene_patch_drift,01101_drop_orbit_left_72_seed40101,drop,orbit_left_72,local_assets/dpo_pair_factory_v10/recovered_conditions/01101_drop_orbit_left_72_seed40101/clean_future_5_80.mp4,local_assets/dpo_pair_factory_v11/synthetic_pairs/pairs/v11_SYN_0459_01101_drop_orbit_left_72_seed40101_local_scene_patch_drift/loser_future.mp4,reports/dpo_pair_factory_v11/contact_sheets/v11_SYN_0459_01101_drop_orbit_left_72_seed40101_local_scene_patch_drift.jpg,True,True,76,832,480,True,True,89.763,62.2343,2825.4166,2,1,1.0,0.88,0.12,38.25373444181226,0.9975740751948324,0.9919769712606925,2.189553678035736,10.4,0.0,102.40780060596956,55.8155847060359,True,True,True,True,"Contact sheet reviewed: visible medium-hard local_scene_patch_drift; loser remains readable, reward_margin=0.120, sharpness_ratio=0.992, mean_absdiff=2.19, local_absdiff=6.71.",,True,TRAINABLE
v10_TypeM_060_prefix5_anchored_d744c2d6f264ba_object_deformation_local_temporal_jump,TypeM_v10_synthetic_visible,synthetic_controlled,local_temporal_jump,prefix5_anchored_d744c2d6f264ba_object_deformation,containment,orbit_left_44,local_assets/dpo_prefix5_pairs_20260627_031729/clean_futures/04204_containment_orbit_left_44_seed43204/clean_future_5_80.mp4,local_assets/dpo_pair_factory_v10/synthetic_visible_negatives/pairs/v10_TypeM_060_prefix5_anchored_d744c2d6f264ba_object_deformation_local_temporal_jump/loser_future.mp4,reports/dpo_pair_factory_v11/contact_sheets/v10_TypeM_060_prefix5_anchored_d744c2d6f264ba_object_deformation_local_temporal_jump.jpg,True,True,76,832,480,True,True,41.4084,22.8799,1079.1817,2,1,1.0,0.834076,0.165924,35.827364944675,0.9949773340358049,0.9947866913211205,2.4266448616981506,25.2,0.0,65.30022348257212,43.59814747223356,True,True,True,True,"Contact sheet reviewed: prior v10b strict-ready pair retained after v11 audit; failure=local_temporal_jump, reward_margin=0.166, sharpness_ratio=0.995.",,True,TRAINABLE
v11_SYN_EXTRA_0094_prefix5_anchored_1ca3412d8f73c8_nonrigid_background_warp_object_deformation_visible,TypeM_v11_synthetic_visible,synthetic_controlled,object_deformation_visible,prefix5_anchored_1ca3412d8f73c8_nonrigid_background_warp,collision,orbit_right_64,/home/nvme04/workspace/world_model_phys/PHYS/world_model_phys_stageA_v5_broad_lora_work/local_assets/dpo_prefix5_pairs_20260627_031729/clean_futures/02200_collision_orbit_right_64_seed41200/clean_future_5_80.mp4,local_assets/dpo_pair_factory_v11/synthetic_pairs_extra/pairs/v11_SYN_EXTRA_0094_prefix5_anchored_1ca3412d8f73c8_nonrigid_background_warp_object_deformation_visible/loser_future.mp4,reports/dpo_pair_factory_v11/contact_sheets/v11_SYN_EXTRA_0094_prefix5_anchored_1ca3412d8f73c8_nonrigid_background_warp_object_deformation_visible.jpg,True,True,76,832,480,True,True,60.4,31.7609,2345.5642,2,1,1.0,0.88,0.12,40.153985680622725,0.9995126063208786,0.9605314026836221,2.0285368859767914,6.0,0.0,101.64891952123398,61.33291296336289,True,True,True,True,"Contact sheet reviewed: visible medium-hard object_deformation_visible; loser remains readable, reward_margin=0.120, sharpness_ratio=0.961, mean_absdiff=2.03, local_absdiff=4.31.",,True,TRAINABLE
v11_SYN_EXTRA_0087_02384_collision_orbit_right_64_seed41384_object_duplicate_or_fragment,TypeM_v11_synthetic_visible,synthetic_controlled,object_duplicate_or_fragment,02384_collision_orbit_right_64_seed41384,collision,orbit_right_64,local_assets/dpo_pair_factory_v10/recovered_conditions/02384_collision_orbit_right_64_seed41384/clean_future_5_80.mp4,local_assets/dpo_pair_factory_v11/synthetic_pairs_extra/pairs/v11_SYN_EXTRA_0087_02384_collision_orbit_right_64_seed41384_object_duplicate_or_fragment/loser_future.mp4,reports/dpo_pair_factory_v11/contact_sheets/v11_SYN_EXTRA_0087_02384_collision_orbit_right_64_seed41384_object_duplicate_or_fragment.jpg,True,True,76,832,480,True,True,52.3106,22.0588,1969.548,2,1,1.0,0.88,0.12,40.5062107903057,0.9989510567719107,0.994031254982023,1.9012639224529266,5.6,0.0,76.17473582732372,43.146678819645544,True,True,True,True,"Contact sheet reviewed: visible medium-hard object_duplicate_or_fragment; loser remains readable, reward_margin=0.120, sharpness_ratio=0.994, mean_absdiff=1.90, local_absdiff=3.28.",,True,TRAINABLE
v11_SYN_0455_01086_drop_orbit_left_72_seed40086_partial_freeze_foreground,TypeM_v11_synthetic_visible,synthetic_controlled,partial_freeze_foreground,01086_drop_orbit_left_72_seed40086,drop,orbit_left_72,local_assets/dpo_pair_factory_v10/recovered_conditions/01086_drop_orbit_left_72_seed40086/clean_future_5_80.mp4,local_assets/dpo_pair_factory_v11/synthetic_pairs/pairs/v11_SYN_0455_01086_drop_orbit_left_72_seed40086_partial_freeze_foreground/loser_future.mp4,reports/dpo_pair_factory_v11/contact_sheets/v11_SYN_0455_01086_drop_orbit_left_72_seed40086_partial_freeze_foreground.jpg,True,True,76,832,480,True,True,91.1419,62.0509,2462.7362,2,1,1.0,0.88,0.12,39.729438454314206,0.9979923422532531,0.9920678836558401,1.8224250078201294,6.8,0.0,118.0947052784455,53.30946064682459,True,True,True,True,"Contact sheet reviewed: visible medium-hard partial_freeze_foreground; loser remains readable, reward_margin=0.120, sharpness_ratio=0.992, mean_absdiff=1.82, local_absdiff=5.04.",,True,TRAINABLE
v11_SYN_0260_04252_containment_orbit_left_44_seed43252_reobserve_mismatch_visible,TypeM_v11_synthetic_visible,synthetic_controlled,reobserve_mismatch_visible,04252_containment_orbit_left_44_seed43252,containment,orbit_left_44,local_assets/dpo_pair_factory_v10/recovered_conditions/04252_containment_orbit_left_44_seed43252/clean_future_5_80.mp4,local_assets/dpo_pair_factory_v11/synthetic_pairs/pairs/v11_SYN_0260_04252_containment_orbit_left_44_seed43252_reobserve_mismatch_visible/loser_future.mp4,reports/dpo_pair_factory_v11/contact_sheets/v11_SYN_0260_04252_containment_orbit_left_44_seed43252_reobserve_mismatch_visible.jpg,True,True,76,832,480,True,True,47.5504,24.3442,1164.6141,2,1,1.0,0.88,0.12,39.4595441810599,0.9978418851541753,0.9958669185174929,2.0989235043525696,9.2,0.0,74.00299666967148,43.743480565278276,True,True,True,True,"Contact sheet reviewed: visible medium-hard reobserve_mismatch_visible; loser remains readable, reward_margin=0.120, sharpness_ratio=0.996, mean_absdiff=2.10, local_absdiff=5.34.",,True,TRAINABLE
v11_SYN_0559_03494_roll_orbit_right_60_seed42494_roll_event_fragment_synthetic,TypeM_v11_synthetic_visible,synthetic_controlled,roll_event_fragment_synthetic,03494_roll_orbit_right_60_seed42494,roll,orbit_right_60,local_assets/dpo_pair_factory_v10/recovered_conditions/03494_roll_orbit_right_60_seed42494/clean_future_5_80.mp4,local_assets/dpo_pair_factory_v11/synthetic_pairs/pairs/v11_SYN_0559_03494_roll_orbit_right_60_seed42494_roll_event_fragment_synthetic/loser_future.mp4,reports/dpo_pair_factory_v11/contact_sheets/v11_SYN_0559_03494_roll_orbit_right_60_seed42494_roll_event_fragment_synthetic.jpg,True,True,76,832,480,True,True,61.7255,32.4123,2284.1936,2,1,1.0,0.852531,0.147469,36.619666857297375,0.99506880332791,0.981591680165972,2.3688180446624756,18.8,0.0,90.95248898237179,44.50042753592756,True,True,True,True,"Contact sheet reviewed: visible medium-hard roll_event_fragment_synthetic; loser remains readable, reward_margin=0.147, sharpness_ratio=0.982, mean_absdiff=2.37, local_absdiff=10.32.",,True,TRAINABLE
v11_SYN_0468_01102_drop_orbit_left_72_seed40102_wrong_camera_motion_visible,TypeM_v11_synthetic_visible,synthetic_controlled,wrong_camera_motion_visible,01102_drop_orbit_left_72_seed40102,drop,orbit_left_72,local_assets/dpo_pair_factory_v10/recovered_conditions/01102_drop_orbit_left_72_seed40102/clean_future_5_80.mp4,local_assets/dpo_pair_factory_v11/synthetic_pairs/pairs/v11_SYN_0468_01102_drop_orbit_left_72_seed40102_wrong_camera_motion_visible/loser_future.mp4,reports/dpo_pair_factory_v11/contact_sheets/v11_SYN_0468_01102_drop_orbit_left_72_seed40102_wrong_camera_motion_visible.jpg,True,True,76,832,480,True,True,103.1222,59.411,1814.4179,2,1,1.0,0.86618,0.13382,37.61815677832398,0.9946368572073525,0.9873714682055211,2.0536500215530396,22.8,0.0,130.05233435997596,43.18566320840134,True,True,True,True,"Contact sheet reviewed: visible medium-hard wrong_camera_motion_visible; loser remains readable, reward_margin=0.134, sharpness_ratio=0.987, mean_absdiff=2.05, local_absdiff=9.37.",,True,TRAINABLE
v11_SYN_0131_02384_collision_orbit_right_64_seed41384_background_drift_visible,TypeM_v11_synthetic_visible,synthetic_controlled,background_drift_visible,02384_collision_orbit_right_64_seed41384,collision,orbit_right_64,local_assets/dpo_pair_factory_v10/recovered_conditions/02384_collision_orbit_right_64_seed41384/clean_future_5_80.mp4,local_assets/dpo_pair_factory_v11/synthetic_pairs/pairs/v11_SYN_0131_02384_collision_orbit_right_64_seed41384_background_drift_visible/loser_future.mp4,reports/dpo_pair_factory_v11/contact_sheets/v11_SYN_0131_02384_collision_orbit_right_64_seed41384_background_drift_visible.jpg,True,True,76,832,480,True,True,52.0209,21.7745,1951.5707,2,1,1.0,0.88,0.12,40.68779540024062,0.9988124156420004,0.9856011588733142,1.9342618882656097,7.2,0.0,76.16662034254807,43.144136526360825,True,True,True,True,"Contact sheet reviewed: visible medium-hard background_drift_visible; loser remains readable, reward_margin=0.120, sharpness_ratio=0.986, mean_absdiff=1.93, local_absdiff=4.04.",,True,TRAINABLE
v11_SYN_EXTRA_0041_02284_collision_orbit_right_64_seed41284_collision_response_failure_synthetic,TypeM_v11_synthetic_visible,synthetic_controlled,collision_response_failure_synthetic,02284_collision_orbit_right_64_seed41284,collision,orbit_right_64,local_assets/dpo_pair_factory_v10/recovered_conditions/02284_collision_orbit_right_64_seed41284/clean_future_5_80.mp4,local_assets/dpo_pair_factory_v11/synthetic_pairs_extra/pairs/v11_SYN_EXTRA_0041_02284_collision_orbit_right_64_seed41284_collision_response_failure_synthetic/loser_future.mp4,reports/dpo_pair_factory_v11/contact_sheets/v11_SYN_EXTRA_0041_02284_collision_orbit_right_64_seed41284_collision_response_failure_synthetic.jpg,True,True,76,832,480,True,True,60.4018,30.5428,2306.5193,2,1,1.0,0.864449,0.135551,36.56006016340048,0.9955397238427723,0.9958496494249437,2.2565533816814423,27.2,0.0,97.01230844350962,54.700587862139244,True,True,True,True,"Contact sheet reviewed: visible medium-hard collision_response_failure_synthetic; loser remains readable, reward_margin=0.136, sharpness_ratio=0.996, mean_absdiff=2.26, local_absdiff=9.49.",,True,TRAINABLE
v11_SYN_EXTRA_0177_04260_containment_orbit_left_44_seed43260_containment_failure_synthetic,TypeM_v11_synthetic_visible,synthetic_controlled,containment_failure_synthetic,04260_containment_orbit_left_44_seed43260,containment,orbit_left_44,local_assets/dpo_pair_factory_v10/recovered_conditions/04260_containment_orbit_left_44_seed43260/clean_future_5_80.mp4,local_assets/dpo_pair_factory_v11/synthetic_pairs_extra/pairs/v11_SYN_EXTRA_0177_04260_containment_orbit_left_44_seed43260_containment_failure_synthetic/loser_future.mp4,reports/dpo_pair_factory_v11/contact_sheets/v11_SYN_EXTRA_0177_04260_containment_orbit_left_44_seed43260_containment_failure_synthetic.jpg,True,True,76,832,480,True,True,57.9384,25.6794,1532.0196,2,1,1.0,0.88,0.12,37.568941679204826,0.9976670274948859,0.9881463451717835,2.4592389464378357,16.0,0.0,78.8169233273237,39.866039954777264,True,True,True,True,"Contact sheet reviewed: visible medium-hard containment_failure_synthetic; loser remains readable, reward_margin=0.120, sharpness_ratio=0.988, mean_absdiff=2.46, local_absdiff=7.93.",,True,TRAINABLE
v11_SYN_0445_01079_drop_orbit_left_72_seed40079_drop_motion_failure_synthetic,TypeM_v11_synthetic_visible,synthetic_controlled,drop_motion_failure_synthetic,01079_drop_orbit_left_72_seed40079,drop,orbit_left_72,local_assets/dpo_pair_factory_v10/recovered_conditions/01079_drop_orbit_left_72_seed40079/clean_future_5_80.mp4,local_assets/dpo_pair_factory_v11/synthetic_pairs/pairs/v11_SYN_0445_01079_drop_orbit_left_72_seed40079_drop_motion_failure_synthetic/loser_future.mp4,reports/dpo_pair_factory_v11/contact_sheets/v11_SYN_0445_01079_drop_orbit_left_72_seed40079_drop_motion_failure_synthetic.jpg,True,True,76,832,480,True,True,81.4222,59.6651,2665.7459,2,1,1.0,0.88,0.12,38.42812574623211,0.9975921091665922,0.990144109822809,2.3075881898403168,18.4,0.0,105.02027681790865,57.621895113098034,True,True,True,True,"Contact sheet reviewed: visible medium-hard drop_motion_failure_synthetic; loser remains readable, reward_margin=0.120, sharpness_ratio=0.990, mean_absdiff=2.31, local_absdiff=7.69.",,True,TRAINABLE
v10_TypeM_047_04279_containment_orbit_left_44_seed43279_foreground_identity_color_shift,TypeM_v10_synthetic_visible,synthetic_controlled,foreground_identity_color_shift,04279_containment_orbit_left_44_seed43279,containment,orbit_left_44,local_assets/dpo_pair_factory_v10/recovered_conditions/04279_containment_orbit_left_44_seed43279/clean_future_5_80.mp4,local_assets/dpo_pair_factory_v10/synthetic_visible_negatives/pairs/v10_TypeM_047_04279_containment_orbit_left_44_seed43279_foreground_identity_color_shift/loser_future.mp4,reports/dpo_pair_factory_v11/contact_sheets/v10_TypeM_047_04279_containment_orbit_left_44_seed43279_foreground_identity_color_shift.jpg,True,True,76,832,480,True,True,55.9633,30.7108,1344.0442,2,1,1.0,0.671994,0.328006,32.59097760813491,0.9956779945296689,1.0128977608099785,3.51338854432106,44.0,0.0,92.98423414963942,56.98763084647799,True,True,True,True,"Contact sheet reviewed: prior v10b strict-ready pair retained after v11 audit; failure=foreground_identity_color_shift, reward_margin=0.328, sharpness_ratio=1.013.",,True,TRAINABLE
v10_TypeM_050_04339_containment_orbit_left_44_seed43339_local_patch_drift,TypeM_v10_synthetic_visible,synthetic_controlled,local_patch_drift,04339_containment_orbit_left_44_seed43339,containment,orbit_left_44,local_assets/dpo_pair_factory_v10/recovered_conditions/04339_containment_orbit_left_44_seed43339/clean_future_5_80.mp4,local_assets/dpo_pair_factory_v10/synthetic_visible_negatives/pairs/v10_TypeM_050_04339_containment_orbit_left_44_seed43339_local_patch_drift/loser_future.mp4,reports/dpo_pair_factory_v11/contact_sheets/v10_TypeM_050_04339_containment_orbit_left_44_seed43339_local_patch_drift.jpg,True,True,76,832,480,True,True,44.0849,27.3795,1182.3854,2,1,1.0,0.88,0.12,36.11061216730711,0.9974894555798417,0.9872631118804265,2.40190052986145,17.6,0.0,71.8855950771234,54.25542470638485,True,True,True,True,"Contact sheet reviewed: prior v10b strict-ready pair retained after v11 audit; failure=local_patch_drift, reward_margin=0.120, sharpness_ratio=0.987.",,True,TRAINABLE
v10_TypeM_053_04351_containment_orbit_left_44_seed43351_local_patch_freeze,TypeM_v10_synthetic_visible,synthetic_controlled,local_patch_freeze,04351_containment_orbit_left_44_seed43351,containment,orbit_left_44,local_assets/dpo_pair_factory_v10/recovered_conditions/04351_containment_orbit_left_44_seed43351/clean_future_5_80.mp4,local_assets/dpo_pair_factory_v10/synthetic_visible_negatives/pairs/v10_TypeM_053_04351_containment_orbit_left_44_seed43351_local_patch_freeze/loser_future.mp4,reports/dpo_pair_factory_v11/contact_sheets/v10_TypeM_053_04351_containment_orbit_left_44_seed43351_local_patch_freeze.jpg,True,True,76,832,480,True,True,76.0258,40.9115,2201.8548,2,1,1.0,0.710382,0.289618,33.754422671723226,0.9739714229242897,1.011015131846402,2.9757002890110016,41.2,0.0,101.088134765625,40.70834547121539,True,True,True,True,"Contact sheet reviewed: prior v10b strict-ready pair retained after v11 audit; failure=local_patch_freeze, reward_margin=0.290, sharpness_ratio=1.011.",,True,TRAINABLE
v11_SYN_0471_01108_drop_orbit_left_72_seed40108_local_scene_patch_drift,TypeM_v11_synthetic_visible,synthetic_controlled,local_scene_patch_drift,01108_drop_orbit_left_72_seed40108,drop,orbit_left_72,local_assets/dpo_pair_factory_v10/recovered_conditions/01108_drop_orbit_left_72_seed40108/clean_future_5_80.mp4,local_assets/dpo_pair_factory_v11/synthetic_pairs/pairs/v11_SYN_0471_01108_drop_orbit_left_72_seed40108_local_scene_patch_drift/loser_future.mp4,reports/dpo_pair_factory_v11/contact_sheets/v11_SYN_0471_01108_drop_orbit_left_72_seed40108_local_scene_patch_drift.jpg,True,True,76,832,480,True,True,91.9354,63.5336,3143.3298,2,1,1.0,0.859366,0.140634,37.59422960760992,0.9966033023403923,0.9878098489636025,2.208964765071869,13.6,0.0,104.43143091446315,56.48065383980819,True,True,True,True,"Contact sheet reviewed: visible medium-hard local_scene_patch_drift; loser remains readable, reward_margin=0.141, sharpness_ratio=0.988, mean_absdiff=2.21, local_absdiff=9.84.",,True,TRAINABLE
v10_TypeM_036_v6_02226_collision_orbit_right_64_seed41226_local_temporal_jump,TypeM_v10_synthetic_visible,synthetic_controlled,local_temporal_jump,v6_02226_collision_orbit_right_64_seed41226,collision,orbit_right_64,local_assets/dpo_prefix5_pairs_20260627_031729/clean_futures/02226_collision_orbit_right_64_seed41226/clean_future_5_80.mp4,local_assets/dpo_pair_factory_v10/synthetic_visible_negatives/pairs/v10_TypeM_036_v6_02226_collision_orbit_right_64_seed41226_local_temporal_jump/loser_future.mp4,reports/dpo_pair_factory_v11/contact_sheets/v10_TypeM_036_v6_02226_collision_orbit_right_64_seed41226_local_temporal_jump.jpg,True,True,76,832,480,True,True,62.8434,36.2291,2179.7612,2,1,1.0,0.848408,0.151592,34.89880052180547,0.992349012348256,1.0342928143288135,2.4845679998397827,26.0,0.0,102.09623084435096,57.75258174412548,True,True,True,True,"Contact sheet reviewed: prior v10b strict-ready pair retained after v11 audit; failure=local_temporal_jump, reward_margin=0.152, sharpness_ratio=1.034.",,True,TRAINABLE
v11_SYN_0146_prefix5_anchored_3e28b01a2ca2ef_reobserve_mismatch_object_deformation_visible,TypeM_v11_synthetic_visible,synthetic_controlled,object_deformation_visible,prefix5_anchored_3e28b01a2ca2ef_reobserve_mismatch,collision,orbit_right_64,/home/nvme04/workspace/world_model_phys/PHYS/world_model_phys_stageA_v5_broad_lora_work/local_assets/dpo_prefix5_pairs_20260627_031729/clean_futures/02200_collision_orbit_right_64_seed41200/clean_future_5_80.mp4,local_assets/dpo_pair_factory_v11/synthetic_pairs/pairs/v11_SYN_0146_prefix5_anchored_3e28b01a2ca2ef_reobserve_mismatch_object_deformation_visible/loser_future.mp4,reports/dpo_pair_factory_v11/contact_sheets/v11_SYN_0146_prefix5_anchored_3e28b01a2ca2ef_reobserve_mismatch_object_deformation_visible.jpg,True,True,76,832,480,True,True,60.3992,31.7637,2349.8233,2,1,1.0,0.88,0.12,40.48326612134768,0.9995886976179844,0.9709124630680458,1.9950505793094635,5.6,0.0,101.64774576822917,61.34200569468635,True,True,True,True,"Contact sheet reviewed: visible medium-hard object_deformation_visible; loser remains readable, reward_margin=0.120, sharpness_ratio=0.971, mean_absdiff=2.00, local_absdiff=4.17.",,True,TRAINABLE
v11_SYN_0237_04228_containment_orbit_left_44_seed43228_object_duplicate_or_fragment,TypeM_v11_synthetic_visible,synthetic_controlled,object_duplicate_or_fragment,04228_containment_orbit_left_44_seed43228,containment,orbit_left_44,local_assets/dpo_pair_factory_v10/recovered_conditions/04228_containment_orbit_left_44_seed43228/clean_future_5_80.mp4,local_assets/dpo_pair_factory_v11/synthetic_pairs/pairs/v11_SYN_0237_04228_containment_orbit_left_44_seed43228_object_duplicate_or_fragment/loser_future.mp4,reports/dpo_pair_factory_v11/contact_sheets/v11_SYN_0237_04228_containment_orbit_left_44_seed43228_object_duplicate_or_fragment.jpg,True,True,76,832,480,True,True,77.5605,40.1405,3044.6192,2,1,1.0,0.88,0.12,37.51663098294169,0.9973238246719094,0.9960686115866465,2.0719721913337708,12.4,0.0,102.98174078525642,46.497311809301024,True,True,True,True,"Contact sheet reviewed: visible medium-hard object_duplicate_or_fragment; loser remains readable, reward_margin=0.120, sharpness_ratio=0.996, mean_absdiff=2.07, local_absdiff=5.69.",,True,TRAINABLE
v11_SYN_0448_01079_drop_orbit_left_72_seed40079_object_identity_color_shift,TypeM_v11_synthetic_visible,synthetic_controlled,object_identity_color_shift,01079_drop_orbit_left_72_seed40079,drop,orbit_left_72,local_assets/dpo_pair_factory_v10/recovered_conditions/01079_drop_orbit_left_72_seed40079/clean_future_5_80.mp4,local_assets/dpo_pair_factory_v11/synthetic_pairs/pairs/v11_SYN_0448_01079_drop_orbit_left_72_seed40079_object_identity_color_shift/loser_future.mp4,reports/dpo_pair_factory_v11/contact_sheets/v11_SYN_0448_01079_drop_orbit_left_72_seed40079_object_identity_color_shift.jpg,True,True,76,832,480,True,True,81.2065,59.6986,2661.4926,2,1,1.0,0.786214,0.213786,35.12007941074137,0.9983584411016097,0.9939547059941766,2.545112818479538,39.2,0.0,104.78115046574518,57.56023416150816,True,True,True,True,"Contact sheet reviewed: visible medium-hard object_identity_color_shift; loser remains readable, reward_margin=0.214, sharpness_ratio=0.994, mean_absdiff=2.55, local_absdiff=14.97.",,True,TRAINABLE
v11_SYN_0461_01101_drop_orbit_left_72_seed40101_partial_freeze_foreground,TypeM_v11_synthetic_visible,synthetic_controlled,partial_freeze_foreground,01101_drop_orbit_left_72_seed40101,drop,orbit_left_72,local_assets/dpo_pair_factory_v10/recovered_conditions/01101_drop_orbit_left_72_seed40101/clean_future_5_80.mp4,local_assets/dpo_pair_factory_v11/synthetic_pairs/pairs/v11_SYN_0461_01101_drop_orbit_left_72_seed40101_partial_freeze_foreground/loser_future.mp4,reports/dpo_pair_factory_v11/contact_sheets/v11_SYN_0461_01101_drop_orbit_left_72_seed40101_partial_freeze_foreground.jpg,True,True,76,832,480,True,True,89.7529,62.2011,2858.2652,2,1,1.0,0.866295,0.133705,36.63395721184015,0.9946260182838037,1.0010839011768962,2.4135852456092834,12.8,0.0,102.24706405248398,55.85695764726098,True,True,True,True,"Contact sheet reviewed: visible medium-hard partial_freeze_foreground; loser remains readable, reward_margin=0.134, sharpness_ratio=1.001, mean_absdiff=2.41, local_absdiff=9.36.",,True,TRAINABLE
v11_SYN_EXTRA_0174_04252_containment_orbit_left_44_seed43252_reobserve_mismatch_visible,TypeM_v11_synthetic_visible,synthetic_controlled,reobserve_mismatch_visible,04252_containment_orbit_left_44_seed43252,containment,orbit_left_44,local_assets/dpo_pair_factory_v10/recovered_conditions/04252_containment_orbit_left_44_seed43252/clean_future_5_80.mp4,local_assets/dpo_pair_factory_v11/synthetic_pairs_extra/pairs/v11_SYN_EXTRA_0174_04252_containment_orbit_left_44_seed43252_reobserve_mismatch_visible/loser_future.mp4,reports/dpo_pair_factory_v11/contact_sheets/v11_SYN_EXTRA_0174_04252_containment_orbit_left_44_seed43252_reobserve_mismatch_visible.jpg,True,True,76,832,480,True,True,47.5498,24.3437,1165.4988,2,1,1.0,0.88,0.12,39.81861635286059,0.9983919870285202,0.9956702040952533,2.057708978652954,10.4,0.0,74.0019787910657,43.74301181922418,True,True,True,True,"Contact sheet reviewed: visible medium-hard reobserve_mismatch_visible; loser remains readable, reward_margin=0.120, sharpness_ratio=0.996, mean_absdiff=2.06, local_absdiff=5.20.",,True,TRAINABLE
v11_SYN_0565_03495_roll_orbit_right_60_seed42495_roll_event_fragment_synthetic,TypeM_v11_synthetic_visible,synthetic_controlled,roll_event_fragment_synthetic,03495_roll_orbit_right_60_seed42495,roll,orbit_right_60,local_assets/dpo_pair_factory_v10/recovered_conditions/03495_roll_orbit_right_60_seed42495/clean_future_5_80.mp4,local_assets/dpo_pair_factory_v11/synthetic_pairs/pairs/v11_SYN_0565_03495_roll_orbit_right_60_seed42495_roll_event_fragment_synthetic/loser_future.mp4,reports/dpo_pair_factory_v11/contact_sheets/v11_SYN_0565_03495_roll_orbit_right_60_seed42495_roll_event_fragment_synthetic.jpg,True,True,76,832,480,True,True,65.8307,35.2715,1795.9895,2,1,1.0,0.88,0.12,38.14950962095794,0.9981970070237697,0.9789156204880589,2.1007090508937836,10.4,0.0,96.05310872395833,43.52000507467201,True,True,True,True,"Contact sheet reviewed: visible medium-hard roll_event_fragment_synthetic; loser remains readable, reward_margin=0.120, sharpness_ratio=0.979, mean_absdiff=2.10, local_absdiff=7.60.",,True,TRAINABLE
v11_SYN_0474_01108_drop_orbit_left_72_seed40108_wrong_camera_motion_visible,TypeM_v11_synthetic_visible,synthetic_controlled,wrong_camera_motion_visible,01108_drop_orbit_left_72_seed40108,drop,orbit_left_72,local_assets/dpo_pair_factory_v10/recovered_conditions/01108_drop_orbit_left_72_seed40108/clean_future_5_80.mp4,local_assets/dpo_pair_factory_v11/synthetic_pairs/pairs/v11_SYN_0474_01108_drop_orbit_left_72_seed40108_wrong_camera_motion_visible/loser_future.mp4,reports/dpo_pair_factory_v11/contact_sheets/v11_SYN_0474_01108_drop_orbit_left_72_seed40108_wrong_camera_motion_visible.jpg,True,True,76,832,480,True,True,92.2117,63.3848,3163.8149,2,1,1.0,0.88,0.12,38.37741002484965,0.9979216613832838,0.9849446659530466,2.1106685400009155,9.6,0.0,104.40162009214744,56.49918561460401,True,True,True,True,"Contact sheet reviewed: visible medium-hard wrong_camera_motion_visible; loser remains readable, reward_margin=0.120, sharpness_ratio=0.985, mean_absdiff=2.11, local_absdiff=7.48.",,True,TRAINABLE
v11_SYN_0497_03413_roll_orbit_right_60_seed42413_background_drift_visible,TypeM_v11_synthetic_visible,synthetic_controlled,background_drift_visible,03413_roll_orbit_right_60_seed42413,roll,orbit_right_60,local_assets/dpo_pair_factory_v10/recovered_conditions/03413_roll_orbit_right_60_seed42413/clean_future_5_80.mp4,local_assets/dpo_pair_factory_v11/synthetic_pairs/pairs/v11_SYN_0497_03413_roll_orbit_right_60_seed42413_background_drift_visible/loser_future.mp4,reports/dpo_pair_factory_v11/contact_sheets/v11_SYN_0497_03413_roll_orbit_right_60_seed42413_background_drift_visible.jpg,True,True,76,832,480,True,True,48.636,23.2809,1675.9281,2,1,1.0,0.88,0.12,39.98083977898344,0.9985984601345939,0.9729019874143702,2.0408885180950165,8.8,0.0,73.58998397435897,41.04247026924727,True,True,True,True,"Contact sheet reviewed: visible medium-hard background_drift_visible; loser remains readable, reward_margin=0.120, sharpness_ratio=0.973, mean_absdiff=2.04, local_absdiff=6.39.",,True,TRAINABLE
v11_SYN_0067_02286_collision_orbit_right_64_seed41286_collision_response_failure_synthetic,TypeM_v11_synthetic_visible,synthetic_controlled,collision_response_failure_synthetic,02286_collision_orbit_right_64_seed41286,collision,orbit_right_64,local_assets/dpo_pair_factory_v10/recovered_conditions/02286_collision_orbit_right_64_seed41286/clean_future_5_80.mp4,local_assets/dpo_pair_factory_v11/synthetic_pairs/pairs/v11_SYN_0067_02286_collision_orbit_right_64_seed41286_collision_response_failure_synthetic/loser_future.mp4,reports/dpo_pair_factory_v11/contact_sheets/v11_SYN_0067_02286_collision_orbit_right_64_seed41286_collision_response_failure_synthetic.jpg,True,True,76,832,480,True,True,55.1911,22.5858,2077.7734,2,1,1.0,0.88,0.12,40.09603902968955,0.9993162119404184,0.9913075688141708,2.010757625102997,7.6,0.0,87.83037171975161,55.302194929238155,True,True,True,True,"Contact sheet reviewed: visible medium-hard collision_response_failure_synthetic; loser remains readable, reward_margin=0.120, sharpness_ratio=0.991, mean_absdiff=2.01, local_absdiff=5.53.",,True,TRAINABLE
v11_SYN_0271_04267_containment_orbit_left_44_seed43267_containment_failure_synthetic,TypeM_v11_synthetic_visible,synthetic_controlled,containment_failure_synthetic,04267_containment_orbit_left_44_seed43267,containment,orbit_left_44,local_assets/dpo_pair_factory_v10/recovered_conditions/04267_containment_orbit_left_44_seed43267/clean_future_5_80.mp4,local_assets/dpo_pair_factory_v11/synthetic_pairs/pairs/v11_SYN_0271_04267_containment_orbit_left_44_seed43267_containment_failure_synthetic/loser_future.mp4,reports/dpo_pair_factory_v11/contact_sheets/v11_SYN_0271_04267_containment_orbit_left_44_seed43267_containment_failure_synthetic.jpg,True,True,76,832,480,True,True,80.4953,43.8574,2915.77,2,1,1.0,0.852396,0.147604,37.02876578811026,0.994510351977846,0.9877248198704867,2.211687445640564,26.0,0.0,106.8548821864984,45.88567919701262,True,True,True,True,"Contact sheet reviewed: visible medium-hard containment_failure_synthetic; loser remains readable, reward_margin=0.148, sharpness_ratio=0.988, mean_absdiff=2.21, local_absdiff=10.33.",,True,TRAINABLE
v11_SYN_0451_01086_drop_orbit_left_72_seed40086_drop_motion_failure_synthetic,TypeM_v11_synthetic_visible,synthetic_controlled,drop_motion_failure_synthetic,01086_drop_orbit_left_72_seed40086,drop,orbit_left_72,local_assets/dpo_pair_factory_v10/recovered_conditions/01086_drop_orbit_left_72_seed40086/clean_future_5_80.mp4,local_assets/dpo_pair_factory_v11/synthetic_pairs/pairs/v11_SYN_0451_01086_drop_orbit_left_72_seed40086_drop_motion_failure_synthetic/loser_future.mp4,reports/dpo_pair_factory_v11/contact_sheets/v11_SYN_0451_01086_drop_orbit_left_72_seed40086_drop_motion_failure_synthetic.jpg,True,True,76,832,480,True,True,91.1071,62.0362,2477.1261,2,1,1.0,0.88,0.12,38.18313215554451,0.9981307241787194,0.9856244161102677,1.9190698564052582,15.6,0.0,117.76214067508013,53.53440562440385,True,True,True,True,"Contact sheet reviewed: visible medium-hard drop_motion_failure_synthetic; loser remains readable, reward_margin=0.120, sharpness_ratio=0.986, mean_absdiff=1.92, local_absdiff=8.26.",,True,TRAINABLE
v10_TypeM_051_04342_containment_orbit_left_44_seed43342_foreground_identity_color_shift,TypeM_v10_synthetic_visible,synthetic_controlled,foreground_identity_color_shift,04342_containment_orbit_left_44_seed43342,containment,orbit_left_44,local_assets/dpo_pair_factory_v10/recovered_conditions/04342_containment_orbit_left_44_seed43342/clean_future_5_80.mp4,local_assets/dpo_pair_factory_v10/synthetic_visible_negatives/pairs/v10_TypeM_051_04342_containment_orbit_left_44_seed43342_foreground_identity_color_shift/loser_future.mp4,reports/dpo_pair_factory_v11/contact_sheets/v10_TypeM_051_04342_containment_orbit_left_44_seed43342_foreground_identity_color_shift.jpg,True,True,76,832,480,True,True,77.2687,38.9136,2402.5369,2,1,1.0,0.787165,0.212835,34.92814713400806,0.9959196220917179,1.0172835645228877,2.947407752275467,21.6,0.0,102.90746381710738,40.680340834902275,True,True,True,True,"Contact sheet reviewed: prior v10b strict-ready pair retained after v11 audit; failure=foreground_identity_color_shift, reward_margin=0.213, sharpness_ratio=1.017.",,True,TRAINABLE
v10_TypeM_054_04355_containment_orbit_left_44_seed43355_local_patch_drift,TypeM_v10_synthetic_visible,synthetic_controlled,local_patch_drift,04355_containment_orbit_left_44_seed43355,containment,orbit_left_44,local_assets/dpo_pair_factory_v10/recovered_conditions/04355_containment_orbit_left_44_seed43355/clean_future_5_80.mp4,local_assets/dpo_pair_factory_v10/synthetic_visible_negatives/pairs/v10_TypeM_054_04355_containment_orbit_left_44_seed43355_local_patch_drift/loser_future.mp4,reports/dpo_pair_factory_v11/contact_sheets/v10_TypeM_054_04355_containment_orbit_left_44_seed43355_local_patch_drift.jpg,True,True,76,832,480,True,True,86.6558,49.1241,2846.8508,2,1,1.0,0.837592,0.162408,34.4860795814057,0.989090607678735,1.0099075055256672,2.577813059091568,30.8,0.0,116.42013659354969,46.595212678495045,True,True,True,True,"Contact sheet reviewed: prior v10b strict-ready pair retained after v11 audit; failure=local_patch_drift, reward_margin=0.162, sharpness_ratio=1.010.",,True,TRAINABLE
v10_TypeM_057_prefix5_anchored_1279c3b65a6d9e_object_identity_change_local_patch_freeze,TypeM_v10_synthetic_visible,synthetic_controlled,local_patch_freeze,prefix5_anchored_1279c3b65a6d9e_object_identity_change,containment,orbit_left_44,local_assets/dpo_prefix5_pairs_20260627_031729/clean_futures/04204_containment_orbit_left_44_seed43204/clean_future_5_80.mp4,local_assets/dpo_pair_factory_v10/synthetic_visible_negatives/pairs/v10_TypeM_057_prefix5_anchored_1279c3b65a6d9e_object_identity_change_local_patch_freeze/loser_future.mp4,reports/dpo_pair_factory_v11/contact_sheets/v10_TypeM_057_prefix5_anchored_1279c3b65a6d9e_object_identity_change_local_patch_freeze.jpg,True,True,76,832,480,True,True,41.3894,22.7549,1073.671,2,1,1.0,0.88,0.12,37.573175341533386,0.9977518090182688,0.9977743054795619,2.1787102818489075,12.8,0.0,65.36114846254007,43.55962845620529,True,True,True,True,"Contact sheet reviewed: prior v10b strict-ready pair retained after v11 audit; failure=local_patch_freeze, reward_margin=0.120, sharpness_ratio=0.998.",,True,TRAINABLE
v11_SYN_0016_02215_collision_strafe_left_180_seed41215_local_scene_patch_drift,TypeM_v11_synthetic_visible,synthetic_controlled,local_scene_patch_drift,02215_collision_strafe_left_180_seed41215,collision,strafe_left_180,local_assets/dpo_pair_factory_v10/recovered_conditions/02215_collision_strafe_left_180_seed41215/clean_future_5_80.mp4,local_assets/dpo_pair_factory_v11/synthetic_pairs/pairs/v11_SYN_0016_02215_collision_strafe_left_180_seed41215_local_scene_patch_drift/loser_future.mp4,reports/dpo_pair_factory_v11/contact_sheets/v11_SYN_0016_02215_collision_strafe_left_180_seed41215_local_scene_patch_drift.jpg,True,True,76,832,480,True,True,70.1417,41.2148,1818.2588,2,1,1.0,0.88,0.12,40.344238693415136,0.9989863700072029,0.9727813775808154,1.99677312374115,6.8,0.0,102.38937299679488,47.941867114646115,True,True,True,True,"Contact sheet reviewed: visible medium-hard local_scene_patch_drift; loser remains readable, reward_margin=0.120, sharpness_ratio=0.973, mean_absdiff=2.00, local_absdiff=4.16.",,True,TRAINABLE
v10_TypeM_080_v6b_GT_C_001_01014_drop_orbit_left_72_seed40014_local_temporal_jump,TypeM_v10_synthetic_visible,synthetic_controlled,local_temporal_jump,v6b_GT_C_001_01014_drop_orbit_left_72_seed40014,drop,orbit_left_72,local_assets/targeted_BC_loser_mining_v6b/conditions/01014_drop_orbit_left_72_seed40014/clean_future_5_80.mp4,local_assets/dpo_pair_factory_v10/synthetic_visible_negatives/pairs/v10_TypeM_080_v6b_GT_C_001_01014_drop_orbit_left_72_seed40014_local_temporal_jump/loser_future.mp4,reports/dpo_pair_factory_v11/contact_sheets/v10_TypeM_080_v6b_GT_C_001_01014_drop_orbit_left_72_seed40014_local_temporal_jump.jpg,True,True,76,832,480,True,True,86.5803,60.778,2702.3671,2,1,1.0,0.710488,0.289512,33.204210709604695,0.9802741992614232,1.0210987803240759,2.9646071791648865,50.8,0.0,102.40024288862179,54.57302821105355,True,True,True,True,"Contact sheet reviewed: prior v10b strict-ready pair retained after v11 audit; failure=local_temporal_jump, reward_margin=0.290, sharpness_ratio=1.021.",,True,TRAINABLE
v11_SYN_EXTRA_0102_prefix5_anchored_525c18bc4422f0_background_drift_object_deformation_visible,TypeM_v11_synthetic_visible,synthetic_controlled,object_deformation_visible,prefix5_anchored_525c18bc4422f0_background_drift,collision,orbit_right_64,/home/nvme04/workspace/world_model_phys/PHYS/world_model_phys_stageA_v5_broad_lora_work/local_assets/dpo_prefix5_pairs_20260627_031729/clean_futures/02200_collision_orbit_right_64_seed41200/clean_future_5_80.mp4,local_assets/dpo_pair_factory_v11/synthetic_pairs_extra/pairs/v11_SYN_EXTRA_0102_prefix5_anchored_525c18bc4422f0_background_drift_object_deformation_visible/loser_future.mp4,reports/dpo_pair_factory_v11/contact_sheets/v11_SYN_EXTRA_0102_prefix5_anchored_525c18bc4422f0_background_drift_object_deformation_visible.jpg,True,True,76,832,480,True,True,60.4014,31.7614,2346.5231,2,1,1.0,0.88,0.12,40.12874885934864,0.9995075932253661,0.9594959444602197,2.032580226659775,6.0,0.0,101.64627654246796,61.335479775531766,True,True,True,True,"Contact sheet reviewed: visible medium-hard object_deformation_visible; loser remains readable, reward_margin=0.120, sharpness_ratio=0.959, mean_absdiff=2.03, local_absdiff=4.25.",,True,TRAINABLE
v11_SYN_0255_04249_containment_orbit_left_44_seed43249_object_duplicate_or_fragment,TypeM_v11_synthetic_visible,synthetic_controlled,object_duplicate_or_fragment,04249_containment_orbit_left_44_seed43249,containment,orbit_left_44,local_assets/dpo_pair_factory_v10/recovered_conditions/04249_containment_orbit_left_44_seed43249/clean_future_5_80.mp4,local_assets/dpo_pair_factory_v11/synthetic_pairs/pairs/v11_SYN_0255_04249_containment_orbit_left_44_seed43249_object_duplicate_or_fragment/loser_future.mp4,reports/dpo_pair_factory_v11/contact_sheets/v11_SYN_0255_04249_containment_orbit_left_44_seed43249_object_duplicate_or_fragment.jpg,True,True,76,832,480,True,True,63.0467,46.9951,1889.984,2,1,1.0,0.88,0.12,37.14978785886337,0.9978946182112501,0.99974158644899,2.1936817467212677,7.2,0.0,99.21754432091345,61.85991110956764,True,True,True,True,"Contact sheet reviewed: visible medium-hard object_duplicate_or_fragment; loser remains readable, reward_margin=0.120, sharpness_ratio=1.000, mean_absdiff=2.19, local_absdiff=4.98.",,True,TRAINABLE
v11_SYN_0473_01108_drop_orbit_left_72_seed40108_partial_freeze_foreground,TypeM_v11_synthetic_visible,synthetic_controlled,partial_freeze_foreground,01108_drop_orbit_left_72_seed40108,drop,orbit_left_72,local_assets/dpo_pair_factory_v10/recovered_conditions/01108_drop_orbit_left_72_seed40108/clean_future_5_80.mp4,local_assets/dpo_pair_factory_v11/synthetic_pairs/pairs/v11_SYN_0473_01108_drop_orbit_left_72_seed40108_partial_freeze_foreground/loser_future.mp4,reports/dpo_pair_factory_v11/contact_sheets/v11_SYN_0473_01108_drop_orbit_left_72_seed40108_partial_freeze_foreground.jpg,True,True,76,832,480,True,True,92.0863,63.5185,3170.7281,2,1,1.0,0.88,0.12,40.015941236149914,0.9992601294671466,0.9949838387830615,2.0468374490737915,7.6,0.0,104.43811535957532,56.56777456977427,True,True,True,True,"Contact sheet reviewed: visible medium-hard partial_freeze_foreground; loser remains readable, reward_margin=0.120, sharpness_ratio=0.995, mean_absdiff=2.05, local_absdiff=5.05.",,True,TRAINABLE
v11_SYN_0266_04260_containment_orbit_left_44_seed43260_reobserve_mismatch_visible,TypeM_v11_synthetic_visible,synthetic_controlled,reobserve_mismatch_visible,04260_containment_orbit_left_44_seed43260,containment,orbit_left_44,local_assets/dpo_pair_factory_v10/recovered_conditions/04260_containment_orbit_left_44_seed43260/clean_future_5_80.mp4,local_assets/dpo_pair_factory_v11/synthetic_pairs/pairs/v11_SYN_0266_04260_containment_orbit_left_44_seed43260_reobserve_mismatch_visible/loser_future.mp4,reports/dpo_pair_factory_v11/contact_sheets/v11_SYN_0266_04260_containment_orbit_left_44_seed43260_reobserve_mismatch_visible.jpg,True,True,76,832,480,True,True,57.9899,25.6647,1524.6583,2,1,1.0,0.88,0.12,38.497161771598925,0.9984372317032917,0.9904984381260614,2.22755891084671,10.0,0.0,78.92138859675481,39.821383754176935,True,True,True,True,"Contact sheet reviewed: visible medium-hard reobserve_mismatch_visible; loser remains readable, reward_margin=0.120, sharpness_ratio=0.990, mean_absdiff=2.23, local_absdiff=5.85.",,True,TRAINABLE
v11_SYN_0571_03505_roll_orbit_right_60_seed42505_roll_event_fragment_synthetic,TypeM_v11_synthetic_visible,synthetic_controlled,roll_event_fragment_synthetic,03505_roll_orbit_right_60_seed42505,roll,orbit_right_60,local_assets/dpo_pair_factory_v10/recovered_conditions/03505_roll_orbit_right_60_seed42505/clean_future_5_80.mp4,local_assets/dpo_pair_factory_v11/synthetic_pairs/pairs/v11_SYN_0571_03505_roll_orbit_right_60_seed42505_roll_event_fragment_synthetic/loser_future.mp4,reports/dpo_pair_factory_v11/contact_sheets/v11_SYN_0571_03505_roll_orbit_right_60_seed42505_roll_event_fragment_synthetic.jpg,True,True,76,832,480,True,True,51.4078,23.1501,1658.0488,2,1,1.0,0.88,0.12,39.76731756228407,0.9990986505551143,0.9953692756930869,2.0267826318740845,8.0,0.0,77.7159198467548,42.03160953387667,True,True,True,True,"Contact sheet reviewed: visible medium-hard roll_event_fragment_synthetic; loser remains readable, reward_margin=0.120, sharpness_ratio=0.995, mean_absdiff=2.03, local_absdiff=4.72.",,True,TRAINABLE
v11_SYN_0488_03410_roll_orbit_right_60_seed42410_wrong_camera_motion_visible,TypeM_v11_synthetic_visible,synthetic_controlled,wrong_camera_motion_visible,03410_roll_orbit_right_60_seed42410,roll,orbit_right_60,local_assets/dpo_pair_factory_v10/recovered_conditions/03410_roll_orbit_right_60_seed42410/clean_future_5_80.mp4,local_assets/dpo_pair_factory_v11/synthetic_pairs/pairs/v11_SYN_0488_03410_roll_orbit_right_60_seed42410_wrong_camera_motion_visible/loser_future.mp4,reports/dpo_pair_factory_v11/contact_sheets/v11_SYN_0488_03410_roll_orbit_right_60_seed42410_wrong_camera_motion_visible.jpg,True,True,76,832,480,True,True,72.018,37.9691,1858.2035,2,1,1.0,0.88,0.12,40.158100979970314,0.9992538270937681,0.9790471396594784,2.1127238869667053,6.0,0.0,103.65738118489584,46.549768659417104,True,True,True,True,"Contact sheet reviewed: visible medium-hard wrong_camera_motion_visible; loser remains readable, reward_margin=0.120, sharpness_ratio=0.979, mean_absdiff=2.11, local_absdiff=4.51.",,True,TRAINABLE
v11_SYN_0503_03418_roll_orbit_right_60_seed42418_background_drift_visible,TypeM_v11_synthetic_visible,synthetic_controlled,background_drift_visible,03418_roll_orbit_right_60_seed42418,roll,orbit_right_60,local_assets/dpo_pair_factory_v10/recovered_conditions/03418_roll_orbit_right_60_seed42418/clean_future_5_80.mp4,local_assets/dpo_pair_factory_v11/synthetic_pairs/pairs/v11_SYN_0503_03418_roll_orbit_right_60_seed42418_background_drift_visible/loser_future.mp4,reports/dpo_pair_factory_v11/contact_sheets/v11_SYN_0503_03418_roll_orbit_right_60_seed42418_background_drift_visible.jpg,True,True,76,832,480,True,True,55.4563,23.1725,1897.0037,2,1,1.0,0.88,0.12,39.95893673370557,0.9985588530967284,0.9837763452437918,2.1078291833400726,6.4,0.0,77.05106733273237,36.47230003882348,True,True,True,True,"Contact sheet reviewed: visible medium-hard background_drift_visible; loser remains readable, reward_margin=0.120, sharpness_ratio=0.984, mean_absdiff=2.11, local_absdiff=5.00.",,True,TRAINABLE
v11_SYN_EXTRA_0045_02286_collision_orbit_right_64_seed41286_collision_response_failure_synthetic,TypeM_v11_synthetic_visible,synthetic_controlled,collision_response_failure_synthetic,02286_collision_orbit_right_64_seed41286,collision,orbit_right_64,local_assets/dpo_pair_factory_v10/recovered_conditions/02286_collision_orbit_right_64_seed41286/clean_future_5_80.mp4,local_assets/dpo_pair_factory_v11/synthetic_pairs_extra/pairs/v11_SYN_EXTRA_0045_02286_collision_orbit_right_64_seed41286_collision_response_failure_synthetic/loser_future.mp4,reports/dpo_pair_factory_v11/contact_sheets/v11_SYN_EXTRA_0045_02286_collision_orbit_right_64_seed41286_collision_response_failure_synthetic.jpg,True,True,76,832,480,True,True,55.2379,22.5935,2073.4289,2,1,1.0,0.88,0.12,40.26089443258659,0.9993550099806288,0.9854219684848063,2.0129342079162598,6.0,0.0,87.87542129907854,55.279382044622494,True,True,True,True,"Contact sheet reviewed: visible medium-hard collision_response_failure_synthetic; loser remains readable, reward_margin=0.120, sharpness_ratio=0.985, mean_absdiff=2.01, local_absdiff=4.39.",,True,TRAINABLE
v11_SYN_EXTRA_0181_04267_containment_orbit_left_44_seed43267_containment_failure_synthetic,TypeM_v11_synthetic_visible,synthetic_controlled,containment_failure_synthetic,04267_containment_orbit_left_44_seed43267,containment,orbit_left_44,local_assets/dpo_pair_factory_v10/recovered_conditions/04267_containment_orbit_left_44_seed43267/clean_future_5_80.mp4,local_assets/dpo_pair_factory_v11/synthetic_pairs_extra/pairs/v11_SYN_EXTRA_0181_04267_containment_orbit_left_44_seed43267_containment_failure_synthetic/loser_future.mp4,reports/dpo_pair_factory_v11/contact_sheets/v11_SYN_EXTRA_0181_04267_containment_orbit_left_44_seed43267_containment_failure_synthetic.jpg,True,True,76,832,480,True,True,80.5553,44.0016,2910.8665,2,1,1.0,0.861393,0.138607,37.98278439701874,0.99711822028938,0.9872977513073543,2.230353355407715,14.4,0.0,106.92672588641827,45.942661469389044,True,True,True,True,"Contact sheet reviewed: visible medium-hard containment_failure_synthetic; loser remains readable, reward_margin=0.139, sharpness_ratio=0.987, mean_absdiff=2.23, local_absdiff=9.70.",,True,TRAINABLE
v11_SYN_0457_01101_drop_orbit_left_72_seed40101_drop_motion_failure_synthetic,TypeM_v11_synthetic_visible,synthetic_controlled,drop_motion_failure_synthetic,01101_drop_orbit_left_72_seed40101,drop,orbit_left_72,local_assets/dpo_pair_factory_v10/recovered_conditions/01101_drop_orbit_left_72_seed40101/clean_future_5_80.mp4,local_assets/dpo_pair_factory_v11/synthetic_pairs/pairs/v11_SYN_0457_01101_drop_orbit_left_72_seed40101_drop_motion_failure_synthetic/loser_future.mp4,reports/dpo_pair_factory_v11/contact_sheets/v11_SYN_0457_01101_drop_orbit_left_72_seed40101_drop_motion_failure_synthetic.jpg,True,True,76,832,480,True,True,90.3312,62.0918,2864.8894,2,1,1.0,0.73674,0.26326,34.78191639741659,0.9900861484386267,0.9932923135788342,2.5692537426948547,45.6,0.0,102.6241217197516,55.71919907568181,True,True,True,True,"Contact sheet reviewed: visible medium-hard drop_motion_failure_synthetic; loser remains readable, reward_margin=0.263, sharpness_ratio=0.993, mean_absdiff=2.57, local_absdiff=18.43.",,True,TRAINABLE
v10_TypeM_055_04357_containment_orbit_left_44_seed43357_foreground_identity_color_shift,TypeM_v10_synthetic_visible,synthetic_controlled,foreground_identity_color_shift,04357_containment_orbit_left_44_seed43357,containment,orbit_left_44,local_assets/dpo_pair_factory_v10/recovered_conditions/04357_containment_orbit_left_44_seed43357/clean_future_5_80.mp4,local_assets/dpo_pair_factory_v10/synthetic_visible_negatives/pairs/v10_TypeM_055_04357_containment_orbit_left_44_seed43357_foreground_identity_color_shift/loser_future.mp4,reports/dpo_pair_factory_v11/contact_sheets/v10_TypeM_055_04357_containment_orbit_left_44_seed43357_foreground_identity_color_shift.jpg,True,True,76,832,480,True,True,78.7699,45.0595,2302.3822,2,1,1.0,0.786866,0.213134,35.02474403367936,0.9940741526958969,1.0124998885740946,2.880885899066925,19.6,0.0,103.71459272335737,42.79142161650417,True,True,True,True,"Contact sheet reviewed: prior v10b strict-ready pair retained after v11 audit; failure=foreground_identity_color_shift, reward_margin=0.213, sharpness_ratio=1.012.",,True,TRAINABLE
v10_TypeM_058_prefix5_anchored_29df7c5cf94c4b_reobserve_mismatch_local_patch_drift,TypeM_v10_synthetic_visible,synthetic_controlled,local_patch_drift,prefix5_anchored_29df7c5cf94c4b_reobserve_mismatch,containment,orbit_left_44,local_assets/dpo_prefix5_pairs_20260627_031729/clean_futures/04204_containment_orbit_left_44_seed43204/clean_future_5_80.mp4,local_assets/dpo_pair_factory_v10/synthetic_visible_negatives/pairs/v10_TypeM_058_prefix5_anchored_29df7c5cf94c4b_reobserve_mismatch_local_patch_drift/loser_future.mp4,reports/dpo_pair_factory_v11/contact_sheets/v10_TypeM_058_prefix5_anchored_29df7c5cf94c4b_reobserve_mismatch_local_patch_drift.jpg,True,True,76,832,480,True,True,41.4217,22.4263,1066.394,2,1,1.0,0.816135,0.183865,35.670552765357684,0.9936056987465317,0.9998428040755724,2.469504714012146,26.0,0.0,65.54309645432693,43.41417886671073,True,True,True,True,"Contact sheet reviewed: prior v10b strict-ready pair retained after v11 audit; failure=local_patch_drift, reward_margin=0.184, sharpness_ratio=1.000.",,True,TRAINABLE
v10_TypeM_061_prefix5_anchored_d86ae2fb1d25b2_freeze_foreground_local_patch_freeze,TypeM_v10_synthetic_visible,synthetic_controlled,local_patch_freeze,prefix5_anchored_d86ae2fb1d25b2_freeze_foreground,containment,orbit_left_44,local_assets/dpo_prefix5_pairs_20260627_031729/clean_futures/04204_containment_orbit_left_44_seed43204/clean_future_5_80.mp4,local_assets/dpo_pair_factory_v10/synthetic_visible_negatives/pairs/v10_TypeM_061_prefix5_anchored_d86ae2fb1d25b2_freeze_foreground_local_patch_freeze/loser_future.mp4,reports/dpo_pair_factory_v11/contact_sheets/v10_TypeM_061_prefix5_anchored_d86ae2fb1d25b2_freeze_foreground_local_patch_freeze.jpg,True,True,76,832,480,True,True,41.4257,22.7556,1075.5749,2,1,1.0,0.88,0.12,36.940612421205586,0.9959981086009942,0.9990371599992548,2.258046567440033,15.6,0.0,65.3768573467548,43.55223832656045,True,True,True,True,"Contact sheet reviewed: prior v10b strict-ready pair retained after v11 audit; failure=local_patch_freeze, reward_margin=0.120, sharpness_ratio=0.999.",,True,TRAINABLE
v11_SYN_0034_02228_collision_orbit_right_64_seed41228_local_scene_patch_drift,TypeM_v11_synthetic_visible,synthetic_controlled,local_scene_patch_drift,02228_collision_orbit_right_64_seed41228,collision,orbit_right_64,local_assets/dpo_pair_factory_v10/recovered_conditions/02228_collision_orbit_right_64_seed41228/clean_future_5_80.mp4,local_assets/dpo_pair_factory_v11/synthetic_pairs/pairs/v11_SYN_0034_02228_collision_orbit_right_64_seed41228_local_scene_patch_drift/loser_future.mp4,reports/dpo_pair_factory_v11/contact_sheets/v11_SYN_0034_02228_collision_orbit_right_64_seed41228_local_scene_patch_drift.jpg,True,True,76,832,480,True,True,57.9001,28.9816,2023.2161,2,1,1.0,0.88,0.12,40.26079038528061,0.9989977475538513,0.9846282158583688,1.9855132699012756,6.8,0.0,88.58587865584936,45.15453205755037,True,True,True,True,"Contact sheet reviewed: visible medium-hard local_scene_patch_drift; loser remains readable, reward_margin=0.120, sharpness_ratio=0.985, mean_absdiff=1.99, local_absdiff=5.19.",,True,TRAINABLE
v11_SYN_0194_v6_02200_collision_orbit_right_64_seed41200_object_deformation_visible,TypeM_v11_synthetic_visible,synthetic_controlled,object_deformation_visible,v6_02200_collision_orbit_right_64_seed41200,collision,orbit_right_64,/home/nvme04/workspace/world_model_phys/PHYS/world_model_phys_stageA_v5_broad_lora_work/local_assets/dpo_prefix5_pairs_20260627_031729/clean_futures/02200_collision_orbit_right_64_seed41200/clean_future_5_80.mp4,local_assets/dpo_pair_factory_v11/synthetic_pairs/pairs/v11_SYN_0194_v6_02200_collision_orbit_right_64_seed41200_object_deformation_visible/loser_future.mp4,reports/dpo_pair_factory_v11/contact_sheets/v11_SYN_0194_v6_02200_collision_orbit_right_64_seed41200_object_deformation_visible.jpg,True,True,76,832,480,True,True,60.3989,31.7619,2346.5558,2,1,1.0,0.88,0.12,40.479844198497716,0.9995880564682744,0.9718434677758923,1.9954806864261627,5.6,0.0,101.64856583032854,61.341456077665086,True,True,True,True,"Contact sheet reviewed: visible medium-hard object_deformation_visible; loser remains readable, reward_margin=0.120, sharpness_ratio=0.972, mean_absdiff=2.00, local_absdiff=4.08.",,True,TRAINABLE
v11_SYN_EXTRA_0171_04249_containment_orbit_left_44_seed43249_object_duplicate_or_fragment,TypeM_v11_synthetic_visible,synthetic_controlled,object_duplicate_or_fragment,04249_containment_orbit_left_44_seed43249,containment,orbit_left_44,local_assets/dpo_pair_factory_v10/recovered_conditions/04249_containment_orbit_left_44_seed43249/clean_future_5_80.mp4,local_assets/dpo_pair_factory_v11/synthetic_pairs_extra/pairs/v11_SYN_EXTRA_0171_04249_containment_orbit_left_44_seed43249_object_duplicate_or_fragment/loser_future.mp4,reports/dpo_pair_factory_v11/contact_sheets/v11_SYN_EXTRA_0171_04249_containment_orbit_left_44_seed43249_object_duplicate_or_fragment.jpg,True,True,76,832,480,True,True,63.2445,47.034,1874.5017,2,1,1.0,0.88,0.12,38.06559537437917,0.9991742608492894,0.995726536616613,2.14467915892601,6.8,0.0,99.39106883513622,61.73265626040618,True,True,True,True,"Contact sheet reviewed: visible medium-hard object_duplicate_or_fragment; loser remains readable, reward_margin=0.120, sharpness_ratio=0.996, mean_absdiff=2.14, local_absdiff=4.70.",,True,TRAINABLE
v11_SYN_0460_01101_drop_orbit_left_72_seed40101_object_identity_color_shift,TypeM_v11_synthetic_visible,synthetic_controlled,object_identity_color_shift,01101_drop_orbit_left_72_seed40101,drop,orbit_left_72,local_assets/dpo_pair_factory_v10/recovered_conditions/01101_drop_orbit_left_72_seed40101/clean_future_5_80.mp4,local_assets/dpo_pair_factory_v11/synthetic_pairs/pairs/v11_SYN_0460_01101_drop_orbit_left_72_seed40101_object_identity_color_shift/loser_future.mp4,reports/dpo_pair_factory_v11/contact_sheets/v11_SYN_0460_01101_drop_orbit_left_72_seed40101_object_identity_color_shift.jpg,True,True,76,832,480,True,True,89.5257,61.8628,2844.0673,2,1,1.0,0.646379,0.353621,33.23004807974672,0.9967433871175994,0.9973570723873512,3.1253408789634705,52.8,0.0,101.78897861578525,55.41128517984118,True,True,True,True,"Contact sheet reviewed: visible medium-hard object_identity_color_shift; loser remains readable, reward_margin=0.354, sharpness_ratio=0.997, mean_absdiff=3.13, local_absdiff=24.75.",,True,TRAINABLE
v11_SYN_0484_03409_roll_orbit_right_60_seed42409_partial_freeze_foreground,TypeM_v11_synthetic_visible,synthetic_controlled,partial_freeze_foreground,03409_roll_orbit_right_60_seed42409,roll,orbit_right_60,local_assets/dpo_pair_factory_v10/recovered_conditions/03409_roll_orbit_right_60_seed42409/clean_future_5_80.mp4,local_assets/dpo_pair_factory_v11/synthetic_pairs/pairs/v11_SYN_0484_03409_roll_orbit_right_60_seed42409_partial_freeze_foreground/loser_future.mp4,reports/dpo_pair_factory_v11/contact_sheets/v11_SYN_0484_03409_roll_orbit_right_60_seed42409_partial_freeze_foreground.jpg,True,True,76,832,480,True,True,46.5648,21.9583,1538.5621,2,1,1.0,0.88,0.12,40.02053660105908,0.998986300502055,1.000242556709234,2.088085502386093,7.2,0.0,72.66451697716346,45.30705289545201,True,True,True,True,"Contact sheet reviewed: visible medium-hard partial_freeze_foreground; loser remains readable, reward_margin=0.120, sharpness_ratio=1.000, mean_absdiff=2.09, local_absdiff=5.39.",,True,TRAINABLE
v11_SYN_EXTRA_0178_04260_containment_orbit_left_44_seed43260_reobserve_mismatch_visible,TypeM_v11_synthetic_visible,synthetic_controlled,reobserve_mismatch_visible,04260_containment_orbit_left_44_seed43260,containment,orbit_left_44,local_assets/dpo_pair_factory_v10/recovered_conditions/04260_containment_orbit_left_44_seed43260/clean_future_5_80.mp4,local_assets/dpo_pair_factory_v11/synthetic_pairs_extra/pairs/v11_SYN_EXTRA_0178_04260_containment_orbit_left_44_seed43260_reobserve_mismatch_visible/loser_future.mp4,reports/dpo_pair_factory_v11/contact_sheets/v11_SYN_EXTRA_0178_04260_containment_orbit_left_44_seed43260_reobserve_mismatch_visible.jpg,True,True,76,832,480,True,True,57.9047,25.6031,1524.1984,2,1,1.0,0.878666,0.121334,37.41078927593084,0.9990514135778937,0.988415988560605,2.4062188863754272,20.4,0.0,78.92347318209134,39.82008739126404,True,True,True,True,"Contact sheet reviewed: visible medium-hard reobserve_mismatch_visible; loser remains readable, reward_margin=0.121, sharpness_ratio=0.988, mean_absdiff=2.41, local_absdiff=8.49.",,True,TRAINABLE
v11_SYN_0577_03533_roll_orbit_right_60_seed42533_roll_event_fragment_synthetic,TypeM_v11_synthetic_visible,synthetic_controlled,roll_event_fragment_synthetic,03533_roll_orbit_right_60_seed42533,roll,orbit_right_60,local_assets/dpo_pair_factory_v10/recovered_conditions/03533_roll_orbit_right_60_seed42533/clean_future_5_80.mp4,local_assets/dpo_pair_factory_v11/synthetic_pairs/pairs/v11_SYN_0577_03533_roll_orbit_right_60_seed42533_roll_event_fragment_synthetic/loser_future.mp4,reports/dpo_pair_factory_v11/contact_sheets/v11_SYN_0577_03533_roll_orbit_right_60_seed42533_roll_event_fragment_synthetic.jpg,True,True,76,832,480,True,True,68.7757,46.7158,2257.1266,2,1,1.0,0.88,0.12,39.702441659089,0.9990939925123763,0.9897020304331006,2.1338436603546143,8.4,0.0,93.28993076422276,50.95411391511462,True,True,True,True,"Contact sheet reviewed: visible medium-hard roll_event_fragment_synthetic; loser remains readable, reward_margin=0.120, sharpness_ratio=0.990, mean_absdiff=2.13, local_absdiff=6.09.",,True,TRAINABLE
v11_SYN_0506_03435_roll_orbit_right_60_seed42435_wrong_camera_motion_visible,TypeM_v11_synthetic_visible,synthetic_controlled,wrong_camera_motion_visible,03435_roll_orbit_right_60_seed42435,roll,orbit_right_60,local_assets/dpo_pair_factory_v10/recovered_conditions/03435_roll_orbit_right_60_seed42435/clean_future_5_80.mp4,local_assets/dpo_pair_factory_v11/synthetic_pairs/pairs/v11_SYN_0506_03435_roll_orbit_right_60_seed42435_wrong_camera_motion_visible/loser_future.mp4,reports/dpo_pair_factory_v11/contact_sheets/v11_SYN_0506_03435_roll_orbit_right_60_seed42435_wrong_camera_motion_visible.jpg,True,True,76,832,480,True,True,69.7986,49.7248,2389.1554,2,1,1.0,0.88,0.12,39.28740199365059,0.9985984814009796,0.9774666009634517,2.1068420112133026,8.8,0.0,88.76377892127404,50.32081371693647,True,True,True,True,"Contact sheet reviewed: visible medium-hard wrong_camera_motion_visible; loser remains readable, reward_margin=0.120, sharpness_ratio=0.977, mean_absdiff=2.11, local_absdiff=6.22.",,True,TRAINABLE
v11_SYN_0509_03435_roll_orbit_right_60_seed42435_background_drift_visible,TypeM_v11_synthetic_visible,synthetic_controlled,background_drift_visible,03435_roll_orbit_right_60_seed42435,roll,orbit_right_60,local_assets/dpo_pair_factory_v10/recovered_conditions/03435_roll_orbit_right_60_seed42435/clean_future_5_80.mp4,local_assets/dpo_pair_factory_v11/synthetic_pairs/pairs/v11_SYN_0509_03435_roll_orbit_right_60_seed42435_background_drift_visible/loser_future.mp4,reports/dpo_pair_factory_v11/contact_sheets/v11_SYN_0509_03435_roll_orbit_right_60_seed42435_background_drift_visible.jpg,True,True,76,832,480,True,True,69.5755,49.6751,2372.5293,2,1,1.0,0.88,0.12,39.4618718281586,0.9976556873720626,0.9899188222160141,2.086923211812973,7.6,0.0,88.77193384415065,50.299352247443466,True,True,True,True,"Contact sheet reviewed: visible medium-hard background_drift_visible; loser remains readable, reward_margin=0.120, sharpness_ratio=0.990, mean_absdiff=2.09, local_absdiff=5.33.",,True,TRAINABLE
v11_SYN_0073_02288_collision_orbit_right_64_seed41288_collision_response_failure_synthetic,TypeM_v11_synthetic_visible,synthetic_controlled,collision_response_failure_synthetic,02288_collision_orbit_right_64_seed41288,collision,orbit_right_64,local_assets/dpo_pair_factory_v10/recovered_conditions/02288_collision_orbit_right_64_seed41288/clean_future_5_80.mp4,local_assets/dpo_pair_factory_v11/synthetic_pairs/pairs/v11_SYN_0073_02288_collision_orbit_right_64_seed41288_collision_response_failure_synthetic/loser_future.mp4,reports/dpo_pair_factory_v11/contact_sheets/v11_SYN_0073_02288_collision_orbit_right_64_seed41288_collision_response_failure_synthetic.jpg,True,True,76,832,480,True,True,52.2772,22.673,2020.6673,2,1,1.0,0.88,0.12,39.81026709150812,0.9983052243274183,0.9835014819335361,2.1520988047122955,8.4,0.0,76.09156462840545,42.42487947542312,True,True,True,True,"Contact sheet reviewed: visible medium-hard collision_response_failure_synthetic; loser remains readable, reward_margin=0.120, sharpness_ratio=0.984, mean_absdiff=2.15, local_absdiff=4.82.",,True,TRAINABLE
v11_SYN_0277_04279_containment_orbit_left_44_seed43279_containment_failure_synthetic,TypeM_v11_synthetic_visible,synthetic_controlled,containment_failure_synthetic,04279_containment_orbit_left_44_seed43279,containment,orbit_left_44,local_assets/dpo_pair_factory_v10/recovered_conditions/04279_containment_orbit_left_44_seed43279/clean_future_5_80.mp4,local_assets/dpo_pair_factory_v11/synthetic_pairs/pairs/v11_SYN_0277_04279_containment_orbit_left_44_seed43279_containment_failure_synthetic/loser_future.mp4,reports/dpo_pair_factory_v11/contact_sheets/v11_SYN_0277_04279_containment_orbit_left_44_seed43279_containment_failure_synthetic.jpg,True,True,76,832,480,True,True,56.1268,30.6394,1332.0202,2,1,1.0,0.729644,0.270356,34.2422674739915,0.9954203803620876,0.9880216791670142,2.767609268426895,34.4,0.0,93.03252641726763,56.90820310084182,True,True,True,True,"Contact sheet reviewed: visible medium-hard containment_failure_synthetic; loser remains readable, reward_margin=0.270, sharpness_ratio=0.988, mean_absdiff=2.77, local_absdiff=18.92.",,True,TRAINABLE
v11_SYN_0463_01102_drop_orbit_left_72_seed40102_drop_motion_failure_synthetic,TypeM_v11_synthetic_visible,synthetic_controlled,drop_motion_failure_synthetic,01102_drop_orbit_left_72_seed40102,drop,orbit_left_72,local_assets/dpo_pair_factory_v10/recovered_conditions/01102_drop_orbit_left_72_seed40102/clean_future_5_80.mp4,local_assets/dpo_pair_factory_v11/synthetic_pairs/pairs/v11_SYN_0463_01102_drop_orbit_left_72_seed40102_drop_motion_failure_synthetic/loser_future.mp4,reports/dpo_pair_factory_v11/contact_sheets/v11_SYN_0463_01102_drop_orbit_left_72_seed40102_drop_motion_failure_synthetic.jpg,True,True,76,832,480,True,True,103.113,59.3697,1810.6331,2,1,1.0,0.861431,0.138569,36.86496541567931,0.9935470493988685,0.9836949674586667,2.134477436542511,24.4,0.0,129.93743739983975,43.242364736588854,True,True,True,True,"Contact sheet reviewed: visible medium-hard drop_motion_failure_synthetic; loser remains readable, reward_margin=0.139, sharpness_ratio=0.984, mean_absdiff=2.13, local_absdiff=9.70.",,True,TRAINABLE
v10_TypeM_023_prefix5_anchored_1128e39109fc83_object_deformation_foreground_identity_color_shift,TypeM_v10_synthetic_visible,synthetic_controlled,foreground_identity_color_shift,prefix5_anchored_1128e39109fc83_object_deformation,collision,orbit_right_64,local_assets/dpo_prefix5_pairs_20260627_031729/clean_futures/02200_collision_orbit_right_64_seed41200/clean_future_5_80.mp4,local_assets/dpo_pair_factory_v10/synthetic_visible_negatives/pairs/v10_TypeM_023_prefix5_anchored_1128e39109fc83_object_deformation_foreground_identity_color_shift/loser_future.mp4,reports/dpo_pair_factory_v11/contact_sheets/v10_TypeM_023_prefix5_anchored_1128e39109fc83_object_deformation_foreground_identity_color_shift.jpg,True,True,76,832,480,True,True,60.1887,31.9237,2397.0034,2,1,1.0,0.70887,0.29113,34.32715778121349,0.9968728020143922,1.0403694791422584,3.084619551897049,24.4,0.0,101.04055676582531,61.672599770577534,True,True,True,True,"Contact sheet reviewed: prior v10b strict-ready pair retained after v11 audit; failure=foreground_identity_color_shift, reward_margin=0.291, sharpness_ratio=1.040.",,True,TRAINABLE
v10_TypeM_026_prefix5_anchored_525c18bc4422f0_background_drift_local_patch_drift,TypeM_v10_synthetic_visible,synthetic_controlled,local_patch_drift,prefix5_anchored_525c18bc4422f0_background_drift,collision,orbit_right_64,local_assets/dpo_prefix5_pairs_20260627_031729/clean_futures/02200_collision_orbit_right_64_seed41200/clean_future_5_80.mp4,local_assets/dpo_pair_factory_v10/synthetic_visible_negatives/pairs/v10_TypeM_026_prefix5_anchored_525c18bc4422f0_background_drift_local_patch_drift/loser_future.mp4,reports/dpo_pair_factory_v11/contact_sheets/v10_TypeM_026_prefix5_anchored_525c18bc4422f0_background_drift_local_patch_drift.jpg,True,True,76,832,480,True,True,60.0441,32.06,2357.8847,2,1,1.0,0.852339,0.147661,34.837282896962634,0.993483603756534,1.0256091403259096,2.451406627893448,20.4,0.0,101.94928135016026,61.519618307968045,True,True,True,True,"Contact sheet reviewed: prior v10b strict-ready pair retained after v11 audit; failure=local_patch_drift, reward_margin=0.148, sharpness_ratio=1.026.",,True,TRAINABLE
v11_SYN_EXTRA_0024_02228_collision_orbit_right_64_seed41228_local_scene_patch_drift,TypeM_v11_synthetic_visible,synthetic_controlled,local_scene_patch_drift,02228_collision_orbit_right_64_seed41228,collision,orbit_right_64,local_assets/dpo_pair_factory_v10/recovered_conditions/02228_collision_orbit_right_64_seed41228/clean_future_5_80.mp4,local_assets/dpo_pair_factory_v11/synthetic_pairs_extra/pairs/v11_SYN_EXTRA_0024_02228_collision_orbit_right_64_seed41228_local_scene_patch_drift/loser_future.mp4,reports/dpo_pair_factory_v11/contact_sheets/v11_SYN_EXTRA_0024_02228_collision_orbit_right_64_seed41228_local_scene_patch_drift.jpg,True,True,76,832,480,True,True,57.897,28.9895,2022.2187,2,1,1.0,0.88,0.12,39.5192742652744,0.9985073077733182,0.9618414122383083,2.092770516872406,7.6,0.0,88.5829840244391,45.14180759264274,True,True,True,True,"Contact sheet reviewed: visible medium-hard local_scene_patch_drift; loser remains readable, reward_margin=0.120, sharpness_ratio=0.962, mean_absdiff=2.09, local_absdiff=5.42.",,True,TRAINABLE
v11_SYN_0212_v6_02226_collision_orbit_right_64_seed41226_object_deformation_visible,TypeM_v11_synthetic_visible,synthetic_controlled,object_deformation_visible,v6_02226_collision_orbit_right_64_seed41226,collision,orbit_right_64,/home/nvme04/workspace/world_model_phys/PHYS/world_model_phys_stageA_v5_broad_lora_work/local_assets/dpo_prefix5_pairs_20260627_031729/clean_futures/02226_collision_orbit_right_64_seed41226/clean_future_5_80.mp4,local_assets/dpo_pair_factory_v11/synthetic_pairs/pairs/v11_SYN_0212_v6_02226_collision_orbit_right_64_seed41226_object_deformation_visible/loser_future.mp4,reports/dpo_pair_factory_v11/contact_sheets/v11_SYN_0212_v6_02226_collision_orbit_right_64_seed41226_object_deformation_visible.jpg,True,True,76,832,480,True,True,62.8801,35.603,2182.9206,2,1,1.0,0.88,0.12,40.46349663274847,0.9995361756944164,0.9719533032214599,2.024067461490631,5.6,0.0,101.84749411558492,57.567004613539105,True,True,True,True,"Contact sheet reviewed: visible medium-hard object_deformation_visible; loser remains readable, reward_margin=0.120, sharpness_ratio=0.972, mean_absdiff=2.02, local_absdiff=4.30.",,True,TRAINABLE
v11_SYN_0267_04260_containment_orbit_left_44_seed43260_object_duplicate_or_fragment,TypeM_v11_synthetic_visible,synthetic_controlled,object_duplicate_or_fragment,04260_containment_orbit_left_44_seed43260,containment,orbit_left_44,local_assets/dpo_pair_factory_v10/recovered_conditions/04260_containment_orbit_left_44_seed43260/clean_future_5_80.mp4,local_assets/dpo_pair_factory_v11/synthetic_pairs/pairs/v11_SYN_0267_04260_containment_orbit_left_44_seed43260_object_duplicate_or_fragment/loser_future.mp4,reports/dpo_pair_factory_v11/contact_sheets/v11_SYN_0267_04260_containment_orbit_left_44_seed43260_object_duplicate_or_fragment.jpg,True,True,76,832,480,True,True,58.0887,25.7259,1536.8635,2,1,1.0,0.88,0.12,37.607229365405715,0.9989146788019101,0.9909756932494685,2.174082934856415,7.6,0.0,78.90513321314103,39.83534370342044,True,True,True,True,"Contact sheet reviewed: visible medium-hard object_duplicate_or_fragment; loser remains readable, reward_margin=0.120, sharpness_ratio=0.991, mean_absdiff=2.17, local_absdiff=5.38.",,True,TRAINABLE
v11_SYN_0466_01102_drop_orbit_left_72_seed40102_object_identity_color_shift,TypeM_v11_synthetic_visible,synthetic_controlled,object_identity_color_shift,01102_drop_orbit_left_72_seed40102,drop,orbit_left_72,local_assets/dpo_pair_factory_v10/recovered_conditions/01102_drop_orbit_left_72_seed40102/clean_future_5_80.mp4,local_assets/dpo_pair_factory_v11/synthetic_pairs/pairs/v11_SYN_0466_01102_drop_orbit_left_72_seed40102_object_identity_color_shift/loser_future.mp4,reports/dpo_pair_factory_v11/contact_sheets/v11_SYN_0466_01102_drop_orbit_left_72_seed40102_object_identity_color_shift.jpg,True,True,76,832,480,True,True,102.6006,59.3676,1798.7021,2,1,1.0,0.677233,0.322767,33.27760557479443,0.9933957166582403,0.996117271675746,2.9421831369400024,54.4,0.0,129.17879169170675,43.17172983881528,True,True,True,True,"Contact sheet reviewed: visible medium-hard object_identity_color_shift; loser remains readable, reward_margin=0.323, sharpness_ratio=0.996, mean_absdiff=2.94, local_absdiff=22.59.",,True,TRAINABLE
v11_SYN_0490_03410_roll_orbit_right_60_seed42410_partial_freeze_foreground,TypeM_v11_synthetic_visible,synthetic_controlled,partial_freeze_foreground,03410_roll_orbit_right_60_seed42410,roll,orbit_right_60,local_assets/dpo_pair_factory_v10/recovered_conditions/03410_roll_orbit_right_60_seed42410/clean_future_5_80.mp4,local_assets/dpo_pair_factory_v11/synthetic_pairs/pairs/v11_SYN_0490_03410_roll_orbit_right_60_seed42410_partial_freeze_foreground/loser_future.mp4,reports/dpo_pair_factory_v11/contact_sheets/v11_SYN_0490_03410_roll_orbit_right_60_seed42410_partial_freeze_foreground.jpg,True,True,76,832,480,True,True,71.7923,37.9704,1840.4938,2,1,1.0,0.857249,0.142751,36.763545450548165,0.9963955295897647,0.9897677857547927,2.386092722415924,14.0,0.0,103.57256986177885,46.609535574406266,True,True,True,True,"Contact sheet reviewed: visible medium-hard partial_freeze_foreground; loser remains readable, reward_margin=0.143, sharpness_ratio=0.990, mean_absdiff=2.39, local_absdiff=9.99.",,True,TRAINABLE
v11_SYN_0272_04267_containment_orbit_left_44_seed43267_reobserve_mismatch_visible,TypeM_v11_synthetic_visible,synthetic_controlled,reobserve_mismatch_visible,04267_containment_orbit_left_44_seed43267,containment,orbit_left_44,local_assets/dpo_pair_factory_v10/recovered_conditions/04267_containment_orbit_left_44_seed43267/clean_future_5_80.mp4,local_assets/dpo_pair_factory_v11/synthetic_pairs/pairs/v11_SYN_0272_04267_containment_orbit_left_44_seed43267_reobserve_mismatch_visible/loser_future.mp4,reports/dpo_pair_factory_v11/contact_sheets/v11_SYN_0272_04267_containment_orbit_left_44_seed43267_reobserve_mismatch_visible.jpg,True,True,76,832,480,True,True,80.4138,44.0115,2926.3916,2,1,1.0,0.867388,0.132612,38.27400635302134,0.9931637142717167,0.9980471712931587,2.35855770111084,19.2,0.0,106.90674579326924,45.97741505394495,True,True,True,True,"Contact sheet reviewed: visible medium-hard reobserve_mismatch_visible; loser remains readable, reward_margin=0.133, sharpness_ratio=0.998, mean_absdiff=2.36, local_absdiff=9.28.",,True,TRAINABLE
v11_SYN_0583_03536_roll_orbit_right_60_seed42536_roll_event_fragment_synthetic,TypeM_v11_synthetic_visible,synthetic_controlled,roll_event_fragment_synthetic,03536_roll_orbit_right_60_seed42536,roll,orbit_right_60,local_assets/dpo_pair_factory_v10/recovered_conditions/03536_roll_orbit_right_60_seed42536/clean_future_5_80.mp4,local_assets/dpo_pair_factory_v11/synthetic_pairs/pairs/v11_SYN_0583_03536_roll_orbit_right_60_seed42536_roll_event_fragment_synthetic/loser_future.mp4,reports/dpo_pair_factory_v11/contact_sheets/v11_SYN_0583_03536_roll_orbit_right_60_seed42536_roll_event_fragment_synthetic.jpg,True,True,76,832,480,True,True,80.34,49.7382,2015.2355,2,1,1.0,0.88,0.12,38.677306739031046,0.9951271117144435,0.9909591642335928,2.217230498790741,11.2,0.0,110.39358473557692,48.01957339470554,True,True,True,True,"Contact sheet reviewed: visible medium-hard roll_event_fragment_synthetic; loser remains readable, reward_margin=0.120, sharpness_ratio=0.991, mean_absdiff=2.22, local_absdiff=6.98.",,True,TRAINABLE
v11_SYN_0512_03437_roll_orbit_right_60_seed42437_wrong_camera_motion_visible,TypeM_v11_synthetic_visible,synthetic_controlled,wrong_camera_motion_visible,03437_roll_orbit_right_60_seed42437,roll,orbit_right_60,local_assets/dpo_pair_factory_v10/recovered_conditions/03437_roll_orbit_right_60_seed42437/clean_future_5_80.mp4,local_assets/dpo_pair_factory_v11/synthetic_pairs/pairs/v11_SYN_0512_03437_roll_orbit_right_60_seed42437_wrong_camera_motion_visible/loser_future.mp4,reports/dpo_pair_factory_v11/contact_sheets/v11_SYN_0512_03437_roll_orbit_right_60_seed42437_wrong_camera_motion_visible.jpg,True,True,76,832,480,True,True,75.076,48.084,2225.1084,2,1,1.0,0.88,0.12,39.15268271246518,0.9985778205985143,0.9701738626359643,2.0779169499874115,9.2,0.0,105.37262870592949,49.712398209916984,True,True,True,True,"Contact sheet reviewed: visible medium-hard wrong_camera_motion_visible; loser remains readable, reward_margin=0.120, sharpness_ratio=0.970, mean_absdiff=2.08, local_absdiff=6.68.",,True,TRAINABLE
v11_SYN_0515_03437_roll_orbit_right_60_seed42437_background_drift_visible,TypeM_v11_synthetic_visible,synthetic_controlled,background_drift_visible,03437_roll_orbit_right_60_seed42437,roll,orbit_right_60,local_assets/dpo_pair_factory_v10/recovered_conditions/03437_roll_orbit_right_60_seed42437/clean_future_5_80.mp4,local_assets/dpo_pair_factory_v11/synthetic_pairs/pairs/v11_SYN_0515_03437_roll_orbit_right_60_seed42437_background_drift_visible/loser_future.mp4,reports/dpo_pair_factory_v11/contact_sheets/v11_SYN_0515_03437_roll_orbit_right_60_seed42437_background_drift_visible.jpg,True,True,76,832,480,True,True,74.8117,48.0089,2209.9623,2,1,1.0,0.88,0.12,39.21314313772555,0.9972957790506125,0.992513587151445,2.0562962889671326,7.2,0.0,105.33501539963943,49.67977507072991,True,True,True,True,"Contact sheet reviewed: visible medium-hard background_drift_visible; loser remains readable, reward_margin=0.120, sharpness_ratio=0.993, mean_absdiff=2.06, local_absdiff=5.50.",,True,TRAINABLE
v11_SYN_EXTRA_0049_02288_collision_orbit_right_64_seed41288_collision_response_failure_synthetic,TypeM_v11_synthetic_visible,synthetic_controlled,collision_response_failure_synthetic,02288_collision_orbit_right_64_seed41288,collision,orbit_right_64,local_assets/dpo_pair_factory_v10/recovered_conditions/02288_collision_orbit_right_64_seed41288/clean_future_5_80.mp4,local_assets/dpo_pair_factory_v11/synthetic_pairs_extra/pairs/v11_SYN_EXTRA_0049_02288_collision_orbit_right_64_seed41288_collision_response_failure_synthetic/loser_future.mp4,reports/dpo_pair_factory_v11/contact_sheets/v11_SYN_EXTRA_0049_02288_collision_orbit_right_64_seed41288_collision_response_failure_synthetic.jpg,True,True,76,832,480,True,True,52.176,22.5899,2037.6208,2,1,1.0,0.873119,0.126881,38.58078470099212,0.9975557932074791,0.9897929150034857,2.185351401567459,16.0,0.0,76.0868639823718,42.435526541687835,True,True,True,True,"Contact sheet reviewed: visible medium-hard collision_response_failure_synthetic; loser remains readable, reward_margin=0.127, sharpness_ratio=0.990, mean_absdiff=2.19, local_absdiff=8.88.",,True,TRAINABLE
v11_SYN_EXTRA_0185_04279_containment_orbit_left_44_seed43279_containment_failure_synthetic,TypeM_v11_synthetic_visible,synthetic_controlled,containment_failure_synthetic,04279_containment_orbit_left_44_seed43279,containment,orbit_left_44,local_assets/dpo_pair_factory_v10/recovered_conditions/04279_containment_orbit_left_44_seed43279/clean_future_5_80.mp4,local_assets/dpo_pair_factory_v11/synthetic_pairs_extra/pairs/v11_SYN_EXTRA_0185_04279_containment_orbit_left_44_seed43279_containment_failure_synthetic/loser_future.mp4,reports/dpo_pair_factory_v11/contact_sheets/v11_SYN_EXTRA_0185_04279_containment_orbit_left_44_seed43279_containment_failure_synthetic.jpg,True,True,76,832,480,True,True,56.091,30.6877,1327.635,2,1,1.0,0.836393,0.163607,35.639661167960796,0.9992909338174654,0.9912394382262345,2.4011259973049164,27.2,0.0,92.84324732071315,57.06508618371753,True,True,True,True,"Contact sheet reviewed: visible medium-hard containment_failure_synthetic; loser remains readable, reward_margin=0.164, sharpness_ratio=0.991, mean_absdiff=2.40, local_absdiff=11.45.",,True,TRAINABLE
v11_SYN_0469_01108_drop_orbit_left_72_seed40108_drop_motion_failure_synthetic,TypeM_v11_synthetic_visible,synthetic_controlled,drop_motion_failure_synthetic,01108_drop_orbit_left_72_seed40108,drop,orbit_left_72,local_assets/dpo_pair_factory_v10/recovered_conditions/01108_drop_orbit_left_72_seed40108/clean_future_5_80.mp4,local_assets/dpo_pair_factory_v11/synthetic_pairs/pairs/v11_SYN_0469_01108_drop_orbit_left_72_seed40108_drop_motion_failure_synthetic/loser_future.mp4,reports/dpo_pair_factory_v11/contact_sheets/v11_SYN_0469_01108_drop_orbit_left_72_seed40108_drop_motion_failure_synthetic.jpg,True,True,76,832,480,True,True,92.2104,63.2035,3161.0019,2,1,1.0,0.88,0.12,38.05025883202218,0.9941860521824623,0.9894359767080476,2.316848188638687,13.2,0.0,104.37636343149039,56.400760119444364,True,True,True,True,"Contact sheet reviewed: visible medium-hard drop_motion_failure_synthetic; loser remains readable, reward_margin=0.120, sharpness_ratio=0.989, mean_absdiff=2.32, local_absdiff=7.75.",,True,TRAINABLE
v10_TypeM_027_prefix5_anchored_7f708dfe212ad6_freeze_foreground_foreground_identity_color_shift,TypeM_v10_synthetic_visible,synthetic_controlled,foreground_identity_color_shift,prefix5_anchored_7f708dfe212ad6_freeze_foreground,collision,orbit_right_64,local_assets/dpo_prefix5_pairs_20260627_031729/clean_futures/02200_collision_orbit_right_64_seed41200/clean_future_5_80.mp4,local_assets/dpo_pair_factory_v10/synthetic_visible_negatives/pairs/v10_TypeM_027_prefix5_anchored_7f708dfe212ad6_freeze_foreground_foreground_identity_color_shift/loser_future.mp4,reports/dpo_pair_factory_v11/contact_sheets/v10_TypeM_027_prefix5_anchored_7f708dfe212ad6_freeze_foreground_foreground_identity_color_shift.jpg,True,True,76,832,480,True,True,60.2419,31.8256,2401.2812,2,1,1.0,0.762273,0.237727,34.55337659179032,0.9963207558723473,1.044832442329644,3.063401013612747,21.6,0.0,100.89474659455128,61.33410811661577,True,True,True,True,"Contact sheet reviewed: prior v10b strict-ready pair retained after v11 audit; failure=foreground_identity_color_shift, reward_margin=0.238, sharpness_ratio=1.045.",,True,TRAINABLE
v10_TypeM_062_prefix5_anchored_dc458b2cf487d8_wrong_camera_motion_local_patch_drift,TypeM_v10_synthetic_visible,synthetic_controlled,local_patch_drift,prefix5_anchored_dc458b2cf487d8_wrong_camera_motion,containment,orbit_left_44,local_assets/dpo_prefix5_pairs_20260627_031729/clean_futures/04204_containment_orbit_left_44_seed43204/clean_future_5_80.mp4,local_assets/dpo_pair_factory_v10/synthetic_visible_negatives/pairs/v10_TypeM_062_prefix5_anchored_dc458b2cf487d8_wrong_camera_motion_local_patch_drift/loser_future.mp4,reports/dpo_pair_factory_v11/contact_sheets/v10_TypeM_062_prefix5_anchored_dc458b2cf487d8_wrong_camera_motion_local_patch_drift.jpg,True,True,76,832,480,True,True,41.2786,22.5617,1067.5325,2,1,1.0,0.88,0.12,37.468235268225925,0.9976780230223123,0.9961469094760008,2.180745840072632,15.2,0.0,65.34429900340545,43.55461979154845,True,True,True,True,"Contact sheet reviewed: prior v10b strict-ready pair retained after v11 audit; failure=local_patch_drift, reward_margin=0.120, sharpness_ratio=0.996.",,True,TRAINABLE
v11_SYN_EXTRA_0028_02239_collision_strafe_left_180_seed41239_local_scene_patch_drift,TypeM_v11_synthetic_visible,synthetic_controlled,local_scene_patch_drift,02239_collision_strafe_left_180_seed41239,collision,strafe_left_180,local_assets/dpo_pair_factory_v10/recovered_conditions/02239_collision_strafe_left_180_seed41239/clean_future_5_80.mp4,local_assets/dpo_pair_factory_v11/synthetic_pairs_extra/pairs/v11_SYN_EXTRA_0028_02239_collision_strafe_left_180_seed41239_local_scene_patch_drift/loser_future.mp4,reports/dpo_pair_factory_v11/contact_sheets/v11_SYN_EXTRA_0028_02239_collision_strafe_left_180_seed41239_local_scene_patch_drift.jpg,True,True,76,832,480,True,True,53.3238,22.4662,1879.3035,2,1,1.0,0.88,0.12,40.11102088787855,0.9990550271078666,0.978915004424364,2.0489030182361603,8.0,0.0,84.34710536858975,47.27232404891804,True,True,True,True,"Contact sheet reviewed: visible medium-hard local_scene_patch_drift; loser remains readable, reward_margin=0.120, sharpness_ratio=0.979, mean_absdiff=2.05, local_absdiff=5.71.",,True,TRAINABLE
v11_SYN_EXTRA_0187_04279_containment_orbit_left_44_seed43279_object_duplicate_or_fragment,TypeM_v11_synthetic_visible,synthetic_controlled,object_duplicate_or_fragment,04279_containment_orbit_left_44_seed43279,containment,orbit_left_44,local_assets/dpo_pair_factory_v10/recovered_conditions/04279_containment_orbit_left_44_seed43279/clean_future_5_80.mp4,local_assets/dpo_pair_factory_v11/synthetic_pairs_extra/pairs/v11_SYN_EXTRA_0187_04279_containment_orbit_left_44_seed43279_object_duplicate_or_fragment/loser_future.mp4,reports/dpo_pair_factory_v11/contact_sheets/v11_SYN_EXTRA_0187_04279_containment_orbit_left_44_seed43279_object_duplicate_or_fragment.jpg,True,True,76,832,480,True,True,56.1618,30.7878,1347.2219,2,1,1.0,0.88,0.12,35.59966914608797,0.9986710313811461,0.9922167460168468,2.3013069331645966,5.7958,0.0,92.92392139923878,57.044449762124245,True,True,True,True,"Contact sheet reviewed: visible medium-hard object_duplicate_or_fragment; loser remains readable, reward_margin=0.120, sharpness_ratio=0.992, mean_absdiff=2.30, local_absdiff=5.80.",,True,TRAINABLE
v11_SYN_0496_03413_roll_orbit_right_60_seed42413_partial_freeze_foreground,TypeM_v11_synthetic_visible,synthetic_controlled,partial_freeze_foreground,03413_roll_orbit_right_60_seed42413,roll,orbit_right_60,local_assets/dpo_pair_factory_v10/recovered_conditions/03413_roll_orbit_right_60_seed42413/clean_future_5_80.mp4,local_assets/dpo_pair_factory_v11/synthetic_pairs/pairs/v11_SYN_0496_03413_roll_orbit_right_60_seed42413_partial_freeze_foreground/loser_future.mp4,reports/dpo_pair_factory_v11/contact_sheets/v11_SYN_0496_03413_roll_orbit_right_60_seed42413_partial_freeze_foreground.jpg,True,True,76,832,480,True,True,48.7339,23.44,1691.7618,2,1,1.0,0.88,0.12,39.462946612785146,0.998080890205158,0.9961268261215299,2.10797318816185,9.2,0.0,73.63553498096955,41.06515989341421,True,True,True,True,"Contact sheet reviewed: visible medium-hard partial_freeze_foreground; loser remains readable, reward_margin=0.120, sharpness_ratio=0.996, mean_absdiff=2.11, local_absdiff=6.30.",,True,TRAINABLE
v11_SYN_0278_04279_containment_orbit_left_44_seed43279_reobserve_mismatch_visible,TypeM_v11_synthetic_visible,synthetic_controlled,reobserve_mismatch_visible,04279_containment_orbit_left_44_seed43279,containment,orbit_left_44,local_assets/dpo_pair_factory_v10/recovered_conditions/04279_containment_orbit_left_44_seed43279/clean_future_5_80.mp4,local_assets/dpo_pair_factory_v11/synthetic_pairs/pairs/v11_SYN_0278_04279_containment_orbit_left_44_seed43279_reobserve_mismatch_visible/loser_future.mp4,reports/dpo_pair_factory_v11/contact_sheets/v11_SYN_0278_04279_containment_orbit_left_44_seed43279_reobserve_mismatch_visible.jpg,True,True,76,832,480,True,True,56.0434,30.66,1312.1384,2,1,1.0,0.88,0.12,38.34130701058852,0.9995194911776302,0.9894792980348948,2.1743237674236298,8.4,0.0,92.92066180889422,57.00258034411502,True,True,True,True,"Contact sheet reviewed: visible medium-hard reobserve_mismatch_visible; loser remains readable, reward_margin=0.120, sharpness_ratio=0.989, mean_absdiff=2.17, local_absdiff=5.99.",,True,TRAINABLE
v11_SYN_0595_03544_roll_orbit_right_60_seed42544_roll_event_fragment_synthetic,TypeM_v11_synthetic_visible,synthetic_controlled,roll_event_fragment_synthetic,03544_roll_orbit_right_60_seed42544,roll,orbit_right_60,local_assets/dpo_pair_factory_v10/recovered_conditions/03544_roll_orbit_right_60_seed42544/clean_future_5_80.mp4,local_assets/dpo_pair_factory_v11/synthetic_pairs/pairs/v11_SYN_0595_03544_roll_orbit_right_60_seed42544_roll_event_fragment_synthetic/loser_future.mp4,reports/dpo_pair_factory_v11/contact_sheets/v11_SYN_0595_03544_roll_orbit_right_60_seed42544_roll_event_fragment_synthetic.jpg,True,True,76,832,480,True,True,70.574,37.7499,2088.0022,2,1,1.0,0.88,0.12,39.843579206291125,0.9990662445256439,0.9801953854220212,2.1281343400478363,7.6,0.0,100.82662697816507,46.612503002337704,True,True,True,True,"Contact sheet reviewed: visible medium-hard roll_event_fragment_synthetic; loser remains readable, reward_margin=0.120, sharpness_ratio=0.980, mean_absdiff=2.13, local_absdiff=5.45.",,True,TRAINABLE
v11_SYN_0518_03440_roll_orbit_right_60_seed42440_wrong_camera_motion_visible,TypeM_v11_synthetic_visible,synthetic_controlled,wrong_camera_motion_visible,03440_roll_orbit_right_60_seed42440,roll,orbit_right_60,local_assets/dpo_pair_factory_v10/recovered_conditions/03440_roll_orbit_right_60_seed42440/clean_future_5_80.mp4,local_assets/dpo_pair_factory_v11/synthetic_pairs/pairs/v11_SYN_0518_03440_roll_orbit_right_60_seed42440_wrong_camera_motion_visible/loser_future.mp4,reports/dpo_pair_factory_v11/contact_sheets/v11_SYN_0518_03440_roll_orbit_right_60_seed42440_wrong_camera_motion_visible.jpg,True,True,76,832,480,True,True,71.4402,41.685,2046.3408,2,1,1.0,0.88,0.12,38.716371475189746,0.9979479355311502,0.963084907100707,2.086788445711136,10.4,0.0,102.64927947215546,46.398549879742404,True,True,True,True,"Contact sheet reviewed: visible medium-hard wrong_camera_motion_visible; loser remains readable, reward_margin=0.120, sharpness_ratio=0.963, mean_absdiff=2.09, local_absdiff=7.57.",,True,TRAINABLE
v11_SYN_0521_03440_roll_orbit_right_60_seed42440_background_drift_visible,TypeM_v11_synthetic_visible,synthetic_controlled,background_drift_visible,03440_roll_orbit_right_60_seed42440,roll,orbit_right_60,local_assets/dpo_pair_factory_v10/recovered_conditions/03440_roll_orbit_right_60_seed42440/clean_future_5_80.mp4,local_assets/dpo_pair_factory_v11/synthetic_pairs/pairs/v11_SYN_0521_03440_roll_orbit_right_60_seed42440_background_drift_visible/loser_future.mp4,reports/dpo_pair_factory_v11/contact_sheets/v11_SYN_0521_03440_roll_orbit_right_60_seed42440_background_drift_visible.jpg,True,True,76,832,480,True,True,71.2901,41.7176,2032.1458,2,1,1.0,0.88,0.12,39.37604863319689,0.9985748923991267,0.988419049970392,1.9559005200862885,6.0,0.0,102.71270908453525,46.40681913186647,True,True,True,True,"Contact sheet reviewed: visible medium-hard background_drift_visible; loser remains readable, reward_margin=0.120, sharpness_ratio=0.988, mean_absdiff=1.96, local_absdiff=4.73.",,True,TRAINABLE
v11_SYN_0079_02292_collision_orbit_right_64_seed41292_collision_response_failure_synthetic,TypeM_v11_synthetic_visible,synthetic_controlled,collision_response_failure_synthetic,02292_collision_orbit_right_64_seed41292,collision,orbit_right_64,local_assets/dpo_pair_factory_v10/recovered_conditions/02292_collision_orbit_right_64_seed41292/clean_future_5_80.mp4,local_assets/dpo_pair_factory_v11/synthetic_pairs/pairs/v11_SYN_0079_02292_collision_orbit_right_64_seed41292_collision_response_failure_synthetic/loser_future.mp4,reports/dpo_pair_factory_v11/contact_sheets/v11_SYN_0079_02292_collision_orbit_right_64_seed41292_collision_response_failure_synthetic.jpg,True,True,76,832,480,True,True,69.7686,42.2676,2009.2287,2,1,1.0,0.88,0.12,40.27498077524079,0.9992408644424867,0.9891456666185722,2.032441020011902,5.6,0.0,101.92176983173077,48.634278033725394,True,True,True,True,"Contact sheet reviewed: visible medium-hard collision_response_failure_synthetic; loser remains readable, reward_margin=0.120, sharpness_ratio=0.989, mean_absdiff=2.03, local_absdiff=4.50.",,True,TRAINABLE
v11_SYN_0283_04280_containment_orbit_left_44_seed43280_containment_failure_synthetic,TypeM_v11_synthetic_visible,synthetic_controlled,containment_failure_synthetic,04280_containment_orbit_left_44_seed43280,containment,orbit_left_44,local_assets/dpo_pair_factory_v10/recovered_conditions/04280_containment_orbit_left_44_seed43280/clean_future_5_80.mp4,local_assets/dpo_pair_factory_v11/synthetic_pairs/pairs/v11_SYN_0283_04280_containment_orbit_left_44_seed43280_containment_failure_synthetic/loser_future.mp4,reports/dpo_pair_factory_v11/contact_sheets/v11_SYN_0283_04280_containment_orbit_left_44_seed43280_containment_failure_synthetic.jpg,True,True,76,832,480,True,True,62.091,39.2896,1630.7113,2,1,1.0,0.88,0.12,39.36616355070694,0.9981170883640227,0.984066890828954,2.076751559972763,7.6,0.0,87.17416679186698,46.61844615228448,True,True,True,True,"Contact sheet reviewed: visible medium-hard containment_failure_synthetic; loser remains readable, reward_margin=0.120, sharpness_ratio=0.984, mean_absdiff=2.08, local_absdiff=4.26.",,True,TRAINABLE
v11_SYN_0475_v6b_GT_C_001_01014_drop_orbit_left_72_seed40014_drop_motion_failure_synthetic,TypeM_v11_synthetic_visible,synthetic_controlled,drop_motion_failure_synthetic,v6b_GT_C_001_01014_drop_orbit_left_72_seed40014,drop,orbit_left_72,/home/nvme04/workspace/world_model_phys/PHYS/world_model_phys_stageA_v5_broad_lora_work/local_assets/targeted_BC_loser_mining_v6b/conditions/01014_drop_orbit_left_72_seed40014/clean_future_5_80.mp4,local_assets/dpo_pair_factory_v11/synthetic_pairs/pairs/v11_SYN_0475_v6b_GT_C_001_01014_drop_orbit_left_72_seed40014_drop_motion_failure_synthetic/loser_future.mp4,reports/dpo_pair_factory_v11/contact_sheets/v11_SYN_0475_v6b_GT_C_001_01014_drop_orbit_left_72_seed40014_drop_motion_failure_synthetic.jpg,True,True,76,832,480,True,True,87.8466,60.822,2730.819,2,1,1.0,0.657646,0.342354,34.248221870522414,0.9853966412323079,0.9916595612851825,2.7003044486045837,46.8,0.0,103.12383438501602,54.3177222121628,True,True,True,True,"Contact sheet reviewed: visible medium-hard drop_motion_failure_synthetic; loser remains readable, reward_margin=0.342, sharpness_ratio=0.992, mean_absdiff=2.70, local_absdiff=23.96.",,True,TRAINABLE
v10_TypeM_059_prefix5_anchored_95981b8f74bed0_background_drift_foreground_identity_color_shift,TypeM_v10_synthetic_visible,synthetic_controlled,foreground_identity_color_shift,prefix5_anchored_95981b8f74bed0_background_drift,containment,orbit_left_44,local_assets/dpo_prefix5_pairs_20260627_031729/clean_futures/04204_containment_orbit_left_44_seed43204/clean_future_5_80.mp4,local_assets/dpo_pair_factory_v10/synthetic_visible_negatives/pairs/v10_TypeM_059_prefix5_anchored_95981b8f74bed0_background_drift_foreground_identity_color_shift/loser_future.mp4,reports/dpo_pair_factory_v11/contact_sheets/v10_TypeM_059_prefix5_anchored_95981b8f74bed0_background_drift_foreground_identity_color_shift.jpg,True,True,76,832,480,True,True,41.9539,23.5368,1136.1394,2,1,1.0,0.73181,0.26819,34.11156371576165,0.9943931773184941,0.9956551815000124,3.1606059074401855,30.0,0.0,65.46219200721154,43.48554317968146,True,True,True,True,"Contact sheet reviewed: prior v10b strict-ready pair retained after v11 audit; failure=foreground_identity_color_shift, reward_margin=0.268, sharpness_ratio=0.996.",,True,TRAINABLE
v11_SYN_0046_02259_collision_strafe_left_180_seed41259_local_scene_patch_drift,TypeM_v11_synthetic_visible,synthetic_controlled,local_scene_patch_drift,02259_collision_strafe_left_180_seed41259,collision,strafe_left_180,local_assets/dpo_pair_factory_v10/recovered_conditions/02259_collision_strafe_left_180_seed41259/clean_future_5_80.mp4,local_assets/dpo_pair_factory_v11/synthetic_pairs/pairs/v11_SYN_0046_02259_collision_strafe_left_180_seed41259_local_scene_patch_drift/loser_future.mp4,reports/dpo_pair_factory_v11/contact_sheets/v11_SYN_0046_02259_collision_strafe_left_180_seed41259_local_scene_patch_drift.jpg,True,True,76,832,480,True,True,51.6483,20.1947,1828.2896,2,1,1.0,0.88,0.12,38.653319209249815,0.9977900701688126,0.9609389004517948,2.1978365778923035,10.4,0.0,79.18709059495193,43.981209711196584,True,True,True,True,"Contact sheet reviewed: visible medium-hard local_scene_patch_drift; loser remains readable, reward_margin=0.120, sharpness_ratio=0.961, mean_absdiff=2.20, local_absdiff=7.23.",,True,TRAINABLE
v11_SYN_EXTRA_0095_prefix5_anchored_1ca3412d8f73c8_nonrigid_background_warp_object_duplicate_or_fragment,TypeM_v11_synthetic_visible,synthetic_controlled,object_duplicate_or_fragment,prefix5_anchored_1ca3412d8f73c8_nonrigid_background_warp,collision,orbit_right_64,/home/nvme04/workspace/world_model_phys/PHYS/world_model_phys_stageA_v5_broad_lora_work/local_assets/dpo_prefix5_pairs_20260627_031729/clean_futures/02200_collision_orbit_right_64_seed41200/clean_future_5_80.mp4,local_assets/dpo_pair_factory_v11/synthetic_pairs_extra/pairs/v11_SYN_EXTRA_0095_prefix5_anchored_1ca3412d8f73c8_nonrigid_background_warp_object_duplicate_or_fragment/loser_future.mp4,reports/dpo_pair_factory_v11/contact_sheets/v11_SYN_EXTRA_0095_prefix5_anchored_1ca3412d8f73c8_nonrigid_background_warp_object_duplicate_or_fragment.jpg,True,True,76,832,480,True,True,60.5004,31.7379,2366.2877,2,1,1.0,0.849615,0.150385,34.16813805825726,0.9911173816159458,1.0057025933271564,2.4216308295726776,42.8,0.0,101.10731608072918,61.0657490929854,True,True,True,True,"Contact sheet reviewed: visible medium-hard object_duplicate_or_fragment; loser remains readable, reward_margin=0.150, sharpness_ratio=1.006, mean_absdiff=2.42, local_absdiff=10.53.",,True,TRAINABLE
v11_SYN_0018_02215_collision_strafe_left_180_seed41215_object_identity_color_shift,TypeM_v11_synthetic_visible,synthetic_controlled,object_identity_color_shift,02215_collision_strafe_left_180_seed41215,collision,strafe_left_180,local_assets/dpo_pair_factory_v10/recovered_conditions/02215_collision_strafe_left_180_seed41215/clean_future_5_80.mp4,local_assets/dpo_pair_factory_v11/synthetic_pairs/pairs/v11_SYN_0018_02215_collision_strafe_left_180_seed41215_object_identity_color_shift/loser_future.mp4,reports/dpo_pair_factory_v11/contact_sheets/v11_SYN_0018_02215_collision_strafe_left_180_seed41215_object_identity_color_shift.jpg,True,True,76,832,480,True,True,70.1982,41.2644,1854.4455,2,1,1.0,0.88,0.12,39.70803818900676,0.9994116644644138,0.9987265820539222,2.013206958770752,9.2,0.0,102.26043106470352,48.07460779645669,True,True,True,True,"Contact sheet reviewed: visible medium-hard object_identity_color_shift; loser remains readable, reward_margin=0.120, sharpness_ratio=0.999, mean_absdiff=2.01, local_absdiff=5.75.",,True,TRAINABLE
v11_SYN_0502_03418_roll_orbit_right_60_seed42418_partial_freeze_foreground,TypeM_v11_synthetic_visible,synthetic_controlled,partial_freeze_foreground,03418_roll_orbit_right_60_seed42418,roll,orbit_right_60,local_assets/dpo_pair_factory_v10/recovered_conditions/03418_roll_orbit_right_60_seed42418/clean_future_5_80.mp4,local_assets/dpo_pair_factory_v11/synthetic_pairs/pairs/v11_SYN_0502_03418_roll_orbit_right_60_seed42418_partial_freeze_foreground/loser_future.mp4,reports/dpo_pair_factory_v11/contact_sheets/v11_SYN_0502_03418_roll_orbit_right_60_seed42418_partial_freeze_foreground.jpg,True,True,76,832,480,True,True,55.4311,23.2181,1917.5111,2,1,1.0,0.861106,0.138894,37.653027185834716,0.9955287590635438,1.0108955856016433,2.3327355086803436,14.4,0.0,76.9577398838141,36.5252008144818,True,True,True,True,"Contact sheet reviewed: visible medium-hard partial_freeze_foreground; loser remains readable, reward_margin=0.139, sharpness_ratio=1.011, mean_absdiff=2.33, local_absdiff=9.72.",,True,TRAINABLE
v11_SYN_EXTRA_0186_04279_containment_orbit_left_44_seed43279_reobserve_mismatch_visible,TypeM_v11_synthetic_visible,synthetic_controlled,reobserve_mismatch_visible,04279_containment_orbit_left_44_seed43279,containment,orbit_left_44,local_assets/dpo_pair_factory_v10/recovered_conditions/04279_containment_orbit_left_44_seed43279/clean_future_5_80.mp4,local_assets/dpo_pair_factory_v11/synthetic_pairs_extra/pairs/v11_SYN_EXTRA_0186_04279_containment_orbit_left_44_seed43279_reobserve_mismatch_visible/loser_future.mp4,reports/dpo_pair_factory_v11/contact_sheets/v11_SYN_EXTRA_0186_04279_containment_orbit_left_44_seed43279_reobserve_mismatch_visible.jpg,True,True,76,832,480,True,True,56.0444,30.6606,1312.42,2,1,1.0,0.88,0.12,38.67525086466276,0.9995731738301071,0.9900374284303123,2.1263674199581146,5.6,0.0,92.92122834034456,57.00257397537714,True,True,True,True,"Contact sheet reviewed: visible medium-hard reobserve_mismatch_visible; loser remains readable, reward_margin=0.120, sharpness_ratio=0.990, mean_absdiff=2.13, local_absdiff=5.21.",,True,TRAINABLE
v11_SYN_0536_03465_roll_orbit_right_60_seed42465_wrong_camera_motion_visible,TypeM_v11_synthetic_visible,synthetic_controlled,wrong_camera_motion_visible,03465_roll_orbit_right_60_seed42465,roll,orbit_right_60,local_assets/dpo_pair_factory_v10/recovered_conditions/03465_roll_orbit_right_60_seed42465/clean_future_5_80.mp4,local_assets/dpo_pair_factory_v11/synthetic_pairs/pairs/v11_SYN_0536_03465_roll_orbit_right_60_seed42465_wrong_camera_motion_visible/loser_future.mp4,reports/dpo_pair_factory_v11/contact_sheets/v11_SYN_0536_03465_roll_orbit_right_60_seed42465_wrong_camera_motion_visible.jpg,True,True,76,832,480,True,True,81.2185,50.0044,2176.393,2,1,1.0,0.88,0.12,38.8867547678302,0.998714622199318,0.9573707824968228,2.2807815074920654,8.4,0.0,109.89411996694712,49.79718147284058,True,True,True,True,"Contact sheet reviewed: visible medium-hard wrong_camera_motion_visible; loser remains readable, reward_margin=0.120, sharpness_ratio=0.957, mean_absdiff=2.28, local_absdiff=6.00.",,True,TRAINABLE
v11_SYN_0527_03442_roll_orbit_right_60_seed42442_background_drift_visible,TypeM_v11_synthetic_visible,synthetic_controlled,background_drift_visible,03442_roll_orbit_right_60_seed42442,roll,orbit_right_60,local_assets/dpo_pair_factory_v10/recovered_conditions/03442_roll_orbit_right_60_seed42442/clean_future_5_80.mp4,local_assets/dpo_pair_factory_v11/synthetic_pairs/pairs/v11_SYN_0527_03442_roll_orbit_right_60_seed42442_background_drift_visible/loser_future.mp4,reports/dpo_pair_factory_v11/contact_sheets/v11_SYN_0527_03442_roll_orbit_right_60_seed42442_background_drift_visible.jpg,True,True,76,832,480,True,True,56.8619,25.2867,1893.5328,2,1,1.0,0.88,0.12,39.78353637710423,0.9985231958778745,0.9930251680687534,2.0438641607761383,6.4,0.0,85.46168118990384,41.98412371441184,True,True,True,True,"Contact sheet reviewed: visible medium-hard background_drift_visible; loser remains readable, reward_margin=0.120, sharpness_ratio=0.993, mean_absdiff=2.04, local_absdiff=4.63.",,True,TRAINABLE
v11_SYN_EXTRA_0053_02292_collision_orbit_right_64_seed41292_collision_response_failure_synthetic,TypeM_v11_synthetic_visible,synthetic_controlled,collision_response_failure_synthetic,02292_collision_orbit_right_64_seed41292,collision,orbit_right_64,local_assets/dpo_pair_factory_v10/recovered_conditions/02292_collision_orbit_right_64_seed41292/clean_future_5_80.mp4,local_assets/dpo_pair_factory_v11/synthetic_pairs_extra/pairs/v11_SYN_EXTRA_0053_02292_collision_orbit_right_64_seed41292_collision_response_failure_synthetic/loser_future.mp4,reports/dpo_pair_factory_v11/contact_sheets/v11_SYN_EXTRA_0053_02292_collision_orbit_right_64_seed41292_collision_response_failure_synthetic.jpg,True,True,76,832,480,True,True,69.6783,42.1936,2016.9663,2,1,1.0,0.828159,0.171841,36.816509673870456,0.9955846380618506,0.9972802980213484,2.260171055793762,25.6,0.0,101.74506209935898,48.561725870166796,True,True,True,True,"Contact sheet reviewed: visible medium-hard collision_response_failure_synthetic; loser remains readable, reward_margin=0.172, sharpness_ratio=0.997, mean_absdiff=2.26, local_absdiff=12.03.",,True,TRAINABLE
v11_SYN_EXTRA_0189_04280_containment_orbit_left_44_seed43280_containment_failure_synthetic,TypeM_v11_synthetic_visible,synthetic_controlled,containment_failure_synthetic,04280_containment_orbit_left_44_seed43280,containment,orbit_left_44,local_assets/dpo_pair_factory_v10/recovered_conditions/04280_containment_orbit_left_44_seed43280/clean_future_5_80.mp4,local_assets/dpo_pair_factory_v11/synthetic_pairs_extra/pairs/v11_SYN_EXTRA_0189_04280_containment_orbit_left_44_seed43280_containment_failure_synthetic/loser_future.mp4,reports/dpo_pair_factory_v11/contact_sheets/v11_SYN_EXTRA_0189_04280_containment_orbit_left_44_seed43280_containment_failure_synthetic.jpg,True,True,76,832,480,True,True,62.0915,39.1551,1623.0694,2,1,1.0,0.88,0.12,38.08880422202584,0.9965632051960691,0.9791309670178606,2.349806994199753,17.2,0.0,87.14913173577725,46.49164248742021,True,True,True,True,"Contact sheet reviewed: visible medium-hard containment_failure_synthetic; loser remains readable, reward_margin=0.120, sharpness_ratio=0.979, mean_absdiff=2.35, local_absdiff=7.73.",,True,TRAINABLE
v10_TypeM_031_prefix5_anchored_ede413792fce8b_nonrigid_background_warp_foreground_identity_color_shift,TypeM_v10_synthetic_visible,synthetic_controlled,foreground_identity_color_shift,prefix5_anchored_ede413792fce8b_nonrigid_background_warp,collision,orbit_right_64,local_assets/dpo_prefix5_pairs_20260627_031729/clean_futures/02200_collision_orbit_right_64_seed41200/clean_future_5_80.mp4,local_assets/dpo_pair_factory_v10/synthetic_visible_negatives/pairs/v10_TypeM_031_prefix5_anchored_ede413792fce8b_nonrigid_background_warp_foreground_identity_color_shift/loser_future.mp4,reports/dpo_pair_factory_v11/contact_sheets/v10_TypeM_031_prefix5_anchored_ede413792fce8b_nonrigid_background_warp_foreground_identity_color_shift.jpg,True,True,76,832,480,True,True,60.163,31.7566,2424.1667,2,1,1.0,0.762004,0.237996,35.27235235343525,0.9985620478158648,1.0304761400082694,2.8551797568798065,19.6,0.0,101.36066268529648,61.52264718648394,True,True,True,True,"Contact sheet reviewed: prior v10b strict-ready pair retained after v11 audit; failure=foreground_identity_color_shift, reward_margin=0.238, sharpness_ratio=1.030.",,True,TRAINABLE
v11_SYN_0058_02276_collision_orbit_right_64_seed41276_local_scene_patch_drift,TypeM_v11_synthetic_visible,synthetic_controlled,local_scene_patch_drift,02276_collision_orbit_right_64_seed41276,collision,orbit_right_64,local_assets/dpo_pair_factory_v10/recovered_conditions/02276_collision_orbit_right_64_seed41276/clean_future_5_80.mp4,local_assets/dpo_pair_factory_v11/synthetic_pairs/pairs/v11_SYN_0058_02276_collision_orbit_right_64_seed41276_local_scene_patch_drift/loser_future.mp4,reports/dpo_pair_factory_v11/contact_sheets/v11_SYN_0058_02276_collision_orbit_right_64_seed41276_local_scene_patch_drift.jpg,True,True,76,832,480,True,True,53.2519,20.1404,2020.6126,2,1,1.0,0.88,0.12,40.040703188526976,0.9989357493164487,0.9833492041668082,2.013265997171402,6.8,0.0,76.92908278245193,46.58079224679105,True,True,True,True,"Contact sheet reviewed: visible medium-hard local_scene_patch_drift; loser remains readable, reward_margin=0.120, sharpness_ratio=0.983, mean_absdiff=2.01, local_absdiff=4.99.",,True,TRAINABLE
v11_SYN_EXTRA_0107_prefix5_anchored_7f708dfe212ad6_freeze_foreground_object_duplicate_or_fragment,TypeM_v11_synthetic_visible,synthetic_controlled,object_duplicate_or_fragment,prefix5_anchored_7f708dfe212ad6_freeze_foreground,collision,orbit_right_64,/home/nvme04/workspace/world_model_phys/PHYS/world_model_phys_stageA_v5_broad_lora_work/local_assets/dpo_prefix5_pairs_20260627_031729/clean_futures/02200_collision_orbit_right_64_seed41200/clean_future_5_80.mp4,local_assets/dpo_pair_factory_v11/synthetic_pairs_extra/pairs/v11_SYN_EXTRA_0107_prefix5_anchored_7f708dfe212ad6_freeze_foreground_object_duplicate_or_fragment/loser_future.mp4,reports/dpo_pair_factory_v11/contact_sheets/v11_SYN_EXTRA_0107_prefix5_anchored_7f708dfe212ad6_freeze_foreground_object_duplicate_or_fragment.jpg,True,True,76,832,480,True,True,60.3583,31.5202,2344.9807,2,1,1.0,0.841499,0.158501,34.624896783938404,0.9927862220861352,1.0009458855581175,2.3202774226665497,45.2,0.0,101.21592485476764,61.12090565207136,True,True,True,True,"Contact sheet reviewed: visible medium-hard object_duplicate_or_fragment; loser remains readable, reward_margin=0.159, sharpness_ratio=1.001, mean_absdiff=2.32, local_absdiff=11.10.",,True,TRAINABLE
v11_SYN_0508_03435_roll_orbit_right_60_seed42435_partial_freeze_foreground,TypeM_v11_synthetic_visible,synthetic_controlled,partial_freeze_foreground,03435_roll_orbit_right_60_seed42435,roll,orbit_right_60,local_assets/dpo_pair_factory_v10/recovered_conditions/03435_roll_orbit_right_60_seed42435/clean_future_5_80.mp4,local_assets/dpo_pair_factory_v11/synthetic_pairs/pairs/v11_SYN_0508_03435_roll_orbit_right_60_seed42435_partial_freeze_foreground/loser_future.mp4,reports/dpo_pair_factory_v11/contact_sheets/v11_SYN_0508_03435_roll_orbit_right_60_seed42435_partial_freeze_foreground.jpg,True,True,76,832,480,True,True,69.9058,50.0166,2415.9347,2,1,1.0,0.743194,0.256806,34.08035434891861,0.9821295454135133,1.0063419597728338,2.7973178327083588,44.4,0.0,89.08692094851763,50.55329699466685,True,True,True,True,"Contact sheet reviewed: visible medium-hard partial_freeze_foreground; loser remains readable, reward_margin=0.257, sharpness_ratio=1.006, mean_absdiff=2.80, local_absdiff=17.98.",,True,TRAINABLE
v11_SYN_0284_04280_containment_orbit_left_44_seed43280_reobserve_mismatch_visible,TypeM_v11_synthetic_visible,synthetic_controlled,reobserve_mismatch_visible,04280_containment_orbit_left_44_seed43280,containment,orbit_left_44,local_assets/dpo_pair_factory_v10/recovered_conditions/04280_containment_orbit_left_44_seed43280/clean_future_5_80.mp4,local_assets/dpo_pair_factory_v11/synthetic_pairs/pairs/v11_SYN_0284_04280_containment_orbit_left_44_seed43280_reobserve_mismatch_visible/loser_future.mp4,reports/dpo_pair_factory_v11/contact_sheets/v11_SYN_0284_04280_containment_orbit_left_44_seed43280_reobserve_mismatch_visible.jpg,True,True,76,832,480,True,True,61.9793,39.2983,1621.9098,2,1,1.0,0.88,0.12,39.06302183561218,0.9992020466631732,0.9849911920296687,2.082391232252121,10.8,0.0,87.16575583433493,46.63885559260645,True,True,True,True,"Contact sheet reviewed: visible medium-hard reobserve_mismatch_visible; loser remains readable, reward_margin=0.120, sharpness_ratio=0.985, mean_absdiff=2.08, local_absdiff=5.46.",,True,TRAINABLE
v11_SYN_0548_03477_roll_orbit_right_60_seed42477_wrong_camera_motion_visible,TypeM_v11_synthetic_visible,synthetic_controlled,wrong_camera_motion_visible,03477_roll_orbit_right_60_seed42477,roll,orbit_right_60,local_assets/dpo_pair_factory_v10/recovered_conditions/03477_roll_orbit_right_60_seed42477/clean_future_5_80.mp4,local_assets/dpo_pair_factory_v11/synthetic_pairs/pairs/v11_SYN_0548_03477_roll_orbit_right_60_seed42477_wrong_camera_motion_visible/loser_future.mp4,reports/dpo_pair_factory_v11/contact_sheets/v11_SYN_0548_03477_roll_orbit_right_60_seed42477_wrong_camera_motion_visible.jpg,True,True,76,832,480,True,True,70.6501,37.8125,1836.9956,2,1,1.0,0.88,0.12,40.00871764440164,0.9983175659949202,0.9885587128911079,1.9432051479816437,5.6,0.0,97.87564227764423,40.488144518440954,True,True,True,True,"Contact sheet reviewed: visible medium-hard wrong_camera_motion_visible; loser remains readable, reward_margin=0.120, sharpness_ratio=0.989, mean_absdiff=1.94, local_absdiff=4.28.",,True,TRAINABLE
v11_SYN_0533_03453_roll_orbit_right_60_seed42453_background_drift_visible,TypeM_v11_synthetic_visible,synthetic_controlled,background_drift_visible,03453_roll_orbit_right_60_seed42453,roll,orbit_right_60,local_assets/dpo_pair_factory_v10/recovered_conditions/03453_roll_orbit_right_60_seed42453/clean_future_5_80.mp4,local_assets/dpo_pair_factory_v11/synthetic_pairs/pairs/v11_SYN_0533_03453_roll_orbit_right_60_seed42453_background_drift_visible/loser_future.mp4,reports/dpo_pair_factory_v11/contact_sheets/v11_SYN_0533_03453_roll_orbit_right_60_seed42453_background_drift_visible.jpg,True,True,76,832,480,True,True,69.5773,44.4185,1511.5044,2,1,1.0,0.88,0.12,39.4382284828401,0.9987720442792125,0.9670383593716606,2.112524598836899,8.4,0.0,103.39039275340545,49.095803178121,True,True,True,True,"Contact sheet reviewed: visible medium-hard background_drift_visible; loser remains readable, reward_margin=0.120, sharpness_ratio=0.967, mean_absdiff=2.11, local_absdiff=5.42.",,True,TRAINABLE
v11_SYN_0085_02295_collision_strafe_left_180_seed41295_collision_response_failure_synthetic,TypeM_v11_synthetic_visible,synthetic_controlled,collision_response_failure_synthetic,02295_collision_strafe_left_180_seed41295,collision,strafe_left_180,local_assets/dpo_pair_factory_v10/recovered_conditions/02295_collision_strafe_left_180_seed41295/clean_future_5_80.mp4,local_assets/dpo_pair_factory_v11/synthetic_pairs/pairs/v11_SYN_0085_02295_collision_strafe_left_180_seed41295_collision_response_failure_synthetic/loser_future.mp4,reports/dpo_pair_factory_v11/contact_sheets/v11_SYN_0085_02295_collision_strafe_left_180_seed41295_collision_response_failure_synthetic.jpg,True,True,76,832,480,True,True,82.2757,55.5915,2039.5685,2,1,1.0,0.88,0.12,38.86425639144572,0.9994391915600718,0.9694617844625085,2.1344318091869354,9.6,0.0,127.36210749699521,65.50699161355327,True,True,True,True,"Contact sheet reviewed: visible medium-hard collision_response_failure_synthetic; loser remains readable, reward_margin=0.120, sharpness_ratio=0.969, mean_absdiff=2.13, local_absdiff=6.43.",,True,TRAINABLE
v11_SYN_0289_04302_containment_orbit_left_44_seed43302_containment_failure_synthetic,TypeM_v11_synthetic_visible,synthetic_controlled,containment_failure_synthetic,04302_containment_orbit_left_44_seed43302,containment,orbit_left_44,local_assets/dpo_pair_factory_v10/recovered_conditions/04302_containment_orbit_left_44_seed43302/clean_future_5_80.mp4,local_assets/dpo_pair_factory_v11/synthetic_pairs/pairs/v11_SYN_0289_04302_containment_orbit_left_44_seed43302_containment_failure_synthetic/loser_future.mp4,reports/dpo_pair_factory_v11/contact_sheets/v11_SYN_0289_04302_containment_orbit_left_44_seed43302_containment_failure_synthetic.jpg,True,True,76,832,480,True,True,61.0193,29.0617,2254.6589,2,1,1.0,0.88,0.12,38.65105867127458,0.9985367814593352,0.9533654322533451,2.185499995946884,10.0,0.0,96.78578600761219,56.073994184832884,True,True,True,True,"Contact sheet reviewed: visible medium-hard containment_failure_synthetic; loser remains readable, reward_margin=0.120, sharpness_ratio=0.953, mean_absdiff=2.19, local_absdiff=5.73.",,True,TRAINABLE
v10_TypeM_035_v6_02222_collision_orbit_right_64_seed41222_foreground_identity_color_shift,TypeM_v10_synthetic_visible,synthetic_controlled,foreground_identity_color_shift,v6_02222_collision_orbit_right_64_seed41222,collision,orbit_right_64,local_assets/dpo_prefix5_pairs_20260627_031729/clean_futures/02222_collision_orbit_right_64_seed41222/clean_future_5_80.mp4,local_assets/dpo_pair_factory_v10/synthetic_visible_negatives/pairs/v10_TypeM_035_v6_02222_collision_orbit_right_64_seed41222_foreground_identity_color_shift/loser_future.mp4,reports/dpo_pair_factory_v11/contact_sheets/v10_TypeM_035_v6_02222_collision_orbit_right_64_seed41222_foreground_identity_color_shift.jpg,True,True,76,832,480,True,True,72.5102,46.0148,2076.8751,2,1,1.0,0.743531,0.256469,35.48959933300524,0.9981806896416708,1.0151435339417307,2.656226634979248,21.2,0.0,109.97330979567307,56.380378749229116,True,True,True,True,"Contact sheet reviewed: prior v10b strict-ready pair retained after v11 audit; failure=foreground_identity_color_shift, reward_margin=0.256, sharpness_ratio=1.015.",,True,TRAINABLE
v11_SYN_EXTRA_0135_v6_02202_collision_orbit_right_64_seed41202_object_duplicate_or_fragment,TypeM_v11_synthetic_visible,synthetic_controlled,object_duplicate_or_fragment,v6_02202_collision_orbit_right_64_seed41202,collision,orbit_right_64,/home/nvme04/workspace/world_model_phys/PHYS/world_model_phys_stageA_v5_broad_lora_work/local_assets/dpo_prefix5_pairs_20260627_031729/clean_futures/02202_collision_orbit_right_64_seed41202/clean_future_5_80.mp4,local_assets/dpo_pair_factory_v11/synthetic_pairs_extra/pairs/v11_SYN_EXTRA_0135_v6_02202_collision_orbit_right_64_seed41202_object_duplicate_or_fragment/loser_future.mp4,reports/dpo_pair_factory_v11/contact_sheets/v11_SYN_EXTRA_0135_v6_02202_collision_orbit_right_64_seed41202_object_duplicate_or_fragment.jpg,True,True,76,832,480,True,True,53.9992,24.8344,2033.6016,2,1,1.0,0.88,0.12,40.463473547897586,0.9990192785588274,0.9942748713263738,1.9865453243255615,6.0,0.0,77.97153069911859,41.759305618136,True,True,True,True,"Contact sheet reviewed: visible medium-hard object_duplicate_or_fragment; loser remains readable, reward_margin=0.120, sharpness_ratio=0.994, mean_absdiff=1.99, local_absdiff=3.58.",,True,TRAINABLE
v11_SYN_0042_02239_collision_strafe_left_180_seed41239_object_identity_color_shift,TypeM_v11_synthetic_visible,synthetic_controlled,object_identity_color_shift,02239_collision_strafe_left_180_seed41239,collision,strafe_left_180,local_assets/dpo_pair_factory_v10/recovered_conditions/02239_collision_strafe_left_180_seed41239/clean_future_5_80.mp4,local_assets/dpo_pair_factory_v11/synthetic_pairs/pairs/v11_SYN_0042_02239_collision_strafe_left_180_seed41239_object_identity_color_shift/loser_future.mp4,reports/dpo_pair_factory_v11/contact_sheets/v11_SYN_0042_02239_collision_strafe_left_180_seed41239_object_identity_color_shift.jpg,True,True,76,832,480,True,True,53.3519,22.546,1911.8276,2,1,1.0,0.873337,0.126663,38.27366629536098,0.9993166881515337,0.9981823796134074,2.236462742090225,11.2,0.0,84.22415239383012,47.36228594823244,True,True,True,True,"Contact sheet reviewed: visible medium-hard object_identity_color_shift; loser remains readable, reward_margin=0.127, sharpness_ratio=0.998, mean_absdiff=2.24, local_absdiff=8.87.",,True,TRAINABLE
v11_SYN_0520_03440_roll_orbit_right_60_seed42440_partial_freeze_foreground,TypeM_v11_synthetic_visible,synthetic_controlled,partial_freeze_foreground,03440_roll_orbit_right_60_seed42440,roll,orbit_right_60,local_assets/dpo_pair_factory_v10/recovered_conditions/03440_roll_orbit_right_60_seed42440/clean_future_5_80.mp4,local_assets/dpo_pair_factory_v11/synthetic_pairs/pairs/v11_SYN_0520_03440_roll_orbit_right_60_seed42440_partial_freeze_foreground/loser_future.mp4,reports/dpo_pair_factory_v11/contact_sheets/v11_SYN_0520_03440_roll_orbit_right_60_seed42440_partial_freeze_foreground.jpg,True,True,76,832,480,True,True,71.3261,41.7869,2059.5648,2,1,1.0,0.811502,0.188498,35.85497525225591,0.9921941563186931,1.0040215912567438,2.229227989912033,34.8,0.0,102.67317395332532,46.53948794685458,True,True,True,True,"Contact sheet reviewed: visible medium-hard partial_freeze_foreground; loser remains readable, reward_margin=0.188, sharpness_ratio=1.004, mean_absdiff=2.23, local_absdiff=13.19.",,True,TRAINABLE
v11_SYN_EXTRA_0190_04280_containment_orbit_left_44_seed43280_reobserve_mismatch_visible,TypeM_v11_synthetic_visible,synthetic_controlled,reobserve_mismatch_visible,04280_containment_orbit_left_44_seed43280,containment,orbit_left_44,local_assets/dpo_pair_factory_v10/recovered_conditions/04280_containment_orbit_left_44_seed43280/clean_future_5_80.mp4,local_assets/dpo_pair_factory_v11/synthetic_pairs_extra/pairs/v11_SYN_EXTRA_0190_04280_containment_orbit_left_44_seed43280_reobserve_mismatch_visible/loser_future.mp4,reports/dpo_pair_factory_v11/contact_sheets/v11_SYN_EXTRA_0190_04280_containment_orbit_left_44_seed43280_reobserve_mismatch_visible.jpg,True,True,76,832,480,True,True,61.9797,39.2979,1621.9614,2,1,1.0,0.88,0.12,40.19002166927826,0.9989327237336041,0.9856212875941158,1.9771521985530853,7.6,0.0,87.16557366786859,46.63872649395868,True,True,True,True,"Contact sheet reviewed: visible medium-hard reobserve_mismatch_visible; loser remains readable, reward_margin=0.120, sharpness_ratio=0.986, mean_absdiff=1.98, local_absdiff=4.09.",,True,TRAINABLE
v11_SYN_0560_03494_roll_orbit_right_60_seed42494_wrong_camera_motion_visible,TypeM_v11_synthetic_visible,synthetic_controlled,wrong_camera_motion_visible,03494_roll_orbit_right_60_seed42494,roll,orbit_right_60,local_assets/dpo_pair_factory_v10/recovered_conditions/03494_roll_orbit_right_60_seed42494/clean_future_5_80.mp4,local_assets/dpo_pair_factory_v11/synthetic_pairs/pairs/v11_SYN_0560_03494_roll_orbit_right_60_seed42494_wrong_camera_motion_visible/loser_future.mp4,reports/dpo_pair_factory_v11/contact_sheets/v11_SYN_0560_03494_roll_orbit_right_60_seed42494_wrong_camera_motion_visible.jpg,True,True,76,832,480,True,True,61.4998,32.3046,2298.1249,2,1,1.0,0.88,0.12,39.61785347473872,0.9986855868889724,0.9846895207927744,2.046103358268738,8.0,0.0,90.68359688000803,44.559429162810545,True,True,True,True,"Contact sheet reviewed: visible medium-hard wrong_camera_motion_visible; loser remains readable, reward_margin=0.120, sharpness_ratio=0.985, mean_absdiff=2.05, local_absdiff=5.76.",,True,TRAINABLE
v11_SYN_0539_03465_roll_orbit_right_60_seed42465_background_drift_visible,TypeM_v11_synthetic_visible,synthetic_controlled,background_drift_visible,03465_roll_orbit_right_60_seed42465,roll,orbit_right_60,local_assets/dpo_pair_factory_v10/recovered_conditions/03465_roll_orbit_right_60_seed42465/clean_future_5_80.mp4,local_assets/dpo_pair_factory_v11/synthetic_pairs/pairs/v11_SYN_0539_03465_roll_orbit_right_60_seed42465_background_drift_visible/loser_future.mp4,reports/dpo_pair_factory_v11/contact_sheets/v11_SYN_0539_03465_roll_orbit_right_60_seed42465_background_drift_visible.jpg,True,True,76,832,480,True,True,80.9806,50.0483,2166.3573,2,1,1.0,0.88,0.12,40.168842362415546,0.9992984009492571,0.97960621375427,2.1371402740478516,6.8,0.0,109.87740948016827,49.836286304690425,True,True,True,True,"Contact sheet reviewed: visible medium-hard background_drift_visible; loser remains readable, reward_margin=0.120, sharpness_ratio=0.980, mean_absdiff=2.14, local_absdiff=4.31.",,True,TRAINABLE
v11_SYN_EXTRA_0057_02295_collision_strafe_left_180_seed41295_collision_response_failure_synthetic,TypeM_v11_synthetic_visible,synthetic_controlled,collision_response_failure_synthetic,02295_collision_strafe_left_180_seed41295,collision,strafe_left_180,local_assets/dpo_pair_factory_v10/recovered_conditions/02295_collision_strafe_left_180_seed41295/clean_future_5_80.mp4,local_assets/dpo_pair_factory_v11/synthetic_pairs_extra/pairs/v11_SYN_EXTRA_0057_02295_collision_strafe_left_180_seed41295_collision_response_failure_synthetic/loser_future.mp4,reports/dpo_pair_factory_v11/contact_sheets/v11_SYN_EXTRA_0057_02295_collision_strafe_left_180_seed41295_collision_response_failure_synthetic.jpg,True,True,76,832,480,True,True,82.3363,55.6896,2058.3453,2,1,1.0,0.868565,0.131435,35.95684518339106,0.9967524348280576,0.997850863847406,2.226302593946457,32.0,0.0,127.66559933393428,65.52234065190333,True,True,True,True,"Contact sheet reviewed: visible medium-hard collision_response_failure_synthetic; loser remains readable, reward_margin=0.131, sharpness_ratio=0.998, mean_absdiff=2.23, local_absdiff=9.20.",,True,TRAINABLE
v11_SYN_0295_04339_containment_orbit_left_44_seed43339_containment_failure_synthetic,TypeM_v11_synthetic_visible,synthetic_controlled,containment_failure_synthetic,04339_containment_orbit_left_44_seed43339,containment,orbit_left_44,local_assets/dpo_pair_factory_v10/recovered_conditions/04339_containment_orbit_left_44_seed43339/clean_future_5_80.mp4,local_assets/dpo_pair_factory_v11/synthetic_pairs/pairs/v11_SYN_0295_04339_containment_orbit_left_44_seed43339_containment_failure_synthetic/loser_future.mp4,reports/dpo_pair_factory_v11/contact_sheets/v11_SYN_0295_04339_containment_orbit_left_44_seed43339_containment_failure_synthetic.jpg,True,True,76,832,480,True,True,45.0259,28.0901,1241.2304,2,1,1.0,0.88,0.12,39.38173116262555,0.9992467134037291,0.9926143222770933,1.9901926517486572,8.0,0.0,72.10262232071314,54.13089754603578,True,True,True,True,"Contact sheet reviewed: visible medium-hard containment_failure_synthetic; loser remains readable, reward_margin=0.120, sharpness_ratio=0.993, mean_absdiff=1.99, local_absdiff=4.06.",,True,TRAINABLE
v10_TypeM_063_v6_04204_containment_orbit_left_44_seed43204_foreground_identity_color_shift,TypeM_v10_synthetic_visible,synthetic_controlled,foreground_identity_color_shift,v6_04204_containment_orbit_left_44_seed43204,containment,orbit_left_44,local_assets/dpo_prefix5_pairs_20260627_031729/clean_futures/04204_containment_orbit_left_44_seed43204/clean_future_5_80.mp4,local_assets/dpo_pair_factory_v10/synthetic_visible_negatives/pairs/v10_TypeM_063_v6_04204_containment_orbit_left_44_seed43204_foreground_identity_color_shift/loser_future.mp4,reports/dpo_pair_factory_v11/contact_sheets/v10_TypeM_063_v6_04204_containment_orbit_left_44_seed43204_foreground_identity_color_shift.jpg,True,True,76,832,480,True,True,42.0407,23.4859,1136.8281,2,1,1.0,0.736766,0.263234,34.594210853845055,0.9974119965173341,0.9970531655654972,2.9245471954345703,28.8,0.0,65.4030486278045,43.482323723248236,True,True,True,True,"Contact sheet reviewed: prior v10b strict-ready pair retained after v11 audit; failure=foreground_identity_color_shift, reward_margin=0.263, sharpness_ratio=0.997.",,True,TRAINABLE
v11_SYN_0064_02284_collision_orbit_right_64_seed41284_local_scene_patch_drift,TypeM_v11_synthetic_visible,synthetic_controlled,local_scene_patch_drift,02284_collision_orbit_right_64_seed41284,collision,orbit_right_64,local_assets/dpo_pair_factory_v10/recovered_conditions/02284_collision_orbit_right_64_seed41284/clean_future_5_80.mp4,local_assets/dpo_pair_factory_v11/synthetic_pairs/pairs/v11_SYN_0064_02284_collision_orbit_right_64_seed41284_local_scene_patch_drift/loser_future.mp4,reports/dpo_pair_factory_v11/contact_sheets/v11_SYN_0064_02284_collision_orbit_right_64_seed41284_local_scene_patch_drift.jpg,True,True,76,832,480,True,True,59.8826,30.6777,2259.7046,2,1,1.0,0.88,0.12,40.74367051149717,0.9995130905657179,0.9900914334209767,1.9495724737644196,5.6,0.0,97.20371782351762,54.87118034691211,True,True,True,True,"Contact sheet reviewed: visible medium-hard local_scene_patch_drift; loser remains readable, reward_margin=0.120, sharpness_ratio=0.990, mean_absdiff=1.95, local_absdiff=4.11.",,True,TRAINABLE
v11_SYN_0048_02259_collision_strafe_left_180_seed41259_object_identity_color_shift,TypeM_v11_synthetic_visible,synthetic_controlled,object_identity_color_shift,02259_collision_strafe_left_180_seed41259,collision,strafe_left_180,local_assets/dpo_pair_factory_v10/recovered_conditions/02259_collision_strafe_left_180_seed41259/clean_future_5_80.mp4,local_assets/dpo_pair_factory_v11/synthetic_pairs/pairs/v11_SYN_0048_02259_collision_strafe_left_180_seed41259_object_identity_color_shift/loser_future.mp4,reports/dpo_pair_factory_v11/contact_sheets/v11_SYN_0048_02259_collision_strafe_left_180_seed41259_object_identity_color_shift.jpg,True,True,76,832,480,True,True,51.6725,20.3689,1867.9184,2,1,1.0,0.834791,0.165209,36.71207482588994,0.9990903412315899,0.9985514481257276,2.5199544429779053,13.2,0.0,78.95579990484775,44.157695340068734,True,True,True,True,"Contact sheet reviewed: visible medium-hard object_identity_color_shift; loser remains readable, reward_margin=0.165, sharpness_ratio=0.999, mean_absdiff=2.52, local_absdiff=11.56.",,True,TRAINABLE
v11_SYN_0526_03442_roll_orbit_right_60_seed42442_partial_freeze_foreground,TypeM_v11_synthetic_visible,synthetic_controlled,partial_freeze_foreground,03442_roll_orbit_right_60_seed42442,roll,orbit_right_60,local_assets/dpo_pair_factory_v10/recovered_conditions/03442_roll_orbit_right_60_seed42442/clean_future_5_80.mp4,local_assets/dpo_pair_factory_v11/synthetic_pairs/pairs/v11_SYN_0526_03442_roll_orbit_right_60_seed42442_partial_freeze_foreground/loser_future.mp4,reports/dpo_pair_factory_v11/contact_sheets/v11_SYN_0526_03442_roll_orbit_right_60_seed42442_partial_freeze_foreground.jpg,True,True,76,832,480,True,True,56.9336,25.4145,1907.5731,2,1,1.0,0.841255,0.158745,36.110205705997814,0.9941184759119742,0.9983039250258703,2.3668696880340576,16.4,0.0,85.4371106270032,42.02922847065052,True,True,True,True,"Contact sheet reviewed: visible medium-hard partial_freeze_foreground; loser remains readable, reward_margin=0.159, sharpness_ratio=0.998, mean_absdiff=2.37, local_absdiff=11.11.",,True,TRAINABLE
v11_SYN_0290_04302_containment_orbit_left_44_seed43302_reobserve_mismatch_visible,TypeM_v11_synthetic_visible,synthetic_controlled,reobserve_mismatch_visible,04302_containment_orbit_left_44_seed43302,containment,orbit_left_44,local_assets/dpo_pair_factory_v10/recovered_conditions/04302_containment_orbit_left_44_seed43302/clean_future_5_80.mp4,local_assets/dpo_pair_factory_v11/synthetic_pairs/pairs/v11_SYN_0290_04302_containment_orbit_left_44_seed43302_reobserve_mismatch_visible/loser_future.mp4,reports/dpo_pair_factory_v11/contact_sheets/v11_SYN_0290_04302_containment_orbit_left_44_seed43302_reobserve_mismatch_visible.jpg,True,True,76,832,480,True,True,60.8922,29.0746,2260.3866,2,1,1.0,0.88,0.12,38.277695779604926,0.998954951312563,0.9609420885092248,2.216017574071884,16.0,0.0,96.76383087940705,56.10252055910665,True,True,True,True,"Contact sheet reviewed: visible medium-hard reobserve_mismatch_visible; loser remains readable, reward_margin=0.120, sharpness_ratio=0.961, mean_absdiff=2.22, local_absdiff=8.00.",,True,TRAINABLE
v11_SYN_0566_03495_roll_orbit_right_60_seed42495_wrong_camera_motion_visible,TypeM_v11_synthetic_visible,synthetic_controlled,wrong_camera_motion_visible,03495_roll_orbit_right_60_seed42495,roll,orbit_right_60,local_assets/dpo_pair_factory_v10/recovered_conditions/03495_roll_orbit_right_60_seed42495/clean_future_5_80.mp4,local_assets/dpo_pair_factory_v11/synthetic_pairs/pairs/v11_SYN_0566_03495_roll_orbit_right_60_seed42495_wrong_camera_motion_visible/loser_future.mp4,reports/dpo_pair_factory_v11/contact_sheets/v11_SYN_0566_03495_roll_orbit_right_60_seed42495_wrong_camera_motion_visible.jpg,True,True,76,832,480,True,True,65.7844,35.2606,1799.8712,2,1,1.0,0.88,0.12,40.22772577732269,0.999024588105443,0.9918880916163566,1.9220337867736816,5.6,0.0,96.0613775791266,43.52060404437237,True,True,True,True,"Contact sheet reviewed: visible medium-hard wrong_camera_motion_visible; loser remains readable, reward_margin=0.120, sharpness_ratio=0.992, mean_absdiff=1.92, local_absdiff=4.34.",,True,TRAINABLE
v11_SYN_0557_03484_roll_orbit_right_60_seed42484_background_drift_visible,TypeM_v11_synthetic_visible,synthetic_controlled,background_drift_visible,03484_roll_orbit_right_60_seed42484,roll,orbit_right_60,local_assets/dpo_pair_factory_v10/recovered_conditions/03484_roll_orbit_right_60_seed42484/clean_future_5_80.mp4,local_assets/dpo_pair_factory_v11/synthetic_pairs/pairs/v11_SYN_0557_03484_roll_orbit_right_60_seed42484_background_drift_visible/loser_future.mp4,reports/dpo_pair_factory_v11/contact_sheets/v11_SYN_0557_03484_roll_orbit_right_60_seed42484_background_drift_visible.jpg,True,True,76,832,480,True,True,71.8835,38.3146,1768.3709,2,1,1.0,0.88,0.12,40.35590953335533,0.9987968741100944,0.9690280855333445,1.9165502190589905,7.6,0.0,100.07002954727564,39.99008902249007,True,True,True,True,"Contact sheet reviewed: visible medium-hard background_drift_visible; loser remains readable, reward_margin=0.120, sharpness_ratio=0.969, mean_absdiff=1.92, local_absdiff=5.45.",,True,TRAINABLE
v11_SYN_0091_02327_collision_strafe_left_180_seed41327_collision_response_failure_synthetic,TypeM_v11_synthetic_visible,synthetic_controlled,collision_response_failure_synthetic,02327_collision_strafe_left_180_seed41327,collision,strafe_left_180,local_assets/dpo_pair_factory_v10/recovered_conditions/02327_collision_strafe_left_180_seed41327/clean_future_5_80.mp4,local_assets/dpo_pair_factory_v11/synthetic_pairs/pairs/v11_SYN_0091_02327_collision_strafe_left_180_seed41327_collision_response_failure_synthetic/loser_future.mp4,reports/dpo_pair_factory_v11/contact_sheets/v11_SYN_0091_02327_collision_strafe_left_180_seed41327_collision_response_failure_synthetic.jpg,True,True,76,832,480,True,True,83.8461,55.3771,2105.8517,2,1,1.0,0.88,0.12,40.318093396859275,0.9996642620731194,0.9898386257915824,2.0041129887104034,6.0,0.0,128.77735251402245,62.63413104046278,True,True,True,True,"Contact sheet reviewed: visible medium-hard collision_response_failure_synthetic; loser remains readable, reward_margin=0.120, sharpness_ratio=0.990, mean_absdiff=2.00, local_absdiff=4.53.",,True,TRAINABLE
v11_SYN_EXTRA_0197_04339_containment_orbit_left_44_seed43339_containment_failure_synthetic,TypeM_v11_synthetic_visible,synthetic_controlled,containment_failure_synthetic,04339_containment_orbit_left_44_seed43339,containment,orbit_left_44,local_assets/dpo_pair_factory_v10/recovered_conditions/04339_containment_orbit_left_44_seed43339/clean_future_5_80.mp4,local_assets/dpo_pair_factory_v11/synthetic_pairs_extra/pairs/v11_SYN_EXTRA_0197_04339_containment_orbit_left_44_seed43339_containment_failure_synthetic/loser_future.mp4,reports/dpo_pair_factory_v11/contact_sheets/v11_SYN_EXTRA_0197_04339_containment_orbit_left_44_seed43339_containment_failure_synthetic.jpg,True,True,76,832,480,True,True,44.9899,28.0947,1240.4173,2,1,1.0,0.88,0.12,39.78119899746828,0.9992379133910184,0.9859648314737712,1.9467971920967102,7.6,0.0,72.0320537860577,54.16688739179158,True,True,True,True,"Contact sheet reviewed: visible medium-hard containment_failure_synthetic; loser remains readable, reward_margin=0.120, sharpness_ratio=0.986, mean_absdiff=1.95, local_absdiff=4.74.",,True,TRAINABLE
v11_SYN_0070_02286_collision_orbit_right_64_seed41286_local_scene_patch_drift,TypeM_v11_synthetic_visible,synthetic_controlled,local_scene_patch_drift,02286_collision_orbit_right_64_seed41286,collision,orbit_right_64,local_assets/dpo_pair_factory_v10/recovered_conditions/02286_collision_orbit_right_64_seed41286/clean_future_5_80.mp4,local_assets/dpo_pair_factory_v11/synthetic_pairs/pairs/v11_SYN_0070_02286_collision_orbit_right_64_seed41286_local_scene_patch_drift/loser_future.mp4,reports/dpo_pair_factory_v11/contact_sheets/v11_SYN_0070_02286_collision_orbit_right_64_seed41286_local_scene_patch_drift.jpg,True,True,76,832,480,True,True,54.4783,22.0047,2021.5411,2,1,1.0,0.88,0.12,40.24840261778046,0.9993673011610578,0.985419671061637,2.013262927532196,6.0,0.0,87.824951171875,55.30351324242132,True,True,True,True,"Contact sheet reviewed: visible medium-hard local_scene_patch_drift; loser remains readable, reward_margin=0.120, sharpness_ratio=0.985, mean_absdiff=2.01, local_absdiff=4.54.",,True,TRAINABLE
v11_SYN_0054_02262_collision_orbit_right_64_seed41262_object_identity_color_shift,TypeM_v11_synthetic_visible,synthetic_controlled,object_identity_color_shift,02262_collision_orbit_right_64_seed41262,collision,orbit_right_64,local_assets/dpo_pair_factory_v10/recovered_conditions/02262_collision_orbit_right_64_seed41262/clean_future_5_80.mp4,local_assets/dpo_pair_factory_v11/synthetic_pairs/pairs/v11_SYN_0054_02262_collision_orbit_right_64_seed41262_object_identity_color_shift/loser_future.mp4,reports/dpo_pair_factory_v11/contact_sheets/v11_SYN_0054_02262_collision_orbit_right_64_seed41262_object_identity_color_shift.jpg,True,True,76,832,480,True,True,52.7025,21.344,2005.9804,2,1,1.0,0.808924,0.191076,36.78160797374234,0.997558503910426,0.9985432970174889,2.409230202436447,14.0,0.0,75.0576184395032,39.29584460876673,True,True,True,True,"Contact sheet reviewed: visible medium-hard object_identity_color_shift; loser remains readable, reward_margin=0.191, sharpness_ratio=0.999, mean_absdiff=2.41, local_absdiff=13.38.",,True,TRAINABLE
v11_SYN_0538_03465_roll_orbit_right_60_seed42465_partial_freeze_foreground,TypeM_v11_synthetic_visible,synthetic_controlled,partial_freeze_foreground,03465_roll_orbit_right_60_seed42465,roll,orbit_right_60,local_assets/dpo_pair_factory_v10/recovered_conditions/03465_roll_orbit_right_60_seed42465/clean_future_5_80.mp4,local_assets/dpo_pair_factory_v11/synthetic_pairs/pairs/v11_SYN_0538_03465_roll_orbit_right_60_seed42465_partial_freeze_foreground/loser_future.mp4,reports/dpo_pair_factory_v11/contact_sheets/v11_SYN_0538_03465_roll_orbit_right_60_seed42465_partial_freeze_foreground.jpg,True,True,76,832,480,True,True,81.0223,50.0491,2175.7685,2,1,1.0,0.88,0.12,38.659724684895366,0.9973590205716276,0.994303241922449,2.3145201206207275,11.2,0.0,109.80232246594552,49.87689797783968,True,True,True,True,"Contact sheet reviewed: visible medium-hard partial_freeze_foreground; loser remains readable, reward_margin=0.120, sharpness_ratio=0.994, mean_absdiff=2.31, local_absdiff=6.35.",,True,TRAINABLE
v11_SYN_EXTRA_0194_04302_containment_orbit_left_44_seed43302_reobserve_mismatch_visible,TypeM_v11_synthetic_visible,synthetic_controlled,reobserve_mismatch_visible,04302_containment_orbit_left_44_seed43302,containment,orbit_left_44,local_assets/dpo_pair_factory_v10/recovered_conditions/04302_containment_orbit_left_44_seed43302/clean_future_5_80.mp4,local_assets/dpo_pair_factory_v11/synthetic_pairs_extra/pairs/v11_SYN_EXTRA_0194_04302_containment_orbit_left_44_seed43302_reobserve_mismatch_visible/loser_future.mp4,reports/dpo_pair_factory_v11/contact_sheets/v11_SYN_EXTRA_0194_04302_containment_orbit_left_44_seed43302_reobserve_mismatch_visible.jpg,True,True,76,832,480,True,True,60.8926,29.0754,2263.5857,2,1,1.0,0.88,0.12,38.16494774847951,0.997847855974886,0.9617588516789515,2.157734900712967,13.6,0.0,96.76448755508814,56.10234326657849,True,True,True,True,"Contact sheet reviewed: visible medium-hard reobserve_mismatch_visible; loser remains readable, reward_margin=0.120, sharpness_ratio=0.962, mean_absdiff=2.16, local_absdiff=7.13.",,True,TRAINABLE
v11_SYN_0572_03505_roll_orbit_right_60_seed42505_wrong_camera_motion_visible,TypeM_v11_synthetic_visible,synthetic_controlled,wrong_camera_motion_visible,03505_roll_orbit_right_60_seed42505,roll,orbit_right_60,local_assets/dpo_pair_factory_v10/recovered_conditions/03505_roll_orbit_right_60_seed42505/clean_future_5_80.mp4,local_assets/dpo_pair_factory_v11/synthetic_pairs/pairs/v11_SYN_0572_03505_roll_orbit_right_60_seed42505_wrong_camera_motion_visible/loser_future.mp4,reports/dpo_pair_factory_v11/contact_sheets/v11_SYN_0572_03505_roll_orbit_right_60_seed42505_wrong_camera_motion_visible.jpg,True,True,76,832,480,True,True,51.3287,23.1187,1646.8416,2,1,1.0,0.88,0.12,40.437408391987844,0.9990346278567237,0.9892735748913913,1.9884172677993774,6.4,0.0,77.68342911157852,42.048954540857096,True,True,True,True,"Contact sheet reviewed: visible medium-hard wrong_camera_motion_visible; loser remains readable, reward_margin=0.120, sharpness_ratio=0.989, mean_absdiff=1.99, local_absdiff=4.11.",,True,TRAINABLE
v11_SYN_0563_03494_roll_orbit_right_60_seed42494_background_drift_visible,TypeM_v11_synthetic_visible,synthetic_controlled,background_drift_visible,03494_roll_orbit_right_60_seed42494,roll,orbit_right_60,local_assets/dpo_pair_factory_v10/recovered_conditions/03494_roll_orbit_right_60_seed42494/clean_future_5_80.mp4,local_assets/dpo_pair_factory_v11/synthetic_pairs/pairs/v11_SYN_0563_03494_roll_orbit_right_60_seed42494_background_drift_visible/loser_future.mp4,reports/dpo_pair_factory_v11/contact_sheets/v11_SYN_0563_03494_roll_orbit_right_60_seed42494_background_drift_visible.jpg,True,True,76,832,480,True,True,61.2567,32.1885,2266.1601,2,1,1.0,0.88,0.12,39.09064994647413,0.9982554950467883,0.9661301569904173,2.146309494972229,8.8,0.0,90.62821764823718,44.55437911362624,True,True,True,True,"Contact sheet reviewed: visible medium-hard background_drift_visible; loser remains readable, reward_margin=0.120, sharpness_ratio=0.966, mean_absdiff=2.15, local_absdiff=6.40.",,True,TRAINABLE
v11_SYN_EXTRA_0061_02327_collision_strafe_left_180_seed41327_collision_response_failure_synthetic,TypeM_v11_synthetic_visible,synthetic_controlled,collision_response_failure_synthetic,02327_collision_strafe_left_180_seed41327,collision,strafe_left_180,local_assets/dpo_pair_factory_v10/recovered_conditions/02327_collision_strafe_left_180_seed41327/clean_future_5_80.mp4,local_assets/dpo_pair_factory_v11/synthetic_pairs_extra/pairs/v11_SYN_EXTRA_0061_02327_collision_strafe_left_180_seed41327_collision_response_failure_synthetic/loser_future.mp4,reports/dpo_pair_factory_v11/contact_sheets/v11_SYN_EXTRA_0061_02327_collision_strafe_left_180_seed41327_collision_response_failure_synthetic.jpg,True,True,76,832,480,True,True,83.9923,55.4747,2112.6009,2,1,1.0,0.88,0.12,38.53670238877018,0.9979854048716428,0.9988408666127142,2.0815442204475403,5.8613,0.0,128.96167931189905,62.64659081808806,True,True,True,True,"Contact sheet reviewed: visible medium-hard collision_response_failure_synthetic; loser remains readable, reward_margin=0.120, sharpness_ratio=0.999, mean_absdiff=2.08, local_absdiff=5.86.",,True,TRAINABLE
v11_SYN_0301_04342_containment_orbit_left_44_seed43342_containment_failure_synthetic,TypeM_v11_synthetic_visible,synthetic_controlled,containment_failure_synthetic,04342_containment_orbit_left_44_seed43342,containment,orbit_left_44,local_assets/dpo_pair_factory_v10/recovered_conditions/04342_containment_orbit_left_44_seed43342/clean_future_5_80.mp4,local_assets/dpo_pair_factory_v11/synthetic_pairs/pairs/v11_SYN_0301_04342_containment_orbit_left_44_seed43342_containment_failure_synthetic/loser_future.mp4,reports/dpo_pair_factory_v11/contact_sheets/v11_SYN_0301_04342_containment_orbit_left_44_seed43342_containment_failure_synthetic.jpg,True,True,76,832,480,True,True,77.616,38.8201,2372.953,2,1,1.0,0.871549,0.128451,38.419524386887446,0.9974279946133142,0.9888876063345631,2.2010723650455475,12.8,0.0,103.46791053185096,40.23944117424221,True,True,True,True,"Contact sheet reviewed: visible medium-hard containment_failure_synthetic; loser remains readable, reward_margin=0.128, sharpness_ratio=0.989, mean_absdiff=2.20, local_absdiff=8.99.",,True,TRAINABLE
v11_SYN_EXTRA_0048_02286_collision_orbit_right_64_seed41286_local_scene_patch_drift,TypeM_v11_synthetic_visible,synthetic_controlled,local_scene_patch_drift,02286_collision_orbit_right_64_seed41286,collision,orbit_right_64,local_assets/dpo_pair_factory_v10/recovered_conditions/02286_collision_orbit_right_64_seed41286/clean_future_5_80.mp4,local_assets/dpo_pair_factory_v11/synthetic_pairs_extra/pairs/v11_SYN_EXTRA_0048_02286_collision_orbit_right_64_seed41286_local_scene_patch_drift/loser_future.mp4,reports/dpo_pair_factory_v11/contact_sheets/v11_SYN_EXTRA_0048_02286_collision_orbit_right_64_seed41286_local_scene_patch_drift.jpg,True,True,76,832,480,True,True,54.4749,21.9987,2017.2811,2,1,1.0,0.88,0.12,40.24685967330765,0.9993674647769923,0.987563644840647,2.0106958746910095,6.4,0.0,87.8228277744391,55.305202619287286,True,True,True,True,"Contact sheet reviewed: visible medium-hard local_scene_patch_drift; loser remains readable, reward_margin=0.120, sharpness_ratio=0.988, mean_absdiff=2.01, local_absdiff=4.72.",,True,TRAINABLE
v11_SYN_0544_03472_roll_orbit_right_60_seed42472_partial_freeze_foreground,TypeM_v11_synthetic_visible,synthetic_controlled,partial_freeze_foreground,03472_roll_orbit_right_60_seed42472,roll,orbit_right_60,local_assets/dpo_pair_factory_v10/recovered_conditions/03472_roll_orbit_right_60_seed42472/clean_future_5_80.mp4,local_assets/dpo_pair_factory_v11/synthetic_pairs/pairs/v11_SYN_0544_03472_roll_orbit_right_60_seed42472_partial_freeze_foreground/loser_future.mp4,reports/dpo_pair_factory_v11/contact_sheets/v11_SYN_0544_03472_roll_orbit_right_60_seed42472_partial_freeze_foreground.jpg,True,True,76,832,480,True,True,72.2983,42.4752,2147.9791,2,1,1.0,0.784015,0.215985,36.23738561113747,0.9905888835662386,1.000939799220028,2.2583402693271637,24.4,0.0,99.31217009715544,43.45692189596579,True,True,True,True,"Contact sheet reviewed: visible medium-hard partial_freeze_foreground; loser remains readable, reward_margin=0.216, sharpness_ratio=1.001, mean_absdiff=2.26, local_absdiff=15.12.",,True,TRAINABLE
v11_SYN_EXTRA_0198_04339_containment_orbit_left_44_seed43339_reobserve_mismatch_visible,TypeM_v11_synthetic_visible,synthetic_controlled,reobserve_mismatch_visible,04339_containment_orbit_left_44_seed43339,containment,orbit_left_44,local_assets/dpo_pair_factory_v10/recovered_conditions/04339_containment_orbit_left_44_seed43339/clean_future_5_80.mp4,local_assets/dpo_pair_factory_v11/synthetic_pairs_extra/pairs/v11_SYN_EXTRA_0198_04339_containment_orbit_left_44_seed43339_reobserve_mismatch_visible/loser_future.mp4,reports/dpo_pair_factory_v11/contact_sheets/v11_SYN_EXTRA_0198_04339_containment_orbit_left_44_seed43339_reobserve_mismatch_visible.jpg,True,True,76,832,480,True,True,44.8716,27.9819,1231.3924,2,1,1.0,0.87158,0.12842,38.31229313759124,0.9979642556747077,0.9906745124289688,2.240478515625,18.4,0.0,72.0817364032452,54.149621451950225,True,True,True,True,"Contact sheet reviewed: visible medium-hard reobserve_mismatch_visible; loser remains readable, reward_margin=0.128, sharpness_ratio=0.991, mean_absdiff=2.24, local_absdiff=8.99.",,True,TRAINABLE
v11_SYN_0578_03533_roll_orbit_right_60_seed42533_wrong_camera_motion_visible,TypeM_v11_synthetic_visible,synthetic_controlled,wrong_camera_motion_visible,03533_roll_orbit_right_60_seed42533,roll,orbit_right_60,local_assets/dpo_pair_factory_v10/recovered_conditions/03533_roll_orbit_right_60_seed42533/clean_future_5_80.mp4,local_assets/dpo_pair_factory_v11/synthetic_pairs/pairs/v11_SYN_0578_03533_roll_orbit_right_60_seed42533_wrong_camera_motion_visible/loser_future.mp4,reports/dpo_pair_factory_v11/contact_sheets/v11_SYN_0578_03533_roll_orbit_right_60_seed42533_wrong_camera_motion_visible.jpg,True,True,76,832,480,True,True,68.8,46.7623,2268.175,2,1,1.0,0.88,0.12,39.211163132097916,0.9987605043145479,0.9878162404676173,2.118930220603943,6.4,0.0,93.34735827323718,50.97216226497719,True,True,True,True,"Contact sheet reviewed: visible medium-hard wrong_camera_motion_visible; loser remains readable, reward_margin=0.120, sharpness_ratio=0.988, mean_absdiff=2.12, local_absdiff=4.98.",,True,TRAINABLE
v11_SYN_0581_03533_roll_orbit_right_60_seed42533_background_drift_visible,TypeM_v11_synthetic_visible,synthetic_controlled,background_drift_visible,03533_roll_orbit_right_60_seed42533,roll,orbit_right_60,local_assets/dpo_pair_factory_v10/recovered_conditions/03533_roll_orbit_right_60_seed42533/clean_future_5_80.mp4,local_assets/dpo_pair_factory_v11/synthetic_pairs/pairs/v11_SYN_0581_03533_roll_orbit_right_60_seed42533_background_drift_visible/loser_future.mp4,reports/dpo_pair_factory_v11/contact_sheets/v11_SYN_0581_03533_roll_orbit_right_60_seed42533_background_drift_visible.jpg,True,True,76,832,480,True,True,68.5197,46.6341,2237.0755,2,1,1.0,0.88,0.12,37.84799943561242,0.9964484382572375,0.9749610904048063,2.313145160675049,11.6,0.0,93.30226675180288,50.88995504485673,True,True,True,True,"Contact sheet reviewed: visible medium-hard background_drift_visible; loser remains readable, reward_margin=0.120, sharpness_ratio=0.975, mean_absdiff=2.31, local_absdiff=8.30.",,True,TRAINABLE
v11_SYN_0097_02328_collision_orbit_right_64_seed41328_collision_response_failure_synthetic,TypeM_v11_synthetic_visible,synthetic_controlled,collision_response_failure_synthetic,02328_collision_orbit_right_64_seed41328,collision,orbit_right_64,local_assets/dpo_pair_factory_v10/recovered_conditions/02328_collision_orbit_right_64_seed41328/clean_future_5_80.mp4,local_assets/dpo_pair_factory_v11/synthetic_pairs/pairs/v11_SYN_0097_02328_collision_orbit_right_64_seed41328_collision_response_failure_synthetic/loser_future.mp4,reports/dpo_pair_factory_v11/contact_sheets/v11_SYN_0097_02328_collision_orbit_right_64_seed41328_collision_response_failure_synthetic.jpg,True,True,76,832,480,True,True,79.5216,52.8614,2108.506,2,1,1.0,0.88,0.12,40.02334272426795,0.9995304140417105,0.9856977673411405,2.062661111354828,6.4,0.0,121.18838767027243,62.079226265328025,True,True,True,True,"Contact sheet reviewed: visible medium-hard collision_response_failure_synthetic; loser remains readable, reward_margin=0.120, sharpness_ratio=0.986, mean_absdiff=2.06, local_absdiff=3.95.",,True,TRAINABLE
v11_SYN_EXTRA_0201_04342_containment_orbit_left_44_seed43342_containment_failure_synthetic,TypeM_v11_synthetic_visible,synthetic_controlled,containment_failure_synthetic,04342_containment_orbit_left_44_seed43342,containment,orbit_left_44,local_assets/dpo_pair_factory_v10/recovered_conditions/04342_containment_orbit_left_44_seed43342/clean_future_5_80.mp4,local_assets/dpo_pair_factory_v11/synthetic_pairs_extra/pairs/v11_SYN_EXTRA_0201_04342_containment_orbit_left_44_seed43342_containment_failure_synthetic/loser_future.mp4,reports/dpo_pair_factory_v11/contact_sheets/v11_SYN_EXTRA_0201_04342_containment_orbit_left_44_seed43342_containment_failure_synthetic.jpg,True,True,76,832,480,True,True,77.6047,38.8008,2355.9333,2,1,1.0,0.88,0.12,39.15158643562381,0.9970473415689906,0.9873119826487352,2.199713706970215,12.4,0.0,103.47831029647436,40.22426718106704,True,True,True,True,"Contact sheet reviewed: visible medium-hard containment_failure_synthetic; loser remains readable, reward_margin=0.120, sharpness_ratio=0.987, mean_absdiff=2.20, local_absdiff=6.53.",,True,TRAINABLE
v11_SYN_0076_02288_collision_orbit_right_64_seed41288_local_scene_patch_drift,TypeM_v11_synthetic_visible,synthetic_controlled,local_scene_patch_drift,02288_collision_orbit_right_64_seed41288,collision,orbit_right_64,local_assets/dpo_pair_factory_v10/recovered_conditions/02288_collision_orbit_right_64_seed41288/clean_future_5_80.mp4,local_assets/dpo_pair_factory_v11/synthetic_pairs/pairs/v11_SYN_0076_02288_collision_orbit_right_64_seed41288_local_scene_patch_drift/loser_future.mp4,reports/dpo_pair_factory_v11/contact_sheets/v11_SYN_0076_02288_collision_orbit_right_64_seed41288_local_scene_patch_drift.jpg,True,True,76,832,480,True,True,51.5827,22.0014,1967.8805,2,1,1.0,0.88,0.12,38.798101429197,0.9978592923712178,0.9681394889367284,2.242083817720413,9.2,0.0,76.11794183193109,42.39621861993382,True,True,True,True,"Contact sheet reviewed: visible medium-hard local_scene_patch_drift; loser remains readable, reward_margin=0.120, sharpness_ratio=0.968, mean_absdiff=2.24, local_absdiff=6.53.",,True,TRAINABLE
v11_SYN_0066_02284_collision_orbit_right_64_seed41284_object_identity_color_shift,TypeM_v11_synthetic_visible,synthetic_controlled,object_identity_color_shift,02284_collision_orbit_right_64_seed41284,collision,orbit_right_64,local_assets/dpo_pair_factory_v10/recovered_conditions/02284_collision_orbit_right_64_seed41284/clean_future_5_80.mp4,local_assets/dpo_pair_factory_v11/synthetic_pairs/pairs/v11_SYN_0066_02284_collision_orbit_right_64_seed41284_object_identity_color_shift/loser_future.mp4,reports/dpo_pair_factory_v11/contact_sheets/v11_SYN_0066_02284_collision_orbit_right_64_seed41284_object_identity_color_shift.jpg,True,True,76,832,480,True,True,59.9202,30.7503,2285.0058,2,1,1.0,0.88,0.12,38.57425191567286,0.9992588708639079,0.9988431602513259,2.1491114795207977,11.2,0.0,96.97089468149039,55.02488330648413,True,True,True,True,"Contact sheet reviewed: visible medium-hard object_identity_color_shift; loser remains readable, reward_margin=0.120, sharpness_ratio=0.999, mean_absdiff=2.15, local_absdiff=8.19.",,True,TRAINABLE
v11_SYN_0550_03477_roll_orbit_right_60_seed42477_partial_freeze_foreground,TypeM_v11_synthetic_visible,synthetic_controlled,partial_freeze_foreground,03477_roll_orbit_right_60_seed42477,roll,orbit_right_60,local_assets/dpo_pair_factory_v10/recovered_conditions/03477_roll_orbit_right_60_seed42477/clean_future_5_80.mp4,local_assets/dpo_pair_factory_v11/synthetic_pairs/pairs/v11_SYN_0550_03477_roll_orbit_right_60_seed42477_partial_freeze_foreground/loser_future.mp4,reports/dpo_pair_factory_v11/contact_sheets/v11_SYN_0550_03477_roll_orbit_right_60_seed42477_partial_freeze_foreground.jpg,True,True,76,832,480,True,True,70.4875,37.8222,1823.4828,2,1,1.0,0.877177,0.122823,38.74291580929132,0.9972073391716161,0.9930291504269888,2.077364832162857,12.4,0.0,97.88372458433494,40.48531343684695,True,True,True,True,"Contact sheet reviewed: visible medium-hard partial_freeze_foreground; loser remains readable, reward_margin=0.123, sharpness_ratio=0.993, mean_absdiff=2.08, local_absdiff=8.60.",,True,TRAINABLE
v11_SYN_0302_04342_containment_orbit_left_44_seed43342_reobserve_mismatch_visible,TypeM_v11_synthetic_visible,synthetic_controlled,reobserve_mismatch_visible,04342_containment_orbit_left_44_seed43342,containment,orbit_left_44,local_assets/dpo_pair_factory_v10/recovered_conditions/04342_containment_orbit_left_44_seed43342/clean_future_5_80.mp4,local_assets/dpo_pair_factory_v11/synthetic_pairs/pairs/v11_SYN_0302_04342_containment_orbit_left_44_seed43342_reobserve_mismatch_visible/loser_future.mp4,reports/dpo_pair_factory_v11/contact_sheets/v11_SYN_0302_04342_containment_orbit_left_44_seed43342_reobserve_mismatch_visible.jpg,True,True,76,832,480,True,True,77.5457,38.8661,2370.0776,2,1,1.0,0.88,0.12,39.39719844459445,0.9976246845623558,0.9969869602251422,2.121087670326233,10.0,0.0,103.46667981270032,40.275673096188235,True,True,True,True,"Contact sheet reviewed: visible medium-hard reobserve_mismatch_visible; loser remains readable, reward_margin=0.120, sharpness_ratio=0.997, mean_absdiff=2.12, local_absdiff=5.48.",,True,TRAINABLE
v11_SYN_0584_03536_roll_orbit_right_60_seed42536_wrong_camera_motion_visible,TypeM_v11_synthetic_visible,synthetic_controlled,wrong_camera_motion_visible,03536_roll_orbit_right_60_seed42536,roll,orbit_right_60,local_assets/dpo_pair_factory_v10/recovered_conditions/03536_roll_orbit_right_60_seed42536/clean_future_5_80.mp4,local_assets/dpo_pair_factory_v11/synthetic_pairs/pairs/v11_SYN_0584_03536_roll_orbit_right_60_seed42536_wrong_camera_motion_visible/loser_future.mp4,reports/dpo_pair_factory_v11/contact_sheets/v11_SYN_0584_03536_roll_orbit_right_60_seed42536_wrong_camera_motion_visible.jpg,True,True,76,832,480,True,True,80.324,49.8388,2011.3943,2,1,1.0,0.88,0.12,39.39064508928958,0.9983868582667575,0.9930549289652593,1.99984809756279,8.4,0.0,110.38147974258814,48.07853888513722,True,True,True,True,"Contact sheet reviewed: visible medium-hard wrong_camera_motion_visible; loser remains readable, reward_margin=0.120, sharpness_ratio=0.993, mean_absdiff=2.00, local_absdiff=4.98.",,True,TRAINABLE
v11_SYN_0587_03536_roll_orbit_right_60_seed42536_background_drift_visible,TypeM_v11_synthetic_visible,synthetic_controlled,background_drift_visible,03536_roll_orbit_right_60_seed42536,roll,orbit_right_60,local_assets/dpo_pair_factory_v10/recovered_conditions/03536_roll_orbit_right_60_seed42536/clean_future_5_80.mp4,local_assets/dpo_pair_factory_v11/synthetic_pairs/pairs/v11_SYN_0587_03536_roll_orbit_right_60_seed42536_background_drift_visible/loser_future.mp4,reports/dpo_pair_factory_v11/contact_sheets/v11_SYN_0587_03536_roll_orbit_right_60_seed42536_background_drift_visible.jpg,True,True,76,832,480,True,True,80.0974,49.8411,1976.2655,2,1,1.0,0.88,0.12,39.976278085592384,0.9985125151189382,0.983429142476538,2.0045560598373413,5.6,0.0,110.37559219751603,48.06507036884136,True,True,True,True,"Contact sheet reviewed: visible medium-hard background_drift_visible; loser remains readable, reward_margin=0.120, sharpness_ratio=0.983, mean_absdiff=2.00, local_absdiff=4.27.",,True,TRAINABLE
v11_SYN_EXTRA_0065_02328_collision_orbit_right_64_seed41328_collision_response_failure_synthetic,TypeM_v11_synthetic_visible,synthetic_controlled,collision_response_failure_synthetic,02328_collision_orbit_right_64_seed41328,collision,orbit_right_64,local_assets/dpo_pair_factory_v10/recovered_conditions/02328_collision_orbit_right_64_seed41328/clean_future_5_80.mp4,local_assets/dpo_pair_factory_v11/synthetic_pairs_extra/pairs/v11_SYN_EXTRA_0065_02328_collision_orbit_right_64_seed41328_collision_response_failure_synthetic/loser_future.mp4,reports/dpo_pair_factory_v11/contact_sheets/v11_SYN_EXTRA_0065_02328_collision_orbit_right_64_seed41328_collision_response_failure_synthetic.jpg,True,True,76,832,480,True,True,79.4699,52.8561,2120.1399,2,1,1.0,0.869235,0.130765,36.7401018845589,0.9979764228005072,0.9955002152428691,2.224370062351227,24.8,0.0,121.1813464042468,62.02799150601201,True,True,True,True,"Contact sheet reviewed: visible medium-hard collision_response_failure_synthetic; loser remains readable, reward_margin=0.131, sharpness_ratio=0.996, mean_absdiff=2.22, local_absdiff=9.15.",,True,TRAINABLE
v11_SYN_0307_04346_containment_orbit_left_44_seed43346_containment_failure_synthetic,TypeM_v11_synthetic_visible,synthetic_controlled,containment_failure_synthetic,04346_containment_orbit_left_44_seed43346,containment,orbit_left_44,local_assets/dpo_pair_factory_v10/recovered_conditions/04346_containment_orbit_left_44_seed43346/clean_future_5_80.mp4,local_assets/dpo_pair_factory_v11/synthetic_pairs/pairs/v11_SYN_0307_04346_containment_orbit_left_44_seed43346_containment_failure_synthetic/loser_future.mp4,reports/dpo_pair_factory_v11/contact_sheets/v11_SYN_0307_04346_containment_orbit_left_44_seed43346_containment_failure_synthetic.jpg,True,True,76,832,480,True,True,64.9217,30.7073,1773.9321,2,1,1.0,0.88,0.12,37.70848796830468,0.9948577971320023,0.9878374430225031,2.1074016094207764,22.0,0.0,90.27157389322917,38.12942128826497,True,True,True,True,"Contact sheet reviewed: visible medium-hard containment_failure_synthetic; loser remains readable, reward_margin=0.120, sharpness_ratio=0.988, mean_absdiff=2.11, local_absdiff=7.94.",,True,TRAINABLE
v11_SYN_EXTRA_0052_02288_collision_orbit_right_64_seed41288_local_scene_patch_drift,TypeM_v11_synthetic_visible,synthetic_controlled,local_scene_patch_drift,02288_collision_orbit_right_64_seed41288,collision,orbit_right_64,local_assets/dpo_pair_factory_v10/recovered_conditions/02288_collision_orbit_right_64_seed41288/clean_future_5_80.mp4,local_assets/dpo_pair_factory_v11/synthetic_pairs_extra/pairs/v11_SYN_EXTRA_0052_02288_collision_orbit_right_64_seed41288_local_scene_patch_drift/loser_future.mp4,reports/dpo_pair_factory_v11/contact_sheets/v11_SYN_EXTRA_0052_02288_collision_orbit_right_64_seed41288_local_scene_patch_drift.jpg,True,True,76,832,480,True,True,51.5868,22.0015,1966.3844,2,1,1.0,0.88,0.12,40.49225555619282,0.9989872399404287,0.9857994987344942,2.06381818652153,6.0,0.0,76.11418895232372,42.42382253387208,True,True,True,True,"Contact sheet reviewed: visible medium-hard local_scene_patch_drift; loser remains readable, reward_margin=0.120, sharpness_ratio=0.986, mean_absdiff=2.06, local_absdiff=3.75.",,True,TRAINABLE
v11_SYN_0072_02286_collision_orbit_right_64_seed41286_object_identity_color_shift,TypeM_v11_synthetic_visible,synthetic_controlled,object_identity_color_shift,02286_collision_orbit_right_64_seed41286,collision,orbit_right_64,local_assets/dpo_pair_factory_v10/recovered_conditions/02286_collision_orbit_right_64_seed41286/clean_future_5_80.mp4,local_assets/dpo_pair_factory_v11/synthetic_pairs/pairs/v11_SYN_0072_02286_collision_orbit_right_64_seed41286_object_identity_color_shift/loser_future.mp4,reports/dpo_pair_factory_v11/contact_sheets/v11_SYN_0072_02286_collision_orbit_right_64_seed41286_object_identity_color_shift.jpg,True,True,76,832,480,True,True,54.5411,22.1089,2050.1824,2,1,1.0,0.87412,0.12588,38.40775870346323,0.9993707675842751,0.9982269718606775,2.184841573238373,11.2,0.0,87.6364245292468,55.43266717947401,True,True,True,True,"Contact sheet reviewed: visible medium-hard object_identity_color_shift; loser remains readable, reward_margin=0.126, sharpness_ratio=0.998, mean_absdiff=2.18, local_absdiff=8.81.",,True,TRAINABLE
v11_SYN_0556_03484_roll_orbit_right_60_seed42484_partial_freeze_foreground,TypeM_v11_synthetic_visible,synthetic_controlled,partial_freeze_foreground,03484_roll_orbit_right_60_seed42484,roll,orbit_right_60,local_assets/dpo_pair_factory_v10/recovered_conditions/03484_roll_orbit_right_60_seed42484/clean_future_5_80.mp4,local_assets/dpo_pair_factory_v11/synthetic_pairs/pairs/v11_SYN_0556_03484_roll_orbit_right_60_seed42484_partial_freeze_foreground/loser_future.mp4,reports/dpo_pair_factory_v11/contact_sheets/v11_SYN_0556_03484_roll_orbit_right_60_seed42484_partial_freeze_foreground.jpg,True,True,76,832,480,True,True,72.1605,38.4804,1786.4991,2,1,1.0,0.88,0.12,39.03846296220809,0.9955601347649851,0.9963717194062099,1.9913568198680878,6.0,0.0,100.27191506410256,40.016721258372414,True,True,True,True,"Contact sheet reviewed: visible medium-hard partial_freeze_foreground; loser remains readable, reward_margin=0.120, sharpness_ratio=0.996, mean_absdiff=1.99, local_absdiff=5.08.",,True,TRAINABLE
v11_SYN_EXTRA_0202_04342_containment_orbit_left_44_seed43342_reobserve_mismatch_visible,TypeM_v11_synthetic_visible,synthetic_controlled,reobserve_mismatch_visible,04342_containment_orbit_left_44_seed43342,containment,orbit_left_44,local_assets/dpo_pair_factory_v10/recovered_conditions/04342_containment_orbit_left_44_seed43342/clean_future_5_80.mp4,local_assets/dpo_pair_factory_v11/synthetic_pairs_extra/pairs/v11_SYN_EXTRA_0202_04342_containment_orbit_left_44_seed43342_reobserve_mismatch_visible/loser_future.mp4,reports/dpo_pair_factory_v11/contact_sheets/v11_SYN_EXTRA_0202_04342_containment_orbit_left_44_seed43342_reobserve_mismatch_visible.jpg,True,True,76,832,480,True,True,77.5458,38.8653,2368.6046,2,1,1.0,0.88,0.12,38.87357604098632,0.996468394017205,0.9959636366615622,2.1889010071754456,13.2,0.0,103.46884765625,40.275121623636,True,True,True,True,"Contact sheet reviewed: visible medium-hard reobserve_mismatch_visible; loser remains readable, reward_margin=0.120, sharpness_ratio=0.996, mean_absdiff=2.19, local_absdiff=6.22.",,True,TRAINABLE
v11_SYN_0596_03544_roll_orbit_right_60_seed42544_wrong_camera_motion_visible,TypeM_v11_synthetic_visible,synthetic_controlled,wrong_camera_motion_visible,03544_roll_orbit_right_60_seed42544,roll,orbit_right_60,local_assets/dpo_pair_factory_v10/recovered_conditions/03544_roll_orbit_right_60_seed42544/clean_future_5_80.mp4,local_assets/dpo_pair_factory_v11/synthetic_pairs/pairs/v11_SYN_0596_03544_roll_orbit_right_60_seed42544_wrong_camera_motion_visible/loser_future.mp4,reports/dpo_pair_factory_v11/contact_sheets/v11_SYN_0596_03544_roll_orbit_right_60_seed42544_wrong_camera_motion_visible.jpg,True,True,76,832,480,True,True,70.5823,37.7682,2081.5425,2,1,1.0,0.88,0.12,38.89000524238236,0.998447951960936,0.9875750801901023,2.154504507780075,5.6,0.0,100.86639435596955,46.60529863726224,True,True,True,True,"Contact sheet reviewed: visible medium-hard wrong_camera_motion_visible; loser remains readable, reward_margin=0.120, sharpness_ratio=0.988, mean_absdiff=2.15, local_absdiff=5.11.",,True,TRAINABLE
v11_SYN_0593_03542_roll_orbit_right_60_seed42542_background_drift_visible,TypeM_v11_synthetic_visible,synthetic_controlled,background_drift_visible,03542_roll_orbit_right_60_seed42542,roll,orbit_right_60,local_assets/dpo_pair_factory_v10/recovered_conditions/03542_roll_orbit_right_60_seed42542/clean_future_5_80.mp4,local_assets/dpo_pair_factory_v11/synthetic_pairs/pairs/v11_SYN_0593_03542_roll_orbit_right_60_seed42542_background_drift_visible/loser_future.mp4,reports/dpo_pair_factory_v11/contact_sheets/v11_SYN_0593_03542_roll_orbit_right_60_seed42542_background_drift_visible.jpg,True,True,76,832,480,True,True,74.8165,41.7748,1978.9182,2,1,1.0,0.88,0.12,39.436973233680305,0.9981348842013983,0.9642289864661266,1.9838226437568665,9.2,0.0,103.39520670572917,42.19990835825129,True,True,True,True,"Contact sheet reviewed: visible medium-hard background_drift_visible; loser remains readable, reward_margin=0.120, sharpness_ratio=0.964, mean_absdiff=1.98, local_absdiff=6.63.",,True,TRAINABLE
v11_SYN_0103_02353_collision_strafe_left_180_seed41353_collision_response_failure_synthetic,TypeM_v11_synthetic_visible,synthetic_controlled,collision_response_failure_synthetic,02353_collision_strafe_left_180_seed41353,collision,strafe_left_180,local_assets/dpo_pair_factory_v10/recovered_conditions/02353_collision_strafe_left_180_seed41353/clean_future_5_80.mp4,local_assets/dpo_pair_factory_v11/synthetic_pairs/pairs/v11_SYN_0103_02353_collision_strafe_left_180_seed41353_collision_response_failure_synthetic/loser_future.mp4,reports/dpo_pair_factory_v11/contact_sheets/v11_SYN_0103_02353_collision_strafe_left_180_seed41353_collision_response_failure_synthetic.jpg,True,True,76,832,480,True,True,69.7117,40.6403,1883.1312,2,1,1.0,0.88,0.12,38.98971403552897,0.9975825247517589,0.9938427895273488,2.0117058157920837,8.0,0.0,99.1245617988782,44.91841264403058,True,True,True,True,"Contact sheet reviewed: visible medium-hard collision_response_failure_synthetic; loser remains readable, reward_margin=0.120, sharpness_ratio=0.994, mean_absdiff=2.01, local_absdiff=6.42.",,True,TRAINABLE
v11_SYN_EXTRA_0205_04346_containment_orbit_left_44_seed43346_containment_failure_synthetic,TypeM_v11_synthetic_visible,synthetic_controlled,containment_failure_synthetic,04346_containment_orbit_left_44_seed43346,containment,orbit_left_44,local_assets/dpo_pair_factory_v10/recovered_conditions/04346_containment_orbit_left_44_seed43346/clean_future_5_80.mp4,local_assets/dpo_pair_factory_v11/synthetic_pairs_extra/pairs/v11_SYN_EXTRA_0205_04346_containment_orbit_left_44_seed43346_containment_failure_synthetic/loser_future.mp4,reports/dpo_pair_factory_v11/contact_sheets/v11_SYN_EXTRA_0205_04346_containment_orbit_left_44_seed43346_containment_failure_synthetic.jpg,True,True,76,832,480,True,True,64.5655,30.4742,1778.2294,2,1,1.0,0.88,0.12,39.213225498218804,0.9962271279243369,0.9878336068082375,2.1750354766845703,12.0,0.0,89.9802959735577,38.16485538478206,True,True,True,True,"Contact sheet reviewed: visible medium-hard containment_failure_synthetic; loser remains readable, reward_margin=0.120, sharpness_ratio=0.988, mean_absdiff=2.18, local_absdiff=6.32.",,True,TRAINABLE
v11_SYN_EXTRA_0056_02292_collision_orbit_right_64_seed41292_local_scene_patch_drift,TypeM_v11_synthetic_visible,synthetic_controlled,local_scene_patch_drift,02292_collision_orbit_right_64_seed41292,collision,orbit_right_64,local_assets/dpo_pair_factory_v10/recovered_conditions/02292_collision_orbit_right_64_seed41292/clean_future_5_80.mp4,local_assets/dpo_pair_factory_v11/synthetic_pairs_extra/pairs/v11_SYN_EXTRA_0056_02292_collision_orbit_right_64_seed41292_local_scene_patch_drift/loser_future.mp4,reports/dpo_pair_factory_v11/contact_sheets/v11_SYN_EXTRA_0056_02292_collision_orbit_right_64_seed41292_local_scene_patch_drift.jpg,True,True,76,832,480,True,True,69.0603,42.1976,1942.4787,2,1,1.0,0.88,0.12,40.283025707675606,0.9992342683785401,0.9786991411325262,2.058475375175476,6.4,0.0,101.92200896434294,48.629227611181065,True,True,True,True,"Contact sheet reviewed: visible medium-hard local_scene_patch_drift; loser remains readable, reward_margin=0.120, sharpness_ratio=0.979, mean_absdiff=2.06, local_absdiff=4.59.",,True,TRAINABLE
v11_SYN_0078_02288_collision_orbit_right_64_seed41288_object_identity_color_shift,TypeM_v11_synthetic_visible,synthetic_controlled,object_identity_color_shift,02288_collision_orbit_right_64_seed41288,collision,orbit_right_64,local_assets/dpo_pair_factory_v10/recovered_conditions/02288_collision_orbit_right_64_seed41288/clean_future_5_80.mp4,local_assets/dpo_pair_factory_v11/synthetic_pairs/pairs/v11_SYN_0078_02288_collision_orbit_right_64_seed41288_object_identity_color_shift/loser_future.mp4,reports/dpo_pair_factory_v11/contact_sheets/v11_SYN_0078_02288_collision_orbit_right_64_seed41288_object_identity_color_shift.jpg,True,True,76,832,480,True,True,51.6729,22.1817,2000.1125,2,1,1.0,0.863797,0.136203,38.54127617209517,0.9992291161167232,0.9976059009366417,2.220909744501114,10.8,0.0,76.00509377504007,42.51412084904748,True,True,True,True,"Contact sheet reviewed: visible medium-hard object_identity_color_shift; loser remains readable, reward_margin=0.136, sharpness_ratio=0.998, mean_absdiff=2.22, local_absdiff=9.53.",,True,TRAINABLE
v11_SYN_0562_03494_roll_orbit_right_60_seed42494_partial_freeze_foreground,TypeM_v11_synthetic_visible,synthetic_controlled,partial_freeze_foreground,03494_roll_orbit_right_60_seed42494,roll,orbit_right_60,local_assets/dpo_pair_factory_v10/recovered_conditions/03494_roll_orbit_right_60_seed42494/clean_future_5_80.mp4,local_assets/dpo_pair_factory_v11/synthetic_pairs/pairs/v11_SYN_0562_03494_roll_orbit_right_60_seed42494_partial_freeze_foreground/loser_future.mp4,reports/dpo_pair_factory_v11/contact_sheets/v11_SYN_0562_03494_roll_orbit_right_60_seed42494_partial_freeze_foreground.jpg,True,True,76,832,480,True,True,61.358,32.2841,2301.6643,2,1,1.0,0.88,0.12,38.382244431438025,0.9967292147572719,0.9964847743077455,2.0879123210906982,7.6,0.0,90.72937700320514,44.59333022228681,True,True,True,True,"Contact sheet reviewed: visible medium-hard partial_freeze_foreground; loser remains readable, reward_margin=0.120, sharpness_ratio=0.996, mean_absdiff=2.09, local_absdiff=5.74.",,True,TRAINABLE
v11_SYN_0308_04346_containment_orbit_left_44_seed43346_reobserve_mismatch_visible,TypeM_v11_synthetic_visible,synthetic_controlled,reobserve_mismatch_visible,04346_containment_orbit_left_44_seed43346,containment,orbit_left_44,local_assets/dpo_pair_factory_v10/recovered_conditions/04346_containment_orbit_left_44_seed43346/clean_future_5_80.mp4,local_assets/dpo_pair_factory_v11/synthetic_pairs/pairs/v11_SYN_0308_04346_containment_orbit_left_44_seed43346_reobserve_mismatch_visible/loser_future.mp4,reports/dpo_pair_factory_v11/contact_sheets/v11_SYN_0308_04346_containment_orbit_left_44_seed43346_reobserve_mismatch_visible.jpg,True,True,76,832,480,True,True,64.5618,30.5357,1773.736,2,1,1.0,0.876408,0.123592,38.529214060218045,0.992955855069606,0.9966534150217914,2.2458078861236572,18.8,0.0,90.07567482972757,38.15047242788294,True,True,True,True,"Contact sheet reviewed: visible medium-hard reobserve_mismatch_visible; loser remains readable, reward_margin=0.124, sharpness_ratio=0.997, mean_absdiff=2.25, local_absdiff=8.65.",,True,TRAINABLE
v11_SYN_0480_v6b_GT_C_001_01014_drop_orbit_left_72_seed40014_wrong_camera_motion_visible,TypeM_v11_synthetic_visible,synthetic_controlled,wrong_camera_motion_visible,v6b_GT_C_001_01014_drop_orbit_left_72_seed40014,drop,orbit_left_72,/home/nvme04/workspace/world_model_phys/PHYS/world_model_phys_stageA_v5_broad_lora_work/local_assets/targeted_BC_loser_mining_v6b/conditions/01014_drop_orbit_left_72_seed40014/clean_future_5_80.mp4,local_assets/dpo_pair_factory_v11/synthetic_pairs/pairs/v11_SYN_0480_v6b_GT_C_001_01014_drop_orbit_left_72_seed40014_wrong_camera_motion_visible/loser_future.mp4,reports/dpo_pair_factory_v11/contact_sheets/v11_SYN_0480_v6b_GT_C_001_01014_drop_orbit_left_72_seed40014_wrong_camera_motion_visible.jpg,True,True,76,832,480,True,True,87.7023,60.8959,2727.2663,2,1,1.0,0.88,0.12,39.381393020509975,0.9988285571858796,0.9873679586040168,2.0964858531951904,8.4,0.0,102.85498547676282,54.62850278098734,True,True,True,True,"Contact sheet reviewed: visible medium-hard wrong_camera_motion_visible; loser remains readable, reward_margin=0.120, sharpness_ratio=0.987, mean_absdiff=2.10, local_absdiff=5.96.",,True,TRAINABLE
v11_SYN_0029_02226_collision_orbit_right_64_seed41226_background_drift_visible,TypeM_v11_synthetic_visible,synthetic_controlled,background_drift_visible,1cbeaad951cb1cf61abfeec4304bcdcf82c3013ecb9e22df3497c7ee5a143dbe,collision,orbit_right_64,local_assets/dpo_prefix5_pairs_20260627_031729/clean_futures/02226_collision_orbit_right_64_seed41226/clean_future_5_80.mp4,local_assets/dpo_pair_factory_v11/synthetic_pairs/pairs/v11_SYN_0029_02226_collision_orbit_right_64_seed41226_background_drift_visible/loser_future.mp4,reports/dpo_pair_factory_v11/contact_sheets/v11_SYN_0029_02226_collision_orbit_right_64_seed41226_background_drift_visible.jpg,True,True,76,832,480,True,True,62.7403,35.552,2174.0409,2,1,1.0,0.88,0.12,39.686325567775306,0.999187896297865,0.9815448094165037,2.123712331056595,8.4,0.0,101.84945976061698,57.56598853657745,True,True,True,True,"Contact sheet reviewed: visible medium-hard background_drift_visible; loser remains readable, reward_margin=0.120, sharpness_ratio=0.982, mean_absdiff=2.12, local_absdiff=4.70.",,True,TRAINABLE
v11_SYN_EXTRA_0069_02353_collision_strafe_left_180_seed41353_collision_response_failure_synthetic,TypeM_v11_synthetic_visible,synthetic_controlled,collision_response_failure_synthetic,02353_collision_strafe_left_180_seed41353,collision,strafe_left_180,local_assets/dpo_pair_factory_v10/recovered_conditions/02353_collision_strafe_left_180_seed41353/clean_future_5_80.mp4,local_assets/dpo_pair_factory_v11/synthetic_pairs_extra/pairs/v11_SYN_EXTRA_0069_02353_collision_strafe_left_180_seed41353_collision_response_failure_synthetic/loser_future.mp4,reports/dpo_pair_factory_v11/contact_sheets/v11_SYN_EXTRA_0069_02353_collision_strafe_left_180_seed41353_collision_response_failure_synthetic.jpg,True,True,76,832,480,True,True,69.7306,40.6637,1880.1831,2,1,1.0,0.875376,0.124624,37.92786923500979,0.9966016600247137,0.9925766438631326,2.0582240223884583,19.6,0.0,99.27396709735578,44.82666825190309,True,True,True,True,"Contact sheet reviewed: visible medium-hard collision_response_failure_synthetic; loser remains readable, reward_margin=0.125, sharpness_ratio=0.993, mean_absdiff=2.06, local_absdiff=8.72.",,True,TRAINABLE
v11_SYN_0313_04351_containment_orbit_left_44_seed43351_containment_failure_synthetic,TypeM_v11_synthetic_visible,synthetic_controlled,containment_failure_synthetic,04351_containment_orbit_left_44_seed43351,containment,orbit_left_44,local_assets/dpo_pair_factory_v10/recovered_conditions/04351_containment_orbit_left_44_seed43351/clean_future_5_80.mp4,local_assets/dpo_pair_factory_v11/synthetic_pairs/pairs/v11_SYN_0313_04351_containment_orbit_left_44_seed43351_containment_failure_synthetic/loser_future.mp4,reports/dpo_pair_factory_v11/contact_sheets/v11_SYN_0313_04351_containment_orbit_left_44_seed43351_containment_failure_synthetic.jpg,True,True,76,832,480,True,True,76.4737,40.6523,2248.6367,2,1,1.0,0.88,0.12,38.3893354394758,0.9941861458617771,0.991614607229919,2.293824464082718,19.2,0.0,100.86898725460736,40.655739440375896,True,True,True,True,"Contact sheet reviewed: visible medium-hard containment_failure_synthetic; loser remains readable, reward_margin=0.120, sharpness_ratio=0.992, mean_absdiff=2.29, local_absdiff=7.81.",,True,TRAINABLE
v11_SYN_0088_02295_collision_strafe_left_180_seed41295_local_scene_patch_drift,TypeM_v11_synthetic_visible,synthetic_controlled,local_scene_patch_drift,02295_collision_strafe_left_180_seed41295,collision,strafe_left_180,local_assets/dpo_pair_factory_v10/recovered_conditions/02295_collision_strafe_left_180_seed41295/clean_future_5_80.mp4,local_assets/dpo_pair_factory_v11/synthetic_pairs/pairs/v11_SYN_0088_02295_collision_strafe_left_180_seed41295_local_scene_patch_drift/loser_future.mp4,reports/dpo_pair_factory_v11/contact_sheets/v11_SYN_0088_02295_collision_strafe_left_180_seed41295_local_scene_patch_drift.jpg,True,True,76,832,480,True,True,81.5667,55.7053,1990.6137,2,1,1.0,0.88,0.12,39.16653431577443,0.9995345420967828,0.9714167462116053,2.121581047773361,7.6,0.0,127.36690517327725,65.50624951557847,True,True,True,True,"Contact sheet reviewed: visible medium-hard local_scene_patch_drift; loser remains readable, reward_margin=0.120, sharpness_ratio=0.971, mean_absdiff=2.12, local_absdiff=5.26.",,True,TRAINABLE
v11_SYN_0084_02292_collision_orbit_right_64_seed41292_object_identity_color_shift,TypeM_v11_synthetic_visible,synthetic_controlled,object_identity_color_shift,02292_collision_orbit_right_64_seed41292,collision,orbit_right_64,local_assets/dpo_pair_factory_v10/recovered_conditions/02292_collision_orbit_right_64_seed41292/clean_future_5_80.mp4,local_assets/dpo_pair_factory_v11/synthetic_pairs/pairs/v11_SYN_0084_02292_collision_orbit_right_64_seed41292_object_identity_color_shift/loser_future.mp4,reports/dpo_pair_factory_v11/contact_sheets/v11_SYN_0084_02292_collision_orbit_right_64_seed41292_object_identity_color_shift.jpg,True,True,76,832,480,True,True,69.0946,42.2567,1973.9095,2,1,1.0,0.88,0.12,39.590572549212,0.9994956539509362,0.9981476153515695,2.186483770608902,10.8,0.0,101.8220947265625,48.70918376622209,True,True,True,True,"Contact sheet reviewed: visible medium-hard object_identity_color_shift; loser remains readable, reward_margin=0.120, sharpness_ratio=0.998, mean_absdiff=2.19, local_absdiff=5.35.",,True,TRAINABLE
v11_SYN_0568_03495_roll_orbit_right_60_seed42495_partial_freeze_foreground,TypeM_v11_synthetic_visible,synthetic_controlled,partial_freeze_foreground,03495_roll_orbit_right_60_seed42495,roll,orbit_right_60,local_assets/dpo_pair_factory_v10/recovered_conditions/03495_roll_orbit_right_60_seed42495/clean_future_5_80.mp4,local_assets/dpo_pair_factory_v11/synthetic_pairs/pairs/v11_SYN_0568_03495_roll_orbit_right_60_seed42495_partial_freeze_foreground/loser_future.mp4,reports/dpo_pair_factory_v11/contact_sheets/v11_SYN_0568_03495_roll_orbit_right_60_seed42495_partial_freeze_foreground.jpg,True,True,76,832,480,True,True,65.6069,35.1084,1786.3259,2,1,1.0,0.88,0.12,40.13697703675483,0.9987831413742463,0.9967577925644243,1.9297573864459991,5.6,0.0,96.00581931089744,43.43402657911476,True,True,True,True,"Contact sheet reviewed: visible medium-hard partial_freeze_foreground; loser remains readable, reward_margin=0.120, sharpness_ratio=0.997, mean_absdiff=1.93, local_absdiff=4.17.",,True,TRAINABLE
v11_SYN_EXTRA_0206_04346_containment_orbit_left_44_seed43346_reobserve_mismatch_visible,TypeM_v11_synthetic_visible,synthetic_controlled,reobserve_mismatch_visible,04346_containment_orbit_left_44_seed43346,containment,orbit_left_44,local_assets/dpo_pair_factory_v10/recovered_conditions/04346_containment_orbit_left_44_seed43346/clean_future_5_80.mp4,local_assets/dpo_pair_factory_v11/synthetic_pairs_extra/pairs/v11_SYN_EXTRA_0206_04346_containment_orbit_left_44_seed43346_reobserve_mismatch_visible/loser_future.mp4,reports/dpo_pair_factory_v11/contact_sheets/v11_SYN_EXTRA_0206_04346_containment_orbit_left_44_seed43346_reobserve_mismatch_visible.jpg,True,True,76,832,480,True,True,64.5603,30.5346,1770.3318,2,1,1.0,0.876085,0.123915,39.18546310282222,0.9987460845880984,0.9963087385229424,2.0678247809410095,21.2,0.0,90.07560096153847,38.1506682817614,True,True,True,True,"Contact sheet reviewed: visible medium-hard reobserve_mismatch_visible; loser remains readable, reward_margin=0.124, sharpness_ratio=0.996, mean_absdiff=2.07, local_absdiff=8.67.",,True,TRAINABLE
v11_SYN_0011_02202_collision_orbit_right_64_seed41202_background_drift_visible,TypeM_v11_synthetic_visible,synthetic_controlled,background_drift_visible,4aeca92fd238b5299cd52999661a02787ae76fcabf943ef2e4e94d5c992c335f,collision,orbit_right_64,local_assets/dpo_prefix5_pairs_20260627_031729/clean_futures/02202_collision_orbit_right_64_seed41202/clean_future_5_80.mp4,local_assets/dpo_pair_factory_v11/synthetic_pairs/pairs/v11_SYN_0011_02202_collision_orbit_right_64_seed41202_background_drift_visible/loser_future.mp4,reports/dpo_pair_factory_v11/contact_sheets/v11_SYN_0011_02202_collision_orbit_right_64_seed41202_background_drift_visible.jpg,True,True,76,832,480,True,True,53.7064,24.6,2011.1654,2,1,1.0,0.88,0.12,39.90174707163968,0.9986976488912882,0.9829904125043646,2.0782366394996643,8.0,0.0,77.96590106670673,41.751198850961075,True,True,True,True,"Contact sheet reviewed: visible medium-hard background_drift_visible; loser remains readable, reward_margin=0.120, sharpness_ratio=0.983, mean_absdiff=2.08, local_absdiff=5.84.",,True,TRAINABLE
v11_SYN_0109_02360_collision_orbit_right_64_seed41360_collision_response_failure_synthetic,TypeM_v11_synthetic_visible,synthetic_controlled,collision_response_failure_synthetic,02360_collision_orbit_right_64_seed41360,collision,orbit_right_64,local_assets/dpo_pair_factory_v10/recovered_conditions/02360_collision_orbit_right_64_seed41360/clean_future_5_80.mp4,local_assets/dpo_pair_factory_v11/synthetic_pairs/pairs/v11_SYN_0109_02360_collision_orbit_right_64_seed41360_collision_response_failure_synthetic/loser_future.mp4,reports/dpo_pair_factory_v11/contact_sheets/v11_SYN_0109_02360_collision_orbit_right_64_seed41360_collision_response_failure_synthetic.jpg,True,True,76,832,480,True,True,66.9774,38.0826,1886.9079,2,1,1.0,0.88,0.12,40.609849821593215,0.999283250637077,0.9875394439080716,2.0116081535816193,6.4,0.0,98.42235138721955,46.754239720732635,True,True,True,True,"Contact sheet reviewed: visible medium-hard collision_response_failure_synthetic; loser remains readable, reward_margin=0.120, sharpness_ratio=0.988, mean_absdiff=2.01, local_absdiff=4.63.",,True,TRAINABLE
v11_SYN_EXTRA_0209_04351_containment_orbit_left_44_seed43351_containment_failure_synthetic,TypeM_v11_synthetic_visible,synthetic_controlled,containment_failure_synthetic,04351_containment_orbit_left_44_seed43351,containment,orbit_left_44,local_assets/dpo_pair_factory_v10/recovered_conditions/04351_containment_orbit_left_44_seed43351/clean_future_5_80.mp4,local_assets/dpo_pair_factory_v11/synthetic_pairs_extra/pairs/v11_SYN_EXTRA_0209_04351_containment_orbit_left_44_seed43351_containment_failure_synthetic/loser_future.mp4,reports/dpo_pair_factory_v11/contact_sheets/v11_SYN_EXTRA_0209_04351_containment_orbit_left_44_seed43351_containment_failure_synthetic.jpg,True,True,76,832,480,True,True,76.4792,40.7423,2250.8005,2,1,1.0,0.801367,0.198633,36.29335826623503,0.9921917244705354,0.9895191648377957,2.3999580442905426,25.6,0.0,101.07304687499999,40.521239589610026,True,True,True,True,"Contact sheet reviewed: visible medium-hard containment_failure_synthetic; loser remains readable, reward_margin=0.199, sharpness_ratio=0.990, mean_absdiff=2.40, local_absdiff=13.90.",,True,TRAINABLE
v11_SYN_0094_02327_collision_strafe_left_180_seed41327_local_scene_patch_drift,TypeM_v11_synthetic_visible,synthetic_controlled,local_scene_patch_drift,02327_collision_strafe_left_180_seed41327,collision,strafe_left_180,local_assets/dpo_pair_factory_v10/recovered_conditions/02327_collision_strafe_left_180_seed41327/clean_future_5_80.mp4,local_assets/dpo_pair_factory_v11/synthetic_pairs/pairs/v11_SYN_0094_02327_collision_strafe_left_180_seed41327_local_scene_patch_drift/loser_future.mp4,reports/dpo_pair_factory_v11/contact_sheets/v11_SYN_0094_02327_collision_strafe_left_180_seed41327_local_scene_patch_drift.jpg,True,True,76,832,480,True,True,83.1534,55.4925,2033.3649,2,1,1.0,0.88,0.12,39.618952685394916,0.9994229187185459,0.9794461512246154,2.0816293358802795,7.6,0.0,128.78084685496796,62.620978269244716,True,True,True,True,"Contact sheet reviewed: visible medium-hard local_scene_patch_drift; loser remains readable, reward_margin=0.120, sharpness_ratio=0.979, mean_absdiff=2.08, local_absdiff=4.33.",,True,TRAINABLE
v11_SYN_0090_02295_collision_strafe_left_180_seed41295_object_identity_color_shift,TypeM_v11_synthetic_visible,synthetic_controlled,object_identity_color_shift,02295_collision_strafe_left_180_seed41295,collision,strafe_left_180,local_assets/dpo_pair_factory_v10/recovered_conditions/02295_collision_strafe_left_180_seed41295/clean_future_5_80.mp4,local_assets/dpo_pair_factory_v11/synthetic_pairs/pairs/v11_SYN_0090_02295_collision_strafe_left_180_seed41295_object_identity_color_shift/loser_future.mp4,reports/dpo_pair_factory_v11/contact_sheets/v11_SYN_0090_02295_collision_strafe_left_180_seed41295_object_identity_color_shift.jpg,True,True,76,832,480,True,True,81.6213,55.7252,2023.6834,2,1,1.0,0.817528,0.182472,35.759384929578594,0.9991402161687268,0.9981163840827216,2.625546306371689,14.0,0.0,127.18904622395833,65.69812894836099,True,True,True,True,"Contact sheet reviewed: visible medium-hard object_identity_color_shift; loser remains readable, reward_margin=0.182, sharpness_ratio=0.998, mean_absdiff=2.63, local_absdiff=12.77.",,True,TRAINABLE
v11_SYN_0574_03505_roll_orbit_right_60_seed42505_partial_freeze_foreground,TypeM_v11_synthetic_visible,synthetic_controlled,partial_freeze_foreground,03505_roll_orbit_right_60_seed42505,roll,orbit_right_60,local_assets/dpo_pair_factory_v10/recovered_conditions/03505_roll_orbit_right_60_seed42505/clean_future_5_80.mp4,local_assets/dpo_pair_factory_v11/synthetic_pairs/pairs/v11_SYN_0574_03505_roll_orbit_right_60_seed42505_partial_freeze_foreground/loser_future.mp4,reports/dpo_pair_factory_v11/contact_sheets/v11_SYN_0574_03505_roll_orbit_right_60_seed42505_partial_freeze_foreground.jpg,True,True,76,832,480,True,True,51.1976,23.0036,1644.1029,2,1,1.0,0.88,0.12,39.51798347505426,0.9981426543033449,1.0000869421301237,2.122839033603668,9.2,0.0,77.71086738782051,42.045776070989206,True,True,True,True,"Contact sheet reviewed: visible medium-hard partial_freeze_foreground; loser remains readable, reward_margin=0.120, sharpness_ratio=1.000, mean_absdiff=2.12, local_absdiff=5.27.",,True,TRAINABLE
v11_SYN_0314_04351_containment_orbit_left_44_seed43351_reobserve_mismatch_visible,TypeM_v11_synthetic_visible,synthetic_controlled,reobserve_mismatch_visible,04351_containment_orbit_left_44_seed43351,containment,orbit_left_44,local_assets/dpo_pair_factory_v10/recovered_conditions/04351_containment_orbit_left_44_seed43351/clean_future_5_80.mp4,local_assets/dpo_pair_factory_v11/synthetic_pairs/pairs/v11_SYN_0314_04351_containment_orbit_left_44_seed43351_reobserve_mismatch_visible/loser_future.mp4,reports/dpo_pair_factory_v11/contact_sheets/v11_SYN_0314_04351_containment_orbit_left_44_seed43351_reobserve_mismatch_visible.jpg,True,True,76,832,480,True,True,76.374,40.823,2244.8345,2,1,1.0,0.88,0.12,38.416139314477505,0.9954097133146078,0.9976701393283353,2.2598858177661896,16.4,0.0,100.86172939202724,40.76722906268687,True,True,True,True,"Contact sheet reviewed: visible medium-hard reobserve_mismatch_visible; loser remains readable, reward_margin=0.120, sharpness_ratio=0.998, mean_absdiff=2.26, local_absdiff=8.39.",,True,TRAINABLE
v11_SYN_0005_02200_collision_orbit_right_64_seed41200_background_drift_visible,TypeM_v11_synthetic_visible,synthetic_controlled,background_drift_visible,8df0c0d38a6c90fc524ddfb801df17e5445f60895b3a537f935e42e5806ab13c,collision,orbit_right_64,local_assets/dpo_prefix5_pairs_20260627_031729/clean_futures/02200_collision_orbit_right_64_seed41200/clean_future_5_80.mp4,local_assets/dpo_pair_factory_v11/synthetic_pairs/pairs/v11_SYN_0005_02200_collision_orbit_right_64_seed41200_background_drift_visible/loser_future.mp4,reports/dpo_pair_factory_v11/contact_sheets/v11_SYN_0005_02200_collision_orbit_right_64_seed41200_background_drift_visible.jpg,True,True,76,832,480,True,True,60.2552,31.7018,2342.6623,2,1,1.0,0.88,0.12,39.40520908793544,0.9992933223081599,0.9767420262263335,2.082445055246353,9.2,0.0,101.6523687900641,61.33818877510565,True,True,True,True,"Contact sheet reviewed: visible medium-hard background_drift_visible; loser remains readable, reward_margin=0.120, sharpness_ratio=0.977, mean_absdiff=2.08, local_absdiff=6.29.",,True,TRAINABLE
v11_SYN_EXTRA_0073_02360_collision_orbit_right_64_seed41360_collision_response_failure_synthetic,TypeM_v11_synthetic_visible,synthetic_controlled,collision_response_failure_synthetic,02360_collision_orbit_right_64_seed41360,collision,orbit_right_64,local_assets/dpo_pair_factory_v10/recovered_conditions/02360_collision_orbit_right_64_seed41360/clean_future_5_80.mp4,local_assets/dpo_pair_factory_v11/synthetic_pairs_extra/pairs/v11_SYN_EXTRA_0073_02360_collision_orbit_right_64_seed41360_collision_response_failure_synthetic/loser_future.mp4,reports/dpo_pair_factory_v11/contact_sheets/v11_SYN_EXTRA_0073_02360_collision_orbit_right_64_seed41360_collision_response_failure_synthetic.jpg,True,True,76,832,480,True,True,67.0179,38.0865,1900.5504,2,1,1.0,0.810064,0.189936,36.4565244332979,0.9943007822919822,0.9994275488572731,2.3241661489009857,26.0,0.0,98.5752203525641,46.69682639535359,True,True,True,True,"Contact sheet reviewed: visible medium-hard collision_response_failure_synthetic; loser remains readable, reward_margin=0.190, sharpness_ratio=0.999, mean_absdiff=2.32, local_absdiff=13.30.",,True,TRAINABLE
v11_SYN_0319_04355_containment_orbit_left_44_seed43355_containment_failure_synthetic,TypeM_v11_synthetic_visible,synthetic_controlled,containment_failure_synthetic,04355_containment_orbit_left_44_seed43355,containment,orbit_left_44,local_assets/dpo_pair_factory_v10/recovered_conditions/04355_containment_orbit_left_44_seed43355/clean_future_5_80.mp4,local_assets/dpo_pair_factory_v11/synthetic_pairs/pairs/v11_SYN_0319_04355_containment_orbit_left_44_seed43355_containment_failure_synthetic/loser_future.mp4,reports/dpo_pair_factory_v11/contact_sheets/v11_SYN_0319_04355_containment_orbit_left_44_seed43355_containment_failure_synthetic.jpg,True,True,76,832,480,True,True,87.6977,48.9824,2882.7425,2,1,1.0,0.88,0.12,37.82878782517973,0.9975892384383679,0.96848575203823,2.132761627435684,21.2,0.0,116.71695087139423,46.48460433795863,True,True,True,True,"Contact sheet reviewed: visible medium-hard containment_failure_synthetic; loser remains readable, reward_margin=0.120, sharpness_ratio=0.968, mean_absdiff=2.13, local_absdiff=8.23.",,True,TRAINABLE
v11_SYN_EXTRA_0064_02327_collision_strafe_left_180_seed41327_local_scene_patch_drift,TypeM_v11_synthetic_visible,synthetic_controlled,local_scene_patch_drift,02327_collision_strafe_left_180_seed41327,collision,strafe_left_180,local_assets/dpo_pair_factory_v10/recovered_conditions/02327_collision_strafe_left_180_seed41327/clean_future_5_80.mp4,local_assets/dpo_pair_factory_v11/synthetic_pairs_extra/pairs/v11_SYN_EXTRA_0064_02327_collision_strafe_left_180_seed41327_local_scene_patch_drift/loser_future.mp4,reports/dpo_pair_factory_v11/contact_sheets/v11_SYN_EXTRA_0064_02327_collision_strafe_left_180_seed41327_local_scene_patch_drift.jpg,True,True,76,832,480,True,True,83.1516,55.4968,2038.0075,2,1,1.0,0.88,0.12,39.93398597538817,0.9994683121699203,0.9729050395599277,2.0590912103652954,6.0,0.0,128.78126314603367,62.62246044163681,True,True,True,True,"Contact sheet reviewed: visible medium-hard local_scene_patch_drift; loser remains readable, reward_margin=0.120, sharpness_ratio=0.973, mean_absdiff=2.06, local_absdiff=3.71.",,True,TRAINABLE
v11_SYN_0580_03533_roll_orbit_right_60_seed42533_partial_freeze_foreground,TypeM_v11_synthetic_visible,synthetic_controlled,partial_freeze_foreground,03533_roll_orbit_right_60_seed42533,roll,orbit_right_60,local_assets/dpo_pair_factory_v10/recovered_conditions/03533_roll_orbit_right_60_seed42533/clean_future_5_80.mp4,local_assets/dpo_pair_factory_v11/synthetic_pairs/pairs/v11_SYN_0580_03533_roll_orbit_right_60_seed42533_partial_freeze_foreground/loser_future.mp4,reports/dpo_pair_factory_v11/contact_sheets/v11_SYN_0580_03533_roll_orbit_right_60_seed42533_partial_freeze_foreground.jpg,True,True,76,832,480,True,True,68.4175,46.565,2259.798,2,1,1.0,0.846714,0.153286,36.215708696561634,0.9945012752242379,0.9959216208353985,2.396626651287079,13.6,0.0,93.13262156951123,50.91765491316431,True,True,True,True,"Contact sheet reviewed: visible medium-hard partial_freeze_foreground; loser remains readable, reward_margin=0.153, sharpness_ratio=0.996, mean_absdiff=2.40, local_absdiff=10.73.",,True,TRAINABLE
v11_SYN_EXTRA_0210_04351_containment_orbit_left_44_seed43351_reobserve_mismatch_visible,TypeM_v11_synthetic_visible,synthetic_controlled,reobserve_mismatch_visible,04351_containment_orbit_left_44_seed43351,containment,orbit_left_44,local_assets/dpo_pair_factory_v10/recovered_conditions/04351_containment_orbit_left_44_seed43351/clean_future_5_80.mp4,local_assets/dpo_pair_factory_v11/synthetic_pairs_extra/pairs/v11_SYN_EXTRA_0210_04351_containment_orbit_left_44_seed43351_reobserve_mismatch_visible/loser_future.mp4,reports/dpo_pair_factory_v11/contact_sheets/v11_SYN_EXTRA_0210_04351_containment_orbit_left_44_seed43351_reobserve_mismatch_visible.jpg,True,True,76,832,480,True,True,76.3664,40.8211,2247.955,2,1,1.0,0.780221,0.219779,37.48828024857636,0.9902555445528443,0.9984854337539641,2.523134022951126,36.0,0.0,100.8628674629407,40.765751380908135,True,True,True,True,"Contact sheet reviewed: visible medium-hard reobserve_mismatch_visible; loser remains readable, reward_margin=0.220, sharpness_ratio=0.998, mean_absdiff=2.52, local_absdiff=15.38.",,True,TRAINABLE
v11_SYN_0137_prefix5_anchored_1128e39109fc83_object_deformation_background_drift_visible,TypeM_v11_synthetic_visible,synthetic_controlled,background_drift_visible,prefix5_anchored_1128e39109fc83_object_deformation,collision,orbit_right_64,/home/nvme04/workspace/world_model_phys/PHYS/world_model_phys_stageA_v5_broad_lora_work/local_assets/dpo_prefix5_pairs_20260627_031729/clean_futures/02200_collision_orbit_right_64_seed41200/clean_future_5_80.mp4,local_assets/dpo_pair_factory_v11/synthetic_pairs/pairs/v11_SYN_0137_prefix5_anchored_1128e39109fc83_object_deformation_background_drift_visible/loser_future.mp4,reports/dpo_pair_factory_v11/contact_sheets/v11_SYN_0137_prefix5_anchored_1128e39109fc83_object_deformation_background_drift_visible.jpg,True,True,76,832,480,True,True,60.2559,31.6953,2333.7779,2,1,1.0,0.88,0.12,40.282200387717,0.9994644055758763,0.985890633289495,2.028379589319229,6.0,0.0,101.65017590645033,61.34676512840271,True,True,True,True,"Contact sheet reviewed: visible medium-hard background_drift_visible; loser remains readable, reward_margin=0.120, sharpness_ratio=0.986, mean_absdiff=2.03, local_absdiff=3.65.",,True,TRAINABLE
v11_SYN_EXTRA_0077_02366_collision_orbit_right_64_seed41366_collision_response_failure_synthetic,TypeM_v11_synthetic_visible,synthetic_controlled,collision_response_failure_synthetic,02366_collision_orbit_right_64_seed41366,collision,orbit_right_64,local_assets/dpo_pair_factory_v10/recovered_conditions/02366_collision_orbit_right_64_seed41366/clean_future_5_80.mp4,local_assets/dpo_pair_factory_v11/synthetic_pairs_extra/pairs/v11_SYN_EXTRA_0077_02366_collision_orbit_right_64_seed41366_collision_response_failure_synthetic/loser_future.mp4,reports/dpo_pair_factory_v11/contact_sheets/v11_SYN_EXTRA_0077_02366_collision_orbit_right_64_seed41366_collision_response_failure_synthetic.jpg,True,True,76,832,480,True,True,54.7305,21.8566,2049.872,2,1,1.0,0.88,0.12,39.283747289149915,0.9989134791546215,0.9862726736494493,2.166000545024872,8.0,0.0,83.12844363481571,51.85948807319433,True,True,True,True,"Contact sheet reviewed: visible medium-hard collision_response_failure_synthetic; loser remains readable, reward_margin=0.120, sharpness_ratio=0.986, mean_absdiff=2.17, local_absdiff=5.73.",,True,TRAINABLE
v11_SYN_EXTRA_0213_04355_containment_orbit_left_44_seed43355_containment_failure_synthetic,TypeM_v11_synthetic_visible,synthetic_controlled,containment_failure_synthetic,04355_containment_orbit_left_44_seed43355,containment,orbit_left_44,local_assets/dpo_pair_factory_v10/recovered_conditions/04355_containment_orbit_left_44_seed43355/clean_future_5_80.mp4,local_assets/dpo_pair_factory_v11/synthetic_pairs_extra/pairs/v11_SYN_EXTRA_0213_04355_containment_orbit_left_44_seed43355_containment_failure_synthetic/loser_future.mp4,reports/dpo_pair_factory_v11/contact_sheets/v11_SYN_EXTRA_0213_04355_containment_orbit_left_44_seed43355_containment_failure_synthetic.jpg,True,True,76,832,480,True,True,87.7781,48.9979,2856.6677,2,1,1.0,0.803709,0.196291,35.46676994685562,0.9926338486331906,0.9539329821427796,2.549200564622879,21.2,0.0,116.92147122896634,46.381846201307475,True,True,True,True,"Contact sheet reviewed: visible medium-hard containment_failure_synthetic; loser remains readable, reward_margin=0.196, sharpness_ratio=0.954, mean_absdiff=2.55, local_absdiff=13.74.",,True,TRAINABLE
v11_SYN_0100_02328_collision_orbit_right_64_seed41328_local_scene_patch_drift,TypeM_v11_synthetic_visible,synthetic_controlled,local_scene_patch_drift,02328_collision_orbit_right_64_seed41328,collision,orbit_right_64,local_assets/dpo_pair_factory_v10/recovered_conditions/02328_collision_orbit_right_64_seed41328/clean_future_5_80.mp4,local_assets/dpo_pair_factory_v11/synthetic_pairs/pairs/v11_SYN_0100_02328_collision_orbit_right_64_seed41328_local_scene_patch_drift/loser_future.mp4,reports/dpo_pair_factory_v11/contact_sheets/v11_SYN_0100_02328_collision_orbit_right_64_seed41328_local_scene_patch_drift.jpg,True,True,76,832,480,True,True,78.8105,52.9354,2055.7578,2,1,1.0,0.88,0.12,39.173639632588774,0.9993350304565082,0.9892471040343791,2.0820109844207764,6.8,0.0,121.18673064403045,62.070828949375695,True,True,True,True,"Contact sheet reviewed: visible medium-hard local_scene_patch_drift; loser remains readable, reward_margin=0.120, sharpness_ratio=0.989, mean_absdiff=2.08, local_absdiff=4.95.",,True,TRAINABLE
v11_SYN_0108_02353_collision_strafe_left_180_seed41353_object_identity_color_shift,TypeM_v11_synthetic_visible,synthetic_controlled,object_identity_color_shift,02353_collision_strafe_left_180_seed41353,collision,strafe_left_180,local_assets/dpo_pair_factory_v10/recovered_conditions/02353_collision_strafe_left_180_seed41353/clean_future_5_80.mp4,local_assets/dpo_pair_factory_v11/synthetic_pairs/pairs/v11_SYN_0108_02353_collision_strafe_left_180_seed41353_object_identity_color_shift/loser_future.mp4,reports/dpo_pair_factory_v11/contact_sheets/v11_SYN_0108_02353_collision_strafe_left_180_seed41353_object_identity_color_shift.jpg,True,True,76,832,480,True,True,69.0407,40.6687,1841.2384,2,1,1.0,0.88,0.12,40.42335471186507,0.9993935013409664,0.9984816510233234,1.9698998034000397,9.6,0.0,98.9877935947516,45.01971475848171,True,True,True,True,"Contact sheet reviewed: visible medium-hard object_identity_color_shift; loser remains readable, reward_margin=0.120, sharpness_ratio=0.998, mean_absdiff=1.97, local_absdiff=5.11.",,True,TRAINABLE
v11_SYN_0227_04209_containment_orbit_left_44_seed43209_partial_freeze_foreground,TypeM_v11_synthetic_visible,synthetic_controlled,partial_freeze_foreground,04209_containment_orbit_left_44_seed43209,containment,orbit_left_44,local_assets/dpo_pair_factory_v10/recovered_conditions/04209_containment_orbit_left_44_seed43209/clean_future_5_80.mp4,local_assets/dpo_pair_factory_v11/synthetic_pairs/pairs/v11_SYN_0227_04209_containment_orbit_left_44_seed43209_partial_freeze_foreground/loser_future.mp4,reports/dpo_pair_factory_v11/contact_sheets/v11_SYN_0227_04209_containment_orbit_left_44_seed43209_partial_freeze_foreground.jpg,True,True,76,832,480,True,True,44.5211,29.7504,1254.0141,2,1,1.0,0.88,0.12,38.43925584878651,0.9970814233565565,0.9953649727942422,2.1136234402656555,6.1237,0.0,77.46607885116187,58.761781682416775,True,True,True,True,"Contact sheet reviewed: visible medium-hard partial_freeze_foreground; loser remains readable, reward_margin=0.120, sharpness_ratio=0.995, mean_absdiff=2.11, local_absdiff=6.12.",,True,TRAINABLE
v11_SYN_0320_04355_containment_orbit_left_44_seed43355_reobserve_mismatch_visible,TypeM_v11_synthetic_visible,synthetic_controlled,reobserve_mismatch_visible,04355_containment_orbit_left_44_seed43355,containment,orbit_left_44,local_assets/dpo_pair_factory_v10/recovered_conditions/04355_containment_orbit_left_44_seed43355/clean_future_5_80.mp4,local_assets/dpo_pair_factory_v11/synthetic_pairs/pairs/v11_SYN_0320_04355_containment_orbit_left_44_seed43355_reobserve_mismatch_visible/loser_future.mp4,reports/dpo_pair_factory_v11/contact_sheets/v11_SYN_0320_04355_containment_orbit_left_44_seed43355_reobserve_mismatch_visible.jpg,True,True,76,832,480,True,True,87.5681,49.0459,2869.7819,2,1,1.0,0.839386,0.160614,37.23111382670203,0.992703116781459,0.9707682385185172,2.4310419857501984,26.4,0.0,116.77032314202725,46.46235589568993,True,True,True,True,"Contact sheet reviewed: visible medium-hard reobserve_mismatch_visible; loser remains readable, reward_margin=0.161, sharpness_ratio=0.971, mean_absdiff=2.43, local_absdiff=11.24.",,True,TRAINABLE
v11_SYN_0149_prefix5_anchored_3e28b01a2ca2ef_reobserve_mismatch_background_drift_visible,TypeM_v11_synthetic_visible,synthetic_controlled,background_drift_visible,prefix5_anchored_3e28b01a2ca2ef_reobserve_mismatch,collision,orbit_right_64,/home/nvme04/workspace/world_model_phys/PHYS/world_model_phys_stageA_v5_broad_lora_work/local_assets/dpo_prefix5_pairs_20260627_031729/clean_futures/02200_collision_orbit_right_64_seed41200/clean_future_5_80.mp4,local_assets/dpo_pair_factory_v11/synthetic_pairs/pairs/v11_SYN_0149_prefix5_anchored_3e28b01a2ca2ef_reobserve_mismatch_background_drift_visible/loser_future.mp4,reports/dpo_pair_factory_v11/contact_sheets/v11_SYN_0149_prefix5_anchored_3e28b01a2ca2ef_reobserve_mismatch_background_drift_visible.jpg,True,True,76,832,480,True,True,60.2576,31.7012,2341.6899,2,1,1.0,0.88,0.12,38.745055984630284,0.9990253801972369,0.9686072406089263,2.1578690111637115,10.4,0.0,101.65216909555289,61.328988767387926,True,True,True,True,"Contact sheet reviewed: visible medium-hard background_drift_visible; loser remains readable, reward_margin=0.120, sharpness_ratio=0.969, mean_absdiff=2.16, local_absdiff=6.82.",,True,TRAINABLE
v11_SYN_0121_02378_collision_orbit_right_64_seed41378_collision_response_failure_synthetic,TypeM_v11_synthetic_visible,synthetic_controlled,collision_response_failure_synthetic,02378_collision_orbit_right_64_seed41378,collision,orbit_right_64,local_assets/dpo_pair_factory_v10/recovered_conditions/02378_collision_orbit_right_64_seed41378/clean_future_5_80.mp4,local_assets/dpo_pair_factory_v11/synthetic_pairs/pairs/v11_SYN_0121_02378_collision_orbit_right_64_seed41378_collision_response_failure_synthetic/loser_future.mp4,reports/dpo_pair_factory_v11/contact_sheets/v11_SYN_0121_02378_collision_orbit_right_64_seed41378_collision_response_failure_synthetic.jpg,True,True,76,832,480,True,True,54.4775,23.4521,2076.7667,2,1,1.0,0.88,0.12,39.04995329057279,0.9980420516059348,0.9832678117102472,2.082657665014267,11.2,0.0,78.73437813000801,44.451127403607494,True,True,True,True,"Contact sheet reviewed: visible medium-hard collision_response_failure_synthetic; loser remains readable, reward_margin=0.120, sharpness_ratio=0.983, mean_absdiff=2.08, local_absdiff=7.56.",,True,TRAINABLE
v11_SYN_0325_04357_containment_orbit_left_44_seed43357_containment_failure_synthetic,TypeM_v11_synthetic_visible,synthetic_controlled,containment_failure_synthetic,04357_containment_orbit_left_44_seed43357,containment,orbit_left_44,local_assets/dpo_pair_factory_v10/recovered_conditions/04357_containment_orbit_left_44_seed43357/clean_future_5_80.mp4,local_assets/dpo_pair_factory_v11/synthetic_pairs/pairs/v11_SYN_0325_04357_containment_orbit_left_44_seed43357_containment_failure_synthetic/loser_future.mp4,reports/dpo_pair_factory_v11/contact_sheets/v11_SYN_0325_04357_containment_orbit_left_44_seed43357_containment_failure_synthetic.jpg,True,True,76,832,480,True,True,78.6588,44.7243,2265.582,2,1,1.0,0.875405,0.124595,38.05662608145327,0.9923449545329928,0.9876316973852675,2.3182687759399414,22.0,0.0,104.3202142177484,42.12995435719953,True,True,True,True,"Contact sheet reviewed: visible medium-hard containment_failure_synthetic; loser remains readable, reward_margin=0.125, sharpness_ratio=0.988, mean_absdiff=2.32, local_absdiff=8.72.",,True,TRAINABLE
v11_SYN_EXTRA_0068_02328_collision_orbit_right_64_seed41328_local_scene_patch_drift,TypeM_v11_synthetic_visible,synthetic_controlled,local_scene_patch_drift,02328_collision_orbit_right_64_seed41328,collision,orbit_right_64,local_assets/dpo_pair_factory_v10/recovered_conditions/02328_collision_orbit_right_64_seed41328/clean_future_5_80.mp4,local_assets/dpo_pair_factory_v11/synthetic_pairs_extra/pairs/v11_SYN_EXTRA_0068_02328_collision_orbit_right_64_seed41328_local_scene_patch_drift/loser_future.mp4,reports/dpo_pair_factory_v11/contact_sheets/v11_SYN_EXTRA_0068_02328_collision_orbit_right_64_seed41328_local_scene_patch_drift.jpg,True,True,76,832,480,True,True,78.8071,52.9312,2057.9677,2,1,1.0,0.88,0.12,37.7811601076169,0.998719506794685,0.9931157735842528,2.1278803944587708,21.6,0.0,121.18893103966346,62.049787920903015,True,True,True,True,"Contact sheet reviewed: visible medium-hard local_scene_patch_drift; loser remains readable, reward_margin=0.120, sharpness_ratio=0.993, mean_absdiff=2.13, local_absdiff=8.08.",,True,TRAINABLE
v11_SYN_0114_02360_collision_orbit_right_64_seed41360_object_identity_color_shift,TypeM_v11_synthetic_visible,synthetic_controlled,object_identity_color_shift,02360_collision_orbit_right_64_seed41360,collision,orbit_right_64,local_assets/dpo_pair_factory_v10/recovered_conditions/02360_collision_orbit_right_64_seed41360/clean_future_5_80.mp4,local_assets/dpo_pair_factory_v11/synthetic_pairs/pairs/v11_SYN_0114_02360_collision_orbit_right_64_seed41360_object_identity_color_shift/loser_future.mp4,reports/dpo_pair_factory_v11/contact_sheets/v11_SYN_0114_02360_collision_orbit_right_64_seed41360_object_identity_color_shift.jpg,True,True,76,832,480,True,True,66.3632,37.9895,1857.3293,2,1,1.0,0.88,0.12,39.10018903852649,0.9993750377546932,0.9987150517879357,2.183779686689377,10.0,0.0,98.2764898838141,46.86557611628762,True,True,True,True,"Contact sheet reviewed: visible medium-hard object_identity_color_shift; loser remains readable, reward_margin=0.120, sharpness_ratio=0.999, mean_absdiff=2.18, local_absdiff=6.67.",,True,TRAINABLE
v11_SYN_0233_04214_containment_orbit_left_44_seed43214_partial_freeze_foreground,TypeM_v11_synthetic_visible,synthetic_controlled,partial_freeze_foreground,04214_containment_orbit_left_44_seed43214,containment,orbit_left_44,local_assets/dpo_pair_factory_v10/recovered_conditions/04214_containment_orbit_left_44_seed43214/clean_future_5_80.mp4,local_assets/dpo_pair_factory_v11/synthetic_pairs/pairs/v11_SYN_0233_04214_containment_orbit_left_44_seed43214_partial_freeze_foreground/loser_future.mp4,reports/dpo_pair_factory_v11/contact_sheets/v11_SYN_0233_04214_containment_orbit_left_44_seed43214_partial_freeze_foreground.jpg,True,True,76,832,480,True,True,82.7618,48.9784,3959.5823,2,1,1.0,0.79773,0.20227,36.05782772610823,0.9950297295355939,0.9966588238816347,2.4702559113502502,24.0,0.0,106.83244315905449,52.61578119998427,True,True,True,True,"Contact sheet reviewed: visible medium-hard partial_freeze_foreground; loser remains readable, reward_margin=0.202, sharpness_ratio=0.997, mean_absdiff=2.47, local_absdiff=14.16.",,True,TRAINABLE
v11_SYN_EXTRA_0214_04355_containment_orbit_left_44_seed43355_reobserve_mismatch_visible,TypeM_v11_synthetic_visible,synthetic_controlled,reobserve_mismatch_visible,04355_containment_orbit_left_44_seed43355,containment,orbit_left_44,local_assets/dpo_pair_factory_v10/recovered_conditions/04355_containment_orbit_left_44_seed43355/clean_future_5_80.mp4,local_assets/dpo_pair_factory_v11/synthetic_pairs_extra/pairs/v11_SYN_EXTRA_0214_04355_containment_orbit_left_44_seed43355_reobserve_mismatch_visible/loser_future.mp4,reports/dpo_pair_factory_v11/contact_sheets/v11_SYN_EXTRA_0214_04355_containment_orbit_left_44_seed43355_reobserve_mismatch_visible.jpg,True,True,76,832,480,True,True,87.5817,49.043,2874.058,2,1,1.0,0.877504,0.122496,37.63246254696672,0.9934631242439502,0.9699388169182569,2.3640908896923065,16.4,0.0,116.76808017828526,46.46156392677203,True,True,True,True,"Contact sheet reviewed: visible medium-hard reobserve_mismatch_visible; loser remains readable, reward_margin=0.122, sharpness_ratio=0.970, mean_absdiff=2.36, local_absdiff=8.57.",,True,TRAINABLE
v11_SYN_0155_prefix5_anchored_525c18bc4422f0_background_drift_background_drift_visible,TypeM_v11_synthetic_visible,synthetic_controlled,background_drift_visible,prefix5_anchored_525c18bc4422f0_background_drift,collision,orbit_right_64,/home/nvme04/workspace/world_model_phys/PHYS/world_model_phys_stageA_v5_broad_lora_work/local_assets/dpo_prefix5_pairs_20260627_031729/clean_futures/02200_collision_orbit_right_64_seed41200/clean_future_5_80.mp4,local_assets/dpo_pair_factory_v11/synthetic_pairs/pairs/v11_SYN_0155_prefix5_anchored_525c18bc4422f0_background_drift_background_drift_visible/loser_future.mp4,reports/dpo_pair_factory_v11/contact_sheets/v11_SYN_0155_prefix5_anchored_525c18bc4422f0_background_drift_background_drift_visible.jpg,True,True,76,832,480,True,True,60.2595,31.6991,2338.7035,2,1,1.0,0.88,0.12,39.94735859124976,0.9994589107908844,0.9854296154945305,2.0519493520259857,6.4,0.0,101.65347368289264,61.343660428076134,True,True,True,True,"Contact sheet reviewed: visible medium-hard background_drift_visible; loser remains readable, reward_margin=0.120, sharpness_ratio=0.985, mean_absdiff=2.05, local_absdiff=4.74.",,True,TRAINABLE
v11_SYN_EXTRA_0081_02378_collision_orbit_right_64_seed41378_collision_response_failure_synthetic,TypeM_v11_synthetic_visible,synthetic_controlled,collision_response_failure_synthetic,02378_collision_orbit_right_64_seed41378,collision,orbit_right_64,local_assets/dpo_pair_factory_v10/recovered_conditions/02378_collision_orbit_right_64_seed41378/clean_future_5_80.mp4,local_assets/dpo_pair_factory_v11/synthetic_pairs_extra/pairs/v11_SYN_EXTRA_0081_02378_collision_orbit_right_64_seed41378_collision_response_failure_synthetic/loser_future.mp4,reports/dpo_pair_factory_v11/contact_sheets/v11_SYN_EXTRA_0081_02378_collision_orbit_right_64_seed41378_collision_response_failure_synthetic.jpg,True,True,76,832,480,True,True,54.4317,23.4262,2080.0957,2,1,1.0,0.88,0.12,39.11525555193512,0.9982166114607806,0.9816832481290452,2.075679451227188,10.8,0.0,78.74136555989583,44.44546792024952,True,True,True,True,"Contact sheet reviewed: visible medium-hard collision_response_failure_synthetic; loser remains readable, reward_margin=0.120, sharpness_ratio=0.982, mean_absdiff=2.08, local_absdiff=7.52.",,True,TRAINABLE
v11_SYN_EXTRA_0217_04357_containment_orbit_left_44_seed43357_containment_failure_synthetic,TypeM_v11_synthetic_visible,synthetic_controlled,containment_failure_synthetic,04357_containment_orbit_left_44_seed43357,containment,orbit_left_44,local_assets/dpo_pair_factory_v10/recovered_conditions/04357_containment_orbit_left_44_seed43357/clean_future_5_80.mp4,local_assets/dpo_pair_factory_v11/synthetic_pairs_extra/pairs/v11_SYN_EXTRA_0217_04357_containment_orbit_left_44_seed43357_containment_failure_synthetic/loser_future.mp4,reports/dpo_pair_factory_v11/contact_sheets/v11_SYN_EXTRA_0217_04357_containment_orbit_left_44_seed43357_containment_failure_synthetic.jpg,True,True,76,832,480,True,True,78.7458,44.8774,2275.4605,2,1,1.0,0.821235,0.178765,36.21093130801381,0.9921102182160186,0.977720684101163,2.402893602848053,22.4,0.0,104.1027594150641,42.220566760431005,True,True,True,True,"Contact sheet reviewed: visible medium-hard containment_failure_synthetic; loser remains readable, reward_margin=0.179, sharpness_ratio=0.978, mean_absdiff=2.40, local_absdiff=12.51.",,True,TRAINABLE
v11_SYN_0106_02353_collision_strafe_left_180_seed41353_local_scene_patch_drift,TypeM_v11_synthetic_visible,synthetic_controlled,local_scene_patch_drift,02353_collision_strafe_left_180_seed41353,collision,strafe_left_180,local_assets/dpo_pair_factory_v10/recovered_conditions/02353_collision_strafe_left_180_seed41353/clean_future_5_80.mp4,local_assets/dpo_pair_factory_v11/synthetic_pairs/pairs/v11_SYN_0106_02353_collision_strafe_left_180_seed41353_local_scene_patch_drift/loser_future.mp4,reports/dpo_pair_factory_v11/contact_sheets/v11_SYN_0106_02353_collision_strafe_left_180_seed41353_local_scene_patch_drift.jpg,True,True,76,832,480,True,True,69.0103,40.5822,1801.8118,2,1,1.0,0.88,0.12,39.98278900867764,0.9988494330507718,0.9720150296042229,1.9753962755203247,8.4,0.0,99.1104736328125,44.87422118402179,True,True,True,True,"Contact sheet reviewed: visible medium-hard local_scene_patch_drift; loser remains readable, reward_margin=0.120, sharpness_ratio=0.972, mean_absdiff=1.98, local_absdiff=6.14.",,True,TRAINABLE
v11_SYN_0120_02366_collision_orbit_right_64_seed41366_object_identity_color_shift,TypeM_v11_synthetic_visible,synthetic_controlled,object_identity_color_shift,02366_collision_orbit_right_64_seed41366,collision,orbit_right_64,local_assets/dpo_pair_factory_v10/recovered_conditions/02366_collision_orbit_right_64_seed41366/clean_future_5_80.mp4,local_assets/dpo_pair_factory_v11/synthetic_pairs/pairs/v11_SYN_0120_02366_collision_orbit_right_64_seed41366_object_identity_color_shift/loser_future.mp4,reports/dpo_pair_factory_v11/contact_sheets/v11_SYN_0120_02366_collision_orbit_right_64_seed41366_object_identity_color_shift.jpg,True,True,76,832,480,True,True,54.0194,21.4385,2030.9901,2,1,1.0,0.862088,0.137912,37.92286402082446,0.999361802619525,0.9983642522434244,2.3132084012031555,10.8,0.0,82.95035682091347,51.98055490199176,True,True,True,True,"Contact sheet reviewed: visible medium-hard object_identity_color_shift; loser remains readable, reward_margin=0.138, sharpness_ratio=0.998, mean_absdiff=2.31, local_absdiff=9.65.",,True,TRAINABLE
v11_SYN_0326_04357_containment_orbit_left_44_seed43357_reobserve_mismatch_visible,TypeM_v11_synthetic_visible,synthetic_controlled,reobserve_mismatch_visible,04357_containment_orbit_left_44_seed43357,containment,orbit_left_44,local_assets/dpo_pair_factory_v10/recovered_conditions/04357_containment_orbit_left_44_seed43357/clean_future_5_80.mp4,local_assets/dpo_pair_factory_v11/synthetic_pairs/pairs/v11_SYN_0326_04357_containment_orbit_left_44_seed43357_reobserve_mismatch_visible/loser_future.mp4,reports/dpo_pair_factory_v11/contact_sheets/v11_SYN_0326_04357_containment_orbit_left_44_seed43357_reobserve_mismatch_visible.jpg,True,True,76,832,480,True,True,78.8843,44.9905,2268.1504,2,1,1.0,0.88,0.12,40.391471150061,0.9990452743482874,0.9952901966369224,1.9535544514656067,5.6,0.0,104.45098157051282,42.23571298420439,True,True,True,True,"Contact sheet reviewed: visible medium-hard reobserve_mismatch_visible; loser remains readable, reward_margin=0.120, sharpness_ratio=0.995, mean_absdiff=1.95, local_absdiff=3.68.",,True,TRAINABLE
v11_SYN_0167_prefix5_anchored_b53591379e11c1_object_deformation_background_drift_visible,TypeM_v11_synthetic_visible,synthetic_controlled,background_drift_visible,prefix5_anchored_b53591379e11c1_object_deformation,collision,orbit_right_64,/home/nvme04/workspace/world_model_phys/PHYS/world_model_phys_stageA_v5_broad_lora_work/local_assets/dpo_prefix5_pairs_20260627_031729/clean_futures/02200_collision_orbit_right_64_seed41200/clean_future_5_80.mp4,local_assets/dpo_pair_factory_v11/synthetic_pairs/pairs/v11_SYN_0167_prefix5_anchored_b53591379e11c1_object_deformation_background_drift_visible/loser_future.mp4,reports/dpo_pair_factory_v11/contact_sheets/v11_SYN_0167_prefix5_anchored_b53591379e11c1_object_deformation_background_drift_visible.jpg,True,True,76,832,480,True,True,60.2562,31.6978,2336.3755,2,1,1.0,0.88,0.12,39.682857005601534,0.9993807802210457,0.9806769276564185,2.0848611891269684,6.8,0.0,101.65159067007212,61.34296314851805,True,True,True,True,"Contact sheet reviewed: visible medium-hard background_drift_visible; loser remains readable, reward_margin=0.120, sharpness_ratio=0.981, mean_absdiff=2.08, local_absdiff=4.94.",,True,TRAINABLE
v11_SYN_0127_02384_collision_orbit_right_64_seed41384_collision_response_failure_synthetic,TypeM_v11_synthetic_visible,synthetic_controlled,collision_response_failure_synthetic,02384_collision_orbit_right_64_seed41384,collision,orbit_right_64,local_assets/dpo_pair_factory_v10/recovered_conditions/02384_collision_orbit_right_64_seed41384/clean_future_5_80.mp4,local_assets/dpo_pair_factory_v11/synthetic_pairs/pairs/v11_SYN_0127_02384_collision_orbit_right_64_seed41384_collision_response_failure_synthetic/loser_future.mp4,reports/dpo_pair_factory_v11/contact_sheets/v11_SYN_0127_02384_collision_orbit_right_64_seed41384_collision_response_failure_synthetic.jpg,True,True,76,832,480,True,True,52.6446,22.3644,1995.5211,2,1,1.0,0.88,0.12,40.517994422417,0.9986356633752445,0.9860870904410501,1.952693909406662,7.6,0.0,76.17048590244391,43.1424674397771,True,True,True,True,"Contact sheet reviewed: visible medium-hard collision_response_failure_synthetic; loser remains readable, reward_margin=0.120, sharpness_ratio=0.986, mean_absdiff=1.95, local_absdiff=4.28.",,True,TRAINABLE
v11_SYN_0331_04358_containment_orbit_left_44_seed43358_containment_failure_synthetic,TypeM_v11_synthetic_visible,synthetic_controlled,containment_failure_synthetic,04358_containment_orbit_left_44_seed43358,containment,orbit_left_44,local_assets/dpo_pair_factory_v10/recovered_conditions/04358_containment_orbit_left_44_seed43358/clean_future_5_80.mp4,local_assets/dpo_pair_factory_v11/synthetic_pairs/pairs/v11_SYN_0331_04358_containment_orbit_left_44_seed43358_containment_failure_synthetic/loser_future.mp4,reports/dpo_pair_factory_v11/contact_sheets/v11_SYN_0331_04358_containment_orbit_left_44_seed43358_containment_failure_synthetic.jpg,True,True,76,832,480,True,True,71.3798,34.8664,2582.0753,2,1,1.0,0.88,0.12,38.09012843812998,0.9972444380469665,0.9785859545561598,2.1377291083335876,11.2,0.0,91.11435046073717,39.31472297916176,True,True,True,True,"Contact sheet reviewed: visible medium-hard containment_failure_synthetic; loser remains readable, reward_margin=0.120, sharpness_ratio=0.979, mean_absdiff=2.14, local_absdiff=7.11.",,True,TRAINABLE
v11_SYN_0126_02378_collision_orbit_right_64_seed41378_object_identity_color_shift,TypeM_v11_synthetic_visible,synthetic_controlled,object_identity_color_shift,02378_collision_orbit_right_64_seed41378,collision,orbit_right_64,local_assets/dpo_pair_factory_v10/recovered_conditions/02378_collision_orbit_right_64_seed41378/clean_future_5_80.mp4,local_assets/dpo_pair_factory_v11/synthetic_pairs/pairs/v11_SYN_0126_02378_collision_orbit_right_64_seed41378_object_identity_color_shift/loser_future.mp4,reports/dpo_pair_factory_v11/contact_sheets/v11_SYN_0126_02378_collision_orbit_right_64_seed41378_object_identity_color_shift.jpg,True,True,76,832,480,True,True,53.8083,23.0266,2057.4085,2,1,1.0,0.847759,0.152241,37.757755122165484,0.9990849239516031,0.9980246591895623,2.2707463204860687,12.0,0.0,78.54660394130609,44.58016592783174,True,True,True,True,"Contact sheet reviewed: visible medium-hard object_identity_color_shift; loser remains readable, reward_margin=0.152, sharpness_ratio=0.998, mean_absdiff=2.27, local_absdiff=10.66.",,True,TRAINABLE
v11_SYN_0251_04248_containment_orbit_left_44_seed43248_partial_freeze_foreground,TypeM_v11_synthetic_visible,synthetic_controlled,partial_freeze_foreground,04248_containment_orbit_left_44_seed43248,containment,orbit_left_44,local_assets/dpo_pair_factory_v10/recovered_conditions/04248_containment_orbit_left_44_seed43248/clean_future_5_80.mp4,local_assets/dpo_pair_factory_v11/synthetic_pairs/pairs/v11_SYN_0251_04248_containment_orbit_left_44_seed43248_partial_freeze_foreground/loser_future.mp4,reports/dpo_pair_factory_v11/contact_sheets/v11_SYN_0251_04248_containment_orbit_left_44_seed43248_partial_freeze_foreground.jpg,True,True,76,832,480,True,True,50.7032,29.7615,1807.6551,2,1,1.0,0.88,0.12,39.02681681347069,0.9991087530133999,0.99630265473082,2.1464534401893616,8.0,0.0,77.39142440404648,52.79498660478839,True,True,True,True,"Contact sheet reviewed: visible medium-hard partial_freeze_foreground; loser remains readable, reward_margin=0.120, sharpness_ratio=0.996, mean_absdiff=2.15, local_absdiff=6.07.",,True,TRAINABLE
v11_SYN_EXTRA_0218_04357_containment_orbit_left_44_seed43357_reobserve_mismatch_visible,TypeM_v11_synthetic_visible,synthetic_controlled,reobserve_mismatch_visible,04357_containment_orbit_left_44_seed43357,containment,orbit_left_44,local_assets/dpo_pair_factory_v10/recovered_conditions/04357_containment_orbit_left_44_seed43357/clean_future_5_80.mp4,local_assets/dpo_pair_factory_v11/synthetic_pairs_extra/pairs/v11_SYN_EXTRA_0218_04357_containment_orbit_left_44_seed43357_reobserve_mismatch_visible/loser_future.mp4,reports/dpo_pair_factory_v11/contact_sheets/v11_SYN_EXTRA_0218_04357_containment_orbit_left_44_seed43357_reobserve_mismatch_visible.jpg,True,True,76,832,480,True,True,78.7985,44.9933,2274.6459,2,1,1.0,0.877392,0.122608,38.657533800399634,0.9956630452345157,0.9968254458813274,2.069757878780365,21.6,0.0,104.45132336738781,42.236132365706,True,True,True,True,"Contact sheet reviewed: visible medium-hard reobserve_mismatch_visible; loser remains readable, reward_margin=0.123, sharpness_ratio=0.997, mean_absdiff=2.07, local_absdiff=8.58.",,True,TRAINABLE
v11_SYN_0173_prefix5_anchored_e78653865b3413_wrong_camera_motion_background_drift_visible,TypeM_v11_synthetic_visible,synthetic_controlled,background_drift_visible,prefix5_anchored_e78653865b3413_wrong_camera_motion,collision,orbit_right_64,/home/nvme04/workspace/world_model_phys/PHYS/world_model_phys_stageA_v5_broad_lora_work/local_assets/dpo_prefix5_pairs_20260627_031729/clean_futures/02200_collision_orbit_right_64_seed41200/clean_future_5_80.mp4,local_assets/dpo_pair_factory_v11/synthetic_pairs/pairs/v11_SYN_0173_prefix5_anchored_e78653865b3413_wrong_camera_motion_background_drift_visible/loser_future.mp4,reports/dpo_pair_factory_v11/contact_sheets/v11_SYN_0173_prefix5_anchored_e78653865b3413_wrong_camera_motion_background_drift_visible.jpg,True,True,76,832,480,True,True,60.2561,31.6985,2338.3129,2,1,1.0,0.88,0.12,39.80670969709077,0.999220228666269,0.9761451347770232,2.0925852358341217,7.6,0.0,101.6516814403045,61.33658682205986,True,True,True,True,"Contact sheet reviewed: visible medium-hard background_drift_visible; loser remains readable, reward_margin=0.120, sharpness_ratio=0.976, mean_absdiff=2.09, local_absdiff=4.31.",,True,TRAINABLE
v11_SYN_EXTRA_0085_02384_collision_orbit_right_64_seed41384_collision_response_failure_synthetic,TypeM_v11_synthetic_visible,synthetic_controlled,collision_response_failure_synthetic,02384_collision_orbit_right_64_seed41384,collision,orbit_right_64,local_assets/dpo_pair_factory_v10/recovered_conditions/02384_collision_orbit_right_64_seed41384/clean_future_5_80.mp4,local_assets/dpo_pair_factory_v11/synthetic_pairs_extra/pairs/v11_SYN_EXTRA_0085_02384_collision_orbit_right_64_seed41384_collision_response_failure_synthetic/loser_future.mp4,reports/dpo_pair_factory_v11/contact_sheets/v11_SYN_EXTRA_0085_02384_collision_orbit_right_64_seed41384_collision_response_failure_synthetic.jpg,True,True,76,832,480,True,True,52.6317,22.3585,1988.978,2,1,1.0,0.88,0.12,40.58351176800345,0.999004230695469,0.9874557297277793,1.940122365951538,6.4,0.0,76.14867851061699,43.15552106900261,True,True,True,True,"Contact sheet reviewed: visible medium-hard collision_response_failure_synthetic; loser remains readable, reward_margin=0.120, sharpness_ratio=0.987, mean_absdiff=1.94, local_absdiff=4.69.",,True,TRAINABLE
v11_SYN_EXTRA_0221_04358_containment_orbit_left_44_seed43358_containment_failure_synthetic,TypeM_v11_synthetic_visible,synthetic_controlled,containment_failure_synthetic,04358_containment_orbit_left_44_seed43358,containment,orbit_left_44,local_assets/dpo_pair_factory_v10/recovered_conditions/04358_containment_orbit_left_44_seed43358/clean_future_5_80.mp4,local_assets/dpo_pair_factory_v11/synthetic_pairs_extra/pairs/v11_SYN_EXTRA_0221_04358_containment_orbit_left_44_seed43358_containment_failure_synthetic/loser_future.mp4,reports/dpo_pair_factory_v11/contact_sheets/v11_SYN_EXTRA_0221_04358_containment_orbit_left_44_seed43358_containment_failure_synthetic.jpg,True,True,76,832,480,True,True,71.4611,34.9033,2595.6778,2,1,1.0,0.874541,0.125459,38.75998415934312,0.9978846808477961,0.9830328237456366,2.0965179800987244,13.2,0.0,91.31158228165063,39.28368096626956,True,True,True,True,"Contact sheet reviewed: visible medium-hard containment_failure_synthetic; loser remains readable, reward_margin=0.125, sharpness_ratio=0.983, mean_absdiff=2.10, local_absdiff=8.78.",,True,TRAINABLE
v11_SYN_0118_02366_collision_orbit_right_64_seed41366_local_scene_patch_drift,TypeM_v11_synthetic_visible,synthetic_controlled,local_scene_patch_drift,02366_collision_orbit_right_64_seed41366,collision,orbit_right_64,local_assets/dpo_pair_factory_v10/recovered_conditions/02366_collision_orbit_right_64_seed41366/clean_future_5_80.mp4,local_assets/dpo_pair_factory_v11/synthetic_pairs/pairs/v11_SYN_0118_02366_collision_orbit_right_64_seed41366_local_scene_patch_drift/loser_future.mp4,reports/dpo_pair_factory_v11/contact_sheets/v11_SYN_0118_02366_collision_orbit_right_64_seed41366_local_scene_patch_drift.jpg,True,True,76,832,480,True,True,54.0022,21.2493,2000.7622,2,1,1.0,0.88,0.12,40.16661367004883,0.9992941929786257,0.9838761266114004,2.0798873901367188,6.0,0.0,83.11568321814903,51.871520701019605,True,True,True,True,"Contact sheet reviewed: visible medium-hard local_scene_patch_drift; loser remains readable, reward_margin=0.120, sharpness_ratio=0.984, mean_absdiff=2.08, local_absdiff=4.45.",,True,TRAINABLE
v11_SYN_0132_02384_collision_orbit_right_64_seed41384_object_identity_color_shift,TypeM_v11_synthetic_visible,synthetic_controlled,object_identity_color_shift,02384_collision_orbit_right_64_seed41384,collision,orbit_right_64,local_assets/dpo_pair_factory_v10/recovered_conditions/02384_collision_orbit_right_64_seed41384/clean_future_5_80.mp4,local_assets/dpo_pair_factory_v11/synthetic_pairs/pairs/v11_SYN_0132_02384_collision_orbit_right_64_seed41384_object_identity_color_shift/loser_future.mp4,reports/dpo_pair_factory_v11/contact_sheets/v11_SYN_0132_02384_collision_orbit_right_64_seed41384_object_identity_color_shift.jpg,True,True,76,832,480,True,True,52.072,21.855,1964.6827,2,1,1.0,0.835015,0.164985,37.891772603461774,0.9992202353935631,0.9971214610413875,2.1771668195724487,13.2,0.0,76.04494441105768,43.223668073840685,True,True,True,True,"Contact sheet reviewed: visible medium-hard object_identity_color_shift; loser remains readable, reward_margin=0.165, sharpness_ratio=0.997, mean_absdiff=2.18, local_absdiff=11.55.",,True,TRAINABLE
v11_SYN_0332_04358_containment_orbit_left_44_seed43358_reobserve_mismatch_visible,TypeM_v11_synthetic_visible,synthetic_controlled,reobserve_mismatch_visible,04358_containment_orbit_left_44_seed43358,containment,orbit_left_44,local_assets/dpo_pair_factory_v10/recovered_conditions/04358_containment_orbit_left_44_seed43358/clean_future_5_80.mp4,local_assets/dpo_pair_factory_v11/synthetic_pairs/pairs/v11_SYN_0332_04358_containment_orbit_left_44_seed43358_reobserve_mismatch_visible/loser_future.mp4,reports/dpo_pair_factory_v11/contact_sheets/v11_SYN_0332_04358_containment_orbit_left_44_seed43358_reobserve_mismatch_visible.jpg,True,True,76,832,480,True,True,71.3752,34.9442,2586.0668,2,1,1.0,0.88,0.12,39.05588754153992,0.9958625009823381,0.9893796269544339,2.1686256527900696,17.6,0.0,91.25903132512019,39.331563962513385,True,True,True,True,"Contact sheet reviewed: visible medium-hard reobserve_mismatch_visible; loser remains readable, reward_margin=0.120, sharpness_ratio=0.989, mean_absdiff=2.17, local_absdiff=8.03.",,True,TRAINABLE
v11_SYN_0191_prefix5_anchored_ff65f1ae3e7ca8_background_drift_background_drift_visible,TypeM_v11_synthetic_visible,synthetic_controlled,background_drift_visible,prefix5_anchored_ff65f1ae3e7ca8_background_drift,collision,orbit_right_64,/home/nvme04/workspace/world_model_phys/PHYS/world_model_phys_stageA_v5_broad_lora_work/local_assets/dpo_prefix5_pairs_20260627_031729/clean_futures/02200_collision_orbit_right_64_seed41200/clean_future_5_80.mp4,local_assets/dpo_pair_factory_v11/synthetic_pairs/pairs/v11_SYN_0191_prefix5_anchored_ff65f1ae3e7ca8_background_drift_background_drift_visible/loser_future.mp4,reports/dpo_pair_factory_v11/contact_sheets/v11_SYN_0191_prefix5_anchored_ff65f1ae3e7ca8_background_drift_background_drift_visible.jpg,True,True,76,832,480,True,True,60.2553,31.6988,2338.372,2,1,1.0,0.88,0.12,39.3862670317517,0.9992711977122699,0.9740232560684645,2.105781763792038,8.0,0.0,101.65258225661059,61.33729216396527,True,True,True,True,"Contact sheet reviewed: visible medium-hard background_drift_visible; loser remains readable, reward_margin=0.120, sharpness_ratio=0.974, mean_absdiff=2.11, local_absdiff=5.40.",,True,TRAINABLE
v11_SYN_0019_02222_collision_orbit_right_64_seed41222_collision_response_failure_synthetic,TypeM_v11_synthetic_visible,synthetic_controlled,collision_response_failure_synthetic,19fca32ea8850d8171e9d24ffeaf03ea61694a23c026a9ab7b92ff61f3c61485,collision,orbit_right_64,local_assets/dpo_prefix5_pairs_20260627_031729/clean_futures/02222_collision_orbit_right_64_seed41222/clean_future_5_80.mp4,local_assets/dpo_pair_factory_v11/synthetic_pairs/pairs/v11_SYN_0019_02222_collision_orbit_right_64_seed41222_collision_response_failure_synthetic/loser_future.mp4,reports/dpo_pair_factory_v11/contact_sheets/v11_SYN_0019_02222_collision_orbit_right_64_seed41222_collision_response_failure_synthetic.jpg,True,True,76,832,480,True,True,73.261,45.8729,2068.4998,2,1,1.0,0.88,0.12,40.114962530715,0.9991651293201617,0.9869229173854802,2.017370730638504,6.8,0.0,110.3201159354968,56.02435752707905,True,True,True,True,"Contact sheet reviewed: visible medium-hard collision_response_failure_synthetic; loser remains readable, reward_margin=0.120, sharpness_ratio=0.987, mean_absdiff=2.02, local_absdiff=4.00.",,True,TRAINABLE
v11_SYN_0217_04204_containment_orbit_left_44_seed43204_containment_failure_synthetic,TypeM_v11_synthetic_visible,synthetic_controlled,containment_failure_synthetic,ab5d782f6fc318e29962e4f6f95583a23252babeab7469234f998be5fb6915ac,containment,orbit_left_44,local_assets/dpo_prefix5_pairs_20260627_031729/clean_futures/04204_containment_orbit_left_44_seed43204/clean_future_5_80.mp4,local_assets/dpo_pair_factory_v11/synthetic_pairs/pairs/v11_SYN_0217_04204_containment_orbit_left_44_seed43204_containment_failure_synthetic/loser_future.mp4,reports/dpo_pair_factory_v11/contact_sheets/v11_SYN_0217_04204_containment_orbit_left_44_seed43204_containment_failure_synthetic.jpg,True,True,76,832,480,True,True,41.9735,23.6069,1128.0467,2,1,1.0,0.88,0.12,40.25139317242101,0.9993633400193727,0.9954756353909678,1.9829775094985962,6.4,0.0,65.31388408954327,43.59630712678357,True,True,True,True,"Contact sheet reviewed: visible medium-hard containment_failure_synthetic; loser remains readable, reward_margin=0.120, sharpness_ratio=0.995, mean_absdiff=1.98, local_absdiff=3.96.",,True,TRAINABLE
v11_SYN_EXTRA_0080_02366_collision_orbit_right_64_seed41366_local_scene_patch_drift,TypeM_v11_synthetic_visible,synthetic_controlled,local_scene_patch_drift,02366_collision_orbit_right_64_seed41366,collision,orbit_right_64,local_assets/dpo_pair_factory_v10/recovered_conditions/02366_collision_orbit_right_64_seed41366/clean_future_5_80.mp4,local_assets/dpo_pair_factory_v11/synthetic_pairs_extra/pairs/v11_SYN_EXTRA_0080_02366_collision_orbit_right_64_seed41366_local_scene_patch_drift/loser_future.mp4,reports/dpo_pair_factory_v11/contact_sheets/v11_SYN_EXTRA_0080_02366_collision_orbit_right_64_seed41366_local_scene_patch_drift.jpg,True,True,76,832,480,True,True,54.0016,21.2512,2003.8665,2,1,1.0,0.88,0.12,39.9676368364656,0.9992235244800161,0.9878837565302844,2.0873236656188965,7.2,0.0,83.11421148838141,51.87014520937031,True,True,True,True,"Contact sheet reviewed: visible medium-hard local_scene_patch_drift; loser remains readable, reward_margin=0.120, sharpness_ratio=0.988, mean_absdiff=2.09, local_absdiff=5.25.",,True,TRAINABLE
v11_SYN_0486_03409_roll_orbit_right_60_seed42409_object_identity_color_shift,TypeM_v11_synthetic_visible,synthetic_controlled,object_identity_color_shift,03409_roll_orbit_right_60_seed42409,roll,orbit_right_60,local_assets/dpo_pair_factory_v10/recovered_conditions/03409_roll_orbit_right_60_seed42409/clean_future_5_80.mp4,local_assets/dpo_pair_factory_v11/synthetic_pairs/pairs/v11_SYN_0486_03409_roll_orbit_right_60_seed42409_object_identity_color_shift/loser_future.mp4,reports/dpo_pair_factory_v11/contact_sheets/v11_SYN_0486_03409_roll_orbit_right_60_seed42409_object_identity_color_shift.jpg,True,True,76,832,480,True,True,46.5863,21.8822,1543.7587,2,1,1.0,0.88,0.12,39.468640592633534,0.999099822138412,0.9979400778078381,2.2154864370822906,10.4,0.0,72.65881034655449,45.27055359189004,True,True,True,True,"Contact sheet reviewed: visible medium-hard object_identity_color_shift; loser remains readable, reward_margin=0.120, sharpness_ratio=0.998, mean_absdiff=2.22, local_absdiff=5.59.",,True,TRAINABLE
v11_SYN_0263_04252_containment_orbit_left_44_seed43252_partial_freeze_foreground,TypeM_v11_synthetic_visible,synthetic_controlled,partial_freeze_foreground,04252_containment_orbit_left_44_seed43252,containment,orbit_left_44,local_assets/dpo_pair_factory_v10/recovered_conditions/04252_containment_orbit_left_44_seed43252/clean_future_5_80.mp4,local_assets/dpo_pair_factory_v11/synthetic_pairs/pairs/v11_SYN_0263_04252_containment_orbit_left_44_seed43252_partial_freeze_foreground/loser_future.mp4,reports/dpo_pair_factory_v11/contact_sheets/v11_SYN_0263_04252_containment_orbit_left_44_seed43252_partial_freeze_foreground.jpg,True,True,76,832,480,True,True,47.4827,24.3969,1167.5756,2,1,1.0,0.875781,0.124219,37.49461952868283,0.9953649420869979,0.9933041076616255,2.228045701980591,11.6,0.0,74.0818828876202,43.775225572112774,True,True,True,True,"Contact sheet reviewed: visible medium-hard partial_freeze_foreground; loser remains readable, reward_margin=0.124, sharpness_ratio=0.993, mean_absdiff=2.23, local_absdiff=8.70.",,True,TRAINABLE
v11_SYN_EXTRA_0222_04358_containment_orbit_left_44_seed43358_reobserve_mismatch_visible,TypeM_v11_synthetic_visible,synthetic_controlled,reobserve_mismatch_visible,04358_containment_orbit_left_44_seed43358,containment,orbit_left_44,local_assets/dpo_pair_factory_v10/recovered_conditions/04358_containment_orbit_left_44_seed43358/clean_future_5_80.mp4,local_assets/dpo_pair_factory_v11/synthetic_pairs_extra/pairs/v11_SYN_EXTRA_0222_04358_containment_orbit_left_44_seed43358_reobserve_mismatch_visible/loser_future.mp4,reports/dpo_pair_factory_v11/contact_sheets/v11_SYN_EXTRA_0222_04358_containment_orbit_left_44_seed43358_reobserve_mismatch_visible.jpg,True,True,76,832,480,True,True,71.3556,34.9419,2588.6158,2,1,1.0,0.857821,0.142179,38.39303394172846,0.9944641691481599,0.9904147008121065,2.2241179943084717,21.2,0.0,91.25721028645833,39.33109140710161,True,True,True,True,"Contact sheet reviewed: visible medium-hard reobserve_mismatch_visible; loser remains readable, reward_margin=0.142, sharpness_ratio=0.990, mean_absdiff=2.22, local_absdiff=9.95.",,True,TRAINABLE
v11_SYN_0197_v6_02200_collision_orbit_right_64_seed41200_background_drift_visible,TypeM_v11_synthetic_visible,synthetic_controlled,background_drift_visible,v6_02200_collision_orbit_right_64_seed41200,collision,orbit_right_64,/home/nvme04/workspace/world_model_phys/PHYS/world_model_phys_stageA_v5_broad_lora_work/local_assets/dpo_prefix5_pairs_20260627_031729/clean_futures/02200_collision_orbit_right_64_seed41200/clean_future_5_80.mp4,local_assets/dpo_pair_factory_v11/synthetic_pairs/pairs/v11_SYN_0197_v6_02200_collision_orbit_right_64_seed41200_background_drift_visible/loser_future.mp4,reports/dpo_pair_factory_v11/contact_sheets/v11_SYN_0197_v6_02200_collision_orbit_right_64_seed41200_background_drift_visible.jpg,True,True,76,832,480,True,True,60.26,31.7029,2343.8197,2,1,1.0,0.88,0.12,40.377865729759094,0.9995651571209738,0.9885193477533808,2.010280579328537,5.6,0.0,101.65284642928687,61.34781551287486,True,True,True,True,"Contact sheet reviewed: visible medium-hard background_drift_visible; loser remains readable, reward_margin=0.120, sharpness_ratio=0.989, mean_absdiff=2.01, local_absdiff=4.24.",,True,TRAINABLE
v11_SYN_EXTRA_0013_02222_collision_orbit_right_64_seed41222_collision_response_failure_synthetic,TypeM_v11_synthetic_visible,synthetic_controlled,collision_response_failure_synthetic,19fca32ea8850d8171e9d24ffeaf03ea61694a23c026a9ab7b92ff61f3c61485,collision,orbit_right_64,local_assets/dpo_prefix5_pairs_20260627_031729/clean_futures/02222_collision_orbit_right_64_seed41222/clean_future_5_80.mp4,local_assets/dpo_pair_factory_v11/synthetic_pairs_extra/pairs/v11_SYN_EXTRA_0013_02222_collision_orbit_right_64_seed41222_collision_response_failure_synthetic/loser_future.mp4,reports/dpo_pair_factory_v11/contact_sheets/v11_SYN_EXTRA_0013_02222_collision_orbit_right_64_seed41222_collision_response_failure_synthetic.jpg,True,True,76,832,480,True,True,73.3757,45.9043,2094.7319,2,1,1.0,0.86614,0.13386,37.27552987216706,0.9967789710731715,0.9936506181622704,2.173609435558319,24.8,0.0,110.4703657101362,55.97315412474434,True,True,True,True,"Contact sheet reviewed: visible medium-hard collision_response_failure_synthetic; loser remains readable, reward_margin=0.134, sharpness_ratio=0.994, mean_absdiff=2.17, local_absdiff=9.37.",,True,TRAINABLE
v11_SYN_EXTRA_0145_04204_containment_orbit_left_44_seed43204_containment_failure_synthetic,TypeM_v11_synthetic_visible,synthetic_controlled,containment_failure_synthetic,ab5d782f6fc318e29962e4f6f95583a23252babeab7469234f998be5fb6915ac,containment,orbit_left_44,local_assets/dpo_prefix5_pairs_20260627_031729/clean_futures/04204_containment_orbit_left_44_seed43204/clean_future_5_80.mp4,local_assets/dpo_pair_factory_v11/synthetic_pairs_extra/pairs/v11_SYN_EXTRA_0145_04204_containment_orbit_left_44_seed43204_containment_failure_synthetic/loser_future.mp4,reports/dpo_pair_factory_v11/contact_sheets/v11_SYN_EXTRA_0145_04204_containment_orbit_left_44_seed43204_containment_failure_synthetic.jpg,True,True,76,832,480,True,True,41.974,23.6039,1127.9336,2,1,1.0,0.88,0.12,39.7610746101992,0.9991781183368125,0.9953578630722519,2.0533580482006073,6.8,0.0,65.31562124399038,43.59328477579663,True,True,True,True,"Contact sheet reviewed: visible medium-hard containment_failure_synthetic; loser remains readable, reward_margin=0.120, sharpness_ratio=0.995, mean_absdiff=2.05, local_absdiff=3.98.",,True,TRAINABLE
v11_SYN_0124_02378_collision_orbit_right_64_seed41378_local_scene_patch_drift,TypeM_v11_synthetic_visible,synthetic_controlled,local_scene_patch_drift,02378_collision_orbit_right_64_seed41378,collision,orbit_right_64,local_assets/dpo_pair_factory_v10/recovered_conditions/02378_collision_orbit_right_64_seed41378/clean_future_5_80.mp4,local_assets/dpo_pair_factory_v11/synthetic_pairs/pairs/v11_SYN_0124_02378_collision_orbit_right_64_seed41378_local_scene_patch_drift/loser_future.mp4,reports/dpo_pair_factory_v11/contact_sheets/v11_SYN_0124_02378_collision_orbit_right_64_seed41378_local_scene_patch_drift.jpg,True,True,76,832,480,True,True,53.7582,22.8742,2024.1405,2,1,1.0,0.88,0.12,40.34761200378058,0.99894659586885,0.9870964096039299,1.985714703798294,6.4,0.0,78.73423602764423,44.460807962023445,True,True,True,True,"Contact sheet reviewed: visible medium-hard local_scene_patch_drift; loser remains readable, reward_margin=0.120, sharpness_ratio=0.987, mean_absdiff=1.99, local_absdiff=4.78.",,True,TRAINABLE
v11_SYN_0492_03410_roll_orbit_right_60_seed42410_object_identity_color_shift,TypeM_v11_synthetic_visible,synthetic_controlled,object_identity_color_shift,03410_roll_orbit_right_60_seed42410,roll,orbit_right_60,local_assets/dpo_pair_factory_v10/recovered_conditions/03410_roll_orbit_right_60_seed42410/clean_future_5_80.mp4,local_assets/dpo_pair_factory_v11/synthetic_pairs/pairs/v11_SYN_0492_03410_roll_orbit_right_60_seed42410_object_identity_color_shift/loser_future.mp4,reports/dpo_pair_factory_v11/contact_sheets/v11_SYN_0492_03410_roll_orbit_right_60_seed42410_object_identity_color_shift.jpg,True,True,76,832,480,True,True,71.8173,37.9744,1847.7462,2,1,1.0,0.88,0.12,40.16350279140198,0.9995476689439701,0.997672664970268,2.124142587184906,6.8,0.0,103.61504782652243,46.59739449049099,True,True,True,True,"Contact sheet reviewed: visible medium-hard object_identity_color_shift; loser remains readable, reward_margin=0.120, sharpness_ratio=0.998, mean_absdiff=2.12, local_absdiff=4.10.",,True,TRAINABLE
v11_SYN_0218_04204_containment_orbit_left_44_seed43204_reobserve_mismatch_visible,TypeM_v11_synthetic_visible,synthetic_controlled,reobserve_mismatch_visible,ab5d782f6fc318e29962e4f6f95583a23252babeab7469234f998be5fb6915ac,containment,orbit_left_44,local_assets/dpo_prefix5_pairs_20260627_031729/clean_futures/04204_containment_orbit_left_44_seed43204/clean_future_5_80.mp4,local_assets/dpo_pair_factory_v11/synthetic_pairs/pairs/v11_SYN_0218_04204_containment_orbit_left_44_seed43204_reobserve_mismatch_visible/loser_future.mp4,reports/dpo_pair_factory_v11/contact_sheets/v11_SYN_0218_04204_containment_orbit_left_44_seed43204_reobserve_mismatch_visible.jpg,True,True,76,832,480,True,True,41.8913,23.4899,1114.1057,2,1,1.0,0.88,0.12,39.22851008625929,0.9986981535866333,0.9958984391735205,2.0724060237407684,11.6,0.0,65.32716408754007,43.583867845511044,True,True,True,True,"Contact sheet reviewed: visible medium-hard reobserve_mismatch_visible; loser remains readable, reward_margin=0.120, sharpness_ratio=0.996, mean_absdiff=2.07, local_absdiff=5.23.",,True,TRAINABLE
v11_SYN_0209_v6_02222_collision_orbit_right_64_seed41222_background_drift_visible,TypeM_v11_synthetic_visible,synthetic_controlled,background_drift_visible,v6_02222_collision_orbit_right_64_seed41222,collision,orbit_right_64,/home/nvme04/workspace/world_model_phys/PHYS/world_model_phys_stageA_v5_broad_lora_work/local_assets/dpo_prefix5_pairs_20260627_031729/clean_futures/02222_collision_orbit_right_64_seed41222/clean_future_5_80.mp4,local_assets/dpo_pair_factory_v11/synthetic_pairs/pairs/v11_SYN_0209_v6_02222_collision_orbit_right_64_seed41222_background_drift_visible/loser_future.mp4,reports/dpo_pair_factory_v11/contact_sheets/v11_SYN_0209_v6_02222_collision_orbit_right_64_seed41222_background_drift_visible.jpg,True,True,76,832,480,True,True,72.6507,45.8641,2020.1281,2,1,1.0,0.88,0.12,39.381247923817966,0.9990974980761201,0.9671487533525369,2.079229474067688,8.0,0.0,110.32907276642628,56.00624483385154,True,True,True,True,"Contact sheet reviewed: visible medium-hard background_drift_visible; loser remains readable, reward_margin=0.120, sharpness_ratio=0.967, mean_absdiff=2.08, local_absdiff=5.68.",,True,TRAINABLE
v11_SYN_0025_02226_collision_orbit_right_64_seed41226_collision_response_failure_synthetic,TypeM_v11_synthetic_visible,synthetic_controlled,collision_response_failure_synthetic,1cbeaad951cb1cf61abfeec4304bcdcf82c3013ecb9e22df3497c7ee5a143dbe,collision,orbit_right_64,local_assets/dpo_prefix5_pairs_20260627_031729/clean_futures/02226_collision_orbit_right_64_seed41226/clean_future_5_80.mp4,local_assets/dpo_pair_factory_v11/synthetic_pairs/pairs/v11_SYN_0025_02226_collision_orbit_right_64_seed41226_collision_response_failure_synthetic/loser_future.mp4,reports/dpo_pair_factory_v11/contact_sheets/v11_SYN_0025_02226_collision_orbit_right_64_seed41226_collision_response_failure_synthetic.jpg,True,True,76,832,480,True,True,63.3439,35.7469,2230.9627,2,1,1.0,0.88,0.12,39.988809914561,0.9994031264855804,0.9881207514352098,2.0587510466575623,7.6,0.0,101.83260779747596,57.590018790185475,True,True,True,True,"Contact sheet reviewed: visible medium-hard collision_response_failure_synthetic; loser remains readable, reward_margin=0.120, sharpness_ratio=0.988, mean_absdiff=2.06, local_absdiff=5.38.",,True,TRAINABLE
v11_SYN_0337_prefix5_anchored_1279c3b65a6d9e_object_identity_change_containment_failure_synthetic,TypeM_v11_synthetic_visible,synthetic_controlled,containment_failure_synthetic,prefix5_anchored_1279c3b65a6d9e_object_identity_change,containment,orbit_left_44,/home/nvme04/workspace/world_model_phys/PHYS/world_model_phys_stageA_v5_broad_lora_work/local_assets/dpo_prefix5_pairs_20260627_031729/clean_futures/04204_containment_orbit_left_44_seed43204/clean_future_5_80.mp4,local_assets/dpo_pair_factory_v11/synthetic_pairs/pairs/v11_SYN_0337_prefix5_anchored_1279c3b65a6d9e_object_identity_change_containment_failure_synthetic/loser_future.mp4,reports/dpo_pair_factory_v11/contact_sheets/v11_SYN_0337_prefix5_anchored_1279c3b65a6d9e_object_identity_change_containment_failure_synthetic.jpg,True,True,76,832,480,True,True,41.9923,23.5905,1127.2599,2,1,1.0,0.88,0.12,40.505712962344994,0.9993362880241768,0.9946207079762212,1.972257673740387,6.4,0.0,65.32935822315706,43.57992479881601,True,True,True,True,"Contact sheet reviewed: visible medium-hard containment_failure_synthetic; loser remains readable, reward_margin=0.120, sharpness_ratio=0.995, mean_absdiff=1.97, local_absdiff=4.29.",,True,TRAINABLE
v11_SYN_0130_02384_collision_orbit_right_64_seed41384_local_scene_patch_drift,TypeM_v11_synthetic_visible,synthetic_controlled,local_scene_patch_drift,02384_collision_orbit_right_64_seed41384,collision,orbit_right_64,local_assets/dpo_pair_factory_v10/recovered_conditions/02384_collision_orbit_right_64_seed41384/clean_future_5_80.mp4,local_assets/dpo_pair_factory_v11/synthetic_pairs/pairs/v11_SYN_0130_02384_collision_orbit_right_64_seed41384_local_scene_patch_drift/loser_future.mp4,reports/dpo_pair_factory_v11/contact_sheets/v11_SYN_0130_02384_collision_orbit_right_64_seed41384_local_scene_patch_drift.jpg,True,True,76,832,480,True,True,51.9265,21.6855,1933.8171,2,1,1.0,0.88,0.12,40.12711250511729,0.9987453203914904,0.9823917289121838,2.004453420639038,6.4,0.0,76.16125300480769,43.14244012120288,True,True,True,True,"Contact sheet reviewed: visible medium-hard local_scene_patch_drift; loser remains readable, reward_margin=0.120, sharpness_ratio=0.982, mean_absdiff=2.00, local_absdiff=4.71.",,True,TRAINABLE
v11_SYN_0498_03413_roll_orbit_right_60_seed42413_object_identity_color_shift,TypeM_v11_synthetic_visible,synthetic_controlled,object_identity_color_shift,03413_roll_orbit_right_60_seed42413,roll,orbit_right_60,local_assets/dpo_pair_factory_v10/recovered_conditions/03413_roll_orbit_right_60_seed42413/clean_future_5_80.mp4,local_assets/dpo_pair_factory_v11/synthetic_pairs/pairs/v11_SYN_0498_03413_roll_orbit_right_60_seed42413_object_identity_color_shift/loser_future.mp4,reports/dpo_pair_factory_v11/contact_sheets/v11_SYN_0498_03413_roll_orbit_right_60_seed42413_object_identity_color_shift.jpg,True,True,76,832,480,True,True,48.6017,23.3974,1691.7006,2,1,1.0,0.852724,0.147276,37.8778543757101,0.999140070418204,0.9961821037262678,2.2773065865039825,12.4,0.0,73.46233536157852,41.14186564156742,True,True,True,True,"Contact sheet reviewed: visible medium-hard object_identity_color_shift; loser remains readable, reward_margin=0.147, sharpness_ratio=0.996, mean_absdiff=2.28, local_absdiff=10.31.",,True,TRAINABLE
v11_SYN_0275_04267_containment_orbit_left_44_seed43267_partial_freeze_foreground,TypeM_v11_synthetic_visible,synthetic_controlled,partial_freeze_foreground,04267_containment_orbit_left_44_seed43267,containment,orbit_left_44,local_assets/dpo_pair_factory_v10/recovered_conditions/04267_containment_orbit_left_44_seed43267/clean_future_5_80.mp4,local_assets/dpo_pair_factory_v11/synthetic_pairs/pairs/v11_SYN_0275_04267_containment_orbit_left_44_seed43267_partial_freeze_foreground/loser_future.mp4,reports/dpo_pair_factory_v11/contact_sheets/v11_SYN_0275_04267_containment_orbit_left_44_seed43267_partial_freeze_foreground.jpg,True,True,76,832,480,True,True,80.3819,44.088,2902.4168,2,1,1.0,0.851737,0.148263,37.03773566164835,0.9953105469955134,1.0012406270949046,2.4011852145195007,16.8,0.0,106.92290978064904,45.989937580168004,True,True,True,True,"Contact sheet reviewed: visible medium-hard partial_freeze_foreground; loser remains readable, reward_margin=0.148, sharpness_ratio=1.001, mean_absdiff=2.40, local_absdiff=10.38.",,True,TRAINABLE
v11_SYN_EXTRA_0146_04204_containment_orbit_left_44_seed43204_reobserve_mismatch_visible,TypeM_v11_synthetic_visible,synthetic_controlled,reobserve_mismatch_visible,ab5d782f6fc318e29962e4f6f95583a23252babeab7469234f998be5fb6915ac,containment,orbit_left_44,local_assets/dpo_prefix5_pairs_20260627_031729/clean_futures/04204_containment_orbit_left_44_seed43204/clean_future_5_80.mp4,local_assets/dpo_pair_factory_v11/synthetic_pairs_extra/pairs/v11_SYN_EXTRA_0146_04204_containment_orbit_left_44_seed43204_reobserve_mismatch_visible/loser_future.mp4,reports/dpo_pair_factory_v11/contact_sheets/v11_SYN_EXTRA_0146_04204_containment_orbit_left_44_seed43204_reobserve_mismatch_visible.jpg,True,True,76,832,480,True,True,41.8902,23.4913,1114.0325,2,1,1.0,0.88,0.12,39.371531480813175,0.9989148322397584,0.996352383036073,2.0535143315792084,13.2,0.0,65.32674717047276,43.58459059166323,True,True,True,True,"Contact sheet reviewed: visible medium-hard reobserve_mismatch_visible; loser remains readable, reward_margin=0.120, sharpness_ratio=0.996, mean_absdiff=2.05, local_absdiff=5.65.",,True,TRAINABLE
v11_SYN_0007_02202_collision_orbit_right_64_seed41202_collision_response_failure_synthetic,TypeM_v11_synthetic_visible,synthetic_controlled,collision_response_failure_synthetic,4aeca92fd238b5299cd52999661a02787ae76fcabf943ef2e4e94d5c992c335f,collision,orbit_right_64,local_assets/dpo_prefix5_pairs_20260627_031729/clean_futures/02202_collision_orbit_right_64_seed41202/clean_future_5_80.mp4,local_assets/dpo_pair_factory_v11/synthetic_pairs/pairs/v11_SYN_0007_02202_collision_orbit_right_64_seed41202_collision_response_failure_synthetic/loser_future.mp4,reports/dpo_pair_factory_v11/contact_sheets/v11_SYN_0007_02202_collision_orbit_right_64_seed41202_collision_response_failure_synthetic.jpg,True,True,76,832,480,True,True,54.3312,25.0777,2047.1998,2,1,1.0,0.88,0.12,40.05724646906521,0.998799737324577,0.99189732495599,2.051171660423279,8.4,0.0,77.96510980068109,41.7592739202926,True,True,True,True,"Contact sheet reviewed: visible medium-hard collision_response_failure_synthetic; loser remains readable, reward_margin=0.120, sharpness_ratio=0.992, mean_absdiff=2.05, local_absdiff=5.90.",,True,TRAINABLE
v11_SYN_EXTRA_0225_prefix5_anchored_1279c3b65a6d9e_object_identity_change_containment_failure_synthetic,TypeM_v11_synthetic_visible,synthetic_controlled,containment_failure_synthetic,prefix5_anchored_1279c3b65a6d9e_object_identity_change,containment,orbit_left_44,/home/nvme04/workspace/world_model_phys/PHYS/world_model_phys_stageA_v5_broad_lora_work/local_assets/dpo_prefix5_pairs_20260627_031729/clean_futures/04204_containment_orbit_left_44_seed43204/clean_future_5_80.mp4,local_assets/dpo_pair_factory_v11/synthetic_pairs_extra/pairs/v11_SYN_EXTRA_0225_prefix5_anchored_1279c3b65a6d9e_object_identity_change_containment_failure_synthetic/loser_future.mp4,reports/dpo_pair_factory_v11/contact_sheets/v11_SYN_EXTRA_0225_prefix5_anchored_1279c3b65a6d9e_object_identity_change_containment_failure_synthetic.jpg,True,True,76,832,480,True,True,42.1114,23.5669,1122.5338,2,1,1.0,0.88,0.12,38.25828135860597,0.9978912156030559,0.9865250152894819,2.137372672557831,14.4,0.0,65.41603878705929,43.480164101846476,True,True,True,True,"Contact sheet reviewed: visible medium-hard containment_failure_synthetic; loser remains readable, reward_margin=0.120, sharpness_ratio=0.987, mean_absdiff=2.14, local_absdiff=7.36.",,True,TRAINABLE
v11_SYN_0504_03418_roll_orbit_right_60_seed42418_object_identity_color_shift,TypeM_v11_synthetic_visible,synthetic_controlled,object_identity_color_shift,03418_roll_orbit_right_60_seed42418,roll,orbit_right_60,local_assets/dpo_pair_factory_v10/recovered_conditions/03418_roll_orbit_right_60_seed42418/clean_future_5_80.mp4,local_assets/dpo_pair_factory_v11/synthetic_pairs/pairs/v11_SYN_0504_03418_roll_orbit_right_60_seed42418_object_identity_color_shift/loser_future.mp4,reports/dpo_pair_factory_v11/contact_sheets/v11_SYN_0504_03418_roll_orbit_right_60_seed42418_object_identity_color_shift.jpg,True,True,76,832,480,True,True,55.5112,23.2111,1921.2284,2,1,1.0,0.88,0.12,39.1796905822803,0.9993228378604067,0.9989629459585064,2.1595331132411957,10.8,0.0,76.98697728866186,36.47900890356813,True,True,True,True,"Contact sheet reviewed: visible medium-hard object_identity_color_shift; loser remains readable, reward_margin=0.120, sharpness_ratio=0.999, mean_absdiff=2.16, local_absdiff=8.23.",,True,TRAINABLE
v11_SYN_0338_prefix5_anchored_1279c3b65a6d9e_object_identity_change_reobserve_mismatch_visible,TypeM_v11_synthetic_visible,synthetic_controlled,reobserve_mismatch_visible,prefix5_anchored_1279c3b65a6d9e_object_identity_change,containment,orbit_left_44,/home/nvme04/workspace/world_model_phys/PHYS/world_model_phys_stageA_v5_broad_lora_work/local_assets/dpo_prefix5_pairs_20260627_031729/clean_futures/04204_containment_orbit_left_44_seed43204/clean_future_5_80.mp4,local_assets/dpo_pair_factory_v11/synthetic_pairs/pairs/v11_SYN_0338_prefix5_anchored_1279c3b65a6d9e_object_identity_change_reobserve_mismatch_visible/loser_future.mp4,reports/dpo_pair_factory_v11/contact_sheets/v11_SYN_0338_prefix5_anchored_1279c3b65a6d9e_object_identity_change_reobserve_mismatch_visible.jpg,True,True,76,832,480,True,True,41.889,23.491,1114.1013,2,1,1.0,0.88,0.12,39.13156292031398,0.9964842331000304,0.9953046694346922,2.094210535287857,21.2,0.0,65.32837289663462,43.58262669887117,True,True,True,True,"Contact sheet reviewed: visible medium-hard reobserve_mismatch_visible; loser remains readable, reward_margin=0.120, sharpness_ratio=0.995, mean_absdiff=2.09, local_absdiff=6.98.",,True,TRAINABLE
v11_SYN_EXTRA_0005_02202_collision_orbit_right_64_seed41202_collision_response_failure_synthetic,TypeM_v11_synthetic_visible,synthetic_controlled,collision_response_failure_synthetic,4aeca92fd238b5299cd52999661a02787ae76fcabf943ef2e4e94d5c992c335f,collision,orbit_right_64,local_assets/dpo_prefix5_pairs_20260627_031729/clean_futures/02202_collision_orbit_right_64_seed41202/clean_future_5_80.mp4,local_assets/dpo_pair_factory_v11/synthetic_pairs_extra/pairs/v11_SYN_EXTRA_0005_02202_collision_orbit_right_64_seed41202_collision_response_failure_synthetic/loser_future.mp4,reports/dpo_pair_factory_v11/contact_sheets/v11_SYN_EXTRA_0005_02202_collision_orbit_right_64_seed41202_collision_response_failure_synthetic.jpg,True,True,76,832,480,True,True,54.3346,25.0766,2049.2203,2,1,1.0,0.88,0.12,40.31477973139022,0.9989403079914511,0.988281649277005,2.0423609614372253,6.8,0.0,77.97710399138622,41.7505478346345,True,True,True,True,"Contact sheet reviewed: visible medium-hard collision_response_failure_synthetic; loser remains readable, reward_margin=0.120, sharpness_ratio=0.988, mean_absdiff=2.04, local_absdiff=5.14.",,True,TRAINABLE
v11_SYN_0343_prefix5_anchored_29df7c5cf94c4b_reobserve_mismatch_containment_failure_synthetic,TypeM_v11_synthetic_visible,synthetic_controlled,containment_failure_synthetic,prefix5_anchored_29df7c5cf94c4b_reobserve_mismatch,containment,orbit_left_44,/home/nvme04/workspace/world_model_phys/PHYS/world_model_phys_stageA_v5_broad_lora_work/local_assets/dpo_prefix5_pairs_20260627_031729/clean_futures/04204_containment_orbit_left_44_seed43204/clean_future_5_80.mp4,local_assets/dpo_pair_factory_v11/synthetic_pairs/pairs/v11_SYN_0343_prefix5_anchored_29df7c5cf94c4b_reobserve_mismatch_containment_failure_synthetic/loser_future.mp4,reports/dpo_pair_factory_v11/contact_sheets/v11_SYN_0343_prefix5_anchored_29df7c5cf94c4b_reobserve_mismatch_containment_failure_synthetic.jpg,True,True,76,832,480,True,True,41.907,23.5818,1116.2222,2,1,1.0,0.88,0.12,39.99793402775454,0.9986068363240657,0.97400710855102,2.042024701833725,6.8,0.0,65.2468775040064,43.61247172550935,True,True,True,True,"Contact sheet reviewed: visible medium-hard containment_failure_synthetic; loser remains readable, reward_margin=0.120, sharpness_ratio=0.974, mean_absdiff=2.04, local_absdiff=3.99.",,True,TRAINABLE
v11_SYN_0226_04209_containment_orbit_left_44_seed43209_local_scene_patch_drift,TypeM_v11_synthetic_visible,synthetic_controlled,local_scene_patch_drift,04209_containment_orbit_left_44_seed43209,containment,orbit_left_44,local_assets/dpo_pair_factory_v10/recovered_conditions/04209_containment_orbit_left_44_seed43209/clean_future_5_80.mp4,local_assets/dpo_pair_factory_v11/synthetic_pairs/pairs/v11_SYN_0226_04209_containment_orbit_left_44_seed43209_local_scene_patch_drift/loser_future.mp4,reports/dpo_pair_factory_v11/contact_sheets/v11_SYN_0226_04209_containment_orbit_left_44_seed43209_local_scene_patch_drift.jpg,True,True,76,832,480,True,True,44.3894,29.5953,1227.1838,2,1,1.0,0.88,0.12,37.69487465543165,0.9979715365716291,0.9686897431566972,2.20103520154953,13.2,0.0,77.46707794971955,58.714782938916386,True,True,True,True,"Contact sheet reviewed: visible medium-hard local_scene_patch_drift; loser remains readable, reward_margin=0.120, sharpness_ratio=0.969, mean_absdiff=2.20, local_absdiff=6.67.",,True,TRAINABLE
v11_SYN_0510_03435_roll_orbit_right_60_seed42435_object_identity_color_shift,TypeM_v11_synthetic_visible,synthetic_controlled,object_identity_color_shift,03435_roll_orbit_right_60_seed42435,roll,orbit_right_60,local_assets/dpo_pair_factory_v10/recovered_conditions/03435_roll_orbit_right_60_seed42435/clean_future_5_80.mp4,local_assets/dpo_pair_factory_v11/synthetic_pairs/pairs/v11_SYN_0510_03435_roll_orbit_right_60_seed42435_object_identity_color_shift/loser_future.mp4,reports/dpo_pair_factory_v11/contact_sheets/v11_SYN_0510_03435_roll_orbit_right_60_seed42435_object_identity_color_shift.jpg,True,True,76,832,480,True,True,69.5952,49.5233,2386.4295,2,1,1.0,0.750471,0.249529,36.79324985329055,0.9991971833745481,0.9981194663543769,2.3182007372379303,26.8,0.0,88.65696927584135,50.088922602409454,True,True,True,True,"Contact sheet reviewed: visible medium-hard object_identity_color_shift; loser remains readable, reward_margin=0.250, sharpness_ratio=0.998, mean_absdiff=2.32, local_absdiff=17.47.",,True,TRAINABLE
v11_SYN_0287_04280_containment_orbit_left_44_seed43280_partial_freeze_foreground,TypeM_v11_synthetic_visible,synthetic_controlled,partial_freeze_foreground,04280_containment_orbit_left_44_seed43280,containment,orbit_left_44,local_assets/dpo_pair_factory_v10/recovered_conditions/04280_containment_orbit_left_44_seed43280/clean_future_5_80.mp4,local_assets/dpo_pair_factory_v11/synthetic_pairs/pairs/v11_SYN_0287_04280_containment_orbit_left_44_seed43280_partial_freeze_foreground/loser_future.mp4,reports/dpo_pair_factory_v11/contact_sheets/v11_SYN_0287_04280_containment_orbit_left_44_seed43280_partial_freeze_foreground.jpg,True,True,76,832,480,True,True,61.8791,39.2639,1611.9252,2,1,1.0,0.88,0.12,38.205887356388324,0.9985202859361739,0.9825892698506051,2.0953396260738373,14.4,0.0,87.18698167067308,46.625112025759634,True,True,True,True,"Contact sheet reviewed: visible medium-hard partial_freeze_foreground; loser remains readable, reward_margin=0.120, sharpness_ratio=0.983, mean_absdiff=2.10, local_absdiff=8.22.",,True,TRAINABLE
v11_SYN_EXTRA_0230_prefix5_anchored_29df7c5cf94c4b_reobserve_mismatch_reobserve_mismatch_visible,TypeM_v11_synthetic_visible,synthetic_controlled,reobserve_mismatch_visible,prefix5_anchored_29df7c5cf94c4b_reobserve_mismatch,containment,orbit_left_44,/home/nvme04/workspace/world_model_phys/PHYS/world_model_phys_stageA_v5_broad_lora_work/local_assets/dpo_prefix5_pairs_20260627_031729/clean_futures/04204_containment_orbit_left_44_seed43204/clean_future_5_80.mp4,local_assets/dpo_pair_factory_v11/synthetic_pairs_extra/pairs/v11_SYN_EXTRA_0230_prefix5_anchored_29df7c5cf94c4b_reobserve_mismatch_reobserve_mismatch_visible/loser_future.mp4,reports/dpo_pair_factory_v11/contact_sheets/v11_SYN_EXTRA_0230_prefix5_anchored_29df7c5cf94c4b_reobserve_mismatch_reobserve_mismatch_visible.jpg,True,True,76,832,480,True,True,41.8912,23.4897,1113.7042,2,1,1.0,0.88,0.12,39.307351746638886,0.9972533472815351,0.9939603853764386,2.0606954395771027,6.0,0.0,65.32995417668269,43.58176116061437,True,True,True,True,"Contact sheet reviewed: visible medium-hard reobserve_mismatch_visible; loser remains readable, reward_margin=0.120, sharpness_ratio=0.994, mean_absdiff=2.06, local_absdiff=4.92.",,True,TRAINABLE
v11_SYN_0001_02200_collision_orbit_right_64_seed41200_collision_response_failure_synthetic,TypeM_v11_synthetic_visible,synthetic_controlled,collision_response_failure_synthetic,8df0c0d38a6c90fc524ddfb801df17e5445f60895b3a537f935e42e5806ab13c,collision,orbit_right_64,local_assets/dpo_prefix5_pairs_20260627_031729/clean_futures/02200_collision_orbit_right_64_seed41200/clean_future_5_80.mp4,local_assets/dpo_pair_factory_v11/synthetic_pairs/pairs/v11_SYN_0001_02200_collision_orbit_right_64_seed41200_collision_response_failure_synthetic/loser_future.mp4,reports/dpo_pair_factory_v11/contact_sheets/v11_SYN_0001_02200_collision_orbit_right_64_seed41200_collision_response_failure_synthetic.jpg,True,True,76,832,480,True,True,60.7919,31.7787,2420.9386,2,1,1.0,0.875394,0.124606,36.78520428729734,0.997354474968166,0.999717626782226,2.1156446039676666,31.2,0.0,101.5790233122997,61.27793894825234,True,True,True,True,"Contact sheet reviewed: visible medium-hard collision_response_failure_synthetic; loser remains readable, reward_margin=0.125, sharpness_ratio=1.000, mean_absdiff=2.12, local_absdiff=8.72.",,True,TRAINABLE
v11_SYN_EXTRA_0229_prefix5_anchored_29df7c5cf94c4b_reobserve_mismatch_containment_failure_synthetic,TypeM_v11_synthetic_visible,synthetic_controlled,containment_failure_synthetic,prefix5_anchored_29df7c5cf94c4b_reobserve_mismatch,containment,orbit_left_44,/home/nvme04/workspace/world_model_phys/PHYS/world_model_phys_stageA_v5_broad_lora_work/local_assets/dpo_prefix5_pairs_20260627_031729/clean_futures/04204_containment_orbit_left_44_seed43204/clean_future_5_80.mp4,local_assets/dpo_pair_factory_v11/synthetic_pairs_extra/pairs/v11_SYN_EXTRA_0229_prefix5_anchored_29df7c5cf94c4b_reobserve_mismatch_containment_failure_synthetic/loser_future.mp4,reports/dpo_pair_factory_v11/contact_sheets/v11_SYN_EXTRA_0229_prefix5_anchored_29df7c5cf94c4b_reobserve_mismatch_containment_failure_synthetic.jpg,True,True,76,832,480,True,True,41.9229,23.4818,1125.9222,2,1,1.0,0.850895,0.149105,37.41070556103238,0.997190213781329,0.9947662015522525,2.2036779522895813,20.4,0.0,65.33174829727564,43.55032091231763,True,True,True,True,"Contact sheet reviewed: visible medium-hard containment_failure_synthetic; loser remains readable, reward_margin=0.149, sharpness_ratio=0.995, mean_absdiff=2.20, local_absdiff=10.44.",,True,TRAINABLE
v11_SYN_0516_03437_roll_orbit_right_60_seed42437_object_identity_color_shift,TypeM_v11_synthetic_visible,synthetic_controlled,object_identity_color_shift,03437_roll_orbit_right_60_seed42437,roll,orbit_right_60,local_assets/dpo_pair_factory_v10/recovered_conditions/03437_roll_orbit_right_60_seed42437/clean_future_5_80.mp4,local_assets/dpo_pair_factory_v11/synthetic_pairs/pairs/v11_SYN_0516_03437_roll_orbit_right_60_seed42437_object_identity_color_shift/loser_future.mp4,reports/dpo_pair_factory_v11/contact_sheets/v11_SYN_0516_03437_roll_orbit_right_60_seed42437_object_identity_color_shift.jpg,True,True,76,832,480,True,True,74.8683,48.0945,2231.0463,2,1,1.0,0.88,0.12,39.771242801161854,0.9996102005276423,0.9979907861645578,2.0665481090545654,12.8,0.0,105.26824356470354,49.80798055200444,True,True,True,True,"Contact sheet reviewed: visible medium-hard object_identity_color_shift; loser remains readable, reward_margin=0.120, sharpness_ratio=0.998, mean_absdiff=2.07, local_absdiff=6.70.",,True,TRAINABLE
v11_SYN_0293_04302_containment_orbit_left_44_seed43302_partial_freeze_foreground,TypeM_v11_synthetic_visible,synthetic_controlled,partial_freeze_foreground,04302_containment_orbit_left_44_seed43302,containment,orbit_left_44,local_assets/dpo_pair_factory_v10/recovered_conditions/04302_containment_orbit_left_44_seed43302/clean_future_5_80.mp4,local_assets/dpo_pair_factory_v11/synthetic_pairs/pairs/v11_SYN_0293_04302_containment_orbit_left_44_seed43302_partial_freeze_foreground/loser_future.mp4,reports/dpo_pair_factory_v11/contact_sheets/v11_SYN_0293_04302_containment_orbit_left_44_seed43302_partial_freeze_foreground.jpg,True,True,76,832,480,True,True,60.8294,29.022,2258.7372,2,1,1.0,0.85822,0.14178,36.733193771118934,0.9979623123807722,0.9608968167747057,2.390067219734192,15.2,0.0,96.82870530348558,56.059125101484995,True,True,True,True,"Contact sheet reviewed: visible medium-hard partial_freeze_foreground; loser remains readable, reward_margin=0.142, sharpness_ratio=0.961, mean_absdiff=2.39, local_absdiff=9.92.",,True,TRAINABLE
v11_SYN_EXTRA_0234_prefix5_anchored_95981b8f74bed0_background_drift_reobserve_mismatch_visible,TypeM_v11_synthetic_visible,synthetic_controlled,reobserve_mismatch_visible,prefix5_anchored_95981b8f74bed0_background_drift,containment,orbit_left_44,/home/nvme04/workspace/world_model_phys/PHYS/world_model_phys_stageA_v5_broad_lora_work/local_assets/dpo_prefix5_pairs_20260627_031729/clean_futures/04204_containment_orbit_left_44_seed43204/clean_future_5_80.mp4,local_assets/dpo_pair_factory_v11/synthetic_pairs_extra/pairs/v11_SYN_EXTRA_0234_prefix5_anchored_95981b8f74bed0_background_drift_reobserve_mismatch_visible/loser_future.mp4,reports/dpo_pair_factory_v11/contact_sheets/v11_SYN_EXTRA_0234_prefix5_anchored_95981b8f74bed0_background_drift_reobserve_mismatch_visible.jpg,True,True,76,832,480,True,True,41.8912,23.4921,1115.1232,2,1,1.0,0.88,0.12,38.77613463540317,0.9971613440256569,0.9948695357161168,2.163921445608139,16.0,0.0,65.32950282952724,43.582101613943,True,True,True,True,"Contact sheet reviewed: visible medium-hard reobserve_mismatch_visible; loser remains readable, reward_margin=0.120, sharpness_ratio=0.995, mean_absdiff=2.16, local_absdiff=7.04.",,True,TRAINABLE
v11_SYN_0133_prefix5_anchored_1128e39109fc83_object_deformation_collision_response_failure_synthetic,TypeM_v11_synthetic_visible,synthetic_controlled,collision_response_failure_synthetic,prefix5_anchored_1128e39109fc83_object_deformation,collision,orbit_right_64,/home/nvme04/workspace/world_model_phys/PHYS/world_model_phys_stageA_v5_broad_lora_work/local_assets/dpo_prefix5_pairs_20260627_031729/clean_futures/02200_collision_orbit_right_64_seed41200/clean_future_5_80.mp4,local_assets/dpo_pair_factory_v11/synthetic_pairs/pairs/v11_SYN_0133_prefix5_anchored_1128e39109fc83_object_deformation_collision_response_failure_synthetic/loser_future.mp4,reports/dpo_pair_factory_v11/contact_sheets/v11_SYN_0133_prefix5_anchored_1128e39109fc83_object_deformation_collision_response_failure_synthetic.jpg,True,True,76,832,480,True,True,60.8616,31.9517,2389.8055,2,1,1.0,0.88,0.12,40.2729337582833,0.9995465922120015,0.9897450888681371,2.0137730538845062,6.4,0.0,101.63640700120193,61.36004694181676,True,True,True,True,"Contact sheet reviewed: visible medium-hard collision_response_failure_synthetic; loser remains readable, reward_margin=0.120, sharpness_ratio=0.990, mean_absdiff=2.01, local_absdiff=4.68.",,True,TRAINABLE
v11_SYN_0349_prefix5_anchored_95981b8f74bed0_background_drift_containment_failure_synthetic,TypeM_v11_synthetic_visible,synthetic_controlled,containment_failure_synthetic,prefix5_anchored_95981b8f74bed0_background_drift,containment,orbit_left_44,/home/nvme04/workspace/world_model_phys/PHYS/world_model_phys_stageA_v5_broad_lora_work/local_assets/dpo_prefix5_pairs_20260627_031729/clean_futures/04204_containment_orbit_left_44_seed43204/clean_future_5_80.mp4,local_assets/dpo_pair_factory_v11/synthetic_pairs/pairs/v11_SYN_0349_prefix5_anchored_95981b8f74bed0_background_drift_containment_failure_synthetic/loser_future.mp4,reports/dpo_pair_factory_v11/contact_sheets/v11_SYN_0349_prefix5_anchored_95981b8f74bed0_background_drift_containment_failure_synthetic.jpg,True,True,76,832,480,True,True,41.9261,23.596,1126.613,2,1,1.0,0.88,0.12,39.641795687544786,0.9987101467959532,0.9946707773460034,2.053787499666214,7.6,0.0,65.28501414763622,43.60486866866569,True,True,True,True,"Contact sheet reviewed: visible medium-hard containment_failure_synthetic; loser remains readable, reward_margin=0.120, sharpness_ratio=0.995, mean_absdiff=2.05, local_absdiff=4.27.",,True,TRAINABLE
v11_SYN_0232_04214_containment_orbit_left_44_seed43214_local_scene_patch_drift,TypeM_v11_synthetic_visible,synthetic_controlled,local_scene_patch_drift,04214_containment_orbit_left_44_seed43214,containment,orbit_left_44,local_assets/dpo_pair_factory_v10/recovered_conditions/04214_containment_orbit_left_44_seed43214/clean_future_5_80.mp4,local_assets/dpo_pair_factory_v11/synthetic_pairs/pairs/v11_SYN_0232_04214_containment_orbit_left_44_seed43214_local_scene_patch_drift/loser_future.mp4,reports/dpo_pair_factory_v11/contact_sheets/v11_SYN_0232_04214_containment_orbit_left_44_seed43214_local_scene_patch_drift.jpg,True,True,76,832,480,True,True,82.5987,48.8497,3883.4684,2,1,1.0,0.85447,0.14553,36.95412401127506,0.9945211111677735,0.9807616495977078,2.5483621954917908,18.0,0.0,106.92958859174679,52.450583817413445,True,True,True,True,"Contact sheet reviewed: visible medium-hard local_scene_patch_drift; loser remains readable, reward_margin=0.146, sharpness_ratio=0.981, mean_absdiff=2.55, local_absdiff=10.19.",,True,TRAINABLE
v11_SYN_0528_03442_roll_orbit_right_60_seed42442_object_identity_color_shift,TypeM_v11_synthetic_visible,synthetic_controlled,object_identity_color_shift,03442_roll_orbit_right_60_seed42442,roll,orbit_right_60,local_assets/dpo_pair_factory_v10/recovered_conditions/03442_roll_orbit_right_60_seed42442/clean_future_5_80.mp4,local_assets/dpo_pair_factory_v11/synthetic_pairs/pairs/v11_SYN_0528_03442_roll_orbit_right_60_seed42442_object_identity_color_shift/loser_future.mp4,reports/dpo_pair_factory_v11/contact_sheets/v11_SYN_0528_03442_roll_orbit_right_60_seed42442_object_identity_color_shift.jpg,True,True,76,832,480,True,True,56.9999,25.6909,1920.0248,2,1,1.0,0.88,0.12,38.85502100148853,0.9986257909516233,0.9988038465367199,2.2076145112514496,19.6,0.0,85.49919746594551,42.12287019193147,True,True,True,True,"Contact sheet reviewed: visible medium-hard object_identity_color_shift; loser remains readable, reward_margin=0.120, sharpness_ratio=0.999, mean_absdiff=2.21, local_absdiff=7.50.",,True,TRAINABLE
v11_SYN_0299_04339_containment_orbit_left_44_seed43339_partial_freeze_foreground,TypeM_v11_synthetic_visible,synthetic_controlled,partial_freeze_foreground,04339_containment_orbit_left_44_seed43339,containment,orbit_left_44,local_assets/dpo_pair_factory_v10/recovered_conditions/04339_containment_orbit_left_44_seed43339/clean_future_5_80.mp4,local_assets/dpo_pair_factory_v11/synthetic_pairs/pairs/v11_SYN_0299_04339_containment_orbit_left_44_seed43339_partial_freeze_foreground/loser_future.mp4,reports/dpo_pair_factory_v11/contact_sheets/v11_SYN_0299_04339_containment_orbit_left_44_seed43339_partial_freeze_foreground.jpg,True,True,76,832,480,True,True,44.815,27.9001,1217.8818,2,1,1.0,0.88,0.12,37.943444301255795,0.9993586372158111,0.9930460997565288,2.060552954673767,13.6,0.0,72.09356094751602,54.14081140539729,True,True,True,True,"Contact sheet reviewed: visible medium-hard partial_freeze_foreground; loser remains readable, reward_margin=0.120, sharpness_ratio=0.993, mean_absdiff=2.06, local_absdiff=6.29.",,True,TRAINABLE
v11_SYN_0356_prefix5_anchored_d744c2d6f264ba_object_deformation_reobserve_mismatch_visible,TypeM_v11_synthetic_visible,synthetic_controlled,reobserve_mismatch_visible,prefix5_anchored_d744c2d6f264ba_object_deformation,containment,orbit_left_44,/home/nvme04/workspace/world_model_phys/PHYS/world_model_phys_stageA_v5_broad_lora_work/local_assets/dpo_prefix5_pairs_20260627_031729/clean_futures/04204_containment_orbit_left_44_seed43204/clean_future_5_80.mp4,local_assets/dpo_pair_factory_v11/synthetic_pairs/pairs/v11_SYN_0356_prefix5_anchored_d744c2d6f264ba_object_deformation_reobserve_mismatch_visible/loser_future.mp4,reports/dpo_pair_factory_v11/contact_sheets/v11_SYN_0356_prefix5_anchored_d744c2d6f264ba_object_deformation_reobserve_mismatch_visible.jpg,True,True,76,832,480,True,True,41.8897,23.4901,1114.7532,2,1,1.0,0.88,0.12,38.47799968301281,0.9981198958790776,0.9959123345530381,2.241103023290634,14.8,0.0,65.32816318609775,43.58271023251436,True,True,True,True,"Contact sheet reviewed: visible medium-hard reobserve_mismatch_visible; loser remains readable, reward_margin=0.120, sharpness_ratio=0.996, mean_absdiff=2.24, local_absdiff=6.96.",,True,TRAINABLE
v11_SYN_EXTRA_0089_prefix5_anchored_1128e39109fc83_object_deformation_collision_response_failure_synthetic,TypeM_v11_synthetic_visible,synthetic_controlled,collision_response_failure_synthetic,prefix5_anchored_1128e39109fc83_object_deformation,collision,orbit_right_64,/home/nvme04/workspace/world_model_phys/PHYS/world_model_phys_stageA_v5_broad_lora_work/local_assets/dpo_prefix5_pairs_20260627_031729/clean_futures/02200_collision_orbit_right_64_seed41200/clean_future_5_80.mp4,local_assets/dpo_pair_factory_v11/synthetic_pairs_extra/pairs/v11_SYN_EXTRA_0089_prefix5_anchored_1128e39109fc83_object_deformation_collision_response_failure_synthetic/loser_future.mp4,reports/dpo_pair_factory_v11/contact_sheets/v11_SYN_EXTRA_0089_prefix5_anchored_1128e39109fc83_object_deformation_collision_response_failure_synthetic.jpg,True,True,76,832,480,True,True,60.879,31.9515,2388.3727,2,1,1.0,0.88,0.12,38.62714612228131,0.9989568039918595,0.9846522368366354,2.1647195518016815,10.8,0.0,101.6717992538061,61.32469356527403,True,True,True,True,"Contact sheet reviewed: visible medium-hard collision_response_failure_synthetic; loser remains readable, reward_margin=0.120, sharpness_ratio=0.985, mean_absdiff=2.16, local_absdiff=7.21.",,True,TRAINABLE
v11_SYN_EXTRA_0233_prefix5_anchored_95981b8f74bed0_background_drift_containment_failure_synthetic,TypeM_v11_synthetic_visible,synthetic_controlled,containment_failure_synthetic,prefix5_anchored_95981b8f74bed0_background_drift,containment,orbit_left_44,/home/nvme04/workspace/world_model_phys/PHYS/world_model_phys_stageA_v5_broad_lora_work/local_assets/dpo_prefix5_pairs_20260627_031729/clean_futures/04204_containment_orbit_left_44_seed43204/clean_future_5_80.mp4,local_assets/dpo_pair_factory_v11/synthetic_pairs_extra/pairs/v11_SYN_EXTRA_0233_prefix5_anchored_95981b8f74bed0_background_drift_containment_failure_synthetic/loser_future.mp4,reports/dpo_pair_factory_v11/contact_sheets/v11_SYN_EXTRA_0233_prefix5_anchored_95981b8f74bed0_background_drift_containment_failure_synthetic.jpg,True,True,76,832,480,True,True,42.0811,23.5359,1123.0389,2,1,1.0,0.88,0.12,39.30391971193092,0.9984616663481322,0.9911120907246015,2.0426292419433594,10.0,0.0,65.4073974609375,43.50811945977519,True,True,True,True,"Contact sheet reviewed: visible medium-hard containment_failure_synthetic; loser remains readable, reward_margin=0.120, sharpness_ratio=0.991, mean_absdiff=2.04, local_absdiff=5.48.",,True,TRAINABLE
v11_SYN_0534_03453_roll_orbit_right_60_seed42453_object_identity_color_shift,TypeM_v11_synthetic_visible,synthetic_controlled,object_identity_color_shift,03453_roll_orbit_right_60_seed42453,roll,orbit_right_60,local_assets/dpo_pair_factory_v10/recovered_conditions/03453_roll_orbit_right_60_seed42453/clean_future_5_80.mp4,local_assets/dpo_pair_factory_v11/synthetic_pairs/pairs/v11_SYN_0534_03453_roll_orbit_right_60_seed42453_object_identity_color_shift/loser_future.mp4,reports/dpo_pair_factory_v11/contact_sheets/v11_SYN_0534_03453_roll_orbit_right_60_seed42453_object_identity_color_shift.jpg,True,True,76,832,480,True,True,69.5469,44.4745,1521.9869,2,1,1.0,0.810692,0.189308,35.70775001335211,0.9992794778412504,0.995636733412319,2.6810027062892914,22.4,0.0,103.16206054687501,49.362705427241714,True,True,True,True,"Contact sheet reviewed: visible medium-hard object_identity_color_shift; loser remains readable, reward_margin=0.189, sharpness_ratio=0.996, mean_absdiff=2.68, local_absdiff=13.25.",,True,TRAINABLE
v11_SYN_0305_04342_containment_orbit_left_44_seed43342_partial_freeze_foreground,TypeM_v11_synthetic_visible,synthetic_controlled,partial_freeze_foreground,04342_containment_orbit_left_44_seed43342,containment,orbit_left_44,local_assets/dpo_pair_factory_v10/recovered_conditions/04342_containment_orbit_left_44_seed43342/clean_future_5_80.mp4,local_assets/dpo_pair_factory_v11/synthetic_pairs/pairs/v11_SYN_0305_04342_containment_orbit_left_44_seed43342_partial_freeze_foreground/loser_future.mp4,reports/dpo_pair_factory_v11/contact_sheets/v11_SYN_0305_04342_containment_orbit_left_44_seed43342_partial_freeze_foreground.jpg,True,True,76,832,480,True,True,77.2683,38.9118,2376.6564,2,1,1.0,0.836856,0.163144,35.66708674564637,0.9910799900012426,0.9992758642391858,2.433844178915024,24.0,0.0,103.30566781850962,40.43353634811621,True,True,True,True,"Contact sheet reviewed: visible medium-hard partial_freeze_foreground; loser remains readable, reward_margin=0.163, sharpness_ratio=0.999, mean_absdiff=2.43, local_absdiff=11.42.",,True,TRAINABLE
v11_SYN_EXTRA_0238_prefix5_anchored_d744c2d6f264ba_object_deformation_reobserve_mismatch_visible,TypeM_v11_synthetic_visible,synthetic_controlled,reobserve_mismatch_visible,prefix5_anchored_d744c2d6f264ba_object_deformation,containment,orbit_left_44,/home/nvme04/workspace/world_model_phys/PHYS/world_model_phys_stageA_v5_broad_lora_work/local_assets/dpo_prefix5_pairs_20260627_031729/clean_futures/04204_containment_orbit_left_44_seed43204/clean_future_5_80.mp4,local_assets/dpo_pair_factory_v11/synthetic_pairs_extra/pairs/v11_SYN_EXTRA_0238_prefix5_anchored_d744c2d6f264ba_object_deformation_reobserve_mismatch_visible/loser_future.mp4,reports/dpo_pair_factory_v11/contact_sheets/v11_SYN_EXTRA_0238_prefix5_anchored_d744c2d6f264ba_object_deformation_reobserve_mismatch_visible.jpg,True,True,76,832,480,True,True,41.891,23.4908,1115.1081,2,1,1.0,0.88,0.12,39.560410759491674,0.9989110427332616,0.9962849580940175,2.0266737043857574,11.2,0.0,65.32726236979167,43.583805363788905,True,True,True,True,"Contact sheet reviewed: visible medium-hard reobserve_mismatch_visible; loser remains readable, reward_margin=0.120, sharpness_ratio=0.996, mean_absdiff=2.03, local_absdiff=5.26.",,True,TRAINABLE
v11_SYN_0139_prefix5_anchored_1ca3412d8f73c8_nonrigid_background_warp_collision_response_failure_synthetic,TypeM_v11_synthetic_visible,synthetic_controlled,collision_response_failure_synthetic,prefix5_anchored_1ca3412d8f73c8_nonrigid_background_warp,collision,orbit_right_64,/home/nvme04/workspace/world_model_phys/PHYS/world_model_phys_stageA_v5_broad_lora_work/local_assets/dpo_prefix5_pairs_20260627_031729/clean_futures/02200_collision_orbit_right_64_seed41200/clean_future_5_80.mp4,local_assets/dpo_pair_factory_v11/synthetic_pairs/pairs/v11_SYN_0139_prefix5_anchored_1ca3412d8f73c8_nonrigid_background_warp_collision_response_failure_synthetic/loser_future.mp4,reports/dpo_pair_factory_v11/contact_sheets/v11_SYN_0139_prefix5_anchored_1ca3412d8f73c8_nonrigid_background_warp_collision_response_failure_synthetic.jpg,True,True,76,832,480,True,True,60.7825,31.6743,2375.6021,2,1,1.0,0.84238,0.15762,35.24968725592254,0.99460261357237,0.9978340595832506,2.3560454547405243,36.4,0.0,101.44535068609777,61.14996261066237,True,True,True,True,"Contact sheet reviewed: visible medium-hard collision_response_failure_synthetic; loser remains readable, reward_margin=0.158, sharpness_ratio=0.998, mean_absdiff=2.36, local_absdiff=11.03.",,True,TRAINABLE
v11_SYN_0355_prefix5_anchored_d744c2d6f264ba_object_deformation_containment_failure_synthetic,TypeM_v11_synthetic_visible,synthetic_controlled,containment_failure_synthetic,prefix5_anchored_d744c2d6f264ba_object_deformation,containment,orbit_left_44,/home/nvme04/workspace/world_model_phys/PHYS/world_model_phys_stageA_v5_broad_lora_work/local_assets/dpo_prefix5_pairs_20260627_031729/clean_futures/04204_containment_orbit_left_44_seed43204/clean_future_5_80.mp4,local_assets/dpo_pair_factory_v11/synthetic_pairs/pairs/v11_SYN_0355_prefix5_anchored_d744c2d6f264ba_object_deformation_containment_failure_synthetic/loser_future.mp4,reports/dpo_pair_factory_v11/contact_sheets/v11_SYN_0355_prefix5_anchored_d744c2d6f264ba_object_deformation_containment_failure_synthetic.jpg,True,True,76,832,480,True,True,41.9797,23.6003,1127.9075,2,1,1.0,0.88,0.12,39.98432593349136,0.9992722241194169,0.9929057034002636,2.010426640510559,7.2,0.0,65.30372971754808,43.60007868469501,True,True,True,True,"Contact sheet reviewed: visible medium-hard containment_failure_synthetic; loser remains readable, reward_margin=0.120, sharpness_ratio=0.993, mean_absdiff=2.01, local_absdiff=4.62.",,True,TRAINABLE
v11_SYN_0540_03465_roll_orbit_right_60_seed42465_object_identity_color_shift,TypeM_v11_synthetic_visible,synthetic_controlled,object_identity_color_shift,03465_roll_orbit_right_60_seed42465,roll,orbit_right_60,local_assets/dpo_pair_factory_v10/recovered_conditions/03465_roll_orbit_right_60_seed42465/clean_future_5_80.mp4,local_assets/dpo_pair_factory_v11/synthetic_pairs/pairs/v11_SYN_0540_03465_roll_orbit_right_60_seed42465_object_identity_color_shift/loser_future.mp4,reports/dpo_pair_factory_v11/contact_sheets/v11_SYN_0540_03465_roll_orbit_right_60_seed42465_object_identity_color_shift.jpg,True,True,76,832,480,True,True,81.0115,50.0748,2183.0469,2,1,1.0,0.865439,0.134561,38.52488114876193,0.999531611684136,0.9987475873686241,2.2675079703330994,10.8,0.0,109.77193196614583,49.97195950498047,True,True,True,True,"Contact sheet reviewed: visible medium-hard object_identity_color_shift; loser remains readable, reward_margin=0.135, sharpness_ratio=0.999, mean_absdiff=2.27, local_absdiff=9.42.",,True,TRAINABLE
v11_SYN_0311_04346_containment_orbit_left_44_seed43346_partial_freeze_foreground,TypeM_v11_synthetic_visible,synthetic_controlled,partial_freeze_foreground,04346_containment_orbit_left_44_seed43346,containment,orbit_left_44,local_assets/dpo_pair_factory_v10/recovered_conditions/04346_containment_orbit_left_44_seed43346/clean_future_5_80.mp4,local_assets/dpo_pair_factory_v11/synthetic_pairs/pairs/v11_SYN_0311_04346_containment_orbit_left_44_seed43346_partial_freeze_foreground/loser_future.mp4,reports/dpo_pair_factory_v11/contact_sheets/v11_SYN_0311_04346_containment_orbit_left_44_seed43346_partial_freeze_foreground.jpg,True,True,76,832,480,True,True,64.5003,30.5288,1760.121,2,1,1.0,0.88,0.12,38.67156201072722,0.9973825553057771,0.9972265158476693,2.078284800052643,12.8,0.0,90.05266864483174,38.175531947684476,True,True,True,True,"Contact sheet reviewed: visible medium-hard partial_freeze_foreground; loser remains readable, reward_margin=0.120, sharpness_ratio=0.997, mean_absdiff=2.08, local_absdiff=8.14.",,True,TRAINABLE
v11_SYN_0362_prefix5_anchored_d86ae2fb1d25b2_freeze_foreground_reobserve_mismatch_visible,TypeM_v11_synthetic_visible,synthetic_controlled,reobserve_mismatch_visible,prefix5_anchored_d86ae2fb1d25b2_freeze_foreground,containment,orbit_left_44,/home/nvme04/workspace/world_model_phys/PHYS/world_model_phys_stageA_v5_broad_lora_work/local_assets/dpo_prefix5_pairs_20260627_031729/clean_futures/04204_containment_orbit_left_44_seed43204/clean_future_5_80.mp4,local_assets/dpo_pair_factory_v11/synthetic_pairs/pairs/v11_SYN_0362_prefix5_anchored_d86ae2fb1d25b2_freeze_foreground_reobserve_mismatch_visible/loser_future.mp4,reports/dpo_pair_factory_v11/contact_sheets/v11_SYN_0362_prefix5_anchored_d86ae2fb1d25b2_freeze_foreground_reobserve_mismatch_visible.jpg,True,True,76,832,480,True,True,41.8898,23.492,1114.0163,2,1,1.0,0.88,0.12,39.415070378896715,0.9990103737419703,0.9961824612603944,2.053258091211319,11.6,0.0,65.32755220853366,43.58357381518556,True,True,True,True,"Contact sheet reviewed: visible medium-hard reobserve_mismatch_visible; loser remains readable, reward_margin=0.120, sharpness_ratio=0.996, mean_absdiff=2.05, local_absdiff=5.22.",,True,TRAINABLE
v11_SYN_EXTRA_0093_prefix5_anchored_1ca3412d8f73c8_nonrigid_background_warp_collision_response_failure_synthetic,TypeM_v11_synthetic_visible,synthetic_controlled,collision_response_failure_synthetic,prefix5_anchored_1ca3412d8f73c8_nonrigid_background_warp,collision,orbit_right_64,/home/nvme04/workspace/world_model_phys/PHYS/world_model_phys_stageA_v5_broad_lora_work/local_assets/dpo_prefix5_pairs_20260627_031729/clean_futures/02200_collision_orbit_right_64_seed41200/clean_future_5_80.mp4,local_assets/dpo_pair_factory_v11/synthetic_pairs_extra/pairs/v11_SYN_EXTRA_0093_prefix5_anchored_1ca3412d8f73c8_nonrigid_background_warp_collision_response_failure_synthetic/loser_future.mp4,reports/dpo_pair_factory_v11/contact_sheets/v11_SYN_EXTRA_0093_prefix5_anchored_1ca3412d8f73c8_nonrigid_background_warp_collision_response_failure_synthetic.jpg,True,True,76,832,480,True,True,60.7065,31.4152,2368.247,2,1,1.0,0.88,0.12,37.9195641965872,0.9957677033297159,0.9993538291388795,2.228098899126053,29.2,0.0,101.48972480969552,61.187121493479424,True,True,True,True,"Contact sheet reviewed: visible medium-hard collision_response_failure_synthetic; loser remains readable, reward_margin=0.120, sharpness_ratio=0.999, mean_absdiff=2.23, local_absdiff=7.73.",,True,TRAINABLE
v11_SYN_EXTRA_0237_prefix5_anchored_d744c2d6f264ba_object_deformation_containment_failure_synthetic,TypeM_v11_synthetic_visible,synthetic_controlled,containment_failure_synthetic,prefix5_anchored_d744c2d6f264ba_object_deformation,containment,orbit_left_44,/home/nvme04/workspace/world_model_phys/PHYS/world_model_phys_stageA_v5_broad_lora_work/local_assets/dpo_prefix5_pairs_20260627_031729/clean_futures/04204_containment_orbit_left_44_seed43204/clean_future_5_80.mp4,local_assets/dpo_pair_factory_v11/synthetic_pairs_extra/pairs/v11_SYN_EXTRA_0237_prefix5_anchored_d744c2d6f264ba_object_deformation_containment_failure_synthetic/loser_future.mp4,reports/dpo_pair_factory_v11/contact_sheets/v11_SYN_EXTRA_0237_prefix5_anchored_d744c2d6f264ba_object_deformation_containment_failure_synthetic.jpg,True,True,76,832,480,True,True,42.0652,23.5574,1123.2443,2,1,1.0,0.88,0.12,39.5514648778648,0.9986577112031267,0.9922157945803557,2.01123708486557,8.4,0.0,65.40809670472757,43.52302976124945,True,True,True,True,"Contact sheet reviewed: visible medium-hard containment_failure_synthetic; loser remains readable, reward_margin=0.120, sharpness_ratio=0.992, mean_absdiff=2.01, local_absdiff=5.28.",,True,TRAINABLE
v11_SYN_0546_03472_roll_orbit_right_60_seed42472_object_identity_color_shift,TypeM_v11_synthetic_visible,synthetic_controlled,object_identity_color_shift,03472_roll_orbit_right_60_seed42472,roll,orbit_right_60,local_assets/dpo_pair_factory_v10/recovered_conditions/03472_roll_orbit_right_60_seed42472/clean_future_5_80.mp4,local_assets/dpo_pair_factory_v11/synthetic_pairs/pairs/v11_SYN_0546_03472_roll_orbit_right_60_seed42472_object_identity_color_shift/loser_future.mp4,reports/dpo_pair_factory_v11/contact_sheets/v11_SYN_0546_03472_roll_orbit_right_60_seed42472_object_identity_color_shift.jpg,True,True,76,832,480,True,True,72.3179,42.6016,2154.0984,2,1,1.0,0.854383,0.145617,38.54680271956343,0.9993541515192363,0.9974260547943493,2.076927274465561,11.6,0.0,99.4085442958734,43.68188054388765,True,True,True,True,"Contact sheet reviewed: visible medium-hard object_identity_color_shift; loser remains readable, reward_margin=0.146, sharpness_ratio=0.997, mean_absdiff=2.08, local_absdiff=10.19.",,True,TRAINABLE
v11_SYN_0317_04351_containment_orbit_left_44_seed43351_partial_freeze_foreground,TypeM_v11_synthetic_visible,synthetic_controlled,partial_freeze_foreground,04351_containment_orbit_left_44_seed43351,containment,orbit_left_44,local_assets/dpo_pair_factory_v10/recovered_conditions/04351_containment_orbit_left_44_seed43351/clean_future_5_80.mp4,local_assets/dpo_pair_factory_v11/synthetic_pairs/pairs/v11_SYN_0317_04351_containment_orbit_left_44_seed43351_partial_freeze_foreground/loser_future.mp4,reports/dpo_pair_factory_v11/contact_sheets/v11_SYN_0317_04351_containment_orbit_left_44_seed43351_partial_freeze_foreground.jpg,True,True,76,832,480,True,True,76.2652,40.8629,2242.9521,2,1,1.0,0.858803,0.141197,37.61581962091234,0.9873481191999176,0.9992379708840206,2.430941551923752,24.4,0.0,100.93480318509614,40.7595015399967,True,True,True,True,"Contact sheet reviewed: visible medium-hard partial_freeze_foreground; loser remains readable, reward_margin=0.141, sharpness_ratio=0.999, mean_absdiff=2.43, local_absdiff=9.88.",,True,TRAINABLE
v11_SYN_EXTRA_0242_prefix5_anchored_d86ae2fb1d25b2_freeze_foreground_reobserve_mismatch_visible,TypeM_v11_synthetic_visible,synthetic_controlled,reobserve_mismatch_visible,prefix5_anchored_d86ae2fb1d25b2_freeze_foreground,containment,orbit_left_44,/home/nvme04/workspace/world_model_phys/PHYS/world_model_phys_stageA_v5_broad_lora_work/local_assets/dpo_prefix5_pairs_20260627_031729/clean_futures/04204_containment_orbit_left_44_seed43204/clean_future_5_80.mp4,local_assets/dpo_pair_factory_v11/synthetic_pairs_extra/pairs/v11_SYN_EXTRA_0242_prefix5_anchored_d86ae2fb1d25b2_freeze_foreground_reobserve_mismatch_visible/loser_future.mp4,reports/dpo_pair_factory_v11/contact_sheets/v11_SYN_EXTRA_0242_prefix5_anchored_d86ae2fb1d25b2_freeze_foreground_reobserve_mismatch_visible.jpg,True,True,76,832,480,True,True,41.8909,23.4896,1114.229,2,1,1.0,0.88,0.12,39.23440222404362,0.998473724211027,0.9952469614949623,2.087381035089493,8.4,0.0,65.32671712239583,43.58392661599566,True,True,True,True,"Contact sheet reviewed: visible medium-hard reobserve_mismatch_visible; loser remains readable, reward_margin=0.120, sharpness_ratio=0.995, mean_absdiff=2.09, local_absdiff=4.80.",,True,TRAINABLE
v11_SYN_0151_prefix5_anchored_525c18bc4422f0_background_drift_collision_response_failure_synthetic,TypeM_v11_synthetic_visible,synthetic_controlled,collision_response_failure_synthetic,prefix5_anchored_525c18bc4422f0_background_drift,collision,orbit_right_64,/home/nvme04/workspace/world_model_phys/PHYS/world_model_phys_stageA_v5_broad_lora_work/local_assets/dpo_prefix5_pairs_20260627_031729/clean_futures/02200_collision_orbit_right_64_seed41200/clean_future_5_80.mp4,local_assets/dpo_pair_factory_v11/synthetic_pairs/pairs/v11_SYN_0151_prefix5_anchored_525c18bc4422f0_background_drift_collision_response_failure_synthetic/loser_future.mp4,reports/dpo_pair_factory_v11/contact_sheets/v11_SYN_0151_prefix5_anchored_525c18bc4422f0_background_drift_collision_response_failure_synthetic.jpg,True,True,76,832,480,True,True,60.8058,31.7253,2385.1387,2,1,1.0,0.88,0.12,38.30661441100063,0.9970305990670958,0.9997169264450151,2.133438915014267,18.0,0.0,101.50420234875803,61.216714751359575,True,True,True,True,"Contact sheet reviewed: visible medium-hard collision_response_failure_synthetic; loser remains readable, reward_margin=0.120, sharpness_ratio=1.000, mean_absdiff=2.13, local_absdiff=7.10.",,True,TRAINABLE
v11_SYN_0361_prefix5_anchored_d86ae2fb1d25b2_freeze_foreground_containment_failure_synthetic,TypeM_v11_synthetic_visible,synthetic_controlled,containment_failure_synthetic,prefix5_anchored_d86ae2fb1d25b2_freeze_foreground,containment,orbit_left_44,/home/nvme04/workspace/world_model_phys/PHYS/world_model_phys_stageA_v5_broad_lora_work/local_assets/dpo_prefix5_pairs_20260627_031729/clean_futures/04204_containment_orbit_left_44_seed43204/clean_future_5_80.mp4,local_assets/dpo_pair_factory_v11/synthetic_pairs/pairs/v11_SYN_0361_prefix5_anchored_d86ae2fb1d25b2_freeze_foreground_containment_failure_synthetic/loser_future.mp4,reports/dpo_pair_factory_v11/contact_sheets/v11_SYN_0361_prefix5_anchored_d86ae2fb1d25b2_freeze_foreground_containment_failure_synthetic.jpg,True,True,76,832,480,True,True,42.0957,23.6144,1137.8128,2,1,1.0,0.876317,0.123683,37.03278103634696,0.9948824990043658,0.9889570939289056,2.2655122876167297,19.6,0.0,65.57118577223558,43.522699185679514,True,True,True,True,"Contact sheet reviewed: visible medium-hard containment_failure_synthetic; loser remains readable, reward_margin=0.124, sharpness_ratio=0.989, mean_absdiff=2.27, local_absdiff=8.66.",,True,TRAINABLE
v11_SYN_EXTRA_0164_04236_containment_orbit_left_44_seed43236_local_scene_patch_drift,TypeM_v11_synthetic_visible,synthetic_controlled,local_scene_patch_drift,04236_containment_orbit_left_44_seed43236,containment,orbit_left_44,local_assets/dpo_pair_factory_v10/recovered_conditions/04236_containment_orbit_left_44_seed43236/clean_future_5_80.mp4,local_assets/dpo_pair_factory_v11/synthetic_pairs_extra/pairs/v11_SYN_EXTRA_0164_04236_containment_orbit_left_44_seed43236_local_scene_patch_drift/loser_future.mp4,reports/dpo_pair_factory_v11/contact_sheets/v11_SYN_EXTRA_0164_04236_containment_orbit_left_44_seed43236_local_scene_patch_drift.jpg,True,True,76,832,480,True,True,41.5625,41.078,1388.6741,2,1,1.0,0.88,0.12,37.53802703412933,0.9986091747619645,0.9428036492011349,2.1505218744277954,20.4,0.0,83.00265800280448,72.57140524749077,True,True,True,True,"Contact sheet reviewed: visible medium-hard local_scene_patch_drift; loser remains readable, reward_margin=0.120, sharpness_ratio=0.943, mean_absdiff=2.15, local_absdiff=8.27.",,True,TRAINABLE
v11_SYN_0552_03477_roll_orbit_right_60_seed42477_object_identity_color_shift,TypeM_v11_synthetic_visible,synthetic_controlled,object_identity_color_shift,03477_roll_orbit_right_60_seed42477,roll,orbit_right_60,local_assets/dpo_pair_factory_v10/recovered_conditions/03477_roll_orbit_right_60_seed42477/clean_future_5_80.mp4,local_assets/dpo_pair_factory_v11/synthetic_pairs/pairs/v11_SYN_0552_03477_roll_orbit_right_60_seed42477_object_identity_color_shift/loser_future.mp4,reports/dpo_pair_factory_v11/contact_sheets/v11_SYN_0552_03477_roll_orbit_right_60_seed42477_object_identity_color_shift.jpg,True,True,76,832,480,True,True,70.4122,37.8042,1834.5012,2,1,1.0,0.87917,0.12083,38.44133476302614,0.9993274662692442,0.9980670956882574,2.172716349363327,12.0,0.0,97.7286376953125,40.57072138481591,True,True,True,True,"Contact sheet reviewed: visible medium-hard object_identity_color_shift; loser remains readable, reward_margin=0.121, sharpness_ratio=0.998, mean_absdiff=2.17, local_absdiff=8.46.",,True,TRAINABLE
v11_SYN_0323_04355_containment_orbit_left_44_seed43355_partial_freeze_foreground,TypeM_v11_synthetic_visible,synthetic_controlled,partial_freeze_foreground,04355_containment_orbit_left_44_seed43355,containment,orbit_left_44,local_assets/dpo_pair_factory_v10/recovered_conditions/04355_containment_orbit_left_44_seed43355/clean_future_5_80.mp4,local_assets/dpo_pair_factory_v11/synthetic_pairs/pairs/v11_SYN_0323_04355_containment_orbit_left_44_seed43355_partial_freeze_foreground/loser_future.mp4,reports/dpo_pair_factory_v11/contact_sheets/v11_SYN_0323_04355_containment_orbit_left_44_seed43355_partial_freeze_foreground.jpg,True,True,76,832,480,True,True,87.6688,49.21,2883.1228,2,1,1.0,0.856087,0.143913,36.0655091994291,0.9934557656146537,0.9739434345577519,2.340058296918869,21.2,0.0,116.95965294471154,46.47292881006979,True,True,True,True,"Contact sheet reviewed: visible medium-hard partial_freeze_foreground; loser remains readable, reward_margin=0.144, sharpness_ratio=0.974, mean_absdiff=2.34, local_absdiff=10.07.",,True,TRAINABLE
v11_SYN_0368_prefix5_anchored_dc458b2cf487d8_wrong_camera_motion_reobserve_mismatch_visible,TypeM_v11_synthetic_visible,synthetic_controlled,reobserve_mismatch_visible,prefix5_anchored_dc458b2cf487d8_wrong_camera_motion,containment,orbit_left_44,/home/nvme04/workspace/world_model_phys/PHYS/world_model_phys_stageA_v5_broad_lora_work/local_assets/dpo_prefix5_pairs_20260627_031729/clean_futures/04204_containment_orbit_left_44_seed43204/clean_future_5_80.mp4,local_assets/dpo_pair_factory_v11/synthetic_pairs/pairs/v11_SYN_0368_prefix5_anchored_dc458b2cf487d8_wrong_camera_motion_reobserve_mismatch_visible/loser_future.mp4,reports/dpo_pair_factory_v11/contact_sheets/v11_SYN_0368_prefix5_anchored_dc458b2cf487d8_wrong_camera_motion_reobserve_mismatch_visible.jpg,True,True,76,832,480,True,True,41.8913,23.4912,1114.8066,2,1,1.0,0.88,0.12,39.5144657026258,0.9981635055950265,0.9955170782735018,2.0455178320407867,8.4,0.0,65.32671837439904,43.58442046526044,True,True,True,True,"Contact sheet reviewed: visible medium-hard reobserve_mismatch_visible; loser remains readable, reward_margin=0.120, sharpness_ratio=0.996, mean_absdiff=2.05, local_absdiff=5.08.",,True,TRAINABLE
v11_SYN_0157_prefix5_anchored_7f708dfe212ad6_freeze_foreground_collision_response_failure_synthetic,TypeM_v11_synthetic_visible,synthetic_controlled,collision_response_failure_synthetic,prefix5_anchored_7f708dfe212ad6_freeze_foreground,collision,orbit_right_64,/home/nvme04/workspace/world_model_phys/PHYS/world_model_phys_stageA_v5_broad_lora_work/local_assets/dpo_prefix5_pairs_20260627_031729/clean_futures/02200_collision_orbit_right_64_seed41200/clean_future_5_80.mp4,local_assets/dpo_pair_factory_v11/synthetic_pairs/pairs/v11_SYN_0157_prefix5_anchored_7f708dfe212ad6_freeze_foreground_collision_response_failure_synthetic/loser_future.mp4,reports/dpo_pair_factory_v11/contact_sheets/v11_SYN_0157_prefix5_anchored_7f708dfe212ad6_freeze_foreground_collision_response_failure_synthetic.jpg,True,True,76,832,480,True,True,60.8575,31.9489,2381.6058,2,1,1.0,0.88,0.12,38.54321719252461,0.998925257836015,0.9667532844035167,2.2048878371715546,10.0,0.0,101.63272986778846,61.33777549381202,True,True,True,True,"Contact sheet reviewed: visible medium-hard collision_response_failure_synthetic; loser remains readable, reward_margin=0.120, sharpness_ratio=0.967, mean_absdiff=2.20, local_absdiff=6.72.",,True,TRAINABLE
v11_SYN_EXTRA_0241_prefix5_anchored_d86ae2fb1d25b2_freeze_foreground_containment_failure_synthetic,TypeM_v11_synthetic_visible,synthetic_controlled,containment_failure_synthetic,prefix5_anchored_d86ae2fb1d25b2_freeze_foreground,containment,orbit_left_44,/home/nvme04/workspace/world_model_phys/PHYS/world_model_phys_stageA_v5_broad_lora_work/local_assets/dpo_prefix5_pairs_20260627_031729/clean_futures/04204_containment_orbit_left_44_seed43204/clean_future_5_80.mp4,local_assets/dpo_pair_factory_v11/synthetic_pairs_extra/pairs/v11_SYN_EXTRA_0241_prefix5_anchored_d86ae2fb1d25b2_freeze_foreground_containment_failure_synthetic/loser_future.mp4,reports/dpo_pair_factory_v11/contact_sheets/v11_SYN_EXTRA_0241_prefix5_anchored_d86ae2fb1d25b2_freeze_foreground_containment_failure_synthetic.jpg,True,True,76,832,480,True,True,41.9786,23.5377,1124.9942,2,1,1.0,0.88,0.12,38.68303173045834,0.9988590736661668,0.9949936277269106,2.095270097255707,10.4,0.0,65.31653958834134,43.559411491969215,True,True,True,True,"Contact sheet reviewed: visible medium-hard containment_failure_synthetic; loser remains readable, reward_margin=0.120, sharpness_ratio=0.995, mean_absdiff=2.10, local_absdiff=5.95.",,True,TRAINABLE
v11_SYN_EXTRA_0168_04248_containment_orbit_left_44_seed43248_local_scene_patch_drift,TypeM_v11_synthetic_visible,synthetic_controlled,local_scene_patch_drift,04248_containment_orbit_left_44_seed43248,containment,orbit_left_44,local_assets/dpo_pair_factory_v10/recovered_conditions/04248_containment_orbit_left_44_seed43248/clean_future_5_80.mp4,local_assets/dpo_pair_factory_v11/synthetic_pairs_extra/pairs/v11_SYN_EXTRA_0168_04248_containment_orbit_left_44_seed43248_local_scene_patch_drift/loser_future.mp4,reports/dpo_pair_factory_v11/contact_sheets/v11_SYN_EXTRA_0168_04248_containment_orbit_left_44_seed43248_local_scene_patch_drift.jpg,True,True,76,832,480,True,True,50.5683,29.6215,1786.8014,2,1,1.0,0.88,0.12,39.722899903084,0.9991919969164134,0.9884229663228256,2.120270311832428,6.8,0.0,77.41733273237179,52.76846629529432,True,True,True,True,"Contact sheet reviewed: visible medium-hard local_scene_patch_drift; loser remains readable, reward_margin=0.120, sharpness_ratio=0.988, mean_absdiff=2.12, local_absdiff=5.29.",,True,TRAINABLE
v11_SYN_0558_03484_roll_orbit_right_60_seed42484_object_identity_color_shift,TypeM_v11_synthetic_visible,synthetic_controlled,object_identity_color_shift,03484_roll_orbit_right_60_seed42484,roll,orbit_right_60,local_assets/dpo_pair_factory_v10/recovered_conditions/03484_roll_orbit_right_60_seed42484/clean_future_5_80.mp4,local_assets/dpo_pair_factory_v11/synthetic_pairs/pairs/v11_SYN_0558_03484_roll_orbit_right_60_seed42484_object_identity_color_shift/loser_future.mp4,reports/dpo_pair_factory_v11/contact_sheets/v11_SYN_0558_03484_roll_orbit_right_60_seed42484_object_identity_color_shift.jpg,True,True,76,832,480,True,True,71.8586,38.2915,1789.7974,2,1,1.0,0.88,0.12,39.87354891740773,0.9994478382254831,0.9967444471592624,2.055718094110489,12.0,0.0,99.97949969951922,40.04774085617414,True,True,True,True,"Contact sheet reviewed: visible medium-hard object_identity_color_shift; loser remains readable, reward_margin=0.120, sharpness_ratio=0.997, mean_absdiff=2.06, local_absdiff=5.61.",,True,TRAINABLE
v11_SYN_0329_04357_containment_orbit_left_44_seed43357_partial_freeze_foreground,TypeM_v11_synthetic_visible,synthetic_controlled,partial_freeze_foreground,04357_containment_orbit_left_44_seed43357,containment,orbit_left_44,local_assets/dpo_pair_factory_v10/recovered_conditions/04357_containment_orbit_left_44_seed43357/clean_future_5_80.mp4,local_assets/dpo_pair_factory_v11/synthetic_pairs/pairs/v11_SYN_0329_04357_containment_orbit_left_44_seed43357_partial_freeze_foreground/loser_future.mp4,reports/dpo_pair_factory_v11/contact_sheets/v11_SYN_0329_04357_containment_orbit_left_44_seed43357_partial_freeze_foreground.jpg,True,True,76,832,480,True,True,78.754,45.0054,2260.7096,2,1,1.0,0.88,0.12,39.43076069751341,0.9978112607997591,0.9977037036464645,1.989306628704071,6.4,0.0,104.40742500500801,42.26351018795076,True,True,True,True,"Contact sheet reviewed: visible medium-hard partial_freeze_foreground; loser remains readable, reward_margin=0.120, sharpness_ratio=0.998, mean_absdiff=1.99, local_absdiff=4.20.",,True,TRAINABLE
v11_SYN_EXTRA_0246_prefix5_anchored_dc458b2cf487d8_wrong_camera_motion_reobserve_mismatch_visible,TypeM_v11_synthetic_visible,synthetic_controlled,reobserve_mismatch_visible,prefix5_anchored_dc458b2cf487d8_wrong_camera_motion,containment,orbit_left_44,/home/nvme04/workspace/world_model_phys/PHYS/world_model_phys_stageA_v5_broad_lora_work/local_assets/dpo_prefix5_pairs_20260627_031729/clean_futures/04204_containment_orbit_left_44_seed43204/clean_future_5_80.mp4,local_assets/dpo_pair_factory_v11/synthetic_pairs_extra/pairs/v11_SYN_EXTRA_0246_prefix5_anchored_dc458b2cf487d8_wrong_camera_motion_reobserve_mismatch_visible/loser_future.mp4,reports/dpo_pair_factory_v11/contact_sheets/v11_SYN_EXTRA_0246_prefix5_anchored_dc458b2cf487d8_wrong_camera_motion_reobserve_mismatch_visible.jpg,True,True,76,832,480,True,True,41.892,23.4911,1115.3984,2,1,1.0,0.88,0.12,38.932711488498086,0.9969477887225222,0.9949326498967523,2.1181402504444122,12.0,0.0,65.328857421875,43.582352454041946,True,True,True,True,"Contact sheet reviewed: visible medium-hard reobserve_mismatch_visible; loser remains readable, reward_margin=0.120, sharpness_ratio=0.995, mean_absdiff=2.12, local_absdiff=6.25.",,True,TRAINABLE
v11_SYN_EXTRA_0105_prefix5_anchored_7f708dfe212ad6_freeze_foreground_collision_response_failure_synthetic,TypeM_v11_synthetic_visible,synthetic_controlled,collision_response_failure_synthetic,prefix5_anchored_7f708dfe212ad6_freeze_foreground,collision,orbit_right_64,/home/nvme04/workspace/world_model_phys/PHYS/world_model_phys_stageA_v5_broad_lora_work/local_assets/dpo_prefix5_pairs_20260627_031729/clean_futures/02200_collision_orbit_right_64_seed41200/clean_future_5_80.mp4,local_assets/dpo_pair_factory_v11/synthetic_pairs_extra/pairs/v11_SYN_EXTRA_0105_prefix5_anchored_7f708dfe212ad6_freeze_foreground_collision_response_failure_synthetic/loser_future.mp4,reports/dpo_pair_factory_v11/contact_sheets/v11_SYN_EXTRA_0105_prefix5_anchored_7f708dfe212ad6_freeze_foreground_collision_response_failure_synthetic.jpg,True,True,76,832,480,True,True,61.0526,32.2706,2399.6742,2,1,1.0,0.88,0.12,38.09252034270551,0.9963183042515631,0.9980044984937378,2.1811112463474274,30.0,0.0,101.93600385616988,61.42666022862028,True,True,True,True,"Contact sheet reviewed: visible medium-hard collision_response_failure_synthetic; loser remains readable, reward_margin=0.120, sharpness_ratio=0.998, mean_absdiff=2.18, local_absdiff=8.17.",,True,TRAINABLE
v11_SYN_0367_prefix5_anchored_dc458b2cf487d8_wrong_camera_motion_containment_failure_synthetic,TypeM_v11_synthetic_visible,synthetic_controlled,containment_failure_synthetic,prefix5_anchored_dc458b2cf487d8_wrong_camera_motion,containment,orbit_left_44,/home/nvme04/workspace/world_model_phys/PHYS/world_model_phys_stageA_v5_broad_lora_work/local_assets/dpo_prefix5_pairs_20260627_031729/clean_futures/04204_containment_orbit_left_44_seed43204/clean_future_5_80.mp4,local_assets/dpo_pair_factory_v11/synthetic_pairs/pairs/v11_SYN_0367_prefix5_anchored_dc458b2cf487d8_wrong_camera_motion_containment_failure_synthetic/loser_future.mp4,reports/dpo_pair_factory_v11/contact_sheets/v11_SYN_0367_prefix5_anchored_dc458b2cf487d8_wrong_camera_motion_containment_failure_synthetic.jpg,True,True,76,832,480,True,True,42.0145,23.5968,1126.9205,2,1,1.0,0.88,0.12,37.167821007688175,0.9953580721030767,0.9860600090698882,2.222038984298706,20.4,0.0,65.15197879106572,43.37646490134625,True,True,True,True,"Contact sheet reviewed: visible medium-hard containment_failure_synthetic; loser remains readable, reward_margin=0.120, sharpness_ratio=0.986, mean_absdiff=2.22, local_absdiff=8.12.",,True,TRAINABLE
v11_SYN_0564_03494_roll_orbit_right_60_seed42494_object_identity_color_shift,TypeM_v11_synthetic_visible,synthetic_controlled,object_identity_color_shift,03494_roll_orbit_right_60_seed42494,roll,orbit_right_60,local_assets/dpo_pair_factory_v10/recovered_conditions/03494_roll_orbit_right_60_seed42494/clean_future_5_80.mp4,local_assets/dpo_pair_factory_v11/synthetic_pairs/pairs/v11_SYN_0564_03494_roll_orbit_right_60_seed42494_object_identity_color_shift/loser_future.mp4,reports/dpo_pair_factory_v11/contact_sheets/v11_SYN_0564_03494_roll_orbit_right_60_seed42494_object_identity_color_shift.jpg,True,True,76,832,480,True,True,61.2009,32.2013,2289.2421,2,1,1.0,0.88,0.12,38.87352524906821,0.999280049998031,0.9982971612550046,2.1010738015174866,10.0,0.0,90.4785425430689,44.66202940586673,True,True,True,True,"Contact sheet reviewed: visible medium-hard object_identity_color_shift; loser remains readable, reward_margin=0.120, sharpness_ratio=0.998, mean_absdiff=2.10, local_absdiff=7.88.",,True,TRAINABLE
v11_SYN_0335_04358_containment_orbit_left_44_seed43358_partial_freeze_foreground,TypeM_v11_synthetic_visible,synthetic_controlled,partial_freeze_foreground,04358_containment_orbit_left_44_seed43358,containment,orbit_left_44,local_assets/dpo_pair_factory_v10/recovered_conditions/04358_containment_orbit_left_44_seed43358/clean_future_5_80.mp4,local_assets/dpo_pair_factory_v11/synthetic_pairs/pairs/v11_SYN_0335_04358_containment_orbit_left_44_seed43358_partial_freeze_foreground/loser_future.mp4,reports/dpo_pair_factory_v11/contact_sheets/v11_SYN_0335_04358_containment_orbit_left_44_seed43358_partial_freeze_foreground.jpg,True,True,76,832,480,True,True,71.3193,34.9552,2574.0237,2,1,1.0,0.88,0.12,38.35420708750185,0.9971206332312634,0.9880117522845527,2.1238548159599304,11.6,0.0,91.30489095052084,39.31868172842913,True,True,True,True,"Contact sheet reviewed: visible medium-hard partial_freeze_foreground; loser remains readable, reward_margin=0.120, sharpness_ratio=0.988, mean_absdiff=2.12, local_absdiff=7.44.",,True,TRAINABLE
v11_SYN_EXTRA_0250_v6_04204_containment_orbit_left_44_seed43204_reobserve_mismatch_visible,TypeM_v11_synthetic_visible,synthetic_controlled,reobserve_mismatch_visible,v6_04204_containment_orbit_left_44_seed43204,containment,orbit_left_44,/home/nvme04/workspace/world_model_phys/PHYS/world_model_phys_stageA_v5_broad_lora_work/local_assets/dpo_prefix5_pairs_20260627_031729/clean_futures/04204_containment_orbit_left_44_seed43204/clean_future_5_80.mp4,local_assets/dpo_pair_factory_v11/synthetic_pairs_extra/pairs/v11_SYN_EXTRA_0250_v6_04204_containment_orbit_left_44_seed43204_reobserve_mismatch_visible/loser_future.mp4,reports/dpo_pair_factory_v11/contact_sheets/v11_SYN_EXTRA_0250_v6_04204_containment_orbit_left_44_seed43204_reobserve_mismatch_visible.jpg,True,True,76,832,480,True,True,41.8902,23.4905,1114.1596,2,1,1.0,0.88,0.12,39.37926290167391,0.9986909494976325,0.9959534861963616,2.070734590291977,6.0,0.0,65.3262701572516,43.584666268117715,True,True,True,True,"Contact sheet reviewed: visible medium-hard reobserve_mismatch_visible; loser remains readable, reward_margin=0.120, sharpness_ratio=0.996, mean_absdiff=2.07, local_absdiff=4.34.",,True,TRAINABLE
v11_SYN_EXTRA_0109_prefix5_anchored_b53591379e11c1_object_deformation_collision_response_failure_synthetic,TypeM_v11_synthetic_visible,synthetic_controlled,collision_response_failure_synthetic,prefix5_anchored_b53591379e11c1_object_deformation,collision,orbit_right_64,/home/nvme04/workspace/world_model_phys/PHYS/world_model_phys_stageA_v5_broad_lora_work/local_assets/dpo_prefix5_pairs_20260627_031729/clean_futures/02200_collision_orbit_right_64_seed41200/clean_future_5_80.mp4,local_assets/dpo_pair_factory_v11/synthetic_pairs_extra/pairs/v11_SYN_EXTRA_0109_prefix5_anchored_b53591379e11c1_object_deformation_collision_response_failure_synthetic/loser_future.mp4,reports/dpo_pair_factory_v11/contact_sheets/v11_SYN_EXTRA_0109_prefix5_anchored_b53591379e11c1_object_deformation_collision_response_failure_synthetic.jpg,True,True,76,832,480,True,True,60.886,31.9555,2394.0577,2,1,1.0,0.88,0.12,40.554180421290944,0.9996010643678683,0.9927436092536366,1.9888498485088348,6.4,0.0,101.65592573116987,61.347898343092865,True,True,True,True,"Contact sheet reviewed: visible medium-hard collision_response_failure_synthetic; loser remains readable, reward_margin=0.120, sharpness_ratio=0.993, mean_absdiff=1.99, local_absdiff=4.68.",,True,TRAINABLE
v11_SYN_EXTRA_0245_prefix5_anchored_dc458b2cf487d8_wrong_camera_motion_containment_failure_synthetic,TypeM_v11_synthetic_visible,synthetic_controlled,containment_failure_synthetic,prefix5_anchored_dc458b2cf487d8_wrong_camera_motion,containment,orbit_left_44,/home/nvme04/workspace/world_model_phys/PHYS/world_model_phys_stageA_v5_broad_lora_work/local_assets/dpo_prefix5_pairs_20260627_031729/clean_futures/04204_containment_orbit_left_44_seed43204/clean_future_5_80.mp4,local_assets/dpo_pair_factory_v11/synthetic_pairs_extra/pairs/v11_SYN_EXTRA_0245_prefix5_anchored_dc458b2cf487d8_wrong_camera_motion_containment_failure_synthetic/loser_future.mp4,reports/dpo_pair_factory_v11/contact_sheets/v11_SYN_EXTRA_0245_prefix5_anchored_dc458b2cf487d8_wrong_camera_motion_containment_failure_synthetic.jpg,True,True,76,832,480,True,True,41.9546,23.5179,1120.0776,2,1,1.0,0.88,0.12,39.33110949885855,0.9983977266445073,0.9943634837666733,2.101744443178177,10.0,0.0,65.30187049278847,43.56421503191859,True,True,True,True,"Contact sheet reviewed: visible medium-hard containment_failure_synthetic; loser remains readable, reward_margin=0.120, sharpness_ratio=0.994, mean_absdiff=2.10, local_absdiff=4.95.",,True,TRAINABLE
v11_SYN_0570_03495_roll_orbit_right_60_seed42495_object_identity_color_shift,TypeM_v11_synthetic_visible,synthetic_controlled,object_identity_color_shift,03495_roll_orbit_right_60_seed42495,roll,orbit_right_60,local_assets/dpo_pair_factory_v10/recovered_conditions/03495_roll_orbit_right_60_seed42495/clean_future_5_80.mp4,local_assets/dpo_pair_factory_v11/synthetic_pairs/pairs/v11_SYN_0570_03495_roll_orbit_right_60_seed42495_object_identity_color_shift/loser_future.mp4,reports/dpo_pair_factory_v11/contact_sheets/v11_SYN_0570_03495_roll_orbit_right_60_seed42495_object_identity_color_shift.jpg,True,True,76,832,480,True,True,65.7344,35.429,1808.6744,2,1,1.0,0.852696,0.147304,36.93420147492078,0.9962543328827053,1.0003837790189445,2.215589553117752,10.4,0.0,96.12006084735577,43.798044118509914,True,True,True,True,"Contact sheet reviewed: visible medium-hard object_identity_color_shift; loser remains readable, reward_margin=0.147, sharpness_ratio=1.000, mean_absdiff=2.22, local_absdiff=10.31.",,True,TRAINABLE
v11_SYN_0221_04204_containment_orbit_left_44_seed43204_partial_freeze_foreground,TypeM_v11_synthetic_visible,synthetic_controlled,partial_freeze_foreground,ab5d782f6fc318e29962e4f6f95583a23252babeab7469234f998be5fb6915ac,containment,orbit_left_44,local_assets/dpo_prefix5_pairs_20260627_031729/clean_futures/04204_containment_orbit_left_44_seed43204/clean_future_5_80.mp4,local_assets/dpo_pair_factory_v11/synthetic_pairs/pairs/v11_SYN_0221_04204_containment_orbit_left_44_seed43204_partial_freeze_foreground/loser_future.mp4,reports/dpo_pair_factory_v11/contact_sheets/v11_SYN_0221_04204_containment_orbit_left_44_seed43204_partial_freeze_foreground.jpg,True,True,76,832,480,True,True,41.7834,23.3392,1105.1212,2,1,1.0,0.88,0.12,40.12848413968652,0.9992247755488619,0.9949273445988206,2.015452593564987,5.6,0.0,65.32850122696314,43.579977864522505,True,True,True,True,"Contact sheet reviewed: visible medium-hard partial_freeze_foreground; loser remains readable, reward_margin=0.120, sharpness_ratio=0.995, mean_absdiff=2.02, local_absdiff=3.88.",,True,TRAINABLE
v11_SYN_EXTRA_0113_prefix5_anchored_e78653865b3413_wrong_camera_motion_collision_response_failure_synthetic,TypeM_v11_synthetic_visible,synthetic_controlled,collision_response_failure_synthetic,prefix5_anchored_e78653865b3413_wrong_camera_motion,collision,orbit_right_64,/home/nvme04/workspace/world_model_phys/PHYS/world_model_phys_stageA_v5_broad_lora_work/local_assets/dpo_prefix5_pairs_20260627_031729/clean_futures/02200_collision_orbit_right_64_seed41200/clean_future_5_80.mp4,local_assets/dpo_pair_factory_v11/synthetic_pairs_extra/pairs/v11_SYN_EXTRA_0113_prefix5_anchored_e78653865b3413_wrong_camera_motion_collision_response_failure_synthetic/loser_future.mp4,reports/dpo_pair_factory_v11/contact_sheets/v11_SYN_EXTRA_0113_prefix5_anchored_e78653865b3413_wrong_camera_motion_collision_response_failure_synthetic.jpg,True,True,76,832,480,True,True,60.7787,31.6113,2372.5186,2,1,1.0,0.820111,0.179889,34.91846725601236,0.9937046965626053,0.9990628985718405,2.4321220219135284,37.6,0.0,101.35957406850962,61.08066963878652,True,True,True,True,"Contact sheet reviewed: visible medium-hard collision_response_failure_synthetic; loser remains readable, reward_margin=0.180, sharpness_ratio=0.999, mean_absdiff=2.43, local_absdiff=12.59.",,True,TRAINABLE
v11_SYN_EXTRA_0249_v6_04204_containment_orbit_left_44_seed43204_containment_failure_synthetic,TypeM_v11_synthetic_visible,synthetic_controlled,containment_failure_synthetic,v6_04204_containment_orbit_left_44_seed43204,containment,orbit_left_44,/home/nvme04/workspace/world_model_phys/PHYS/world_model_phys_stageA_v5_broad_lora_work/local_assets/dpo_prefix5_pairs_20260627_031729/clean_futures/04204_containment_orbit_left_44_seed43204/clean_future_5_80.mp4,local_assets/dpo_pair_factory_v11/synthetic_pairs_extra/pairs/v11_SYN_EXTRA_0249_v6_04204_containment_orbit_left_44_seed43204_containment_failure_synthetic/loser_future.mp4,reports/dpo_pair_factory_v11/contact_sheets/v11_SYN_EXTRA_0249_v6_04204_containment_orbit_left_44_seed43204_containment_failure_synthetic.jpg,True,True,76,832,480,True,True,41.9682,23.6132,1128.0041,2,1,1.0,0.88,0.12,39.231964844882015,0.9993244072054717,0.9953720314942394,2.0679153203964233,8.8,0.0,65.30000375600962,43.610714995296604,True,True,True,True,"Contact sheet reviewed: visible medium-hard containment_failure_synthetic; loser remains readable, reward_margin=0.120, sharpness_ratio=0.995, mean_absdiff=2.07, local_absdiff=4.97.",,True,TRAINABLE
v11_SYN_0576_03505_roll_orbit_right_60_seed42505_object_identity_color_shift,TypeM_v11_synthetic_visible,synthetic_controlled,object_identity_color_shift,03505_roll_orbit_right_60_seed42505,roll,orbit_right_60,local_assets/dpo_pair_factory_v10/recovered_conditions/03505_roll_orbit_right_60_seed42505/clean_future_5_80.mp4,local_assets/dpo_pair_factory_v11/synthetic_pairs/pairs/v11_SYN_0576_03505_roll_orbit_right_60_seed42505_object_identity_color_shift/loser_future.mp4,reports/dpo_pair_factory_v11/contact_sheets/v11_SYN_0576_03505_roll_orbit_right_60_seed42505_object_identity_color_shift.jpg,True,True,76,832,480,True,True,51.0638,22.9692,1647.1132,2,1,1.0,0.874511,0.125489,38.52571000910222,0.9990655144613321,0.9977838150944895,2.13700670003891,10.4,0.0,77.54745592948717,42.128214108345986,True,True,True,True,"Contact sheet reviewed: visible medium-hard object_identity_color_shift; loser remains readable, reward_margin=0.125, sharpness_ratio=0.998, mean_absdiff=2.14, local_absdiff=8.78.",,True,TRAINABLE
v11_SYN_0341_prefix5_anchored_1279c3b65a6d9e_object_identity_change_partial_freeze_foreground,TypeM_v11_synthetic_visible,synthetic_controlled,partial_freeze_foreground,prefix5_anchored_1279c3b65a6d9e_object_identity_change,containment,orbit_left_44,/home/nvme04/workspace/world_model_phys/PHYS/world_model_phys_stageA_v5_broad_lora_work/local_assets/dpo_prefix5_pairs_20260627_031729/clean_futures/04204_containment_orbit_left_44_seed43204/clean_future_5_80.mp4,local_assets/dpo_pair_factory_v11/synthetic_pairs/pairs/v11_SYN_0341_prefix5_anchored_1279c3b65a6d9e_object_identity_change_partial_freeze_foreground/loser_future.mp4,reports/dpo_pair_factory_v11/contact_sheets/v11_SYN_0341_prefix5_anchored_1279c3b65a6d9e_object_identity_change_partial_freeze_foreground.jpg,True,True,76,832,480,True,True,41.7985,23.3458,1103.7025,2,1,1.0,0.88,0.12,40.22924548173891,0.9988854890514353,0.9957471140722517,1.9974735975265503,6.4,0.0,65.38683205629006,43.558369195784884,True,True,True,True,"Contact sheet reviewed: visible medium-hard partial_freeze_foreground; loser remains readable, reward_margin=0.120, sharpness_ratio=0.996, mean_absdiff=2.00, local_absdiff=4.85.",,True,TRAINABLE
v11_SYN_0175_prefix5_anchored_ebade3740fe2f4_object_identity_change_collision_response_failure_synthetic,TypeM_v11_synthetic_visible,synthetic_controlled,collision_response_failure_synthetic,prefix5_anchored_ebade3740fe2f4_object_identity_change,collision,orbit_right_64,/home/nvme04/workspace/world_model_phys/PHYS/world_model_phys_stageA_v5_broad_lora_work/local_assets/dpo_prefix5_pairs_20260627_031729/clean_futures/02200_collision_orbit_right_64_seed41200/clean_future_5_80.mp4,local_assets/dpo_pair_factory_v11/synthetic_pairs/pairs/v11_SYN_0175_prefix5_anchored_ebade3740fe2f4_object_identity_change_collision_response_failure_synthetic/loser_future.mp4,reports/dpo_pair_factory_v11/contact_sheets/v11_SYN_0175_prefix5_anchored_ebade3740fe2f4_object_identity_change_collision_response_failure_synthetic.jpg,True,True,76,832,480,True,True,60.8914,31.9526,2388.2668,2,1,1.0,0.88,0.12,40.03618326419335,0.9994769835880206,0.9889571782992542,2.0510977804660797,6.4,0.0,101.67373297275643,61.333307272959146,True,True,True,True,"Contact sheet reviewed: visible medium-hard collision_response_failure_synthetic; loser remains readable, reward_margin=0.120, sharpness_ratio=0.989, mean_absdiff=2.05, local_absdiff=4.62.",,True,TRAINABLE
v11_SYN_0274_04267_containment_orbit_left_44_seed43267_local_scene_patch_drift,TypeM_v11_synthetic_visible,synthetic_controlled,local_scene_patch_drift,04267_containment_orbit_left_44_seed43267,containment,orbit_left_44,local_assets/dpo_pair_factory_v10/recovered_conditions/04267_containment_orbit_left_44_seed43267/clean_future_5_80.mp4,local_assets/dpo_pair_factory_v11/synthetic_pairs/pairs/v11_SYN_0274_04267_containment_orbit_left_44_seed43267_local_scene_patch_drift/loser_future.mp4,reports/dpo_pair_factory_v11/contact_sheets/v11_SYN_0274_04267_containment_orbit_left_44_seed43267_local_scene_patch_drift.jpg,True,True,76,832,480,True,True,80.1957,43.9767,2850.646,2,1,1.0,0.88,0.12,39.473137790807144,0.9977433518013646,0.9876437083614665,2.1029964685440063,10.4,0.0,106.90687725360577,45.92862362579758,True,True,True,True,"Contact sheet reviewed: visible medium-hard local_scene_patch_drift; loser remains readable, reward_margin=0.120, sharpness_ratio=0.988, mean_absdiff=2.10, local_absdiff=5.69.",,True,TRAINABLE
v11_SYN_0582_03533_roll_orbit_right_60_seed42533_object_identity_color_shift,TypeM_v11_synthetic_visible,synthetic_controlled,object_identity_color_shift,03533_roll_orbit_right_60_seed42533,roll,orbit_right_60,local_assets/dpo_pair_factory_v10/recovered_conditions/03533_roll_orbit_right_60_seed42533/clean_future_5_80.mp4,local_assets/dpo_pair_factory_v11/synthetic_pairs/pairs/v11_SYN_0582_03533_roll_orbit_right_60_seed42533_object_identity_color_shift/loser_future.mp4,reports/dpo_pair_factory_v11/contact_sheets/v11_SYN_0582_03533_roll_orbit_right_60_seed42533_object_identity_color_shift.jpg,True,True,76,832,480,True,True,68.5762,46.7269,2266.1145,2,1,1.0,0.864181,0.135819,38.503265528499114,0.9994651836781124,0.9984520413833615,2.2341811060905457,10.8,0.0,93.1842548076923,51.06682355029966,True,True,True,True,"Contact sheet reviewed: visible medium-hard object_identity_color_shift; loser remains readable, reward_margin=0.136, sharpness_ratio=0.998, mean_absdiff=2.23, local_absdiff=9.51.",,True,TRAINABLE
v11_SYN_0347_prefix5_anchored_29df7c5cf94c4b_reobserve_mismatch_partial_freeze_foreground,TypeM_v11_synthetic_visible,synthetic_controlled,partial_freeze_foreground,prefix5_anchored_29df7c5cf94c4b_reobserve_mismatch,containment,orbit_left_44,/home/nvme04/workspace/world_model_phys/PHYS/world_model_phys_stageA_v5_broad_lora_work/local_assets/dpo_prefix5_pairs_20260627_031729/clean_futures/04204_containment_orbit_left_44_seed43204/clean_future_5_80.mp4,local_assets/dpo_pair_factory_v11/synthetic_pairs/pairs/v11_SYN_0347_prefix5_anchored_29df7c5cf94c4b_reobserve_mismatch_partial_freeze_foreground/loser_future.mp4,reports/dpo_pair_factory_v11/contact_sheets/v11_SYN_0347_prefix5_anchored_29df7c5cf94c4b_reobserve_mismatch_partial_freeze_foreground.jpg,True,True,76,832,480,True,True,41.8032,23.3287,1105.3706,2,1,1.0,0.88,0.12,39.81113875510309,0.9992331952320569,0.9960072954144896,2.0002872943878174,8.0,0.0,65.34986853966346,43.566813450257115,True,True,True,True,"Contact sheet reviewed: visible medium-hard partial_freeze_foreground; loser remains readable, reward_margin=0.120, sharpness_ratio=0.996, mean_absdiff=2.00, local_absdiff=4.50.",,True,TRAINABLE
v11_SYN_EXTRA_0117_prefix5_anchored_ebade3740fe2f4_object_identity_change_collision_response_failure_synthetic,TypeM_v11_synthetic_visible,synthetic_controlled,collision_response_failure_synthetic,prefix5_anchored_ebade3740fe2f4_object_identity_change,collision,orbit_right_64,/home/nvme04/workspace/world_model_phys/PHYS/world_model_phys_stageA_v5_broad_lora_work/local_assets/dpo_prefix5_pairs_20260627_031729/clean_futures/02200_collision_orbit_right_64_seed41200/clean_future_5_80.mp4,local_assets/dpo_pair_factory_v11/synthetic_pairs_extra/pairs/v11_SYN_EXTRA_0117_prefix5_anchored_ebade3740fe2f4_object_identity_change_collision_response_failure_synthetic/loser_future.mp4,reports/dpo_pair_factory_v11/contact_sheets/v11_SYN_EXTRA_0117_prefix5_anchored_ebade3740fe2f4_object_identity_change_collision_response_failure_synthetic.jpg,True,True,76,832,480,True,True,60.8591,31.9471,2378.8418,2,1,1.0,0.88,0.12,38.26631104091467,0.9987693443249168,0.9609084886334025,2.254315823316574,10.4,0.0,101.63280498798078,61.33163859640577,True,True,True,True,"Contact sheet reviewed: visible medium-hard collision_response_failure_synthetic; loser remains readable, reward_margin=0.120, sharpness_ratio=0.961, mean_absdiff=2.25, local_absdiff=6.88.",,True,TRAINABLE
v11_SYN_0588_03536_roll_orbit_right_60_seed42536_object_identity_color_shift,TypeM_v11_synthetic_visible,synthetic_controlled,object_identity_color_shift,03536_roll_orbit_right_60_seed42536,roll,orbit_right_60,local_assets/dpo_pair_factory_v10/recovered_conditions/03536_roll_orbit_right_60_seed42536/clean_future_5_80.mp4,local_assets/dpo_pair_factory_v11/synthetic_pairs/pairs/v11_SYN_0588_03536_roll_orbit_right_60_seed42536_object_identity_color_shift/loser_future.mp4,reports/dpo_pair_factory_v11/contact_sheets/v11_SYN_0588_03536_roll_orbit_right_60_seed42536_object_identity_color_shift.jpg,True,True,76,832,480,True,True,80.1476,49.9319,2001.1085,2,1,1.0,0.837441,0.162559,38.16311133140397,0.9995149490452013,0.997746925391611,2.188805013895035,13.6,0.0,110.30492851061697,48.23279215570119,True,True,True,True,"Contact sheet reviewed: visible medium-hard object_identity_color_shift; loser remains readable, reward_margin=0.163, sharpness_ratio=0.998, mean_absdiff=2.19, local_absdiff=11.38.",,True,TRAINABLE
v11_SYN_0353_prefix5_anchored_95981b8f74bed0_background_drift_partial_freeze_foreground,TypeM_v11_synthetic_visible,synthetic_controlled,partial_freeze_foreground,prefix5_anchored_95981b8f74bed0_background_drift,containment,orbit_left_44,/home/nvme04/workspace/world_model_phys/PHYS/world_model_phys_stageA_v5_broad_lora_work/local_assets/dpo_prefix5_pairs_20260627_031729/clean_futures/04204_containment_orbit_left_44_seed43204/clean_future_5_80.mp4,local_assets/dpo_pair_factory_v11/synthetic_pairs/pairs/v11_SYN_0353_prefix5_anchored_95981b8f74bed0_background_drift_partial_freeze_foreground/loser_future.mp4,reports/dpo_pair_factory_v11/contact_sheets/v11_SYN_0353_prefix5_anchored_95981b8f74bed0_background_drift_partial_freeze_foreground.jpg,True,True,76,832,480,True,True,41.7849,23.3342,1103.9724,2,1,1.0,0.88,0.12,37.86155561513532,0.9963254868867631,1.0007947277592744,2.11175400018692,9.2,0.0,65.33219088040866,43.549557590981664,True,True,True,True,"Contact sheet reviewed: visible medium-hard partial_freeze_foreground; loser remains readable, reward_margin=0.120, sharpness_ratio=1.001, mean_absdiff=2.11, local_absdiff=7.48.",,True,TRAINABLE
v11_SYN_EXTRA_0121_prefix5_anchored_ede413792fce8b_nonrigid_background_warp_collision_response_failure_synthetic,TypeM_v11_synthetic_visible,synthetic_controlled,collision_response_failure_synthetic,prefix5_anchored_ede413792fce8b_nonrigid_background_warp,collision,orbit_right_64,/home/nvme04/workspace/world_model_phys/PHYS/world_model_phys_stageA_v5_broad_lora_work/local_assets/dpo_prefix5_pairs_20260627_031729/clean_futures/02200_collision_orbit_right_64_seed41200/clean_future_5_80.mp4,local_assets/dpo_pair_factory_v11/synthetic_pairs_extra/pairs/v11_SYN_EXTRA_0121_prefix5_anchored_ede413792fce8b_nonrigid_background_warp_collision_response_failure_synthetic/loser_future.mp4,reports/dpo_pair_factory_v11/contact_sheets/v11_SYN_EXTRA_0121_prefix5_anchored_ede413792fce8b_nonrigid_background_warp_collision_response_failure_synthetic.jpg,True,True,76,832,480,True,True,60.7188,31.6195,2382.7345,2,1,1.0,0.813401,0.186599,35.1926689905941,0.9944471421876504,0.9986918451377528,2.378999263048172,37.2,0.0,101.35450408153045,61.094823019426414,True,True,True,True,"Contact sheet reviewed: visible medium-hard collision_response_failure_synthetic; loser remains readable, reward_margin=0.187, sharpness_ratio=0.999, mean_absdiff=2.38, local_absdiff=13.06.",,True,TRAINABLE
v11_SYN_0594_03542_roll_orbit_right_60_seed42542_object_identity_color_shift,TypeM_v11_synthetic_visible,synthetic_controlled,object_identity_color_shift,03542_roll_orbit_right_60_seed42542,roll,orbit_right_60,local_assets/dpo_pair_factory_v10/recovered_conditions/03542_roll_orbit_right_60_seed42542/clean_future_5_80.mp4,local_assets/dpo_pair_factory_v11/synthetic_pairs/pairs/v11_SYN_0594_03542_roll_orbit_right_60_seed42542_object_identity_color_shift/loser_future.mp4,reports/dpo_pair_factory_v11/contact_sheets/v11_SYN_0594_03542_roll_orbit_right_60_seed42542_object_identity_color_shift.jpg,True,True,76,832,480,True,True,74.8641,41.7855,2001.5283,2,1,1.0,0.88,0.12,40.69390000959086,0.9995160243013108,0.9976564440352627,1.9036385118961334,9.2,0.0,103.3196545723157,42.29527358432465,True,True,True,True,"Contact sheet reviewed: visible medium-hard object_identity_color_shift; loser remains readable, reward_margin=0.120, sharpness_ratio=0.998, mean_absdiff=1.90, local_absdiff=4.72.",,True,TRAINABLE
v11_SYN_0359_prefix5_anchored_d744c2d6f264ba_object_deformation_partial_freeze_foreground,TypeM_v11_synthetic_visible,synthetic_controlled,partial_freeze_foreground,prefix5_anchored_d744c2d6f264ba_object_deformation,containment,orbit_left_44,/home/nvme04/workspace/world_model_phys/PHYS/world_model_phys_stageA_v5_broad_lora_work/local_assets/dpo_prefix5_pairs_20260627_031729/clean_futures/04204_containment_orbit_left_44_seed43204/clean_future_5_80.mp4,local_assets/dpo_pair_factory_v11/synthetic_pairs/pairs/v11_SYN_0359_prefix5_anchored_d744c2d6f264ba_object_deformation_partial_freeze_foreground/loser_future.mp4,reports/dpo_pair_factory_v11/contact_sheets/v11_SYN_0359_prefix5_anchored_d744c2d6f264ba_object_deformation_partial_freeze_foreground.jpg,True,True,76,832,480,True,True,41.7993,23.3254,1104.5471,2,1,1.0,0.88,0.12,39.49995427423349,0.9991432940382485,0.9986914561009905,2.0355729460716248,8.4,0.0,65.39006973657852,43.531009271444915,True,True,True,True,"Contact sheet reviewed: visible medium-hard partial_freeze_foreground; loser remains readable, reward_margin=0.120, sharpness_ratio=0.999, mean_absdiff=2.04, local_absdiff=4.86.",,True,TRAINABLE
v11_SYN_0187_prefix5_anchored_ff65f1ae3e7ca8_background_drift_collision_response_failure_synthetic,TypeM_v11_synthetic_visible,synthetic_controlled,collision_response_failure_synthetic,prefix5_anchored_ff65f1ae3e7ca8_background_drift,collision,orbit_right_64,/home/nvme04/workspace/world_model_phys/PHYS/world_model_phys_stageA_v5_broad_lora_work/local_assets/dpo_prefix5_pairs_20260627_031729/clean_futures/02200_collision_orbit_right_64_seed41200/clean_future_5_80.mp4,local_assets/dpo_pair_factory_v11/synthetic_pairs/pairs/v11_SYN_0187_prefix5_anchored_ff65f1ae3e7ca8_background_drift_collision_response_failure_synthetic/loser_future.mp4,reports/dpo_pair_factory_v11/contact_sheets/v11_SYN_0187_prefix5_anchored_ff65f1ae3e7ca8_background_drift_collision_response_failure_synthetic.jpg,True,True,76,832,480,True,True,60.8763,31.9552,2393.0168,2,1,1.0,0.88,0.12,40.007709311751725,0.9994766100468548,0.9900063309846674,2.045335203409195,6.4,0.0,101.651953125,61.34691776173307,True,True,True,True,"Contact sheet reviewed: visible medium-hard collision_response_failure_synthetic; loser remains readable, reward_margin=0.120, sharpness_ratio=0.990, mean_absdiff=2.05, local_absdiff=4.74.",,True,TRAINABLE
v11_SYN_0600_03544_roll_orbit_right_60_seed42544_object_identity_color_shift,TypeM_v11_synthetic_visible,synthetic_controlled,object_identity_color_shift,03544_roll_orbit_right_60_seed42544,roll,orbit_right_60,local_assets/dpo_pair_factory_v10/recovered_conditions/03544_roll_orbit_right_60_seed42544/clean_future_5_80.mp4,local_assets/dpo_pair_factory_v11/synthetic_pairs/pairs/v11_SYN_0600_03544_roll_orbit_right_60_seed42544_object_identity_color_shift/loser_future.mp4,reports/dpo_pair_factory_v11/contact_sheets/v11_SYN_0600_03544_roll_orbit_right_60_seed42544_object_identity_color_shift.jpg,True,True,76,832,480,True,True,70.2271,37.805,2078.5492,2,1,1.0,0.88,0.12,38.67335531573387,0.9994297236950302,0.9978370538493523,2.3976743519306183,13.2,0.0,100.68968161558493,46.756277981361194,True,True,True,True,"Contact sheet reviewed: visible medium-hard object_identity_color_shift; loser remains readable, reward_margin=0.120, sharpness_ratio=0.998, mean_absdiff=2.40, local_absdiff=7.14.",,True,TRAINABLE
v11_SYN_0365_prefix5_anchored_d86ae2fb1d25b2_freeze_foreground_partial_freeze_foreground,TypeM_v11_synthetic_visible,synthetic_controlled,partial_freeze_foreground,prefix5_anchored_d86ae2fb1d25b2_freeze_foreground,containment,orbit_left_44,/home/nvme04/workspace/world_model_phys/PHYS/world_model_phys_stageA_v5_broad_lora_work/local_assets/dpo_prefix5_pairs_20260627_031729/clean_futures/04204_containment_orbit_left_44_seed43204/clean_future_5_80.mp4,local_assets/dpo_pair_factory_v11/synthetic_pairs/pairs/v11_SYN_0365_prefix5_anchored_d86ae2fb1d25b2_freeze_foreground_partial_freeze_foreground/loser_future.mp4,reports/dpo_pair_factory_v11/contact_sheets/v11_SYN_0365_prefix5_anchored_d86ae2fb1d25b2_freeze_foreground_partial_freeze_foreground.jpg,True,True,76,832,480,True,True,41.8071,23.3241,1104.4878,2,1,1.0,0.88,0.12,38.75524272813024,0.9980016435979265,0.9959774311874857,2.0707775950431824,8.4,0.0,65.36257699819713,43.55151468536059,True,True,True,True,"Contact sheet reviewed: visible medium-hard partial_freeze_foreground; loser remains readable, reward_margin=0.120, sharpness_ratio=0.996, mean_absdiff=2.07, local_absdiff=5.03.",,True,TRAINABLE
v11_SYN_0193_v6_02200_collision_orbit_right_64_seed41200_collision_response_failure_synthetic,TypeM_v11_synthetic_visible,synthetic_controlled,collision_response_failure_synthetic,v6_02200_collision_orbit_right_64_seed41200,collision,orbit_right_64,/home/nvme04/workspace/world_model_phys/PHYS/world_model_phys_stageA_v5_broad_lora_work/local_assets/dpo_prefix5_pairs_20260627_031729/clean_futures/02200_collision_orbit_right_64_seed41200/clean_future_5_80.mp4,local_assets/dpo_pair_factory_v11/synthetic_pairs/pairs/v11_SYN_0193_v6_02200_collision_orbit_right_64_seed41200_collision_response_failure_synthetic/loser_future.mp4,reports/dpo_pair_factory_v11/contact_sheets/v11_SYN_0193_v6_02200_collision_orbit_right_64_seed41200_collision_response_failure_synthetic.jpg,True,True,76,832,480,True,True,60.8731,31.9523,2388.0584,2,1,1.0,0.88,0.12,39.52722808419432,0.999331742141423,0.9870066112941048,2.0570711195468903,10.0,0.0,101.65098532652245,61.34599848781521,True,True,True,True,"Contact sheet reviewed: visible medium-hard collision_response_failure_synthetic; loser remains readable, reward_margin=0.120, sharpness_ratio=0.987, mean_absdiff=2.06, local_absdiff=6.81.",,True,TRAINABLE
v11_SYN_0371_prefix5_anchored_dc458b2cf487d8_wrong_camera_motion_partial_freeze_foreground,TypeM_v11_synthetic_visible,synthetic_controlled,partial_freeze_foreground,prefix5_anchored_dc458b2cf487d8_wrong_camera_motion,containment,orbit_left_44,/home/nvme04/workspace/world_model_phys/PHYS/world_model_phys_stageA_v5_broad_lora_work/local_assets/dpo_prefix5_pairs_20260627_031729/clean_futures/04204_containment_orbit_left_44_seed43204/clean_future_5_80.mp4,local_assets/dpo_pair_factory_v11/synthetic_pairs/pairs/v11_SYN_0371_prefix5_anchored_dc458b2cf487d8_wrong_camera_motion_partial_freeze_foreground/loser_future.mp4,reports/dpo_pair_factory_v11/contact_sheets/v11_SYN_0371_prefix5_anchored_dc458b2cf487d8_wrong_camera_motion_partial_freeze_foreground.jpg,True,True,76,832,480,True,True,41.7807,23.3445,1105.8381,2,1,1.0,0.873803,0.126197,37.51790915600429,0.9959014913360211,1.0008159125453389,2.1032601594924927,16.0,0.0,65.3758288261218,43.61664477483778,True,True,True,True,"Contact sheet reviewed: visible medium-hard partial_freeze_foreground; loser remains readable, reward_margin=0.126, sharpness_ratio=1.001, mean_absdiff=2.10, local_absdiff=8.83.",,True,TRAINABLE
v11_SYN_EXTRA_0129_v6_02200_collision_orbit_right_64_seed41200_collision_response_failure_synthetic,TypeM_v11_synthetic_visible,synthetic_controlled,collision_response_failure_synthetic,v6_02200_collision_orbit_right_64_seed41200,collision,orbit_right_64,/home/nvme04/workspace/world_model_phys/PHYS/world_model_phys_stageA_v5_broad_lora_work/local_assets/dpo_prefix5_pairs_20260627_031729/clean_futures/02200_collision_orbit_right_64_seed41200/clean_future_5_80.mp4,local_assets/dpo_pair_factory_v11/synthetic_pairs_extra/pairs/v11_SYN_EXTRA_0129_v6_02200_collision_orbit_right_64_seed41200_collision_response_failure_synthetic/loser_future.mp4,reports/dpo_pair_factory_v11/contact_sheets/v11_SYN_EXTRA_0129_v6_02200_collision_orbit_right_64_seed41200_collision_response_failure_synthetic.jpg,True,True,76,832,480,True,True,60.8902,31.9488,2386.1679,2,1,1.0,0.88,0.12,39.96124857764916,0.9994596138891765,0.9916920784941424,2.038920134305954,7.2,0.0,101.66400115184295,61.34052216799212,True,True,True,True,"Contact sheet reviewed: visible medium-hard collision_response_failure_synthetic; loser remains readable, reward_margin=0.120, sharpness_ratio=0.992, mean_absdiff=2.04, local_absdiff=5.23.",,True,TRAINABLE
v11_SYN_0377_v6_04204_containment_orbit_left_44_seed43204_partial_freeze_foreground,TypeM_v11_synthetic_visible,synthetic_controlled,partial_freeze_foreground,v6_04204_containment_orbit_left_44_seed43204,containment,orbit_left_44,/home/nvme04/workspace/world_model_phys/PHYS/world_model_phys_stageA_v5_broad_lora_work/local_assets/dpo_prefix5_pairs_20260627_031729/clean_futures/04204_containment_orbit_left_44_seed43204/clean_future_5_80.mp4,local_assets/dpo_pair_factory_v11/synthetic_pairs/pairs/v11_SYN_0377_v6_04204_containment_orbit_left_44_seed43204_partial_freeze_foreground/loser_future.mp4,reports/dpo_pair_factory_v11/contact_sheets/v11_SYN_0377_v6_04204_containment_orbit_left_44_seed43204_partial_freeze_foreground.jpg,True,True,76,832,480,True,True,41.7895,23.3328,1104.8374,2,1,1.0,0.88,0.12,39.10384434476964,0.9992822232884014,0.9958129619871925,2.0653927326202393,9.6,0.0,65.35274439102565,43.55882949287604,True,True,True,True,"Contact sheet reviewed: visible medium-hard partial_freeze_foreground; loser remains readable, reward_margin=0.120, sharpness_ratio=0.996, mean_absdiff=2.07, local_absdiff=5.00.",,True,TRAINABLE
v11_SYN_0199_v6_02202_collision_orbit_right_64_seed41202_collision_response_failure_synthetic,TypeM_v11_synthetic_visible,synthetic_controlled,collision_response_failure_synthetic,v6_02202_collision_orbit_right_64_seed41202,collision,orbit_right_64,/home/nvme04/workspace/world_model_phys/PHYS/world_model_phys_stageA_v5_broad_lora_work/local_assets/dpo_prefix5_pairs_20260627_031729/clean_futures/02202_collision_orbit_right_64_seed41202/clean_future_5_80.mp4,local_assets/dpo_pair_factory_v11/synthetic_pairs/pairs/v11_SYN_0199_v6_02202_collision_orbit_right_64_seed41202_collision_response_failure_synthetic/loser_future.mp4,reports/dpo_pair_factory_v11/contact_sheets/v11_SYN_0199_v6_02202_collision_orbit_right_64_seed41202_collision_response_failure_synthetic.jpg,True,True,76,832,480,True,True,54.3424,25.0422,2049.5148,2,1,1.0,0.88,0.12,39.67797436209453,0.9985244031658492,0.9907625340546186,2.0765410661697388,7.6,0.0,77.97901767828525,41.73689220342673,True,True,True,True,"Contact sheet reviewed: visible medium-hard collision_response_failure_synthetic; loser remains readable, reward_margin=0.120, sharpness_ratio=0.991, mean_absdiff=2.08, local_absdiff=5.70.",,True,TRAINABLE
v11_SYN_0292_04302_containment_orbit_left_44_seed43302_local_scene_patch_drift,TypeM_v11_synthetic_visible,synthetic_controlled,local_scene_patch_drift,04302_containment_orbit_left_44_seed43302,containment,orbit_left_44,local_assets/dpo_pair_factory_v10/recovered_conditions/04302_containment_orbit_left_44_seed43302/clean_future_5_80.mp4,local_assets/dpo_pair_factory_v11/synthetic_pairs/pairs/v11_SYN_0292_04302_containment_orbit_left_44_seed43302_local_scene_patch_drift/loser_future.mp4,reports/dpo_pair_factory_v11/contact_sheets/v11_SYN_0292_04302_containment_orbit_left_44_seed43302_local_scene_patch_drift.jpg,True,True,76,832,480,True,True,60.6223,28.9233,2215.4075,2,1,1.0,0.88,0.12,39.15345607381643,0.9992616890895171,0.955127491917149,2.127377599477768,9.2,0.0,96.76358548677885,56.092039540059034,True,True,True,True,"Contact sheet reviewed: visible medium-hard local_scene_patch_drift; loser remains readable, reward_margin=0.120, sharpness_ratio=0.955, mean_absdiff=2.13, local_absdiff=5.06.",,True,TRAINABLE
v11_SYN_0479_v6b_GT_C_001_01014_drop_orbit_left_72_seed40014_partial_freeze_foreground,TypeM_v11_synthetic_visible,synthetic_controlled,partial_freeze_foreground,v6b_GT_C_001_01014_drop_orbit_left_72_seed40014,drop,orbit_left_72,/home/nvme04/workspace/world_model_phys/PHYS/world_model_phys_stageA_v5_broad_lora_work/local_assets/targeted_BC_loser_mining_v6b/conditions/01014_drop_orbit_left_72_seed40014/clean_future_5_80.mp4,local_assets/dpo_pair_factory_v11/synthetic_pairs/pairs/v11_SYN_0479_v6b_GT_C_001_01014_drop_orbit_left_72_seed40014_partial_freeze_foreground/loser_future.mp4,reports/dpo_pair_factory_v11/contact_sheets/v11_SYN_0479_v6b_GT_C_001_01014_drop_orbit_left_72_seed40014_partial_freeze_foreground.jpg,True,True,76,832,480,True,True,87.6634,61.1121,2715.0734,2,1,1.0,0.845525,0.154475,37.20442418520744,0.9969726645560768,0.9970525449790342,2.333373188972473,15.6,0.0,102.95853052383814,54.735763886927586,True,True,True,True,"Contact sheet reviewed: visible medium-hard partial_freeze_foreground; loser remains readable, reward_margin=0.154, sharpness_ratio=0.997, mean_absdiff=2.33, local_absdiff=10.81.",,True,TRAINABLE
v11_SYN_EXTRA_0133_v6_02202_collision_orbit_right_64_seed41202_collision_response_failure_synthetic,TypeM_v11_synthetic_visible,synthetic_controlled,collision_response_failure_synthetic,v6_02202_collision_orbit_right_64_seed41202,collision,orbit_right_64,/home/nvme04/workspace/world_model_phys/PHYS/world_model_phys_stageA_v5_broad_lora_work/local_assets/dpo_prefix5_pairs_20260627_031729/clean_futures/02202_collision_orbit_right_64_seed41202/clean_future_5_80.mp4,local_assets/dpo_pair_factory_v11/synthetic_pairs_extra/pairs/v11_SYN_EXTRA_0133_v6_02202_collision_orbit_right_64_seed41202_collision_response_failure_synthetic/loser_future.mp4,reports/dpo_pair_factory_v11/contact_sheets/v11_SYN_EXTRA_0133_v6_02202_collision_orbit_right_64_seed41202_collision_response_failure_synthetic.jpg,True,True,76,832,480,True,True,54.318,25.0727,2048.3173,2,1,1.0,0.88,0.12,39.94920083878525,0.9982595431191507,0.9845326537385278,2.122530847787857,8.0,0.0,77.95768041366186,41.75581239595718,True,True,True,True,"Contact sheet reviewed: visible medium-hard collision_response_failure_synthetic; loser remains readable, reward_margin=0.120, sharpness_ratio=0.985, mean_absdiff=2.12, local_absdiff=4.61.",,True,TRAINABLE
v11_SYN_0246_04236_containment_orbit_left_44_seed43236_object_identity_color_shift,TypeM_v11_synthetic_visible,synthetic_controlled,object_identity_color_shift,04236_containment_orbit_left_44_seed43236,containment,orbit_left_44,local_assets/dpo_pair_factory_v10/recovered_conditions/04236_containment_orbit_left_44_seed43236/clean_future_5_80.mp4,local_assets/dpo_pair_factory_v11/synthetic_pairs/pairs/v11_SYN_0246_04236_containment_orbit_left_44_seed43236_object_identity_color_shift/loser_future.mp4,reports/dpo_pair_factory_v11/contact_sheets/v11_SYN_0246_04236_containment_orbit_left_44_seed43236_object_identity_color_shift.jpg,True,True,76,832,480,True,True,41.7249,41.193,1408.1738,2,1,1.0,0.875723,0.124277,36.59856590622031,0.9983269864883761,0.9439060703449392,2.2216686606407166,12.8,0.0,82.97657126402244,72.58195983016569,True,True,True,True,"Contact sheet reviewed: visible medium-hard object_identity_color_shift; loser remains readable, reward_margin=0.124, sharpness_ratio=0.944, mean_absdiff=2.22, local_absdiff=8.70.",,True,TRAINABLE
v11_SYN_0205_v6_02222_collision_orbit_right_64_seed41222_collision_response_failure_synthetic,TypeM_v11_synthetic_visible,synthetic_controlled,collision_response_failure_synthetic,v6_02222_collision_orbit_right_64_seed41222,collision,orbit_right_64,/home/nvme04/workspace/world_model_phys/PHYS/world_model_phys_stageA_v5_broad_lora_work/local_assets/dpo_prefix5_pairs_20260627_031729/clean_futures/02222_collision_orbit_right_64_seed41222/clean_future_5_80.mp4,local_assets/dpo_pair_factory_v11/synthetic_pairs/pairs/v11_SYN_0205_v6_02222_collision_orbit_right_64_seed41222_collision_response_failure_synthetic/loser_future.mp4,reports/dpo_pair_factory_v11/contact_sheets/v11_SYN_0205_v6_02222_collision_orbit_right_64_seed41222_collision_response_failure_synthetic.jpg,True,True,76,832,480,True,True,73.1292,45.6594,2079.8405,2,1,1.0,0.88,0.12,38.746000688923665,0.9971258368837008,0.9933449202483164,2.1061659157276154,6.8,0.0,110.22333984375,55.9450382440463,True,True,True,True,"Contact sheet reviewed: visible medium-hard collision_response_failure_synthetic; loser remains readable, reward_margin=0.120, sharpness_ratio=0.993, mean_absdiff=2.11, local_absdiff=5.62.",,True,TRAINABLE
v11_SYN_0298_04339_containment_orbit_left_44_seed43339_local_scene_patch_drift,TypeM_v11_synthetic_visible,synthetic_controlled,local_scene_patch_drift,04339_containment_orbit_left_44_seed43339,containment,orbit_left_44,local_assets/dpo_pair_factory_v10/recovered_conditions/04339_containment_orbit_left_44_seed43339/clean_future_5_80.mp4,local_assets/dpo_pair_factory_v11/synthetic_pairs/pairs/v11_SYN_0298_04339_containment_orbit_left_44_seed43339_local_scene_patch_drift/loser_future.mp4,reports/dpo_pair_factory_v11/contact_sheets/v11_SYN_0298_04339_containment_orbit_left_44_seed43339_local_scene_patch_drift.jpg,True,True,76,832,480,True,True,44.6348,27.7381,1203.4784,2,1,1.0,0.88,0.12,39.6370190140116,0.999482670302456,0.9912385993580201,1.9566342234611511,8.4,0.0,72.078512494992,54.15055955118476,True,True,True,True,"Contact sheet reviewed: visible medium-hard local_scene_patch_drift; loser remains readable, reward_margin=0.120, sharpness_ratio=0.991, mean_absdiff=1.96, local_absdiff=4.27.",,True,TRAINABLE
v11_SYN_EXTRA_0137_v6_02222_collision_orbit_right_64_seed41222_collision_response_failure_synthetic,TypeM_v11_synthetic_visible,synthetic_controlled,collision_response_failure_synthetic,v6_02222_collision_orbit_right_64_seed41222,collision,orbit_right_64,/home/nvme04/workspace/world_model_phys/PHYS/world_model_phys_stageA_v5_broad_lora_work/local_assets/dpo_prefix5_pairs_20260627_031729/clean_futures/02222_collision_orbit_right_64_seed41222/clean_future_5_80.mp4,local_assets/dpo_pair_factory_v11/synthetic_pairs_extra/pairs/v11_SYN_EXTRA_0137_v6_02222_collision_orbit_right_64_seed41222_collision_response_failure_synthetic/loser_future.mp4,reports/dpo_pair_factory_v11/contact_sheets/v11_SYN_EXTRA_0137_v6_02222_collision_orbit_right_64_seed41222_collision_response_failure_synthetic.jpg,True,True,76,832,480,True,True,73.5136,46.0714,2079.8744,2,1,1.0,0.811269,0.188731,35.49538895723394,0.9936930901055981,0.9942146971170803,2.4133636355400085,30.8,0.0,110.72250726161859,55.95296244689216,True,True,True,True,"Contact sheet reviewed: visible medium-hard collision_response_failure_synthetic; loser remains readable, reward_margin=0.189, sharpness_ratio=0.994, mean_absdiff=2.41, local_absdiff=13.21.",,True,TRAINABLE
v11_SYN_EXTRA_0141_v6_02226_collision_orbit_right_64_seed41226_collision_response_failure_synthetic,TypeM_v11_synthetic_visible,synthetic_controlled,collision_response_failure_synthetic,v6_02226_collision_orbit_right_64_seed41226,collision,orbit_right_64,/home/nvme04/workspace/world_model_phys/PHYS/world_model_phys_stageA_v5_broad_lora_work/local_assets/dpo_prefix5_pairs_20260627_031729/clean_futures/02226_collision_orbit_right_64_seed41226/clean_future_5_80.mp4,local_assets/dpo_pair_factory_v11/synthetic_pairs_extra/pairs/v11_SYN_EXTRA_0141_v6_02226_collision_orbit_right_64_seed41226_collision_response_failure_synthetic/loser_future.mp4,reports/dpo_pair_factory_v11/contact_sheets/v11_SYN_EXTRA_0141_v6_02226_collision_orbit_right_64_seed41226_collision_response_failure_synthetic.jpg,True,True,76,832,480,True,True,63.3445,35.7377,2216.7157,2,1,1.0,0.88,0.12,40.108538390218825,0.9993518189029216,0.9829006842019512,2.0611453354358673,6.8,0.0,101.84407364282852,57.57612958960004,True,True,True,True,"Contact sheet reviewed: visible medium-hard collision_response_failure_synthetic; loser remains readable, reward_margin=0.120, sharpness_ratio=0.983, mean_absdiff=2.06, local_absdiff=4.20.",,True,TRAINABLE
v11_SYN_0264_04252_containment_orbit_left_44_seed43252_object_identity_color_shift,TypeM_v11_synthetic_visible,synthetic_controlled,object_identity_color_shift,04252_containment_orbit_left_44_seed43252,containment,orbit_left_44,local_assets/dpo_pair_factory_v10/recovered_conditions/04252_containment_orbit_left_44_seed43252/clean_future_5_80.mp4,local_assets/dpo_pair_factory_v11/synthetic_pairs/pairs/v11_SYN_0264_04252_containment_orbit_left_44_seed43252_object_identity_color_shift/loser_future.mp4,reports/dpo_pair_factory_v11/contact_sheets/v11_SYN_0264_04252_containment_orbit_left_44_seed43252_object_identity_color_shift.jpg,True,True,76,832,480,True,True,47.4223,24.2156,1160.6355,2,1,1.0,0.88,0.12,39.41863154481925,0.9991191210961935,0.9985431671881885,2.1063491106033325,13.2,0.0,73.9285168770032,43.768586701064606,True,True,True,True,"Contact sheet reviewed: visible medium-hard object_identity_color_shift; loser remains readable, reward_margin=0.120, sharpness_ratio=0.999, mean_absdiff=2.11, local_absdiff=6.89.",,True,TRAINABLE
v11_SYN_0004_02200_collision_orbit_right_64_seed41200_local_scene_patch_drift,TypeM_v11_synthetic_visible,synthetic_controlled,local_scene_patch_drift,8df0c0d38a6c90fc524ddfb801df17e5445f60895b3a537f935e42e5806ab13c,collision,orbit_right_64,local_assets/dpo_prefix5_pairs_20260627_031729/clean_futures/02200_collision_orbit_right_64_seed41200/clean_future_5_80.mp4,local_assets/dpo_pair_factory_v11/synthetic_pairs/pairs/v11_SYN_0004_02200_collision_orbit_right_64_seed41200_local_scene_patch_drift/loser_future.mp4,reports/dpo_pair_factory_v11/contact_sheets/v11_SYN_0004_02200_collision_orbit_right_64_seed41200_local_scene_patch_drift.jpg,True,True,76,832,480,True,True,60.1646,31.6675,2327.8147,2,1,1.0,0.88,0.12,40.332375649632056,0.9995551243479435,0.9877544580916195,2.015507072210312,5.6,0.0,101.65291215945514,61.34769527212278,True,True,True,True,"Contact sheet reviewed: visible medium-hard local_scene_patch_drift; loser remains readable, reward_margin=0.120, sharpness_ratio=0.988, mean_absdiff=2.02, local_absdiff=4.28.",,True,TRAINABLE
