step,pair_id,scope,objective,used_window_frames,timestep,actual_sigma,actual_sigma_bin,pair_weight,win_gap,lose_gap,g_w,g_l,g_l_clip,loser_dominance,health_flags,E_ref_winner_cached,E_ref_loser_cached,Delta_ref,E_policy_winner_pre,E_policy_loser_pre,Delta_policy_pre,E_policy_winner_post,E_policy_loser_post,Delta_policy_post,winner_improvement_pre,winner_improvement_post,loser_degradation_pre,loser_degradation_post,reference_relative_margin_pre,reference_relative_margin_post,winner_contribution_ratio_pre,winner_contribution_ratio_post,u_raw_pre,u_raw_post,u_clipped,lambda_loser,lambda_winner_anchor,lambda_pref,dpo_loss,objective_loss,grad_norm,update_norm,lora_param_norm,lr,allocated_gb,reserved_gb,max_allocated_gb,step_time,finite,status,error_reason,winner_contribution_ratio
0,v6b_GT_C_007_04228_containment_orbit_left_44_seed43228,L0_camera_r4,linear_winner_detached,49,349.5545349121094,0.34955453872680664,mid,1.0,-7.337331771850586e-05,-0.00010466575622558594,-9.374564500058314e-05,-0.0001281085365962126,-0.0001281085365962126,0.0,WINNER_IMPROVES,0.782721757888794,0.8170607686042786,0.03433901071548462,0.7824082374572754,0.8171964883804321,0.03478825092315674,0.7826483845710754,0.816956102848053,0.03430771827697754,0.0003135204315185547,7.337331771850586e-05,0.00013571977615356445,-0.00010466575622558594,0.00044924020767211914,-3.129243850708008e-05,0.6978904073238689,1.0,0.00044924020767211914,-3.129243850708008e-05,-3.129243850708008e-05,0.0,1.0,0.005,-4.929304122924805e-05,0.7825280427932739,0.2632836010436174,0.002473711671613663,14.611001970620169,1e-06,34.967875480651855,56.896484375,56.52164268493652,95.65690422058105,True,PASS,,0.9998933397557029
1,v10_TypeM_071_01038_drop_orbit_left_72_seed40038_foreground_identity_color_shift,L0_camera_r4,linear_winner_detached,49,349.5545349121094,0.34955453872680664,mid,1.0,1.1324882507324219e-06,-0.00011551380157470703,1.5388977046606706e-06,-0.00015566026077819226,-0.00015566026077819226,0.0,WINNER_WORSE,0.7359081506729126,0.7421469688415527,0.006238818168640137,0.7359259128570557,0.7421973943710327,0.006271481513977051,0.7359092831611633,0.742031455039978,0.006122171878814697,-1.7762184143066406e-05,-1.1324882507324219e-06,5.042552947998047e-05,-0.00011551380157470703,3.266334533691406e-05,-0.00011664628982543945,0.0,0.0,3.266334533691406e-05,-0.00011664628982543945,-0.00011664628982543945,0.0,1.0,0.005,4.565715789794922e-05,0.7359338998794556,0.29202578241507027,0.0023390276449607936,14.61102589509776,1e-06,34.96790599822998,56.896484375,56.570502281188965,94.98444652557373,True,PASS,,0.0
2,v10_TypeM_067_01014_drop_orbit_left_72_seed40014_foreground_identity_color_shift,L0_camera_r4,linear_winner_detached,49,349.5545349121094,0.34955453872680664,mid,1.0,-0.00028455257415771484,-2.5987625122070312e-05,-0.0003923343098749314,-3.55573876737795e-05,-3.55573876737795e-05,0.0,WINNER_IMPROVES,0.7254231572151184,0.7308772802352905,0.005454123020172119,0.7252258658409119,0.730829656124115,0.005603790283203125,0.7251386046409607,0.7308512926101685,0.005712687969207764,0.00019729137420654297,0.00028455257415771484,-4.762411117553711e-05,-2.5987625122070312e-05,0.00014966726303100586,0.00025856494903564453,1.0,1.0,0.00014966726303100586,0.00025856494903564453,0.00025856494903564453,0.0,1.0,0.005,-0.00024390220642089844,0.7249574661254883,0.2948493141225512,0.0023245758290031337,14.611050144078462,1e-06,34.96790599822998,56.896484375,56.570502281188965,94.58453416824341,True,PASS,,0.9999745121829263
3,v10_TypeM_039_04214_containment_orbit_left_44_seed43214_foreground_identity_color_shift,L0_camera_r4,linear_winner_detached,49,349.5545349121094,0.34955453872680664,mid,1.0,-6.389617919921875e-05,-9.143352508544922e-05,-8.115960627079938e-05,-0.00011706099832827134,-0.00011706099832827134,0.0,WINNER_IMPROVES,0.7873223423957825,0.7811216115951538,-0.006200730800628662,0.7872854471206665,0.7810751795768738,-0.006210267543792725,0.7872584462165833,0.7810301780700684,-0.006228268146514893,3.68952751159668e-05,6.389617919921875e-05,-4.64320182800293e-05,-9.143352508544922e-05,-9.5367431640625e-06,-2.753734588623047e-05,1.0,1.0,-9.5367431640625e-06,-2.753734588623047e-05,-2.753734588623047e-05,0.0,1.0,0.005,-6.139278411865234e-05,0.7871267795562744,0.25101742861009485,0.0022900841468679193,14.611074622582468,1e-06,34.967875480651855,56.916015625,56.570502281188965,92.52390933036804,True,PASS,,0.9998768011764572
4,v6b_GT_C_007_04228_containment_orbit_left_44_seed43228,L0_camera_r4,linear_winner_detached,49,349.5545349121094,0.34955453872680664,mid,1.0,-0.00014293193817138672,-1.0669231414794922e-05,-0.00018262554581279956,-1.3058148615746887e-05,-1.3058148615746887e-05,0.0,WINNER_IMPROVES,0.782721757888794,0.8170607686042786,0.03433901071548462,0.782537043094635,0.8171789646148682,0.034641921520233154,0.7825788259506226,0.8170500993728638,0.03447127342224121,0.00018471479415893555,0.00014293193817138672,0.00011819601058959961,-1.0669231414794922e-05,0.00030291080474853516,0.0001322627067565918,0.6097992916174735,1.0,0.00030291080474853516,0.0001322627067565918,0.0001322627067565918,0.0,1.0,0.005,-0.00020056962966918945,0.78240567445755,0.2688837047290764,0.0023026838712431,14.611099582236985,1e-06,34.967875480651855,56.896484375,56.570502281188965,93.27269887924194,True,PASS,,0.9999452461460583
5,v10_TypeM_071_01038_drop_orbit_left_72_seed40038_foreground_identity_color_shift,L0_camera_r4,linear_winner_detached,49,349.5545349121094,0.34955453872680664,mid,1.0,6.747245788574219e-05,1.722574234008789e-05,9.168177300017451e-05,2.321041912667606e-05,2.321041912667606e-05,0.9995693445520751,WINNER_WORSE;LOSER_DEGRADES;LOSER_DOMINANT;CONFLICT,0.7359081506729126,0.7421469688415527,0.006238818168640137,0.7359455823898315,0.7421150207519531,0.006169438362121582,0.7359756231307983,0.7421641945838928,0.006188571453094482,-3.743171691894531e-05,-6.747245788574219e-05,-3.1948089599609375e-05,1.722574234008789e-05,-6.937980651855469e-05,-5.02467155456543e-05,0.0,0.0,-6.937980651855469e-05,-5.02467155456543e-05,-5.02467155456543e-05,0.0,1.0,0.005,0.00010091066360473633,0.7360863089561462,0.29810617870976264,0.002313268677238448,14.611125036869389,1e-06,34.96790599822998,56.916015625,56.570502281188965,93.14040541648865,True,PASS,,0.0
6,v10_TypeM_067_01014_drop_orbit_left_72_seed40014_foreground_identity_color_shift,L0_camera_r4,linear_winner_detached,49,349.5545349121094,0.34955453872680664,mid,1.0,-0.00016069412231445312,-5.352497100830078e-05,-0.00022154230869423478,-7.323654974569663e-05,-7.323654974569663e-05,0.0,WINNER_IMPROVES,0.7254231572151184,0.7308772802352905,0.005454123020172119,0.7253555655479431,0.7307736873626709,0.005418121814727783,0.725262463092804,0.7308237552642822,0.0055612921714782715,6.759166717529297e-05,0.00016069412231445312,-0.0001035928726196289,-5.352497100830078e-05,-3.600120544433594e-05,0.00010716915130615234,1.0,1.0,-3.600120544433594e-05,0.00010716915130615234,0.00010716915130615234,0.0,1.0,0.005,-0.0003459453582763672,0.7247672080993652,0.30031441984645174,0.002321380128166575,14.611150922560462,1e-06,34.96790599822998,56.896484375,56.570502281188965,93.22180151939392,True,PASS,,0.9999548639323195
7,v10_TypeM_039_04214_containment_orbit_left_44_seed43214_foreground_identity_color_shift,L0_camera_r4,linear_winner_detached,49,349.5545349121094,0.34955453872680664,mid,1.0,-5.167722702026367e-05,-3.141164779663086e-05,-6.563883636490971e-05,-4.021432582531262e-05,-4.021432582531262e-05,0.0,WINNER_IMPROVES,0.7873223423957825,0.7811216115951538,-0.006200730800628662,0.7872571349143982,0.781051754951477,-0.006205379962921143,0.7872706651687622,0.7810901999473572,-0.006180465221405029,6.520748138427734e-05,5.167722702026367e-05,-6.985664367675781e-05,-3.141164779663086e-05,-4.649162292480469e-06,2.0265579223632812e-05,1.0,1.0,-4.649162292480469e-06,2.0265579223632812e-05,2.0265579223632812e-05,0.0,1.0,0.005,7.957220077514648e-05,0.7873446345329285,0.25628345691588333,0.0023137189580267415,14.611177067307157,1e-06,34.967875480651855,56.916015625,56.570502281188965,94.73903346061707,True,PASS,,0.9998476743754541
8,v6b_GT_C_007_04228_containment_orbit_left_44_seed43228,L0_camera_r4,linear_winner_detached,49,349.5545349121094,0.34955453872680664,mid,1.0,-0.0002638101577758789,-2.3066997528076172e-05,-0.00033709887236055996,-2.8232077402676577e-05,-2.8232077402676577e-05,0.0,WINNER_IMPROVES,0.782721757888794,0.8170607686042786,0.03433901071548462,0.7825520634651184,0.8170650005340576,0.03451293706893921,0.7824579477310181,0.8170377016067505,0.03457975387573242,0.0001696944236755371,0.0002638101577758789,4.231929779052734e-06,-2.3066997528076172e-05,0.00017392635345458984,0.00024074316024780273,0.9756682659355723,1.0,0.00017392635345458984,0.00024074316024780273,0.00024074316024780273,0.0,1.0,0.005,-0.00012421607971191406,0.7824385762214661,0.274428999052623,0.0023275377225269013,14.611203821819535,1e-06,34.967875480651855,56.896484375,56.570502281188965,92.92667078971863,True,PASS,,0.9999703359928501
9,v10_TypeM_071_01038_drop_orbit_left_72_seed40038_foreground_identity_color_shift,L0_camera_r4,linear_winner_detached,49,349.5545349121094,0.34955453872680664,mid,1.0,6.079673767089844e-05,-6.633996963500977e-05,8.26111595303478e-05,-8.939325597698556e-05,-8.939325597698556e-05,0.0,WINNER_WORSE,0.7359081506729126,0.7421469688415527,0.006238818168640137,0.7359077334403992,0.7420181035995483,0.00611037015914917,0.7359689474105835,0.7420806288719177,0.0061116814613342285,4.172325134277344e-07,-6.079673767089844e-05,-0.00012886524200439453,-6.633996963500977e-05,-0.0001284480094909668,-0.0001271367073059082,1.0,0.0,-0.0001284480094909668,-0.0001271367073059082,-0.0001271367073059082,0.0,1.0,0.005,0.00016480684280395508,0.7361177802085876,0.30422376130384843,0.002341700246837305,14.611231030322834,1e-06,34.96790599822998,56.916015625,56.570502281188965,94.15282273292542,True,PASS,,0.0
10,v10_TypeM_067_01014_drop_orbit_left_72_seed40014_foreground_identity_color_shift,L0_camera_r4,linear_winner_detached,49,349.5545349121094,0.34955453872680664,mid,1.0,-0.0003020167350769043,-3.612041473388672e-05,-0.0004164184930538118,-4.942184932091886e-05,-4.942184932091886e-05,0.0,WINNER_IMPROVES,0.7254231572151184,0.7308772802352905,0.005454123020172119,0.7251713871955872,0.7307940125465393,0.0056226253509521484,0.7251211404800415,0.7308411598205566,0.005720019340515137,0.00025177001953125,0.0003020167350769043,-8.32676887512207e-05,-3.612041473388672e-05,0.0001685023307800293,0.0002658963203430176,1.0,1.0,0.0001685023307800293,0.0002658963203430176,0.0002658963203430176,0.0,1.0,0.005,-0.0001671314239501953,0.7251088619232178,0.3065418686103471,0.0023526632871497272,14.611258811976867,1e-06,34.96790599822998,56.896484375,56.570502281188965,93.068687915802,True,PASS,,0.9999759862733535
11,v10_TypeM_039_04214_containment_orbit_left_44_seed43214_foreground_identity_color_shift,L0_camera_r4,linear_winner_detached,49,349.5545349121094,0.34955453872680664,mid,1.0,-0.0001252293586730957,-0.0002372264862060547,-0.00015906993961154291,-0.0003037459337454915,-0.0003037459337454915,0.0,WINNER_IMPROVES,0.7873223423957825,0.7811216115951538,-0.006200730800628662,0.7871946692466736,0.7809605598449707,-0.006234109401702881,0.7871971130371094,0.7808843851089478,-0.006312727928161621,0.00012767314910888672,0.0001252293586730957,-0.00016105175018310547,-0.0002372264862060547,-3.337860107421875e-05,-0.00011199712753295898,1.0,1.0,-3.337860107421875e-05,-0.00011199712753295898,-0.00011199712753295898,0.0,1.0,0.005,-0.00012344121932983398,0.7870341539382935,0.26142305544642347,0.0023500604519454973,14.611287031773637,1e-06,34.967875480651855,56.916015625,56.570502281188965,94.13867712020874,True,PASS,,0.9999371385227803
12,v6b_GT_C_007_04228_containment_orbit_left_44_seed43228,L0_camera_r4,linear_winner_detached,49,349.5545349121094,0.34955453872680664,mid,1.0,-0.00014907121658325195,-0.00010907649993896484,-0.00019047050942681444,-0.00013350754830665653,-0.00013350754830665653,0.0,WINNER_IMPROVES,0.782721757888794,0.8170607686042786,0.03433901071548462,0.7825598120689392,0.8169875741004944,0.034427762031555176,0.7825726866722107,0.8169516921043396,0.034379005432128906,0.00016194581985473633,0.00014907121658325195,-7.319450378417969e-05,-0.00010907649993896484,8.875131607055664e-05,3.999471664428711e-05,1.0,1.0,8.875131607055664e-05,3.999471664428711e-05,3.999471664428711e-05,0.0,1.0,0.005,-0.0002532005310058594,0.7822344303131104,0.28011620942909954,0.002365787093770283,14.611315715577842,1e-06,34.967875480651855,56.896484375,56.570502281188965,93.63982343673706,True,PASS,,0.9999475011903838
13,v10_TypeM_071_01038_drop_orbit_left_72_seed40038_foreground_identity_color_shift,L0_camera_r4,linear_winner_detached,49,349.5545349121094,0.34955453872680664,mid,1.0,-3.3795833587646484e-05,-0.00020676851272583008,-4.592503716785719e-05,-0.000278647394267028,-0.000278647394267028,0.0,WINNER_IMPROVES,0.7359081506729126,0.7421469688415527,0.006238818168640137,0.7358525395393372,0.7419160008430481,0.0060634613037109375,0.735874354839325,0.7419402003288269,0.006065845489501953,5.561113357543945e-05,3.3795833587646484e-05,-0.00023096799850463867,-0.00020676851272583008,-0.00017535686492919922,-0.0001729726791381836,1.0,1.0,-0.00017535686492919922,-0.0001729726791381836,-0.0001729726791381836,0.0,1.0,0.005,0.00041294097900390625,0.7364056706428528,0.3107245589668512,0.002382233255845758,14.611345015280886,1e-06,34.96790599822998,56.916015625,56.570502281188965,92.95051884651184,True,PASS,,0.9997823012537584
14,v10_TypeM_067_01014_drop_orbit_left_72_seed40014_foreground_identity_color_shift,L0_camera_r4,linear_winner_detached,49,349.5545349121094,0.34955453872680664,mid,1.0,-0.0002841949462890625,-0.00023108720779418945,-0.00039184112447117396,-0.00031622784140684457,-0.00031622784140684457,0.0,WINNER_IMPROVES,0.7254231572151184,0.7308772802352905,0.005454123020172119,0.7250587940216064,0.7307676076889038,0.005708813667297363,0.7251389622688293,0.7306461930274963,0.005507230758666992,0.0003643631935119629,0.0002841949462890625,-0.00010967254638671875,-0.00023108720779418945,0.00025469064712524414,5.310773849487305e-05,1.0,1.0,0.00025469064712524414,5.310773849487305e-05,5.310773849487305e-05,0.0,1.0,0.005,-0.0002455711364746094,0.7248212695121765,0.31292265770659616,0.002395273308770822,14.611374892673675,1e-06,34.96790599822998,56.896484375,56.570502281188965,94.97212791442871,True,PASS,,0.999974480103857
15,v10_TypeM_039_04214_containment_orbit_left_44_seed43214_foreground_identity_color_shift,L0_camera_r4,linear_winner_detached,49,349.5545349121094,0.34955453872680664,mid,1.0,-0.00012177228927612305,-0.00017446279525756836,-0.00015467833082030753,-0.0002233740257440624,-0.0002233740257440624,0.0,WINNER_IMPROVES,0.7873223423957825,0.7811216115951538,-0.006200730800628662,0.7871816754341125,0.7808723449707031,-0.006309330463409424,0.7872005701065063,0.7809471487998962,-0.006253421306610107,0.00014066696166992188,0.00012177228927612305,-0.0002492666244506836,-0.00017446279525756836,-0.00010859966278076172,-5.269050598144531e-05,1.0,1.0,-0.00010859966278076172,-5.269050598144531e-05,-5.269050598144531e-05,0.0,1.0,0.005,3.93986701965332e-05,0.7871587872505188,0.26697355547107493,0.0023948204525179573,14.611405170932526,1e-06,34.967875480651855,56.916015625,56.570502281188965,93.26544070243835,True,PASS,,0.9999353538825653
16,v6b_GT_C_007_04228_containment_orbit_left_44_seed43228,L0_camera_r4,linear_winner_detached,49,349.5545349121094,0.34955453872680664,mid,1.0,-0.0003675222396850586,-0.00011593103408813477,-0.0004696541807062692,-0.00014189796219257089,-0.00014189796219257089,0.0,WINNER_IMPROVES,0.782721757888794,0.8170607686042786,0.03433901071548462,0.7824633121490479,0.81703120470047,0.03456789255142212,0.7823542356491089,0.8169448375701904,0.03459060192108154,0.00025844573974609375,0.0003675222396850586,-2.956390380859375e-05,-0.00011593103408813477,0.0002288818359375,0.00025159120559692383,1.0,1.0,0.0002288818359375,0.00025159120559692383,0.00025159120559692383,0.0,1.0,0.005,-0.0002148747444152832,0.7822316288948059,0.2859366715838085,0.002412616716948603,14.611436051460371,1e-06,34.967875480651855,56.896484375,56.570502281188965,94.41126251220703,True,PASS,,0.9999787081910634
17,v10_TypeM_071_01038_drop_orbit_left_72_seed40038_foreground_identity_color_shift,L0_camera_r4,linear_winner_detached,49,349.5545349121094,0.34955453872680664,mid,1.0,-0.00014132261276245117,-0.00023663043975830078,-0.00019205682412011036,-0.00031889663211757903,-0.00031889663211757903,0.0,WINNER_IMPROVES,0.7359081506729126,0.7421469688415527,0.006238818168640137,0.7358580231666565,0.7418640851974487,0.006006062030792236,0.7357668280601501,0.7419103384017944,0.006143510341644287,5.0127506256103516e-05,0.00014132261276245117,-0.0002828836441040039,-0.00023663043975830078,-0.0002327561378479004,-9.530782699584961e-05,1.0,1.0,-0.0002327561378479004,-9.530782699584961e-05,-9.530782699584961e-05,0.0,1.0,0.005,0.00030732154846191406,0.7361366152763367,0.31709685430609696,0.002430612939984921,14.611467629447505,1e-06,34.96790599822998,56.916015625,56.570502281188965,92.73744630813599,True,PASS,,0.9999479347875626
18,v10_TypeM_067_01014_drop_orbit_left_72_seed40014_foreground_identity_color_shift,L0_camera_r4,linear_winner_detached,49,349.5545349121094,0.34955453872680664,mid,1.0,-0.00048172473907470703,-0.00017762184143066406,-0.0006642809036707881,-0.00024305506631922127,-0.00024305506631922127,0.0,WINNER_IMPROVES,0.7254231572151184,0.7308772802352905,0.005454123020172119,0.7250655293464661,0.7306499481201172,0.005584418773651123,0.7249414324760437,0.7306996583938599,0.005758225917816162,0.00035762786865234375,0.00048172473907470703,-0.00022733211517333984,-0.00017762184143066406,0.0001302957534790039,0.00030410289764404297,1.0,1.0,0.0001302957534790039,0.00030410289764404297,0.00030410289764404297,0.0,1.0,0.005,-0.0001760721206665039,0.7249311208724976,0.319902379319284,0.0024443928716346864,14.611499766886105,1e-06,34.96790599822998,56.896484375,56.570502281188965,92.823312997818,True,PASS,,0.9999849463541578
19,v10_TypeM_039_04214_containment_orbit_left_44_seed43214_foreground_identity_color_shift,L0_camera_r4,linear_winner_detached,49,349.5545349121094,0.34955453872680664,mid,1.0,-0.00029730796813964844,-0.00035178661346435547,-0.0003776904287755185,-0.0004504623134105852,-0.0004504623134105852,0.0,WINNER_IMPROVES,0.7873223423957825,0.7811216115951538,-0.006200730800628662,0.7870641946792603,0.7808382511138916,-0.006225943565368652,0.7870250344276428,0.7807698249816895,-0.006255209445953369,0.0002581477165222168,0.00029730796813964844,-0.00028336048126220703,-0.00035178661346435547,-2.5212764739990234e-05,-5.447864532470703e-05,1.0,1.0,-2.5212764739990234e-05,-5.447864532470703e-05,-5.447864532470703e-05,0.0,1.0,0.005,-5.6803226470947266e-05,0.7868842482566833,0.2725885761027489,0.0024450730221415827,14.611532342111342,1e-06,34.967875480651855,56.916015625,56.570502281188965,93.4994249343872,True,PASS,,0.9999735239908718
20,v6b_GT_C_007_04228_containment_orbit_left_44_seed43228,L0_camera_r4,linear_winner_detached,49,349.5545349121094,0.34955453872680664,mid,1.0,-0.0003578066825866699,-0.00018715858459472656,-0.00045723589726594634,-0.0002290894733239116,-0.0002290894733239116,0.0,WINNER_IMPROVES,0.782721757888794,0.8170607686042786,0.03433901071548462,0.7824445962905884,0.8168990015983582,0.034454405307769775,0.7823639512062073,0.8168736100196838,0.03450965881347656,0.0002771615982055664,0.0003578066825866699,-0.00016176700592041016,-0.00018715858459472656,0.00011539459228515625,0.00017064809799194336,1.0,1.0,0.00011539459228515625,0.00017064809799194336,0.00017064809799194336,0.0,1.0,0.005,-8.046627044677734e-05,0.782346785068512,0.29220255378797194,0.002463978592461564,14.611565567652097,1e-06,34.967875480651855,56.896484375,56.570502281188965,93.46422958374023,True,PASS,,0.9999781299295197
21,v10_TypeM_071_01038_drop_orbit_left_72_seed40038_foreground_identity_color_shift,L0_camera_r4,linear_winner_detached,49,349.5545349121094,0.34955453872680664,mid,1.0,-0.00013065338134765625,-0.00027495622634887695,-0.00017755609711366443,-0.00037055621151100296,-0.00037055621151100296,0.0,WINNER_IMPROVES,0.7359081506729126,0.7421469688415527,0.006238818168640137,0.7357674241065979,0.741735577583313,0.005968153476715088,0.7357774972915649,0.7418720126152039,0.006094515323638916,0.00014072656631469727,0.00013065338134765625,-0.0004113912582397461,-0.00027495622634887695,-0.00027066469192504883,-0.0001443028450012207,1.0,1.0,-0.00027066469192504883,-0.0001443028450012207,-0.0001443028450012207,0.0,1.0,0.005,0.00023037195205688477,0.7359822392463684,0.3235949328192283,0.0024832127944323175,14.611599557479646,1e-06,34.96790599822998,56.916015625,56.570502281188965,94.55146050453186,True,PASS,,0.99994368294307
22,v10_TypeM_067_01014_drop_orbit_left_72_seed40014_foreground_identity_color_shift,L0_camera_r4,linear_winner_detached,49,349.5545349121094,0.34955453872680664,mid,1.0,-0.0005328655242919922,-0.000246584415435791,-0.0007348281039845177,-0.0003374383423711701,-0.0003374383423711701,0.0,WINNER_IMPROVES,0.7254231572151184,0.7308772802352905,0.005454123020172119,0.7249537110328674,0.730591356754303,0.005637645721435547,0.7248902916908264,0.7306306958198547,0.00574040412902832,0.00046944618225097656,0.0005328655242919922,-0.00028592348098754883,-0.000246584415435791,0.00018352270126342773,0.00028628110885620117,1.0,1.0,0.00018352270126342773,0.00028628110885620117,0.00028628110885620117,0.0,1.0,0.005,-0.0002790689468383789,0.7246189117431641,0.3262858639431532,0.0024978929202413196,14.611634050125575,1e-06,34.96790599822998,56.896484375,56.570502281188965,93.15932178497314,True,PASS,,0.9999863915603371
23,v10_TypeM_039_04214_containment_orbit_left_44_seed43214_foreground_identity_color_shift,L0_camera_r4,linear_winner_detached,49,349.5545349121094,0.34955453872680664,mid,1.0,-0.000331878662109375,-0.00039505958557128906,-0.00042161717991157945,-0.0005058873175302777,-0.0005058873175302777,0.0,WINNER_IMPROVES,0.7873223423957825,0.7811216115951538,-0.006200730800628662,0.7869535088539124,0.7808858752250671,-0.006067633628845215,0.7869904637336731,0.7807265520095825,-0.006263911724090576,0.0003688335418701172,0.000331878662109375,-0.00023573637008666992,-0.00039505958557128906,0.00013309717178344727,-6.318092346191406e-05,1.0,1.0,0.00013309717178344727,-6.318092346191406e-05,-6.318092346191406e-05,0.0,1.0,0.005,8.463859558105469e-06,0.7870296239852905,0.27857595760382575,0.002498957699721442,14.611669020857208,1e-06,34.967875480651855,56.916015625,56.570502281188965,93.36006474494934,True,PASS,,0.9999762823639546
24,v6b_GT_C_007_04228_containment_orbit_left_44_seed43228,L0_camera_r4,linear_winner_detached,49,349.5545349121094,0.34955453872680664,mid,1.0,-0.0004894733428955078,-0.0003962516784667969,-0.0006255434208658093,-0.00048508973313417914,-0.00048508973313417914,0.0,WINNER_IMPROVES,0.782721757888794,0.8170607686042786,0.03433901071548462,0.782249391078949,0.8167363405227661,0.03448694944381714,0.7822322845458984,0.8166645169258118,0.03443223237991333,0.0004723668098449707,0.0004894733428955078,-0.00032442808151245117,-0.0003962516784667969,0.00014793872833251953,9.322166442871094e-05,1.0,1.0,0.00014793872833251953,9.322166442871094e-05,9.322166442871094e-05,0.0,1.0,0.005,-0.0001863241195678711,0.7820985317230225,0.29833647829535864,0.002518942730566566,14.611704801287942,1e-06,34.967875480651855,56.896484375,56.570502281188965,93.25481390953064,True,PASS,,0.9999840141550401
25,v10_TypeM_071_01038_drop_orbit_left_72_seed40038_foreground_identity_color_shift,L0_camera_r4,linear_winner_detached,49,349.5545349121094,0.34955453872680664,mid,1.0,-0.0003298521041870117,-0.0005033612251281738,-0.00044832503268873406,-0.0006784801651113909,-0.0006784801651113909,0.0,WINNER_IMPROVES,0.7359081506729126,0.7421469688415527,0.006238818168640137,0.7356352806091309,0.7417770624160767,0.006141781806945801,0.7355782985687256,0.7416436076164246,0.006065309047698975,0.0002728700637817383,0.0003298521041870117,-0.0003699064254760742,-0.0005033612251281738,-9.703636169433594e-05,-0.0001735091209411621,1.0,1.0,-9.703636169433594e-05,-0.0001735091209411621,-0.0001735091209411621,0.0,1.0,0.005,5.257129669189453e-05,0.7356972098350525,0.3305382611214442,0.002538670771535131,14.611741205358205,1e-06,34.96790599822998,56.916015625,56.570502281188965,93.98047375679016,True,PASS,,0.9999776952518298
26,v10_TypeM_067_01014_drop_orbit_left_72_seed40014_foreground_identity_color_shift,L0_camera_r4,linear_winner_detached,49,349.5545349121094,0.34955453872680664,mid,1.0,-0.00048041343688964844,-0.0004184246063232422,-0.0006624720665396307,-0.0005726603233335517,-0.0005726603233335517,0.0,WINNER_IMPROVES,0.7254231572151184,0.7308772802352905,0.005454123020172119,0.7248477935791016,0.7305373549461365,0.005689561367034912,0.7249427437782288,0.7304588556289673,0.005516111850738525,0.0005753636360168457,0.00048041343688964844,-0.00033992528915405273,-0.0004184246063232422,0.00023543834686279297,6.198883056640625e-05,1.0,1.0,0.00023543834686279297,6.198883056640625e-05,6.198883056640625e-05,0.0,1.0,0.005,-0.00030922889709472656,0.7245027422904968,0.3331833121409367,0.0025539075220959323,14.61177833611693,1e-06,34.96790599822998,56.896484375,56.570502281188965,93.01302599906921,True,PASS,,0.9999849052517719
27,v10_TypeM_039_04214_containment_orbit_left_44_seed43214_foreground_identity_color_shift,L0_camera_r4,linear_winner_detached,49,349.5545349121094,0.34955453872680664,mid,1.0,-0.00042754411697387695,-0.00044912099838256836,-0.0005431831619759869,-0.0005751347176698336,-0.0005751347176698336,0.0,WINNER_IMPROVES,0.7873223423957825,0.7811216115951538,-0.006200730800628662,0.786846935749054,0.7807338833808899,-0.0061130523681640625,0.7868947982788086,0.7806724905967712,-0.0062223076820373535,0.0004754066467285156,0.00042754411697387695,-0.000387728214263916,-0.00044912099838256836,8.767843246459961e-05,-2.1576881408691406e-05,1.0,1.0,8.767843246459961e-05,-2.1576881408691406e-05,-2.1576881408691406e-05,0.0,1.0,0.005,-6.902217864990234e-05,0.7868201732635498,0.2845898889214742,0.002554610652121256,14.61181589846398,1e-06,34.967875480651855,56.916015625,56.570502281188965,93.0417652130127,True,PASS,,0.9999815903426257
28,v6b_GT_C_007_04228_containment_orbit_left_44_seed43228,L0_camera_r4,linear_winner_detached,49,349.5545349121094,0.34955453872680664,mid,1.0,-0.0005357861518859863,-0.0004196763038635254,-0.0006847511272779857,-0.0005137734344318383,-0.0005137734344318383,0.0,WINNER_IMPROVES,0.782721757888794,0.8170607686042786,0.03433901071548462,0.7821764945983887,0.8167184591293335,0.034541964530944824,0.782185971736908,0.816641092300415,0.03445512056350708,0.0005452632904052734,0.0005357861518859863,-0.00034230947494506836,-0.0004196763038635254,0.00020295381546020508,0.00011610984802246094,1.0,1.0,0.00020295381546020508,0.00011610984802246094,0.00011610984802246094,0.0,1.0,0.005,-0.0002682805061340332,0.7818952202796936,0.30480657681947965,0.0025752781586961984,14.611854207977778,1e-06,34.967875480651855,56.896484375,56.570502281188965,93.53972864151001,True,PASS,,0.9999853963672853
29,v10_TypeM_071_01038_drop_orbit_left_72_seed40038_foreground_identity_color_shift,L0_camera_r4,linear_winner_detached,49,349.5545349121094,0.34955453872680664,mid,1.0,-0.00038176774978637695,-0.0005449652671813965,-0.0005189055230756773,-0.0007345788195610981,-0.0007345788195610981,0.0,WINNER_IMPROVES,0.7359081506729126,0.7421469688415527,0.006238818168640137,0.7355167269706726,0.741628885269165,0.006112158298492432,0.7355263829231262,0.7416020035743713,0.006075620651245117,0.00039142370223999023,0.00038176774978637695,-0.0005180835723876953,-0.0005449652671813965,-0.00012665987014770508,-0.00016319751739501953,1.0,1.0,-0.00012665987014770508,-0.00016319751739501953,-0.00016319751739501953,0.0,1.0,0.005,8.785724639892578e-05,0.7356294393539429,0.33783314973843914,0.0025954908105778646,14.611893245946673,1e-06,34.96790599822998,56.916015625,56.570502281188965,92.97666025161743,True,PASS,,0.999980729040556
30,v10_TypeM_067_01014_drop_orbit_left_72_seed40014_foreground_identity_color_shift,L0_camera_r4,linear_winner_detached,49,349.5545349121094,0.34955453872680664,mid,1.0,-0.000625908374786377,-0.0005001425743103027,-0.0008631907293602985,-0.0006845386824770113,-0.0006845386824770113,0.0,WINNER_IMPROVES,0.7254231572151184,0.7308772802352905,0.005454123020172119,0.7247954607009888,0.7304379940032959,0.005642533302307129,0.724797248840332,0.7303771376609802,0.005579888820648193,0.0006276965141296387,0.000625908374786377,-0.0004392862319946289,-0.0005001425743103027,0.00018841028213500977,0.00012576580047607422,1.0,1.0,0.00018841028213500977,0.00012576580047607422,0.00012576580047607422,0.0,1.0,0.005,-0.0001933574676513672,0.7245582342147827,0.34038027118236697,0.0026110450542022163,14.61193309778869,1e-06,34.96790599822998,56.896484375,56.570502281188965,93.33908271789551,True,PASS,,0.9999884152090471
31,v10_TypeM_039_04214_containment_orbit_left_44_seed43214_foreground_identity_color_shift,L0_camera_r4,linear_winner_detached,49,349.5545349121094,0.34955453872680664,mid,1.0,-0.0004910826683044434,-0.0006476044654846191,-0.0006239323498468082,-0.0008294138207748006,-0.0008294138207748006,0.0,WINNER_IMPROVES,0.7873223423957825,0.7811216115951538,-0.006200730800628662,0.7867552638053894,0.7805189490318298,-0.00623631477355957,0.786831259727478,0.7804740071296692,-0.006357252597808838,0.0005670785903930664,0.0004910826683044434,-0.0006026625633239746,-0.0006476044654846191,-3.55839729309082e-05,-0.00015652179718017578,1.0,1.0,-3.55839729309082e-05,-0.00015652179718017578,-0.00015652179718017578,0.0,1.0,0.005,-0.00019061565399169922,0.78650963306427,0.2906627229309955,0.0026110799319740956,14.611973334764379,1e-06,34.967875480651855,56.916015625,56.570502281188965,92.68793606758118,True,PASS,,0.9999839728782595
32,v6b_GT_C_007_04228_containment_orbit_left_44_seed43228,L0_camera_r4,linear_winner_detached,49,349.5545349121094,0.34955453872680664,mid,1.0,-0.000802457332611084,-0.0005804300308227539,-0.0010257399144433963,-0.0007106402717297718,-0.0007106402717297718,0.0,WINNER_IMPROVES,0.782721757888794,0.8170607686042786,0.03433901071548462,0.782008945941925,0.8164998888969421,0.03449094295501709,0.7819193005561829,0.8164803385734558,0.03456103801727295,0.0007128119468688965,0.000802457332611084,-0.0005608797073364258,-0.0005804300308227539,0.0001519322395324707,0.00022202730178833008,1.0,1.0,0.0001519322395324707,0.00022202730178833008,0.00022202730178833008,0.0,1.0,0.005,-0.00010496377944946289,0.7819435596466064,0.3114835049416295,0.002632163410095299,14.612014325215306,1e-06,34.967875480651855,56.896484375,56.570502281188965,92.97010636329651,True,PASS,,0.9999902510350144
33,v10_TypeM_071_01038_drop_orbit_left_72_seed40038_foreground_identity_color_shift,L0_camera_r4,linear_winner_detached,49,349.5545349121094,0.34955453872680664,mid,1.0,-0.0005213022232055664,-0.0006254911422729492,-0.0007086304762060209,-0.0008431683943356503,-0.0008431683943356503,0.0,WINNER_IMPROVES,0.7359081506729126,0.7421469688415527,0.006238818168640137,0.7354786992073059,0.7415484189987183,0.0060697197914123535,0.735386848449707,0.7415214776992798,0.006134629249572754,0.00042945146560668945,0.0005213022232055664,-0.0005985498428344727,-0.0006254911422729492,-0.0001690983772277832,-0.00010418891906738281,1.0,1.0,-0.0001690983772277832,-0.00010418891906738281,-0.00010418891906738281,0.0,1.0,0.005,0.00017905235290527344,0.7356166839599609,0.3452920260413723,0.002652484377315418,14.612056153412137,1e-06,34.96790599822998,56.916015625,56.570502281188965,94.11480021476746,True,PASS,,0.9999858884718897
34,v10_TypeM_067_01014_drop_orbit_left_72_seed40014_foreground_identity_color_shift,L0_camera_r4,linear_winner_detached,49,349.5545349121094,0.34955453872680664,mid,1.0,-0.0006937980651855469,-0.0004988908767700195,-0.0009568622620356411,-0.0006828249151832766,-0.0006828249151832766,0.0,WINNER_IMPROVES,0.7254231572151184,0.7308772802352905,0.005454123020172119,0.7246766686439514,0.7304102182388306,0.00573354959487915,0.7247293591499329,0.7303783893585205,0.0056490302085876465,0.0007464885711669922,0.0006937980651855469,-0.00046706199645996094,-0.0004988908767700195,0.00027942657470703125,0.00019490718841552734,1.0,1.0,0.00027942657470703125,0.00019490718841552734,0.00019490718841552734,0.0,1.0,0.005,-0.0002181529998779297,0.724418580532074,0.3478821974456036,0.0026675622326942316,14.612098710225297,1e-06,34.96790599822998,56.896484375,56.570502281188965,93.27071952819824,True,PASS,,0.9999895492842704
35,v10_TypeM_039_04214_containment_orbit_left_44_seed43214_foreground_identity_color_shift,L0_camera_r4,linear_winner_detached,49,349.5545349121094,0.34955453872680664,mid,1.0,-0.0006858706474304199,-0.0006305575370788574,-0.0008715230360091276,-0.0008075722964359173,-0.0008075722964359173,0.0,WINNER_IMPROVES,0.7873223423957825,0.7811216115951538,-0.006200730800628662,0.786603569984436,0.7803954482078552,-0.0062081217765808105,0.786636471748352,0.780491054058075,-0.0061454176902771,0.0007187724113464355,0.0006858706474304199,-0.000726163387298584,-0.0006305575370788574,-7.3909759521484375e-06,5.53131103515625e-05,1.0,1.0,-7.3909759521484375e-06,5.53131103515625e-05,5.53131103515625e-05,0.0,1.0,0.005,9.66191291809082e-05,0.7867802977561951,0.2972781954445179,0.0026670273586386797,14.612141728277127,1e-06,34.967875480651855,56.916015625,56.570502281188965,94.66457629203796,True,PASS,,0.9999885259656411
36,v6b_GT_C_007_04228_containment_orbit_left_44_seed43228,L0_camera_r4,linear_winner_detached,49,349.5545349121094,0.34955453872680664,mid,1.0,-0.0007911324501037598,-0.0006059408187866211,-0.0010112565779358765,-0.0007418855877460613,-0.0007418855877460613,0.0,WINNER_IMPROVES,0.782721757888794,0.8170607686042786,0.03433901071548462,0.7820708751678467,0.8164753317832947,0.034404456615448,0.7819306254386902,0.8164548277854919,0.03452420234680176,0.0006508827209472656,0.0007911324501037598,-0.0005854368209838867,-0.0006059408187866211,6.54458999633789e-05,0.00018519163131713867,1.0,1.0,6.54458999633789e-05,0.00018519163131713867,0.00018519163131713867,0.0,1.0,0.005,-0.00011652708053588867,0.7818418741226196,0.31842144150771085,0.0026880585980715087,14.612185580080187,1e-06,34.967875480651855,56.896484375,56.570502281188965,94.77354860305786,True,PASS,,0.9999901114105636
37,v10_TypeM_071_01038_drop_orbit_left_72_seed40038_foreground_identity_color_shift,L0_camera_r4,linear_winner_detached,49,349.5545349121094,0.34955453872680664,mid,1.0,-0.0005564093589782715,-0.0007646083831787109,-0.0007563712991453093,-0.0010307965275400217,-0.0010307965275400217,0.0,WINNER_IMPROVES,0.7359081506729126,0.7421469688415527,0.006238818168640137,0.7352868914604187,0.741410493850708,0.006123602390289307,0.7353517413139343,0.741382360458374,0.006030619144439697,0.0006212592124938965,0.0005564093589782715,-0.0007364749908447266,-0.0007646083831787109,-0.00011521577835083008,-0.00020819902420043945,1.0,1.0,-0.00011521577835083008,-0.00020819902420043945,-0.00020819902420043945,0.0,1.0,0.005,0.00016945600509643555,0.7355363368988037,0.35278526825317696,0.002708252585694973,14.61223025219421,1e-06,34.96790599822998,56.916015625,56.570502281188965,93.68420696258545,True,PASS,,0.9999867791548901
38,v10_TypeM_067_01014_drop_orbit_left_72_seed40014_foreground_identity_color_shift,L0_camera_r4,linear_winner_detached,49,349.5545349121094,0.34955453872680664,mid,1.0,-0.0008701086044311523,-0.0007512569427490234,-0.0012001696212337707,-0.0010284124571979536,-0.0010284124571979536,0.0,WINNER_IMPROVES,0.7254231572151184,0.7308772802352905,0.005454123020172119,0.7245613932609558,0.7302441596984863,0.005682766437530518,0.7245530486106873,0.7301260232925415,0.005572974681854248,0.0008617639541625977,0.0008701086044311523,-0.0006331205368041992,-0.0007512569427490234,0.00022864341735839844,0.0001188516616821289,1.0,1.0,0.00022864341735839844,0.0001188516616821289,0.0001188516616821289,0.0,1.0,0.005,-0.00015628337860107422,0.7243852615356445,0.3561583285285814,0.0027226627098497435,14.612275607508058,1e-06,34.96790599822998,56.896484375,56.570502281188965,93.72107887268066,True,PASS,,0.9999916679138497
39,v10_TypeM_039_04214_containment_orbit_left_44_seed43214_foreground_identity_color_shift,L0_camera_r4,linear_winner_detached,49,349.5545349121094,0.34955453872680664,mid,1.0,-0.0007226467132568359,-0.0008390545845031738,-0.0009182751589603879,-0.001074743710040304,-0.001074743710040304,0.0,WINNER_IMPROVES,0.7873223423957825,0.7811216115951538,-0.006200730800628662,0.7866003513336182,0.7803895473480225,-0.006210803985595703,0.7865996956825256,0.7802825570106506,-0.006317138671875,0.0007219910621643066,0.0007226467132568359,-0.0007320642471313477,-0.0008390545845031738,-1.0073184967041016e-05,-0.00011640787124633789,1.0,1.0,-1.0073184967041016e-05,-0.00011640787124633789,-0.00011640787124633789,0.0,1.0,0.005,-2.1278858184814453e-05,0.7865046858787537,0.3038308916578021,0.0027214548367726276,14.612321447810261,1e-06,34.967875480651855,56.916015625,56.570502281188965,94.1178834438324,True,PASS,,0.9999891101365382
40,v6b_GT_C_007_04228_containment_orbit_left_44_seed43228,L0_camera_r4,linear_winner_detached,49,349.5545349121094,0.34955453872680664,mid,1.0,-0.0009344220161437988,-0.0007292032241821289,-0.0011945243642676722,-0.0008928697025521362,-0.0008928697025521362,0.0,WINNER_IMPROVES,0.782721757888794,0.8170607686042786,0.03433901071548462,0.7818560600280762,0.8163352608680725,0.03447920083999634,0.7817873358726501,0.8163315653800964,0.03454422950744629,0.0008656978607177734,0.0009344220161437988,-0.0007255077362060547,-0.0007292032241821289,0.00014019012451171875,0.00020521879196166992,1.0,1.0,0.00014019012451171875,0.00020521879196166992,0.00020521879196166992,0.0,1.0,0.005,-0.00011730194091796875,0.7816729545593262,0.3254446105725078,0.0027424649460844595,14.612368185239534,1e-06,34.967875480651855,56.896484375,56.570502281188965,92.55561876296997,True,PASS,,0.9999916285371948
41,v10_TypeM_071_01038_drop_orbit_left_72_seed40038_foreground_identity_color_shift,L0_camera_r4,linear_winner_detached,49,349.5545349121094,0.34955453872680664,mid,1.0,-0.0007392764091491699,-0.0008522868156433105,-0.0010050819213417112,-0.0011490669652304997,-0.0011490669652304997,0.0,WINNER_IMPROVES,0.7359081506729126,0.7421469688415527,0.006238818168640137,0.7351419925689697,0.7411983013153076,0.006056308746337891,0.7351688742637634,0.7412946820259094,0.006125807762145996,0.0007661581039428711,0.0007392764091491699,-0.0009486675262451172,-0.0008522868156433105,-0.0001825094223022461,-0.00011301040649414062,1.0,1.0,-0.0001825094223022461,-0.00011301040649414062,-0.00011301040649414062,0.0,1.0,0.005,0.00022238492965698242,0.7354011535644531,0.3606393935615185,0.0027624862937327506,14.612415816354105,1e-06,34.96790599822998,56.916015625,56.570502281188965,92.83952355384827,True,PASS,,0.9999900506612504
42,v10_TypeM_067_01014_drop_orbit_left_72_seed40014_foreground_identity_color_shift,L0_camera_r4,linear_winner_detached,49,349.5545349121094,0.34955453872680664,mid,1.0,-0.0010601282119750977,-0.0008951425552368164,-0.0014624617014257302,-0.0012255014329719406,-0.0012255014329719406,0.0,WINNER_IMPROVES,0.7254231572151184,0.7308772802352905,0.005454123020172119,0.7243496775627136,0.7300309538841248,0.005681276321411133,0.7243630290031433,0.7299821376800537,0.0056191086769104,0.0010734796524047852,0.0010601282119750977,-0.0008463263511657715,-0.0008951425552368164,0.00022715330123901367,0.00016498565673828125,1.0,1.0,0.00022715330123901367,0.00016498565673828125,0.00016498565673828125,0.0,1.0,0.005,-0.00022488832473754883,0.7241623401641846,0.3638860091301479,0.002776819653354471,14.612464030339522,1e-06,34.96790599822998,56.896484375,56.570502281188965,93.42737150192261,True,PASS,,0.9999931622608559
43,v10_TypeM_039_04214_containment_orbit_left_44_seed43214_foreground_identity_color_shift,L0_camera_r4,linear_winner_detached,49,349.5545349121094,0.34955453872680664,mid,1.0,-0.000992119312286377,-0.0008851885795593262,-0.0012609129268921439,-0.001133870186640505,-0.001133870186640505,0.0,WINNER_IMPROVES,0.7873223423957825,0.7811216115951538,-0.006200730800628662,0.7863920331001282,0.7801923751831055,-0.006199657917022705,0.7863302230834961,0.7802364230155945,-0.006093800067901611,0.0009303092956542969,0.000992119312286377,-0.0009292364120483398,-0.0008851885795593262,1.0728836059570312e-06,0.00010693073272705078,1.0,1.0,1.0728836059570312e-06,0.00010693073272705078,0.00010693073272705078,0.0,1.0,0.005,2.384185791015625e-07,0.7864360809326172,0.31069281131931636,0.002774430415275943,14.612512808083709,1e-06,34.967875480651855,56.916015625,56.570502281188965,93.24888062477112,True,PASS,,0.999992069301155
44,v6b_GT_C_007_04228_containment_orbit_left_44_seed43228,L0_camera_r4,linear_winner_detached,49,349.5545349121094,0.34955453872680664,mid,1.0,-0.00118333101272583,-0.0007715225219726562,-0.0015129595892630315,-0.0009447118657592819,-0.0009447118657592819,0.0,WINNER_IMPROVES,0.782721757888794,0.8170607686042786,0.03433901071548462,0.781606912612915,0.8162309527397156,0.03462404012680054,0.7815384268760681,0.8162892460823059,0.03475081920623779,0.0011148452758789062,0.00118333101272583,-0.0008298158645629883,-0.0007715225219726562,0.00028502941131591797,0.00041180849075317383,1.0,1.0,0.00028502941131591797,0.00041180849075317383,0.00041180849075317383,0.0,1.0,0.005,-0.00016039609909057617,0.7814995646476746,0.3327487916226837,0.0027953728153158885,14.612562526730322,1e-06,34.967875480651855,56.896484375,56.570502281188965,92.67436981201172,True,PASS,,0.999993390481824
45,v10_TypeM_071_01038_drop_orbit_left_72_seed40038_foreground_identity_color_shift,L0_camera_r4,linear_winner_detached,49,349.5545349121094,0.34955453872680664,mid,1.0,-0.0008779764175415039,-0.0011104941368103027,-0.0011937638648604485,-0.0014974470409272413,-0.0014974470409272413,0.0,WINNER_IMPROVES,0.7359081506729126,0.7421469688415527,0.006238818168640137,0.7349615097045898,0.741195797920227,0.006234288215637207,0.7350301742553711,0.7410364747047424,0.006006300449371338,0.0009466409683227539,0.0008779764175415039,-0.0009511709213256836,-0.0011104941368103027,-4.5299530029296875e-06,-0.00023251771926879883,1.0,1.0,-4.5299530029296875e-06,-0.00023251771926879883,-0.00023251771926879883,0.0,1.0,0.005,-2.3066997528076172e-05,0.734916090965271,0.3686235926173076,0.0028150555799688025,14.612613057493522,1e-06,34.96790599822998,56.916015625,56.570502281188965,92.98314499855042,True,PASS,,0.999991623204114
46,v10_TypeM_067_01014_drop_orbit_left_72_seed40014_foreground_identity_color_shift,L0_camera_r4,linear_winner_detached,49,349.5545349121094,0.34955453872680664,mid,1.0,-0.0013124346733093262,-0.0009872913360595703,-0.0018108373073117323,-0.0013517436948864872,-0.0013517436948864872,0.0,WINNER_IMPROVES,0.7254231572151184,0.7308772802352905,0.005454123020172119,0.7242326140403748,0.7298249006271362,0.005592286586761475,0.7241107225418091,0.729889988899231,0.005779266357421875,0.0011905431747436523,0.0013124346733093262,-0.0010523796081542969,-0.0009872913360595703,0.00013816356658935547,0.00032514333724975586,1.0,1.0,0.00013816356658935547,0.00032514333724975586,0.00032514333724975586,0.0,1.0,0.005,-0.0001506209373474121,0.7240461707115173,0.37171037721870076,0.002829124980749078,14.612664321418338,1e-06,34.96790599822998,56.896484375,56.570502281188965,92.88553595542908,True,PASS,,0.9999944777232407
47,v10_TypeM_039_04214_containment_orbit_left_44_seed43214_foreground_identity_color_shift,L0_camera_r4,linear_winner_detached,49,349.5545349121094,0.34955453872680664,mid,1.0,-0.0011763572692871094,-0.0010516643524169922,-0.0014952413759187278,-0.0013472587551020697,-0.0013472587551020697,0.0,WINNER_IMPROVES,0.7873223423957825,0.7811216115951538,-0.006200730800628662,0.7861925959587097,0.7800668478012085,-0.006125748157501221,0.7861459851264954,0.7800699472427368,-0.006076037883758545,0.001129746437072754,0.0011763572692871094,-0.0010547637939453125,-0.0010516643524169922,7.49826431274414e-05,0.0001246929168701172,1.0,1.0,7.49826431274414e-05,0.0001246929168701172,0.0001246929168701172,0.0,1.0,0.005,-0.00010311603546142578,0.7861565947532654,0.31760408505214566,0.0028258157922948345,14.612716138722186,1e-06,34.967875480651855,56.916015625,56.570502281188965,92.29015946388245,True,PASS,,0.9999933121613122
48,v6b_GT_C_007_04228_containment_orbit_left_44_seed43228,L0_camera_r4,linear_winner_detached,49,349.5545349121094,0.34955453872680664,mid,1.0,-0.0012210607528686523,-0.001018524169921875,-0.0015612369984306397,-0.0012473484910318503,-0.0012473484910318503,0.0,WINNER_IMPROVES,0.782721757888794,0.8170607686042786,0.03433901071548462,0.7814753651618958,0.8160381317138672,0.034562766551971436,0.7815006971359253,0.8160422444343567,0.034541547298431396,0.0012463927268981934,0.0012210607528686523,-0.001022636890411377,-0.001018524169921875,0.0002237558364868164,0.00020253658294677734,1.0,1.0,0.0002237558364868164,0.00020253658294677734,0.00020253658294677734,0.0,1.0,0.005,-0.00030487775802612305,0.7810815572738647,0.3402511210058177,0.002846051019736192,14.61276878245083,1e-06,34.967875480651855,56.896484375,56.570502281188965,93.09749937057495,True,PASS,,0.9999935948635866
49,v10_TypeM_071_01038_drop_orbit_left_72_seed40038_foreground_identity_color_shift,L0_camera_r4,linear_winner_detached,49,349.5545349121094,0.34955453872680664,mid,1.0,-0.0010747909545898438,-0.0012567639350891113,-0.0014615636040844874,-0.0016948519446815084,-0.0016948519446815084,0.0,WINNER_IMPROVES,0.7359081506729126,0.7421469688415527,0.006238818168640137,0.7348688244819641,0.7410230040550232,0.006154179573059082,0.7348333597183228,0.7408902049064636,0.006056845188140869,0.0010393261909484863,0.0010747909545898438,-0.001123964786529541,-0.0012567639350891113,-8.463859558105469e-05,-0.00018197298049926758,1.0,1.0,-8.463859558105469e-05,-0.00018197298049926758,-0.00018197298049926758,0.0,1.0,0.005,3.635883331298828e-05,0.7348409295082092,0.37690159656040645,0.0028652464012781714,14.612822391476053,1e-06,34.96790599822998,56.916015625,56.570502281188965,93.87574529647827,True,PASS,,0.9999931580592507
50,v10_TypeM_067_01014_drop_orbit_left_72_seed40014_foreground_identity_color_shift,L0_camera_r4,linear_winner_detached,49,349.5545349121094,0.34955453872680664,mid,1.0,-0.001345992088317871,-0.001151740550994873,-0.0018571813139656454,-0.0015770759281458176,-0.0015770759281458176,0.0,WINNER_IMPROVES,0.7254231572151184,0.7308772802352905,0.005454123020172119,0.7241286039352417,0.7297430634498596,0.00561445951461792,0.7240771651268005,0.7297255396842957,0.005648374557495117,0.001294553279876709,0.001345992088317871,-0.0011342167854309082,-0.001151740550994873,0.00016033649444580078,0.00019425153732299805,1.0,1.0,0.00016033649444580078,0.00019425153732299805,0.00019425153732299805,0.0,1.0,0.005,-0.0002084970474243164,0.7239068746566772,0.3804820173114292,0.002878340292944519,14.612876786881712,1e-06,34.96790599822998,56.896484375,56.570502281188965,94.03150582313538,True,PASS,,0.9999946155251078
51,v10_TypeM_039_04214_containment_orbit_left_44_seed43214_foreground_identity_color_shift,L0_camera_r4,linear_winner_detached,49,349.5545349121094,0.34955453872680664,mid,1.0,-0.0013715028762817383,-0.0011538863182067871,-0.0017435029364726937,-0.0014783093911556907,-0.0014783093911556907,0.0,WINNER_IMPROVES,0.7873223423957825,0.7811216115951538,-0.006200730800628662,0.786180853843689,0.779981791973114,-0.006199061870574951,0.7859508395195007,0.779967725276947,-0.005983114242553711,0.0011414885520935059,0.0013715028762817383,-0.001139819622039795,-0.0011538863182067871,1.6689300537109375e-06,0.00021761655807495117,1.0,1.0,1.6689300537109375e-06,0.00021761655807495117,0.00021761655807495117,0.0,1.0,0.005,-1.4901161193847656e-05,0.7860828638076782,0.32477907413063406,0.0028740337522920353,14.612931622405375,1e-06,34.967875480651855,56.916015625,56.570502281188965,92.95809268951416,True,PASS,,0.999994264453225
52,v6b_GT_C_007_04228_containment_orbit_left_44_seed43228,L0_camera_r4,linear_winner_detached,49,349.5545349121094,0.34955453872680664,mid,1.0,-0.0014850497245788574,-0.001246035099029541,-0.0018990915476945367,-0.0015261853387078402,-0.0015261853387078402,0.0,WINNER_IMPROVES,0.782721757888794,0.8170607686042786,0.03433901071548462,0.7813735604286194,0.8158726692199707,0.03449910879135132,0.7812367081642151,0.815814733505249,0.034578025341033936,0.0013481974601745605,0.0014850497245788574,-0.0011880993843078613,-0.001246035099029541,0.00016009807586669922,0.0002390146255493164,1.0,1.0,0.00016009807586669922,0.0002390146255493164,0.0002390146255493164,0.0,1.0,0.005,-0.00022971630096435547,0.7810010313987732,0.3478922971758785,0.002894389095399398,14.612987428190394,1e-06,34.967875480651855,56.896484375,56.570502281188965,92.97920393943787,True,PASS,,0.9999947343521404
53,v10_TypeM_071_01038_drop_orbit_left_72_seed40038_foreground_identity_color_shift,L0_camera_r4,linear_winner_detached,49,349.5545349121094,0.34955453872680664,mid,1.0,-0.0013082623481750488,-0.0015175342559814453,-0.001779334272038327,-0.0020468828096310344,-0.0020468828096310344,0.0,WINNER_IMPROVES,0.7359081506729126,0.7421469688415527,0.006238818168640137,0.734689474105835,0.7407411932945251,0.0060517191886901855,0.7345998883247375,0.7406294345855713,0.00602954626083374,0.0012186765670776367,0.0013082623481750488,-0.0014057755470275879,-0.0015175342559814453,-0.00018709897994995117,-0.00020927190780639648,1.0,1.0,-0.00018709897994995117,-0.00020927190780639648,-0.00020927190780639648,0.0,1.0,0.005,8.797645568847656e-05,0.7347277402877808,0.3852350196453759,0.0029133175088279844,14.613044117968123,1e-06,34.96790599822998,56.916015625,56.570502281188965,93.19753336906433,True,PASS,,0.9999943799521221
54,v10_TypeM_067_01014_drop_orbit_left_72_seed40014_foreground_identity_color_shift,L0_camera_r4,linear_winner_detached,49,349.5545349121094,0.34955453872680664,mid,1.0,-0.0016337037086486816,-0.0014874935150146484,-0.0022546096632912764,-0.0020372903598191282,-0.0020372903598191282,0.0,WINNER_IMPROVES,0.7254231572151184,0.7308772802352905,0.005454123020172119,0.7239353060722351,0.7295213341712952,0.005586028099060059,0.7237894535064697,0.7293897867202759,0.005600333213806152,0.0014878511428833008,0.0016337037086486816,-0.0013559460639953613,-0.0014874935150146484,0.00013190507888793945,0.0001462101936340332,1.0,1.0,0.00013190507888793945,0.0001462101936340332,0.0001462101936340332,0.0,1.0,0.005,-5.829334259033203e-05,0.7239073514938354,0.3888962372932668,0.002926047688382314,14.61310168466784,1e-06,34.96790599822998,56.896484375,56.570502281188965,93.73408150672913,True,PASS,,0.9999955646621189
55,v10_TypeM_039_04214_containment_orbit_left_44_seed43214_foreground_identity_color_shift,L0_camera_r4,linear_winner_detached,49,349.5545349121094,0.34955453872680664,mid,1.0,-0.0014532208442687988,-0.001423954963684082,-0.0018474817241770933,-0.0018246255277399224,-0.0018246255277399224,0.0,WINNER_IMPROVES,0.7873223423957825,0.7811216115951538,-0.006200730800628662,0.7859384417533875,0.7797103524208069,-0.006228089332580566,0.7858691215515137,0.7796976566314697,-0.006171464920043945,0.0013839006423950195,0.0014532208442687988,-0.0014112591743469238,-0.001423954963684082,-2.7358531951904297e-05,2.9265880584716797e-05,1.0,1.0,-2.7358531951904297e-05,2.9265880584716797e-05,2.9265880584716797e-05,0.0,1.0,0.005,2.1517276763916016e-05,0.7859535217285156,0.33211486279743774,0.002920747496159324,14.61315968849771,1e-06,34.967875480651855,56.916015625,56.570502281188965,92.69824314117432,True,PASS,,0.9999945872558621
56,v6b_GT_C_007_04228_containment_orbit_left_44_seed43228,L0_camera_r4,linear_winner_detached,49,349.5545349121094,0.34955453872680664,mid,1.0,-0.001642465591430664,-0.0014563202857971191,-0.0021006075858363933,-0.00178397951901067,-0.00178397951901067,0.0,WINNER_IMPROVES,0.782721757888794,0.8170607686042786,0.03433901071548462,0.7811408042907715,0.8156073689460754,0.034466564655303955,0.7810792922973633,0.8156044483184814,0.034525156021118164,0.001580953598022461,0.001642465591430664,-0.001453399658203125,-0.0014563202857971191,0.00012755393981933594,0.00018614530563354492,1.0,1.0,0.00012755393981933594,0.00018614530563354492,0.00018614530563354492,0.0,1.0,0.005,-0.0003185868263244629,0.7807735204696655,0.35564459324699477,0.002940515241563412,14.613218569611394,1e-06,34.967875480651855,56.896484375,56.570502281188965,93.61543154716492,True,PASS,,0.9999952394952478
57,v10_TypeM_071_01038_drop_orbit_left_72_seed40038_foreground_identity_color_shift,L0_camera_r4,linear_winner_detached,49,349.5545349121094,0.34955453872680664,mid,1.0,-0.0014284253120422363,-0.0017786026000976562,-0.0019429237213505564,-0.002399440177574393,-0.002399440177574393,0.0,WINNER_IMPROVES,0.7359081506729126,0.7421469688415527,0.006238818168640137,0.7345048785209656,0.7404401898384094,0.005935311317443848,0.7344797253608704,0.7403683662414551,0.005888640880584717,0.0014032721519470215,0.0014284253120422363,-0.0017067790031433105,-0.0017786026000976562,-0.00030350685119628906,-0.0003501772880554199,1.0,1.0,-0.00030350685119628906,-0.0003501772880554199,-0.0003501772880554199,0.0,1.0,0.005,0.00021576881408691406,0.7347280383110046,0.3936637105043489,0.002958999023537305,14.613278525534303,1e-06,34.96790599822998,56.916015625,56.570502281188965,94.41465187072754,True,PASS,,0.9999948531440419
58,v10_TypeM_067_01014_drop_orbit_left_72_seed40014_foreground_identity_color_shift,L0_camera_r4,linear_winner_detached,49,349.5545349121094,0.34955453872680664,mid,1.0,-0.001847386360168457,-0.0015677213668823242,-0.002549880886508433,-0.0021472895191266663,-0.0021472895191266663,0.0,WINNER_IMPROVES,0.7254231572151184,0.7308772802352905,0.005454123020172119,0.7236011624336243,0.729354202747345,0.005753040313720703,0.72357577085495,0.7293095588684082,0.005733788013458252,0.0018219947814941406,0.001847386360168457,-0.0015230774879455566,-0.0015677213668823242,0.000298917293548584,0.0002796649932861328,1.0,1.0,0.000298917293548584,0.0002796649932861328,0.0002796649932861328,0.0,1.0,0.005,-1.2278556823730469e-05,0.7238337993621826,0.3968185216079545,0.002971205877375587,14.613339220190618,1e-06,34.96790599822998,56.896484375,56.570502281188965,93.47268319129944,True,PASS,,0.9999960782635631
59,v10_TypeM_039_04214_containment_orbit_left_44_seed43214_foreground_identity_color_shift,L0_camera_r4,linear_winner_detached,49,349.5545349121094,0.34955453872680664,mid,1.0,-0.0017670392990112305,-0.0016016364097595215,-0.0022468880844167954,-0.0020525365530384295,-0.0020525365530384295,0.0,WINNER_IMPROVES,0.7873223423957825,0.7811216115951538,-0.006200730800628662,0.7858038544654846,0.7796487212181091,-0.006155133247375488,0.7855553030967712,0.7795199751853943,-0.006035327911376953,0.0015184879302978516,0.0017670392990112305,-0.0014728903770446777,-0.0016016364097595215,4.559755325317383e-05,0.00016540288925170898,1.0,1.0,4.559755325317383e-05,0.00016540288925170898,0.00016540288925170898,0.0,1.0,0.005,-3.069639205932617e-05,0.7857368588447571,0.3393825288164642,0.0029647797285825336,14.613400437015507,1e-06,34.967875480651855,56.916015625,56.570502281188965,93.48290252685547,True,PASS,,0.999995549419856
60,v6b_GT_C_007_04228_containment_orbit_left_44_seed43228,L0_camera_r4,linear_winner_detached,49,349.5545349121094,0.34955453872680664,mid,1.0,-0.0019301176071166992,-0.0015134811401367188,-0.002468950461364434,-0.0018540660136122148,-0.0018540660136122148,0.0,WINNER_IMPROVES,0.782721757888794,0.8170607686042786,0.03433901071548462,0.7808278203010559,0.8155092597007751,0.03468143939971924,0.7807916402816772,0.8155472874641418,0.0347556471824646,0.0018939375877380371,0.0019301176071166992,-0.001551508903503418,-0.0015134811401367188,0.00034242868423461914,0.00041663646697998047,1.0,1.0,0.00034242868423461914,0.00041663646697998047,0.00041663646697998047,0.0,1.0,0.005,-0.0002734661102294922,0.7806706428527832,0.3636638645113582,0.002984460294232255,14.61346253018104,1e-06,34.967875480651855,56.896484375,56.570502281188965,92.99075150489807,True,PASS,,0.9999959497123764
61,v10_TypeM_071_01038_drop_orbit_left_72_seed40038_foreground_identity_color_shift,L0_camera_r4,linear_winner_detached,49,349.5545349121094,0.34955453872680664,mid,1.0,-0.0017934441566467285,-0.001940310001373291,-0.002440023314304243,-0.002617878820662163,-0.002617878820662163,0.0,WINNER_IMPROVES,0.7359081506729126,0.7421469688415527,0.006238818168640137,0.7342569828033447,0.740319550037384,0.006062567234039307,0.7341147065162659,0.7402066588401794,0.006091952323913574,0.001651167869567871,0.0017934441566467285,-0.0018274188041687012,-0.001940310001373291,-0.00017625093460083008,-0.0001468658447265625,1.0,1.0,-0.00017625093460083008,-0.0001468658447265625,-0.0001468658447265625,0.0,1.0,0.005,0.00014078617095947266,0.7344127297401428,0.4024435111752855,0.003002482832288764,14.613525733139104,1e-06,34.96790599822998,56.916015625,56.570502281188965,94.07383751869202,True,PASS,,0.9999959016953001
62,v10_TypeM_067_01014_drop_orbit_left_72_seed40014_foreground_identity_color_shift,L0_camera_r4,linear_winner_detached,49,349.5545349121094,0.34955453872680664,mid,1.0,-0.0020755529403686523,-0.0017960071563720703,-0.0028652625893123293,-0.002460354828127211,-0.002460354828127211,0.0,WINNER_IMPROVES,0.7254231572151184,0.7308772802352905,0.005454123020172119,0.7235010862350464,0.7290922999382019,0.005591213703155518,0.7233476042747498,0.7290812730789185,0.005733668804168701,0.0019220709800720215,0.0020755529403686523,-0.001784980297088623,-0.0017960071563720703,0.00013709068298339844,0.00027954578399658203,1.0,1.0,0.00013709068298339844,0.00027954578399658203,0.00027954578399658203,0.0,1.0,0.005,-0.00032210350036621094,0.7230497598648071,0.4059952253197757,0.0030135819712108045,14.613589637376739,1e-06,34.96790599822998,56.896484375,56.570502281188965,92.75869226455688,True,PASS,,0.9999965099306651
63,v10_TypeM_039_04214_containment_orbit_left_44_seed43214_foreground_identity_color_shift,L0_camera_r4,linear_winner_detached,49,349.5545349121094,0.34955453872680664,mid,1.0,-0.0017985701560974121,-0.001827538013458252,-0.0022870271928600856,-0.0023423743339596637,-0.0023423743339596637,0.0,WINNER_IMPROVES,0.7873223423957825,0.7811216115951538,-0.006200730800628662,0.785474956035614,0.779297947883606,-0.006177008152008057,0.7855237722396851,0.7792940735816956,-0.006229698657989502,0.001847386360168457,0.0017985701560974121,-0.0018236637115478516,-0.001827538013458252,2.372264862060547e-05,-2.8967857360839844e-05,1.0,1.0,2.372264862060547e-05,-2.8967857360839844e-05,-2.8967857360839844e-05,0.0,1.0,0.005,-0.00023943185806274414,0.7851738929748535,0.3470620207963758,0.003006322213828104,14.613654002548786,1e-06,34.967875480651855,56.916015625,56.570502281188965,93.83065509796143,True,PASS,,0.9999956275306623
64,v6b_GT_C_007_04228_containment_orbit_left_44_seed43228,L0_camera_r4,linear_winner_detached,49,349.5545349121094,0.34955453872680664,mid,1.0,-0.002090156078338623,-0.0018355250358581543,-0.002673940966716441,-0.002249024709359058,-0.002249024709359058,0.0,WINNER_IMPROVES,0.782721757888794,0.8170607686042786,0.03433901071548462,0.7806599140167236,0.8151509165763855,0.034491002559661865,0.7806316018104553,0.8152252435684204,0.03459364175796509,0.0020618438720703125,0.002090156078338623,-0.0019098520278930664,-0.0018355250358581543,0.0001519918441772461,0.00025463104248046875,1.0,1.0,0.0001519918441772461,0.00025463104248046875,0.00025463104248046875,0.0,1.0,0.005,-0.0002542734146118164,0.7803153395652771,0.3716358994927073,0.0030254751325540902,14.613719460651087,1e-06,34.967875480651855,56.896484375,56.570502281188965,93.83426237106323,True,PASS,,0.9999962602156418
65,v10_TypeM_071_01038_drop_orbit_left_72_seed40038_foreground_identity_color_shift,L0_camera_r4,linear_winner_detached,49,349.5545349121094,0.34955453872680664,mid,1.0,-0.001893162727355957,-0.0019639134407043457,-0.0025758676744861873,-0.0026497669630710322,-0.0026497669630710322,0.0,WINNER_IMPROVES,0.7359081506729126,0.7421469688415527,0.006238818168640137,0.7339869737625122,0.7400442361831665,0.006057262420654297,0.7340149879455566,0.7401830554008484,0.006168067455291748,0.0019211769104003906,0.001893162727355957,-0.0021027326583862305,-0.0019639134407043457,-0.00018155574798583984,-7.075071334838867e-05,1.0,1.0,-0.00018155574798583984,-7.075071334838867e-05,-7.075071334838867e-05,0.0,1.0,0.005,0.00018280744552612305,0.7343074083328247,0.4113649156478846,0.0030433506495255707,14.613785901586988,1e-06,34.96790599822998,56.916015625,56.570502281188965,92.65469169616699,True,PASS,,0.9999961178280712
66,v10_TypeM_067_01014_drop_orbit_left_72_seed40014_foreground_identity_color_shift,L0_camera_r4,linear_winner_detached,49,349.5545349121094,0.34955453872680664,mid,1.0,-0.0021176934242248535,-0.001940310001373291,-0.0029235218695996632,-0.0026582986387136778,-0.0026582986387136778,0.0,WINNER_IMPROVES,0.7254231572151184,0.7308772802352905,0.005454123020172119,0.7232418656349182,0.7288662195205688,0.005624353885650635,0.7233054637908936,0.7289369702339172,0.005631506443023682,0.0021812915802001953,0.0021176934242248535,-0.0020110607147216797,-0.001940310001373291,0.00017023086547851562,0.0001773834228515625,1.0,1.0,0.00017023086547851562,0.0001773834228515625,0.0001773834228515625,0.0,1.0,0.005,-0.0001767277717590332,0.723131537437439,0.41548128833702863,0.0030541041569881345,14.61385311728329,1e-06,34.96790599822998,56.896484375,56.570502281188965,93.11145567893982,True,PASS,,0.9999965794797369
67,v10_TypeM_039_04214_containment_orbit_left_44_seed43214_foreground_identity_color_shift,L0_camera_r4,linear_winner_detached,49,349.5545349121094,0.34955453872680664,mid,1.0,-0.002057313919067383,-0.0021009445190429688,-0.002616471561062507,-0.002693274569640862,-0.002693274569640862,0.0,WINNER_IMPROVES,0.7873223423957825,0.7811216115951538,-0.006200730800628662,0.785223662853241,0.7791253328323364,-0.006098330020904541,0.7852650284767151,0.7790206670761108,-0.006244361400604248,0.002098679542541504,0.002057313919067383,-0.001996278762817383,-0.0021009445190429688,0.0001024007797241211,-4.363059997558594e-05,1.0,1.0,0.0001024007797241211,-4.363059997558594e-05,-4.363059997558594e-05,0.0,1.0,0.005,7.343292236328125e-05,0.7854264974594116,0.3546695499630333,0.0030458451631697114,14.613920776302754,1e-06,34.967875480651855,56.916015625,56.570502281188965,94.08298850059509,True,PASS,,0.9999961780735822
68,v6b_GT_C_007_04228_containment_orbit_left_44_seed43228,L0_camera_r4,linear_winner_detached,49,349.5545349121094,0.34955453872680664,mid,1.0,-0.002298295497894287,-0.0020825862884521484,-0.0029406060228000194,-0.0025521295213495557,-0.0025521295213495557,0.0,WINNER_IMPROVES,0.782721757888794,0.8170607686042786,0.03433901071548462,0.7804234623908997,0.8149747252464294,0.034551262855529785,0.7804234623908997,0.8149781823158264,0.03455471992492676,0.002298295497894287,0.002298295497894287,-0.002086043357849121,-0.0020825862884521484,0.00021225214004516602,0.00021570920944213867,1.0,1.0,0.00021225214004516602,0.00021570920944213867,0.00021570920944213867,0.0,1.0,0.005,-0.0002046823501586914,0.7802614569664001,0.38011253081548924,0.003064663788878989,14.613989476534169,1e-06,34.967875480651855,56.896484375,56.570502281188965,93.53153681755066,True,PASS,,0.9999965993519989
69,v10_TypeM_071_01038_drop_orbit_left_72_seed40038_foreground_identity_color_shift,L0_camera_r4,linear_winner_detached,49,349.5545349121094,0.34955453872680664,mid,1.0,-0.002105534076690674,-0.00222855806350708,-0.0028652378895125557,-0.003007370314049675,-0.003007370314049675,0.0,WINNER_IMPROVES,0.7359081506729126,0.7421469688415527,0.006238818168640137,0.7338703274726868,0.7397823929786682,0.005912065505981445,0.7338026165962219,0.7399184107780457,0.0061157941818237305,0.00203782320022583,0.002105534076690674,-0.0023645758628845215,-0.00222855806350708,-0.0003267526626586914,-0.00012302398681640625,1.0,1.0,-0.0003267526626586914,-0.00012302398681640625,-0.00012302398681640625,0.0,1.0,0.005,0.00020188093185424805,0.7340007424354553,0.420383825733291,0.0030820811788240666,14.614059158373824,1e-06,34.96790599822998,56.916015625,56.570502281188965,93.61366581916809,True,PASS,,0.9999965099005791
70,v10_TypeM_067_01014_drop_orbit_left_72_seed40014_foreground_identity_color_shift,L0_camera_r4,linear_winner_detached,49,349.5545349121094,0.34955453872680664,mid,1.0,-0.0023685693740844727,-0.0022736787796020508,-0.0032704285041178205,-0.003115738775808525,-0.003115738775808525,0.0,WINNER_IMPROVES,0.7254231572151184,0.7308772802352905,0.005454123020172119,0.7230823636054993,0.7287331223487854,0.005650758743286133,0.7230545878410339,0.7286036014556885,0.005549013614654541,0.0023407936096191406,0.0023685693740844727,-0.002144157886505127,-0.0022736787796020508,0.00019663572311401367,9.489059448242188e-05,1.0,1.0,0.00019663572311401367,9.489059448242188e-05,9.489059448242188e-05,0.0,1.0,0.005,-0.00013071298599243164,0.7229748964309692,0.42372716077544603,0.003092417086828578,14.614129703333942,1e-06,34.96790599822998,56.896484375,56.570502281188965,93.23276829719543,True,PASS,,0.9999969423060585
71,v10_TypeM_039_04214_containment_orbit_left_44_seed43214_foreground_identity_color_shift,L0_camera_r4,linear_winner_detached,49,349.5545349121094,0.34955453872680664,mid,1.0,-0.0023529529571533203,-0.0022664666175842285,-0.0029930255767440244,-0.002905771735022621,-0.002905771735022621,0.0,WINNER_IMPROVES,0.7873223423957825,0.7811216115951538,-0.006200730800628662,0.7850377559661865,0.7789855599403381,-0.006052196025848389,0.7849693894386292,0.7788551449775696,-0.00611424446105957,0.0022845864295959473,0.0023529529571533203,-0.002136051654815674,-0.0022664666175842285,0.00014853477478027344,8.64863395690918e-05,1.0,1.0,0.00014853477478027344,8.64863395690918e-05,8.64863395690918e-05,0.0,1.0,0.005,2.676248550415039e-05,0.7851858139038086,0.3626950117751529,0.0030835156901226524,14.614200658162998,1e-06,34.967875480651855,56.916015625,56.570502281188965,93.02733039855957,True,PASS,,0.9999966589104127
72,v6b_GT_C_007_04228_containment_orbit_left_44_seed43228,L0_camera_r4,linear_winner_detached,49,349.5545349121094,0.34955453872680664,mid,1.0,-0.0025019049644470215,-0.0022930502891540527,-0.003201536195762124,-0.00281040782008019,-0.00281040782008019,0.0,WINNER_IMPROVES,0.782721757888794,0.8170607686042786,0.03433901071548462,0.7801462411880493,0.8149006366729736,0.034754395484924316,0.7802198529243469,0.8147677183151245,0.03454786539077759,0.002575516700744629,0.0025019049644470215,-0.0021601319313049316,-0.0022930502891540527,0.00041538476943969727,0.00020885467529296875,1.0,1.0,0.00041538476943969727,0.00020885467529296875,0.00020885467529296875,0.0,1.0,0.005,-0.0003750324249267578,0.7797181606292725,0.388408429664381,0.0031021363353688747,14.614272748831354,1e-06,34.967875480651855,56.896484375,56.570502281188965,93.53615379333496,True,PASS,,0.9999968765092275
73,v10_TypeM_071_01038_drop_orbit_left_72_seed40038_foreground_identity_color_shift,L0_camera_r4,linear_winner_detached,49,349.5545349121094,0.34955453872680664,mid,1.0,-0.002385854721069336,-0.0025523900985717773,-0.0032473218322997153,-0.0034451252214442864,-0.0034451252214442864,0.0,WINNER_IMPROVES,0.7359081506729126,0.7421469688415527,0.006238818168640137,0.7335876226425171,0.7396908402442932,0.006103217601776123,0.7335222959518433,0.739594578742981,0.006072282791137695,0.002320528030395508,0.002385854721069336,-0.0024561285972595215,-0.0025523900985717773,-0.00013560056686401367,-0.0001665353775024414,1.0,1.0,-0.00013560056686401367,-0.0001665353775024414,-0.0001665353775024414,0.0,1.0,0.005,9.804964065551758e-05,0.733633279800415,0.4296641723123824,0.0031192170758027257,14.614345840844138,1e-06,34.96790599822998,56.916015625,56.570502281188965,93.70605897903442,True,PASS,,0.9999969205487717
74,v10_TypeM_067_01014_drop_orbit_left_72_seed40014_foreground_identity_color_shift,L0_camera_r4,linear_winner_detached,49,349.5545349121094,0.34955453872680664,mid,1.0,-0.002665877342224121,-0.002550840377807617,-0.0036816963528008505,-0.003496212223242585,-0.003496212223242585,0.0,WINNER_IMPROVES,0.7254231572151184,0.7308772802352905,0.005454123020172119,0.7229173183441162,0.7284766435623169,0.005559325218200684,0.7227572798728943,0.7283264398574829,0.005569159984588623,0.0025058388710021973,0.002665877342224121,-0.002400636672973633,-0.002550840377807617,0.00010520219802856445,0.0001150369644165039,1.0,1.0,0.00010520219802856445,0.0001150369644165039,0.0001150369644165039,0.0,1.0,0.005,-0.00012218952178955078,0.722683846950531,0.43360964772648936,0.0031287686008358994,14.614419748220103,1e-06,34.96790599822998,56.896484375,56.570502281188965,94.35460066795349,True,PASS,,0.9999972838681194
75,v10_TypeM_039_04214_containment_orbit_left_44_seed43214_foreground_identity_color_shift,L0_camera_r4,linear_winner_detached,49,349.5545349121094,0.34955453872680664,mid,1.0,-0.0025978684425354004,-0.002447068691253662,-0.0033050806722768502,-0.003137680087800681,-0.003137680087800681,0.0,WINNER_IMPROVES,0.7873223423957825,0.7811216115951538,-0.006200730800628662,0.7848989963531494,0.7787591814994812,-0.006139814853668213,0.7847244739532471,0.7786745429039001,-0.006049931049346924,0.0024233460426330566,0.0025978684425354004,-0.0023624300956726074,-0.002447068691253662,6.091594696044922e-05,0.00015079975128173828,1.0,1.0,6.091594696044922e-05,0.00015079975128173828,0.00015079975128173828,0.0,1.0,0.005,-2.9921531677246094e-05,0.7848395109176636,0.37052023483809227,0.0031189617840811125,14.61449402730845,1e-06,34.967875480651855,56.916015625,56.570502281188965,93.03610873222351,True,PASS,,0.9999969743643998
76,v6b_GT_C_007_04228_containment_orbit_left_44_seed43228,L0_camera_r4,linear_winner_detached,49,349.5545349121094,0.34955453872680664,mid,1.0,-0.0028790831565856934,-0.0024826526641845703,-0.003685078602512829,-0.003043142172202179,-0.003043142172202179,0.0,WINNER_IMPROVES,0.782721757888794,0.8170607686042786,0.03433901071548462,0.7799855470657349,0.8146461844444275,0.03466063737869263,0.7798426747322083,0.814578115940094,0.03473544120788574,0.002736210823059082,0.0028790831565856934,-0.0024145841598510742,-0.0024826526641845703,0.0003216266632080078,0.00039643049240112305,1.0,1.0,0.0003216266632080078,0.00039643049240112305,0.00039643049240112305,0.0,1.0,0.005,-0.0004897117614746094,0.7793275117874146,0.396810066091213,0.0031371883311565136,14.61456951345786,1e-06,34.967875480651855,56.896484375,56.570502281188965,92.68838095664978,True,PASS,,0.9999972863610408
77,v10_TypeM_071_01038_drop_orbit_left_72_seed40038_foreground_identity_color_shift,L0_camera_r4,linear_winner_detached,49,349.5545349121094,0.34955453872680664,mid,1.0,-0.002592146396636963,-0.002841472625732422,-0.003528595745154219,-0.0038360678305196256,-0.0038360678305196256,0.0,WINNER_IMPROVES,0.7359081506729126,0.7421469688415527,0.006238818168640137,0.7332455515861511,0.7394037842750549,0.006158232688903809,0.7333160042762756,0.7393054962158203,0.005989491939544678,0.0026625990867614746,0.002592146396636963,-0.0027431845664978027,-0.002841472625732422,-8.058547973632812e-05,-0.000249326229095459,1.0,1.0,-8.058547973632812e-05,-0.000249326229095459,-0.000249326229095459,0.0,1.0,0.005,0.00036007165908813477,0.7337382435798645,0.4390354070017215,0.003154043253809846,14.614646053126442,1e-06,34.96790599822998,56.916015625,56.570502281188965,93.5290298461914,True,PASS,,0.9999971660194643
78,v10_TypeM_067_01014_drop_orbit_left_72_seed40014_foreground_identity_color_shift,L0_camera_r4,linear_winner_detached,49,349.5545349121094,0.34955453872680664,mid,1.0,-0.00290757417678833,-0.0026265382766723633,-0.004016161684123651,-0.0036001516489572237,-0.0036001516489572237,0.0,WINNER_IMPROVES,0.7254231572151184,0.7308772802352905,0.005454123020172119,0.7225040793418884,0.7281670570373535,0.005662977695465088,0.7225155830383301,0.7282507419586182,0.005735158920288086,0.0029190778732299805,0.00290757417678833,-0.0027102231979370117,-0.0026265382766723633,0.00020885467529296875,0.0002810359001159668,1.0,1.0,0.00020885467529296875,0.0002810359001159668,0.0002810359001159668,0.0,1.0,0.005,-0.00015908479690551758,0.722429096698761,0.44317553227556483,0.0031631224763797425,14.61472332770947,1e-06,34.96790599822998,56.896484375,56.570502281188965,93.82151889801025,True,PASS,,0.9999975100666041
79,v10_TypeM_039_04214_containment_orbit_left_44_seed43214_foreground_identity_color_shift,L0_camera_r4,linear_winner_detached,49,349.5545349121094,0.34955453872680664,mid,1.0,-0.0028253793716430664,-0.0027366280555725098,-0.0035950473046985204,-0.003509611101380988,-0.003509611101380988,0.0,WINNER_IMPROVES,0.7873223423957825,0.7811216115951538,-0.006200730800628662,0.7846032381057739,0.7786141633987427,-0.00598907470703125,0.7844969630241394,0.7783849835395813,-0.0061119794845581055,0.002719104290008545,0.0028253793716430664,-0.002507448196411133,-0.0027366280555725098,0.0002116560935974121,8.875131607055664e-05,1.0,1.0,0.0002116560935974121,8.875131607055664e-05,8.875131607055664e-05,0.0,1.0,0.005,2.7418136596679688e-06,0.7846485376358032,0.37861718288383045,0.0031525715053625798,14.614801074495539,1e-06,34.967875480651855,56.916015625,56.570502281188965,92.24648070335388,True,PASS,,0.9999972184031707
80,v6b_GT_C_007_04228_containment_orbit_left_44_seed43228,L0_camera_r4,linear_winner_detached,49,349.5545349121094,0.34955453872680664,mid,1.0,-0.0029976367950439453,-0.0026877522468566895,-0.0038371126641299157,-0.0032949601392009264,-0.0032949601392009264,0.0,WINNER_IMPROVES,0.782721757888794,0.8170607686042786,0.03433901071548462,0.7796382308006287,0.8144084811210632,0.03477025032043457,0.77972412109375,0.8143730163574219,0.034648895263671875,0.003083527088165283,0.0029976367950439453,-0.002652287483215332,-0.0026877522468566895,0.00043123960494995117,0.00030988454818725586,1.0,1.0,0.00043123960494995117,0.00030988454818725586,0.00030988454818725586,0.0,1.0,0.005,-0.00038319826126098633,0.7792032957077026,0.40554520285457524,0.0031706769864188735,14.61487998249855,1e-06,34.967875480651855,56.896484375,56.570502281188965,94.6757652759552,True,PASS,,0.9999973938805519
81,v10_TypeM_071_01038_drop_orbit_left_72_seed40038_foreground_identity_color_shift,L0_camera_r4,linear_winner_detached,49,349.5545349121094,0.34955453872680664,mid,1.0,-0.0028769969940185547,-0.003056049346923828,-0.003917113014798208,-0.00412635089332344,-0.00412635089332344,0.0,WINNER_IMPROVES,0.7359081506729126,0.7421469688415527,0.006238818168640137,0.7330833673477173,0.7390512228012085,0.005967855453491211,0.733031153678894,0.7390909194946289,0.006059765815734863,0.0028247833251953125,0.0028769969940185547,-0.0030957460403442383,-0.003056049346923828,-0.0002709627151489258,-0.00017905235290527344,1.0,1.0,-0.0002709627151489258,-0.00017905235290527344,-0.00017905235290527344,0.0,1.0,0.005,0.00013017654418945312,0.7331486940383911,0.4484315126733772,0.00318699449229922,14.614959952929855,1e-06,34.96790599822998,56.916015625,56.570502281188965,94.63046932220459,True,PASS,,0.9999974471059596
82,v10_TypeM_067_01014_drop_orbit_left_72_seed40014_foreground_identity_color_shift,L0_camera_r4,linear_winner_detached,49,349.5545349121094,0.34955453872680664,mid,1.0,-0.0031295418739318848,-0.0030745267868041992,-0.004323423980164058,-0.00421549788386889,-0.00421549788386889,0.0,WINNER_IMPROVES,0.7254231572151184,0.7308772802352905,0.005454123020172119,0.7223237752914429,0.7279626727104187,0.00563889741897583,0.7222936153411865,0.7278027534484863,0.005509138107299805,0.003099381923675537,0.0031295418739318848,-0.002914607524871826,-0.0030745267868041992,0.00018477439880371094,5.501508712768555e-05,1.0,1.0,0.00018477439880371094,5.501508712768555e-05,5.501508712768555e-05,0.0,1.0,0.005,-0.00023794174194335938,0.7220605611801147,0.4526930163758408,0.0031958867422038537,14.61504076357166,1e-06,34.96790599822998,56.896484375,56.570502281188965,93.23693943023682,True,PASS,,0.9999976870237766
83,v10_TypeM_039_04214_containment_orbit_left_44_seed43214_foreground_identity_color_shift,L0_camera_r4,linear_winner_detached,49,349.5545349121094,0.34955453872680664,mid,1.0,-0.0030170083045959473,-0.0028494596481323242,-0.003839346961596368,-0.003654577630921182,-0.003654577630921182,0.0,WINNER_IMPROVES,0.7873223423957825,0.7811216115951538,-0.006200730800628662,0.7843489646911621,0.7782375812530518,-0.0061113834381103516,0.7843053340911865,0.7782721519470215,-0.006033182144165039,0.0029733777046203613,0.0030170083045959473,-0.0028840303421020508,-0.0028494596481323242,8.934736251831055e-05,0.00016754865646362305,1.0,1.0,8.934736251831055e-05,0.00016754865646362305,0.00016754865646362305,0.0,1.0,0.005,-4.601478576660156e-05,0.7843921780586243,0.38694048007610593,0.0031846865761841867,14.615121939147603,1e-06,34.967875480651855,56.916015625,56.570502281188965,94.41595506668091,True,PASS,,0.999997395397172
84,v6b_GT_C_007_04228_containment_orbit_left_44_seed43228,L0_camera_r4,linear_winner_detached,49,349.5545349121094,0.34955453872680664,mid,1.0,-0.0033908486366271973,-0.0029831528663635254,-0.004341535968276232,-0.003657759739381535,-0.003657759739381535,0.0,WINNER_IMPROVES,0.782721757888794,0.8170607686042786,0.03433901071548462,0.7792635560035706,0.8141236305236816,0.034860074520111084,0.7793309092521667,0.814077615737915,0.03474670648574829,0.0034582018852233887,0.0033908486366271973,-0.002937138080596924,-0.0029831528663635254,0.0005210638046264648,0.0004076957702636719,1.0,1.0,0.0005210638046264648,0.0004076957702636719,0.0004076957702636719,0.0,1.0,0.005,-0.0006347894668579102,0.7786117792129517,0.4142403880438431,0.0032023403566688083,14.615204295176502,1e-06,34.967875480651855,56.896484375,56.570502281188965,93.07370162010193,True,PASS,,0.9999976966730116
85,v10_TypeM_071_01038_drop_orbit_left_72_seed40038_foreground_identity_color_shift,L0_camera_r4,linear_winner_detached,49,349.5545349121094,0.34955453872680664,mid,1.0,-0.00315016508102417,-0.0032305121421813965,-0.00428983795745501,-0.004362429273603672,-0.004362429273603672,0.0,WINNER_IMPROVES,0.7359081506729126,0.7421469688415527,0.006238818168640137,0.7328473329544067,0.7388219833374023,0.0059746503829956055,0.7327579855918884,0.7389164566993713,0.00615847110748291,0.0030608177185058594,0.00315016508102417,-0.0033249855041503906,-0.0032305121421813965,-0.00026416778564453125,-8.034706115722656e-05,1.0,1.0,-0.00026416778564453125,-8.034706115722656e-05,-8.034706115722656e-05,0.0,1.0,0.005,0.00019973516464233398,0.7330106496810913,0.4580849039339577,0.003218264671679769,14.615287694543692,1e-06,34.96790599822998,56.916015625,56.570502281188965,94.09721302986145,True,PASS,,0.9999976689150527
86,v10_TypeM_067_01014_drop_orbit_left_72_seed40014_foreground_identity_color_shift,L0_camera_r4,linear_winner_detached,49,349.5545349121094,0.34955453872680664,mid,1.0,-0.0033203959465026855,-0.0033013224601745605,-0.004587692257389755,-0.004527163391053312,-0.004527163391053312,0.0,WINNER_IMPROVES,0.7254231572151184,0.7308772802352905,0.005454123020172119,0.7220287919044495,0.7277467250823975,0.005717933177947998,0.7221027612686157,0.727575957775116,0.005473196506500244,0.0033943653106689453,0.0033203959465026855,-0.0031305551528930664,-0.0033013224601745605,0.0002638101577758789,1.9073486328125e-05,1.0,1.0,0.0002638101577758789,1.9073486328125e-05,1.9073486328125e-05,0.0,1.0,0.005,-0.00025004148483276367,0.7217482328414917,0.46140433937688036,0.003226764115190414,14.615372092398065,1e-06,34.96790599822998,56.896484375,56.570502281188965,92.32486987113953,True,PASS,,0.9999978202595899
87,v10_TypeM_039_04214_containment_orbit_left_44_seed43214_foreground_identity_color_shift,L0_camera_r4,linear_winner_detached,49,349.5545349121094,0.34955453872680664,mid,1.0,-0.003194093704223633,-0.003178238868713379,-0.004065158752501607,-0.004077114504554161,-0.004077114504554161,0.0,WINNER_IMPROVES,0.7873223423957825,0.7811216115951538,-0.006200730800628662,0.7841042280197144,0.777898907661438,-0.006205320358276367,0.7841282486915588,0.7779433727264404,-0.006184875965118408,0.0032181143760681152,0.003194093704223633,-0.0032227039337158203,-0.003178238868713379,-4.589557647705078e-06,1.5854835510253906e-05,1.0,1.0,-4.589557647705078e-06,1.5854835510253906e-05,1.5854835510253906e-05,0.0,1.0,0.005,-5.179643630981445e-05,0.7840241193771362,0.3950412729208797,0.0032147523504880903,14.615456812313907,1e-06,34.967875480651855,56.916015625,56.570502281188965,92.89054727554321,True,PASS,,0.9999975400775198
88,v6b_GT_C_007_04228_containment_orbit_left_44_seed43228,L0_camera_r4,linear_winner_detached,49,349.5545349121094,0.34955453872680664,mid,1.0,-0.003731369972229004,-0.003089308738708496,-0.004778572075361631,-0.003788168426419308,-0.003788168426419308,0.0,WINNER_IMPROVES,0.782721757888794,0.8170607686042786,0.03433901071548462,0.7791339755058289,0.8139509558677673,0.03481698036193848,0.7789903879165649,0.8139714598655701,0.03498107194900513,0.003587782382965088,0.003731369972229004,-0.0031098127365112305,-0.003089308738708496,0.0004779696464538574,0.0006420612335205078,1.0,1.0,0.0004779696464538574,0.0006420612335205078,0.0006420612335205078,0.0,1.0,0.005,-0.0005068182945251465,0.7786152958869934,0.42307046169280543,0.0032322041529184195,14.615542598282802,1e-06,34.967875480651855,56.896484375,56.570502281188965,94.70809149742126,True,PASS,,0.9999979073290273
89,v10_TypeM_071_01038_drop_orbit_left_72_seed40038_foreground_identity_color_shift,L0_camera_r4,linear_winner_detached,49,349.5545349121094,0.34955453872680664,mid,1.0,-0.003483295440673828,-0.0036739110946655273,-0.004744566680124699,-0.004962675796892116,-0.004962675796892116,0.0,WINNER_IMPROVES,0.7359081506729126,0.7421469688415527,0.006238818168640137,0.7325696349143982,0.7384408116340637,0.005871176719665527,0.7324248552322388,0.7384730577468872,0.0060482025146484375,0.0033385157585144043,0.003483295440673828,-0.0037061572074890137,-0.0036739110946655273,-0.0003676414489746094,-0.00019061565399169922,1.0,1.0,-0.0003676414489746094,-0.00019061565399169922,-0.00019061565399169922,0.0,1.0,0.005,0.00015997886657714844,0.7326604723930359,0.46764398719342476,0.0032479166557959007,14.615629609226824,1e-06,34.96790599822998,56.916015625,56.570502281188965,93.16193294525146,True,PASS,,0.999997892330407
90,v10_TypeM_067_01014_drop_orbit_left_72_seed40014_foreground_identity_color_shift,L0_camera_r4,linear_winner_detached,49,349.5545349121094,0.34955453872680664,mid,1.0,-0.003782927989959717,-0.0034654736518859863,-0.005228432411169808,-0.00475280266331745,-0.00475280266331745,0.0,WINNER_IMPROVES,0.7254231572151184,0.7308772802352905,0.005454123020172119,0.7217721939086914,0.7275362014770508,0.005764007568359375,0.7216402292251587,0.7274118065834045,0.00577157735824585,0.003650963306427002,0.003782927989959717,-0.003341078758239746,-0.0034654736518859863,0.00030988454818725586,0.00031745433807373047,1.0,1.0,0.00030988454818725586,0.00031745433807373047,0.00031745433807373047,0.0,1.0,0.005,-0.0003415346145629883,0.7214424014091492,0.4711300099288488,0.0032565864354875155,14.615717493154294,1e-06,34.96790599822998,56.896484375,56.570502281188965,93.68687081336975,True,PASS,,0.9999980873844994
91,v10_TypeM_039_04214_containment_orbit_left_44_seed43214_foreground_identity_color_shift,L0_camera_r4,linear_winner_detached,49,349.5545349121094,0.34955453872680664,mid,1.0,-0.003566145896911621,-0.0034376978874206543,-0.0045397500989069394,-0.004410689288231465,-0.004410689288231465,0.0,WINNER_IMPROVES,0.7873223423957825,0.7811216115951538,-0.006200730800628662,0.7838918566703796,0.7777068614959717,-0.006184995174407959,0.7837561964988708,0.7776839137077332,-0.006072282791137695,0.003430485725402832,0.003566145896911621,-0.003414750099182129,-0.0034376978874206543,1.5735626220703125e-05,0.0001284480094909668,1.0,1.0,1.5735626220703125e-05,0.0001284480094909668,0.0001284480094909668,0.0,1.0,0.005,-0.00025081634521484375,0.7835162281990051,0.40343996106229596,0.0032440721832620507,14.615805759478834,1e-06,34.967875480651855,56.916015625,56.570502281188965,93.67994093894958,True,PASS,,0.9999977972404308
92,v6b_GT_C_007_04228_containment_orbit_left_44_seed43228,L0_camera_r4,linear_winner_detached,49,349.5545349121094,0.34955453872680664,mid,1.0,-0.004045844078063965,-0.0034481287002563477,-0.005182348039085012,-0.004229091833084093,-0.004229091833084093,0.0,WINNER_IMPROVES,0.782721757888794,0.8170607686042786,0.03433901071548462,0.7787132263183594,0.8136467337608337,0.034933507442474365,0.77867591381073,0.8136126399040222,0.034936726093292236,0.00400853157043457,0.004045844078063965,-0.0034140348434448242,-0.0034481287002563477,0.0005944967269897461,0.0005977153778076172,1.0,1.0,0.0005944967269897461,0.0005977153778076172,0.0005977153778076172,0.0,1.0,0.005,-0.0006046295166015625,0.7781234979629517,0.4319598671691552,0.0032613090354603564,14.615895226001157,1e-06,34.967875480651855,56.896484375,56.570502281188965,92.54768586158752,True,PASS,,0.9999980703764726
93,v10_TypeM_071_01038_drop_orbit_left_72_seed40038_foreground_identity_color_shift,L0_camera_r4,linear_winner_detached,49,349.5545349121094,0.34955453872680664,mid,1.0,-0.00374680757522583,-0.0038734078407287598,-0.005104411848811223,-0.005232859919262681,-0.005232859919262681,0.0,WINNER_IMPROVES,0.7359081506729126,0.7421469688415527,0.006238818168640137,0.7322304844856262,0.7382917404174805,0.006061255931854248,0.7321613430976868,0.738273561000824,0.006112217903137207,0.003677666187286377,0.00374680757522583,-0.0038552284240722656,-0.0038734078407287598,-0.00017756223678588867,-0.0001266002655029297,1.0,1.0,-0.00017756223678588867,-0.0001266002655029297,-0.0001266002655029297,0.0,1.0,0.005,0.00015395879745483398,0.7323678731918335,0.47711172315764616,0.003276688804351574,14.615985785978358,1e-06,34.96790599822998,56.916015625,56.570502281188965,93.31358861923218,True,PASS,,0.9999980409142708
94,v10_TypeM_067_01014_drop_orbit_left_72_seed40014_foreground_identity_color_shift,L0_camera_r4,linear_winner_detached,49,349.5545349121094,0.34955453872680664,mid,1.0,-0.0041217803955078125,-0.003700733184814453,-0.005698101323149091,-0.005076274979258001,-0.005076274979258001,0.0,WINNER_IMPROVES,0.7254231572151184,0.7308772802352905,0.005454123020172119,0.7215802073478699,0.727255642414093,0.0056754350662231445,0.7213013768196106,0.7271765470504761,0.0058751702308654785,0.003842949867248535,0.0041217803955078125,-0.0036216378211975098,-0.003700733184814453,0.0002213120460510254,0.0004210472106933594,1.0,1.0,0.0002213120460510254,0.0004210472106933594,0.0004210472106933594,0.0,1.0,0.005,-0.00033164024353027344,0.721135675907135,0.4817369201050206,0.0032836378764366392,14.616077205832656,1e-06,34.96790599822998,56.896484375,56.570502281188965,92.94148898124695,True,PASS,,0.9999982450325322
95,v10_TypeM_039_04214_containment_orbit_left_44_seed43214_foreground_identity_color_shift,L0_camera_r4,linear_winner_detached,49,349.5545349121094,0.34955453872680664,mid,1.0,-0.0037865638732910156,-0.003751397132873535,-0.004821022482780244,-0.004814146942844095,-0.004814146942844095,0.0,WINNER_IMPROVES,0.7873223423957825,0.7811216115951538,-0.006200730800628662,0.7835812568664551,0.7774046659469604,-0.006176590919494629,0.7835357785224915,0.7773702144622803,-0.006165564060211182,0.0037410855293273926,0.0037865638732910156,-0.0037169456481933594,-0.003751397132873535,2.4139881134033203e-05,3.516674041748047e-05,1.0,1.0,2.4139881134033203e-05,3.516674041748047e-05,3.516674041748047e-05,0.0,1.0,0.005,-7.331371307373047e-05,0.7834026217460632,0.41176487493523706,0.0032702894146785857,14.616168975047284,1e-06,34.967875480651855,56.916015625,56.570502281188965,93.60604500770569,True,PASS,,0.9999979257555232
96,v6b_GT_C_007_04228_containment_orbit_left_44_seed43228,L0_camera_r4,linear_winner_detached,49,349.5545349121094,0.34955453872680664,mid,1.0,-0.0043749213218688965,-0.0036718249320983887,-0.005605048663591626,-0.004504071566060256,-0.004504071566060256,0.0,WINNER_IMPROVES,0.782721757888794,0.8170607686042786,0.03433901071548462,0.7783778309822083,0.8133898377418518,0.035012006759643555,0.778346836566925,0.8133889436721802,0.03504210710525513,0.004343926906585693,0.0043749213218688965,-0.003670930862426758,-0.0036718249320983887,0.0006729960441589355,0.0007030963897705078,1.0,1.0,0.0006729960441589355,0.0007030963897705078,0.0007030963897705078,0.0,1.0,0.005,-0.0005573630332946777,0.7779114842414856,0.44099034649963076,0.003287521753334088,14.61626199106951,1e-06,34.967875480651855,56.896484375,56.570502281188965,93.06042671203613,True,PASS,,0.9999982158973527
97,v10_TypeM_071_01038_drop_orbit_left_72_seed40038_foreground_identity_color_shift,L0_camera_r4,linear_winner_detached,49,349.5545349121094,0.34955453872680664,mid,1.0,-0.004074692726135254,-0.004163801670074463,-0.005552343974906904,-0.005626279063257445,-0.005626279063257445,0.0,WINNER_IMPROVES,0.7359081506729126,0.7421469688415527,0.006238818168640137,0.7317697405815125,0.7380398511886597,0.006270110607147217,0.7318334579467773,0.7379831671714783,0.006149709224700928,0.0041384100914001465,0.004074692726135254,-0.004107117652893066,-0.004163801670074463,3.129243850708008e-05,-8.910894393920898e-05,1.0,1.0,3.129243850708008e-05,-8.910894393920898e-05,-8.910894393920898e-05,0.0,1.0,0.005,3.30805778503418e-05,0.7318333983421326,0.4870669183875072,0.0033027119557540066,14.6163561246132,1e-06,34.96790599822998,56.916015625,56.570502281188965,97.21266674995422,True,PASS,,0.9999981989620897
98,v10_TypeM_067_01014_drop_orbit_left_72_seed40014_foreground_identity_color_shift,L0_camera_r4,linear_winner_detached,49,349.5545349121094,0.34955453872680664,mid,1.0,-0.004398047924041748,-0.004103302955627441,-0.006081187303670327,-0.005630034916513359,-0.005630034916513359,0.0,WINNER_IMPROVES,0.7254231572151184,0.7308772802352905,0.005454123020172119,0.721156120300293,0.7268233895301819,0.005667269229888916,0.7210251092910767,0.7267739772796631,0.005748867988586426,0.0042670369148254395,0.004398047924041748,-0.004053890705108643,-0.004103302955627441,0.00021314620971679688,0.00029474496841430664,1.0,1.0,0.00021314620971679688,0.00029474496841430664,0.00029474496841430664,0.0,1.0,0.005,-0.00016748905181884766,0.7210603356361389,0.49126562584463745,0.003309888329488453,14.616451224028964,1e-06,34.96790599822998,56.896484375,56.570502281188965,95.77151608467102,True,PASS,,0.9999983555869838
99,v10_TypeM_039_04214_containment_orbit_left_44_seed43214_foreground_identity_color_shift,L0_camera_r4,linear_winner_detached,49,349.5545349121094,0.34955453872680664,mid,1.0,-0.004129230976104736,-0.004098176956176758,-0.00525845247606513,-0.005260339996701632,-0.005260339996701632,0.0,WINNER_IMPROVES,0.7873223423957825,0.7811216115951538,-0.006200730800628662,0.7831522226333618,0.7771871089935303,-0.005965113639831543,0.7831931114196777,0.777023434638977,-0.006169676780700684,0.004170119762420654,0.004129230976104736,-0.003934502601623535,-0.004098176956176758,0.00023561716079711914,3.1054019927978516e-05,1.0,1.0,0.00023561716079711914,3.1054019927978516e-05,3.1054019927978516e-05,0.0,1.0,0.005,-0.00010377168655395508,0.7831477522850037,0.4202705858108908,0.0032959326964378554,14.61654660906119,1e-06,34.967875480651855,56.916015625,56.570502281188965,94.54694414138794,True,PASS,,0.9999980983034403
100,v6b_GT_C_007_04228_containment_orbit_left_44_seed43228,L0_camera_r4,linear_winner_detached,49,349.5545349121094,0.34955453872680664,mid,1.0,-0.004809558391571045,-0.003998875617980957,-0.006163615155858996,-0.004906236425762825,-0.004906236425762825,0.0,WINNER_IMPROVES,0.782721757888794,0.8170607686042786,0.03433901071548462,0.7779691815376282,0.813086986541748,0.03511780500411987,0.7779121994972229,0.8130618929862976,0.03514969348907471,0.0047525763511657715,0.004809558391571045,-0.003973782062530518,-0.003998875617980957,0.0007787942886352539,0.0008106827735900879,1.0,1.0,0.0007787942886352539,0.0008106827735900879,0.0008106827735900879,0.0,1.0,0.005,-0.000743865966796875,0.777252733707428,0.4499007089661464,0.003313079465197575,14.616643144592235,1e-06,34.967875480651855,56.896484375,56.570502281188965,97.44272708892822,True,PASS,,0.9999983775781708
101,v10_TypeM_071_01038_drop_orbit_left_72_seed40038_foreground_identity_color_shift,L0_camera_r4,linear_winner_detached,49,349.5545349121094,0.34955453872680664,mid,1.0,-0.004452168941497803,-0.004594624042510986,-0.006068272277730388,-0.0062102329909596585,-0.0062102329909596585,0.0,WINNER_IMPROVES,0.7359081506729126,0.7421469688415527,0.006238818168640137,0.7315787076950073,0.7376995086669922,0.006120800971984863,0.7314559817314148,0.7375523447990417,0.006096363067626953,0.0043294429779052734,0.004452168941497803,-0.004447460174560547,-0.004594624042510986,-0.00011801719665527344,-0.0001424551010131836,1.0,1.0,-0.00011801719665527344,-0.0001424551010131836,-0.0001424551010131836,0.0,1.0,0.005,9.870529174804688e-05,0.7316312789916992,0.49697389067965553,0.0033277509276460255,14.616740951502203,1e-06,34.96790599822998,56.916015625,56.570502281188965,92.99294424057007,True,PASS,,0.9999983520872066
102,v10_TypeM_067_01014_drop_orbit_left_72_seed40014_foreground_identity_color_shift,L0_camera_r4,linear_winner_detached,49,349.5545349121094,0.34955453872680664,mid,1.0,-0.004496634006500244,-0.004528641700744629,-0.00621792709302623,-0.0062154483520781715,-0.0062154483520781715,0.0,WINNER_IMPROVES,0.7254231572151184,0.7308772802352905,0.005454123020172119,0.720879316329956,0.7264730930328369,0.005593776702880859,0.7209265232086182,0.7263486385345459,0.005422115325927734,0.0045438408851623535,0.004496634006500244,-0.004404187202453613,-0.004528641700744629,0.00013965368270874023,-3.2007694244384766e-05,1.0,1.0,0.00013965368270874023,-3.2007694244384766e-05,-3.2007694244384766e-05,0.0,1.0,0.005,-0.00024044513702392578,0.7205689549446106,0.5007043980976329,0.0033344836330958384,14.616839676298103,1e-06,34.96790599822998,56.896484375,56.570502281188965,94.51159048080444,True,PASS,,0.9999983917495706
103,v10_TypeM_039_04214_containment_orbit_left_44_seed43214_foreground_identity_color_shift,L0_camera_r4,linear_winner_detached,49,349.5545349121094,0.34955453872680664,mid,1.0,-0.004480957984924316,-0.004258692264556885,-0.005707646936568054,-0.0054669385120628845,-0.0054669385120628845,0.0,WINNER_IMPROVES,0.7873223423957825,0.7811216115951538,-0.006200730800628662,0.7829253077507019,0.7768245935440063,-0.006100714206695557,0.7828413844108582,0.7768629193305969,-0.0059784650802612305,0.004397034645080566,0.004480957984924316,-0.004297018051147461,-0.004258692264556885,0.00010001659393310547,0.00022226572036743164,1.0,1.0,0.00010001659393310547,0.00022226572036743164,0.00022226572036743164,0.0,1.0,0.005,-0.00011605024337768555,0.7828112840652466,0.4286396555751853,0.0033199496500433425,14.616938596839061,1e-06,34.967875480651855,56.916015625,56.570502281188965,93.35154151916504,True,PASS,,0.9999982479675792
104,v6b_GT_C_007_04228_containment_orbit_left_44_seed43228,L0_camera_r4,linear_winner_detached,49,349.5545349121094,0.34955453872680664,mid,1.0,-0.005089223384857178,-0.004394173622131348,-0.006523186933630122,-0.005392539040256172,-0.005392539040256172,0.0,WINNER_IMPROVES,0.782721757888794,0.8170607686042786,0.03433901071548462,0.7777584791183472,0.8128046989440918,0.03504621982574463,0.7776325345039368,0.8126665949821472,0.03503406047821045,0.004963278770446777,0.005089223384857178,-0.004256069660186768,-0.004394173622131348,0.0007072091102600098,0.0006950497627258301,1.0,1.0,0.0007072091102600098,0.0006950497627258301,0.0006950497627258301,0.0,1.0,0.005,-0.0008005499839782715,0.7768320441246033,0.4589711086025727,0.003336346555334056,14.617038844509391,1e-06,34.967875480651855,56.896484375,56.570502281188965,93.72114849090576,True,PASS,,0.9999984670093358
105,v10_TypeM_071_01038_drop_orbit_left_72_seed40038_foreground_identity_color_shift,L0_camera_r4,linear_winner_detached,49,349.5545349121094,0.34955453872680664,mid,1.0,-0.0048389434814453125,-0.0047983527183532715,-0.006597185621041655,-0.006486493810869862,-0.006486493810869862,0.0,WINNER_IMPROVES,0.7359081506729126,0.7421469688415527,0.006238818168640137,0.7312108874320984,0.737297773361206,0.006086885929107666,0.7310692071914673,0.7373486161231995,0.006279408931732178,0.004697263240814209,0.0048389434814453125,-0.00484919548034668,-0.0047983527183532715,-0.0001519322395324707,4.0590763092041016e-05,1.0,1.0,-0.0001519322395324707,4.0590763092041016e-05,4.0590763092041016e-05,0.0,1.0,0.005,5.608797073364258e-05,0.7312436103820801,0.5069096139547409,0.0033512127889963575,14.617140268810235,1e-06,34.96790599822998,56.916015625,56.570502281188965,93.6288366317749,True,PASS,,0.9999984842044144
106,v10_TypeM_067_01014_drop_orbit_left_72_seed40014_foreground_identity_color_shift,L0_camera_r4,linear_winner_detached,49,349.5545349121094,0.34955453872680664,mid,1.0,-0.004999339580535889,-0.004735052585601807,-0.006915475181369148,-0.006499664780848937,-0.006499664780848937,0.0,WINNER_IMPROVES,0.7254231572151184,0.7308772802352905,0.005454123020172119,0.7206291556358337,0.726189374923706,0.0055602192878723145,0.7204238176345825,0.7261422276496887,0.005718410015106201,0.004794001579284668,0.004999339580535889,-0.004687905311584473,-0.004735052585601807,0.00010609626770019531,0.00026428699493408203,1.0,1.0,0.00010609626770019531,0.00026428699493408203,0.00026428699493408203,0.0,1.0,0.005,-0.00033271312713623047,0.7201014757156372,0.5104946067923702,0.0033576931049725048,14.61724261295677,1e-06,34.96790599822998,56.896484375,56.570502281188965,94.31817197799683,True,PASS,,0.9999985539698607
107,v10_TypeM_039_04214_containment_orbit_left_44_seed43214_foreground_identity_color_shift,L0_camera_r4,linear_winner_detached,49,349.5545349121094,0.34955453872680664,mid,1.0,-0.00487905740737915,-0.004661619663238525,-0.006216307672515386,-0.005985732639941225,-0.005985732639941225,0.0,WINNER_IMPROVES,0.7873223423957825,0.7811216115951538,-0.006200730800628662,0.7825733423233032,0.776459276676178,-0.006114065647125244,0.7824432849884033,0.7764599919319153,-0.005983293056488037,0.004749000072479248,0.00487905740737915,-0.00466233491897583,-0.004661619663238525,8.666515350341797e-05,0.000217437744140625,1.0,1.0,8.666515350341797e-05,0.000217437744140625,0.000217437744140625,0.0,1.0,0.005,-0.00010687112808227539,0.7824780941009521,0.4374035951239071,0.0033426852169256014,14.617345305807632,1e-06,34.967875480651855,56.916015625,56.570502281188965,94.02510333061218,True,PASS,,0.9999983913306033
108,v6b_GT_C_007_04228_containment_orbit_left_44_seed43228,L0_camera_r4,linear_winner_detached,49,349.5545349121094,0.34955453872680664,mid,1.0,-0.005509376525878906,-0.004677772521972656,-0.007063630731665805,-0.0057415731876317945,-0.0057415731876317945,0.0,WINNER_IMPROVES,0.782721757888794,0.8170607686042786,0.03433901071548462,0.7773261070251465,0.812441885471344,0.03511577844619751,0.777212381362915,0.8123829960823059,0.03517061471939087,0.005395650863647461,0.005509376525878906,-0.00461888313293457,-0.004677772521972656,0.0007767677307128906,0.00083160400390625,1.0,1.0,0.0007767677307128906,0.00083160400390625,0.00083160400390625,0.0,1.0,0.005,-0.0007219314575195312,0.7765582203865051,0.46816329089133424,0.0033590293224761768,14.61744916024767,1e-06,34.967875480651855,56.896484375,56.570502281188965,92.57508254051208,True,PASS,,0.9999985842994598
109,v10_TypeM_071_01038_drop_orbit_left_72_seed40038_foreground_identity_color_shift,L0_camera_r4,linear_winner_detached,49,349.5545349121094,0.34955453872680664,mid,1.0,-0.0051326751708984375,-0.005204141139984131,-0.0069990500500947475,-0.007036979846820251,-0.007036979846820251,0.0,WINNER_IMPROVES,0.7359081506729126,0.7421469688415527,0.006238818168640137,0.7309362292289734,0.7371807098388672,0.006244480609893799,0.7307754755020142,0.7369428277015686,0.006167352199554443,0.004971921443939209,0.0051326751708984375,-0.004966259002685547,-0.005204141139984131,5.662441253662109e-06,-7.146596908569336e-05,1.0,1.0,5.662441253662109e-06,-7.146596908569336e-05,-7.146596908569336e-05,0.0,1.0,0.005,7.18832015991211e-05,0.7309539914131165,0.5170086464624284,0.003373587851628794,14.617554236012564,1e-06,34.96790599822998,56.916015625,56.570502281188965,93.00475096702576,True,PASS,,0.9999985712367192
110,v10_TypeM_067_01014_drop_orbit_left_72_seed40014_foreground_identity_color_shift,L0_camera_r4,linear_winner_detached,49,349.5545349121094,0.34955453872680664,mid,1.0,-0.00537872314453125,-0.005109012126922607,-0.007442225516964362,-0.0070147923255997734,-0.0070147923255997734,0.0,WINNER_IMPROVES,0.7254231572151184,0.7308772802352905,0.005454123020172119,0.7201463580131531,0.7257688641548157,0.005622506141662598,0.7200444340705872,0.7257682681083679,0.005723834037780762,0.005276799201965332,0.00537872314453125,-0.0051084160804748535,-0.005109012126922607,0.00016838312149047852,0.0002697110176086426,1.0,1.0,0.00016838312149047852,0.0002697110176086426,0.0002697110176086426,0.0,1.0,0.005,-0.0002715587615966797,0.7199134230613708,0.5206052452173706,0.0033800699964413555,14.617660276738604,1e-06,34.96790599822998,56.896484375,56.570502281188965,93.81357526779175,True,PASS,,0.9999986563177183
111,v10_TypeM_039_04214_containment_orbit_left_44_seed43214_foreground_identity_color_shift,L0_camera_r4,linear_winner_detached,49,349.5545349121094,0.34955453872680664,mid,1.0,-0.005149126052856445,-0.005068540573120117,-0.006561527915913611,-0.006509941966957801,-0.006509941966957801,0.0,WINNER_IMPROVES,0.7873223423957825,0.7811216115951538,-0.006200730800628662,0.7822220921516418,0.77608323097229,-0.006138861179351807,0.782173216342926,0.7760530710220337,-0.006120145320892334,0.005100250244140625,0.005149126052856445,-0.0050383806228637695,-0.005068540573120117,6.186962127685547e-05,8.058547973632812e-05,1.0,1.0,6.186962127685547e-05,8.058547973632812e-05,8.058547973632812e-05,0.0,1.0,0.005,-9.948015213012695e-05,0.782167375087738,0.4458495529498543,0.0033643806995194724,14.61776659943891,1e-06,34.967875480651855,56.916015625,56.570502281188965,93.2414824962616,True,PASS,,0.9999984759670479
112,v6b_GT_C_007_04228_containment_orbit_left_44_seed43228,L0_camera_r4,linear_winner_detached,49,349.5545349121094,0.34955453872680664,mid,1.0,-0.005758821964263916,-0.005005240440368652,-0.007384631116297197,-0.006144749933211616,-0.006144749933211616,0.0,WINNER_IMPROVES,0.782721757888794,0.8170607686042786,0.03433901071548462,0.7768768668174744,0.8119766116142273,0.03509974479675293,0.77696293592453,0.8120555281639099,0.03509259223937988,0.00584489107131958,0.005758821964263916,-0.0050841569900512695,-0.005005240440368652,0.0007607340812683105,0.0007535815238952637,1.0,1.0,0.0007607340812683105,0.0007535815238952637,0.0007535815238952637,0.0,1.0,0.005,-0.0008745193481445312,0.776053786277771,0.47738164516620074,0.0033804604074655323,14.61787416566843,1e-06,34.967875480651855,56.896484375,56.570502281188965,93.34388518333435,True,PASS,,0.9999986458380519
113,v10_TypeM_071_01038_drop_orbit_left_72_seed40038_foreground_identity_color_shift,L0_camera_r4,linear_winner_detached,49,349.5545349121094,0.34955453872680664,mid,1.0,-0.005527496337890625,-0.0055637359619140625,-0.007539473024936148,-0.007525053772090143,-0.007525053772090143,0.0,WINNER_IMPROVES,0.7359081506729126,0.7421469688415527,0.006238818168640137,0.730532169342041,0.7365992665290833,0.006067097187042236,0.730380654335022,0.7365832328796387,0.006202578544616699,0.005375981330871582,0.005527496337890625,-0.005547702312469482,-0.0055637359619140625,-0.0001717209815979004,-3.62396240234375e-05,1.0,1.0,-0.0001717209815979004,-3.62396240234375e-05,-3.62396240234375e-05,0.0,1.0,0.005,3.165006637573242e-05,0.7305160164833069,0.5272171327275079,0.0033946531386973176,14.617982953853534,1e-06,34.96790599822998,56.916015625,56.570502281188965,93.34045028686523,True,PASS,,0.9999986736491127
114,v10_TypeM_067_01014_drop_orbit_left_72_seed40014_foreground_identity_color_shift,L0_camera_r4,linear_winner_detached,49,349.5545349121094,0.34955453872680664,mid,1.0,-0.0057395100593566895,-0.0055062174797058105,-0.007943413098244909,-0.007562231635913492,-0.007562231635913492,0.0,WINNER_IMPROVES,0.7254231572151184,0.7308772802352905,0.005454123020172119,0.7198532223701477,0.7254385352134705,0.005585312843322754,0.7196836471557617,0.7253710627555847,0.005687415599822998,0.005569934844970703,0.0057395100593566895,-0.005438745021820068,-0.0055062174797058105,0.00013118982315063477,0.0002332925796508789,1.0,1.0,0.00013118982315063477,0.0002332925796508789,0.0002332925796508789,0.0,1.0,0.005,-0.00016814470291137695,0.719626247882843,0.5315020905220148,0.003400062509801236,14.618092642855258,1e-06,34.96790599822998,56.896484375,56.570502281188965,93.84550404548645,True,PASS,,0.9999987410968953
115,v10_TypeM_039_04214_containment_orbit_left_44_seed43214_foreground_identity_color_shift,L0_camera_r4,linear_winner_detached,49,349.5545349121094,0.34955453872680664,mid,1.0,-0.0055089592933654785,-0.0053749680519104,-0.007021676669597703,-0.006904873704536663,-0.006904873704536663,0.0,WINNER_IMPROVES,0.7873223423957825,0.7811216115951538,-0.006200730800628662,0.7818675637245178,0.7757624387741089,-0.0061051249504089355,0.781813383102417,0.7757466435432434,-0.006066739559173584,0.0054547786712646484,0.0055089592933654785,-0.005359172821044922,-0.0053749680519104,9.560585021972656e-05,0.00013399124145507812,1.0,1.0,9.560585021972656e-05,0.00013399124145507812,0.00013399124145507812,0.0,1.0,0.005,-0.00023484230041503906,0.7816131114959717,0.4546045058793613,0.0033842085855000726,14.618202594347467,1e-06,34.967875480651855,56.916015625,56.570502281188965,93.5430212020874,True,PASS,,0.999998575840753
116,v6b_GT_C_007_04228_containment_orbit_left_44_seed43228,L0_camera_r4,linear_winner_detached,49,349.5545349121094,0.34955453872680664,mid,1.0,-0.006265878677368164,-0.005478918552398682,-0.008037457925968425,-0.006728227655502418,-0.006728227655502418,0.0,WINNER_IMPROVES,0.782721757888794,0.8170607686042786,0.03433901071548462,0.7765044569969177,0.8118304014205933,0.03532594442367554,0.7764558792114258,0.8115818500518799,0.0351259708404541,0.006217300891876221,0.006265878677368164,-0.005230367183685303,-0.005478918552398682,0.000986933708190918,0.0007869601249694824,1.0,1.0,0.000986933708190918,0.0007869601249694824,0.0007869601249694824,0.0,1.0,0.005,-0.0008486509323120117,0.7756648063659668,0.48675985639325636,0.003400205342204054,14.618313821261866,1e-06,34.967875480651855,56.896484375,56.570502281188965,92.30313920974731,True,PASS,,0.9999987558270724
117,v10_TypeM_071_01038_drop_orbit_left_72_seed40038_foreground_identity_color_shift,L0_camera_r4,linear_winner_detached,49,349.5545349121094,0.34955453872680664,mid,1.0,-0.00587773323059082,-0.005902290344238281,-0.008019114546952444,-0.007984787568651959,-0.007984787568651959,0.0,WINNER_IMPROVES,0.7359081506729126,0.7421469688415527,0.006238818168640137,0.7300082445144653,0.7362229228019714,0.0062146782875061035,0.7300304174423218,0.7362446784973145,0.006214261054992676,0.005899906158447266,0.00587773323059082,-0.005924046039581299,-0.005902290344238281,-2.4139881134033203e-05,-2.4557113647460938e-05,1.0,1.0,-2.4139881134033203e-05,-2.4557113647460938e-05,-2.4557113647460938e-05,0.0,1.0,0.005,9.942054748535156e-05,0.7301439642906189,0.5370607960308785,0.0034143209754781798,14.618426394960538,1e-06,34.96790599822998,56.916015625,56.570502281188965,93.83661961555481,True,PASS,,0.999998752981084
118,v10_TypeM_067_01014_drop_orbit_left_72_seed40014_foreground_identity_color_shift,L0_camera_r4,linear_winner_detached,49,349.5545349121094,0.34955453872680664,mid,1.0,-0.006210029125213623,-0.0058768391609191895,-0.00859741286276205,-0.00807330301754364,-0.00807330301754364,0.0,WINNER_IMPROVES,0.7254231572151184,0.7308772802352905,0.005454123020172119,0.719453752040863,0.725098192691803,0.005644440650939941,0.7192131280899048,0.7250004410743713,0.005787312984466553,0.005969405174255371,0.006210029125213623,-0.005779087543487549,-0.0058768391609191895,0.00019031763076782227,0.0003331899642944336,1.0,1.0,0.00019031763076782227,0.0003331899642944336,0.0003331899642944336,0.0,1.0,0.005,-0.0003095865249633789,0.7191199660301208,0.5412364457758801,0.0034197912968432424,14.618539795378808,1e-06,34.96790599822998,56.896484375,56.570502281188965,92.81920003890991,True,PASS,,0.9999988368607478
119,v10_TypeM_039_04214_containment_orbit_left_44_seed43214_foreground_identity_color_shift,L0_camera_r4,linear_winner_detached,49,349.5545349121094,0.34955453872680664,mid,1.0,-0.005892038345336914,-0.00579756498336792,-0.007511784588007039,-0.007449783667889614,-0.007449783667889614,0.0,WINNER_IMPROVES,0.7873223423957825,0.7811216115951538,-0.006200730800628662,0.7815560698509216,0.7753391861915588,-0.006216883659362793,0.7814303040504456,0.7753240466117859,-0.006106257438659668,0.00576627254486084,0.005892038345336914,-0.005782425403594971,-0.00579756498336792,-1.615285873413086e-05,9.447336196899414e-05,1.0,1.0,-1.615285873413086e-05,9.447336196899414e-05,9.447336196899414e-05,0.0,1.0,0.005,-0.00011998414993286133,0.7813559174537659,0.4634253823036051,0.0034034661021100456,14.61865345537937,1e-06,34.967875480651855,56.916015625,56.570502281188965,93.96067357063293,True,PASS,,0.9999986687601901
120,v6b_GT_C_007_04228_containment_orbit_left_44_seed43228,L0_camera_r4,linear_winner_detached,49,349.5545349121094,0.34955453872680664,mid,1.0,-0.006765484809875488,-0.005800187587738037,-0.008681109346220538,-0.007124161394263993,-0.007124161394263993,0.0,WINNER_IMPROVES,0.782721757888794,0.8170607686042786,0.03433901071548462,0.7760218381881714,0.8114029765129089,0.03538113832473755,0.7759562730789185,0.8112605810165405,0.03530430793762207,0.006699919700622559,0.006765484809875488,-0.005657792091369629,-0.005800187587738037,0.0010421276092529297,0.0009652972221374512,1.0,1.0,0.0010421276092529297,0.0009652972221374512,0.0009652972221374512,0.0,1.0,0.005,-0.0010591745376586914,0.7749698758125305,0.49596453368517074,0.0034196973231376796,14.618768414317262,1e-06,34.967875480651855,56.896484375,56.570502281188965,93.95488667488098,True,PASS,,0.999998848074816
121,v10_TypeM_071_01038_drop_orbit_left_72_seed40038_foreground_identity_color_shift,L0_camera_r4,linear_winner_detached,49,349.5545349121094,0.34955453872680664,mid,1.0,-0.006264388561248779,-0.006218075752258301,-0.008548897617475465,-0.00841379324389028,-0.00841379324389028,0.0,WINNER_IMPROVES,0.7359081506729126,0.7421469688415527,0.006238818168640137,0.7296774387359619,0.7359020709991455,0.006224632263183594,0.7296437621116638,0.7359288930892944,0.006285130977630615,0.006230711936950684,0.006264388561248779,-0.0062448978424072266,-0.006218075752258301,-1.4185905456542969e-05,4.6312808990478516e-05,1.0,1.0,-1.4185905456542969e-05,4.6312808990478516e-05,4.6312808990478516e-05,0.0,1.0,0.005,-2.8908252716064453e-05,0.7296542525291443,0.5472591193578258,0.003433300353099102,14.618884720298311,1e-06,34.96790599822998,56.916015625,56.570502281188965,92.94604516029358,True,PASS,,0.999998830259906
122,v10_TypeM_067_01014_drop_orbit_left_72_seed40014_foreground_identity_color_shift,L0_camera_r4,linear_winner_detached,49,349.5545349121094,0.34955453872680664,mid,1.0,-0.00647282600402832,-0.006151914596557617,-0.008962874627744987,-0.008452789171229933,-0.008452789171229933,0.0,WINNER_IMPROVES,0.7254231572151184,0.7308772802352905,0.005454123020172119,0.7189429402351379,0.7247236371040344,0.005780696868896484,0.7189503312110901,0.7247253656387329,0.005775034427642822,0.006480216979980469,0.00647282600402832,-0.0061536431312561035,-0.006151914596557617,0.00032657384872436523,0.0003209114074707031,1.0,1.0,0.00032657384872436523,0.0003209114074707031,0.0003209114074707031,0.0,1.0,0.005,-0.00028252601623535156,0.7186884880065918,0.550704800623856,0.0034390353429204624,14.619001869500927,1e-06,34.96790599822998,56.896484375,56.570502281188965,92.64287996292114,True,PASS,,0.9999988842877695
123,v10_TypeM_039_04214_containment_orbit_left_44_seed43214_foreground_identity_color_shift,L0_camera_r4,linear_winner_detached,49,349.5545349121094,0.34955453872680664,mid,1.0,-0.006314992904663086,-0.006263315677642822,-0.008053188033174554,-0.008050681626152214,-0.008050681626152214,0.0,WINNER_IMPROVES,0.7873223423957825,0.7811216115951538,-0.006200730800628662,0.7811545729637146,0.7750011086463928,-0.006153464317321777,0.7810073494911194,0.774858295917511,-0.0061490535736083984,0.006167769432067871,0.006314992904663086,-0.006120502948760986,-0.006263315677642822,4.7266483306884766e-05,5.167722702026367e-05,1.0,1.0,4.7266483306884766e-05,5.167722702026367e-05,5.167722702026367e-05,0.0,1.0,0.005,-8.606910705566406e-05,0.7810884714126587,0.472236338944544,0.003422638528288704,14.619119357650607,1e-06,34.967875480651855,56.916015625,56.570502281188965,93.81828141212463,True,PASS,,0.9999987582572838
124,v6b_GT_C_007_04228_containment_orbit_left_44_seed43228,L0_camera_r4,linear_winner_detached,49,349.5545349121094,0.34955453872680664,mid,1.0,-0.007310986518859863,-0.00611567497253418,-0.009384362295141824,-0.00751312241174097,-0.00751312241174097,0.0,WINNER_IMPROVES,0.782721757888794,0.8170607686042786,0.03433901071548462,0.7755461931228638,0.8110176920890808,0.03547149896621704,0.7754107713699341,0.8109450936317444,0.0355343222618103,0.007175564765930176,0.007310986518859863,-0.006043076515197754,-0.00611567497253418,0.0011324882507324219,0.0011953115463256836,1.0,1.0,0.0011324882507324219,0.0011953115463256836,0.0011953115463256836,0.0,1.0,0.005,-0.0010404586791992188,0.774600088596344,0.50502504276935,0.0034388477287625513,14.61923811196052,1e-06,34.967875480651855,56.896484375,56.570502281188965,93.27950239181519,True,PASS,,0.9999989343986273
125,v10_TypeM_071_01038_drop_orbit_left_72_seed40038_foreground_identity_color_shift,L0_camera_r4,linear_winner_detached,49,349.5545349121094,0.34955453872680664,mid,1.0,-0.006814539432525635,-0.0067528486251831055,-0.009303181287542194,-0.009140721164364958,-0.009140721164364958,0.0,WINNER_IMPROVES,0.7359081506729126,0.7421469688415527,0.006238818168640137,0.7291772365570068,0.7354239225387573,0.006246685981750488,0.729093611240387,0.7353941202163696,0.006300508975982666,0.006730914115905762,0.006814539432525635,-0.00672304630279541,-0.0067528486251831055,7.867813110351562e-06,6.16908073425293e-05,1.0,1.0,7.867813110351562e-06,6.16908073425293e-05,6.16908073425293e-05,0.0,1.0,0.005,-4.965066909790039e-05,0.7291545867919922,0.5572845713237214,0.0034524059792185413,14.619358186739964,1e-06,34.96790599822998,56.916015625,56.570502281188965,93.07744312286377,True,PASS,,0.9999989251000339
126,v10_TypeM_067_01014_drop_orbit_left_72_seed40014_foreground_identity_color_shift,L0_camera_r4,linear_winner_detached,49,349.5545349121094,0.34955453872680664,mid,1.0,-0.006908595561981201,-0.00672990083694458,-0.00956917752585724,-0.009250631859690077,-0.009250631859690077,0.0,WINNER_IMPROVES,0.7254231572151184,0.7308772802352905,0.005454123020172119,0.7186365723609924,0.7243916988372803,0.005755126476287842,0.7185145616531372,0.724147379398346,0.00563281774520874,0.0067865848541259766,0.006908595561981201,-0.006485581398010254,-0.00672990083694458,0.00030100345611572266,0.0001786947250366211,1.0,1.0,0.00030100345611572266,0.0001786947250366211,0.0001786947250366211,0.0,1.0,0.005,-0.0004042387008666992,0.7181535363197327,0.5607672810038661,0.003457662376492415,14.619479122093532,1e-06,34.96790599822998,56.896484375,56.570502281188965,93.09237027168274,True,PASS,,0.9999989549792004
127,v10_TypeM_039_04214_containment_orbit_left_44_seed43214_foreground_identity_color_shift,L0_camera_r4,linear_winner_detached,49,349.5545349121094,0.34955453872680664,mid,1.0,-0.006714284420013428,-0.006722509860992432,-0.008564570691195145,-0.008643474265470389,-0.008643474265470389,0.0,WINNER_IMPROVES,0.7873223423957825,0.7811216115951538,-0.006200730800628662,0.7807748913764954,0.7745965123176575,-0.006178379058837891,0.780608057975769,0.7743991017341614,-0.006208956241607666,0.006547451019287109,0.006714284420013428,-0.006525099277496338,-0.006722509860992432,2.2351741790771484e-05,-8.225440979003906e-06,1.0,1.0,2.2351741790771484e-05,-8.225440979003906e-06,-8.225440979003906e-06,0.0,1.0,0.005,-0.00016492605209350586,0.7805784344673157,0.4809304473649255,0.0034405893774212943,14.619600371942747,1e-06,34.967875480651855,56.916015625,56.570502281188965,93.43591403961182,True,PASS,,0.9999988324005155
128,v6b_GT_C_007_04228_containment_orbit_left_44_seed43228,L0_camera_r4,linear_winner_detached,49,349.5545349121094,0.34955453872680664,mid,1.0,-0.007517218589782715,-0.006480872631072998,-0.009650362595873964,-0.007963559700774865,-0.007963559700774865,0.0,WINNER_IMPROVES,0.782721757888794,0.8170607686042786,0.03433901071548462,0.7751771807670593,0.8105533719062805,0.03537619113922119,0.7752045392990112,0.8105798959732056,0.035375356674194336,0.007544577121734619,0.007517218589782715,-0.006507396697998047,-0.006480872631072998,0.0010371804237365723,0.0010363459587097168,1.0,1.0,0.0010371804237365723,0.0010363459587097168,0.0010363459587097168,0.0,1.0,0.005,-0.001133263111114502,0.7740212082862854,0.5147776569043273,0.003456172630006054,14.619722826755458,1e-06,34.967875480651855,56.896484375,56.570502281188965,93.32602953910828,True,PASS,,0.9999989637705797
129,v10_TypeM_071_01038_drop_orbit_left_72_seed40038_foreground_identity_color_shift,L0_camera_r4,linear_winner_detached,49,349.5545349121094,0.34955453872680664,mid,1.0,-0.007143735885620117,-0.00717008113861084,-0.009754797903558595,-0.009708241221145003,-0.009708241221145003,0.0,WINNER_IMPROVES,0.7359081506729126,0.7421469688415527,0.006238818168640137,0.7288718819618225,0.7350284457206726,0.006156563758850098,0.7287644147872925,0.7349768877029419,0.006212472915649414,0.007036268711090088,0.007143735885620117,-0.007118523120880127,-0.00717008113861084,-8.225440979003906e-05,-2.6345252990722656e-05,1.0,1.0,-8.225440979003906e-05,-2.6345252990722656e-05,-2.6345252990722656e-05,0.0,1.0,0.005,1.049041748046875e-05,0.7289058566093445,0.5675185835952429,0.0034698129186912217,14.619846669043246,1e-06,34.96790599822998,56.916015625,56.570502281188965,94.24668717384338,True,PASS,,0.9999989748644874
130,v10_TypeM_067_01014_drop_orbit_left_72_seed40014_foreground_identity_color_shift,L0_camera_r4,linear_winner_detached,49,349.5545349121094,0.34955453872680664,mid,1.0,-0.007390797138214111,-0.0070497989654541016,-0.01024051179323935,-0.00969248777581834,-0.00969248777581834,0.0,WINNER_IMPROVES,0.7254231572151184,0.7308772802352905,0.005454123020172119,0.7181970477104187,0.7239823341369629,0.0057852864265441895,0.7180323600769043,0.7238274812698364,0.005795121192932129,0.007226109504699707,0.007390797138214111,-0.006894946098327637,-0.0070497989654541016,0.0003311634063720703,0.00034099817276000977,1.0,1.0,0.0003311634063720703,0.00034099817276000977,0.00034099817276000977,0.0,1.0,0.005,-0.0002684593200683594,0.7179315090179443,0.5710057212613125,0.003474931306251706,14.61997147577263,1e-06,34.96790599822998,56.896484375,56.570502281188965,98.0521719455719,True,PASS,,0.9999990234872596
131,v10_TypeM_039_04214_containment_orbit_left_44_seed43214_foreground_identity_color_shift,L0_camera_r4,linear_winner_detached,49,349.5545349121094,0.34955453872680664,mid,1.0,-0.007126867771148682,-0.006947755813598633,-0.009093251395512753,-0.008934382033415622,-0.008934382033415622,0.0,WINNER_IMPROVES,0.7873223423957825,0.7811216115951538,-0.006200730800628662,0.7803354859352112,0.7741876840591431,-0.006147801876068115,0.7801954746246338,0.7741738557815552,-0.006021618843078613,0.006986856460571289,0.007126867771148682,-0.006933927536010742,-0.006947755813598633,5.2928924560546875e-05,0.00017911195755004883,1.0,1.0,5.2928924560546875e-05,0.00017911195755004883,0.00017911195755004883,0.0,1.0,0.005,-0.00012999773025512695,0.7801961302757263,0.48979176134282154,0.003457488980887339,14.620096427157824,1e-06,34.967875480651855,56.916015625,56.570502281188965,94.61706924438477,True,PASS,,0.9999989002845552
132,v6b_GT_C_007_04228_containment_orbit_left_44_seed43228,L0_camera_r4,linear_winner_detached,49,349.5545349121094,0.34955453872680664,mid,1.0,-0.008029282093048096,-0.0070500969886779785,-0.010311133615240962,-0.008666049750233808,-0.008666049750233808,0.0,WINNER_IMPROVES,0.782721757888794,0.8170607686042786,0.03433901071548462,0.7747051119804382,0.8100951313972473,0.03539001941680908,0.7746924757957458,0.8100106716156006,0.035318195819854736,0.008016645908355713,0.008029282093048096,-0.00696563720703125,-0.0070500969886779785,0.0010510087013244629,0.0009791851043701172,1.0,1.0,0.0010510087013244629,0.0009791851043701172,0.0009791851043701172,0.0,1.0,0.005,-0.00102156400680542,0.7737929821014404,0.5239639049537256,0.0034733627764324355,14.62022272599914,1e-06,34.967875480651855,56.896484375,56.570502281188965,92.87095355987549,True,PASS,,0.999999030175471
133,v10_TypeM_071_01038_drop_orbit_left_72_seed40038_foreground_identity_color_shift,L0_camera_r4,linear_winner_detached,49,349.5545349121094,0.34955453872680664,mid,1.0,-0.0074803829193115234,-0.007456719875335693,-0.010216846820775689,-0.010098314223809055,-0.010098314223809055,0.0,WINNER_IMPROVES,0.7359081506729126,0.7421469688415527,0.006238818168640137,0.7284227609634399,0.7345375418663025,0.006114780902862549,0.7284277677536011,0.734690248966217,0.006262481212615967,0.007485389709472656,0.0074803829193115234,-0.007609426975250244,-0.007456719875335693,-0.0001240372657775879,2.3663043975830078e-05,1.0,1.0,-0.0001240372657775879,2.3663043975830078e-05,2.3663043975830078e-05,0.0,1.0,0.005,0.00011032819747924805,0.7284799814224243,0.5778475574162837,0.003486233746362037,14.62035039113291,1e-06,34.96790599822998,56.916015625,56.570502281188965,94.70496034622192,True,PASS,,0.999999021225395
134,v10_TypeM_067_01014_drop_orbit_left_72_seed40014_foreground_identity_color_shift,L0_camera_r4,linear_winner_detached,49,349.5545349121094,0.34955453872680664,mid,1.0,-0.007901608943939209,-0.007397651672363281,-0.010952169944419485,-0.01017317733567331,-0.01017317733567331,0.0,WINNER_IMPROVES,0.7254231572151184,0.7308772802352905,0.005454123020172119,0.7178208827972412,0.7235418558120728,0.005720973014831543,0.7175215482711792,0.7234796285629272,0.005958080291748047,0.007602274417877197,0.007901608943939209,-0.0073354244232177734,-0.007397651672363281,0.00026684999465942383,0.0005039572715759277,1.0,1.0,0.00026684999465942383,0.0005039572715759277,0.0005039572715759277,0.0,1.0,0.005,-0.00026303529739379883,0.7175292372703552,0.5814062054762955,0.0034905994932059995,14.62047897169699,1e-06,34.96790599822998,56.896484375,56.570502281188965,94.01619338989258,True,PASS,,0.9999990869397645
135,v10_TypeM_039_04214_containment_orbit_left_44_seed43214_foreground_identity_color_shift,L0_camera_r4,linear_winner_detached,49,349.5545349121094,0.34955453872680664,mid,1.0,-0.007472395896911621,-0.007288813591003418,-0.009536223276080764,-0.009375023264101227,-0.009375023264101227,0.0,WINNER_IMPROVES,0.7873223423957825,0.7811216115951538,-0.006200730800628662,0.7798238396644592,0.773853600025177,-0.0059702396392822266,0.7798499464988708,0.7738327980041504,-0.006017148494720459,0.007498502731323242,0.007472395896911621,-0.007268011569976807,-0.007288813591003418,0.00023049116134643555,0.00018358230590820312,1.0,1.0,0.00023049116134643555,0.00018358230590820312,0.00018358230590820312,0.0,1.0,0.005,-0.00032967329025268555,0.7795045375823975,0.49843510760842674,0.0034729098916265076,14.620607758751195,1e-06,34.967875480651855,56.916015625,56.570502281188965,92.94548606872559,True,PASS,,0.9999989513679343
136,v6b_GT_C_007_04228_containment_orbit_left_44_seed43228,L0_camera_r4,linear_winner_detached,49,349.5545349121094,0.34955453872680664,mid,1.0,-0.00867527723312378,-0.007259190082550049,-0.011145354471513939,-0.008924219291097492,-0.008924219291097492,0.0,WINNER_IMPROVES,0.782721757888794,0.8170607686042786,0.03433901071548462,0.7742657661437988,0.8098143339157104,0.03554856777191162,0.7740464806556702,0.8098015785217285,0.03575509786605835,0.008455991744995117,0.00867527723312378,-0.007246434688568115,-0.007259190082550049,0.001209557056427002,0.0014160871505737305,1.0,1.0,0.001209557056427002,0.0014160871505737305,0.0014160871505737305,0.0,1.0,0.005,-0.0010885000228881836,0.7732263803482056,0.5336376032372674,0.0034885218373092897,14.620737805787146,1e-06,34.967875480651855,56.896484375,56.570502281188965,93.63293838500977,True,PASS,,0.9999991027659951
137,v10_TypeM_071_01038_drop_orbit_left_72_seed40038_foreground_identity_color_shift,L0_camera_r4,linear_winner_detached,49,349.5545349121094,0.34955453872680664,mid,1.0,-0.008129656314849854,-0.008067548274993896,-0.011108579601410774,-0.01093006945300043,-0.01093006945300043,0.0,WINNER_IMPROVES,0.7359081506729126,0.7421469688415527,0.006238818168640137,0.7280418872833252,0.7342562675476074,0.0062143802642822266,0.7277784943580627,0.7340794205665588,0.006300926208496094,0.007866263389587402,0.008129656314849854,-0.007890701293945312,-0.008067548274993896,-2.4437904357910156e-05,6.210803985595703e-05,1.0,1.0,-2.4437904357910156e-05,6.210803985595703e-05,6.210803985595703e-05,0.0,1.0,0.005,-3.540515899658203e-05,0.7279167175292969,0.5880325798144029,0.003501538549354176,14.620869266335058,1e-06,34.96790599822998,56.916015625,56.570502281188965,93.02933263778687,True,PASS,,0.9999990997957113
138,v10_TypeM_067_01014_drop_orbit_left_72_seed40014_foreground_identity_color_shift,L0_camera_r4,linear_winner_detached,49,349.5545349121094,0.34955453872680664,mid,1.0,-0.008262157440185547,-0.007854998111724854,-0.01145478775252134,-0.010805525547451015,-0.010805525547451015,0.0,WINNER_IMPROVES,0.7254231572151184,0.7308772802352905,0.005454123020172119,0.7173497080802917,0.7231675386428833,0.005817830562591553,0.7171609997749329,0.7230222821235657,0.0058612823486328125,0.00807344913482666,0.008262157440185547,-0.0077097415924072266,-0.007854998111724854,0.0003637075424194336,0.00040715932846069336,1.0,1.0,0.0003637075424194336,0.00040715932846069336,0.00040715932846069336,0.0,1.0,0.005,-0.00033855438232421875,0.7170268297195435,0.591682561426844,0.0035061723903689296,14.621001634765152,1e-06,34.96790599822998,56.896484375,56.570502281188965,94.68116402626038,True,PASS,,0.9999991270033556
139,v10_TypeM_039_04214_containment_orbit_left_44_seed43214_foreground_identity_color_shift,L0_camera_r4,linear_winner_detached,49,349.5545349121094,0.34955453872680664,mid,1.0,-0.007955968379974365,-0.007742643356323242,-0.01015649961105991,-0.009961665354564126,-0.009961665354564126,0.0,WINNER_IMPROVES,0.7873223423957825,0.7811216115951538,-0.006200730800628662,0.779433012008667,0.7735651731491089,-0.0058678388595581055,0.7793663740158081,0.7733789682388306,-0.005987405776977539,0.007889330387115479,0.007955968379974365,-0.007556438446044922,-0.007742643356323242,0.00033289194107055664,0.00021332502365112305,1.0,1.0,0.00033289194107055664,0.00021332502365112305,0.00021332502365112305,0.0,1.0,0.005,-0.0002257823944091797,0.7792715430259705,0.5074739550622055,0.0034881849626781595,14.621134178337092,1e-06,34.967875480651855,56.916015625,56.570502281188965,93.555828332901,True,PASS,,0.9999990154097832
140,v6b_GT_C_007_04228_containment_orbit_left_44_seed43228,L0_camera_r4,linear_winner_detached,49,349.5545349121094,0.34955453872680664,mid,1.0,-0.00889819860458374,-0.007840633392333984,-0.011433390759275542,-0.009642484305910491,-0.009642484305910491,0.0,WINNER_IMPROVES,0.782721757888794,0.8170607686042786,0.03433901071548462,0.7738871574401855,0.809306800365448,0.03541964292526245,0.7738235592842102,0.8092201352119446,0.035396575927734375,0.008834600448608398,0.00889819860458374,-0.007753968238830566,-0.007840633392333984,0.001080632209777832,0.0010575652122497559,1.0,1.0,0.001080632209777832,0.0010575652122497559,0.0010575652122497559,0.0,1.0,0.005,-0.001233220100402832,0.7726352214813232,0.5430300101285288,0.003503527105014923,14.621268098335943,1e-06,34.967875480651855,56.896484375,56.570502281188965,93.32279300689697,True,PASS,,0.9999991253695895
141,v10_TypeM_071_01038_drop_orbit_left_72_seed40038_foreground_identity_color_shift,L0_camera_r4,linear_winner_detached,49,349.5545349121094,0.34955453872680664,mid,1.0,-0.008495986461639404,-0.008486509323120117,-0.011612060224153902,-0.011500962237860768,-0.011500962237860768,0.0,WINNER_IMPROVES,0.7359081506729126,0.7421469688415527,0.006238818168640137,0.727530300617218,0.7338384389877319,0.006308138370513916,0.7274121642112732,0.7336604595184326,0.006248295307159424,0.00837785005569458,0.008495986461639404,-0.0083085298538208,-0.008486509323120117,6.93202018737793e-05,9.47713851928711e-06,1.0,1.0,6.93202018737793e-05,9.47713851928711e-06,9.47713851928711e-06,0.0,1.0,0.005,-3.68952751159668e-05,0.727444589138031,0.5982792409107083,0.0035163457386886724,14.62140338359005,1e-06,34.96790599822998,56.916015625,56.570502281188965,93.266921043396,True,PASS,,0.9999991388271163
142,v10_TypeM_067_01014_drop_orbit_left_72_seed40014_foreground_identity_color_shift,L0_camera_r4,linear_winner_detached,49,349.5545349121094,0.34955453872680664,mid,1.0,-0.008553504943847656,-0.008297741413116455,-0.011861121470969639,-0.011418063941764504,-0.011418063941764504,0.0,WINNER_IMPROVES,0.7254231572151184,0.7308772802352905,0.005454123020172119,0.7168444991111755,0.7227121591567993,0.005867660045623779,0.7168696522712708,0.7225795388221741,0.00570988655090332,0.008578658103942871,0.008553504943847656,-0.008165121078491211,-0.008297741413116455,0.00041353702545166016,0.00025576353073120117,1.0,1.0,0.00041353702545166016,0.00025576353073120117,0.00025576353073120117,0.0,1.0,0.005,-0.00033152103424072266,0.7165873646736145,0.6018323047245908,0.003520962229009059,14.62153956884239,1e-06,34.96790599822998,56.896484375,56.570502281188965,92.84766626358032,True,PASS,,0.9999991569101123
143,v10_TypeM_039_04214_containment_orbit_left_44_seed43214_foreground_identity_color_shift,L0_camera_r4,linear_winner_detached,49,349.5545349121094,0.34955453872680664,mid,1.0,-0.008480548858642578,-0.008213937282562256,-0.01082981207684821,-0.010571246944119327,-0.010571246944119327,0.0,WINNER_IMPROVES,0.7873223423957825,0.7811216115951538,-0.006200730800628662,0.7789591550827026,0.773105800151825,-0.0058533549308776855,0.7788417935371399,0.7729076743125916,-0.00593411922454834,0.008363187313079834,0.008480548858642578,-0.008015811443328857,-0.008213937282562256,0.00034737586975097656,0.00026661157608032227,1.0,1.0,0.00034737586975097656,0.00026661157608032227,0.00026661157608032227,0.0,1.0,0.005,-0.00019866228103637695,0.778842568397522,0.5164105646606515,0.0035024634614974942,14.621676034542785,1e-06,34.967875480651855,56.916015625,56.570502281188965,94.21277642250061,True,PASS,,0.999999076623796
144,v6b_GT_C_007_04228_containment_orbit_left_44_seed43228,L0_camera_r4,linear_winner_detached,49,349.5545349121094,0.34955453872680664,mid,1.0,-0.009592115879058838,-0.008242189884185791,-0.01233053142450778,-0.010138833981199278,-0.010138833981199278,0.0,WINNER_IMPROVES,0.782721757888794,0.8170607686042786,0.03433901071548462,0.7732913494110107,0.8089694380760193,0.035678088665008545,0.7731296420097351,0.8088185787200928,0.035688936710357666,0.009430408477783203,0.009592115879058838,-0.008091330528259277,-0.008242189884185791,0.0013390779495239258,0.0013499259948730469,1.0,1.0,0.0013390779495239258,0.0013499259948730469,0.0013499259948730469,0.0,1.0,0.005,-0.0015037059783935547,0.7717218399047852,0.5524160487597082,0.003517896477892153,14.621813750653272,1e-06,34.967875480651855,56.896484375,56.570502281188965,92.7027063369751,True,PASS,,0.9999991890056036
145,v10_TypeM_071_01038_drop_orbit_left_72_seed40038_foreground_identity_color_shift,L0_camera_r4,linear_winner_detached,49,349.5545349121094,0.34955453872680664,mid,1.0,-0.009010910987854004,-0.008984565734863281,-0.012320196387299628,-0.012180057767094086,-0.012180057767094086,0.0,WINNER_IMPROVES,0.7359081506729126,0.7421469688415527,0.006238818168640137,0.7269769310951233,0.7332726120948792,0.006295680999755859,0.7268972396850586,0.7331624031066895,0.006265163421630859,0.008931219577789307,0.009010910987854004,-0.008874356746673584,-0.008984565734863281,5.6862831115722656e-05,2.6345252990722656e-05,1.0,1.0,5.6862831115722656e-05,2.6345252990722656e-05,2.6345252990722656e-05,0.0,1.0,0.005,-9.202957153320312e-05,0.7268980741500854,0.6087278294722441,0.0035305794509711504,14.621952847655349,1e-06,34.96790599822998,56.916015625,56.570502281188965,92.55080223083496,True,PASS,,0.9999991883252857
146,v10_TypeM_067_01014_drop_orbit_left_72_seed40014_foreground_identity_color_shift,L0_camera_r4,linear_winner_detached,49,349.5545349121094,0.34955453872680664,mid,1.0,-0.009158730506896973,-0.00879603624343872,-0.01270573970936054,-0.012107907327994091,-0.012107907327994091,0.0,WINNER_IMPROVES,0.7254231572151184,0.7308772802352905,0.005454123020172119,0.7163337469100952,0.7223005890846252,0.005966842174530029,0.7162644267082214,0.7220812439918518,0.005816817283630371,0.009089410305023193,0.009158730506896973,-0.008576691150665283,-0.00879603624343872,0.0005127191543579102,0.00036269426345825195,1.0,1.0,0.0005127191543579102,0.00036269426345825195,0.00036269426345825195,0.0,1.0,0.005,-0.0003857612609863281,0.7160772681236267,0.612423214482912,0.003534261059403317,14.622092886542564,1e-06,34.96790599822998,56.896484375,56.570502281188965,93.85744524002075,True,PASS,,0.9999992129547466
147,v10_TypeM_039_04214_containment_orbit_left_44_seed43214_foreground_identity_color_shift,L0_camera_r4,linear_winner_detached,49,349.5545349121094,0.34955453872680664,mid,1.0,-0.00880056619644165,-0.008649170398712158,-0.011240785268224033,-0.011134516935309915,-0.011134516935309915,0.0,WINNER_IMPROVES,0.7873223423957825,0.7811216115951538,-0.006200730800628662,0.778621256351471,0.7725821733474731,-0.006039083003997803,0.7785217761993408,0.7724724411964417,-0.00604933500289917,0.008701086044311523,0.00880056619644165,-0.008539438247680664,-0.008649170398712158,0.00016164779663085938,0.0001513957977294922,1.0,1.0,0.00016164779663085938,0.0001513957977294922,0.0001513957977294922,0.0,1.0,0.005,-0.00019592046737670898,0.7783699035644531,0.5251276094242097,0.0035156689730308608,14.622233097089635,1e-06,34.967875480651855,56.916015625,56.570502281188965,93.62639498710632,True,PASS,,0.9999991103832281
148,v6b_GT_C_007_04228_containment_orbit_left_44_seed43228,L0_camera_r4,linear_winner_detached,49,349.5545349121094,0.34955453872680664,mid,1.0,-0.00995016098022461,-0.00867682695388794,-0.012793750023370291,-0.010676351168214472,-0.010676351168214472,0.0,WINNER_IMPROVES,0.782721757888794,0.8170607686042786,0.03433901071548462,0.7728861570358276,0.8086063861846924,0.035720229148864746,0.7727715969085693,0.8083839416503906,0.03561234474182129,0.009835600852966309,0.00995016098022461,-0.008454382419586182,-0.00867682695388794,0.001381218433380127,0.00127333402633667,1.0,1.0,0.001381218433380127,0.00127333402633667,0.00127333402633667,0.0,1.0,0.005,-0.0013644695281982422,0.7714718580245972,0.5619412194206114,0.00353143674303902,14.622374576739897,1e-06,34.967875480651855,56.896484375,56.570502281188965,93.7128517627716,True,PASS,,0.9999992183689563
149,v10_TypeM_071_01038_drop_orbit_left_72_seed40038_foreground_identity_color_shift,L0_camera_r4,linear_winner_detached,49,349.5545349121094,0.34955453872680664,mid,1.0,-0.009623825550079346,-0.009431898593902588,-0.013163744922427669,-0.012790385539985473,-0.012790385539985473,0.0,WINNER_IMPROVES,0.7359081506729126,0.7421469688415527,0.006238818168640137,0.7265197038650513,0.732891857624054,0.0063721537590026855,0.7262843251228333,0.7327150702476501,0.0064307451248168945,0.009388446807861328,0.009623825550079346,-0.00925511121749878,-0.009431898593902588,0.00013333559036254883,0.0001919269561767578,1.0,1.0,0.00013333559036254883,0.0001919269561767578,0.0001919269561767578,0.0,1.0,0.005,3.6716461181640625e-05,0.7266430258750916,0.6190169668350449,0.003543883107583332,14.622517584485768,1e-06,34.96790599822998,56.916015625,56.570502281188965,92.83829402923584,True,PASS,,0.9999992403383337
150,v10_TypeM_067_01014_drop_orbit_left_72_seed40014_foreground_identity_color_shift,L0_camera_r4,linear_winner_detached,49,349.5545349121094,0.34955453872680664,mid,1.0,-0.009471237659454346,-0.009294390678405762,-0.013142136283059954,-0.012798309529277893,-0.012798309529277893,0.0,WINNER_IMPROVES,0.7254231572151184,0.7308772802352905,0.005454123020172119,0.7160878777503967,0.7217808961868286,0.005693018436431885,0.7159519195556641,0.7215828895568848,0.005630970001220703,0.00933527946472168,0.009471237659454346,-0.009096384048461914,-0.009294390678405762,0.00023889541625976562,0.00017684698104858398,1.0,1.0,0.00023889541625976562,0.00017684698104858398,0.00017684698104858398,0.0,1.0,0.005,-0.0002810955047607422,0.7157400846481323,0.6221891576584699,0.0035485078243650482,14.622661500546366,1e-06,34.96790599822998,56.896484375,56.570502281188965,94.01209759712219,True,PASS,,0.9999992390892792
151,v10_TypeM_039_04214_containment_orbit_left_44_seed43214_foreground_identity_color_shift,L0_camera_r4,linear_winner_detached,49,349.5545349121094,0.34955453872680664,mid,1.0,-0.009374797344207764,-0.00912553071975708,-0.011978649045685458,-0.011751376810631348,-0.011751376810631348,0.0,WINNER_IMPROVES,0.7873223423957825,0.7811216115951538,-0.006200730800628662,0.7780911922454834,0.772171676158905,-0.005919516086578369,0.7779475450515747,0.7719960808753967,-0.0059514641761779785,0.009231150150299072,0.009374797344207764,-0.00894993543624878,-0.00912553071975708,0.00028121471405029297,0.0002492666244506836,1.0,1.0,0.00028121471405029297,0.0002492666244506836,0.0002492666244506836,0.0,1.0,0.005,-0.00015801191329956055,0.777989387512207,0.5341739182725069,0.003529481503597685,14.62280551065848,1e-06,34.967875480651855,56.916015625,56.570502281188965,93.45573401451111,True,PASS,,0.9999991651820156
152,v6b_GT_C_007_04228_containment_orbit_left_44_seed43228,L0_camera_r4,linear_winner_detached,49,349.5545349121094,0.34955453872680664,mid,1.0,-0.010528206825256348,-0.009157121181488037,-0.013542046339672835,-0.011270668960470201,-0.011270668960470201,0.0,WINNER_IMPROVES,0.782721757888794,0.8170607686042786,0.03433901071548462,0.772298276424408,0.8081027269363403,0.03580445051193237,0.7721935510635376,0.8079036474227905,0.03571009635925293,0.010423481464385986,0.010528206825256348,-0.008958041667938232,-0.009157121181488037,0.001465439796447754,0.0013710856437683105,1.0,1.0,0.001465439796447754,0.0013710856437683105,0.0013710856437683105,0.0,1.0,0.005,-0.001398921012878418,0.770932137966156,0.5716534305761275,0.0035445663939920992,14.622950856941927,1e-06,34.967875480651855,56.896484375,56.570502281188965,92.79674744606018,True,PASS,,0.9999992615597108
153,v10_TypeM_071_01038_drop_orbit_left_72_seed40038_foreground_identity_color_shift,L0_camera_r4,linear_winner_detached,49,349.5545349121094,0.34955453872680664,mid,1.0,-0.010117173194885254,-0.009964406490325928,-0.013843251909579041,-0.013517409600586557,-0.013517409600586557,0.0,WINNER_IMPROVES,0.7359081506729126,0.7421469688415527,0.006238818168640137,0.7260046601295471,0.7322908639907837,0.006286203861236572,0.7257909774780273,0.7321825623512268,0.006391584873199463,0.009903490543365479,0.010117173194885254,-0.009856104850769043,-0.009964406490325928,4.738569259643555e-05,0.00015276670455932617,1.0,1.0,4.738569259643555e-05,0.00015276670455932617,0.00015276670455932617,0.0,1.0,0.005,-2.7894973754882812e-05,0.7259329557418823,0.6291640424894885,0.0035566411999650312,14.623097745467648,1e-06,34.96790599822998,56.916015625,56.570502281188965,93.25392556190491,True,PASS,,0.9999992776269014
154,v10_TypeM_067_01014_drop_orbit_left_72_seed40014_foreground_identity_color_shift,L0_camera_r4,linear_winner_detached,49,349.5545349121094,0.34955453872680664,mid,1.0,-0.010004401206970215,-0.009740650653839111,-0.013887105526633527,-0.013416946731533173,-0.013416946731533173,0.0,WINNER_IMPROVES,0.7254231572151184,0.7308772802352905,0.005454123020172119,0.7154898047447205,0.7212599515914917,0.00577014684677124,0.7154187560081482,0.7211366295814514,0.005717873573303223,0.00993335247039795,0.010004401206970215,-0.009617328643798828,-0.009740650653839111,0.0003160238265991211,0.0002637505531311035,1.0,1.0,0.0003160238265991211,0.0002637505531311035,0.0002637505531311035,0.0,1.0,0.005,-0.0003491640090942383,0.7151263952255249,0.6334267560416533,0.003559554943976361,14.623245547043119,1e-06,34.96790599822998,56.896484375,56.570502281188965,93.42794609069824,True,PASS,,0.9999992799080571
155,v10_TypeM_039_04214_containment_orbit_left_44_seed43214_foreground_identity_color_shift,L0_camera_r4,linear_winner_detached,49,349.5545349121094,0.34955453872680664,mid,1.0,-0.00980079174041748,-0.009666025638580322,-0.012526386577158757,-0.012451748510669877,-0.012451748510669877,0.0,WINNER_IMPROVES,0.7873223423957825,0.7811216115951538,-0.006200730800628662,0.7775838375091553,0.7714710235595703,-0.006112813949584961,0.777521550655365,0.7714555859565735,-0.006065964698791504,0.009738504886627197,0.00980079174041748,-0.009650588035583496,-0.009666025638580322,8.791685104370117e-05,0.0001347661018371582,1.0,1.0,8.791685104370117e-05,0.0001347661018371582,0.0001347661018371582,0.0,1.0,0.005,-0.0002338886260986328,0.7773301601409912,0.5431962963019838,0.0035405747136013853,14.623393335712784,1e-06,34.967875480651855,56.916015625,56.570502281188965,93.03233528137207,True,PASS,,0.9999992016858209
156,v6b_GT_C_007_04228_containment_orbit_left_44_seed43228,L0_camera_r4,linear_winner_detached,49,349.5545349121094,0.34955453872680664,mid,1.0,-0.010960221290588379,-0.00957423448562622,-0.014101666855143666,-0.011787093181701989,-0.011787093181701989,0.0,WINNER_IMPROVES,0.782721757888794,0.8170607686042786,0.03433901071548462,0.771872341632843,0.8076882362365723,0.03581589460372925,0.7717615365982056,0.8074865341186523,0.03572499752044678,0.010849416255950928,0.010960221290588379,-0.009372532367706299,-0.00957423448562622,0.001476883888244629,0.0013859868049621582,1.0,1.0,0.001476883888244629,0.0013859868049621582,0.0013859868049621582,0.0,1.0,0.005,-0.0013644099235534668,0.7704619765281677,0.58100022845218,0.0035560142027822542,14.623542601553664,1e-06,34.967875480651855,56.896484375,56.570502281188965,92.68734502792358,True,PASS,,0.9999992908644765
157,v10_TypeM_071_01038_drop_orbit_left_72_seed40038_foreground_identity_color_shift,L0_camera_r4,linear_winner_detached,49,349.5545349121094,0.34955453872680664,mid,1.0,-0.010668814182281494,-0.010477066040039062,-0.014603595785318446,-0.014217834781227155,-0.014217834781227155,0.0,WINNER_IMPROVES,0.7359081506729126,0.7421469688415527,0.006238818168640137,0.7253997921943665,0.7317680716514587,0.006368279457092285,0.7252393364906311,0.7316699028015137,0.006430566310882568,0.010508358478546143,0.010668814182281494,-0.010378897190093994,-0.010477066040039062,0.00012946128845214844,0.00019174814224243164,1.0,1.0,0.00012946128845214844,0.00019174814224243164,0.00019174814224243164,0.0,1.0,0.005,1.5437602996826172e-05,0.7254933714866638,0.6394777673016909,0.0035681186104667235,14.623693338354935,1e-06,34.96790599822998,56.916015625,56.570502281188965,93.55634498596191,True,PASS,,0.99999931523761
158,v10_TypeM_067_01014_drop_orbit_left_72_seed40014_foreground_identity_color_shift,L0_camera_r4,linear_winner_detached,49,349.5545349121094,0.34955453872680664,mid,1.0,-0.010566890239715576,-0.010229527950286865,-0.01467365223246279,-0.014095102653529442,-0.014095102653529442,0.0,WINNER_IMPROVES,0.7254231572151184,0.7308772802352905,0.005454123020172119,0.714863657951355,0.7208498120307922,0.005986154079437256,0.7148562669754028,0.7206477522850037,0.00579148530960083,0.010559499263763428,0.010566890239715576,-0.010027468204498291,-0.010229527950286865,0.0005320310592651367,0.00033736228942871094,1.0,1.0,0.0005320310592651367,0.00033736228942871094,0.00033736228942871094,0.0,1.0,0.005,-0.00033795833587646484,0.714539110660553,0.6429525635023595,0.003571807332818547,14.6238448886378,1e-06,34.96790599822998,56.896484375,56.570502281188965,94.39639902114868,True,PASS,,0.9999993185068702
159,v10_TypeM_039_04214_containment_orbit_left_44_seed43214_foreground_identity_color_shift,L0_camera_r4,linear_winner_detached,49,349.5545349121094,0.34955453872680664,mid,1.0,-0.01033860445022583,-0.010054826736450195,-0.013218327258596875,-0.012955859320883936,-0.012955859320883936,0.0,WINNER_IMPROVES,0.7873223423957825,0.7811216115951538,-0.006200730800628662,0.7771872282028198,0.7711934447288513,-0.005993783473968506,0.7769837379455566,0.7710667848587036,-0.005916953086853027,0.010135114192962646,0.01033860445022583,-0.00992816686630249,-0.010054826736450195,0.00020694732666015625,0.00028377771377563477,1.0,1.0,0.00020694732666015625,0.00028377771377563477,0.00028377771377563477,0.0,1.0,0.005,-0.00019675493240356445,0.7769050002098083,0.5521928752662045,0.0035526995856222975,14.623996667167754,1e-06,34.967875480651855,56.916015625,56.570502281188965,93.32476234436035,True,PASS,,0.9999992434751963
160,v6b_GT_C_007_04228_containment_orbit_left_44_seed43228,L0_camera_r4,linear_winner_detached,49,349.5545349121094,0.34955453872680664,mid,1.0,-0.011586189270019531,-0.010003209114074707,-0.014913085845490092,-0.012318481125737659,-0.012318481125737659,0.0,WINNER_IMPROVES,0.782721757888794,0.8170607686042786,0.03433901071548462,0.7712355256080627,0.8071810603141785,0.03594553470611572,0.7711355686187744,0.8070575594902039,0.03592199087142944,0.011486232280731201,0.011586189270019531,-0.009879708290100098,-0.010003209114074707,0.0016065239906311035,0.0015829801559448242,1.0,1.0,0.0016065239906311035,0.0015829801559448242,0.0015829801559448242,0.0,1.0,0.005,-0.0015336275100708008,0.7696506977081299,0.5905051003836598,0.003568299998070959,14.624149788294156,1e-06,34.967875480651855,56.896484375,56.570502281188965,93.78813886642456,True,PASS,,0.9999993294484187
161,v10_TypeM_071_01038_drop_orbit_left_72_seed40038_foreground_identity_color_shift,L0_camera_r4,linear_winner_detached,49,349.5545349121094,0.34955453872680664,mid,1.0,-0.011198818683624268,-0.01100623607635498,-0.015334662379825167,-0.014941332463425449,-0.014941332463425449,0.0,WINNER_IMPROVES,0.7359081506729126,0.7421469688415527,0.006238818168640137,0.7248771786689758,0.7310894131660461,0.0062122344970703125,0.7247093319892883,0.7311407327651978,0.006431400775909424,0.011030972003936768,0.011198818683624268,-0.011057555675506592,-0.01100623607635498,-2.658367156982422e-05,0.0001925826072692871,1.0,1.0,-2.658367156982422e-05,0.0001925826072692871,0.0001925826072692871,0.0,1.0,0.005,-0.00022941827774047852,0.7245494723320007,0.6494458505761374,0.0035801393132773034,14.624304358862117,1e-06,34.96790599822998,56.916015625,56.570502281188965,92.9241406917572,True,PASS,,0.9999993478830358
162,v10_TypeM_067_01014_drop_orbit_left_72_seed40014_foreground_identity_color_shift,L0_camera_r4,linear_winner_detached,49,349.5545349121094,0.34955453872680664,mid,1.0,-0.01126950979232788,-0.010894298553466797,-0.01565701783730455,-0.015017990976623779,-0.015017990976623779,0.0,WINNER_IMPROVES,0.7254231572151184,0.7308772802352905,0.005454123020172119,0.7142884731292725,0.720139741897583,0.005851268768310547,0.7141536474227905,0.7199829816818237,0.005829334259033203,0.011134684085845947,0.01126950979232788,-0.01073753833770752,-0.010894298553466797,0.00039714574813842773,0.000375211238861084,1.0,1.0,0.00039714574813842773,0.000375211238861084,0.000375211238861084,0.0,1.0,0.005,-0.0003160238265991211,0.7141355276107788,0.6532392611816862,0.0035835387061284936,14.624459865200231,1e-06,34.96790599822998,56.896484375,56.570502281188965,93.62518572807312,True,PASS,,0.9999993613091765
163,v10_TypeM_039_04214_containment_orbit_left_44_seed43214_foreground_identity_color_shift,L0_camera_r4,linear_winner_detached,49,349.5545349121094,0.34955453872680664,mid,1.0,-0.010809719562530518,-0.010508477687835693,-0.013824849594375863,-0.013544374424534027,-0.013544374424534027,0.0,WINNER_IMPROVES,0.7873223423957825,0.7811216115951538,-0.006200730800628662,0.7765766978263855,0.7705833911895752,-0.005993306636810303,0.776512622833252,0.7706131339073181,-0.005899488925933838,0.010745644569396973,0.010809719562530518,-0.010538220405578613,-0.010508477687835693,0.00020742416381835938,0.0003012418746948242,1.0,1.0,0.00020742416381835938,0.0003012418746948242,0.0003012418746948242,0.0,1.0,0.005,-0.0003070831298828125,0.7762446999549866,0.5610633914314975,0.003563907046192946,14.624615419339744,1e-06,34.967875480651855,56.916015625,56.570502281188965,93.00311493873596,True,PASS,,0.9999992766653483
164,v6b_GT_C_007_04228_containment_orbit_left_44_seed43228,L0_camera_r4,linear_winner_detached,49,349.5545349121094,0.34955453872680664,mid,1.0,-0.012178361415863037,-0.010483741760253906,-0.015681303069299685,-0.012914071550605543,-0.012914071550605543,0.0,WINNER_IMPROVES,0.782721757888794,0.8170607686042786,0.03433901071548462,0.7707338929176331,0.8066606521606445,0.035926759243011475,0.7705433964729309,0.8065770268440247,0.03603363037109375,0.011987864971160889,0.012178361415863037,-0.010400116443634033,-0.010483741760253906,0.0015877485275268555,0.0016946196556091309,1.0,1.0,0.0015877485275268555,0.0016946196556091309,0.0016946196556091309,0.0,1.0,0.005,-0.0016655325889587402,0.7690034508705139,0.6001961816005892,0.0035794313201766978,14.624772429052882,1e-06,34.967875480651855,56.896484375,56.570502281188965,93.60858988761902,True,PASS,,0.9999993622983001
165,v10_TypeM_071_01038_drop_orbit_left_72_seed40038_foreground_identity_color_shift,L0_camera_r4,linear_winner_detached,49,349.5545349121094,0.34955453872680664,mid,1.0,-0.011870384216308594,-0.011662542819976807,-0.01626176079781027,-0.01583938320482766,-0.01583938320482766,0.0,WINNER_IMPROVES,0.7359081506729126,0.7421469688415527,0.006238818168640137,0.7243278622627258,0.7306474447250366,0.006319582462310791,0.724037766456604,0.7304844260215759,0.006446659564971924,0.011580288410186768,0.011870384216308594,-0.011499524116516113,-0.011662542819976807,8.07642936706543e-05,0.0002078413963317871,1.0,1.0,8.07642936706543e-05,0.0002078413963317871,0.0002078413963317871,0.0,1.0,0.005,-3.987550735473633e-05,0.724225640296936,0.659717014313091,0.0035910673081801037,14.624930925842467,1e-06,34.96790599822998,56.916015625,56.570502281188965,93.56379699707031,True,PASS,,0.9999993850608199
166,v10_TypeM_067_01014_drop_orbit_left_72_seed40014_foreground_identity_color_shift,L0_camera_r4,linear_winner_detached,49,349.5545349121094,0.34955453872680664,mid,1.0,-0.011805117130279541,-0.011348068714141846,-0.01640728815049257,-0.01564844089089759,-0.01564844089089759,0.0,WINNER_IMPROVES,0.7254231572151184,0.7308772802352905,0.005454123020172119,0.7137963771820068,0.7196688652038574,0.005872488021850586,0.7136180400848389,0.7195292115211487,0.0059111714363098145,0.011626780033111572,0.011805117130279541,-0.011208415031433105,-0.011348068714141846,0.0004183650016784668,0.0004570484161376953,1.0,1.0,0.0004183650016784668,0.0004570484161376953,0.0004570484161376953,0.0,1.0,0.005,-0.00032973289489746094,0.7135631442070007,0.6637728176327464,0.0035940581525912645,14.625090313655203,1e-06,34.96790599822998,56.896484375,56.570502281188965,92.58165407180786,True,PASS,,0.9999993905151286
167,v10_TypeM_039_04214_containment_orbit_left_44_seed43214_foreground_identity_color_shift,L0_camera_r4,linear_winner_detached,49,349.5545349121094,0.34955453872680664,mid,1.0,-0.011402010917663574,-0.011142194271087646,-0.014587898812824674,-0.014367066459830779,-0.014367066459830779,0.0,WINNER_IMPROVES,0.7873223423957825,0.7811216115951538,-0.006200730800628662,0.7761982679367065,0.7701128721237183,-0.006085395812988281,0.7759203314781189,0.7699794173240662,-0.005940914154052734,0.011124074459075928,0.011402010917663574,-0.011008739471435547,-0.011142194271087646,0.00011533498764038086,0.00025981664657592773,1.0,1.0,0.00011533498764038086,0.00025981664657592773,0.00025981664657592773,0.0,1.0,0.005,-0.0003541111946105957,0.7756543159484863,0.5699024361369202,0.0035744997594503,14.625249701464176,1e-06,34.967875480651855,56.916015625,56.570502281188965,93.69706583023071,True,PASS,,0.9999993145007877
168,v6b_GT_C_007_04228_containment_orbit_left_44_seed43228,L0_camera_r4,linear_winner_detached,49,349.5545349121094,0.34955453872680664,mid,1.0,-0.012926459312438965,-0.01108163595199585,-0.016652645213837795,-0.01365561994035148,-0.01365561994035148,0.0,WINNER_IMPROVES,0.782721757888794,0.8170607686042786,0.03433901071548462,0.7699964642524719,0.806117832660675,0.036121368408203125,0.769795298576355,0.8059791326522827,0.036183834075927734,0.012725293636322021,0.012926459312438965,-0.010942935943603516,-0.01108163595199585,0.0017823576927185059,0.0018448233604431152,1.0,1.0,0.0017823576927185059,0.0018448233604431152,0.0018448233604431152,0.0,1.0,0.005,-0.0017938017845153809,0.7682278752326965,0.6097221505542467,0.0035896439418746364,14.625410627290591,1e-06,34.967875480651855,56.896484375,56.570502281188965,93.3566837310791,True,PASS,,0.9999993994951631
169,v10_TypeM_071_01038_drop_orbit_left_72_seed40038_foreground_identity_color_shift,L0_camera_r4,linear_winner_detached,49,349.5545349121094,0.34955453872680664,mid,1.0,-0.012386679649353027,-0.012109816074371338,-0.01697509319131229,-0.01645186749639572,-0.01645186749639572,0.0,WINNER_IMPROVES,0.7359081506729126,0.7421469688415527,0.006238818168640137,0.7236514687538147,0.7301020622253418,0.0064505934715271,0.7235214710235596,0.7300371527671814,0.006515681743621826,0.0122566819190979,0.012386679649353027,-0.012044906616210938,-0.012109816074371338,0.0002117753028869629,0.00027686357498168945,1.0,1.0,0.0002117753028869629,0.00027686357498168945,0.00027686357498168945,0.0,1.0,0.005,-7.009506225585938e-05,0.723614513874054,0.6699508443817831,0.003601186692692608,14.625572891440218,1e-06,34.96790599822998,56.916015625,56.570502281188965,93.50262475013733,True,PASS,,0.999999410901961
170,v10_TypeM_067_01014_drop_orbit_left_72_seed40014_foreground_identity_color_shift,L0_camera_r4,linear_winner_detached,49,349.5545349121094,0.34955453872680664,mid,1.0,-0.012290000915527344,-0.011838972568511963,-0.017086991519023036,-0.016330930742854268,-0.016330930742854268,0.0,WINNER_IMPROVES,0.7254231572151184,0.7308772802352905,0.005454123020172119,0.713268518447876,0.7190219163894653,0.0057533979415893555,0.7131331562995911,0.7190383076667786,0.0059051513671875,0.012154638767242432,0.012290000915527344,-0.011855363845825195,-0.011838972568511963,0.00029927492141723633,0.00045102834701538086,1.0,1.0,0.00029927492141723633,0.00045102834701538086,0.00045102834701538086,0.0,1.0,0.005,-0.00042182207107543945,0.7128458023071289,0.6740121110313279,0.0036039483004002447,14.625736164047678,1e-06,34.96790599822998,56.896484375,56.570502281188965,94.17407441139221,True,PASS,,0.9999994147598108
171,v10_TypeM_039_04214_containment_orbit_left_44_seed43214_foreground_identity_color_shift,L0_camera_r4,linear_winner_detached,49,349.5545349121094,0.34955453872680664,mid,1.0,-0.011958301067352295,-0.011695623397827148,-0.01530509828458297,-0.015086083219687813,-0.015086083219687813,0.0,WINNER_IMPROVES,0.7873223423957825,0.7811216115951538,-0.006200730800628662,0.7754839062690735,0.7695527076721191,-0.005931198596954346,0.7753640413284302,0.7694259881973267,-0.005938053131103516,0.011838436126708984,0.011958301067352295,-0.011568903923034668,-0.011695623397827148,0.0002695322036743164,0.0002626776695251465,1.0,1.0,0.0002695322036743164,0.0002626776695251465,0.0002626776695251465,0.0,1.0,0.005,-0.00033211708068847656,0.7751821279525757,0.5787768196143251,0.003584264158690783,14.625899457440543,1e-06,34.967875480651855,56.916015625,56.570502281188965,93.0569441318512,True,PASS,,0.9999993466233748
172,v6b_GT_C_007_04228_containment_orbit_left_44_seed43228,L0_camera_r4,linear_winner_detached,49,349.5545349121094,0.34955453872680664,mid,1.0,-0.01348346471786499,-0.011555731296539307,-0.017376483115095133,-0.014244015856582236,-0.014244015856582236,0.0,WINNER_IMPROVES,0.782721757888794,0.8170607686042786,0.03433901071548462,0.7692965865135193,0.8056783080101013,0.03638172149658203,0.769238293170929,0.8055050373077393,0.0362667441368103,0.013425171375274658,0.01348346471786499,-0.011382460594177246,-0.011555731296539307,0.002042710781097412,0.0019277334213256836,1.0,1.0,0.002042710781097412,0.0019277334213256836,0.0019277334213256836,0.0,1.0,0.005,-0.001808464527130127,0.7675198316574097,0.618935417706301,0.003599755348778463,14.626064220487502,1e-06,34.967875480651855,56.896484375,56.570502281188965,93.29485416412354,True,PASS,,0.9999994245098861
173,v10_TypeM_071_01038_drop_orbit_left_72_seed40038_foreground_identity_color_shift,L0_camera_r4,linear_winner_detached,49,349.5545349121094,0.34955453872680664,mid,1.0,-0.013008356094360352,-0.0128709077835083,-0.017834699572214605,-0.017494949626404063,-0.017494949626404063,0.0,WINNER_IMPROVES,0.7359081506729126,0.7421469688415527,0.006238818168640137,0.7230903506278992,0.7294368743896484,0.006346523761749268,0.7228997945785522,0.7292760610580444,0.0063762664794921875,0.012817800045013428,0.013008356094360352,-0.012710094451904297,-0.0128709077835083,0.00010770559310913086,0.00013744831085205078,1.0,1.0,0.00010770559310913086,0.00013744831085205078,0.00013744831085205078,0.0,1.0,0.005,-0.00021797418594360352,0.7228000164031982,0.680033093471838,0.0036110722126365276,14.626230461251458,1e-06,34.96790599822998,56.916015625,56.570502281188965,93.17432570457458,True,PASS,,0.9999994392956072
174,v10_TypeM_067_01014_drop_orbit_left_72_seed40014_foreground_identity_color_shift,L0_camera_r4,linear_winner_detached,49,349.5545349121094,0.34955453872680664,mid,1.0,-0.013028204441070557,-0.012373149394989014,-0.018122682890486075,-0.017074111367401577,-0.017074111367401577,0.0,WINNER_IMPROVES,0.7254231572151184,0.7308772802352905,0.005454123020172119,0.712697446346283,0.7185929417610168,0.005895495414733887,0.7123949527740479,0.7185041308403015,0.006109178066253662,0.01272571086883545,0.013028204441070557,-0.012284338474273682,-0.012373149394989014,0.0004413723945617676,0.000655055046081543,1.0,1.0,0.0004413723945617676,0.000655055046081543,0.000655055046081543,0.0,1.0,0.005,-0.0004636049270629883,0.712165355682373,0.6842809556623727,0.0036137201525461406,14.626397608239902,1e-06,34.96790599822998,56.896484375,56.570502281188965,93.9584310054779,True,PASS,,0.9999994482056247
175,v10_TypeM_039_04214_containment_orbit_left_44_seed43214_foreground_identity_color_shift,L0_camera_r4,linear_winner_detached,49,349.5545349121094,0.34955453872680664,mid,1.0,-0.012359857559204102,-0.01226431131362915,-0.01582312656943053,-0.015825463200703237,-0.015825463200703237,0.0,WINNER_IMPROVES,0.7873223423957825,0.7811216115951538,-0.006200730800628662,0.7749717235565186,0.7690741419792175,-0.005897581577301025,0.7749624848365784,0.7688573002815247,-0.006105184555053711,0.012350618839263916,0.012359857559204102,-0.01204746961593628,-0.01226431131362915,0.0003031492233276367,9.554624557495117e-05,1.0,1.0,0.0003031492233276367,9.554624557495117e-05,9.554624557495117e-05,0.0,1.0,0.005,-0.00026917457580566406,0.7746461629867554,0.5877677694725504,0.003593842959123906,14.626564728396097,1e-06,34.967875480651855,56.916015625,56.570502281188965,93.80145597457886,True,PASS,,0.9999993680140496
176,v6b_GT_C_007_04228_containment_orbit_left_44_seed43228,L0_camera_r4,linear_winner_detached,49,349.5545349121094,0.34955453872680664,mid,1.0,-0.014053583145141602,-0.012116968631744385,-0.018117904596665388,-0.014941010803536055,-0.014941010803536055,0.0,WINNER_IMPROVES,0.782721757888794,0.8170607686042786,0.03433901071548462,0.7687458992004395,0.8048937320709229,0.0361478328704834,0.7686681747436523,0.8049437999725342,0.036275625228881836,0.013975858688354492,0.014053583145141602,-0.012167036533355713,-0.012116968631744385,0.0018088221549987793,0.0019366145133972168,1.0,1.0,0.0018088221549987793,0.0019366145133972168,0.0019366145133972168,0.0,1.0,0.005,-0.001954972743988037,0.766856849193573,0.6286257309610835,0.0036094447129275437,14.626733370398581,1e-06,34.967875480651855,56.896484375,56.570502281188965,92.74080228805542,True,PASS,,0.9999994480600983
177,v10_TypeM_071_01038_drop_orbit_left_72_seed40038_foreground_identity_color_shift,L0_camera_r4,linear_winner_detached,49,349.5545349121094,0.34955453872680664,mid,1.0,-0.013616323471069336,-0.013508498668670654,-0.018676065374503403,-0.01836961121102459,-0.01836961121102459,0.0,WINNER_IMPROVES,0.7359081506729126,0.7421469688415527,0.006238818168640137,0.7225222587585449,0.7289642095565796,0.006441950798034668,0.7222918272018433,0.7286384701728821,0.006346642971038818,0.013385891914367676,0.013616323471069336,-0.013182759284973145,-0.013508498668670654,0.00020313262939453125,0.00010782480239868164,1.0,1.0,0.00020313262939453125,0.00010782480239868164,0.00010782480239868164,0.0,1.0,0.005,-8.577108383178711e-05,0.722417950630188,0.6903413982479124,0.0036205494446977424,14.62690354885616,1e-06,34.96790599822998,56.916015625,56.570502281188965,92.6471381187439,True,PASS,,0.9999994645555985
178,v10_TypeM_067_01014_drop_orbit_left_72_seed40014_foreground_identity_color_shift,L0_camera_r4,linear_winner_detached,49,349.5545349121094,0.34955453872680664,mid,1.0,-0.013543009757995605,-0.012989342212677002,-0.01884558443111074,-0.017932084424013197,-0.017932084424013197,0.0,WINNER_IMPROVES,0.7254231572151184,0.7308772802352905,0.005454123020172119,0.712187647819519,0.7179641723632812,0.005776524543762207,0.7118801474571228,0.7178879380226135,0.006007790565490723,0.013235509395599365,0.013543009757995605,-0.012913107872009277,-0.012989342212677002,0.0003224015235900879,0.0005536675453186035,1.0,1.0,0.0003224015235900879,0.0005536675453186035,0.0005536675453186035,0.0,1.0,0.005,-0.0004590153694152832,0.711617648601532,0.693995081789275,0.003623217005629644,14.627074572935037,1e-06,34.96790599822998,56.896484375,56.570502281188965,91.55660152435303,True,PASS,,0.9999994693720042
179,v10_TypeM_039_04214_containment_orbit_left_44_seed43214_foreground_identity_color_shift,L0_camera_r4,linear_winner_detached,49,349.5545349121094,0.34955453872680664,mid,1.0,-0.013125121593475342,-0.012780308723449707,-0.016811099705903505,-0.016496810964653778,-0.016496810964653778,0.0,WINNER_IMPROVES,0.7873223423957825,0.7811216115951538,-0.006200730800628662,0.7742576599121094,0.7684364914894104,-0.005821168422698975,0.7741972208023071,0.7683413028717041,-0.005855917930603027,0.013064682483673096,0.013125121593475342,-0.012685120105743408,-0.012780308723449707,0.0003795623779296875,0.00034481287002563477,1.0,1.0,0.0003795623779296875,0.00034481287002563477,0.00034481287002563477,0.0,1.0,0.005,-0.0003708004951477051,0.7739559412002563,0.596589318900201,0.0036033002588743137,14.627245599387637,1e-06,34.967875480651855,56.916015625,56.570502281188965,93.15607929229736,True,PASS,,0.9999994051552707
180,v6b_GT_C_007_04228_containment_orbit_left_44_seed43228,L0_camera_r4,linear_winner_detached,49,349.5545349121094,0.34955453872680664,mid,1.0,-0.014722943305969238,-0.012737929821014404,-0.018989089048599406,-0.015712742718455585,-0.015712742718455585,0.0,WINNER_IMPROVES,0.782721757888794,0.8170607686042786,0.03433901071548462,0.7681465148925781,0.8046002984046936,0.03645378351211548,0.7679988145828247,0.8043228387832642,0.03632402420043945,0.01457524299621582,0.014722943305969238,-0.012460470199584961,-0.012737929821014404,0.0021147727966308594,0.001985013484954834,1.0,1.0,0.0021147727966308594,0.001985013484954834,0.001985013484954834,0.0,1.0,0.005,-0.0020231008529663086,0.7661533355712891,0.6379825230536418,0.0036187874548220932,14.627418207131702,1e-06,34.967875480651855,56.896484375,56.570502281188965,92.31763219833374,True,PASS,,0.9999994733820716
181,v10_TypeM_071_01038_drop_orbit_left_72_seed40038_foreground_identity_color_shift,L0_camera_r4,linear_winner_detached,49,349.5545349121094,0.34955453872680664,mid,1.0,-0.014211297035217285,-0.013970255851745605,-0.01950013497764109,-0.01900353814635056,-0.01900353814635056,0.0,WINNER_IMPROVES,0.7359081506729126,0.7421469688415527,0.006238818168640137,0.721871554851532,0.7283400893211365,0.006468534469604492,0.7216968536376953,0.7281767129898071,0.006479859352111816,0.014036595821380615,0.014211297035217285,-0.01380687952041626,-0.013970255851745605,0.00022971630096435547,0.0002410411834716797,1.0,1.0,0.00022971630096435547,0.0002410411834716797,0.0002410411834716797,0.0,1.0,0.005,-0.00010895729064941406,0.7218027114868164,0.7005335975117084,0.0036298409711708656,14.627592267594606,1e-06,34.96790599822998,56.916015625,56.570502281188965,92.60385417938232,True,PASS,,0.9999994871832998
182,v10_TypeM_067_01014_drop_orbit_left_72_seed40014_foreground_identity_color_shift,L0_camera_r4,linear_winner_detached,49,349.5545349121094,0.34955453872680664,mid,1.0,-0.014149129390716553,-0.013836503028869629,-0.019697382038676423,-0.019112855139410048,-0.019112855139410048,0.0,WINNER_IMPROVES,0.7254231572151184,0.7308772802352905,0.005454123020172119,0.711524248123169,0.7173264622688293,0.0058022141456604,0.7112740278244019,0.7170407772064209,0.005766749382019043,0.013898909091949463,0.014149129390716553,-0.013550817966461182,-0.013836503028869629,0.00034809112548828125,0.00031262636184692383,1.0,1.0,0.00034809112548828125,0.00031262636184692383,0.00031262636184692383,0.0,1.0,0.005,-0.0004998445510864258,0.7110276818275452,0.7058053141144793,0.003630739736575822,14.627767196238143,1e-06,34.96790599822998,56.896484375,56.570502281188965,92.6281669139862,True,PASS,,0.9999994923185779
183,v10_TypeM_039_04214_containment_orbit_left_44_seed43214_foreground_identity_color_shift,L0_camera_r4,linear_winner_detached,49,349.5545349121094,0.34955453872680664,mid,1.0,-0.013693451881408691,-0.013402938842773438,-0.017545459078672082,-0.017307495645196614,-0.017307495645196614,0.0,WINNER_IMPROVES,0.7873223423957825,0.7811216115951538,-0.006200730800628662,0.7737995386123657,0.7678530216217041,-0.005946516990661621,0.7736288905143738,0.7677186727523804,-0.005910217761993408,0.013522803783416748,0.013693451881408691,-0.013268589973449707,-0.013402938842773438,0.000254213809967041,0.0002905130386352539,1.0,1.0,0.000254213809967041,0.0002905130386352539,0.0002905130386352539,0.0,1.0,0.005,-0.0003560781478881836,0.7734197974205017,0.6053870386547134,0.0036104287403396613,14.627942048128856,1e-06,34.967875480651855,56.916015625,56.570502281188965,92.03181552886963,True,PASS,,0.9999994300522854
184,v6b_GT_C_007_04228_containment_orbit_left_44_seed43228,L0_camera_r4,linear_winner_detached,49,349.5545349121094,0.34955453872680664,mid,1.0,-0.01533442735671997,-0.013441920280456543,-0.01978561059734531,-0.01658838454217646,-0.01658838454217646,0.0,WINNER_IMPROVES,0.782721757888794,0.8170607686042786,0.03433901071548462,0.7675923109054565,0.803885817527771,0.03629350662231445,0.767387330532074,0.803618848323822,0.03623151779174805,0.015129446983337402,0.01533442735671997,-0.013174951076507568,-0.013441920280456543,0.001954495906829834,0.0018925070762634277,1.0,1.0,0.001954495906829834,0.0018925070762634277,0.0018925070762634277,0.0,1.0,0.005,-0.0019326210021972656,0.7656093239784241,0.6477219083348464,0.003626553762485541,14.628118493029652,1e-06,34.967875480651855,56.896484375,56.570502281188965,92.81122970581055,True,PASS,,0.9999994945824442
185,v10_TypeM_071_01038_drop_orbit_left_72_seed40038_foreground_identity_color_shift,L0_camera_r4,linear_winner_detached,49,349.5545349121094,0.34955453872680664,mid,1.0,-0.014886021614074707,-0.014622032642364502,-0.020435486389507606,-0.019899019477406934,-0.019899019477406934,0.0,WINNER_IMPROVES,0.7359081506729126,0.7421469688415527,0.006238818168640137,0.7212084531784058,0.7276377081871033,0.00642925500869751,0.7210221290588379,0.7275249361991882,0.006502807140350342,0.014699697494506836,0.014886021614074707,-0.014509260654449463,-0.014622032642364502,0.00019043684005737305,0.0002639889717102051,1.0,1.0,0.00019043684005737305,0.0002639889717102051,0.0002639889717102051,0.0,1.0,0.005,-5.6684017181396484e-05,0.7211707234382629,0.7107823705873977,0.00363749976604929,14.628296413745721,1e-06,34.96790599822998,56.916015625,56.570502281188965,91.84487342834473,True,PASS,,0.9999995106553905
186,v10_TypeM_067_01014_drop_orbit_left_72_seed40014_foreground_identity_color_shift,L0_camera_r4,linear_winner_detached,49,349.5545349121094,0.34955453872680664,mid,1.0,-0.014738202095031738,-0.014274060726165771,-0.020525918918845237,-0.019723268471842414,-0.019723268471842414,0.0,WINNER_IMPROVES,0.7254231572151184,0.7308772802352905,0.005454123020172119,0.7109110951423645,0.7166633605957031,0.005752265453338623,0.7106849551200867,0.7166032195091248,0.005918264389038086,0.014512062072753906,0.014738202095031738,-0.014213919639587402,-0.014274060726165771,0.0002981424331665039,0.0004641413688659668,1.0,1.0,0.0002981424331665039,0.0004641413688659668,0.0004641413688659668,0.0,1.0,0.005,-0.00045174360275268555,0.7104359269142151,0.7149801673135397,0.003639053993198124,14.628475207638523,1e-06,34.96790599822998,56.896484375,56.570502281188965,92.61330056190491,True,PASS,,0.9999995128113305
187,v10_TypeM_039_04214_containment_orbit_left_44_seed43214_foreground_identity_color_shift,L0_camera_r4,linear_winner_detached,49,349.5545349121094,0.34955453872680664,mid,1.0,-0.014311432838439941,-0.013973712921142578,-0.018344586298724812,-0.018051239900062813,-0.018051239900062813,0.0,WINNER_IMPROVES,0.7873223423957825,0.7811216115951538,-0.006200730800628662,0.7731842398643494,0.7673822641372681,-0.005801975727081299,0.7730109095573425,0.7671478986740112,-0.005863010883331299,0.014138102531433105,0.014311432838439941,-0.013739347457885742,-0.013973712921142578,0.0003987550735473633,0.0003377199172973633,1.0,1.0,0.0003987550735473633,0.0003377199172973633,0.0003377199172973633,0.0,1.0,0.005,-0.000319063663482666,0.772901713848114,0.6147127813646794,0.003618762498622696,14.62865400519921,1e-06,34.967875480651855,56.916015625,56.570502281188965,92.49112057685852,True,PASS,,0.9999994548803453
188,v6b_GT_C_007_04228_containment_orbit_left_44_seed43228,L0_camera_r4,linear_winner_detached,49,349.5545349121094,0.34955453872680664,mid,1.0,-0.016005754470825195,-0.013955295085906982,-0.02066081519842887,-0.017227417398717502,-0.017227417398717502,0.0,WINNER_IMPROVES,0.782721757888794,0.8170607686042786,0.03433901071548462,0.7668215036392212,0.8033056855201721,0.03648418188095093,0.7667160034179688,0.8031054735183716,0.03638947010040283,0.015900254249572754,0.016005754470825195,-0.013755083084106445,-0.013955295085906982,0.0021451711654663086,0.002050459384918213,1.0,1.0,0.0021451711654663086,0.002050459384918213,0.002050459384918213,0.0,1.0,0.005,-0.0021500587463378906,0.7646463513374329,0.6573336192017948,0.0036346830085447436,14.62883432148438,1e-06,34.967875480651855,56.896484375,56.570502281188965,91.9060287475586,True,PASS,,0.9999995159922266
189,v10_TypeM_071_01038_drop_orbit_left_72_seed40038_foreground_identity_color_shift,L0_camera_r4,linear_winner_detached,49,349.5545349121094,0.34955453872680664,mid,1.0,-0.015496313571929932,-0.015308558940887451,-0.021282270911285605,-0.02084311139489826,-0.02084311139489826,0.0,WINNER_IMPROVES,0.7359081506729126,0.7421469688415527,0.006238818168640137,0.7205904126167297,0.7269389629364014,0.006348550319671631,0.7204118371009827,0.7268384099006653,0.006426572799682617,0.015317738056182861,0.015496313571929932,-0.015208005905151367,-0.015308558940887451,0.00010973215103149414,0.00018775463104248047,1.0,1.0,0.00010973215103149414,0.00018775463104248047,0.00018775463104248047,0.0,1.0,0.005,-0.0002383589744567871,0.7202959656715393,0.7211661037611281,0.0036453391200090206,14.62901613375008,1e-06,34.96790599822998,56.916015625,56.570502281188965,92.27958250045776,True,PASS,,0.9999995301255516
190,v10_TypeM_067_01014_drop_orbit_left_72_seed40014_foreground_identity_color_shift,L0_camera_r4,linear_winner_detached,49,349.5545349121094,0.34955453872680664,mid,1.0,-0.015460610389709473,-0.014938592910766602,-0.02154293171869149,-0.020651035010216645,-0.020651035010216645,0.0,WINNER_IMPROVES,0.7254231572151184,0.7308772802352905,0.005454123020172119,0.7101806998252869,0.7160083651542664,0.005827665328979492,0.7099625468254089,0.7159386873245239,0.00597614049911499,0.015242457389831543,0.015460610389709473,-0.01486891508102417,-0.014938592910766602,0.00037354230880737305,0.0005220174789428711,1.0,1.0,0.00037354230880737305,0.0005220174789428711,0.0005220174789428711,0.0,1.0,0.005,-0.0004926323890686035,0.7096567153930664,0.7251074662588282,0.0036469260924258283,14.629198913366741,1e-06,34.96790599822998,56.896484375,56.570502281188965,92.2809100151062,True,PASS,,0.9999995358108409
191,v10_TypeM_039_04214_containment_orbit_left_44_seed43214_foreground_identity_color_shift,L0_camera_r4,linear_winner_detached,49,349.5545349121094,0.34955453872680664,mid,1.0,-0.014975786209106445,-0.014662861824035645,-0.019204391771209993,-0.018949969624520856,-0.018949969624520856,0.0,WINNER_IMPROVES,0.7873223423957825,0.7811216115951538,-0.006200730800628662,0.7726662158966064,0.7666559219360352,-0.006010293960571289,0.772346556186676,0.7664587497711182,-0.005887806415557861,0.014656126499176025,0.014975786209106445,-0.014465689659118652,-0.014662861824035645,0.00019043684005737305,0.0003129243850708008,1.0,1.0,0.00019043684005737305,0.0003129243850708008,0.0003129243850708008,0.0,1.0,0.005,-0.00034552812576293945,0.7722540497779846,0.6233865967712091,0.0036264970365325827,14.629381473098144,1e-06,34.967875480651855,56.916015625,56.570502281188965,92.7167239189148,True,PASS,,0.9999994792860449
192,v6b_GT_C_007_04228_containment_orbit_left_44_seed43228,L0_camera_r4,linear_winner_detached,49,349.5545349121094,0.34955453872680664,mid,1.0,-0.01674860715866089,-0.014465808868408203,-0.02163016078856238,-0.01786329415726022,-0.01786329415726022,0.0,WINNER_IMPROVES,0.782721757888794,0.8170607686042786,0.03433901071548462,0.7661252617835999,0.8027042746543884,0.036579012870788574,0.7659731507301331,0.8025949597358704,0.036621809005737305,0.016596496105194092,0.01674860715866089,-0.014356493949890137,-0.014465808868408203,0.002240002155303955,0.0022827982902526855,1.0,1.0,0.002240002155303955,0.0022827982902526855,0.0022827982902526855,0.0,1.0,0.005,-0.002149224281311035,0.7639224529266357,0.6663713472488403,0.003642634691336033,14.629565751625687,1e-06,34.967875480651855,56.896484375,56.570502281188965,92.58013725280762,True,PASS,,0.9999995376827997
193,v10_TypeM_071_01038_drop_orbit_left_72_seed40038_foreground_identity_color_shift,L0_camera_r4,linear_winner_detached,49,349.5545349121094,0.34955453872680664,mid,1.0,-0.016199469566345215,-0.016013801097869873,-0.02225879479472091,-0.021813869823361958,-0.021813869823361958,0.0,WINNER_IMPROVES,0.7359081506729126,0.7421469688415527,0.006238818168640137,0.7199845910072327,0.7263607382774353,0.006376147270202637,0.7197086811065674,0.7261331677436829,0.0064244866371154785,0.01592355966567993,0.016199469566345215,-0.01578623056411743,-0.016013801097869873,0.0001373291015625,0.0001856684684753418,1.0,1.0,0.0001373291015625,0.0001856684684753418,0.0001856684684753418,0.0,1.0,0.005,-0.00031316280364990234,0.7195813655853271,0.7311534590743922,0.003653156216379269,14.629751525453527,1e-06,34.96790599822998,56.916015625,56.570502281188965,92.19717073440552,True,PASS,,0.9999995507395795
194,v10_TypeM_067_01014_drop_orbit_left_72_seed40014_foreground_identity_color_shift,L0_camera_r4,linear_winner_detached,49,349.5545349121094,0.34955453872680664,mid,1.0,-0.016034960746765137,-0.015651464462280273,-0.022352245953422663,-0.021647246974620945,-0.021647246974620945,0.0,WINNER_IMPROVES,0.7254231572151184,0.7308772802352905,0.005454123020172119,0.7094979286193848,0.7154475450515747,0.005949616432189941,0.7093881964683533,0.7152258157730103,0.005837619304656982,0.015925228595733643,0.016034960746765137,-0.01542973518371582,-0.015651464462280273,0.0004954934120178223,0.0003834962844848633,1.0,1.0,0.0004954934120178223,0.0003834962844848633,0.0003834962844848633,0.0,1.0,0.005,-0.0004363059997558594,0.7090965509414673,0.7356034226481899,0.0036540556394832075,14.629938152662183,1e-06,34.96790599822998,56.896484375,56.570502281188965,92.60792589187622,True,PASS,,0.9999995526178646
195,v10_TypeM_039_04214_containment_orbit_left_44_seed43214_foreground_identity_color_shift,L0_camera_r4,linear_winner_detached,49,349.5545349121094,0.34955453872680664,mid,1.0,-0.01551121473312378,-0.015173852443695068,-0.019897881230403272,-0.01961688226024069,-0.01961688226024069,0.0,WINNER_IMPROVES,0.7873223423957825,0.7811216115951538,-0.006200730800628662,0.7718724012374878,0.7659581303596497,-0.005914270877838135,0.7718111276626587,0.7659477591514587,-0.005863368511199951,0.015449941158294678,0.01551121473312378,-0.01516348123550415,-0.015173852443695068,0.00028645992279052734,0.00033736228942871094,1.0,1.0,0.00028645992279052734,0.00033736228942871094,0.00033736228942871094,0.0,1.0,0.005,-0.00034821033477783203,0.7715213298797607,0.6320948096371031,0.0036336713874577657,14.630124630010783,1e-06,34.967875480651855,56.916015625,56.570502281188965,93.27779817581177,True,PASS,,0.999999497434181
196,v6b_GT_C_007_04228_containment_orbit_left_44_seed43228,L0_camera_r4,linear_winner_detached,49,349.5545349121094,0.34955453872680664,mid,1.0,-0.017604529857635498,-0.01503223180770874,-0.022748217291077545,-0.018569282767038234,-0.018569282767038234,0.0,WINNER_IMPROVES,0.782721757888794,0.8170607686042786,0.03433901071548462,0.7653780579566956,0.8021045327186584,0.03672647476196289,0.7651172280311584,0.8020285367965698,0.03691130876541138,0.01734369993209839,0.017604529857635498,-0.014956235885620117,-0.01503223180770874,0.0023874640464782715,0.002572298049926758,1.0,1.0,0.0023874640464782715,0.002572298049926758,0.002572298049926758,0.0,1.0,0.005,-0.0024009346961975098,0.7630172371864319,0.6757590168308467,0.003649557472597588,14.63031274849234,1e-06,34.967875480651855,56.896484375,56.570502281188965,92.55120611190796,True,PASS,,0.9999995604053066
197,v10_TypeM_071_01038_drop_orbit_left_72_seed40038_foreground_identity_color_shift,L0_camera_r4,linear_winner_detached,49,349.5545349121094,0.34955453872680664,mid,1.0,-0.016827940940856934,-0.016524016857147217,-0.02313240649654596,-0.02251676442986157,-0.02251676442986157,0.0,WINNER_IMPROVES,0.7359081506729126,0.7421469688415527,0.006238818168640137,0.7192550301551819,0.7256032228469849,0.0063481926918029785,0.7190802097320557,0.7256229519844055,0.0065427422523498535,0.016653120517730713,0.016827940940856934,-0.01654374599456787,-0.016524016857147217,0.0001093745231628418,0.0003039240837097168,1.0,1.0,0.0001093745231628418,0.0003039240837097168,0.0003039240837097168,0.0,1.0,0.005,-0.00027441978454589844,0.7188870310783386,0.7411323032376034,0.0036598552393308508,14.630502372416,1e-06,34.96790599822998,56.916015625,56.570502281188965,92.04798793792725,True,PASS,,0.9999995677062099
198,v10_TypeM_067_01014_drop_orbit_left_72_seed40014_foreground_identity_color_shift,L0_camera_r4,linear_winner_detached,49,349.5545349121094,0.34955453872680664,mid,1.0,-0.016806185245513916,-0.016264736652374268,-0.023440005830581454,-0.022505067322088398,-0.022505067322088398,0.0,WINNER_IMPROVES,0.7254231572151184,0.7308772802352905,0.005454123020172119,0.7089384198188782,0.7148502469062805,0.005911827087402344,0.7086169719696045,0.7146125435829163,0.005995571613311768,0.016484737396240234,0.016806185245513916,-0.01602703332901001,-0.016264736652374268,0.0004577040672302246,0.0005414485931396484,1.0,1.0,0.0004577040672302246,0.0005414485931396484,0.0005414485931396484,0.0,1.0,0.005,-0.0006325840950012207,0.7081763744354248,0.7444146213532724,0.003660932975841843,14.630692942053049,1e-06,34.96790599822998,56.896484375,56.570502281188965,92.96063804626465,True,PASS,,0.9999995733791276
199,v10_TypeM_039_04214_containment_orbit_left_44_seed43214_foreground_identity_color_shift,L0_camera_r4,linear_winner_detached,49,349.5545349121094,0.34955453872680664,mid,1.0,-0.016121745109558105,-0.01575624942779541,-0.020689230240278498,-0.020377532706536083,-0.020377532706536083,0.0,WINNER_IMPROVES,0.7873223423957825,0.7811216115951538,-0.006200730800628662,0.7713439464569092,0.7654086351394653,-0.005935311317443848,0.7712005972862244,0.7653653621673584,-0.005835235118865967,0.01597839593887329,0.016121745109558105,-0.015712976455688477,-0.01575624942779541,0.00026541948318481445,0.0003654956817626953,1.0,1.0,0.00026541948318481445,0.0003654956817626953,0.0003654956817626953,0.0,1.0,0.005,-0.00021094083786010742,0.7710842490196228,0.6411445352103774,0.003640331489973173,14.630883285402412,1e-06,34.967875480651855,56.916015625,56.570502281188965,92.92762613296509,True,PASS,,0.9999995166569731
