sample_id,clip_path,template,camera_id,seed
01052_drop_orbit_left_72_seed40052,/home/nvme04/workspace/world_model_phys/PHYS/world_model_phys/local_assets/data/physion/generated_v5/converted_stage1_v1/01052_drop_orbit_left_72_seed40052,drop,orbit_left_72,40052
01531_drop_orbit_left_72_seed40531,/home/nvme04/workspace/world_model_phys/PHYS/world_model_phys/local_assets/data/physion/generated_v5/converted_stage1_v1/01531_drop_orbit_left_72_seed40531,drop,orbit_left_72,40531
01597_drop_orbit_left_72_seed40597,/home/nvme04/workspace/world_model_phys/PHYS/world_model_phys/local_assets/data/physion/generated_v5/converted_stage1_v1/01597_drop_orbit_left_72_seed40597,drop,orbit_left_72,40597
02122_drop_orbit_left_72_seed41122,/home/nvme04/workspace/world_model_phys/PHYS/world_model_phys/local_assets/data/physion/generated_v5/converted_stage1_v1/02122_drop_orbit_left_72_seed41122,drop,orbit_left_72,41122
01177_drop_orbit_left_72_seed40177,/home/nvme04/workspace/world_model_phys/PHYS/world_model_phys/local_assets/data/physion/generated_v5/converted_stage1_v1/01177_drop_orbit_left_72_seed40177,drop,orbit_left_72,40177
03542_roll_orbit_right_60_seed42542,/home/nvme04/workspace/world_model_phys/PHYS/world_model_phys/local_assets/data/physion/generated_v5/converted_stage1_v1/03542_roll_orbit_right_60_seed42542,roll,orbit_right_60,42542
03427_roll_orbit_right_60_seed42427,/home/nvme04/workspace/world_model_phys/PHYS/world_model_phys/local_assets/data/physion/generated_v5/converted_stage1_v1/03427_roll_orbit_right_60_seed42427,roll,orbit_right_60,42427
03620_roll_orbit_right_60_seed42620,/home/nvme04/workspace/world_model_phys/PHYS/world_model_phys/local_assets/data/physion/generated_v5/converted_stage1_v1/03620_roll_orbit_right_60_seed42620,roll,orbit_right_60,42620
02512_collision_orbit_right_64_seed41512,/home/nvme04/workspace/world_model_phys/PHYS/world_model_phys/local_assets/data/physion/generated_v5/converted_stage1_v1/02512_collision_orbit_right_64_seed41512,collision,orbit_right_64,41512
02011_drop_orbit_left_72_seed41011,/home/nvme04/workspace/world_model_phys/PHYS/world_model_phys/local_assets/data/physion/generated_v5/converted_stage1_v1/02011_drop_orbit_left_72_seed41011,drop,orbit_left_72,41011
01098_drop_orbit_left_72_seed40098,/home/nvme04/workspace/world_model_phys/PHYS/world_model_phys/local_assets/data/physion/generated_v5/converted_stage1_v1/01098_drop_orbit_left_72_seed40098,drop,orbit_left_72,40098
03269_collision_strafe_left_180_seed42269,/home/nvme04/workspace/world_model_phys/PHYS/world_model_phys/local_assets/data/physion/generated_v5/converted_stage1_v1/03269_collision_strafe_left_180_seed42269,collision,strafe_left_180,42269
02079_drop_orbit_left_72_seed41079,/home/nvme04/workspace/world_model_phys/PHYS/world_model_phys/local_assets/data/physion/generated_v5/converted_stage1_v1/02079_drop_orbit_left_72_seed41079,drop,orbit_left_72,41079
01103_drop_orbit_left_72_seed40103,/home/nvme04/workspace/world_model_phys/PHYS/world_model_phys/local_assets/data/physion/generated_v5/converted_stage1_v1/01103_drop_orbit_left_72_seed40103,drop,orbit_left_72,40103
01947_drop_orbit_left_72_seed40947,/home/nvme04/workspace/world_model_phys/PHYS/world_model_phys/local_assets/data/physion/generated_v5/converted_stage1_v1/01947_drop_orbit_left_72_seed40947,drop,orbit_left_72,40947
04263_containment_orbit_left_44_seed43263,/home/nvme04/workspace/world_model_phys/PHYS/world_model_phys/local_assets/data/physion/generated_v5/converted_stage1_v1/04263_containment_orbit_left_44_seed43263,containment,orbit_left_44,43263
01086_drop_orbit_left_72_seed40086,/home/nvme04/workspace/world_model_phys/PHYS/world_model_phys/local_assets/data/physion/generated_v5/converted_stage1_v1/01086_drop_orbit_left_72_seed40086,drop,orbit_left_72,40086
03504_roll_orbit_right_60_seed42504,/home/nvme04/workspace/world_model_phys/PHYS/world_model_phys/local_assets/data/physion/generated_v5/converted_stage1_v1/03504_roll_orbit_right_60_seed42504,roll,orbit_right_60,42504
01122_drop_orbit_left_72_seed40122,/home/nvme04/workspace/world_model_phys/PHYS/world_model_phys/local_assets/data/physion/generated_v5/converted_stage1_v1/01122_drop_orbit_left_72_seed40122,drop,orbit_left_72,40122
03065_collision_strafe_left_180_seed42065,/home/nvme04/workspace/world_model_phys/PHYS/world_model_phys/local_assets/data/physion/generated_v5/converted_stage1_v1/03065_collision_strafe_left_180_seed42065,collision,strafe_left_180,42065
02966_collision_orbit_right_64_seed41966,/home/nvme04/workspace/world_model_phys/PHYS/world_model_phys/local_assets/data/physion/generated_v5/converted_stage1_v1/02966_collision_orbit_right_64_seed41966,collision,orbit_right_64,41966
03539_roll_orbit_right_60_seed42539,/home/nvme04/workspace/world_model_phys/PHYS/world_model_phys/local_assets/data/physion/generated_v5/converted_stage1_v1/03539_roll_orbit_right_60_seed42539,roll,orbit_right_60,42539
02358_collision_orbit_right_64_seed41358,/home/nvme04/workspace/world_model_phys/PHYS/world_model_phys/local_assets/data/physion/generated_v5/converted_stage1_v1/02358_collision_orbit_right_64_seed41358,collision,orbit_right_64,41358
02741_collision_strafe_left_180_seed41741,/home/nvme04/workspace/world_model_phys/PHYS/world_model_phys/local_assets/data/physion/generated_v5/converted_stage1_v1/02741_collision_strafe_left_180_seed41741,collision,strafe_left_180,41741
01572_drop_orbit_left_72_seed40572,/home/nvme04/workspace/world_model_phys/PHYS/world_model_phys/local_assets/data/physion/generated_v5/converted_stage1_v1/01572_drop_orbit_left_72_seed40572,drop,orbit_left_72,40572
01421_drop_orbit_left_72_seed40421,/home/nvme04/workspace/world_model_phys/PHYS/world_model_phys/local_assets/data/physion/generated_v5/converted_stage1_v1/01421_drop_orbit_left_72_seed40421,drop,orbit_left_72,40421
03126_collision_orbit_right_64_seed42126,/home/nvme04/workspace/world_model_phys/PHYS/world_model_phys/local_assets/data/physion/generated_v5/converted_stage1_v1/03126_collision_orbit_right_64_seed42126,collision,orbit_right_64,42126
02870_collision_orbit_right_64_seed41870,/home/nvme04/workspace/world_model_phys/PHYS/world_model_phys/local_assets/data/physion/generated_v5/converted_stage1_v1/02870_collision_orbit_right_64_seed41870,collision,orbit_right_64,41870
03119_collision_strafe_left_180_seed42119,/home/nvme04/workspace/world_model_phys/PHYS/world_model_phys/local_assets/data/physion/generated_v5/converted_stage1_v1/03119_collision_strafe_left_180_seed42119,collision,strafe_left_180,42119
02879_collision_strafe_left_180_seed41879,/home/nvme04/workspace/world_model_phys/PHYS/world_model_phys/local_assets/data/physion/generated_v5/converted_stage1_v1/02879_collision_strafe_left_180_seed41879,collision,strafe_left_180,41879
02792_collision_orbit_right_64_seed41792,/home/nvme04/workspace/world_model_phys/PHYS/world_model_phys/local_assets/data/physion/generated_v5/converted_stage1_v1/02792_collision_orbit_right_64_seed41792,collision,orbit_right_64,41792
01599_drop_orbit_left_72_seed40599,/home/nvme04/workspace/world_model_phys/PHYS/world_model_phys/local_assets/data/physion/generated_v5/converted_stage1_v1/01599_drop_orbit_left_72_seed40599,drop,orbit_left_72,40599
02035_drop_orbit_left_72_seed41035,/home/nvme04/workspace/world_model_phys/PHYS/world_model_phys/local_assets/data/physion/generated_v5/converted_stage1_v1/02035_drop_orbit_left_72_seed41035,drop,orbit_left_72,41035
01962_drop_orbit_left_72_seed40962,/home/nvme04/workspace/world_model_phys/PHYS/world_model_phys/local_assets/data/physion/generated_v5/converted_stage1_v1/01962_drop_orbit_left_72_seed40962,drop,orbit_left_72,40962
02826_collision_orbit_right_64_seed41826,/home/nvme04/workspace/world_model_phys/PHYS/world_model_phys/local_assets/data/physion/generated_v5/converted_stage1_v1/02826_collision_orbit_right_64_seed41826,collision,orbit_right_64,41826
02240_collision_orbit_right_64_seed41240,/home/nvme04/workspace/world_model_phys/PHYS/world_model_phys/local_assets/data/physion/generated_v5/converted_stage1_v1/02240_collision_orbit_right_64_seed41240,collision,orbit_right_64,41240
01087_drop_orbit_left_72_seed40087,/home/nvme04/workspace/world_model_phys/PHYS/world_model_phys/local_assets/data/physion/generated_v5/converted_stage1_v1/01087_drop_orbit_left_72_seed40087,drop,orbit_left_72,40087
01316_drop_orbit_left_72_seed40316,/home/nvme04/workspace/world_model_phys/PHYS/world_model_phys/local_assets/data/physion/generated_v5/converted_stage1_v1/01316_drop_orbit_left_72_seed40316,drop,orbit_left_72,40316
03857_roll_orbit_right_60_seed42857,/home/nvme04/workspace/world_model_phys/PHYS/world_model_phys/local_assets/data/physion/generated_v5/converted_stage1_v1/03857_roll_orbit_right_60_seed42857,roll,orbit_right_60,42857
04260_containment_orbit_left_44_seed43260,/home/nvme04/workspace/world_model_phys/PHYS/world_model_phys/local_assets/data/physion/generated_v5/converted_stage1_v1/04260_containment_orbit_left_44_seed43260,containment,orbit_left_44,43260
03151_collision_strafe_left_180_seed42151,/home/nvme04/workspace/world_model_phys/PHYS/world_model_phys/local_assets/data/physion/generated_v5/converted_stage1_v1/03151_collision_strafe_left_180_seed42151,collision,strafe_left_180,42151
01823_drop_orbit_left_72_seed40823,/home/nvme04/workspace/world_model_phys/PHYS/world_model_phys/local_assets/data/physion/generated_v5/converted_stage1_v1/01823_drop_orbit_left_72_seed40823,drop,orbit_left_72,40823
02990_collision_orbit_right_64_seed41990,/home/nvme04/workspace/world_model_phys/PHYS/world_model_phys/local_assets/data/physion/generated_v5/converted_stage1_v1/02990_collision_orbit_right_64_seed41990,collision,orbit_right_64,41990
01125_drop_orbit_left_72_seed40125,/home/nvme04/workspace/world_model_phys/PHYS/world_model_phys/local_assets/data/physion/generated_v5/converted_stage1_v1/01125_drop_orbit_left_72_seed40125,drop,orbit_left_72,40125
01615_drop_orbit_left_72_seed40615,/home/nvme04/workspace/world_model_phys/PHYS/world_model_phys/local_assets/data/physion/generated_v5/converted_stage1_v1/01615_drop_orbit_left_72_seed40615,drop,orbit_left_72,40615
02634_collision_orbit_right_64_seed41634,/home/nvme04/workspace/world_model_phys/PHYS/world_model_phys/local_assets/data/physion/generated_v5/converted_stage1_v1/02634_collision_orbit_right_64_seed41634,collision,orbit_right_64,41634
01199_drop_orbit_left_72_seed40199,/home/nvme04/workspace/world_model_phys/PHYS/world_model_phys/local_assets/data/physion/generated_v5/converted_stage1_v1/01199_drop_orbit_left_72_seed40199,drop,orbit_left_72,40199
04313_containment_orbit_left_44_seed43313,/home/nvme04/workspace/world_model_phys/PHYS/world_model_phys/local_assets/data/physion/generated_v5/converted_stage1_v1/04313_containment_orbit_left_44_seed43313,containment,orbit_left_44,43313
03880_roll_orbit_right_60_seed42880,/home/nvme04/workspace/world_model_phys/PHYS/world_model_phys/local_assets/data/physion/generated_v5/converted_stage1_v1/03880_roll_orbit_right_60_seed42880,roll,orbit_right_60,42880
01280_drop_orbit_left_72_seed40280,/home/nvme04/workspace/world_model_phys/PHYS/world_model_phys/local_assets/data/physion/generated_v5/converted_stage1_v1/01280_drop_orbit_left_72_seed40280,drop,orbit_left_72,40280
03969_roll_orbit_right_60_seed42969,/home/nvme04/workspace/world_model_phys/PHYS/world_model_phys/local_assets/data/physion/generated_v5/converted_stage1_v1/03969_roll_orbit_right_60_seed42969,roll,orbit_right_60,42969
01809_drop_orbit_left_72_seed40809,/home/nvme04/workspace/world_model_phys/PHYS/world_model_phys/local_assets/data/physion/generated_v5/converted_stage1_v1/01809_drop_orbit_left_72_seed40809,drop,orbit_left_72,40809
03920_roll_orbit_right_60_seed42920,/home/nvme04/workspace/world_model_phys/PHYS/world_model_phys/local_assets/data/physion/generated_v5/converted_stage1_v1/03920_roll_orbit_right_60_seed42920,roll,orbit_right_60,42920
03377_collision_strafe_left_180_seed42377,/home/nvme04/workspace/world_model_phys/PHYS/world_model_phys/local_assets/data/physion/generated_v5/converted_stage1_v1/03377_collision_strafe_left_180_seed42377,collision,strafe_left_180,42377
01529_drop_orbit_left_72_seed40529,/home/nvme04/workspace/world_model_phys/PHYS/world_model_phys/local_assets/data/physion/generated_v5/converted_stage1_v1/01529_drop_orbit_left_72_seed40529,drop,orbit_left_72,40529
02636_collision_orbit_right_64_seed41636,/home/nvme04/workspace/world_model_phys/PHYS/world_model_phys/local_assets/data/physion/generated_v5/converted_stage1_v1/02636_collision_orbit_right_64_seed41636,collision,orbit_right_64,41636
01984_drop_orbit_left_72_seed40984,/home/nvme04/workspace/world_model_phys/PHYS/world_model_phys/local_assets/data/physion/generated_v5/converted_stage1_v1/01984_drop_orbit_left_72_seed40984,drop,orbit_left_72,40984
01192_drop_orbit_left_72_seed40192,/home/nvme04/workspace/world_model_phys/PHYS/world_model_phys/local_assets/data/physion/generated_v5/converted_stage1_v1/01192_drop_orbit_left_72_seed40192,drop,orbit_left_72,40192
02962_collision_orbit_right_64_seed41962,/home/nvme04/workspace/world_model_phys/PHYS/world_model_phys/local_assets/data/physion/generated_v5/converted_stage1_v1/02962_collision_orbit_right_64_seed41962,collision,orbit_right_64,41962
02259_collision_strafe_left_180_seed41259,/home/nvme04/workspace/world_model_phys/PHYS/world_model_phys/local_assets/data/physion/generated_v5/converted_stage1_v1/02259_collision_strafe_left_180_seed41259,collision,strafe_left_180,41259
01397_drop_orbit_left_72_seed40397,/home/nvme04/workspace/world_model_phys/PHYS/world_model_phys/local_assets/data/physion/generated_v5/converted_stage1_v1/01397_drop_orbit_left_72_seed40397,drop,orbit_left_72,40397
02523_collision_strafe_left_180_seed41523,/home/nvme04/workspace/world_model_phys/PHYS/world_model_phys/local_assets/data/physion/generated_v5/converted_stage1_v1/02523_collision_strafe_left_180_seed41523,collision,strafe_left_180,41523
02136_drop_orbit_left_72_seed41136,/home/nvme04/workspace/world_model_phys/PHYS/world_model_phys/local_assets/data/physion/generated_v5/converted_stage1_v1/02136_drop_orbit_left_72_seed41136,drop,orbit_left_72,41136
01602_drop_orbit_left_72_seed40602,/home/nvme04/workspace/world_model_phys/PHYS/world_model_phys/local_assets/data/physion/generated_v5/converted_stage1_v1/01602_drop_orbit_left_72_seed40602,drop,orbit_left_72,40602
03139_collision_strafe_left_180_seed42139,/home/nvme04/workspace/world_model_phys/PHYS/world_model_phys/local_assets/data/physion/generated_v5/converted_stage1_v1/03139_collision_strafe_left_180_seed42139,collision,strafe_left_180,42139
03451_roll_orbit_right_60_seed42451,/home/nvme04/workspace/world_model_phys/PHYS/world_model_phys/local_assets/data/physion/generated_v5/converted_stage1_v1/03451_roll_orbit_right_60_seed42451,roll,orbit_right_60,42451
03264_collision_orbit_right_64_seed42264,/home/nvme04/workspace/world_model_phys/PHYS/world_model_phys/local_assets/data/physion/generated_v5/converted_stage1_v1/03264_collision_orbit_right_64_seed42264,collision,orbit_right_64,42264
02584_collision_orbit_right_64_seed41584,/home/nvme04/workspace/world_model_phys/PHYS/world_model_phys/local_assets/data/physion/generated_v5/converted_stage1_v1/02584_collision_orbit_right_64_seed41584,collision,orbit_right_64,41584
01824_drop_orbit_left_72_seed40824,/home/nvme04/workspace/world_model_phys/PHYS/world_model_phys/local_assets/data/physion/generated_v5/converted_stage1_v1/01824_drop_orbit_left_72_seed40824,drop,orbit_left_72,40824
03676_roll_orbit_right_60_seed42676,/home/nvme04/workspace/world_model_phys/PHYS/world_model_phys/local_assets/data/physion/generated_v5/converted_stage1_v1/03676_roll_orbit_right_60_seed42676,roll,orbit_right_60,42676
04324_containment_orbit_left_44_seed43324,/home/nvme04/workspace/world_model_phys/PHYS/world_model_phys/local_assets/data/physion/generated_v5/converted_stage1_v1/04324_containment_orbit_left_44_seed43324,containment,orbit_left_44,43324
03259_collision_strafe_left_180_seed42259,/home/nvme04/workspace/world_model_phys/PHYS/world_model_phys/local_assets/data/physion/generated_v5/converted_stage1_v1/03259_collision_strafe_left_180_seed42259,collision,strafe_left_180,42259
03449_roll_orbit_right_60_seed42449,/home/nvme04/workspace/world_model_phys/PHYS/world_model_phys/local_assets/data/physion/generated_v5/converted_stage1_v1/03449_roll_orbit_right_60_seed42449,roll,orbit_right_60,42449
03309_collision_strafe_left_180_seed42309,/home/nvme04/workspace/world_model_phys/PHYS/world_model_phys/local_assets/data/physion/generated_v5/converted_stage1_v1/03309_collision_strafe_left_180_seed42309,collision,strafe_left_180,42309
02926_collision_orbit_right_64_seed41926,/home/nvme04/workspace/world_model_phys/PHYS/world_model_phys/local_assets/data/physion/generated_v5/converted_stage1_v1/02926_collision_orbit_right_64_seed41926,collision,orbit_right_64,41926
03327_collision_strafe_left_180_seed42327,/home/nvme04/workspace/world_model_phys/PHYS/world_model_phys/local_assets/data/physion/generated_v5/converted_stage1_v1/03327_collision_strafe_left_180_seed42327,collision,strafe_left_180,42327
03324_collision_orbit_right_64_seed42324,/home/nvme04/workspace/world_model_phys/PHYS/world_model_phys/local_assets/data/physion/generated_v5/converted_stage1_v1/03324_collision_orbit_right_64_seed42324,collision,orbit_right_64,42324
04338_containment_orbit_left_44_seed43338,/home/nvme04/workspace/world_model_phys/PHYS/world_model_phys/local_assets/data/physion/generated_v5/converted_stage1_v1/04338_containment_orbit_left_44_seed43338,containment,orbit_left_44,43338
03925_roll_orbit_right_60_seed42925,/home/nvme04/workspace/world_model_phys/PHYS/world_model_phys/local_assets/data/physion/generated_v5/converted_stage1_v1/03925_roll_orbit_right_60_seed42925,roll,orbit_right_60,42925
01889_drop_orbit_left_72_seed40889,/home/nvme04/workspace/world_model_phys/PHYS/world_model_phys/local_assets/data/physion/generated_v5/converted_stage1_v1/01889_drop_orbit_left_72_seed40889,drop,orbit_left_72,40889
02019_drop_orbit_left_72_seed41019,/home/nvme04/workspace/world_model_phys/PHYS/world_model_phys/local_assets/data/physion/generated_v5/converted_stage1_v1/02019_drop_orbit_left_72_seed41019,drop,orbit_left_72,41019
01242_drop_orbit_left_72_seed40242,/home/nvme04/workspace/world_model_phys/PHYS/world_model_phys/local_assets/data/physion/generated_v5/converted_stage1_v1/01242_drop_orbit_left_72_seed40242,drop,orbit_left_72,40242
01565_drop_orbit_left_72_seed40565,/home/nvme04/workspace/world_model_phys/PHYS/world_model_phys/local_assets/data/physion/generated_v5/converted_stage1_v1/01565_drop_orbit_left_72_seed40565,drop,orbit_left_72,40565
03736_roll_orbit_right_60_seed42736,/home/nvme04/workspace/world_model_phys/PHYS/world_model_phys/local_assets/data/physion/generated_v5/converted_stage1_v1/03736_roll_orbit_right_60_seed42736,roll,orbit_right_60,42736
02681_collision_strafe_left_180_seed41681,/home/nvme04/workspace/world_model_phys/PHYS/world_model_phys/local_assets/data/physion/generated_v5/converted_stage1_v1/02681_collision_strafe_left_180_seed41681,collision,strafe_left_180,41681
01863_drop_orbit_left_72_seed40863,/home/nvme04/workspace/world_model_phys/PHYS/world_model_phys/local_assets/data/physion/generated_v5/converted_stage1_v1/01863_drop_orbit_left_72_seed40863,drop,orbit_left_72,40863
02494_collision_orbit_right_64_seed41494,/home/nvme04/workspace/world_model_phys/PHYS/world_model_phys/local_assets/data/physion/generated_v5/converted_stage1_v1/02494_collision_orbit_right_64_seed41494,collision,orbit_right_64,41494
03540_roll_orbit_right_60_seed42540,/home/nvme04/workspace/world_model_phys/PHYS/world_model_phys/local_assets/data/physion/generated_v5/converted_stage1_v1/03540_roll_orbit_right_60_seed42540,roll,orbit_right_60,42540
01232_drop_orbit_left_72_seed40232,/home/nvme04/workspace/world_model_phys/PHYS/world_model_phys/local_assets/data/physion/generated_v5/converted_stage1_v1/01232_drop_orbit_left_72_seed40232,drop,orbit_left_72,40232
02867_collision_strafe_left_180_seed41867,/home/nvme04/workspace/world_model_phys/PHYS/world_model_phys/local_assets/data/physion/generated_v5/converted_stage1_v1/02867_collision_strafe_left_180_seed41867,collision,strafe_left_180,41867
03735_roll_orbit_right_60_seed42735,/home/nvme04/workspace/world_model_phys/PHYS/world_model_phys/local_assets/data/physion/generated_v5/converted_stage1_v1/03735_roll_orbit_right_60_seed42735,roll,orbit_right_60,42735
03569_roll_orbit_right_60_seed42569,/home/nvme04/workspace/world_model_phys/PHYS/world_model_phys/local_assets/data/physion/generated_v5/converted_stage1_v1/03569_roll_orbit_right_60_seed42569,roll,orbit_right_60,42569
02415_collision_strafe_left_180_seed41415,/home/nvme04/workspace/world_model_phys/PHYS/world_model_phys/local_assets/data/physion/generated_v5/converted_stage1_v1/02415_collision_strafe_left_180_seed41415,collision,strafe_left_180,41415
03674_roll_orbit_right_60_seed42674,/home/nvme04/workspace/world_model_phys/PHYS/world_model_phys/local_assets/data/physion/generated_v5/converted_stage1_v1/03674_roll_orbit_right_60_seed42674,roll,orbit_right_60,42674
01803_drop_orbit_left_72_seed40803,/home/nvme04/workspace/world_model_phys/PHYS/world_model_phys/local_assets/data/physion/generated_v5/converted_stage1_v1/01803_drop_orbit_left_72_seed40803,drop,orbit_left_72,40803
01213_drop_orbit_left_72_seed40213,/home/nvme04/workspace/world_model_phys/PHYS/world_model_phys/local_assets/data/physion/generated_v5/converted_stage1_v1/01213_drop_orbit_left_72_seed40213,drop,orbit_left_72,40213
02580_collision_orbit_right_64_seed41580,/home/nvme04/workspace/world_model_phys/PHYS/world_model_phys/local_assets/data/physion/generated_v5/converted_stage1_v1/02580_collision_orbit_right_64_seed41580,collision,orbit_right_64,41580
04046_roll_orbit_right_60_seed43046,/home/nvme04/workspace/world_model_phys/PHYS/world_model_phys/local_assets/data/physion/generated_v5/converted_stage1_v1/04046_roll_orbit_right_60_seed43046,roll,orbit_right_60,43046
03242_collision_orbit_right_64_seed42242,/home/nvme04/workspace/world_model_phys/PHYS/world_model_phys/local_assets/data/physion/generated_v5/converted_stage1_v1/03242_collision_orbit_right_64_seed42242,collision,orbit_right_64,42242
02762_collision_orbit_right_64_seed41762,/home/nvme04/workspace/world_model_phys/PHYS/world_model_phys/local_assets/data/physion/generated_v5/converted_stage1_v1/02762_collision_orbit_right_64_seed41762,collision,orbit_right_64,41762
02014_drop_orbit_left_72_seed41014,/home/nvme04/workspace/world_model_phys/PHYS/world_model_phys/local_assets/data/physion/generated_v5/converted_stage1_v1/02014_drop_orbit_left_72_seed41014,drop,orbit_left_72,41014
01445_drop_orbit_left_72_seed40445,/home/nvme04/workspace/world_model_phys/PHYS/world_model_phys/local_assets/data/physion/generated_v5/converted_stage1_v1/01445_drop_orbit_left_72_seed40445,drop,orbit_left_72,40445
02487_collision_strafe_left_180_seed41487,/home/nvme04/workspace/world_model_phys/PHYS/world_model_phys/local_assets/data/physion/generated_v5/converted_stage1_v1/02487_collision_strafe_left_180_seed41487,collision,strafe_left_180,41487
02330_collision_orbit_right_64_seed41330,/home/nvme04/workspace/world_model_phys/PHYS/world_model_phys/local_assets/data/physion/generated_v5/converted_stage1_v1/02330_collision_orbit_right_64_seed41330,collision,orbit_right_64,41330
03241_collision_strafe_left_180_seed42241,/home/nvme04/workspace/world_model_phys/PHYS/world_model_phys/local_assets/data/physion/generated_v5/converted_stage1_v1/03241_collision_strafe_left_180_seed42241,collision,strafe_left_180,42241
03803_roll_orbit_right_60_seed42803,/home/nvme04/workspace/world_model_phys/PHYS/world_model_phys/local_assets/data/physion/generated_v5/converted_stage1_v1/03803_roll_orbit_right_60_seed42803,roll,orbit_right_60,42803
02766_collision_orbit_right_64_seed41766,/home/nvme04/workspace/world_model_phys/PHYS/world_model_phys/local_assets/data/physion/generated_v5/converted_stage1_v1/02766_collision_orbit_right_64_seed41766,collision,orbit_right_64,41766
03667_roll_orbit_right_60_seed42667,/home/nvme04/workspace/world_model_phys/PHYS/world_model_phys/local_assets/data/physion/generated_v5/converted_stage1_v1/03667_roll_orbit_right_60_seed42667,roll,orbit_right_60,42667
04019_roll_orbit_right_60_seed43019,/home/nvme04/workspace/world_model_phys/PHYS/world_model_phys/local_assets/data/physion/generated_v5/converted_stage1_v1/04019_roll_orbit_right_60_seed43019,roll,orbit_right_60,43019
02873_collision_strafe_left_180_seed41873,/home/nvme04/workspace/world_model_phys/PHYS/world_model_phys/local_assets/data/physion/generated_v5/converted_stage1_v1/02873_collision_strafe_left_180_seed41873,collision,strafe_left_180,41873
02506_collision_orbit_right_64_seed41506,/home/nvme04/workspace/world_model_phys/PHYS/world_model_phys/local_assets/data/physion/generated_v5/converted_stage1_v1/02506_collision_orbit_right_64_seed41506,collision,orbit_right_64,41506
03673_roll_orbit_right_60_seed42673,/home/nvme04/workspace/world_model_phys/PHYS/world_model_phys/local_assets/data/physion/generated_v5/converted_stage1_v1/03673_roll_orbit_right_60_seed42673,roll,orbit_right_60,42673
03072_collision_orbit_right_64_seed42072,/home/nvme04/workspace/world_model_phys/PHYS/world_model_phys/local_assets/data/physion/generated_v5/converted_stage1_v1/03072_collision_orbit_right_64_seed42072,collision,orbit_right_64,42072
01353_drop_orbit_left_72_seed40353,/home/nvme04/workspace/world_model_phys/PHYS/world_model_phys/local_assets/data/physion/generated_v5/converted_stage1_v1/01353_drop_orbit_left_72_seed40353,drop,orbit_left_72,40353
02984_collision_orbit_right_64_seed41984,/home/nvme04/workspace/world_model_phys/PHYS/world_model_phys/local_assets/data/physion/generated_v5/converted_stage1_v1/02984_collision_orbit_right_64_seed41984,collision,orbit_right_64,41984
01490_drop_orbit_left_72_seed40490,/home/nvme04/workspace/world_model_phys/PHYS/world_model_phys/local_assets/data/physion/generated_v5/converted_stage1_v1/01490_drop_orbit_left_72_seed40490,drop,orbit_left_72,40490
02991_collision_strafe_left_180_seed41991,/home/nvme04/workspace/world_model_phys/PHYS/world_model_phys/local_assets/data/physion/generated_v5/converted_stage1_v1/02991_collision_strafe_left_180_seed41991,collision,strafe_left_180,41991
02382_collision_orbit_right_64_seed41382,/home/nvme04/workspace/world_model_phys/PHYS/world_model_phys/local_assets/data/physion/generated_v5/converted_stage1_v1/02382_collision_orbit_right_64_seed41382,collision,orbit_right_64,41382
03022_collision_orbit_right_64_seed42022,/home/nvme04/workspace/world_model_phys/PHYS/world_model_phys/local_assets/data/physion/generated_v5/converted_stage1_v1/03022_collision_orbit_right_64_seed42022,collision,orbit_right_64,42022
03167_collision_strafe_left_180_seed42167,/home/nvme04/workspace/world_model_phys/PHYS/world_model_phys/local_assets/data/physion/generated_v5/converted_stage1_v1/03167_collision_strafe_left_180_seed42167,collision,strafe_left_180,42167
01589_drop_orbit_left_72_seed40589,/home/nvme04/workspace/world_model_phys/PHYS/world_model_phys/local_assets/data/physion/generated_v5/converted_stage1_v1/01589_drop_orbit_left_72_seed40589,drop,orbit_left_72,40589
01948_drop_orbit_left_72_seed40948,/home/nvme04/workspace/world_model_phys/PHYS/world_model_phys/local_assets/data/physion/generated_v5/converted_stage1_v1/01948_drop_orbit_left_72_seed40948,drop,orbit_left_72,40948
03951_roll_orbit_right_60_seed42951,/home/nvme04/workspace/world_model_phys/PHYS/world_model_phys/local_assets/data/physion/generated_v5/converted_stage1_v1/03951_roll_orbit_right_60_seed42951,roll,orbit_right_60,42951
02846_collision_orbit_right_64_seed41846,/home/nvme04/workspace/world_model_phys/PHYS/world_model_phys/local_assets/data/physion/generated_v5/converted_stage1_v1/02846_collision_orbit_right_64_seed41846,collision,orbit_right_64,41846
04302_containment_orbit_left_44_seed43302,/home/nvme04/workspace/world_model_phys/PHYS/world_model_phys/local_assets/data/physion/generated_v5/converted_stage1_v1/04302_containment_orbit_left_44_seed43302,containment,orbit_left_44,43302
02401_collision_strafe_left_180_seed41401,/home/nvme04/workspace/world_model_phys/PHYS/world_model_phys/local_assets/data/physion/generated_v5/converted_stage1_v1/02401_collision_strafe_left_180_seed41401,collision,strafe_left_180,41401
04242_containment_orbit_left_44_seed43242,/home/nvme04/workspace/world_model_phys/PHYS/world_model_phys/local_assets/data/physion/generated_v5/converted_stage1_v1/04242_containment_orbit_left_44_seed43242,containment,orbit_left_44,43242
03752_roll_orbit_right_60_seed42752,/home/nvme04/workspace/world_model_phys/PHYS/world_model_phys/local_assets/data/physion/generated_v5/converted_stage1_v1/03752_roll_orbit_right_60_seed42752,roll,orbit_right_60,42752
02146_drop_orbit_left_72_seed41146,/home/nvme04/workspace/world_model_phys/PHYS/world_model_phys/local_assets/data/physion/generated_v5/converted_stage1_v1/02146_drop_orbit_left_72_seed41146,drop,orbit_left_72,41146
02730_collision_orbit_right_64_seed41730,/home/nvme04/workspace/world_model_phys/PHYS/world_model_phys/local_assets/data/physion/generated_v5/converted_stage1_v1/02730_collision_orbit_right_64_seed41730,collision,orbit_right_64,41730
03627_roll_orbit_right_60_seed42627,/home/nvme04/workspace/world_model_phys/PHYS/world_model_phys/local_assets/data/physion/generated_v5/converted_stage1_v1/03627_roll_orbit_right_60_seed42627,roll,orbit_right_60,42627
04398_containment_orbit_left_44_seed43398,/home/nvme04/workspace/world_model_phys/PHYS/world_model_phys/local_assets/data/physion/generated_v5/converted_stage1_v1/04398_containment_orbit_left_44_seed43398,containment,orbit_left_44,43398
01888_drop_orbit_left_72_seed40888,/home/nvme04/workspace/world_model_phys/PHYS/world_model_phys/local_assets/data/physion/generated_v5/converted_stage1_v1/01888_drop_orbit_left_72_seed40888,drop,orbit_left_72,40888
03475_roll_orbit_right_60_seed42475,/home/nvme04/workspace/world_model_phys/PHYS/world_model_phys/local_assets/data/physion/generated_v5/converted_stage1_v1/03475_roll_orbit_right_60_seed42475,roll,orbit_right_60,42475
03033_collision_strafe_left_180_seed42033,/home/nvme04/workspace/world_model_phys/PHYS/world_model_phys/local_assets/data/physion/generated_v5/converted_stage1_v1/03033_collision_strafe_left_180_seed42033,collision,strafe_left_180,42033
03709_roll_orbit_right_60_seed42709,/home/nvme04/workspace/world_model_phys/PHYS/world_model_phys/local_assets/data/physion/generated_v5/converted_stage1_v1/03709_roll_orbit_right_60_seed42709,roll,orbit_right_60,42709
03369_collision_strafe_left_180_seed42369,/home/nvme04/workspace/world_model_phys/PHYS/world_model_phys/local_assets/data/physion/generated_v5/converted_stage1_v1/03369_collision_strafe_left_180_seed42369,collision,strafe_left_180,42369
02296_collision_orbit_right_64_seed41296,/home/nvme04/workspace/world_model_phys/PHYS/world_model_phys/local_assets/data/physion/generated_v5/converted_stage1_v1/02296_collision_orbit_right_64_seed41296,collision,orbit_right_64,41296
01230_drop_orbit_left_72_seed40230,/home/nvme04/workspace/world_model_phys/PHYS/world_model_phys/local_assets/data/physion/generated_v5/converted_stage1_v1/01230_drop_orbit_left_72_seed40230,drop,orbit_left_72,40230
01840_drop_orbit_left_72_seed40840,/home/nvme04/workspace/world_model_phys/PHYS/world_model_phys/local_assets/data/physion/generated_v5/converted_stage1_v1/01840_drop_orbit_left_72_seed40840,drop,orbit_left_72,40840
02502_collision_orbit_right_64_seed41502,/home/nvme04/workspace/world_model_phys/PHYS/world_model_phys/local_assets/data/physion/generated_v5/converted_stage1_v1/02502_collision_orbit_right_64_seed41502,collision,orbit_right_64,41502
02150_drop_orbit_left_72_seed41150,/home/nvme04/workspace/world_model_phys/PHYS/world_model_phys/local_assets/data/physion/generated_v5/converted_stage1_v1/02150_drop_orbit_left_72_seed41150,drop,orbit_left_72,41150
03651_roll_orbit_right_60_seed42651,/home/nvme04/workspace/world_model_phys/PHYS/world_model_phys/local_assets/data/physion/generated_v5/converted_stage1_v1/03651_roll_orbit_right_60_seed42651,roll,orbit_right_60,42651
01083_drop_orbit_left_72_seed40083,/home/nvme04/workspace/world_model_phys/PHYS/world_model_phys/local_assets/data/physion/generated_v5/converted_stage1_v1/01083_drop_orbit_left_72_seed40083,drop,orbit_left_72,40083
01508_drop_orbit_left_72_seed40508,/home/nvme04/workspace/world_model_phys/PHYS/world_model_phys/local_assets/data/physion/generated_v5/converted_stage1_v1/01508_drop_orbit_left_72_seed40508,drop,orbit_left_72,40508
03571_roll_orbit_right_60_seed42571,/home/nvme04/workspace/world_model_phys/PHYS/world_model_phys/local_assets/data/physion/generated_v5/converted_stage1_v1/03571_roll_orbit_right_60_seed42571,roll,orbit_right_60,42571
03248_collision_orbit_right_64_seed42248,/home/nvme04/workspace/world_model_phys/PHYS/world_model_phys/local_assets/data/physion/generated_v5/converted_stage1_v1/03248_collision_orbit_right_64_seed42248,collision,orbit_right_64,42248
02156_drop_orbit_left_72_seed41156,/home/nvme04/workspace/world_model_phys/PHYS/world_model_phys/local_assets/data/physion/generated_v5/converted_stage1_v1/02156_drop_orbit_left_72_seed41156,drop,orbit_left_72,41156
03390_collision_orbit_right_64_seed42390,/home/nvme04/workspace/world_model_phys/PHYS/world_model_phys/local_assets/data/physion/generated_v5/converted_stage1_v1/03390_collision_orbit_right_64_seed42390,collision,orbit_right_64,42390
03456_roll_orbit_right_60_seed42456,/home/nvme04/workspace/world_model_phys/PHYS/world_model_phys/local_assets/data/physion/generated_v5/converted_stage1_v1/03456_roll_orbit_right_60_seed42456,roll,orbit_right_60,42456
02023_drop_orbit_left_72_seed41023,/home/nvme04/workspace/world_model_phys/PHYS/world_model_phys/local_assets/data/physion/generated_v5/converted_stage1_v1/02023_drop_orbit_left_72_seed41023,drop,orbit_left_72,41023
02598_collision_orbit_right_64_seed41598,/home/nvme04/workspace/world_model_phys/PHYS/world_model_phys/local_assets/data/physion/generated_v5/converted_stage1_v1/02598_collision_orbit_right_64_seed41598,collision,orbit_right_64,41598
03616_roll_orbit_right_60_seed42616,/home/nvme04/workspace/world_model_phys/PHYS/world_model_phys/local_assets/data/physion/generated_v5/converted_stage1_v1/03616_roll_orbit_right_60_seed42616,roll,orbit_right_60,42616
01959_drop_orbit_left_72_seed40959,/home/nvme04/workspace/world_model_phys/PHYS/world_model_phys/local_assets/data/physion/generated_v5/converted_stage1_v1/01959_drop_orbit_left_72_seed40959,drop,orbit_left_72,40959
03718_roll_orbit_right_60_seed42718,/home/nvme04/workspace/world_model_phys/PHYS/world_model_phys/local_assets/data/physion/generated_v5/converted_stage1_v1/03718_roll_orbit_right_60_seed42718,roll,orbit_right_60,42718
04080_roll_orbit_right_60_seed43080,/home/nvme04/workspace/world_model_phys/PHYS/world_model_phys/local_assets/data/physion/generated_v5/converted_stage1_v1/04080_roll_orbit_right_60_seed43080,roll,orbit_right_60,43080
02816_collision_orbit_right_64_seed41816,/home/nvme04/workspace/world_model_phys/PHYS/world_model_phys/local_assets/data/physion/generated_v5/converted_stage1_v1/02816_collision_orbit_right_64_seed41816,collision,orbit_right_64,41816
02145_drop_orbit_left_72_seed41145,/home/nvme04/workspace/world_model_phys/PHYS/world_model_phys/local_assets/data/physion/generated_v5/converted_stage1_v1/02145_drop_orbit_left_72_seed41145,drop,orbit_left_72,41145
01017_drop_orbit_left_72_seed40017,/home/nvme04/workspace/world_model_phys/PHYS/world_model_phys/local_assets/data/physion/generated_v5/converted_stage1_v1/01017_drop_orbit_left_72_seed40017,drop,orbit_left_72,40017
01755_drop_orbit_left_72_seed40755,/home/nvme04/workspace/world_model_phys/PHYS/world_model_phys/local_assets/data/physion/generated_v5/converted_stage1_v1/01755_drop_orbit_left_72_seed40755,drop,orbit_left_72,40755
02162_drop_orbit_left_72_seed41162,/home/nvme04/workspace/world_model_phys/PHYS/world_model_phys/local_assets/data/physion/generated_v5/converted_stage1_v1/02162_drop_orbit_left_72_seed41162,drop,orbit_left_72,41162
03367_collision_strafe_left_180_seed42367,/home/nvme04/workspace/world_model_phys/PHYS/world_model_phys/local_assets/data/physion/generated_v5/converted_stage1_v1/03367_collision_strafe_left_180_seed42367,collision,strafe_left_180,42367
01673_drop_orbit_left_72_seed40673,/home/nvme04/workspace/world_model_phys/PHYS/world_model_phys/local_assets/data/physion/generated_v5/converted_stage1_v1/01673_drop_orbit_left_72_seed40673,drop,orbit_left_72,40673
02801_collision_strafe_left_180_seed41801,/home/nvme04/workspace/world_model_phys/PHYS/world_model_phys/local_assets/data/physion/generated_v5/converted_stage1_v1/02801_collision_strafe_left_180_seed41801,collision,strafe_left_180,41801
02881_collision_strafe_left_180_seed41881,/home/nvme04/workspace/world_model_phys/PHYS/world_model_phys/local_assets/data/physion/generated_v5/converted_stage1_v1/02881_collision_strafe_left_180_seed41881,collision,strafe_left_180,41881
04241_containment_orbit_left_44_seed43241,/home/nvme04/workspace/world_model_phys/PHYS/world_model_phys/local_assets/data/physion/generated_v5/converted_stage1_v1/04241_containment_orbit_left_44_seed43241,containment,orbit_left_44,43241
01540_drop_orbit_left_72_seed40540,/home/nvme04/workspace/world_model_phys/PHYS/world_model_phys/local_assets/data/physion/generated_v5/converted_stage1_v1/01540_drop_orbit_left_72_seed40540,drop,orbit_left_72,40540
03255_collision_strafe_left_180_seed42255,/home/nvme04/workspace/world_model_phys/PHYS/world_model_phys/local_assets/data/physion/generated_v5/converted_stage1_v1/03255_collision_strafe_left_180_seed42255,collision,strafe_left_180,42255
01095_drop_orbit_left_72_seed40095,/home/nvme04/workspace/world_model_phys/PHYS/world_model_phys/local_assets/data/physion/generated_v5/converted_stage1_v1/01095_drop_orbit_left_72_seed40095,drop,orbit_left_72,40095
01747_drop_orbit_left_72_seed40747,/home/nvme04/workspace/world_model_phys/PHYS/world_model_phys/local_assets/data/physion/generated_v5/converted_stage1_v1/01747_drop_orbit_left_72_seed40747,drop,orbit_left_72,40747
03681_roll_orbit_right_60_seed42681,/home/nvme04/workspace/world_model_phys/PHYS/world_model_phys/local_assets/data/physion/generated_v5/converted_stage1_v1/03681_roll_orbit_right_60_seed42681,roll,orbit_right_60,42681
03909_roll_orbit_right_60_seed42909,/home/nvme04/workspace/world_model_phys/PHYS/world_model_phys/local_assets/data/physion/generated_v5/converted_stage1_v1/03909_roll_orbit_right_60_seed42909,roll,orbit_right_60,42909
01134_drop_orbit_left_72_seed40134,/home/nvme04/workspace/world_model_phys/PHYS/world_model_phys/local_assets/data/physion/generated_v5/converted_stage1_v1/01134_drop_orbit_left_72_seed40134,drop,orbit_left_72,40134
01487_drop_orbit_left_72_seed40487,/home/nvme04/workspace/world_model_phys/PHYS/world_model_phys/local_assets/data/physion/generated_v5/converted_stage1_v1/01487_drop_orbit_left_72_seed40487,drop,orbit_left_72,40487
02864_collision_orbit_right_64_seed41864,/home/nvme04/workspace/world_model_phys/PHYS/world_model_phys/local_assets/data/physion/generated_v5/converted_stage1_v1/02864_collision_orbit_right_64_seed41864,collision,orbit_right_64,41864
03176_collision_orbit_right_64_seed42176,/home/nvme04/workspace/world_model_phys/PHYS/world_model_phys/local_assets/data/physion/generated_v5/converted_stage1_v1/03176_collision_orbit_right_64_seed42176,collision,orbit_right_64,42176
03860_roll_orbit_right_60_seed42860,/home/nvme04/workspace/world_model_phys/PHYS/world_model_phys/local_assets/data/physion/generated_v5/converted_stage1_v1/03860_roll_orbit_right_60_seed42860,roll,orbit_right_60,42860
01566_drop_orbit_left_72_seed40566,/home/nvme04/workspace/world_model_phys/PHYS/world_model_phys/local_assets/data/physion/generated_v5/converted_stage1_v1/01566_drop_orbit_left_72_seed40566,drop,orbit_left_72,40566
03473_roll_orbit_right_60_seed42473,/home/nvme04/workspace/world_model_phys/PHYS/world_model_phys/local_assets/data/physion/generated_v5/converted_stage1_v1/03473_roll_orbit_right_60_seed42473,roll,orbit_right_60,42473
01969_drop_orbit_left_72_seed40969,/home/nvme04/workspace/world_model_phys/PHYS/world_model_phys/local_assets/data/physion/generated_v5/converted_stage1_v1/01969_drop_orbit_left_72_seed40969,drop,orbit_left_72,40969
03779_roll_orbit_right_60_seed42779,/home/nvme04/workspace/world_model_phys/PHYS/world_model_phys/local_assets/data/physion/generated_v5/converted_stage1_v1/03779_roll_orbit_right_60_seed42779,roll,orbit_right_60,42779
01507_drop_orbit_left_72_seed40507,/home/nvme04/workspace/world_model_phys/PHYS/world_model_phys/local_assets/data/physion/generated_v5/converted_stage1_v1/01507_drop_orbit_left_72_seed40507,drop,orbit_left_72,40507
02695_collision_strafe_left_180_seed41695,/home/nvme04/workspace/world_model_phys/PHYS/world_model_phys/local_assets/data/physion/generated_v5/converted_stage1_v1/02695_collision_strafe_left_180_seed41695,collision,strafe_left_180,41695
01571_drop_orbit_left_72_seed40571,/home/nvme04/workspace/world_model_phys/PHYS/world_model_phys/local_assets/data/physion/generated_v5/converted_stage1_v1/01571_drop_orbit_left_72_seed40571,drop,orbit_left_72,40571
01112_drop_orbit_left_72_seed40112,/home/nvme04/workspace/world_model_phys/PHYS/world_model_phys/local_assets/data/physion/generated_v5/converted_stage1_v1/01112_drop_orbit_left_72_seed40112,drop,orbit_left_72,40112
02421_collision_strafe_left_180_seed41421,/home/nvme04/workspace/world_model_phys/PHYS/world_model_phys/local_assets/data/physion/generated_v5/converted_stage1_v1/02421_collision_strafe_left_180_seed41421,collision,strafe_left_180,41421
01822_drop_orbit_left_72_seed40822,/home/nvme04/workspace/world_model_phys/PHYS/world_model_phys/local_assets/data/physion/generated_v5/converted_stage1_v1/01822_drop_orbit_left_72_seed40822,drop,orbit_left_72,40822
02290_collision_orbit_right_64_seed41290,/home/nvme04/workspace/world_model_phys/PHYS/world_model_phys/local_assets/data/physion/generated_v5/converted_stage1_v1/02290_collision_orbit_right_64_seed41290,collision,orbit_right_64,41290
04009_roll_orbit_right_60_seed43009,/home/nvme04/workspace/world_model_phys/PHYS/world_model_phys/local_assets/data/physion/generated_v5/converted_stage1_v1/04009_roll_orbit_right_60_seed43009,roll,orbit_right_60,43009
02105_drop_orbit_left_72_seed41105,/home/nvme04/workspace/world_model_phys/PHYS/world_model_phys/local_assets/data/physion/generated_v5/converted_stage1_v1/02105_drop_orbit_left_72_seed41105,drop,orbit_left_72,41105
02322_collision_orbit_right_64_seed41322,/home/nvme04/workspace/world_model_phys/PHYS/world_model_phys/local_assets/data/physion/generated_v5/converted_stage1_v1/02322_collision_orbit_right_64_seed41322,collision,orbit_right_64,41322
01137_drop_orbit_left_72_seed40137,/home/nvme04/workspace/world_model_phys/PHYS/world_model_phys/local_assets/data/physion/generated_v5/converted_stage1_v1/01137_drop_orbit_left_72_seed40137,drop,orbit_left_72,40137
04210_containment_orbit_left_44_seed43210,/home/nvme04/workspace/world_model_phys/PHYS/world_model_phys/local_assets/data/physion/generated_v5/converted_stage1_v1/04210_containment_orbit_left_44_seed43210,containment,orbit_left_44,43210
03535_roll_orbit_right_60_seed42535,/home/nvme04/workspace/world_model_phys/PHYS/world_model_phys/local_assets/data/physion/generated_v5/converted_stage1_v1/03535_roll_orbit_right_60_seed42535,roll,orbit_right_60,42535
03596_roll_orbit_right_60_seed42596,/home/nvme04/workspace/world_model_phys/PHYS/world_model_phys/local_assets/data/physion/generated_v5/converted_stage1_v1/03596_roll_orbit_right_60_seed42596,roll,orbit_right_60,42596
01907_drop_orbit_left_72_seed40907,/home/nvme04/workspace/world_model_phys/PHYS/world_model_phys/local_assets/data/physion/generated_v5/converted_stage1_v1/01907_drop_orbit_left_72_seed40907,drop,orbit_left_72,40907
01459_drop_orbit_left_72_seed40459,/home/nvme04/workspace/world_model_phys/PHYS/world_model_phys/local_assets/data/physion/generated_v5/converted_stage1_v1/01459_drop_orbit_left_72_seed40459,drop,orbit_left_72,40459
01299_drop_orbit_left_72_seed40299,/home/nvme04/workspace/world_model_phys/PHYS/world_model_phys/local_assets/data/physion/generated_v5/converted_stage1_v1/01299_drop_orbit_left_72_seed40299,drop,orbit_left_72,40299
03668_roll_orbit_right_60_seed42668,/home/nvme04/workspace/world_model_phys/PHYS/world_model_phys/local_assets/data/physion/generated_v5/converted_stage1_v1/03668_roll_orbit_right_60_seed42668,roll,orbit_right_60,42668
01654_drop_orbit_left_72_seed40654,/home/nvme04/workspace/world_model_phys/PHYS/world_model_phys/local_assets/data/physion/generated_v5/converted_stage1_v1/01654_drop_orbit_left_72_seed40654,drop,orbit_left_72,40654
03208_collision_orbit_right_64_seed42208,/home/nvme04/workspace/world_model_phys/PHYS/world_model_phys/local_assets/data/physion/generated_v5/converted_stage1_v1/03208_collision_orbit_right_64_seed42208,collision,orbit_right_64,42208
02768_collision_orbit_right_64_seed41768,/home/nvme04/workspace/world_model_phys/PHYS/world_model_phys/local_assets/data/physion/generated_v5/converted_stage1_v1/02768_collision_orbit_right_64_seed41768,collision,orbit_right_64,41768
03662_roll_orbit_right_60_seed42662,/home/nvme04/workspace/world_model_phys/PHYS/world_model_phys/local_assets/data/physion/generated_v5/converted_stage1_v1/03662_roll_orbit_right_60_seed42662,roll,orbit_right_60,42662
01189_drop_orbit_left_72_seed40189,/home/nvme04/workspace/world_model_phys/PHYS/world_model_phys/local_assets/data/physion/generated_v5/converted_stage1_v1/01189_drop_orbit_left_72_seed40189,drop,orbit_left_72,40189
01079_drop_orbit_left_72_seed40079,/home/nvme04/workspace/world_model_phys/PHYS/world_model_phys/local_assets/data/physion/generated_v5/converted_stage1_v1/01079_drop_orbit_left_72_seed40079,drop,orbit_left_72,40079
01935_drop_orbit_left_72_seed40935,/home/nvme04/workspace/world_model_phys/PHYS/world_model_phys/local_assets/data/physion/generated_v5/converted_stage1_v1/01935_drop_orbit_left_72_seed40935,drop,orbit_left_72,40935
01184_drop_orbit_left_72_seed40184,/home/nvme04/workspace/world_model_phys/PHYS/world_model_phys/local_assets/data/physion/generated_v5/converted_stage1_v1/01184_drop_orbit_left_72_seed40184,drop,orbit_left_72,40184
01905_drop_orbit_left_72_seed40905,/home/nvme04/workspace/world_model_phys/PHYS/world_model_phys/local_assets/data/physion/generated_v5/converted_stage1_v1/01905_drop_orbit_left_72_seed40905,drop,orbit_left_72,40905
01101_drop_orbit_left_72_seed40101,/home/nvme04/workspace/world_model_phys/PHYS/world_model_phys/local_assets/data/physion/generated_v5/converted_stage1_v1/01101_drop_orbit_left_72_seed40101,drop,orbit_left_72,40101
02436_collision_orbit_right_64_seed41436,/home/nvme04/workspace/world_model_phys/PHYS/world_model_phys/local_assets/data/physion/generated_v5/converted_stage1_v1/02436_collision_orbit_right_64_seed41436,collision,orbit_right_64,41436
03700_roll_orbit_right_60_seed42700,/home/nvme04/workspace/world_model_phys/PHYS/world_model_phys/local_assets/data/physion/generated_v5/converted_stage1_v1/03700_roll_orbit_right_60_seed42700,roll,orbit_right_60,42700
02492_collision_orbit_right_64_seed41492,/home/nvme04/workspace/world_model_phys/PHYS/world_model_phys/local_assets/data/physion/generated_v5/converted_stage1_v1/02492_collision_orbit_right_64_seed41492,collision,orbit_right_64,41492
01172_drop_orbit_left_72_seed40172,/home/nvme04/workspace/world_model_phys/PHYS/world_model_phys/local_assets/data/physion/generated_v5/converted_stage1_v1/01172_drop_orbit_left_72_seed40172,drop,orbit_left_72,40172
01287_drop_orbit_left_72_seed40287,/home/nvme04/workspace/world_model_phys/PHYS/world_model_phys/local_assets/data/physion/generated_v5/converted_stage1_v1/01287_drop_orbit_left_72_seed40287,drop,orbit_left_72,40287
03238_collision_orbit_right_64_seed42238,/home/nvme04/workspace/world_model_phys/PHYS/world_model_phys/local_assets/data/physion/generated_v5/converted_stage1_v1/03238_collision_orbit_right_64_seed42238,collision,orbit_right_64,42238
02685_collision_strafe_left_180_seed41685,/home/nvme04/workspace/world_model_phys/PHYS/world_model_phys/local_assets/data/physion/generated_v5/converted_stage1_v1/02685_collision_strafe_left_180_seed41685,collision,strafe_left_180,41685
01994_drop_orbit_left_72_seed40994,/home/nvme04/workspace/world_model_phys/PHYS/world_model_phys/local_assets/data/physion/generated_v5/converted_stage1_v1/01994_drop_orbit_left_72_seed40994,drop,orbit_left_72,40994
03398_collision_orbit_right_64_seed42398,/home/nvme04/workspace/world_model_phys/PHYS/world_model_phys/local_assets/data/physion/generated_v5/converted_stage1_v1/03398_collision_orbit_right_64_seed42398,collision,orbit_right_64,42398
01495_drop_orbit_left_72_seed40495,/home/nvme04/workspace/world_model_phys/PHYS/world_model_phys/local_assets/data/physion/generated_v5/converted_stage1_v1/01495_drop_orbit_left_72_seed40495,drop,orbit_left_72,40495
03136_collision_orbit_right_64_seed42136,/home/nvme04/workspace/world_model_phys/PHYS/world_model_phys/local_assets/data/physion/generated_v5/converted_stage1_v1/03136_collision_orbit_right_64_seed42136,collision,orbit_right_64,42136
03517_roll_orbit_right_60_seed42517,/home/nvme04/workspace/world_model_phys/PHYS/world_model_phys/local_assets/data/physion/generated_v5/converted_stage1_v1/03517_roll_orbit_right_60_seed42517,roll,orbit_right_60,42517
02746_collision_orbit_right_64_seed41746,/home/nvme04/workspace/world_model_phys/PHYS/world_model_phys/local_assets/data/physion/generated_v5/converted_stage1_v1/02746_collision_orbit_right_64_seed41746,collision,orbit_right_64,41746
03940_roll_orbit_right_60_seed42940,/home/nvme04/workspace/world_model_phys/PHYS/world_model_phys/local_assets/data/physion/generated_v5/converted_stage1_v1/03940_roll_orbit_right_60_seed42940,roll,orbit_right_60,42940
01558_drop_orbit_left_72_seed40558,/home/nvme04/workspace/world_model_phys/PHYS/world_model_phys/local_assets/data/physion/generated_v5/converted_stage1_v1/01558_drop_orbit_left_72_seed40558,drop,orbit_left_72,40558
04225_containment_orbit_left_44_seed43225,/home/nvme04/workspace/world_model_phys/PHYS/world_model_phys/local_assets/data/physion/generated_v5/converted_stage1_v1/04225_containment_orbit_left_44_seed43225,containment,orbit_left_44,43225
04049_roll_orbit_right_60_seed43049,/home/nvme04/workspace/world_model_phys/PHYS/world_model_phys/local_assets/data/physion/generated_v5/converted_stage1_v1/04049_roll_orbit_right_60_seed43049,roll,orbit_right_60,43049
03463_roll_orbit_right_60_seed42463,/home/nvme04/workspace/world_model_phys/PHYS/world_model_phys/local_assets/data/physion/generated_v5/converted_stage1_v1/03463_roll_orbit_right_60_seed42463,roll,orbit_right_60,42463
03155_collision_strafe_left_180_seed42155,/home/nvme04/workspace/world_model_phys/PHYS/world_model_phys/local_assets/data/physion/generated_v5/converted_stage1_v1/03155_collision_strafe_left_180_seed42155,collision,strafe_left_180,42155
03802_roll_orbit_right_60_seed42802,/home/nvme04/workspace/world_model_phys/PHYS/world_model_phys/local_assets/data/physion/generated_v5/converted_stage1_v1/03802_roll_orbit_right_60_seed42802,roll,orbit_right_60,42802
03549_roll_orbit_right_60_seed42549,/home/nvme04/workspace/world_model_phys/PHYS/world_model_phys/local_assets/data/physion/generated_v5/converted_stage1_v1/03549_roll_orbit_right_60_seed42549,roll,orbit_right_60,42549
01717_drop_orbit_left_72_seed40717,/home/nvme04/workspace/world_model_phys/PHYS/world_model_phys/local_assets/data/physion/generated_v5/converted_stage1_v1/01717_drop_orbit_left_72_seed40717,drop,orbit_left_72,40717
01160_drop_orbit_left_72_seed40160,/home/nvme04/workspace/world_model_phys/PHYS/world_model_phys/local_assets/data/physion/generated_v5/converted_stage1_v1/01160_drop_orbit_left_72_seed40160,drop,orbit_left_72,40160
03055_collision_strafe_left_180_seed42055,/home/nvme04/workspace/world_model_phys/PHYS/world_model_phys/local_assets/data/physion/generated_v5/converted_stage1_v1/03055_collision_strafe_left_180_seed42055,collision,strafe_left_180,42055
04344_containment_orbit_left_44_seed43344,/home/nvme04/workspace/world_model_phys/PHYS/world_model_phys/local_assets/data/physion/generated_v5/converted_stage1_v1/04344_containment_orbit_left_44_seed43344,containment,orbit_left_44,43344
04094_roll_orbit_right_60_seed43094,/home/nvme04/workspace/world_model_phys/PHYS/world_model_phys/local_assets/data/physion/generated_v5/converted_stage1_v1/04094_roll_orbit_right_60_seed43094,roll,orbit_right_60,43094
01787_drop_orbit_left_72_seed40787,/home/nvme04/workspace/world_model_phys/PHYS/world_model_phys/local_assets/data/physion/generated_v5/converted_stage1_v1/01787_drop_orbit_left_72_seed40787,drop,orbit_left_72,40787
01585_drop_orbit_left_72_seed40585,/home/nvme04/workspace/world_model_phys/PHYS/world_model_phys/local_assets/data/physion/generated_v5/converted_stage1_v1/01585_drop_orbit_left_72_seed40585,drop,orbit_left_72,40585
03814_roll_orbit_right_60_seed42814,/home/nvme04/workspace/world_model_phys/PHYS/world_model_phys/local_assets/data/physion/generated_v5/converted_stage1_v1/03814_roll_orbit_right_60_seed42814,roll,orbit_right_60,42814
03495_roll_orbit_right_60_seed42495,/home/nvme04/workspace/world_model_phys/PHYS/world_model_phys/local_assets/data/physion/generated_v5/converted_stage1_v1/03495_roll_orbit_right_60_seed42495,roll,orbit_right_60,42495
04270_containment_orbit_left_44_seed43270,/home/nvme04/workspace/world_model_phys/PHYS/world_model_phys/local_assets/data/physion/generated_v5/converted_stage1_v1/04270_containment_orbit_left_44_seed43270,containment,orbit_left_44,43270
02287_collision_strafe_left_180_seed41287,/home/nvme04/workspace/world_model_phys/PHYS/world_model_phys/local_assets/data/physion/generated_v5/converted_stage1_v1/02287_collision_strafe_left_180_seed41287,collision,strafe_left_180,41287
04057_roll_orbit_right_60_seed43057,/home/nvme04/workspace/world_model_phys/PHYS/world_model_phys/local_assets/data/physion/generated_v5/converted_stage1_v1/04057_roll_orbit_right_60_seed43057,roll,orbit_right_60,43057
02529_collision_strafe_left_180_seed41529,/home/nvme04/workspace/world_model_phys/PHYS/world_model_phys/local_assets/data/physion/generated_v5/converted_stage1_v1/02529_collision_strafe_left_180_seed41529,collision,strafe_left_180,41529
03080_collision_orbit_right_64_seed42080,/home/nvme04/workspace/world_model_phys/PHYS/world_model_phys/local_assets/data/physion/generated_v5/converted_stage1_v1/03080_collision_orbit_right_64_seed42080,collision,orbit_right_64,42080
02883_collision_strafe_left_180_seed41883,/home/nvme04/workspace/world_model_phys/PHYS/world_model_phys/local_assets/data/physion/generated_v5/converted_stage1_v1/02883_collision_strafe_left_180_seed41883,collision,strafe_left_180,41883
01929_drop_orbit_left_72_seed40929,/home/nvme04/workspace/world_model_phys/PHYS/world_model_phys/local_assets/data/physion/generated_v5/converted_stage1_v1/01929_drop_orbit_left_72_seed40929,drop,orbit_left_72,40929
01600_drop_orbit_left_72_seed40600,/home/nvme04/workspace/world_model_phys/PHYS/world_model_phys/local_assets/data/physion/generated_v5/converted_stage1_v1/01600_drop_orbit_left_72_seed40600,drop,orbit_left_72,40600
03710_roll_orbit_right_60_seed42710,/home/nvme04/workspace/world_model_phys/PHYS/world_model_phys/local_assets/data/physion/generated_v5/converted_stage1_v1/03710_roll_orbit_right_60_seed42710,roll,orbit_right_60,42710
02208_collision_orbit_right_64_seed41208,/home/nvme04/workspace/world_model_phys/PHYS/world_model_phys/local_assets/data/physion/generated_v5/converted_stage1_v1/02208_collision_orbit_right_64_seed41208,collision,orbit_right_64,41208
03078_collision_orbit_right_64_seed42078,/home/nvme04/workspace/world_model_phys/PHYS/world_model_phys/local_assets/data/physion/generated_v5/converted_stage1_v1/03078_collision_orbit_right_64_seed42078,collision,orbit_right_64,42078
03980_roll_orbit_right_60_seed42980,/home/nvme04/workspace/world_model_phys/PHYS/world_model_phys/local_assets/data/physion/generated_v5/converted_stage1_v1/03980_roll_orbit_right_60_seed42980,roll,orbit_right_60,42980
02652_collision_orbit_right_64_seed41652,/home/nvme04/workspace/world_model_phys/PHYS/world_model_phys/local_assets/data/physion/generated_v5/converted_stage1_v1/02652_collision_orbit_right_64_seed41652,collision,orbit_right_64,41652
01156_drop_orbit_left_72_seed40156,/home/nvme04/workspace/world_model_phys/PHYS/world_model_phys/local_assets/data/physion/generated_v5/converted_stage1_v1/01156_drop_orbit_left_72_seed40156,drop,orbit_left_72,40156
02298_collision_orbit_right_64_seed41298,/home/nvme04/workspace/world_model_phys/PHYS/world_model_phys/local_assets/data/physion/generated_v5/converted_stage1_v1/02298_collision_orbit_right_64_seed41298,collision,orbit_right_64,41298
02993_collision_strafe_left_180_seed41993,/home/nvme04/workspace/world_model_phys/PHYS/world_model_phys/local_assets/data/physion/generated_v5/converted_stage1_v1/02993_collision_strafe_left_180_seed41993,collision,strafe_left_180,41993
02026_drop_orbit_left_72_seed41026,/home/nvme04/workspace/world_model_phys/PHYS/world_model_phys/local_assets/data/physion/generated_v5/converted_stage1_v1/02026_drop_orbit_left_72_seed41026,drop,orbit_left_72,41026
02280_collision_orbit_right_64_seed41280,/home/nvme04/workspace/world_model_phys/PHYS/world_model_phys/local_assets/data/physion/generated_v5/converted_stage1_v1/02280_collision_orbit_right_64_seed41280,collision,orbit_right_64,41280
01790_drop_orbit_left_72_seed40790,/home/nvme04/workspace/world_model_phys/PHYS/world_model_phys/local_assets/data/physion/generated_v5/converted_stage1_v1/01790_drop_orbit_left_72_seed40790,drop,orbit_left_72,40790
01626_drop_orbit_left_72_seed40626,/home/nvme04/workspace/world_model_phys/PHYS/world_model_phys/local_assets/data/physion/generated_v5/converted_stage1_v1/01626_drop_orbit_left_72_seed40626,drop,orbit_left_72,40626
04343_containment_orbit_left_44_seed43343,/home/nvme04/workspace/world_model_phys/PHYS/world_model_phys/local_assets/data/physion/generated_v5/converted_stage1_v1/04343_containment_orbit_left_44_seed43343,containment,orbit_left_44,43343
03693_roll_orbit_right_60_seed42693,/home/nvme04/workspace/world_model_phys/PHYS/world_model_phys/local_assets/data/physion/generated_v5/converted_stage1_v1/03693_roll_orbit_right_60_seed42693,roll,orbit_right_60,42693
02910_collision_orbit_right_64_seed41910,/home/nvme04/workspace/world_model_phys/PHYS/world_model_phys/local_assets/data/physion/generated_v5/converted_stage1_v1/02910_collision_orbit_right_64_seed41910,collision,orbit_right_64,41910
02129_drop_orbit_left_72_seed41129,/home/nvme04/workspace/world_model_phys/PHYS/world_model_phys/local_assets/data/physion/generated_v5/converted_stage1_v1/02129_drop_orbit_left_72_seed41129,drop,orbit_left_72,41129
01300_drop_orbit_left_72_seed40300,/home/nvme04/workspace/world_model_phys/PHYS/world_model_phys/local_assets/data/physion/generated_v5/converted_stage1_v1/01300_drop_orbit_left_72_seed40300,drop,orbit_left_72,40300
04013_roll_orbit_right_60_seed43013,/home/nvme04/workspace/world_model_phys/PHYS/world_model_phys/local_assets/data/physion/generated_v5/converted_stage1_v1/04013_roll_orbit_right_60_seed43013,roll,orbit_right_60,43013
02950_collision_orbit_right_64_seed41950,/home/nvme04/workspace/world_model_phys/PHYS/world_model_phys/local_assets/data/physion/generated_v5/converted_stage1_v1/02950_collision_orbit_right_64_seed41950,collision,orbit_right_64,41950
02708_collision_orbit_right_64_seed41708,/home/nvme04/workspace/world_model_phys/PHYS/world_model_phys/local_assets/data/physion/generated_v5/converted_stage1_v1/02708_collision_orbit_right_64_seed41708,collision,orbit_right_64,41708
02231_collision_strafe_left_180_seed41231,/home/nvme04/workspace/world_model_phys/PHYS/world_model_phys/local_assets/data/physion/generated_v5/converted_stage1_v1/02231_collision_strafe_left_180_seed41231,collision,strafe_left_180,41231
01136_drop_orbit_left_72_seed40136,/home/nvme04/workspace/world_model_phys/PHYS/world_model_phys/local_assets/data/physion/generated_v5/converted_stage1_v1/01136_drop_orbit_left_72_seed40136,drop,orbit_left_72,40136
03050_collision_orbit_right_64_seed42050,/home/nvme04/workspace/world_model_phys/PHYS/world_model_phys/local_assets/data/physion/generated_v5/converted_stage1_v1/03050_collision_orbit_right_64_seed42050,collision,orbit_right_64,42050
02820_collision_orbit_right_64_seed41820,/home/nvme04/workspace/world_model_phys/PHYS/world_model_phys/local_assets/data/physion/generated_v5/converted_stage1_v1/02820_collision_orbit_right_64_seed41820,collision,orbit_right_64,41820
03566_roll_orbit_right_60_seed42566,/home/nvme04/workspace/world_model_phys/PHYS/world_model_phys/local_assets/data/physion/generated_v5/converted_stage1_v1/03566_roll_orbit_right_60_seed42566,roll,orbit_right_60,42566
03522_roll_orbit_right_60_seed42522,/home/nvme04/workspace/world_model_phys/PHYS/world_model_phys/local_assets/data/physion/generated_v5/converted_stage1_v1/03522_roll_orbit_right_60_seed42522,roll,orbit_right_60,42522
01992_drop_orbit_left_72_seed40992,/home/nvme04/workspace/world_model_phys/PHYS/world_model_phys/local_assets/data/physion/generated_v5/converted_stage1_v1/01992_drop_orbit_left_72_seed40992,drop,orbit_left_72,40992
03773_roll_orbit_right_60_seed42773,/home/nvme04/workspace/world_model_phys/PHYS/world_model_phys/local_assets/data/physion/generated_v5/converted_stage1_v1/03773_roll_orbit_right_60_seed42773,roll,orbit_right_60,42773
03104_collision_orbit_right_64_seed42104,/home/nvme04/workspace/world_model_phys/PHYS/world_model_phys/local_assets/data/physion/generated_v5/converted_stage1_v1/03104_collision_orbit_right_64_seed42104,collision,orbit_right_64,42104
01097_drop_orbit_left_72_seed40097,/home/nvme04/workspace/world_model_phys/PHYS/world_model_phys/local_assets/data/physion/generated_v5/converted_stage1_v1/01097_drop_orbit_left_72_seed40097,drop,orbit_left_72,40097
01332_drop_orbit_left_72_seed40332,/home/nvme04/workspace/world_model_phys/PHYS/world_model_phys/local_assets/data/physion/generated_v5/converted_stage1_v1/01332_drop_orbit_left_72_seed40332,drop,orbit_left_72,40332
02443_collision_strafe_left_180_seed41443,/home/nvme04/workspace/world_model_phys/PHYS/world_model_phys/local_assets/data/physion/generated_v5/converted_stage1_v1/02443_collision_strafe_left_180_seed41443,collision,strafe_left_180,41443
01967_drop_orbit_left_72_seed40967,/home/nvme04/workspace/world_model_phys/PHYS/world_model_phys/local_assets/data/physion/generated_v5/converted_stage1_v1/01967_drop_orbit_left_72_seed40967,drop,orbit_left_72,40967
01576_drop_orbit_left_72_seed40576,/home/nvme04/workspace/world_model_phys/PHYS/world_model_phys/local_assets/data/physion/generated_v5/converted_stage1_v1/01576_drop_orbit_left_72_seed40576,drop,orbit_left_72,40576
02338_collision_orbit_right_64_seed41338,/home/nvme04/workspace/world_model_phys/PHYS/world_model_phys/local_assets/data/physion/generated_v5/converted_stage1_v1/02338_collision_orbit_right_64_seed41338,collision,orbit_right_64,41338
03789_roll_orbit_right_60_seed42789,/home/nvme04/workspace/world_model_phys/PHYS/world_model_phys/local_assets/data/physion/generated_v5/converted_stage1_v1/03789_roll_orbit_right_60_seed42789,roll,orbit_right_60,42789
03737_roll_orbit_right_60_seed42737,/home/nvme04/workspace/world_model_phys/PHYS/world_model_phys/local_assets/data/physion/generated_v5/converted_stage1_v1/03737_roll_orbit_right_60_seed42737,roll,orbit_right_60,42737
02333_collision_strafe_left_180_seed41333,/home/nvme04/workspace/world_model_phys/PHYS/world_model_phys/local_assets/data/physion/generated_v5/converted_stage1_v1/02333_collision_strafe_left_180_seed41333,collision,strafe_left_180,41333
01963_drop_orbit_left_72_seed40963,/home/nvme04/workspace/world_model_phys/PHYS/world_model_phys/local_assets/data/physion/generated_v5/converted_stage1_v1/01963_drop_orbit_left_72_seed40963,drop,orbit_left_72,40963
01777_drop_orbit_left_72_seed40777,/home/nvme04/workspace/world_model_phys/PHYS/world_model_phys/local_assets/data/physion/generated_v5/converted_stage1_v1/01777_drop_orbit_left_72_seed40777,drop,orbit_left_72,40777
01384_drop_orbit_left_72_seed40384,/home/nvme04/workspace/world_model_phys/PHYS/world_model_phys/local_assets/data/physion/generated_v5/converted_stage1_v1/01384_drop_orbit_left_72_seed40384,drop,orbit_left_72,40384
03338_collision_orbit_right_64_seed42338,/home/nvme04/workspace/world_model_phys/PHYS/world_model_phys/local_assets/data/physion/generated_v5/converted_stage1_v1/03338_collision_orbit_right_64_seed42338,collision,orbit_right_64,42338
01814_drop_orbit_left_72_seed40814,/home/nvme04/workspace/world_model_phys/PHYS/world_model_phys/local_assets/data/physion/generated_v5/converted_stage1_v1/01814_drop_orbit_left_72_seed40814,drop,orbit_left_72,40814
03225_collision_strafe_left_180_seed42225,/home/nvme04/workspace/world_model_phys/PHYS/world_model_phys/local_assets/data/physion/generated_v5/converted_stage1_v1/03225_collision_strafe_left_180_seed42225,collision,strafe_left_180,42225
04384_containment_orbit_left_44_seed43384,/home/nvme04/workspace/world_model_phys/PHYS/world_model_phys/local_assets/data/physion/generated_v5/converted_stage1_v1/04384_containment_orbit_left_44_seed43384,containment,orbit_left_44,43384
04366_containment_orbit_left_44_seed43366,/home/nvme04/workspace/world_model_phys/PHYS/world_model_phys/local_assets/data/physion/generated_v5/converted_stage1_v1/04366_containment_orbit_left_44_seed43366,containment,orbit_left_44,43366
03960_roll_orbit_right_60_seed42960,/home/nvme04/workspace/world_model_phys/PHYS/world_model_phys/local_assets/data/physion/generated_v5/converted_stage1_v1/03960_roll_orbit_right_60_seed42960,roll,orbit_right_60,42960
02142_drop_orbit_left_72_seed41142,/home/nvme04/workspace/world_model_phys/PHYS/world_model_phys/local_assets/data/physion/generated_v5/converted_stage1_v1/02142_drop_orbit_left_72_seed41142,drop,orbit_left_72,41142
02647_collision_strafe_left_180_seed41647,/home/nvme04/workspace/world_model_phys/PHYS/world_model_phys/local_assets/data/physion/generated_v5/converted_stage1_v1/02647_collision_strafe_left_180_seed41647,collision,strafe_left_180,41647
01025_drop_orbit_left_72_seed40025,/home/nvme04/workspace/world_model_phys/PHYS/world_model_phys/local_assets/data/physion/generated_v5/converted_stage1_v1/01025_drop_orbit_left_72_seed40025,drop,orbit_left_72,40025
01687_drop_orbit_left_72_seed40687,/home/nvme04/workspace/world_model_phys/PHYS/world_model_phys/local_assets/data/physion/generated_v5/converted_stage1_v1/01687_drop_orbit_left_72_seed40687,drop,orbit_left_72,40687
03738_roll_orbit_right_60_seed42738,/home/nvme04/workspace/world_model_phys/PHYS/world_model_phys/local_assets/data/physion/generated_v5/converted_stage1_v1/03738_roll_orbit_right_60_seed42738,roll,orbit_right_60,42738
03643_roll_orbit_right_60_seed42643,/home/nvme04/workspace/world_model_phys/PHYS/world_model_phys/local_assets/data/physion/generated_v5/converted_stage1_v1/03643_roll_orbit_right_60_seed42643,roll,orbit_right_60,42643
01749_drop_orbit_left_72_seed40749,/home/nvme04/workspace/world_model_phys/PHYS/world_model_phys/local_assets/data/physion/generated_v5/converted_stage1_v1/01749_drop_orbit_left_72_seed40749,drop,orbit_left_72,40749
04377_containment_orbit_left_44_seed43377,/home/nvme04/workspace/world_model_phys/PHYS/world_model_phys/local_assets/data/physion/generated_v5/converted_stage1_v1/04377_containment_orbit_left_44_seed43377,containment,orbit_left_44,43377
03107_collision_strafe_left_180_seed42107,/home/nvme04/workspace/world_model_phys/PHYS/world_model_phys/local_assets/data/physion/generated_v5/converted_stage1_v1/03107_collision_strafe_left_180_seed42107,collision,strafe_left_180,42107
02144_drop_orbit_left_72_seed41144,/home/nvme04/workspace/world_model_phys/PHYS/world_model_phys/local_assets/data/physion/generated_v5/converted_stage1_v1/02144_drop_orbit_left_72_seed41144,drop,orbit_left_72,41144
01375_drop_orbit_left_72_seed40375,/home/nvme04/workspace/world_model_phys/PHYS/world_model_phys/local_assets/data/physion/generated_v5/converted_stage1_v1/01375_drop_orbit_left_72_seed40375,drop,orbit_left_72,40375
02575_collision_strafe_left_180_seed41575,/home/nvme04/workspace/world_model_phys/PHYS/world_model_phys/local_assets/data/physion/generated_v5/converted_stage1_v1/02575_collision_strafe_left_180_seed41575,collision,strafe_left_180,41575
01694_drop_orbit_left_72_seed40694,/home/nvme04/workspace/world_model_phys/PHYS/world_model_phys/local_assets/data/physion/generated_v5/converted_stage1_v1/01694_drop_orbit_left_72_seed40694,drop,orbit_left_72,40694
02283_collision_strafe_left_180_seed41283,/home/nvme04/workspace/world_model_phys/PHYS/world_model_phys/local_assets/data/physion/generated_v5/converted_stage1_v1/02283_collision_strafe_left_180_seed41283,collision,strafe_left_180,41283
03231_collision_strafe_left_180_seed42231,/home/nvme04/workspace/world_model_phys/PHYS/world_model_phys/local_assets/data/physion/generated_v5/converted_stage1_v1/03231_collision_strafe_left_180_seed42231,collision,strafe_left_180,42231
03638_roll_orbit_right_60_seed42638,/home/nvme04/workspace/world_model_phys/PHYS/world_model_phys/local_assets/data/physion/generated_v5/converted_stage1_v1/03638_roll_orbit_right_60_seed42638,roll,orbit_right_60,42638
02106_drop_orbit_left_72_seed41106,/home/nvme04/workspace/world_model_phys/PHYS/world_model_phys/local_assets/data/physion/generated_v5/converted_stage1_v1/02106_drop_orbit_left_72_seed41106,drop,orbit_left_72,41106
03198_collision_orbit_right_64_seed42198,/home/nvme04/workspace/world_model_phys/PHYS/world_model_phys/local_assets/data/physion/generated_v5/converted_stage1_v1/03198_collision_orbit_right_64_seed42198,collision,orbit_right_64,42198
03899_roll_orbit_right_60_seed42899,/home/nvme04/workspace/world_model_phys/PHYS/world_model_phys/local_assets/data/physion/generated_v5/converted_stage1_v1/03899_roll_orbit_right_60_seed42899,roll,orbit_right_60,42899
02384_collision_orbit_right_64_seed41384,/home/nvme04/workspace/world_model_phys/PHYS/world_model_phys/local_assets/data/physion/generated_v5/converted_stage1_v1/02384_collision_orbit_right_64_seed41384,collision,orbit_right_64,41384
03035_collision_strafe_left_180_seed42035,/home/nvme04/workspace/world_model_phys/PHYS/world_model_phys/local_assets/data/physion/generated_v5/converted_stage1_v1/03035_collision_strafe_left_180_seed42035,collision,strafe_left_180,42035
01164_drop_orbit_left_72_seed40164,/home/nvme04/workspace/world_model_phys/PHYS/world_model_phys/local_assets/data/physion/generated_v5/converted_stage1_v1/01164_drop_orbit_left_72_seed40164,drop,orbit_left_72,40164
04396_containment_orbit_left_44_seed43396,/home/nvme04/workspace/world_model_phys/PHYS/world_model_phys/local_assets/data/physion/generated_v5/converted_stage1_v1/04396_containment_orbit_left_44_seed43396,containment,orbit_left_44,43396
03896_roll_orbit_right_60_seed42896,/home/nvme04/workspace/world_model_phys/PHYS/world_model_phys/local_assets/data/physion/generated_v5/converted_stage1_v1/03896_roll_orbit_right_60_seed42896,roll,orbit_right_60,42896
03329_collision_strafe_left_180_seed42329,/home/nvme04/workspace/world_model_phys/PHYS/world_model_phys/local_assets/data/physion/generated_v5/converted_stage1_v1/03329_collision_strafe_left_180_seed42329,collision,strafe_left_180,42329
02658_collision_orbit_right_64_seed41658,/home/nvme04/workspace/world_model_phys/PHYS/world_model_phys/local_assets/data/physion/generated_v5/converted_stage1_v1/02658_collision_orbit_right_64_seed41658,collision,orbit_right_64,41658
03254_collision_orbit_right_64_seed42254,/home/nvme04/workspace/world_model_phys/PHYS/world_model_phys/local_assets/data/physion/generated_v5/converted_stage1_v1/03254_collision_orbit_right_64_seed42254,collision,orbit_right_64,42254
03464_roll_orbit_right_60_seed42464,/home/nvme04/workspace/world_model_phys/PHYS/world_model_phys/local_assets/data/physion/generated_v5/converted_stage1_v1/03464_roll_orbit_right_60_seed42464,roll,orbit_right_60,42464
04059_roll_orbit_right_60_seed43059,/home/nvme04/workspace/world_model_phys/PHYS/world_model_phys/local_assets/data/physion/generated_v5/converted_stage1_v1/04059_roll_orbit_right_60_seed43059,roll,orbit_right_60,43059
02261_collision_strafe_left_180_seed41261,/home/nvme04/workspace/world_model_phys/PHYS/world_model_phys/local_assets/data/physion/generated_v5/converted_stage1_v1/02261_collision_strafe_left_180_seed41261,collision,strafe_left_180,41261
04051_roll_orbit_right_60_seed43051,/home/nvme04/workspace/world_model_phys/PHYS/world_model_phys/local_assets/data/physion/generated_v5/converted_stage1_v1/04051_roll_orbit_right_60_seed43051,roll,orbit_right_60,43051
01511_drop_orbit_left_72_seed40511,/home/nvme04/workspace/world_model_phys/PHYS/world_model_phys/local_assets/data/physion/generated_v5/converted_stage1_v1/01511_drop_orbit_left_72_seed40511,drop,orbit_left_72,40511
01938_drop_orbit_left_72_seed40938,/home/nvme04/workspace/world_model_phys/PHYS/world_model_phys/local_assets/data/physion/generated_v5/converted_stage1_v1/01938_drop_orbit_left_72_seed40938,drop,orbit_left_72,40938
02953_collision_strafe_left_180_seed41953,/home/nvme04/workspace/world_model_phys/PHYS/world_model_phys/local_assets/data/physion/generated_v5/converted_stage1_v1/02953_collision_strafe_left_180_seed41953,collision,strafe_left_180,41953
03622_roll_orbit_right_60_seed42622,/home/nvme04/workspace/world_model_phys/PHYS/world_model_phys/local_assets/data/physion/generated_v5/converted_stage1_v1/03622_roll_orbit_right_60_seed42622,roll,orbit_right_60,42622
02092_drop_orbit_left_72_seed41092,/home/nvme04/workspace/world_model_phys/PHYS/world_model_phys/local_assets/data/physion/generated_v5/converted_stage1_v1/02092_drop_orbit_left_72_seed41092,drop,orbit_left_72,41092
01958_drop_orbit_left_72_seed40958,/home/nvme04/workspace/world_model_phys/PHYS/world_model_phys/local_assets/data/physion/generated_v5/converted_stage1_v1/01958_drop_orbit_left_72_seed40958,drop,orbit_left_72,40958
02747_collision_strafe_left_180_seed41747,/home/nvme04/workspace/world_model_phys/PHYS/world_model_phys/local_assets/data/physion/generated_v5/converted_stage1_v1/02747_collision_strafe_left_180_seed41747,collision,strafe_left_180,41747
01202_drop_orbit_left_72_seed40202,/home/nvme04/workspace/world_model_phys/PHYS/world_model_phys/local_assets/data/physion/generated_v5/converted_stage1_v1/01202_drop_orbit_left_72_seed40202,drop,orbit_left_72,40202
04066_roll_orbit_right_60_seed43066,/home/nvme04/workspace/world_model_phys/PHYS/world_model_phys/local_assets/data/physion/generated_v5/converted_stage1_v1/04066_roll_orbit_right_60_seed43066,roll,orbit_right_60,43066
03218_collision_orbit_right_64_seed42218,/home/nvme04/workspace/world_model_phys/PHYS/world_model_phys/local_assets/data/physion/generated_v5/converted_stage1_v1/03218_collision_orbit_right_64_seed42218,collision,orbit_right_64,42218
01746_drop_orbit_left_72_seed40746,/home/nvme04/workspace/world_model_phys/PHYS/world_model_phys/local_assets/data/physion/generated_v5/converted_stage1_v1/01746_drop_orbit_left_72_seed40746,drop,orbit_left_72,40746
02137_drop_orbit_left_72_seed41137,/home/nvme04/workspace/world_model_phys/PHYS/world_model_phys/local_assets/data/physion/generated_v5/converted_stage1_v1/02137_drop_orbit_left_72_seed41137,drop,orbit_left_72,41137
01452_drop_orbit_left_72_seed40452,/home/nvme04/workspace/world_model_phys/PHYS/world_model_phys/local_assets/data/physion/generated_v5/converted_stage1_v1/01452_drop_orbit_left_72_seed40452,drop,orbit_left_72,40452
03431_roll_orbit_right_60_seed42431,/home/nvme04/workspace/world_model_phys/PHYS/world_model_phys/local_assets/data/physion/generated_v5/converted_stage1_v1/03431_roll_orbit_right_60_seed42431,roll,orbit_right_60,42431
03318_collision_orbit_right_64_seed42318,/home/nvme04/workspace/world_model_phys/PHYS/world_model_phys/local_assets/data/physion/generated_v5/converted_stage1_v1/03318_collision_orbit_right_64_seed42318,collision,orbit_right_64,42318
01194_drop_orbit_left_72_seed40194,/home/nvme04/workspace/world_model_phys/PHYS/world_model_phys/local_assets/data/physion/generated_v5/converted_stage1_v1/01194_drop_orbit_left_72_seed40194,drop,orbit_left_72,40194
01804_drop_orbit_left_72_seed40804,/home/nvme04/workspace/world_model_phys/PHYS/world_model_phys/local_assets/data/physion/generated_v5/converted_stage1_v1/01804_drop_orbit_left_72_seed40804,drop,orbit_left_72,40804
01676_drop_orbit_left_72_seed40676,/home/nvme04/workspace/world_model_phys/PHYS/world_model_phys/local_assets/data/physion/generated_v5/converted_stage1_v1/01676_drop_orbit_left_72_seed40676,drop,orbit_left_72,40676
01011_drop_orbit_left_72_seed40011,/home/nvme04/workspace/world_model_phys/PHYS/world_model_phys/local_assets/data/physion/generated_v5/converted_stage1_v1/01011_drop_orbit_left_72_seed40011,drop,orbit_left_72,40011
02053_drop_orbit_left_72_seed41053,/home/nvme04/workspace/world_model_phys/PHYS/world_model_phys/local_assets/data/physion/generated_v5/converted_stage1_v1/02053_drop_orbit_left_72_seed41053,drop,orbit_left_72,41053
04303_containment_orbit_left_44_seed43303,/home/nvme04/workspace/world_model_phys/PHYS/world_model_phys/local_assets/data/physion/generated_v5/converted_stage1_v1/04303_containment_orbit_left_44_seed43303,containment,orbit_left_44,43303
04211_containment_orbit_left_44_seed43211,/home/nvme04/workspace/world_model_phys/PHYS/world_model_phys/local_assets/data/physion/generated_v5/converted_stage1_v1/04211_containment_orbit_left_44_seed43211,containment,orbit_left_44,43211
01987_drop_orbit_left_72_seed40987,/home/nvme04/workspace/world_model_phys/PHYS/world_model_phys/local_assets/data/physion/generated_v5/converted_stage1_v1/01987_drop_orbit_left_72_seed40987,drop,orbit_left_72,40987
02942_collision_orbit_right_64_seed41942,/home/nvme04/workspace/world_model_phys/PHYS/world_model_phys/local_assets/data/physion/generated_v5/converted_stage1_v1/02942_collision_orbit_right_64_seed41942,collision,orbit_right_64,41942
03617_roll_orbit_right_60_seed42617,/home/nvme04/workspace/world_model_phys/PHYS/world_model_phys/local_assets/data/physion/generated_v5/converted_stage1_v1/03617_roll_orbit_right_60_seed42617,roll,orbit_right_60,42617
01839_drop_orbit_left_72_seed40839,/home/nvme04/workspace/world_model_phys/PHYS/world_model_phys/local_assets/data/physion/generated_v5/converted_stage1_v1/01839_drop_orbit_left_72_seed40839,drop,orbit_left_72,40839
02812_collision_orbit_right_64_seed41812,/home/nvme04/workspace/world_model_phys/PHYS/world_model_phys/local_assets/data/physion/generated_v5/converted_stage1_v1/02812_collision_orbit_right_64_seed41812,collision,orbit_right_64,41812
01272_drop_orbit_left_72_seed40272,/home/nvme04/workspace/world_model_phys/PHYS/world_model_phys/local_assets/data/physion/generated_v5/converted_stage1_v1/01272_drop_orbit_left_72_seed40272,drop,orbit_left_72,40272
02424_collision_orbit_right_64_seed41424,/home/nvme04/workspace/world_model_phys/PHYS/world_model_phys/local_assets/data/physion/generated_v5/converted_stage1_v1/02424_collision_orbit_right_64_seed41424,collision,orbit_right_64,41424
03234_collision_orbit_right_64_seed42234,/home/nvme04/workspace/world_model_phys/PHYS/world_model_phys/local_assets/data/physion/generated_v5/converted_stage1_v1/03234_collision_orbit_right_64_seed42234,collision,orbit_right_64,42234
03559_roll_orbit_right_60_seed42559,/home/nvme04/workspace/world_model_phys/PHYS/world_model_phys/local_assets/data/physion/generated_v5/converted_stage1_v1/03559_roll_orbit_right_60_seed42559,roll,orbit_right_60,42559
01245_drop_orbit_left_72_seed40245,/home/nvme04/workspace/world_model_phys/PHYS/world_model_phys/local_assets/data/physion/generated_v5/converted_stage1_v1/01245_drop_orbit_left_72_seed40245,drop,orbit_left_72,40245
03401_roll_orbit_right_60_seed42401,/home/nvme04/workspace/world_model_phys/PHYS/world_model_phys/local_assets/data/physion/generated_v5/converted_stage1_v1/03401_roll_orbit_right_60_seed42401,roll,orbit_right_60,42401
03343_collision_strafe_left_180_seed42343,/home/nvme04/workspace/world_model_phys/PHYS/world_model_phys/local_assets/data/physion/generated_v5/converted_stage1_v1/03343_collision_strafe_left_180_seed42343,collision,strafe_left_180,42343
02550_collision_orbit_right_64_seed41550,/home/nvme04/workspace/world_model_phys/PHYS/world_model_phys/local_assets/data/physion/generated_v5/converted_stage1_v1/02550_collision_orbit_right_64_seed41550,collision,orbit_right_64,41550
03733_roll_orbit_right_60_seed42733,/home/nvme04/workspace/world_model_phys/PHYS/world_model_phys/local_assets/data/physion/generated_v5/converted_stage1_v1/03733_roll_orbit_right_60_seed42733,roll,orbit_right_60,42733
02530_collision_orbit_right_64_seed41530,/home/nvme04/workspace/world_model_phys/PHYS/world_model_phys/local_assets/data/physion/generated_v5/converted_stage1_v1/02530_collision_orbit_right_64_seed41530,collision,orbit_right_64,41530
02034_drop_orbit_left_72_seed41034,/home/nvme04/workspace/world_model_phys/PHYS/world_model_phys/local_assets/data/physion/generated_v5/converted_stage1_v1/02034_drop_orbit_left_72_seed41034,drop,orbit_left_72,41034
03363_collision_strafe_left_180_seed42363,/home/nvme04/workspace/world_model_phys/PHYS/world_model_phys/local_assets/data/physion/generated_v5/converted_stage1_v1/03363_collision_strafe_left_180_seed42363,collision,strafe_left_180,42363
01655_drop_orbit_left_72_seed40655,/home/nvme04/workspace/world_model_phys/PHYS/world_model_phys/local_assets/data/physion/generated_v5/converted_stage1_v1/01655_drop_orbit_left_72_seed40655,drop,orbit_left_72,40655
03798_roll_orbit_right_60_seed42798,/home/nvme04/workspace/world_model_phys/PHYS/world_model_phys/local_assets/data/physion/generated_v5/converted_stage1_v1/03798_roll_orbit_right_60_seed42798,roll,orbit_right_60,42798
04279_containment_orbit_left_44_seed43279,/home/nvme04/workspace/world_model_phys/PHYS/world_model_phys/local_assets/data/physion/generated_v5/converted_stage1_v1/04279_containment_orbit_left_44_seed43279,containment,orbit_left_44,43279
01064_drop_orbit_left_72_seed40064,/home/nvme04/workspace/world_model_phys/PHYS/world_model_phys/local_assets/data/physion/generated_v5/converted_stage1_v1/01064_drop_orbit_left_72_seed40064,drop,orbit_left_72,40064
02262_collision_orbit_right_64_seed41262,/home/nvme04/workspace/world_model_phys/PHYS/world_model_phys/local_assets/data/physion/generated_v5/converted_stage1_v1/02262_collision_orbit_right_64_seed41262,collision,orbit_right_64,41262
03833_roll_orbit_right_60_seed42833,/home/nvme04/workspace/world_model_phys/PHYS/world_model_phys/local_assets/data/physion/generated_v5/converted_stage1_v1/03833_roll_orbit_right_60_seed42833,roll,orbit_right_60,42833
03368_collision_orbit_right_64_seed42368,/home/nvme04/workspace/world_model_phys/PHYS/world_model_phys/local_assets/data/physion/generated_v5/converted_stage1_v1/03368_collision_orbit_right_64_seed42368,collision,orbit_right_64,42368
01846_drop_orbit_left_72_seed40846,/home/nvme04/workspace/world_model_phys/PHYS/world_model_phys/local_assets/data/physion/generated_v5/converted_stage1_v1/01846_drop_orbit_left_72_seed40846,drop,orbit_left_72,40846
01660_drop_orbit_left_72_seed40660,/home/nvme04/workspace/world_model_phys/PHYS/world_model_phys/local_assets/data/physion/generated_v5/converted_stage1_v1/01660_drop_orbit_left_72_seed40660,drop,orbit_left_72,40660
03872_roll_orbit_right_60_seed42872,/home/nvme04/workspace/world_model_phys/PHYS/world_model_phys/local_assets/data/physion/generated_v5/converted_stage1_v1/03872_roll_orbit_right_60_seed42872,roll,orbit_right_60,42872
01466_drop_orbit_left_72_seed40466,/home/nvme04/workspace/world_model_phys/PHYS/world_model_phys/local_assets/data/physion/generated_v5/converted_stage1_v1/01466_drop_orbit_left_72_seed40466,drop,orbit_left_72,40466
02916_collision_orbit_right_64_seed41916,/home/nvme04/workspace/world_model_phys/PHYS/world_model_phys/local_assets/data/physion/generated_v5/converted_stage1_v1/02916_collision_orbit_right_64_seed41916,collision,orbit_right_64,41916
02195_drop_orbit_left_72_seed41195,/home/nvme04/workspace/world_model_phys/PHYS/world_model_phys/local_assets/data/physion/generated_v5/converted_stage1_v1/02195_drop_orbit_left_72_seed41195,drop,orbit_left_72,41195
01875_drop_orbit_left_72_seed40875,/home/nvme04/workspace/world_model_phys/PHYS/world_model_phys/local_assets/data/physion/generated_v5/converted_stage1_v1/01875_drop_orbit_left_72_seed40875,drop,orbit_left_72,40875
03442_roll_orbit_right_60_seed42442,/home/nvme04/workspace/world_model_phys/PHYS/world_model_phys/local_assets/data/physion/generated_v5/converted_stage1_v1/03442_roll_orbit_right_60_seed42442,roll,orbit_right_60,42442
02098_drop_orbit_left_72_seed41098,/home/nvme04/workspace/world_model_phys/PHYS/world_model_phys/local_assets/data/physion/generated_v5/converted_stage1_v1/02098_drop_orbit_left_72_seed41098,drop,orbit_left_72,41098
01802_drop_orbit_left_72_seed40802,/home/nvme04/workspace/world_model_phys/PHYS/world_model_phys/local_assets/data/physion/generated_v5/converted_stage1_v1/01802_drop_orbit_left_72_seed40802,drop,orbit_left_72,40802
04082_roll_orbit_right_60_seed43082,/home/nvme04/workspace/world_model_phys/PHYS/world_model_phys/local_assets/data/physion/generated_v5/converted_stage1_v1/04082_roll_orbit_right_60_seed43082,roll,orbit_right_60,43082
02273_collision_strafe_left_180_seed41273,/home/nvme04/workspace/world_model_phys/PHYS/world_model_phys/local_assets/data/physion/generated_v5/converted_stage1_v1/02273_collision_strafe_left_180_seed41273,collision,strafe_left_180,41273
02288_collision_orbit_right_64_seed41288,/home/nvme04/workspace/world_model_phys/PHYS/world_model_phys/local_assets/data/physion/generated_v5/converted_stage1_v1/02288_collision_orbit_right_64_seed41288,collision,orbit_right_64,41288
04023_roll_orbit_right_60_seed43023,/home/nvme04/workspace/world_model_phys/PHYS/world_model_phys/local_assets/data/physion/generated_v5/converted_stage1_v1/04023_roll_orbit_right_60_seed43023,roll,orbit_right_60,43023
02875_collision_strafe_left_180_seed41875,/home/nvme04/workspace/world_model_phys/PHYS/world_model_phys/local_assets/data/physion/generated_v5/converted_stage1_v1/02875_collision_strafe_left_180_seed41875,collision,strafe_left_180,41875
03873_roll_orbit_right_60_seed42873,/home/nvme04/workspace/world_model_phys/PHYS/world_model_phys/local_assets/data/physion/generated_v5/converted_stage1_v1/03873_roll_orbit_right_60_seed42873,roll,orbit_right_60,42873
01634_drop_orbit_left_72_seed40634,/home/nvme04/workspace/world_model_phys/PHYS/world_model_phys/local_assets/data/physion/generated_v5/converted_stage1_v1/01634_drop_orbit_left_72_seed40634,drop,orbit_left_72,40634
03804_roll_orbit_right_60_seed42804,/home/nvme04/workspace/world_model_phys/PHYS/world_model_phys/local_assets/data/physion/generated_v5/converted_stage1_v1/03804_roll_orbit_right_60_seed42804,roll,orbit_right_60,42804
03116_collision_orbit_right_64_seed42116,/home/nvme04/workspace/world_model_phys/PHYS/world_model_phys/local_assets/data/physion/generated_v5/converted_stage1_v1/03116_collision_orbit_right_64_seed42116,collision,orbit_right_64,42116
02976_collision_orbit_right_64_seed41976,/home/nvme04/workspace/world_model_phys/PHYS/world_model_phys/local_assets/data/physion/generated_v5/converted_stage1_v1/02976_collision_orbit_right_64_seed41976,collision,orbit_right_64,41976
03812_roll_orbit_right_60_seed42812,/home/nvme04/workspace/world_model_phys/PHYS/world_model_phys/local_assets/data/physion/generated_v5/converted_stage1_v1/03812_roll_orbit_right_60_seed42812,roll,orbit_right_60,42812
04234_containment_orbit_left_44_seed43234,/home/nvme04/workspace/world_model_phys/PHYS/world_model_phys/local_assets/data/physion/generated_v5/converted_stage1_v1/04234_containment_orbit_left_44_seed43234,containment,orbit_left_44,43234
01494_drop_orbit_left_72_seed40494,/home/nvme04/workspace/world_model_phys/PHYS/world_model_phys/local_assets/data/physion/generated_v5/converted_stage1_v1/01494_drop_orbit_left_72_seed40494,drop,orbit_left_72,40494
03095_collision_strafe_left_180_seed42095,/home/nvme04/workspace/world_model_phys/PHYS/world_model_phys/local_assets/data/physion/generated_v5/converted_stage1_v1/03095_collision_strafe_left_180_seed42095,collision,strafe_left_180,42095
01243_drop_orbit_left_72_seed40243,/home/nvme04/workspace/world_model_phys/PHYS/world_model_phys/local_assets/data/physion/generated_v5/converted_stage1_v1/01243_drop_orbit_left_72_seed40243,drop,orbit_left_72,40243
04369_containment_orbit_left_44_seed43369,/home/nvme04/workspace/world_model_phys/PHYS/world_model_phys/local_assets/data/physion/generated_v5/converted_stage1_v1/04369_containment_orbit_left_44_seed43369,containment,orbit_left_44,43369
01704_drop_orbit_left_72_seed40704,/home/nvme04/workspace/world_model_phys/PHYS/world_model_phys/local_assets/data/physion/generated_v5/converted_stage1_v1/01704_drop_orbit_left_72_seed40704,drop,orbit_left_72,40704
03177_collision_strafe_left_180_seed42177,/home/nvme04/workspace/world_model_phys/PHYS/world_model_phys/local_assets/data/physion/generated_v5/converted_stage1_v1/03177_collision_strafe_left_180_seed42177,collision,strafe_left_180,42177
02914_collision_orbit_right_64_seed41914,/home/nvme04/workspace/world_model_phys/PHYS/world_model_phys/local_assets/data/physion/generated_v5/converted_stage1_v1/02914_collision_orbit_right_64_seed41914,collision,orbit_right_64,41914
02268_collision_orbit_right_64_seed41268,/home/nvme04/workspace/world_model_phys/PHYS/world_model_phys/local_assets/data/physion/generated_v5/converted_stage1_v1/02268_collision_orbit_right_64_seed41268,collision,orbit_right_64,41268
02740_collision_orbit_right_64_seed41740,/home/nvme04/workspace/world_model_phys/PHYS/world_model_phys/local_assets/data/physion/generated_v5/converted_stage1_v1/02740_collision_orbit_right_64_seed41740,collision,orbit_right_64,41740
02320_collision_orbit_right_64_seed41320,/home/nvme04/workspace/world_model_phys/PHYS/world_model_phys/local_assets/data/physion/generated_v5/converted_stage1_v1/02320_collision_orbit_right_64_seed41320,collision,orbit_right_64,41320
01347_drop_orbit_left_72_seed40347,/home/nvme04/workspace/world_model_phys/PHYS/world_model_phys/local_assets/data/physion/generated_v5/converted_stage1_v1/01347_drop_orbit_left_72_seed40347,drop,orbit_left_72,40347
02423_collision_strafe_left_180_seed41423,/home/nvme04/workspace/world_model_phys/PHYS/world_model_phys/local_assets/data/physion/generated_v5/converted_stage1_v1/02423_collision_strafe_left_180_seed41423,collision,strafe_left_180,41423
02601_collision_strafe_left_180_seed41601,/home/nvme04/workspace/world_model_phys/PHYS/world_model_phys/local_assets/data/physion/generated_v5/converted_stage1_v1/02601_collision_strafe_left_180_seed41601,collision,strafe_left_180,41601
03586_roll_orbit_right_60_seed42586,/home/nvme04/workspace/world_model_phys/PHYS/world_model_phys/local_assets/data/physion/generated_v5/converted_stage1_v1/03586_roll_orbit_right_60_seed42586,roll,orbit_right_60,42586
03932_roll_orbit_right_60_seed42932,/home/nvme04/workspace/world_model_phys/PHYS/world_model_phys/local_assets/data/physion/generated_v5/converted_stage1_v1/03932_roll_orbit_right_60_seed42932,roll,orbit_right_60,42932
01750_drop_orbit_left_72_seed40750,/home/nvme04/workspace/world_model_phys/PHYS/world_model_phys/local_assets/data/physion/generated_v5/converted_stage1_v1/01750_drop_orbit_left_72_seed40750,drop,orbit_left_72,40750
04208_containment_orbit_left_44_seed43208,/home/nvme04/workspace/world_model_phys/PHYS/world_model_phys/local_assets/data/physion/generated_v5/converted_stage1_v1/04208_containment_orbit_left_44_seed43208,containment,orbit_left_44,43208
04368_containment_orbit_left_44_seed43368,/home/nvme04/workspace/world_model_phys/PHYS/world_model_phys/local_assets/data/physion/generated_v5/converted_stage1_v1/04368_containment_orbit_left_44_seed43368,containment,orbit_left_44,43368
01428_drop_orbit_left_72_seed40428,/home/nvme04/workspace/world_model_phys/PHYS/world_model_phys/local_assets/data/physion/generated_v5/converted_stage1_v1/01428_drop_orbit_left_72_seed40428,drop,orbit_left_72,40428
02570_collision_orbit_right_64_seed41570,/home/nvme04/workspace/world_model_phys/PHYS/world_model_phys/local_assets/data/physion/generated_v5/converted_stage1_v1/02570_collision_orbit_right_64_seed41570,collision,orbit_right_64,41570
01393_drop_orbit_left_72_seed40393,/home/nvme04/workspace/world_model_phys/PHYS/world_model_phys/local_assets/data/physion/generated_v5/converted_stage1_v1/01393_drop_orbit_left_72_seed40393,drop,orbit_left_72,40393
02565_collision_strafe_left_180_seed41565,/home/nvme04/workspace/world_model_phys/PHYS/world_model_phys/local_assets/data/physion/generated_v5/converted_stage1_v1/02565_collision_strafe_left_180_seed41565,collision,strafe_left_180,41565
01789_drop_orbit_left_72_seed40789,/home/nvme04/workspace/world_model_phys/PHYS/world_model_phys/local_assets/data/physion/generated_v5/converted_stage1_v1/01789_drop_orbit_left_72_seed40789,drop,orbit_left_72,40789
01297_drop_orbit_left_72_seed40297,/home/nvme04/workspace/world_model_phys/PHYS/world_model_phys/local_assets/data/physion/generated_v5/converted_stage1_v1/01297_drop_orbit_left_72_seed40297,drop,orbit_left_72,40297
02738_collision_orbit_right_64_seed41738,/home/nvme04/workspace/world_model_phys/PHYS/world_model_phys/local_assets/data/physion/generated_v5/converted_stage1_v1/02738_collision_orbit_right_64_seed41738,collision,orbit_right_64,41738
03771_roll_orbit_right_60_seed42771,/home/nvme04/workspace/world_model_phys/PHYS/world_model_phys/local_assets/data/physion/generated_v5/converted_stage1_v1/03771_roll_orbit_right_60_seed42771,roll,orbit_right_60,42771
01276_drop_orbit_left_72_seed40276,/home/nvme04/workspace/world_model_phys/PHYS/world_model_phys/local_assets/data/physion/generated_v5/converted_stage1_v1/01276_drop_orbit_left_72_seed40276,drop,orbit_left_72,40276
02282_collision_orbit_right_64_seed41282,/home/nvme04/workspace/world_model_phys/PHYS/world_model_phys/local_assets/data/physion/generated_v5/converted_stage1_v1/02282_collision_orbit_right_64_seed41282,collision,orbit_right_64,41282
01733_drop_orbit_left_72_seed40733,/home/nvme04/workspace/world_model_phys/PHYS/world_model_phys/local_assets/data/physion/generated_v5/converted_stage1_v1/01733_drop_orbit_left_72_seed40733,drop,orbit_left_72,40733
01537_drop_orbit_left_72_seed40537,/home/nvme04/workspace/world_model_phys/PHYS/world_model_phys/local_assets/data/physion/generated_v5/converted_stage1_v1/01537_drop_orbit_left_72_seed40537,drop,orbit_left_72,40537
01613_drop_orbit_left_72_seed40613,/home/nvme04/workspace/world_model_phys/PHYS/world_model_phys/local_assets/data/physion/generated_v5/converted_stage1_v1/01613_drop_orbit_left_72_seed40613,drop,orbit_left_72,40613
03564_roll_orbit_right_60_seed42564,/home/nvme04/workspace/world_model_phys/PHYS/world_model_phys/local_assets/data/physion/generated_v5/converted_stage1_v1/03564_roll_orbit_right_60_seed42564,roll,orbit_right_60,42564
01952_drop_orbit_left_72_seed40952,/home/nvme04/workspace/world_model_phys/PHYS/world_model_phys/local_assets/data/physion/generated_v5/converted_stage1_v1/01952_drop_orbit_left_72_seed40952,drop,orbit_left_72,40952
02920_collision_orbit_right_64_seed41920,/home/nvme04/workspace/world_model_phys/PHYS/world_model_phys/local_assets/data/physion/generated_v5/converted_stage1_v1/02920_collision_orbit_right_64_seed41920,collision,orbit_right_64,41920
03734_roll_orbit_right_60_seed42734,/home/nvme04/workspace/world_model_phys/PHYS/world_model_phys/local_assets/data/physion/generated_v5/converted_stage1_v1/03734_roll_orbit_right_60_seed42734,roll,orbit_right_60,42734
02630_collision_orbit_right_64_seed41630,/home/nvme04/workspace/world_model_phys/PHYS/world_model_phys/local_assets/data/physion/generated_v5/converted_stage1_v1/02630_collision_orbit_right_64_seed41630,collision,orbit_right_64,41630
01860_drop_orbit_left_72_seed40860,/home/nvme04/workspace/world_model_phys/PHYS/world_model_phys/local_assets/data/physion/generated_v5/converted_stage1_v1/01860_drop_orbit_left_72_seed40860,drop,orbit_left_72,40860
02510_collision_orbit_right_64_seed41510,/home/nvme04/workspace/world_model_phys/PHYS/world_model_phys/local_assets/data/physion/generated_v5/converted_stage1_v1/02510_collision_orbit_right_64_seed41510,collision,orbit_right_64,41510
03348_collision_orbit_right_64_seed42348,/home/nvme04/workspace/world_model_phys/PHYS/world_model_phys/local_assets/data/physion/generated_v5/converted_stage1_v1/03348_collision_orbit_right_64_seed42348,collision,orbit_right_64,42348
02362_collision_orbit_right_64_seed41362,/home/nvme04/workspace/world_model_phys/PHYS/world_model_phys/local_assets/data/physion/generated_v5/converted_stage1_v1/02362_collision_orbit_right_64_seed41362,collision,orbit_right_64,41362
01499_drop_orbit_left_72_seed40499,/home/nvme04/workspace/world_model_phys/PHYS/world_model_phys/local_assets/data/physion/generated_v5/converted_stage1_v1/01499_drop_orbit_left_72_seed40499,drop,orbit_left_72,40499
03236_collision_orbit_right_64_seed42236,/home/nvme04/workspace/world_model_phys/PHYS/world_model_phys/local_assets/data/physion/generated_v5/converted_stage1_v1/03236_collision_orbit_right_64_seed42236,collision,orbit_right_64,42236
03164_collision_orbit_right_64_seed42164,/home/nvme04/workspace/world_model_phys/PHYS/world_model_phys/local_assets/data/physion/generated_v5/converted_stage1_v1/03164_collision_orbit_right_64_seed42164,collision,orbit_right_64,42164
04061_roll_orbit_right_60_seed43061,/home/nvme04/workspace/world_model_phys/PHYS/world_model_phys/local_assets/data/physion/generated_v5/converted_stage1_v1/04061_roll_orbit_right_60_seed43061,roll,orbit_right_60,43061
02682_collision_orbit_right_64_seed41682,/home/nvme04/workspace/world_model_phys/PHYS/world_model_phys/local_assets/data/physion/generated_v5/converted_stage1_v1/02682_collision_orbit_right_64_seed41682,collision,orbit_right_64,41682
03007_collision_strafe_left_180_seed42007,/home/nvme04/workspace/world_model_phys/PHYS/world_model_phys/local_assets/data/physion/generated_v5/converted_stage1_v1/03007_collision_strafe_left_180_seed42007,collision,strafe_left_180,42007
02809_collision_strafe_left_180_seed41809,/home/nvme04/workspace/world_model_phys/PHYS/world_model_phys/local_assets/data/physion/generated_v5/converted_stage1_v1/02809_collision_strafe_left_180_seed41809,collision,strafe_left_180,41809
03724_roll_orbit_right_60_seed42724,/home/nvme04/workspace/world_model_phys/PHYS/world_model_phys/local_assets/data/physion/generated_v5/converted_stage1_v1/03724_roll_orbit_right_60_seed42724,roll,orbit_right_60,42724
01831_drop_orbit_left_72_seed40831,/home/nvme04/workspace/world_model_phys/PHYS/world_model_phys/local_assets/data/physion/generated_v5/converted_stage1_v1/01831_drop_orbit_left_72_seed40831,drop,orbit_left_72,40831
02701_collision_strafe_left_180_seed41701,/home/nvme04/workspace/world_model_phys/PHYS/world_model_phys/local_assets/data/physion/generated_v5/converted_stage1_v1/02701_collision_strafe_left_180_seed41701,collision,strafe_left_180,41701
03325_collision_strafe_left_180_seed42325,/home/nvme04/workspace/world_model_phys/PHYS/world_model_phys/local_assets/data/physion/generated_v5/converted_stage1_v1/03325_collision_strafe_left_180_seed42325,collision,strafe_left_180,42325
03691_roll_orbit_right_60_seed42691,/home/nvme04/workspace/world_model_phys/PHYS/world_model_phys/local_assets/data/physion/generated_v5/converted_stage1_v1/03691_roll_orbit_right_60_seed42691,roll,orbit_right_60,42691
02791_collision_strafe_left_180_seed41791,/home/nvme04/workspace/world_model_phys/PHYS/world_model_phys/local_assets/data/physion/generated_v5/converted_stage1_v1/02791_collision_strafe_left_180_seed41791,collision,strafe_left_180,41791
01031_drop_orbit_left_72_seed40031,/home/nvme04/workspace/world_model_phys/PHYS/world_model_phys/local_assets/data/physion/generated_v5/converted_stage1_v1/01031_drop_orbit_left_72_seed40031,drop,orbit_left_72,40031
03781_roll_orbit_right_60_seed42781,/home/nvme04/workspace/world_model_phys/PHYS/world_model_phys/local_assets/data/physion/generated_v5/converted_stage1_v1/03781_roll_orbit_right_60_seed42781,roll,orbit_right_60,42781
01430_drop_orbit_left_72_seed40430,/home/nvme04/workspace/world_model_phys/PHYS/world_model_phys/local_assets/data/physion/generated_v5/converted_stage1_v1/01430_drop_orbit_left_72_seed40430,drop,orbit_left_72,40430
01062_drop_orbit_left_72_seed40062,/home/nvme04/workspace/world_model_phys/PHYS/world_model_phys/local_assets/data/physion/generated_v5/converted_stage1_v1/01062_drop_orbit_left_72_seed40062,drop,orbit_left_72,40062
03753_roll_orbit_right_60_seed42753,/home/nvme04/workspace/world_model_phys/PHYS/world_model_phys/local_assets/data/physion/generated_v5/converted_stage1_v1/03753_roll_orbit_right_60_seed42753,roll,orbit_right_60,42753
02440_collision_orbit_right_64_seed41440,/home/nvme04/workspace/world_model_phys/PHYS/world_model_phys/local_assets/data/physion/generated_v5/converted_stage1_v1/02440_collision_orbit_right_64_seed41440,collision,orbit_right_64,41440
04342_containment_orbit_left_44_seed43342,/home/nvme04/workspace/world_model_phys/PHYS/world_model_phys/local_assets/data/physion/generated_v5/converted_stage1_v1/04342_containment_orbit_left_44_seed43342,containment,orbit_left_44,43342
02075_drop_orbit_left_72_seed41075,/home/nvme04/workspace/world_model_phys/PHYS/world_model_phys/local_assets/data/physion/generated_v5/converted_stage1_v1/02075_drop_orbit_left_72_seed41075,drop,orbit_left_72,41075
02131_drop_orbit_left_72_seed41131,/home/nvme04/workspace/world_model_phys/PHYS/world_model_phys/local_assets/data/physion/generated_v5/converted_stage1_v1/02131_drop_orbit_left_72_seed41131,drop,orbit_left_72,41131
03410_roll_orbit_right_60_seed42410,/home/nvme04/workspace/world_model_phys/PHYS/world_model_phys/local_assets/data/physion/generated_v5/converted_stage1_v1/03410_roll_orbit_right_60_seed42410,roll,orbit_right_60,42410
02200_collision_orbit_right_64_seed41200,/home/nvme04/workspace/world_model_phys/PHYS/world_model_phys/local_assets/data/physion/generated_v5/converted_stage1_v1/02200_collision_orbit_right_64_seed41200,collision,orbit_right_64,41200
01617_drop_orbit_left_72_seed40617,/home/nvme04/workspace/world_model_phys/PHYS/world_model_phys/local_assets/data/physion/generated_v5/converted_stage1_v1/01617_drop_orbit_left_72_seed40617,drop,orbit_left_72,40617
01524_drop_orbit_left_72_seed40524,/home/nvme04/workspace/world_model_phys/PHYS/world_model_phys/local_assets/data/physion/generated_v5/converted_stage1_v1/01524_drop_orbit_left_72_seed40524,drop,orbit_left_72,40524
01007_drop_orbit_left_72_seed40007,/home/nvme04/workspace/world_model_phys/PHYS/world_model_phys/local_assets/data/physion/generated_v5/converted_stage1_v1/01007_drop_orbit_left_72_seed40007,drop,orbit_left_72,40007
02608_collision_orbit_right_64_seed41608,/home/nvme04/workspace/world_model_phys/PHYS/world_model_phys/local_assets/data/physion/generated_v5/converted_stage1_v1/02608_collision_orbit_right_64_seed41608,collision,orbit_right_64,41608
03345_collision_strafe_left_180_seed42345,/home/nvme04/workspace/world_model_phys/PHYS/world_model_phys/local_assets/data/physion/generated_v5/converted_stage1_v1/03345_collision_strafe_left_180_seed42345,collision,strafe_left_180,42345
01357_drop_orbit_left_72_seed40357,/home/nvme04/workspace/world_model_phys/PHYS/world_model_phys/local_assets/data/physion/generated_v5/converted_stage1_v1/01357_drop_orbit_left_72_seed40357,drop,orbit_left_72,40357
02498_collision_orbit_right_64_seed41498,/home/nvme04/workspace/world_model_phys/PHYS/world_model_phys/local_assets/data/physion/generated_v5/converted_stage1_v1/02498_collision_orbit_right_64_seed41498,collision,orbit_right_64,41498
01304_drop_orbit_left_72_seed40304,/home/nvme04/workspace/world_model_phys/PHYS/world_model_phys/local_assets/data/physion/generated_v5/converted_stage1_v1/01304_drop_orbit_left_72_seed40304,drop,orbit_left_72,40304
02795_collision_strafe_left_180_seed41795,/home/nvme04/workspace/world_model_phys/PHYS/world_model_phys/local_assets/data/physion/generated_v5/converted_stage1_v1/02795_collision_strafe_left_180_seed41795,collision,strafe_left_180,41795
03521_roll_orbit_right_60_seed42521,/home/nvme04/workspace/world_model_phys/PHYS/world_model_phys/local_assets/data/physion/generated_v5/converted_stage1_v1/03521_roll_orbit_right_60_seed42521,roll,orbit_right_60,42521
01264_drop_orbit_left_72_seed40264,/home/nvme04/workspace/world_model_phys/PHYS/world_model_phys/local_assets/data/physion/generated_v5/converted_stage1_v1/01264_drop_orbit_left_72_seed40264,drop,orbit_left_72,40264
03815_roll_orbit_right_60_seed42815,/home/nvme04/workspace/world_model_phys/PHYS/world_model_phys/local_assets/data/physion/generated_v5/converted_stage1_v1/03815_roll_orbit_right_60_seed42815,roll,orbit_right_60,42815
03093_collision_strafe_left_180_seed42093,/home/nvme04/workspace/world_model_phys/PHYS/world_model_phys/local_assets/data/physion/generated_v5/converted_stage1_v1/03093_collision_strafe_left_180_seed42093,collision,strafe_left_180,42093
02007_drop_orbit_left_72_seed41007,/home/nvme04/workspace/world_model_phys/PHYS/world_model_phys/local_assets/data/physion/generated_v5/converted_stage1_v1/02007_drop_orbit_left_72_seed41007,drop,orbit_left_72,41007
01595_drop_orbit_left_72_seed40595,/home/nvme04/workspace/world_model_phys/PHYS/world_model_phys/local_assets/data/physion/generated_v5/converted_stage1_v1/01595_drop_orbit_left_72_seed40595,drop,orbit_left_72,40595
04328_containment_orbit_left_44_seed43328,/home/nvme04/workspace/world_model_phys/PHYS/world_model_phys/local_assets/data/physion/generated_v5/converted_stage1_v1/04328_containment_orbit_left_44_seed43328,containment,orbit_left_44,43328
02836_collision_orbit_right_64_seed41836,/home/nvme04/workspace/world_model_phys/PHYS/world_model_phys/local_assets/data/physion/generated_v5/converted_stage1_v1/02836_collision_orbit_right_64_seed41836,collision,orbit_right_64,41836
01594_drop_orbit_left_72_seed40594,/home/nvme04/workspace/world_model_phys/PHYS/world_model_phys/local_assets/data/physion/generated_v5/converted_stage1_v1/01594_drop_orbit_left_72_seed40594,drop,orbit_left_72,40594
02557_collision_strafe_left_180_seed41557,/home/nvme04/workspace/world_model_phys/PHYS/world_model_phys/local_assets/data/physion/generated_v5/converted_stage1_v1/02557_collision_strafe_left_180_seed41557,collision,strafe_left_180,41557
02217_collision_strafe_left_180_seed41217,/home/nvme04/workspace/world_model_phys/PHYS/world_model_phys/local_assets/data/physion/generated_v5/converted_stage1_v1/02217_collision_strafe_left_180_seed41217,collision,strafe_left_180,41217
01291_drop_orbit_left_72_seed40291,/home/nvme04/workspace/world_model_phys/PHYS/world_model_phys/local_assets/data/physion/generated_v5/converted_stage1_v1/01291_drop_orbit_left_72_seed40291,drop,orbit_left_72,40291
03420_roll_orbit_right_60_seed42420,/home/nvme04/workspace/world_model_phys/PHYS/world_model_phys/local_assets/data/physion/generated_v5/converted_stage1_v1/03420_roll_orbit_right_60_seed42420,roll,orbit_right_60,42420
01398_drop_orbit_left_72_seed40398,/home/nvme04/workspace/world_model_phys/PHYS/world_model_phys/local_assets/data/physion/generated_v5/converted_stage1_v1/01398_drop_orbit_left_72_seed40398,drop,orbit_left_72,40398
02534_collision_orbit_right_64_seed41534,/home/nvme04/workspace/world_model_phys/PHYS/world_model_phys/local_assets/data/physion/generated_v5/converted_stage1_v1/02534_collision_orbit_right_64_seed41534,collision,orbit_right_64,41534
01629_drop_orbit_left_72_seed40629,/home/nvme04/workspace/world_model_phys/PHYS/world_model_phys/local_assets/data/physion/generated_v5/converted_stage1_v1/01629_drop_orbit_left_72_seed40629,drop,orbit_left_72,40629
02680_collision_orbit_right_64_seed41680,/home/nvme04/workspace/world_model_phys/PHYS/world_model_phys/local_assets/data/physion/generated_v5/converted_stage1_v1/02680_collision_orbit_right_64_seed41680,collision,orbit_right_64,41680
02814_collision_orbit_right_64_seed41814,/home/nvme04/workspace/world_model_phys/PHYS/world_model_phys/local_assets/data/physion/generated_v5/converted_stage1_v1/02814_collision_orbit_right_64_seed41814,collision,orbit_right_64,41814
04394_containment_orbit_left_44_seed43394,/home/nvme04/workspace/world_model_phys/PHYS/world_model_phys/local_assets/data/physion/generated_v5/converted_stage1_v1/04394_containment_orbit_left_44_seed43394,containment,orbit_left_44,43394
03175_collision_strafe_left_180_seed42175,/home/nvme04/workspace/world_model_phys/PHYS/world_model_phys/local_assets/data/physion/generated_v5/converted_stage1_v1/03175_collision_strafe_left_180_seed42175,collision,strafe_left_180,42175
01728_drop_orbit_left_72_seed40728,/home/nvme04/workspace/world_model_phys/PHYS/world_model_phys/local_assets/data/physion/generated_v5/converted_stage1_v1/01728_drop_orbit_left_72_seed40728,drop,orbit_left_72,40728
02470_collision_orbit_right_64_seed41470,/home/nvme04/workspace/world_model_phys/PHYS/world_model_phys/local_assets/data/physion/generated_v5/converted_stage1_v1/02470_collision_orbit_right_64_seed41470,collision,orbit_right_64,41470
01370_drop_orbit_left_72_seed40370,/home/nvme04/workspace/world_model_phys/PHYS/world_model_phys/local_assets/data/physion/generated_v5/converted_stage1_v1/01370_drop_orbit_left_72_seed40370,drop,orbit_left_72,40370
02911_collision_strafe_left_180_seed41911,/home/nvme04/workspace/world_model_phys/PHYS/world_model_phys/local_assets/data/physion/generated_v5/converted_stage1_v1/02911_collision_strafe_left_180_seed41911,collision,strafe_left_180,41911
01639_drop_orbit_left_72_seed40639,/home/nvme04/workspace/world_model_phys/PHYS/world_model_phys/local_assets/data/physion/generated_v5/converted_stage1_v1/01639_drop_orbit_left_72_seed40639,drop,orbit_left_72,40639
03057_collision_strafe_left_180_seed42057,/home/nvme04/workspace/world_model_phys/PHYS/world_model_phys/local_assets/data/physion/generated_v5/converted_stage1_v1/03057_collision_strafe_left_180_seed42057,collision,strafe_left_180,42057
02699_collision_strafe_left_180_seed41699,/home/nvme04/workspace/world_model_phys/PHYS/world_model_phys/local_assets/data/physion/generated_v5/converted_stage1_v1/02699_collision_strafe_left_180_seed41699,collision,strafe_left_180,41699
03904_roll_orbit_right_60_seed42904,/home/nvme04/workspace/world_model_phys/PHYS/world_model_phys/local_assets/data/physion/generated_v5/converted_stage1_v1/03904_roll_orbit_right_60_seed42904,roll,orbit_right_60,42904
02767_collision_strafe_left_180_seed41767,/home/nvme04/workspace/world_model_phys/PHYS/world_model_phys/local_assets/data/physion/generated_v5/converted_stage1_v1/02767_collision_strafe_left_180_seed41767,collision,strafe_left_180,41767
02648_collision_orbit_right_64_seed41648,/home/nvme04/workspace/world_model_phys/PHYS/world_model_phys/local_assets/data/physion/generated_v5/converted_stage1_v1/02648_collision_orbit_right_64_seed41648,collision,orbit_right_64,41648
01849_drop_orbit_left_72_seed40849,/home/nvme04/workspace/world_model_phys/PHYS/world_model_phys/local_assets/data/physion/generated_v5/converted_stage1_v1/01849_drop_orbit_left_72_seed40849,drop,orbit_left_72,40849
01516_drop_orbit_left_72_seed40516,/home/nvme04/workspace/world_model_phys/PHYS/world_model_phys/local_assets/data/physion/generated_v5/converted_stage1_v1/01516_drop_orbit_left_72_seed40516,drop,orbit_left_72,40516
03887_roll_orbit_right_60_seed42887,/home/nvme04/workspace/world_model_phys/PHYS/world_model_phys/local_assets/data/physion/generated_v5/converted_stage1_v1/03887_roll_orbit_right_60_seed42887,roll,orbit_right_60,42887
01002_drop_orbit_left_72_seed40002,/home/nvme04/workspace/world_model_phys/PHYS/world_model_phys/local_assets/data/physion/generated_v5/converted_stage1_v1/01002_drop_orbit_left_72_seed40002,drop,orbit_left_72,40002
02219_collision_strafe_left_180_seed41219,/home/nvme04/workspace/world_model_phys/PHYS/world_model_phys/local_assets/data/physion/generated_v5/converted_stage1_v1/02219_collision_strafe_left_180_seed41219,collision,strafe_left_180,41219
02793_collision_strafe_left_180_seed41793,/home/nvme04/workspace/world_model_phys/PHYS/world_model_phys/local_assets/data/physion/generated_v5/converted_stage1_v1/02793_collision_strafe_left_180_seed41793,collision,strafe_left_180,41793
02569_collision_strafe_left_180_seed41569,/home/nvme04/workspace/world_model_phys/PHYS/world_model_phys/local_assets/data/physion/generated_v5/converted_stage1_v1/02569_collision_strafe_left_180_seed41569,collision,strafe_left_180,41569
03864_roll_orbit_right_60_seed42864,/home/nvme04/workspace/world_model_phys/PHYS/world_model_phys/local_assets/data/physion/generated_v5/converted_stage1_v1/03864_roll_orbit_right_60_seed42864,roll,orbit_right_60,42864
02753_collision_strafe_left_180_seed41753,/home/nvme04/workspace/world_model_phys/PHYS/world_model_phys/local_assets/data/physion/generated_v5/converted_stage1_v1/02753_collision_strafe_left_180_seed41753,collision,strafe_left_180,41753
02164_drop_orbit_left_72_seed41164,/home/nvme04/workspace/world_model_phys/PHYS/world_model_phys/local_assets/data/physion/generated_v5/converted_stage1_v1/02164_drop_orbit_left_72_seed41164,drop,orbit_left_72,41164
03645_roll_orbit_right_60_seed42645,/home/nvme04/workspace/world_model_phys/PHYS/world_model_phys/local_assets/data/physion/generated_v5/converted_stage1_v1/03645_roll_orbit_right_60_seed42645,roll,orbit_right_60,42645
02884_collision_orbit_right_64_seed41884,/home/nvme04/workspace/world_model_phys/PHYS/world_model_phys/local_assets/data/physion/generated_v5/converted_stage1_v1/02884_collision_orbit_right_64_seed41884,collision,orbit_right_64,41884
03223_collision_strafe_left_180_seed42223,/home/nvme04/workspace/world_model_phys/PHYS/world_model_phys/local_assets/data/physion/generated_v5/converted_stage1_v1/03223_collision_strafe_left_180_seed42223,collision,strafe_left_180,42223
01336_drop_orbit_left_72_seed40336,/home/nvme04/workspace/world_model_phys/PHYS/world_model_phys/local_assets/data/physion/generated_v5/converted_stage1_v1/01336_drop_orbit_left_72_seed40336,drop,orbit_left_72,40336
03276_collision_orbit_right_64_seed42276,/home/nvme04/workspace/world_model_phys/PHYS/world_model_phys/local_assets/data/physion/generated_v5/converted_stage1_v1/03276_collision_orbit_right_64_seed42276,collision,orbit_right_64,42276
03075_collision_strafe_left_180_seed42075,/home/nvme04/workspace/world_model_phys/PHYS/world_model_phys/local_assets/data/physion/generated_v5/converted_stage1_v1/03075_collision_strafe_left_180_seed42075,collision,strafe_left_180,42075
02661_collision_strafe_left_180_seed41661,/home/nvme04/workspace/world_model_phys/PHYS/world_model_phys/local_assets/data/physion/generated_v5/converted_stage1_v1/02661_collision_strafe_left_180_seed41661,collision,strafe_left_180,41661
04040_roll_orbit_right_60_seed43040,/home/nvme04/workspace/world_model_phys/PHYS/world_model_phys/local_assets/data/physion/generated_v5/converted_stage1_v1/04040_roll_orbit_right_60_seed43040,roll,orbit_right_60,43040
01419_drop_orbit_left_72_seed40419,/home/nvme04/workspace/world_model_phys/PHYS/world_model_phys/local_assets/data/physion/generated_v5/converted_stage1_v1/01419_drop_orbit_left_72_seed40419,drop,orbit_left_72,40419
03568_roll_orbit_right_60_seed42568,/home/nvme04/workspace/world_model_phys/PHYS/world_model_phys/local_assets/data/physion/generated_v5/converted_stage1_v1/03568_roll_orbit_right_60_seed42568,roll,orbit_right_60,42568
02475_collision_strafe_left_180_seed41475,/home/nvme04/workspace/world_model_phys/PHYS/world_model_phys/local_assets/data/physion/generated_v5/converted_stage1_v1/02475_collision_strafe_left_180_seed41475,collision,strafe_left_180,41475
03704_roll_orbit_right_60_seed42704,/home/nvme04/workspace/world_model_phys/PHYS/world_model_phys/local_assets/data/physion/generated_v5/converted_stage1_v1/03704_roll_orbit_right_60_seed42704,roll,orbit_right_60,42704
03654_roll_orbit_right_60_seed42654,/home/nvme04/workspace/world_model_phys/PHYS/world_model_phys/local_assets/data/physion/generated_v5/converted_stage1_v1/03654_roll_orbit_right_60_seed42654,roll,orbit_right_60,42654
03910_roll_orbit_right_60_seed42910,/home/nvme04/workspace/world_model_phys/PHYS/world_model_phys/local_assets/data/physion/generated_v5/converted_stage1_v1/03910_roll_orbit_right_60_seed42910,roll,orbit_right_60,42910
01364_drop_orbit_left_72_seed40364,/home/nvme04/workspace/world_model_phys/PHYS/world_model_phys/local_assets/data/physion/generated_v5/converted_stage1_v1/01364_drop_orbit_left_72_seed40364,drop,orbit_left_72,40364
03059_collision_strafe_left_180_seed42059,/home/nvme04/workspace/world_model_phys/PHYS/world_model_phys/local_assets/data/physion/generated_v5/converted_stage1_v1/03059_collision_strafe_left_180_seed42059,collision,strafe_left_180,42059
03023_collision_strafe_left_180_seed42023,/home/nvme04/workspace/world_model_phys/PHYS/world_model_phys/local_assets/data/physion/generated_v5/converted_stage1_v1/03023_collision_strafe_left_180_seed42023,collision,strafe_left_180,42023
01069_drop_orbit_left_72_seed40069,/home/nvme04/workspace/world_model_phys/PHYS/world_model_phys/local_assets/data/physion/generated_v5/converted_stage1_v1/01069_drop_orbit_left_72_seed40069,drop,orbit_left_72,40069
04373_containment_orbit_left_44_seed43373,/home/nvme04/workspace/world_model_phys/PHYS/world_model_phys/local_assets/data/physion/generated_v5/converted_stage1_v1/04373_containment_orbit_left_44_seed43373,containment,orbit_left_44,43373
02109_drop_orbit_left_72_seed41109,/home/nvme04/workspace/world_model_phys/PHYS/world_model_phys/local_assets/data/physion/generated_v5/converted_stage1_v1/02109_drop_orbit_left_72_seed41109,drop,orbit_left_72,41109
03092_collision_orbit_right_64_seed42092,/home/nvme04/workspace/world_model_phys/PHYS/world_model_phys/local_assets/data/physion/generated_v5/converted_stage1_v1/03092_collision_orbit_right_64_seed42092,collision,orbit_right_64,42092
01854_drop_orbit_left_72_seed40854,/home/nvme04/workspace/world_model_phys/PHYS/world_model_phys/local_assets/data/physion/generated_v5/converted_stage1_v1/01854_drop_orbit_left_72_seed40854,drop,orbit_left_72,40854
04036_roll_orbit_right_60_seed43036,/home/nvme04/workspace/world_model_phys/PHYS/world_model_phys/local_assets/data/physion/generated_v5/converted_stage1_v1/04036_roll_orbit_right_60_seed43036,roll,orbit_right_60,43036
04323_containment_orbit_left_44_seed43323,/home/nvme04/workspace/world_model_phys/PHYS/world_model_phys/local_assets/data/physion/generated_v5/converted_stage1_v1/04323_containment_orbit_left_44_seed43323,containment,orbit_left_44,43323
02537_collision_strafe_left_180_seed41537,/home/nvme04/workspace/world_model_phys/PHYS/world_model_phys/local_assets/data/physion/generated_v5/converted_stage1_v1/02537_collision_strafe_left_180_seed41537,collision,strafe_left_180,41537
01776_drop_orbit_left_72_seed40776,/home/nvme04/workspace/world_model_phys/PHYS/world_model_phys/local_assets/data/physion/generated_v5/converted_stage1_v1/01776_drop_orbit_left_72_seed40776,drop,orbit_left_72,40776
04035_roll_orbit_right_60_seed43035,/home/nvme04/workspace/world_model_phys/PHYS/world_model_phys/local_assets/data/physion/generated_v5/converted_stage1_v1/04035_roll_orbit_right_60_seed43035,roll,orbit_right_60,43035
03772_roll_orbit_right_60_seed42772,/home/nvme04/workspace/world_model_phys/PHYS/world_model_phys/local_assets/data/physion/generated_v5/converted_stage1_v1/03772_roll_orbit_right_60_seed42772,roll,orbit_right_60,42772
01525_drop_orbit_left_72_seed40525,/home/nvme04/workspace/world_model_phys/PHYS/world_model_phys/local_assets/data/physion/generated_v5/converted_stage1_v1/01525_drop_orbit_left_72_seed40525,drop,orbit_left_72,40525
02754_collision_orbit_right_64_seed41754,/home/nvme04/workspace/world_model_phys/PHYS/world_model_phys/local_assets/data/physion/generated_v5/converted_stage1_v1/02754_collision_orbit_right_64_seed41754,collision,orbit_right_64,41754
03217_collision_strafe_left_180_seed42217,/home/nvme04/workspace/world_model_phys/PHYS/world_model_phys/local_assets/data/physion/generated_v5/converted_stage1_v1/03217_collision_strafe_left_180_seed42217,collision,strafe_left_180,42217
03881_roll_orbit_right_60_seed42881,/home/nvme04/workspace/world_model_phys/PHYS/world_model_phys/local_assets/data/physion/generated_v5/converted_stage1_v1/03881_roll_orbit_right_60_seed42881,roll,orbit_right_60,42881
02545_collision_strafe_left_180_seed41545,/home/nvme04/workspace/world_model_phys/PHYS/world_model_phys/local_assets/data/physion/generated_v5/converted_stage1_v1/02545_collision_strafe_left_180_seed41545,collision,strafe_left_180,41545
01934_drop_orbit_left_72_seed40934,/home/nvme04/workspace/world_model_phys/PHYS/world_model_phys/local_assets/data/physion/generated_v5/converted_stage1_v1/01934_drop_orbit_left_72_seed40934,drop,orbit_left_72,40934
02637_collision_strafe_left_180_seed41637,/home/nvme04/workspace/world_model_phys/PHYS/world_model_phys/local_assets/data/physion/generated_v5/converted_stage1_v1/02637_collision_strafe_left_180_seed41637,collision,strafe_left_180,41637
03672_roll_orbit_right_60_seed42672,/home/nvme04/workspace/world_model_phys/PHYS/world_model_phys/local_assets/data/physion/generated_v5/converted_stage1_v1/03672_roll_orbit_right_60_seed42672,roll,orbit_right_60,42672
02189_drop_orbit_left_72_seed41189,/home/nvme04/workspace/world_model_phys/PHYS/world_model_phys/local_assets/data/physion/generated_v5/converted_stage1_v1/02189_drop_orbit_left_72_seed41189,drop,orbit_left_72,41189
01072_drop_orbit_left_72_seed40072,/home/nvme04/workspace/world_model_phys/PHYS/world_model_phys/local_assets/data/physion/generated_v5/converted_stage1_v1/01072_drop_orbit_left_72_seed40072,drop,orbit_left_72,40072
01656_drop_orbit_left_72_seed40656,/home/nvme04/workspace/world_model_phys/PHYS/world_model_phys/local_assets/data/physion/generated_v5/converted_stage1_v1/01656_drop_orbit_left_72_seed40656,drop,orbit_left_72,40656
04380_containment_orbit_left_44_seed43380,/home/nvme04/workspace/world_model_phys/PHYS/world_model_phys/local_assets/data/physion/generated_v5/converted_stage1_v1/04380_containment_orbit_left_44_seed43380,containment,orbit_left_44,43380
02210_collision_orbit_right_64_seed41210,/home/nvme04/workspace/world_model_phys/PHYS/world_model_phys/local_assets/data/physion/generated_v5/converted_stage1_v1/02210_collision_orbit_right_64_seed41210,collision,orbit_right_64,41210
03342_collision_orbit_right_64_seed42342,/home/nvme04/workspace/world_model_phys/PHYS/world_model_phys/local_assets/data/physion/generated_v5/converted_stage1_v1/03342_collision_orbit_right_64_seed42342,collision,orbit_right_64,42342
01344_drop_orbit_left_72_seed40344,/home/nvme04/workspace/world_model_phys/PHYS/world_model_phys/local_assets/data/physion/generated_v5/converted_stage1_v1/01344_drop_orbit_left_72_seed40344,drop,orbit_left_72,40344
01030_drop_orbit_left_72_seed40030,/home/nvme04/workspace/world_model_phys/PHYS/world_model_phys/local_assets/data/physion/generated_v5/converted_stage1_v1/01030_drop_orbit_left_72_seed40030,drop,orbit_left_72,40030
02252_collision_orbit_right_64_seed41252,/home/nvme04/workspace/world_model_phys/PHYS/world_model_phys/local_assets/data/physion/generated_v5/converted_stage1_v1/02252_collision_orbit_right_64_seed41252,collision,orbit_right_64,41252
02175_drop_orbit_left_72_seed41175,/home/nvme04/workspace/world_model_phys/PHYS/world_model_phys/local_assets/data/physion/generated_v5/converted_stage1_v1/02175_drop_orbit_left_72_seed41175,drop,orbit_left_72,41175
03805_roll_orbit_right_60_seed42805,/home/nvme04/workspace/world_model_phys/PHYS/world_model_phys/local_assets/data/physion/generated_v5/converted_stage1_v1/03805_roll_orbit_right_60_seed42805,roll,orbit_right_60,42805
02522_collision_orbit_right_64_seed41522,/home/nvme04/workspace/world_model_phys/PHYS/world_model_phys/local_assets/data/physion/generated_v5/converted_stage1_v1/02522_collision_orbit_right_64_seed41522,collision,orbit_right_64,41522
04231_containment_orbit_left_44_seed43231,/home/nvme04/workspace/world_model_phys/PHYS/world_model_phys/local_assets/data/physion/generated_v5/converted_stage1_v1/04231_containment_orbit_left_44_seed43231,containment,orbit_left_44,43231
01395_drop_orbit_left_72_seed40395,/home/nvme04/workspace/world_model_phys/PHYS/world_model_phys/local_assets/data/physion/generated_v5/converted_stage1_v1/01395_drop_orbit_left_72_seed40395,drop,orbit_left_72,40395
03395_collision_strafe_left_180_seed42395,/home/nvme04/workspace/world_model_phys/PHYS/world_model_phys/local_assets/data/physion/generated_v5/converted_stage1_v1/03395_collision_strafe_left_180_seed42395,collision,strafe_left_180,42395
02818_collision_orbit_right_64_seed41818,/home/nvme04/workspace/world_model_phys/PHYS/world_model_phys/local_assets/data/physion/generated_v5/converted_stage1_v1/02818_collision_orbit_right_64_seed41818,collision,orbit_right_64,41818
02650_collision_orbit_right_64_seed41650,/home/nvme04/workspace/world_model_phys/PHYS/world_model_phys/local_assets/data/physion/generated_v5/converted_stage1_v1/02650_collision_orbit_right_64_seed41650,collision,orbit_right_64,41650
03986_roll_orbit_right_60_seed42986,/home/nvme04/workspace/world_model_phys/PHYS/world_model_phys/local_assets/data/physion/generated_v5/converted_stage1_v1/03986_roll_orbit_right_60_seed42986,roll,orbit_right_60,42986
01480_drop_orbit_left_72_seed40480,/home/nvme04/workspace/world_model_phys/PHYS/world_model_phys/local_assets/data/physion/generated_v5/converted_stage1_v1/01480_drop_orbit_left_72_seed40480,drop,orbit_left_72,40480
01078_drop_orbit_left_72_seed40078,/home/nvme04/workspace/world_model_phys/PHYS/world_model_phys/local_assets/data/physion/generated_v5/converted_stage1_v1/01078_drop_orbit_left_72_seed40078,drop,orbit_left_72,40078
03598_roll_orbit_right_60_seed42598,/home/nvme04/workspace/world_model_phys/PHYS/world_model_phys/local_assets/data/physion/generated_v5/converted_stage1_v1/03598_roll_orbit_right_60_seed42598,roll,orbit_right_60,42598
01141_drop_orbit_left_72_seed40141,/home/nvme04/workspace/world_model_phys/PHYS/world_model_phys/local_assets/data/physion/generated_v5/converted_stage1_v1/01141_drop_orbit_left_72_seed40141,drop,orbit_left_72,40141
04050_roll_orbit_right_60_seed43050,/home/nvme04/workspace/world_model_phys/PHYS/world_model_phys/local_assets/data/physion/generated_v5/converted_stage1_v1/04050_roll_orbit_right_60_seed43050,roll,orbit_right_60,43050
02429_collision_strafe_left_180_seed41429,/home/nvme04/workspace/world_model_phys/PHYS/world_model_phys/local_assets/data/physion/generated_v5/converted_stage1_v1/02429_collision_strafe_left_180_seed41429,collision,strafe_left_180,41429
02478_collision_orbit_right_64_seed41478,/home/nvme04/workspace/world_model_phys/PHYS/world_model_phys/local_assets/data/physion/generated_v5/converted_stage1_v1/02478_collision_orbit_right_64_seed41478,collision,orbit_right_64,41478
04018_roll_orbit_right_60_seed43018,/home/nvme04/workspace/world_model_phys/PHYS/world_model_phys/local_assets/data/physion/generated_v5/converted_stage1_v1/04018_roll_orbit_right_60_seed43018,roll,orbit_right_60,43018
03964_roll_orbit_right_60_seed42964,/home/nvme04/workspace/world_model_phys/PHYS/world_model_phys/local_assets/data/physion/generated_v5/converted_stage1_v1/03964_roll_orbit_right_60_seed42964,roll,orbit_right_60,42964
01681_drop_orbit_left_72_seed40681,/home/nvme04/workspace/world_model_phys/PHYS/world_model_phys/local_assets/data/physion/generated_v5/converted_stage1_v1/01681_drop_orbit_left_72_seed40681,drop,orbit_left_72,40681
02434_collision_orbit_right_64_seed41434,/home/nvme04/workspace/world_model_phys/PHYS/world_model_phys/local_assets/data/physion/generated_v5/converted_stage1_v1/02434_collision_orbit_right_64_seed41434,collision,orbit_right_64,41434
01942_drop_orbit_left_72_seed40942,/home/nvme04/workspace/world_model_phys/PHYS/world_model_phys/local_assets/data/physion/generated_v5/converted_stage1_v1/01942_drop_orbit_left_72_seed40942,drop,orbit_left_72,40942
01502_drop_orbit_left_72_seed40502,/home/nvme04/workspace/world_model_phys/PHYS/world_model_phys/local_assets/data/physion/generated_v5/converted_stage1_v1/01502_drop_orbit_left_72_seed40502,drop,orbit_left_72,40502
03228_collision_orbit_right_64_seed42228,/home/nvme04/workspace/world_model_phys/PHYS/world_model_phys/local_assets/data/physion/generated_v5/converted_stage1_v1/03228_collision_orbit_right_64_seed42228,collision,orbit_right_64,42228
03557_roll_orbit_right_60_seed42557,/home/nvme04/workspace/world_model_phys/PHYS/world_model_phys/local_assets/data/physion/generated_v5/converted_stage1_v1/03557_roll_orbit_right_60_seed42557,roll,orbit_right_60,42557
01244_drop_orbit_left_72_seed40244,/home/nvme04/workspace/world_model_phys/PHYS/world_model_phys/local_assets/data/physion/generated_v5/converted_stage1_v1/01244_drop_orbit_left_72_seed40244,drop,orbit_left_72,40244
02810_collision_orbit_right_64_seed41810,/home/nvme04/workspace/world_model_phys/PHYS/world_model_phys/local_assets/data/physion/generated_v5/converted_stage1_v1/02810_collision_orbit_right_64_seed41810,collision,orbit_right_64,41810
04275_containment_orbit_left_44_seed43275,/home/nvme04/workspace/world_model_phys/PHYS/world_model_phys/local_assets/data/physion/generated_v5/converted_stage1_v1/04275_containment_orbit_left_44_seed43275,containment,orbit_left_44,43275
01008_drop_orbit_left_72_seed40008,/home/nvme04/workspace/world_model_phys/PHYS/world_model_phys/local_assets/data/physion/generated_v5/converted_stage1_v1/01008_drop_orbit_left_72_seed40008,drop,orbit_left_72,40008
03066_collision_orbit_right_64_seed42066,/home/nvme04/workspace/world_model_phys/PHYS/world_model_phys/local_assets/data/physion/generated_v5/converted_stage1_v1/03066_collision_orbit_right_64_seed42066,collision,orbit_right_64,42066
01026_drop_orbit_left_72_seed40026,/home/nvme04/workspace/world_model_phys/PHYS/world_model_phys/local_assets/data/physion/generated_v5/converted_stage1_v1/01026_drop_orbit_left_72_seed40026,drop,orbit_left_72,40026
02286_collision_orbit_right_64_seed41286,/home/nvme04/workspace/world_model_phys/PHYS/world_model_phys/local_assets/data/physion/generated_v5/converted_stage1_v1/02286_collision_orbit_right_64_seed41286,collision,orbit_right_64,41286
03768_roll_orbit_right_60_seed42768,/home/nvme04/workspace/world_model_phys/PHYS/world_model_phys/local_assets/data/physion/generated_v5/converted_stage1_v1/03768_roll_orbit_right_60_seed42768,roll,orbit_right_60,42768
02073_drop_orbit_left_72_seed41073,/home/nvme04/workspace/world_model_phys/PHYS/world_model_phys/local_assets/data/physion/generated_v5/converted_stage1_v1/02073_drop_orbit_left_72_seed41073,drop,orbit_left_72,41073
03389_collision_strafe_left_180_seed42389,/home/nvme04/workspace/world_model_phys/PHYS/world_model_phys/local_assets/data/physion/generated_v5/converted_stage1_v1/03389_collision_strafe_left_180_seed42389,collision,strafe_left_180,42389
01390_drop_orbit_left_72_seed40390,/home/nvme04/workspace/world_model_phys/PHYS/world_model_phys/local_assets/data/physion/generated_v5/converted_stage1_v1/01390_drop_orbit_left_72_seed40390,drop,orbit_left_72,40390
02331_collision_strafe_left_180_seed41331,/home/nvme04/workspace/world_model_phys/PHYS/world_model_phys/local_assets/data/physion/generated_v5/converted_stage1_v1/02331_collision_strafe_left_180_seed41331,collision,strafe_left_180,41331
03764_roll_orbit_right_60_seed42764,/home/nvme04/workspace/world_model_phys/PHYS/world_model_phys/local_assets/data/physion/generated_v5/converted_stage1_v1/03764_roll_orbit_right_60_seed42764,roll,orbit_right_60,42764
03688_roll_orbit_right_60_seed42688,/home/nvme04/workspace/world_model_phys/PHYS/world_model_phys/local_assets/data/physion/generated_v5/converted_stage1_v1/03688_roll_orbit_right_60_seed42688,roll,orbit_right_60,42688
02784_collision_orbit_right_64_seed41784,/home/nvme04/workspace/world_model_phys/PHYS/world_model_phys/local_assets/data/physion/generated_v5/converted_stage1_v1/02784_collision_orbit_right_64_seed41784,collision,orbit_right_64,41784
02420_collision_orbit_right_64_seed41420,/home/nvme04/workspace/world_model_phys/PHYS/world_model_phys/local_assets/data/physion/generated_v5/converted_stage1_v1/02420_collision_orbit_right_64_seed41420,collision,orbit_right_64,41420
01464_drop_orbit_left_72_seed40464,/home/nvme04/workspace/world_model_phys/PHYS/world_model_phys/local_assets/data/physion/generated_v5/converted_stage1_v1/01464_drop_orbit_left_72_seed40464,drop,orbit_left_72,40464
03977_roll_orbit_right_60_seed42977,/home/nvme04/workspace/world_model_phys/PHYS/world_model_phys/local_assets/data/physion/generated_v5/converted_stage1_v1/03977_roll_orbit_right_60_seed42977,roll,orbit_right_60,42977
02829_collision_strafe_left_180_seed41829,/home/nvme04/workspace/world_model_phys/PHYS/world_model_phys/local_assets/data/physion/generated_v5/converted_stage1_v1/02829_collision_strafe_left_180_seed41829,collision,strafe_left_180,41829
02033_drop_orbit_left_72_seed41033,/home/nvme04/workspace/world_model_phys/PHYS/world_model_phys/local_assets/data/physion/generated_v5/converted_stage1_v1/02033_drop_orbit_left_72_seed41033,drop,orbit_left_72,41033
04073_roll_orbit_right_60_seed43073,/home/nvme04/workspace/world_model_phys/PHYS/world_model_phys/local_assets/data/physion/generated_v5/converted_stage1_v1/04073_roll_orbit_right_60_seed43073,roll,orbit_right_60,43073
02479_collision_strafe_left_180_seed41479,/home/nvme04/workspace/world_model_phys/PHYS/world_model_phys/local_assets/data/physion/generated_v5/converted_stage1_v1/02479_collision_strafe_left_180_seed41479,collision,strafe_left_180,41479
01065_drop_orbit_left_72_seed40065,/home/nvme04/workspace/world_model_phys/PHYS/world_model_phys/local_assets/data/physion/generated_v5/converted_stage1_v1/01065_drop_orbit_left_72_seed40065,drop,orbit_left_72,40065
02888_collision_orbit_right_64_seed41888,/home/nvme04/workspace/world_model_phys/PHYS/world_model_phys/local_assets/data/physion/generated_v5/converted_stage1_v1/02888_collision_orbit_right_64_seed41888,collision,orbit_right_64,41888
03448_roll_orbit_right_60_seed42448,/home/nvme04/workspace/world_model_phys/PHYS/world_model_phys/local_assets/data/physion/generated_v5/converted_stage1_v1/03448_roll_orbit_right_60_seed42448,roll,orbit_right_60,42448
02071_drop_orbit_left_72_seed41071,/home/nvme04/workspace/world_model_phys/PHYS/world_model_phys/local_assets/data/physion/generated_v5/converted_stage1_v1/02071_drop_orbit_left_72_seed41071,drop,orbit_left_72,41071
02047_drop_orbit_left_72_seed41047,/home/nvme04/workspace/world_model_phys/PHYS/world_model_phys/local_assets/data/physion/generated_v5/converted_stage1_v1/02047_drop_orbit_left_72_seed41047,drop,orbit_left_72,41047
03181_collision_strafe_left_180_seed42181,/home/nvme04/workspace/world_model_phys/PHYS/world_model_phys/local_assets/data/physion/generated_v5/converted_stage1_v1/03181_collision_strafe_left_180_seed42181,collision,strafe_left_180,42181
03612_roll_orbit_right_60_seed42612,/home/nvme04/workspace/world_model_phys/PHYS/world_model_phys/local_assets/data/physion/generated_v5/converted_stage1_v1/03612_roll_orbit_right_60_seed42612,roll,orbit_right_60,42612
01837_drop_orbit_left_72_seed40837,/home/nvme04/workspace/world_model_phys/PHYS/world_model_phys/local_assets/data/physion/generated_v5/converted_stage1_v1/01837_drop_orbit_left_72_seed40837,drop,orbit_left_72,40837
02619_collision_strafe_left_180_seed41619,/home/nvme04/workspace/world_model_phys/PHYS/world_model_phys/local_assets/data/physion/generated_v5/converted_stage1_v1/02619_collision_strafe_left_180_seed41619,collision,strafe_left_180,41619
03392_collision_orbit_right_64_seed42392,/home/nvme04/workspace/world_model_phys/PHYS/world_model_phys/local_assets/data/physion/generated_v5/converted_stage1_v1/03392_collision_orbit_right_64_seed42392,collision,orbit_right_64,42392
02568_collision_orbit_right_64_seed41568,/home/nvme04/workspace/world_model_phys/PHYS/world_model_phys/local_assets/data/physion/generated_v5/converted_stage1_v1/02568_collision_orbit_right_64_seed41568,collision,orbit_right_64,41568
02671_collision_strafe_left_180_seed41671,/home/nvme04/workspace/world_model_phys/PHYS/world_model_phys/local_assets/data/physion/generated_v5/converted_stage1_v1/02671_collision_strafe_left_180_seed41671,collision,strafe_left_180,41671
01309_drop_orbit_left_72_seed40309,/home/nvme04/workspace/world_model_phys/PHYS/world_model_phys/local_assets/data/physion/generated_v5/converted_stage1_v1/01309_drop_orbit_left_72_seed40309,drop,orbit_left_72,40309
03295_collision_strafe_left_180_seed42295,/home/nvme04/workspace/world_model_phys/PHYS/world_model_phys/local_assets/data/physion/generated_v5/converted_stage1_v1/03295_collision_strafe_left_180_seed42295,collision,strafe_left_180,42295
01795_drop_orbit_left_72_seed40795,/home/nvme04/workspace/world_model_phys/PHYS/world_model_phys/local_assets/data/physion/generated_v5/converted_stage1_v1/01795_drop_orbit_left_72_seed40795,drop,orbit_left_72,40795
03625_roll_orbit_right_60_seed42625,/home/nvme04/workspace/world_model_phys/PHYS/world_model_phys/local_assets/data/physion/generated_v5/converted_stage1_v1/03625_roll_orbit_right_60_seed42625,roll,orbit_right_60,42625
04261_containment_orbit_left_44_seed43261,/home/nvme04/workspace/world_model_phys/PHYS/world_model_phys/local_assets/data/physion/generated_v5/converted_stage1_v1/04261_containment_orbit_left_44_seed43261,containment,orbit_left_44,43261
04376_containment_orbit_left_44_seed43376,/home/nvme04/workspace/world_model_phys/PHYS/world_model_phys/local_assets/data/physion/generated_v5/converted_stage1_v1/04376_containment_orbit_left_44_seed43376,containment,orbit_left_44,43376
03074_collision_orbit_right_64_seed42074,/home/nvme04/workspace/world_model_phys/PHYS/world_model_phys/local_assets/data/physion/generated_v5/converted_stage1_v1/03074_collision_orbit_right_64_seed42074,collision,orbit_right_64,42074
01564_drop_orbit_left_72_seed40564,/home/nvme04/workspace/world_model_phys/PHYS/world_model_phys/local_assets/data/physion/generated_v5/converted_stage1_v1/01564_drop_orbit_left_72_seed40564,drop,orbit_left_72,40564
01876_drop_orbit_left_72_seed40876,/home/nvme04/workspace/world_model_phys/PHYS/world_model_phys/local_assets/data/physion/generated_v5/converted_stage1_v1/01876_drop_orbit_left_72_seed40876,drop,orbit_left_72,40876
01944_drop_orbit_left_72_seed40944,/home/nvme04/workspace/world_model_phys/PHYS/world_model_phys/local_assets/data/physion/generated_v5/converted_stage1_v1/01944_drop_orbit_left_72_seed40944,drop,orbit_left_72,40944
02645_collision_strafe_left_180_seed41645,/home/nvme04/workspace/world_model_phys/PHYS/world_model_phys/local_assets/data/physion/generated_v5/converted_stage1_v1/02645_collision_strafe_left_180_seed41645,collision,strafe_left_180,41645
02643_collision_strafe_left_180_seed41643,/home/nvme04/workspace/world_model_phys/PHYS/world_model_phys/local_assets/data/physion/generated_v5/converted_stage1_v1/02643_collision_strafe_left_180_seed41643,collision,strafe_left_180,41643
03118_collision_orbit_right_64_seed42118,/home/nvme04/workspace/world_model_phys/PHYS/world_model_phys/local_assets/data/physion/generated_v5/converted_stage1_v1/03118_collision_orbit_right_64_seed42118,collision,orbit_right_64,42118
03890_roll_orbit_right_60_seed42890,/home/nvme04/workspace/world_model_phys/PHYS/world_model_phys/local_assets/data/physion/generated_v5/converted_stage1_v1/03890_roll_orbit_right_60_seed42890,roll,orbit_right_60,42890
01302_drop_orbit_left_72_seed40302,/home/nvme04/workspace/world_model_phys/PHYS/world_model_phys/local_assets/data/physion/generated_v5/converted_stage1_v1/01302_drop_orbit_left_72_seed40302,drop,orbit_left_72,40302
03435_roll_orbit_right_60_seed42435,/home/nvme04/workspace/world_model_phys/PHYS/world_model_phys/local_assets/data/physion/generated_v5/converted_stage1_v1/03435_roll_orbit_right_60_seed42435,roll,orbit_right_60,42435
02205_collision_strafe_left_180_seed41205,/home/nvme04/workspace/world_model_phys/PHYS/world_model_phys/local_assets/data/physion/generated_v5/converted_stage1_v1/02205_collision_strafe_left_180_seed41205,collision,strafe_left_180,41205
02811_collision_strafe_left_180_seed41811,/home/nvme04/workspace/world_model_phys/PHYS/world_model_phys/local_assets/data/physion/generated_v5/converted_stage1_v1/02811_collision_strafe_left_180_seed41811,collision,strafe_left_180,41811
01575_drop_orbit_left_72_seed40575,/home/nvme04/workspace/world_model_phys/PHYS/world_model_phys/local_assets/data/physion/generated_v5/converted_stage1_v1/01575_drop_orbit_left_72_seed40575,drop,orbit_left_72,40575
01530_drop_orbit_left_72_seed40530,/home/nvme04/workspace/world_model_phys/PHYS/world_model_phys/local_assets/data/physion/generated_v5/converted_stage1_v1/01530_drop_orbit_left_72_seed40530,drop,orbit_left_72,40530
03879_roll_orbit_right_60_seed42879,/home/nvme04/workspace/world_model_phys/PHYS/world_model_phys/local_assets/data/physion/generated_v5/converted_stage1_v1/03879_roll_orbit_right_60_seed42879,roll,orbit_right_60,42879
03697_roll_orbit_right_60_seed42697,/home/nvme04/workspace/world_model_phys/PHYS/world_model_phys/local_assets/data/physion/generated_v5/converted_stage1_v1/03697_roll_orbit_right_60_seed42697,roll,orbit_right_60,42697
03782_roll_orbit_right_60_seed42782,/home/nvme04/workspace/world_model_phys/PHYS/world_model_phys/local_assets/data/physion/generated_v5/converted_stage1_v1/03782_roll_orbit_right_60_seed42782,roll,orbit_right_60,42782
01966_drop_orbit_left_72_seed40966,/home/nvme04/workspace/world_model_phys/PHYS/world_model_phys/local_assets/data/physion/generated_v5/converted_stage1_v1/01966_drop_orbit_left_72_seed40966,drop,orbit_left_72,40966
03836_roll_orbit_right_60_seed42836,/home/nvme04/workspace/world_model_phys/PHYS/world_model_phys/local_assets/data/physion/generated_v5/converted_stage1_v1/03836_roll_orbit_right_60_seed42836,roll,orbit_right_60,42836
01646_drop_orbit_left_72_seed40646,/home/nvme04/workspace/world_model_phys/PHYS/world_model_phys/local_assets/data/physion/generated_v5/converted_stage1_v1/01646_drop_orbit_left_72_seed40646,drop,orbit_left_72,40646
03131_collision_strafe_left_180_seed42131,/home/nvme04/workspace/world_model_phys/PHYS/world_model_phys/local_assets/data/physion/generated_v5/converted_stage1_v1/03131_collision_strafe_left_180_seed42131,collision,strafe_left_180,42131
01616_drop_orbit_left_72_seed40616,/home/nvme04/workspace/world_model_phys/PHYS/world_model_phys/local_assets/data/physion/generated_v5/converted_stage1_v1/01616_drop_orbit_left_72_seed40616,drop,orbit_left_72,40616
02527_collision_strafe_left_180_seed41527,/home/nvme04/workspace/world_model_phys/PHYS/world_model_phys/local_assets/data/physion/generated_v5/converted_stage1_v1/02527_collision_strafe_left_180_seed41527,collision,strafe_left_180,41527
03897_roll_orbit_right_60_seed42897,/home/nvme04/workspace/world_model_phys/PHYS/world_model_phys/local_assets/data/physion/generated_v5/converted_stage1_v1/03897_roll_orbit_right_60_seed42897,roll,orbit_right_60,42897
01331_drop_orbit_left_72_seed40331,/home/nvme04/workspace/world_model_phys/PHYS/world_model_phys/local_assets/data/physion/generated_v5/converted_stage1_v1/01331_drop_orbit_left_72_seed40331,drop,orbit_left_72,40331
01830_drop_orbit_left_72_seed40830,/home/nvme04/workspace/world_model_phys/PHYS/world_model_phys/local_assets/data/physion/generated_v5/converted_stage1_v1/01830_drop_orbit_left_72_seed40830,drop,orbit_left_72,40830
01794_drop_orbit_left_72_seed40794,/home/nvme04/workspace/world_model_phys/PHYS/world_model_phys/local_assets/data/physion/generated_v5/converted_stage1_v1/01794_drop_orbit_left_72_seed40794,drop,orbit_left_72,40794
02800_collision_orbit_right_64_seed41800,/home/nvme04/workspace/world_model_phys/PHYS/world_model_phys/local_assets/data/physion/generated_v5/converted_stage1_v1/02800_collision_orbit_right_64_seed41800,collision,orbit_right_64,41800
01834_drop_orbit_left_72_seed40834,/home/nvme04/workspace/world_model_phys/PHYS/world_model_phys/local_assets/data/physion/generated_v5/converted_stage1_v1/01834_drop_orbit_left_72_seed40834,drop,orbit_left_72,40834
01275_drop_orbit_left_72_seed40275,/home/nvme04/workspace/world_model_phys/PHYS/world_model_phys/local_assets/data/physion/generated_v5/converted_stage1_v1/01275_drop_orbit_left_72_seed40275,drop,orbit_left_72,40275
02295_collision_strafe_left_180_seed41295,/home/nvme04/workspace/world_model_phys/PHYS/world_model_phys/local_assets/data/physion/generated_v5/converted_stage1_v1/02295_collision_strafe_left_180_seed41295,collision,strafe_left_180,41295
04054_roll_orbit_right_60_seed43054,/home/nvme04/workspace/world_model_phys/PHYS/world_model_phys/local_assets/data/physion/generated_v5/converted_stage1_v1/04054_roll_orbit_right_60_seed43054,roll,orbit_right_60,43054
02722_collision_orbit_right_64_seed41722,/home/nvme04/workspace/world_model_phys/PHYS/world_model_phys/local_assets/data/physion/generated_v5/converted_stage1_v1/02722_collision_orbit_right_64_seed41722,collision,orbit_right_64,41722
02406_collision_orbit_right_64_seed41406,/home/nvme04/workspace/world_model_phys/PHYS/world_model_phys/local_assets/data/physion/generated_v5/converted_stage1_v1/02406_collision_orbit_right_64_seed41406,collision,orbit_right_64,41406
01784_drop_orbit_left_72_seed40784,/home/nvme04/workspace/world_model_phys/PHYS/world_model_phys/local_assets/data/physion/generated_v5/converted_stage1_v1/01784_drop_orbit_left_72_seed40784,drop,orbit_left_72,40784
03011_collision_strafe_left_180_seed42011,/home/nvme04/workspace/world_model_phys/PHYS/world_model_phys/local_assets/data/physion/generated_v5/converted_stage1_v1/03011_collision_strafe_left_180_seed42011,collision,strafe_left_180,42011
03742_roll_orbit_right_60_seed42742,/home/nvme04/workspace/world_model_phys/PHYS/world_model_phys/local_assets/data/physion/generated_v5/converted_stage1_v1/03742_roll_orbit_right_60_seed42742,roll,orbit_right_60,42742
03590_roll_orbit_right_60_seed42590,/home/nvme04/workspace/world_model_phys/PHYS/world_model_phys/local_assets/data/physion/generated_v5/converted_stage1_v1/03590_roll_orbit_right_60_seed42590,roll,orbit_right_60,42590
02077_drop_orbit_left_72_seed41077,/home/nvme04/workspace/world_model_phys/PHYS/world_model_phys/local_assets/data/physion/generated_v5/converted_stage1_v1/02077_drop_orbit_left_72_seed41077,drop,orbit_left_72,41077
01425_drop_orbit_left_72_seed40425,/home/nvme04/workspace/world_model_phys/PHYS/world_model_phys/local_assets/data/physion/generated_v5/converted_stage1_v1/01425_drop_orbit_left_72_seed40425,drop,orbit_left_72,40425
02456_collision_orbit_right_64_seed41456,/home/nvme04/workspace/world_model_phys/PHYS/world_model_phys/local_assets/data/physion/generated_v5/converted_stage1_v1/02456_collision_orbit_right_64_seed41456,collision,orbit_right_64,41456
01035_drop_orbit_left_72_seed40035,/home/nvme04/workspace/world_model_phys/PHYS/world_model_phys/local_assets/data/physion/generated_v5/converted_stage1_v1/01035_drop_orbit_left_72_seed40035,drop,orbit_left_72,40035
01106_drop_orbit_left_72_seed40106,/home/nvme04/workspace/world_model_phys/PHYS/world_model_phys/local_assets/data/physion/generated_v5/converted_stage1_v1/01106_drop_orbit_left_72_seed40106,drop,orbit_left_72,40106
02235_collision_strafe_left_180_seed41235,/home/nvme04/workspace/world_model_phys/PHYS/world_model_phys/local_assets/data/physion/generated_v5/converted_stage1_v1/02235_collision_strafe_left_180_seed41235,collision,strafe_left_180,41235
04391_containment_orbit_left_44_seed43391,/home/nvme04/workspace/world_model_phys/PHYS/world_model_phys/local_assets/data/physion/generated_v5/converted_stage1_v1/04391_containment_orbit_left_44_seed43391,containment,orbit_left_44,43391
03186_collision_orbit_right_64_seed42186,/home/nvme04/workspace/world_model_phys/PHYS/world_model_phys/local_assets/data/physion/generated_v5/converted_stage1_v1/03186_collision_orbit_right_64_seed42186,collision,orbit_right_64,42186
02022_drop_orbit_left_72_seed41022,/home/nvme04/workspace/world_model_phys/PHYS/world_model_phys/local_assets/data/physion/generated_v5/converted_stage1_v1/02022_drop_orbit_left_72_seed41022,drop,orbit_left_72,41022
01246_drop_orbit_left_72_seed40246,/home/nvme04/workspace/world_model_phys/PHYS/world_model_phys/local_assets/data/physion/generated_v5/converted_stage1_v1/01246_drop_orbit_left_72_seed40246,drop,orbit_left_72,40246
01406_drop_orbit_left_72_seed40406,/home/nvme04/workspace/world_model_phys/PHYS/world_model_phys/local_assets/data/physion/generated_v5/converted_stage1_v1/01406_drop_orbit_left_72_seed40406,drop,orbit_left_72,40406
02161_drop_orbit_left_72_seed41161,/home/nvme04/workspace/world_model_phys/PHYS/world_model_phys/local_assets/data/physion/generated_v5/converted_stage1_v1/02161_drop_orbit_left_72_seed41161,drop,orbit_left_72,41161
02010_drop_orbit_left_72_seed41010,/home/nvme04/workspace/world_model_phys/PHYS/world_model_phys/local_assets/data/physion/generated_v5/converted_stage1_v1/02010_drop_orbit_left_72_seed41010,drop,orbit_left_72,41010
02521_collision_strafe_left_180_seed41521,/home/nvme04/workspace/world_model_phys/PHYS/world_model_phys/local_assets/data/physion/generated_v5/converted_stage1_v1/02521_collision_strafe_left_180_seed41521,collision,strafe_left_180,41521
02667_collision_strafe_left_180_seed41667,/home/nvme04/workspace/world_model_phys/PHYS/world_model_phys/local_assets/data/physion/generated_v5/converted_stage1_v1/02667_collision_strafe_left_180_seed41667,collision,strafe_left_180,41667
03064_collision_orbit_right_64_seed42064,/home/nvme04/workspace/world_model_phys/PHYS/world_model_phys/local_assets/data/physion/generated_v5/converted_stage1_v1/03064_collision_orbit_right_64_seed42064,collision,orbit_right_64,42064
02084_drop_orbit_left_72_seed41084,/home/nvme04/workspace/world_model_phys/PHYS/world_model_phys/local_assets/data/physion/generated_v5/converted_stage1_v1/02084_drop_orbit_left_72_seed41084,drop,orbit_left_72,41084
02744_collision_orbit_right_64_seed41744,/home/nvme04/workspace/world_model_phys/PHYS/world_model_phys/local_assets/data/physion/generated_v5/converted_stage1_v1/02744_collision_orbit_right_64_seed41744,collision,orbit_right_64,41744
03979_roll_orbit_right_60_seed42979,/home/nvme04/workspace/world_model_phys/PHYS/world_model_phys/local_assets/data/physion/generated_v5/converted_stage1_v1/03979_roll_orbit_right_60_seed42979,roll,orbit_right_60,42979
03288_collision_orbit_right_64_seed42288,/home/nvme04/workspace/world_model_phys/PHYS/world_model_phys/local_assets/data/physion/generated_v5/converted_stage1_v1/03288_collision_orbit_right_64_seed42288,collision,orbit_right_64,42288
02745_collision_strafe_left_180_seed41745,/home/nvme04/workspace/world_model_phys/PHYS/world_model_phys/local_assets/data/physion/generated_v5/converted_stage1_v1/02745_collision_strafe_left_180_seed41745,collision,strafe_left_180,41745
03150_collision_orbit_right_64_seed42150,/home/nvme04/workspace/world_model_phys/PHYS/world_model_phys/local_assets/data/physion/generated_v5/converted_stage1_v1/03150_collision_orbit_right_64_seed42150,collision,orbit_right_64,42150
01583_drop_orbit_left_72_seed40583,/home/nvme04/workspace/world_model_phys/PHYS/world_model_phys/local_assets/data/physion/generated_v5/converted_stage1_v1/01583_drop_orbit_left_72_seed40583,drop,orbit_left_72,40583
04274_containment_orbit_left_44_seed43274,/home/nvme04/workspace/world_model_phys/PHYS/world_model_phys/local_assets/data/physion/generated_v5/converted_stage1_v1/04274_containment_orbit_left_44_seed43274,containment,orbit_left_44,43274
03807_roll_orbit_right_60_seed42807,/home/nvme04/workspace/world_model_phys/PHYS/world_model_phys/local_assets/data/physion/generated_v5/converted_stage1_v1/03807_roll_orbit_right_60_seed42807,roll,orbit_right_60,42807
04230_containment_orbit_left_44_seed43230,/home/nvme04/workspace/world_model_phys/PHYS/world_model_phys/local_assets/data/physion/generated_v5/converted_stage1_v1/04230_containment_orbit_left_44_seed43230,containment,orbit_left_44,43230
01442_drop_orbit_left_72_seed40442,/home/nvme04/workspace/world_model_phys/PHYS/world_model_phys/local_assets/data/physion/generated_v5/converted_stage1_v1/01442_drop_orbit_left_72_seed40442,drop,orbit_left_72,40442
02245_collision_strafe_left_180_seed41245,/home/nvme04/workspace/world_model_phys/PHYS/world_model_phys/local_assets/data/physion/generated_v5/converted_stage1_v1/02245_collision_strafe_left_180_seed41245,collision,strafe_left_180,41245
01410_drop_orbit_left_72_seed40410,/home/nvme04/workspace/world_model_phys/PHYS/world_model_phys/local_assets/data/physion/generated_v5/converted_stage1_v1/01410_drop_orbit_left_72_seed40410,drop,orbit_left_72,40410
01289_drop_orbit_left_72_seed40289,/home/nvme04/workspace/world_model_phys/PHYS/world_model_phys/local_assets/data/physion/generated_v5/converted_stage1_v1/01289_drop_orbit_left_72_seed40289,drop,orbit_left_72,40289
01858_drop_orbit_left_72_seed40858,/home/nvme04/workspace/world_model_phys/PHYS/world_model_phys/local_assets/data/physion/generated_v5/converted_stage1_v1/01858_drop_orbit_left_72_seed40858,drop,orbit_left_72,40858
03328_collision_orbit_right_64_seed42328,/home/nvme04/workspace/world_model_phys/PHYS/world_model_phys/local_assets/data/physion/generated_v5/converted_stage1_v1/03328_collision_orbit_right_64_seed42328,collision,orbit_right_64,42328
01448_drop_orbit_left_72_seed40448,/home/nvme04/workspace/world_model_phys/PHYS/world_model_phys/local_assets/data/physion/generated_v5/converted_stage1_v1/01448_drop_orbit_left_72_seed40448,drop,orbit_left_72,40448
03196_collision_orbit_right_64_seed42196,/home/nvme04/workspace/world_model_phys/PHYS/world_model_phys/local_assets/data/physion/generated_v5/converted_stage1_v1/03196_collision_orbit_right_64_seed42196,collision,orbit_right_64,42196
02567_collision_strafe_left_180_seed41567,/home/nvme04/workspace/world_model_phys/PHYS/world_model_phys/local_assets/data/physion/generated_v5/converted_stage1_v1/02567_collision_strafe_left_180_seed41567,collision,strafe_left_180,41567
01479_drop_orbit_left_72_seed40479,/home/nvme04/workspace/world_model_phys/PHYS/world_model_phys/local_assets/data/physion/generated_v5/converted_stage1_v1/01479_drop_orbit_left_72_seed40479,drop,orbit_left_72,40479
04286_containment_orbit_left_44_seed43286,/home/nvme04/workspace/world_model_phys/PHYS/world_model_phys/local_assets/data/physion/generated_v5/converted_stage1_v1/04286_containment_orbit_left_44_seed43286,containment,orbit_left_44,43286
02551_collision_strafe_left_180_seed41551,/home/nvme04/workspace/world_model_phys/PHYS/world_model_phys/local_assets/data/physion/generated_v5/converted_stage1_v1/02551_collision_strafe_left_180_seed41551,collision,strafe_left_180,41551
01568_drop_orbit_left_72_seed40568,/home/nvme04/workspace/world_model_phys/PHYS/world_model_phys/local_assets/data/physion/generated_v5/converted_stage1_v1/01568_drop_orbit_left_72_seed40568,drop,orbit_left_72,40568
03984_roll_orbit_right_60_seed42984,/home/nvme04/workspace/world_model_phys/PHYS/world_model_phys/local_assets/data/physion/generated_v5/converted_stage1_v1/03984_roll_orbit_right_60_seed42984,roll,orbit_right_60,42984
03863_roll_orbit_right_60_seed42863,/home/nvme04/workspace/world_model_phys/PHYS/world_model_phys/local_assets/data/physion/generated_v5/converted_stage1_v1/03863_roll_orbit_right_60_seed42863,roll,orbit_right_60,42863
03956_roll_orbit_right_60_seed42956,/home/nvme04/workspace/world_model_phys/PHYS/world_model_phys/local_assets/data/physion/generated_v5/converted_stage1_v1/03956_roll_orbit_right_60_seed42956,roll,orbit_right_60,42956
03418_roll_orbit_right_60_seed42418,/home/nvme04/workspace/world_model_phys/PHYS/world_model_phys/local_assets/data/physion/generated_v5/converted_stage1_v1/03418_roll_orbit_right_60_seed42418,roll,orbit_right_60,42418
01941_drop_orbit_left_72_seed40941,/home/nvme04/workspace/world_model_phys/PHYS/world_model_phys/local_assets/data/physion/generated_v5/converted_stage1_v1/01941_drop_orbit_left_72_seed40941,drop,orbit_left_72,40941
01528_drop_orbit_left_72_seed40528,/home/nvme04/workspace/world_model_phys/PHYS/world_model_phys/local_assets/data/physion/generated_v5/converted_stage1_v1/01528_drop_orbit_left_72_seed40528,drop,orbit_left_72,40528
02936_collision_orbit_right_64_seed41936,/home/nvme04/workspace/world_model_phys/PHYS/world_model_phys/local_assets/data/physion/generated_v5/converted_stage1_v1/02936_collision_orbit_right_64_seed41936,collision,orbit_right_64,41936
03013_collision_strafe_left_180_seed42013,/home/nvme04/workspace/world_model_phys/PHYS/world_model_phys/local_assets/data/physion/generated_v5/converted_stage1_v1/03013_collision_strafe_left_180_seed42013,collision,strafe_left_180,42013
03675_roll_orbit_right_60_seed42675,/home/nvme04/workspace/world_model_phys/PHYS/world_model_phys/local_assets/data/physion/generated_v5/converted_stage1_v1/03675_roll_orbit_right_60_seed42675,roll,orbit_right_60,42675
02044_drop_orbit_left_72_seed41044,/home/nvme04/workspace/world_model_phys/PHYS/world_model_phys/local_assets/data/physion/generated_v5/converted_stage1_v1/02044_drop_orbit_left_72_seed41044,drop,orbit_left_72,41044
03020_collision_orbit_right_64_seed42020,/home/nvme04/workspace/world_model_phys/PHYS/world_model_phys/local_assets/data/physion/generated_v5/converted_stage1_v1/03020_collision_orbit_right_64_seed42020,collision,orbit_right_64,42020
02806_collision_orbit_right_64_seed41806,/home/nvme04/workspace/world_model_phys/PHYS/world_model_phys/local_assets/data/physion/generated_v5/converted_stage1_v1/02806_collision_orbit_right_64_seed41806,collision,orbit_right_64,41806
02266_collision_orbit_right_64_seed41266,/home/nvme04/workspace/world_model_phys/PHYS/world_model_phys/local_assets/data/physion/generated_v5/converted_stage1_v1/02266_collision_orbit_right_64_seed41266,collision,orbit_right_64,41266
03212_collision_orbit_right_64_seed42212,/home/nvme04/workspace/world_model_phys/PHYS/world_model_phys/local_assets/data/physion/generated_v5/converted_stage1_v1/03212_collision_orbit_right_64_seed42212,collision,orbit_right_64,42212
04037_roll_orbit_right_60_seed43037,/home/nvme04/workspace/world_model_phys/PHYS/world_model_phys/local_assets/data/physion/generated_v5/converted_stage1_v1/04037_roll_orbit_right_60_seed43037,roll,orbit_right_60,43037
02542_collision_orbit_right_64_seed41542,/home/nvme04/workspace/world_model_phys/PHYS/world_model_phys/local_assets/data/physion/generated_v5/converted_stage1_v1/02542_collision_orbit_right_64_seed41542,collision,orbit_right_64,41542
03361_collision_strafe_left_180_seed42361,/home/nvme04/workspace/world_model_phys/PHYS/world_model_phys/local_assets/data/physion/generated_v5/converted_stage1_v1/03361_collision_strafe_left_180_seed42361,collision,strafe_left_180,42361
02125_drop_orbit_left_72_seed41125,/home/nvme04/workspace/world_model_phys/PHYS/world_model_phys/local_assets/data/physion/generated_v5/converted_stage1_v1/02125_drop_orbit_left_72_seed41125,drop,orbit_left_72,41125
02087_drop_orbit_left_72_seed41087,/home/nvme04/workspace/world_model_phys/PHYS/world_model_phys/local_assets/data/physion/generated_v5/converted_stage1_v1/02087_drop_orbit_left_72_seed41087,drop,orbit_left_72,41087
03001_collision_strafe_left_180_seed42001,/home/nvme04/workspace/world_model_phys/PHYS/world_model_phys/local_assets/data/physion/generated_v5/converted_stage1_v1/03001_collision_strafe_left_180_seed42001,collision,strafe_left_180,42001
02975_collision_strafe_left_180_seed41975,/home/nvme04/workspace/world_model_phys/PHYS/world_model_phys/local_assets/data/physion/generated_v5/converted_stage1_v1/02975_collision_strafe_left_180_seed41975,collision,strafe_left_180,41975
01972_drop_orbit_left_72_seed40972,/home/nvme04/workspace/world_model_phys/PHYS/world_model_phys/local_assets/data/physion/generated_v5/converted_stage1_v1/01972_drop_orbit_left_72_seed40972,drop,orbit_left_72,40972
02293_collision_strafe_left_180_seed41293,/home/nvme04/workspace/world_model_phys/PHYS/world_model_phys/local_assets/data/physion/generated_v5/converted_stage1_v1/02293_collision_strafe_left_180_seed41293,collision,strafe_left_180,41293
03715_roll_orbit_right_60_seed42715,/home/nvme04/workspace/world_model_phys/PHYS/world_model_phys/local_assets/data/physion/generated_v5/converted_stage1_v1/03715_roll_orbit_right_60_seed42715,roll,orbit_right_60,42715
02028_drop_orbit_left_72_seed41028,/home/nvme04/workspace/world_model_phys/PHYS/world_model_phys/local_assets/data/physion/generated_v5/converted_stage1_v1/02028_drop_orbit_left_72_seed41028,drop,orbit_left_72,41028
01265_drop_orbit_left_72_seed40265,/home/nvme04/workspace/world_model_phys/PHYS/world_model_phys/local_assets/data/physion/generated_v5/converted_stage1_v1/01265_drop_orbit_left_72_seed40265,drop,orbit_left_72,40265
01636_drop_orbit_left_72_seed40636,/home/nvme04/workspace/world_model_phys/PHYS/world_model_phys/local_assets/data/physion/generated_v5/converted_stage1_v1/01636_drop_orbit_left_72_seed40636,drop,orbit_left_72,40636
01148_drop_orbit_left_72_seed40148,/home/nvme04/workspace/world_model_phys/PHYS/world_model_phys/local_assets/data/physion/generated_v5/converted_stage1_v1/01148_drop_orbit_left_72_seed40148,drop,orbit_left_72,40148
02376_collision_orbit_right_64_seed41376,/home/nvme04/workspace/world_model_phys/PHYS/world_model_phys/local_assets/data/physion/generated_v5/converted_stage1_v1/02376_collision_orbit_right_64_seed41376,collision,orbit_right_64,41376
01417_drop_orbit_left_72_seed40417,/home/nvme04/workspace/world_model_phys/PHYS/world_model_phys/local_assets/data/physion/generated_v5/converted_stage1_v1/01417_drop_orbit_left_72_seed40417,drop,orbit_left_72,40417
03694_roll_orbit_right_60_seed42694,/home/nvme04/workspace/world_model_phys/PHYS/world_model_phys/local_assets/data/physion/generated_v5/converted_stage1_v1/03694_roll_orbit_right_60_seed42694,roll,orbit_right_60,42694
03441_roll_orbit_right_60_seed42441,/home/nvme04/workspace/world_model_phys/PHYS/world_model_phys/local_assets/data/physion/generated_v5/converted_stage1_v1/03441_roll_orbit_right_60_seed42441,roll,orbit_right_60,42441
02272_collision_orbit_right_64_seed41272,/home/nvme04/workspace/world_model_phys/PHYS/world_model_phys/local_assets/data/physion/generated_v5/converted_stage1_v1/02272_collision_orbit_right_64_seed41272,collision,orbit_right_64,41272
03185_collision_strafe_left_180_seed42185,/home/nvme04/workspace/world_model_phys/PHYS/world_model_phys/local_assets/data/physion/generated_v5/converted_stage1_v1/03185_collision_strafe_left_180_seed42185,collision,strafe_left_180,42185
03636_roll_orbit_right_60_seed42636,/home/nvme04/workspace/world_model_phys/PHYS/world_model_phys/local_assets/data/physion/generated_v5/converted_stage1_v1/03636_roll_orbit_right_60_seed42636,roll,orbit_right_60,42636
02572_collision_orbit_right_64_seed41572,/home/nvme04/workspace/world_model_phys/PHYS/world_model_phys/local_assets/data/physion/generated_v5/converted_stage1_v1/02572_collision_orbit_right_64_seed41572,collision,orbit_right_64,41572
02255_collision_strafe_left_180_seed41255,/home/nvme04/workspace/world_model_phys/PHYS/world_model_phys/local_assets/data/physion/generated_v5/converted_stage1_v1/02255_collision_strafe_left_180_seed41255,collision,strafe_left_180,41255
02126_drop_orbit_left_72_seed41126,/home/nvme04/workspace/world_model_phys/PHYS/world_model_phys/local_assets/data/physion/generated_v5/converted_stage1_v1/02126_drop_orbit_left_72_seed41126,drop,orbit_left_72,41126
02278_collision_orbit_right_64_seed41278,/home/nvme04/workspace/world_model_phys/PHYS/world_model_phys/local_assets/data/physion/generated_v5/converted_stage1_v1/02278_collision_orbit_right_64_seed41278,collision,orbit_right_64,41278
01871_drop_orbit_left_72_seed40871,/home/nvme04/workspace/world_model_phys/PHYS/world_model_phys/local_assets/data/physion/generated_v5/converted_stage1_v1/01871_drop_orbit_left_72_seed40871,drop,orbit_left_72,40871
02016_drop_orbit_left_72_seed41016,/home/nvme04/workspace/world_model_phys/PHYS/world_model_phys/local_assets/data/physion/generated_v5/converted_stage1_v1/02016_drop_orbit_left_72_seed41016,drop,orbit_left_72,41016
03334_collision_orbit_right_64_seed42334,/home/nvme04/workspace/world_model_phys/PHYS/world_model_phys/local_assets/data/physion/generated_v5/converted_stage1_v1/03334_collision_orbit_right_64_seed42334,collision,orbit_right_64,42334
01950_drop_orbit_left_72_seed40950,/home/nvme04/workspace/world_model_phys/PHYS/world_model_phys/local_assets/data/physion/generated_v5/converted_stage1_v1/01950_drop_orbit_left_72_seed40950,drop,orbit_left_72,40950
03426_roll_orbit_right_60_seed42426,/home/nvme04/workspace/world_model_phys/PHYS/world_model_phys/local_assets/data/physion/generated_v5/converted_stage1_v1/03426_roll_orbit_right_60_seed42426,roll,orbit_right_60,42426
02003_drop_orbit_left_72_seed41003,/home/nvme04/workspace/world_model_phys/PHYS/world_model_phys/local_assets/data/physion/generated_v5/converted_stage1_v1/02003_drop_orbit_left_72_seed41003,drop,orbit_left_72,41003
02495_collision_strafe_left_180_seed41495,/home/nvme04/workspace/world_model_phys/PHYS/world_model_phys/local_assets/data/physion/generated_v5/converted_stage1_v1/02495_collision_strafe_left_180_seed41495,collision,strafe_left_180,41495
01701_drop_orbit_left_72_seed40701,/home/nvme04/workspace/world_model_phys/PHYS/world_model_phys/local_assets/data/physion/generated_v5/converted_stage1_v1/01701_drop_orbit_left_72_seed40701,drop,orbit_left_72,40701
02664_collision_orbit_right_64_seed41664,/home/nvme04/workspace/world_model_phys/PHYS/world_model_phys/local_assets/data/physion/generated_v5/converted_stage1_v1/02664_collision_orbit_right_64_seed41664,collision,orbit_right_64,41664
03386_collision_orbit_right_64_seed42386,/home/nvme04/workspace/world_model_phys/PHYS/world_model_phys/local_assets/data/physion/generated_v5/converted_stage1_v1/03386_collision_orbit_right_64_seed42386,collision,orbit_right_64,42386
03468_roll_orbit_right_60_seed42468,/home/nvme04/workspace/world_model_phys/PHYS/world_model_phys/local_assets/data/physion/generated_v5/converted_stage1_v1/03468_roll_orbit_right_60_seed42468,roll,orbit_right_60,42468
03891_roll_orbit_right_60_seed42891,/home/nvme04/workspace/world_model_phys/PHYS/world_model_phys/local_assets/data/physion/generated_v5/converted_stage1_v1/03891_roll_orbit_right_60_seed42891,roll,orbit_right_60,42891
04238_containment_orbit_left_44_seed43238,/home/nvme04/workspace/world_model_phys/PHYS/world_model_phys/local_assets/data/physion/generated_v5/converted_stage1_v1/04238_containment_orbit_left_44_seed43238,containment,orbit_left_44,43238
02892_collision_orbit_right_64_seed41892,/home/nvme04/workspace/world_model_phys/PHYS/world_model_phys/local_assets/data/physion/generated_v5/converted_stage1_v1/02892_collision_orbit_right_64_seed41892,collision,orbit_right_64,41892
01020_drop_orbit_left_72_seed40020,/home/nvme04/workspace/world_model_phys/PHYS/world_model_phys/local_assets/data/physion/generated_v5/converted_stage1_v1/01020_drop_orbit_left_72_seed40020,drop,orbit_left_72,40020
03314_collision_orbit_right_64_seed42314,/home/nvme04/workspace/world_model_phys/PHYS/world_model_phys/local_assets/data/physion/generated_v5/converted_stage1_v1/03314_collision_orbit_right_64_seed42314,collision,orbit_right_64,42314
01890_drop_orbit_left_72_seed40890,/home/nvme04/workspace/world_model_phys/PHYS/world_model_phys/local_assets/data/physion/generated_v5/converted_stage1_v1/01890_drop_orbit_left_72_seed40890,drop,orbit_left_72,40890
03423_roll_orbit_right_60_seed42423,/home/nvme04/workspace/world_model_phys/PHYS/world_model_phys/local_assets/data/physion/generated_v5/converted_stage1_v1/03423_roll_orbit_right_60_seed42423,roll,orbit_right_60,42423
02803_collision_strafe_left_180_seed41803,/home/nvme04/workspace/world_model_phys/PHYS/world_model_phys/local_assets/data/physion/generated_v5/converted_stage1_v1/02803_collision_strafe_left_180_seed41803,collision,strafe_left_180,41803
01475_drop_orbit_left_72_seed40475,/home/nvme04/workspace/world_model_phys/PHYS/world_model_phys/local_assets/data/physion/generated_v5/converted_stage1_v1/01475_drop_orbit_left_72_seed40475,drop,orbit_left_72,40475
01679_drop_orbit_left_72_seed40679,/home/nvme04/workspace/world_model_phys/PHYS/world_model_phys/local_assets/data/physion/generated_v5/converted_stage1_v1/01679_drop_orbit_left_72_seed40679,drop,orbit_left_72,40679
03207_collision_strafe_left_180_seed42207,/home/nvme04/workspace/world_model_phys/PHYS/world_model_phys/local_assets/data/physion/generated_v5/converted_stage1_v1/03207_collision_strafe_left_180_seed42207,collision,strafe_left_180,42207
03457_roll_orbit_right_60_seed42457,/home/nvme04/workspace/world_model_phys/PHYS/world_model_phys/local_assets/data/physion/generated_v5/converted_stage1_v1/03457_roll_orbit_right_60_seed42457,roll,orbit_right_60,42457
01584_drop_orbit_left_72_seed40584,/home/nvme04/workspace/world_model_phys/PHYS/world_model_phys/local_assets/data/physion/generated_v5/converted_stage1_v1/01584_drop_orbit_left_72_seed40584,drop,orbit_left_72,40584
01420_drop_orbit_left_72_seed40420,/home/nvme04/workspace/world_model_phys/PHYS/world_model_phys/local_assets/data/physion/generated_v5/converted_stage1_v1/01420_drop_orbit_left_72_seed40420,drop,orbit_left_72,40420
04070_roll_orbit_right_60_seed43070,/home/nvme04/workspace/world_model_phys/PHYS/world_model_phys/local_assets/data/physion/generated_v5/converted_stage1_v1/04070_roll_orbit_right_60_seed43070,roll,orbit_right_60,43070
02215_collision_strafe_left_180_seed41215,/home/nvme04/workspace/world_model_phys/PHYS/world_model_phys/local_assets/data/physion/generated_v5/converted_stage1_v1/02215_collision_strafe_left_180_seed41215,collision,strafe_left_180,41215
01760_drop_orbit_left_72_seed40760,/home/nvme04/workspace/world_model_phys/PHYS/world_model_phys/local_assets/data/physion/generated_v5/converted_stage1_v1/01760_drop_orbit_left_72_seed40760,drop,orbit_left_72,40760
02413_collision_strafe_left_180_seed41413,/home/nvme04/workspace/world_model_phys/PHYS/world_model_phys/local_assets/data/physion/generated_v5/converted_stage1_v1/02413_collision_strafe_left_180_seed41413,collision,strafe_left_180,41413
01407_drop_orbit_left_72_seed40407,/home/nvme04/workspace/world_model_phys/PHYS/world_model_phys/local_assets/data/physion/generated_v5/converted_stage1_v1/01407_drop_orbit_left_72_seed40407,drop,orbit_left_72,40407
01658_drop_orbit_left_72_seed40658,/home/nvme04/workspace/world_model_phys/PHYS/world_model_phys/local_assets/data/physion/generated_v5/converted_stage1_v1/01658_drop_orbit_left_72_seed40658,drop,orbit_left_72,40658
01623_drop_orbit_left_72_seed40623,/home/nvme04/workspace/world_model_phys/PHYS/world_model_phys/local_assets/data/physion/generated_v5/converted_stage1_v1/01623_drop_orbit_left_72_seed40623,drop,orbit_left_72,40623
03250_collision_orbit_right_64_seed42250,/home/nvme04/workspace/world_model_phys/PHYS/world_model_phys/local_assets/data/physion/generated_v5/converted_stage1_v1/03250_collision_orbit_right_64_seed42250,collision,orbit_right_64,42250
01045_drop_orbit_left_72_seed40045,/home/nvme04/workspace/world_model_phys/PHYS/world_model_phys/local_assets/data/physion/generated_v5/converted_stage1_v1/01045_drop_orbit_left_72_seed40045,drop,orbit_left_72,40045
03357_collision_strafe_left_180_seed42357,/home/nvme04/workspace/world_model_phys/PHYS/world_model_phys/local_assets/data/physion/generated_v5/converted_stage1_v1/03357_collision_strafe_left_180_seed42357,collision,strafe_left_180,42357
01691_drop_orbit_left_72_seed40691,/home/nvme04/workspace/world_model_phys/PHYS/world_model_phys/local_assets/data/physion/generated_v5/converted_stage1_v1/01691_drop_orbit_left_72_seed40691,drop,orbit_left_72,40691
03972_roll_orbit_right_60_seed42972,/home/nvme04/workspace/world_model_phys/PHYS/world_model_phys/local_assets/data/physion/generated_v5/converted_stage1_v1/03972_roll_orbit_right_60_seed42972,roll,orbit_right_60,42972
02441_collision_strafe_left_180_seed41441,/home/nvme04/workspace/world_model_phys/PHYS/world_model_phys/local_assets/data/physion/generated_v5/converted_stage1_v1/02441_collision_strafe_left_180_seed41441,collision,strafe_left_180,41441
03109_collision_strafe_left_180_seed42109,/home/nvme04/workspace/world_model_phys/PHYS/world_model_phys/local_assets/data/physion/generated_v5/converted_stage1_v1/03109_collision_strafe_left_180_seed42109,collision,strafe_left_180,42109
02835_collision_strafe_left_180_seed41835,/home/nvme04/workspace/world_model_phys/PHYS/world_model_phys/local_assets/data/physion/generated_v5/converted_stage1_v1/02835_collision_strafe_left_180_seed41835,collision,strafe_left_180,41835
03816_roll_orbit_right_60_seed42816,/home/nvme04/workspace/world_model_phys/PHYS/world_model_phys/local_assets/data/physion/generated_v5/converted_stage1_v1/03816_roll_orbit_right_60_seed42816,roll,orbit_right_60,42816
02528_collision_orbit_right_64_seed41528,/home/nvme04/workspace/world_model_phys/PHYS/world_model_phys/local_assets/data/physion/generated_v5/converted_stage1_v1/02528_collision_orbit_right_64_seed41528,collision,orbit_right_64,41528
03820_roll_orbit_right_60_seed42820,/home/nvme04/workspace/world_model_phys/PHYS/world_model_phys/local_assets/data/physion/generated_v5/converted_stage1_v1/03820_roll_orbit_right_60_seed42820,roll,orbit_right_60,42820
02468_collision_orbit_right_64_seed41468,/home/nvme04/workspace/world_model_phys/PHYS/world_model_phys/local_assets/data/physion/generated_v5/converted_stage1_v1/02468_collision_orbit_right_64_seed41468,collision,orbit_right_64,41468
01753_drop_orbit_left_72_seed40753,/home/nvme04/workspace/world_model_phys/PHYS/world_model_phys/local_assets/data/physion/generated_v5/converted_stage1_v1/01753_drop_orbit_left_72_seed40753,drop,orbit_left_72,40753
01326_drop_orbit_left_72_seed40326,/home/nvme04/workspace/world_model_phys/PHYS/world_model_phys/local_assets/data/physion/generated_v5/converted_stage1_v1/01326_drop_orbit_left_72_seed40326,drop,orbit_left_72,40326
03402_roll_orbit_right_60_seed42402,/home/nvme04/workspace/world_model_phys/PHYS/world_model_phys/local_assets/data/physion/generated_v5/converted_stage1_v1/03402_roll_orbit_right_60_seed42402,roll,orbit_right_60,42402
04077_roll_orbit_right_60_seed43077,/home/nvme04/workspace/world_model_phys/PHYS/world_model_phys/local_assets/data/physion/generated_v5/converted_stage1_v1/04077_roll_orbit_right_60_seed43077,roll,orbit_right_60,43077
03444_roll_orbit_right_60_seed42444,/home/nvme04/workspace/world_model_phys/PHYS/world_model_phys/local_assets/data/physion/generated_v5/converted_stage1_v1/03444_roll_orbit_right_60_seed42444,roll,orbit_right_60,42444
02781_collision_strafe_left_180_seed41781,/home/nvme04/workspace/world_model_phys/PHYS/world_model_phys/local_assets/data/physion/generated_v5/converted_stage1_v1/02781_collision_strafe_left_180_seed41781,collision,strafe_left_180,41781
02400_collision_orbit_right_64_seed41400,/home/nvme04/workspace/world_model_phys/PHYS/world_model_phys/local_assets/data/physion/generated_v5/converted_stage1_v1/02400_collision_orbit_right_64_seed41400,collision,orbit_right_64,41400
03601_roll_orbit_right_60_seed42601,/home/nvme04/workspace/world_model_phys/PHYS/world_model_phys/local_assets/data/physion/generated_v5/converted_stage1_v1/03601_roll_orbit_right_60_seed42601,roll,orbit_right_60,42601
03871_roll_orbit_right_60_seed42871,/home/nvme04/workspace/world_model_phys/PHYS/world_model_phys/local_assets/data/physion/generated_v5/converted_stage1_v1/03871_roll_orbit_right_60_seed42871,roll,orbit_right_60,42871
03009_collision_strafe_left_180_seed42009,/home/nvme04/workspace/world_model_phys/PHYS/world_model_phys/local_assets/data/physion/generated_v5/converted_stage1_v1/03009_collision_strafe_left_180_seed42009,collision,strafe_left_180,42009
03391_collision_strafe_left_180_seed42391,/home/nvme04/workspace/world_model_phys/PHYS/world_model_phys/local_assets/data/physion/generated_v5/converted_stage1_v1/03391_collision_strafe_left_180_seed42391,collision,strafe_left_180,42391
04068_roll_orbit_right_60_seed43068,/home/nvme04/workspace/world_model_phys/PHYS/world_model_phys/local_assets/data/physion/generated_v5/converted_stage1_v1/04068_roll_orbit_right_60_seed43068,roll,orbit_right_60,43068
01145_drop_orbit_left_72_seed40145,/home/nvme04/workspace/world_model_phys/PHYS/world_model_phys/local_assets/data/physion/generated_v5/converted_stage1_v1/01145_drop_orbit_left_72_seed40145,drop,orbit_left_72,40145
03947_roll_orbit_right_60_seed42947,/home/nvme04/workspace/world_model_phys/PHYS/world_model_phys/local_assets/data/physion/generated_v5/converted_stage1_v1/03947_roll_orbit_right_60_seed42947,roll,orbit_right_60,42947
03499_roll_orbit_right_60_seed42499,/home/nvme04/workspace/world_model_phys/PHYS/world_model_phys/local_assets/data/physion/generated_v5/converted_stage1_v1/03499_roll_orbit_right_60_seed42499,roll,orbit_right_60,42499
01207_drop_orbit_left_72_seed40207,/home/nvme04/workspace/world_model_phys/PHYS/world_model_phys/local_assets/data/physion/generated_v5/converted_stage1_v1/01207_drop_orbit_left_72_seed40207,drop,orbit_left_72,40207
01071_drop_orbit_left_72_seed40071,/home/nvme04/workspace/world_model_phys/PHYS/world_model_phys/local_assets/data/physion/generated_v5/converted_stage1_v1/01071_drop_orbit_left_72_seed40071,drop,orbit_left_72,40071
01399_drop_orbit_left_72_seed40399,/home/nvme04/workspace/world_model_phys/PHYS/world_model_phys/local_assets/data/physion/generated_v5/converted_stage1_v1/01399_drop_orbit_left_72_seed40399,drop,orbit_left_72,40399
03124_collision_orbit_right_64_seed42124,/home/nvme04/workspace/world_model_phys/PHYS/world_model_phys/local_assets/data/physion/generated_v5/converted_stage1_v1/03124_collision_orbit_right_64_seed42124,collision,orbit_right_64,42124
01543_drop_orbit_left_72_seed40543,/home/nvme04/workspace/world_model_phys/PHYS/world_model_phys/local_assets/data/physion/generated_v5/converted_stage1_v1/01543_drop_orbit_left_72_seed40543,drop,orbit_left_72,40543
02206_collision_orbit_right_64_seed41206,/home/nvme04/workspace/world_model_phys/PHYS/world_model_phys/local_assets/data/physion/generated_v5/converted_stage1_v1/02206_collision_orbit_right_64_seed41206,collision,orbit_right_64,41206
01910_drop_orbit_left_72_seed40910,/home/nvme04/workspace/world_model_phys/PHYS/world_model_phys/local_assets/data/physion/generated_v5/converted_stage1_v1/01910_drop_orbit_left_72_seed40910,drop,orbit_left_72,40910
02535_collision_strafe_left_180_seed41535,/home/nvme04/workspace/world_model_phys/PHYS/world_model_phys/local_assets/data/physion/generated_v5/converted_stage1_v1/02535_collision_strafe_left_180_seed41535,collision,strafe_left_180,41535
02368_collision_orbit_right_64_seed41368,/home/nvme04/workspace/world_model_phys/PHYS/world_model_phys/local_assets/data/physion/generated_v5/converted_stage1_v1/02368_collision_orbit_right_64_seed41368,collision,orbit_right_64,41368
01997_drop_orbit_left_72_seed40997,/home/nvme04/workspace/world_model_phys/PHYS/world_model_phys/local_assets/data/physion/generated_v5/converted_stage1_v1/01997_drop_orbit_left_72_seed40997,drop,orbit_left_72,40997
01127_drop_orbit_left_72_seed40127,/home/nvme04/workspace/world_model_phys/PHYS/world_model_phys/local_assets/data/physion/generated_v5/converted_stage1_v1/01127_drop_orbit_left_72_seed40127,drop,orbit_left_72,40127
02249_collision_strafe_left_180_seed41249,/home/nvme04/workspace/world_model_phys/PHYS/world_model_phys/local_assets/data/physion/generated_v5/converted_stage1_v1/02249_collision_strafe_left_180_seed41249,collision,strafe_left_180,41249
02301_collision_strafe_left_180_seed41301,/home/nvme04/workspace/world_model_phys/PHYS/world_model_phys/local_assets/data/physion/generated_v5/converted_stage1_v1/02301_collision_strafe_left_180_seed41301,collision,strafe_left_180,41301
02678_collision_orbit_right_64_seed41678,/home/nvme04/workspace/world_model_phys/PHYS/world_model_phys/local_assets/data/physion/generated_v5/converted_stage1_v1/02678_collision_orbit_right_64_seed41678,collision,orbit_right_64,41678
01426_drop_orbit_left_72_seed40426,/home/nvme04/workspace/world_model_phys/PHYS/world_model_phys/local_assets/data/physion/generated_v5/converted_stage1_v1/01426_drop_orbit_left_72_seed40426,drop,orbit_left_72,40426
01324_drop_orbit_left_72_seed40324,/home/nvme04/workspace/world_model_phys/PHYS/world_model_phys/local_assets/data/physion/generated_v5/converted_stage1_v1/01324_drop_orbit_left_72_seed40324,drop,orbit_left_72,40324
01467_drop_orbit_left_72_seed40467,/home/nvme04/workspace/world_model_phys/PHYS/world_model_phys/local_assets/data/physion/generated_v5/converted_stage1_v1/01467_drop_orbit_left_72_seed40467,drop,orbit_left_72,40467
04300_containment_orbit_left_44_seed43300,/home/nvme04/workspace/world_model_phys/PHYS/world_model_phys/local_assets/data/physion/generated_v5/converted_stage1_v1/04300_containment_orbit_left_44_seed43300,containment,orbit_left_44,43300
02181_drop_orbit_left_72_seed41181,/home/nvme04/workspace/world_model_phys/PHYS/world_model_phys/local_assets/data/physion/generated_v5/converted_stage1_v1/02181_drop_orbit_left_72_seed41181,drop,orbit_left_72,41181
03337_collision_strafe_left_180_seed42337,/home/nvme04/workspace/world_model_phys/PHYS/world_model_phys/local_assets/data/physion/generated_v5/converted_stage1_v1/03337_collision_strafe_left_180_seed42337,collision,strafe_left_180,42337
01811_drop_orbit_left_72_seed40811,/home/nvme04/workspace/world_model_phys/PHYS/world_model_phys/local_assets/data/physion/generated_v5/converted_stage1_v1/01811_drop_orbit_left_72_seed40811,drop,orbit_left_72,40811
01238_drop_orbit_left_72_seed40238,/home/nvme04/workspace/world_model_phys/PHYS/world_model_phys/local_assets/data/physion/generated_v5/converted_stage1_v1/01238_drop_orbit_left_72_seed40238,drop,orbit_left_72,40238
02899_collision_strafe_left_180_seed41899,/home/nvme04/workspace/world_model_phys/PHYS/world_model_phys/local_assets/data/physion/generated_v5/converted_stage1_v1/02899_collision_strafe_left_180_seed41899,collision,strafe_left_180,41899
03579_roll_orbit_right_60_seed42579,/home/nvme04/workspace/world_model_phys/PHYS/world_model_phys/local_assets/data/physion/generated_v5/converted_stage1_v1/03579_roll_orbit_right_60_seed42579,roll,orbit_right_60,42579
01556_drop_orbit_left_72_seed40556,/home/nvme04/workspace/world_model_phys/PHYS/world_model_phys/local_assets/data/physion/generated_v5/converted_stage1_v1/01556_drop_orbit_left_72_seed40556,drop,orbit_left_72,40556
03640_roll_orbit_right_60_seed42640,/home/nvme04/workspace/world_model_phys/PHYS/world_model_phys/local_assets/data/physion/generated_v5/converted_stage1_v1/03640_roll_orbit_right_60_seed42640,roll,orbit_right_60,42640
03934_roll_orbit_right_60_seed42934,/home/nvme04/workspace/world_model_phys/PHYS/world_model_phys/local_assets/data/physion/generated_v5/converted_stage1_v1/03934_roll_orbit_right_60_seed42934,roll,orbit_right_60,42934
04002_roll_orbit_right_60_seed43002,/home/nvme04/workspace/world_model_phys/PHYS/world_model_phys/local_assets/data/physion/generated_v5/converted_stage1_v1/04002_roll_orbit_right_60_seed43002,roll,orbit_right_60,43002
03744_roll_orbit_right_60_seed42744,/home/nvme04/workspace/world_model_phys/PHYS/world_model_phys/local_assets/data/physion/generated_v5/converted_stage1_v1/03744_roll_orbit_right_60_seed42744,roll,orbit_right_60,42744
04203_containment_orbit_left_44_seed43203,/home/nvme04/workspace/world_model_phys/PHYS/world_model_phys/local_assets/data/physion/generated_v5/converted_stage1_v1/04203_containment_orbit_left_44_seed43203,containment,orbit_left_44,43203
02056_drop_orbit_left_72_seed41056,/home/nvme04/workspace/world_model_phys/PHYS/world_model_phys/local_assets/data/physion/generated_v5/converted_stage1_v1/02056_drop_orbit_left_72_seed41056,drop,orbit_left_72,41056
02839_collision_strafe_left_180_seed41839,/home/nvme04/workspace/world_model_phys/PHYS/world_model_phys/local_assets/data/physion/generated_v5/converted_stage1_v1/02839_collision_strafe_left_180_seed41839,collision,strafe_left_180,41839
02555_collision_strafe_left_180_seed41555,/home/nvme04/workspace/world_model_phys/PHYS/world_model_phys/local_assets/data/physion/generated_v5/converted_stage1_v1/02555_collision_strafe_left_180_seed41555,collision,strafe_left_180,41555
03577_roll_orbit_right_60_seed42577,/home/nvme04/workspace/world_model_phys/PHYS/world_model_phys/local_assets/data/physion/generated_v5/converted_stage1_v1/03577_roll_orbit_right_60_seed42577,roll,orbit_right_60,42577
01178_drop_orbit_left_72_seed40178,/home/nvme04/workspace/world_model_phys/PHYS/world_model_phys/local_assets/data/physion/generated_v5/converted_stage1_v1/01178_drop_orbit_left_72_seed40178,drop,orbit_left_72,40178
03567_roll_orbit_right_60_seed42567,/home/nvme04/workspace/world_model_phys/PHYS/world_model_phys/local_assets/data/physion/generated_v5/converted_stage1_v1/03567_roll_orbit_right_60_seed42567,roll,orbit_right_60,42567
02515_collision_strafe_left_180_seed41515,/home/nvme04/workspace/world_model_phys/PHYS/world_model_phys/local_assets/data/physion/generated_v5/converted_stage1_v1/02515_collision_strafe_left_180_seed41515,collision,strafe_left_180,41515
01744_drop_orbit_left_72_seed40744,/home/nvme04/workspace/world_model_phys/PHYS/world_model_phys/local_assets/data/physion/generated_v5/converted_stage1_v1/01744_drop_orbit_left_72_seed40744,drop,orbit_left_72,40744
04236_containment_orbit_left_44_seed43236,/home/nvme04/workspace/world_model_phys/PHYS/world_model_phys/local_assets/data/physion/generated_v5/converted_stage1_v1/04236_containment_orbit_left_44_seed43236,containment,orbit_left_44,43236
03819_roll_orbit_right_60_seed42819,/home/nvme04/workspace/world_model_phys/PHYS/world_model_phys/local_assets/data/physion/generated_v5/converted_stage1_v1/03819_roll_orbit_right_60_seed42819,roll,orbit_right_60,42819
01916_drop_orbit_left_72_seed40916,/home/nvme04/workspace/world_model_phys/PHYS/world_model_phys/local_assets/data/physion/generated_v5/converted_stage1_v1/01916_drop_orbit_left_72_seed40916,drop,orbit_left_72,40916
01074_drop_orbit_left_72_seed40074,/home/nvme04/workspace/world_model_phys/PHYS/world_model_phys/local_assets/data/physion/generated_v5/converted_stage1_v1/01074_drop_orbit_left_72_seed40074,drop,orbit_left_72,40074
03758_roll_orbit_right_60_seed42758,/home/nvme04/workspace/world_model_phys/PHYS/world_model_phys/local_assets/data/physion/generated_v5/converted_stage1_v1/03758_roll_orbit_right_60_seed42758,roll,orbit_right_60,42758
03111_collision_strafe_left_180_seed42111,/home/nvme04/workspace/world_model_phys/PHYS/world_model_phys/local_assets/data/physion/generated_v5/converted_stage1_v1/03111_collision_strafe_left_180_seed42111,collision,strafe_left_180,42111
02088_drop_orbit_left_72_seed41088,/home/nvme04/workspace/world_model_phys/PHYS/world_model_phys/local_assets/data/physion/generated_v5/converted_stage1_v1/02088_drop_orbit_left_72_seed41088,drop,orbit_left_72,41088
02104_drop_orbit_left_72_seed41104,/home/nvme04/workspace/world_model_phys/PHYS/world_model_phys/local_assets/data/physion/generated_v5/converted_stage1_v1/02104_drop_orbit_left_72_seed41104,drop,orbit_left_72,41104
03054_collision_orbit_right_64_seed42054,/home/nvme04/workspace/world_model_phys/PHYS/world_model_phys/local_assets/data/physion/generated_v5/converted_stage1_v1/03054_collision_orbit_right_64_seed42054,collision,orbit_right_64,42054
02191_drop_orbit_left_72_seed41191,/home/nvme04/workspace/world_model_phys/PHYS/world_model_phys/local_assets/data/physion/generated_v5/converted_stage1_v1/02191_drop_orbit_left_72_seed41191,drop,orbit_left_72,41191
04333_containment_orbit_left_44_seed43333,/home/nvme04/workspace/world_model_phys/PHYS/world_model_phys/local_assets/data/physion/generated_v5/converted_stage1_v1/04333_containment_orbit_left_44_seed43333,containment,orbit_left_44,43333
01321_drop_orbit_left_72_seed40321,/home/nvme04/workspace/world_model_phys/PHYS/world_model_phys/local_assets/data/physion/generated_v5/converted_stage1_v1/01321_drop_orbit_left_72_seed40321,drop,orbit_left_72,40321
02159_drop_orbit_left_72_seed41159,/home/nvme04/workspace/world_model_phys/PHYS/world_model_phys/local_assets/data/physion/generated_v5/converted_stage1_v1/02159_drop_orbit_left_72_seed41159,drop,orbit_left_72,41159
02153_drop_orbit_left_72_seed41153,/home/nvme04/workspace/world_model_phys/PHYS/world_model_phys/local_assets/data/physion/generated_v5/converted_stage1_v1/02153_drop_orbit_left_72_seed41153,drop,orbit_left_72,41153
02909_collision_strafe_left_180_seed41909,/home/nvme04/workspace/world_model_phys/PHYS/world_model_phys/local_assets/data/physion/generated_v5/converted_stage1_v1/02909_collision_strafe_left_180_seed41909,collision,strafe_left_180,41909
01734_drop_orbit_left_72_seed40734,/home/nvme04/workspace/world_model_phys/PHYS/world_model_phys/local_assets/data/physion/generated_v5/converted_stage1_v1/01734_drop_orbit_left_72_seed40734,drop,orbit_left_72,40734
03459_roll_orbit_right_60_seed42459,/home/nvme04/workspace/world_model_phys/PHYS/world_model_phys/local_assets/data/physion/generated_v5/converted_stage1_v1/03459_roll_orbit_right_60_seed42459,roll,orbit_right_60,42459
03372_collision_orbit_right_64_seed42372,/home/nvme04/workspace/world_model_phys/PHYS/world_model_phys/local_assets/data/physion/generated_v5/converted_stage1_v1/03372_collision_orbit_right_64_seed42372,collision,orbit_right_64,42372
03908_roll_orbit_right_60_seed42908,/home/nvme04/workspace/world_model_phys/PHYS/world_model_phys/local_assets/data/physion/generated_v5/converted_stage1_v1/03908_roll_orbit_right_60_seed42908,roll,orbit_right_60,42908
01372_drop_orbit_left_72_seed40372,/home/nvme04/workspace/world_model_phys/PHYS/world_model_phys/local_assets/data/physion/generated_v5/converted_stage1_v1/01372_drop_orbit_left_72_seed40372,drop,orbit_left_72,40372
03484_roll_orbit_right_60_seed42484,/home/nvme04/workspace/world_model_phys/PHYS/world_model_phys/local_assets/data/physion/generated_v5/converted_stage1_v1/03484_roll_orbit_right_60_seed42484,roll,orbit_right_60,42484
03300_collision_orbit_right_64_seed42300,/home/nvme04/workspace/world_model_phys/PHYS/world_model_phys/local_assets/data/physion/generated_v5/converted_stage1_v1/03300_collision_orbit_right_64_seed42300,collision,orbit_right_64,42300
03582_roll_orbit_right_60_seed42582,/home/nvme04/workspace/world_model_phys/PHYS/world_model_phys/local_assets/data/physion/generated_v5/converted_stage1_v1/03582_roll_orbit_right_60_seed42582,roll,orbit_right_60,42582
04255_containment_orbit_left_44_seed43255,/home/nvme04/workspace/world_model_phys/PHYS/world_model_phys/local_assets/data/physion/generated_v5/converted_stage1_v1/04255_containment_orbit_left_44_seed43255,containment,orbit_left_44,43255
03016_collision_orbit_right_64_seed42016,/home/nvme04/workspace/world_model_phys/PHYS/world_model_phys/local_assets/data/physion/generated_v5/converted_stage1_v1/03016_collision_orbit_right_64_seed42016,collision,orbit_right_64,42016
03485_roll_orbit_right_60_seed42485,/home/nvme04/workspace/world_model_phys/PHYS/world_model_phys/local_assets/data/physion/generated_v5/converted_stage1_v1/03485_roll_orbit_right_60_seed42485,roll,orbit_right_60,42485
01474_drop_orbit_left_72_seed40474,/home/nvme04/workspace/world_model_phys/PHYS/world_model_phys/local_assets/data/physion/generated_v5/converted_stage1_v1/01474_drop_orbit_left_72_seed40474,drop,orbit_left_72,40474
03283_collision_strafe_left_180_seed42283,/home/nvme04/workspace/world_model_phys/PHYS/world_model_phys/local_assets/data/physion/generated_v5/converted_stage1_v1/03283_collision_strafe_left_180_seed42283,collision,strafe_left_180,42283
01043_drop_orbit_left_72_seed40043,/home/nvme04/workspace/world_model_phys/PHYS/world_model_phys/local_assets/data/physion/generated_v5/converted_stage1_v1/01043_drop_orbit_left_72_seed40043,drop,orbit_left_72,40043
01290_drop_orbit_left_72_seed40290,/home/nvme04/workspace/world_model_phys/PHYS/world_model_phys/local_assets/data/physion/generated_v5/converted_stage1_v1/01290_drop_orbit_left_72_seed40290,drop,orbit_left_72,40290
02480_collision_orbit_right_64_seed41480,/home/nvme04/workspace/world_model_phys/PHYS/world_model_phys/local_assets/data/physion/generated_v5/converted_stage1_v1/02480_collision_orbit_right_64_seed41480,collision,orbit_right_64,41480
02872_collision_orbit_right_64_seed41872,/home/nvme04/workspace/world_model_phys/PHYS/world_model_phys/local_assets/data/physion/generated_v5/converted_stage1_v1/02872_collision_orbit_right_64_seed41872,collision,orbit_right_64,41872
04207_containment_orbit_left_44_seed43207,/home/nvme04/workspace/world_model_phys/PHYS/world_model_phys/local_assets/data/physion/generated_v5/converted_stage1_v1/04207_containment_orbit_left_44_seed43207,containment,orbit_left_44,43207
02397_collision_strafe_left_180_seed41397,/home/nvme04/workspace/world_model_phys/PHYS/world_model_phys/local_assets/data/physion/generated_v5/converted_stage1_v1/02397_collision_strafe_left_180_seed41397,collision,strafe_left_180,41397
04331_containment_orbit_left_44_seed43331,/home/nvme04/workspace/world_model_phys/PHYS/world_model_phys/local_assets/data/physion/generated_v5/converted_stage1_v1/04331_containment_orbit_left_44_seed43331,containment,orbit_left_44,43331
01635_drop_orbit_left_72_seed40635,/home/nvme04/workspace/world_model_phys/PHYS/world_model_phys/local_assets/data/physion/generated_v5/converted_stage1_v1/01635_drop_orbit_left_72_seed40635,drop,orbit_left_72,40635
02442_collision_orbit_right_64_seed41442,/home/nvme04/workspace/world_model_phys/PHYS/world_model_phys/local_assets/data/physion/generated_v5/converted_stage1_v1/02442_collision_orbit_right_64_seed41442,collision,orbit_right_64,41442
02038_drop_orbit_left_72_seed41038,/home/nvme04/workspace/world_model_phys/PHYS/world_model_phys/local_assets/data/physion/generated_v5/converted_stage1_v1/02038_drop_orbit_left_72_seed41038,drop,orbit_left_72,41038
02318_collision_orbit_right_64_seed41318,/home/nvme04/workspace/world_model_phys/PHYS/world_model_phys/local_assets/data/physion/generated_v5/converted_stage1_v1/02318_collision_orbit_right_64_seed41318,collision,orbit_right_64,41318
03785_roll_orbit_right_60_seed42785,/home/nvme04/workspace/world_model_phys/PHYS/world_model_phys/local_assets/data/physion/generated_v5/converted_stage1_v1/03785_roll_orbit_right_60_seed42785,roll,orbit_right_60,42785
01844_drop_orbit_left_72_seed40844,/home/nvme04/workspace/world_model_phys/PHYS/world_model_phys/local_assets/data/physion/generated_v5/converted_stage1_v1/01844_drop_orbit_left_72_seed40844,drop,orbit_left_72,40844
01986_drop_orbit_left_72_seed40986,/home/nvme04/workspace/world_model_phys/PHYS/world_model_phys/local_assets/data/physion/generated_v5/converted_stage1_v1/01986_drop_orbit_left_72_seed40986,drop,orbit_left_72,40986
03743_roll_orbit_right_60_seed42743,/home/nvme04/workspace/world_model_phys/PHYS/world_model_phys/local_assets/data/physion/generated_v5/converted_stage1_v1/03743_roll_orbit_right_60_seed42743,roll,orbit_right_60,42743
03161_collision_strafe_left_180_seed42161,/home/nvme04/workspace/world_model_phys/PHYS/world_model_phys/local_assets/data/physion/generated_v5/converted_stage1_v1/03161_collision_strafe_left_180_seed42161,collision,strafe_left_180,42161
01912_drop_orbit_left_72_seed40912,/home/nvme04/workspace/world_model_phys/PHYS/world_model_phys/local_assets/data/physion/generated_v5/converted_stage1_v1/01912_drop_orbit_left_72_seed40912,drop,orbit_left_72,40912
03229_collision_strafe_left_180_seed42229,/home/nvme04/workspace/world_model_phys/PHYS/world_model_phys/local_assets/data/physion/generated_v5/converted_stage1_v1/03229_collision_strafe_left_180_seed42229,collision,strafe_left_180,42229
01533_drop_orbit_left_72_seed40533,/home/nvme04/workspace/world_model_phys/PHYS/world_model_phys/local_assets/data/physion/generated_v5/converted_stage1_v1/01533_drop_orbit_left_72_seed40533,drop,orbit_left_72,40533
04378_containment_orbit_left_44_seed43378,/home/nvme04/workspace/world_model_phys/PHYS/world_model_phys/local_assets/data/physion/generated_v5/converted_stage1_v1/04378_containment_orbit_left_44_seed43378,containment,orbit_left_44,43378
01311_drop_orbit_left_72_seed40311,/home/nvme04/workspace/world_model_phys/PHYS/world_model_phys/local_assets/data/physion/generated_v5/converted_stage1_v1/01311_drop_orbit_left_72_seed40311,drop,orbit_left_72,40311
01356_drop_orbit_left_72_seed40356,/home/nvme04/workspace/world_model_phys/PHYS/world_model_phys/local_assets/data/physion/generated_v5/converted_stage1_v1/01356_drop_orbit_left_72_seed40356,drop,orbit_left_72,40356
02418_collision_orbit_right_64_seed41418,/home/nvme04/workspace/world_model_phys/PHYS/world_model_phys/local_assets/data/physion/generated_v5/converted_stage1_v1/02418_collision_orbit_right_64_seed41418,collision,orbit_right_64,41418
02946_collision_orbit_right_64_seed41946,/home/nvme04/workspace/world_model_phys/PHYS/world_model_phys/local_assets/data/physion/generated_v5/converted_stage1_v1/02946_collision_orbit_right_64_seed41946,collision,orbit_right_64,41946
02020_drop_orbit_left_72_seed41020,/home/nvme04/workspace/world_model_phys/PHYS/world_model_phys/local_assets/data/physion/generated_v5/converted_stage1_v1/02020_drop_orbit_left_72_seed41020,drop,orbit_left_72,41020
03791_roll_orbit_right_60_seed42791,/home/nvme04/workspace/world_model_phys/PHYS/world_model_phys/local_assets/data/physion/generated_v5/converted_stage1_v1/03791_roll_orbit_right_60_seed42791,roll,orbit_right_60,42791
04311_containment_orbit_left_44_seed43311,/home/nvme04/workspace/world_model_phys/PHYS/world_model_phys/local_assets/data/physion/generated_v5/converted_stage1_v1/04311_containment_orbit_left_44_seed43311,containment,orbit_left_44,43311
03108_collision_orbit_right_64_seed42108,/home/nvme04/workspace/world_model_phys/PHYS/world_model_phys/local_assets/data/physion/generated_v5/converted_stage1_v1/03108_collision_orbit_right_64_seed42108,collision,orbit_right_64,42108
02485_collision_strafe_left_180_seed41485,/home/nvme04/workspace/world_model_phys/PHYS/world_model_phys/local_assets/data/physion/generated_v5/converted_stage1_v1/02485_collision_strafe_left_180_seed41485,collision,strafe_left_180,41485
01016_drop_orbit_left_72_seed40016,/home/nvme04/workspace/world_model_phys/PHYS/world_model_phys/local_assets/data/physion/generated_v5/converted_stage1_v1/01016_drop_orbit_left_72_seed40016,drop,orbit_left_72,40016
03173_collision_strafe_left_180_seed42173,/home/nvme04/workspace/world_model_phys/PHYS/world_model_phys/local_assets/data/physion/generated_v5/converted_stage1_v1/03173_collision_strafe_left_180_seed42173,collision,strafe_left_180,42173
02353_collision_strafe_left_180_seed41353,/home/nvme04/workspace/world_model_phys/PHYS/world_model_phys/local_assets/data/physion/generated_v5/converted_stage1_v1/02353_collision_strafe_left_180_seed41353,collision,strafe_left_180,41353
01603_drop_orbit_left_72_seed40603,/home/nvme04/workspace/world_model_phys/PHYS/world_model_phys/local_assets/data/physion/generated_v5/converted_stage1_v1/01603_drop_orbit_left_72_seed40603,drop,orbit_left_72,40603
02620_collision_orbit_right_64_seed41620,/home/nvme04/workspace/world_model_phys/PHYS/world_model_phys/local_assets/data/physion/generated_v5/converted_stage1_v1/02620_collision_orbit_right_64_seed41620,collision,orbit_right_64,41620
03652_roll_orbit_right_60_seed42652,/home/nvme04/workspace/world_model_phys/PHYS/world_model_phys/local_assets/data/physion/generated_v5/converted_stage1_v1/03652_roll_orbit_right_60_seed42652,roll,orbit_right_60,42652
01169_drop_orbit_left_72_seed40169,/home/nvme04/workspace/world_model_phys/PHYS/world_model_phys/local_assets/data/physion/generated_v5/converted_stage1_v1/01169_drop_orbit_left_72_seed40169,drop,orbit_left_72,40169
02687_collision_strafe_left_180_seed41687,/home/nvme04/workspace/world_model_phys/PHYS/world_model_phys/local_assets/data/physion/generated_v5/converted_stage1_v1/02687_collision_strafe_left_180_seed41687,collision,strafe_left_180,41687
02964_collision_orbit_right_64_seed41964,/home/nvme04/workspace/world_model_phys/PHYS/world_model_phys/local_assets/data/physion/generated_v5/converted_stage1_v1/02964_collision_orbit_right_64_seed41964,collision,orbit_right_64,41964
03945_roll_orbit_right_60_seed42945,/home/nvme04/workspace/world_model_phys/PHYS/world_model_phys/local_assets/data/physion/generated_v5/converted_stage1_v1/03945_roll_orbit_right_60_seed42945,roll,orbit_right_60,42945
03869_roll_orbit_right_60_seed42869,/home/nvme04/workspace/world_model_phys/PHYS/world_model_phys/local_assets/data/physion/generated_v5/converted_stage1_v1/03869_roll_orbit_right_60_seed42869,roll,orbit_right_60,42869
02062_drop_orbit_left_72_seed41062,/home/nvme04/workspace/world_model_phys/PHYS/world_model_phys/local_assets/data/physion/generated_v5/converted_stage1_v1/02062_drop_orbit_left_72_seed41062,drop,orbit_left_72,41062
03061_collision_strafe_left_180_seed42061,/home/nvme04/workspace/world_model_phys/PHYS/world_model_phys/local_assets/data/physion/generated_v5/converted_stage1_v1/03061_collision_strafe_left_180_seed42061,collision,strafe_left_180,42061
02089_drop_orbit_left_72_seed41089,/home/nvme04/workspace/world_model_phys/PHYS/world_model_phys/local_assets/data/physion/generated_v5/converted_stage1_v1/02089_drop_orbit_left_72_seed41089,drop,orbit_left_72,41089
02319_collision_strafe_left_180_seed41319,/home/nvme04/workspace/world_model_phys/PHYS/world_model_phys/local_assets/data/physion/generated_v5/converted_stage1_v1/02319_collision_strafe_left_180_seed41319,collision,strafe_left_180,41319
01346_drop_orbit_left_72_seed40346,/home/nvme04/workspace/world_model_phys/PHYS/world_model_phys/local_assets/data/physion/generated_v5/converted_stage1_v1/01346_drop_orbit_left_72_seed40346,drop,orbit_left_72,40346
03430_roll_orbit_right_60_seed42430,/home/nvme04/workspace/world_model_phys/PHYS/world_model_phys/local_assets/data/physion/generated_v5/converted_stage1_v1/03430_roll_orbit_right_60_seed42430,roll,orbit_right_60,42430
01482_drop_orbit_left_72_seed40482,/home/nvme04/workspace/world_model_phys/PHYS/world_model_phys/local_assets/data/physion/generated_v5/converted_stage1_v1/01482_drop_orbit_left_72_seed40482,drop,orbit_left_72,40482
01294_drop_orbit_left_72_seed40294,/home/nvme04/workspace/world_model_phys/PHYS/world_model_phys/local_assets/data/physion/generated_v5/converted_stage1_v1/01294_drop_orbit_left_72_seed40294,drop,orbit_left_72,40294
01076_drop_orbit_left_72_seed40076,/home/nvme04/workspace/world_model_phys/PHYS/world_model_phys/local_assets/data/physion/generated_v5/converted_stage1_v1/01076_drop_orbit_left_72_seed40076,drop,orbit_left_72,40076
01090_drop_orbit_left_72_seed40090,/home/nvme04/workspace/world_model_phys/PHYS/world_model_phys/local_assets/data/physion/generated_v5/converted_stage1_v1/01090_drop_orbit_left_72_seed40090,drop,orbit_left_72,40090
01259_drop_orbit_left_72_seed40259,/home/nvme04/workspace/world_model_phys/PHYS/world_model_phys/local_assets/data/physion/generated_v5/converted_stage1_v1/01259_drop_orbit_left_72_seed40259,drop,orbit_left_72,40259
04216_containment_orbit_left_44_seed43216,/home/nvme04/workspace/world_model_phys/PHYS/world_model_phys/local_assets/data/physion/generated_v5/converted_stage1_v1/04216_containment_orbit_left_44_seed43216,containment,orbit_left_44,43216
02269_collision_strafe_left_180_seed41269,/home/nvme04/workspace/world_model_phys/PHYS/world_model_phys/local_assets/data/physion/generated_v5/converted_stage1_v1/02269_collision_strafe_left_180_seed41269,collision,strafe_left_180,41269
03965_roll_orbit_right_60_seed42965,/home/nvme04/workspace/world_model_phys/PHYS/world_model_phys/local_assets/data/physion/generated_v5/converted_stage1_v1/03965_roll_orbit_right_60_seed42965,roll,orbit_right_60,42965
02070_drop_orbit_left_72_seed41070,/home/nvme04/workspace/world_model_phys/PHYS/world_model_phys/local_assets/data/physion/generated_v5/converted_stage1_v1/02070_drop_orbit_left_72_seed41070,drop,orbit_left_72,41070
01284_drop_orbit_left_72_seed40284,/home/nvme04/workspace/world_model_phys/PHYS/world_model_phys/local_assets/data/physion/generated_v5/converted_stage1_v1/01284_drop_orbit_left_72_seed40284,drop,orbit_left_72,40284
01042_drop_orbit_left_72_seed40042,/home/nvme04/workspace/world_model_phys/PHYS/world_model_phys/local_assets/data/physion/generated_v5/converted_stage1_v1/01042_drop_orbit_left_72_seed40042,drop,orbit_left_72,40042
02959_collision_strafe_left_180_seed41959,/home/nvme04/workspace/world_model_phys/PHYS/world_model_phys/local_assets/data/physion/generated_v5/converted_stage1_v1/02959_collision_strafe_left_180_seed41959,collision,strafe_left_180,41959
04229_containment_orbit_left_44_seed43229,/home/nvme04/workspace/world_model_phys/PHYS/world_model_phys/local_assets/data/physion/generated_v5/converted_stage1_v1/04229_containment_orbit_left_44_seed43229,containment,orbit_left_44,43229
02366_collision_orbit_right_64_seed41366,/home/nvme04/workspace/world_model_phys/PHYS/world_model_phys/local_assets/data/physion/generated_v5/converted_stage1_v1/02366_collision_orbit_right_64_seed41366,collision,orbit_right_64,41366
01968_drop_orbit_left_72_seed40968,/home/nvme04/workspace/world_model_phys/PHYS/world_model_phys/local_assets/data/physion/generated_v5/converted_stage1_v1/01968_drop_orbit_left_72_seed40968,drop,orbit_left_72,40968
03933_roll_orbit_right_60_seed42933,/home/nvme04/workspace/world_model_phys/PHYS/world_model_phys/local_assets/data/physion/generated_v5/converted_stage1_v1/03933_roll_orbit_right_60_seed42933,roll,orbit_right_60,42933
02787_collision_strafe_left_180_seed41787,/home/nvme04/workspace/world_model_phys/PHYS/world_model_phys/local_assets/data/physion/generated_v5/converted_stage1_v1/02787_collision_strafe_left_180_seed41787,collision,strafe_left_180,41787
03191_collision_strafe_left_180_seed42191,/home/nvme04/workspace/world_model_phys/PHYS/world_model_phys/local_assets/data/physion/generated_v5/converted_stage1_v1/03191_collision_strafe_left_180_seed42191,collision,strafe_left_180,42191
01741_drop_orbit_left_72_seed40741,/home/nvme04/workspace/world_model_phys/PHYS/world_model_phys/local_assets/data/physion/generated_v5/converted_stage1_v1/01741_drop_orbit_left_72_seed40741,drop,orbit_left_72,40741
03130_collision_orbit_right_64_seed42130,/home/nvme04/workspace/world_model_phys/PHYS/world_model_phys/local_assets/data/physion/generated_v5/converted_stage1_v1/03130_collision_orbit_right_64_seed42130,collision,orbit_right_64,42130
01535_drop_orbit_left_72_seed40535,/home/nvme04/workspace/world_model_phys/PHYS/world_model_phys/local_assets/data/physion/generated_v5/converted_stage1_v1/01535_drop_orbit_left_72_seed40535,drop,orbit_left_72,40535
03639_roll_orbit_right_60_seed42639,/home/nvme04/workspace/world_model_phys/PHYS/world_model_phys/local_assets/data/physion/generated_v5/converted_stage1_v1/03639_roll_orbit_right_60_seed42639,roll,orbit_right_60,42639
01070_drop_orbit_left_72_seed40070,/home/nvme04/workspace/world_model_phys/PHYS/world_model_phys/local_assets/data/physion/generated_v5/converted_stage1_v1/01070_drop_orbit_left_72_seed40070,drop,orbit_left_72,40070
03384_collision_orbit_right_64_seed42384,/home/nvme04/workspace/world_model_phys/PHYS/world_model_phys/local_assets/data/physion/generated_v5/converted_stage1_v1/03384_collision_orbit_right_64_seed42384,collision,orbit_right_64,42384
03251_collision_strafe_left_180_seed42251,/home/nvme04/workspace/world_model_phys/PHYS/world_model_phys/local_assets/data/physion/generated_v5/converted_stage1_v1/03251_collision_strafe_left_180_seed42251,collision,strafe_left_180,42251
03211_collision_strafe_left_180_seed42211,/home/nvme04/workspace/world_model_phys/PHYS/world_model_phys/local_assets/data/physion/generated_v5/converted_stage1_v1/03211_collision_strafe_left_180_seed42211,collision,strafe_left_180,42211
02858_collision_orbit_right_64_seed41858,/home/nvme04/workspace/world_model_phys/PHYS/world_model_phys/local_assets/data/physion/generated_v5/converted_stage1_v1/02858_collision_orbit_right_64_seed41858,collision,orbit_right_64,41858
03179_collision_strafe_left_180_seed42179,/home/nvme04/workspace/world_model_phys/PHYS/world_model_phys/local_assets/data/physion/generated_v5/converted_stage1_v1/03179_collision_strafe_left_180_seed42179,collision,strafe_left_180,42179
02967_collision_strafe_left_180_seed41967,/home/nvme04/workspace/world_model_phys/PHYS/world_model_phys/local_assets/data/physion/generated_v5/converted_stage1_v1/02967_collision_strafe_left_180_seed41967,collision,strafe_left_180,41967
01609_drop_orbit_left_72_seed40609,/home/nvme04/workspace/world_model_phys/PHYS/world_model_phys/local_assets/data/physion/generated_v5/converted_stage1_v1/01609_drop_orbit_left_72_seed40609,drop,orbit_left_72,40609
01360_drop_orbit_left_72_seed40360,/home/nvme04/workspace/world_model_phys/PHYS/world_model_phys/local_assets/data/physion/generated_v5/converted_stage1_v1/01360_drop_orbit_left_72_seed40360,drop,orbit_left_72,40360
04079_roll_orbit_right_60_seed43079,/home/nvme04/workspace/world_model_phys/PHYS/world_model_phys/local_assets/data/physion/generated_v5/converted_stage1_v1/04079_roll_orbit_right_60_seed43079,roll,orbit_right_60,43079
01718_drop_orbit_left_72_seed40718,/home/nvme04/workspace/world_model_phys/PHYS/world_model_phys/local_assets/data/physion/generated_v5/converted_stage1_v1/01718_drop_orbit_left_72_seed40718,drop,orbit_left_72,40718
02363_collision_strafe_left_180_seed41363,/home/nvme04/workspace/world_model_phys/PHYS/world_model_phys/local_assets/data/physion/generated_v5/converted_stage1_v1/02363_collision_strafe_left_180_seed41363,collision,strafe_left_180,41363
02220_collision_orbit_right_64_seed41220,/home/nvme04/workspace/world_model_phys/PHYS/world_model_phys/local_assets/data/physion/generated_v5/converted_stage1_v1/02220_collision_orbit_right_64_seed41220,collision,orbit_right_64,41220
02091_drop_orbit_left_72_seed41091,/home/nvme04/workspace/world_model_phys/PHYS/world_model_phys/local_assets/data/physion/generated_v5/converted_stage1_v1/02091_drop_orbit_left_72_seed41091,drop,orbit_left_72,41091
01032_drop_orbit_left_72_seed40032,/home/nvme04/workspace/world_model_phys/PHYS/world_model_phys/local_assets/data/physion/generated_v5/converted_stage1_v1/01032_drop_orbit_left_72_seed40032,drop,orbit_left_72,40032
02155_drop_orbit_left_72_seed41155,/home/nvme04/workspace/world_model_phys/PHYS/world_model_phys/local_assets/data/physion/generated_v5/converted_stage1_v1/02155_drop_orbit_left_72_seed41155,drop,orbit_left_72,41155
01055_drop_orbit_left_72_seed40055,/home/nvme04/workspace/world_model_phys/PHYS/world_model_phys/local_assets/data/physion/generated_v5/converted_stage1_v1/01055_drop_orbit_left_72_seed40055,drop,orbit_left_72,40055
04299_containment_orbit_left_44_seed43299,/home/nvme04/workspace/world_model_phys/PHYS/world_model_phys/local_assets/data/physion/generated_v5/converted_stage1_v1/04299_containment_orbit_left_44_seed43299,containment,orbit_left_44,43299
02615_collision_strafe_left_180_seed41615,/home/nvme04/workspace/world_model_phys/PHYS/world_model_phys/local_assets/data/physion/generated_v5/converted_stage1_v1/02615_collision_strafe_left_180_seed41615,collision,strafe_left_180,41615
03747_roll_orbit_right_60_seed42747,/home/nvme04/workspace/world_model_phys/PHYS/world_model_phys/local_assets/data/physion/generated_v5/converted_stage1_v1/03747_roll_orbit_right_60_seed42747,roll,orbit_right_60,42747
04332_containment_orbit_left_44_seed43332,/home/nvme04/workspace/world_model_phys/PHYS/world_model_phys/local_assets/data/physion/generated_v5/converted_stage1_v1/04332_containment_orbit_left_44_seed43332,containment,orbit_left_44,43332
03232_collision_orbit_right_64_seed42232,/home/nvme04/workspace/world_model_phys/PHYS/world_model_phys/local_assets/data/physion/generated_v5/converted_stage1_v1/03232_collision_orbit_right_64_seed42232,collision,orbit_right_64,42232
04258_containment_orbit_left_44_seed43258,/home/nvme04/workspace/world_model_phys/PHYS/world_model_phys/local_assets/data/physion/generated_v5/converted_stage1_v1/04258_containment_orbit_left_44_seed43258,containment,orbit_left_44,43258
01628_drop_orbit_left_72_seed40628,/home/nvme04/workspace/world_model_phys/PHYS/world_model_phys/local_assets/data/physion/generated_v5/converted_stage1_v1/01628_drop_orbit_left_72_seed40628,drop,orbit_left_72,40628
04076_roll_orbit_right_60_seed43076,/home/nvme04/workspace/world_model_phys/PHYS/world_model_phys/local_assets/data/physion/generated_v5/converted_stage1_v1/04076_roll_orbit_right_60_seed43076,roll,orbit_right_60,43076
03851_roll_orbit_right_60_seed42851,/home/nvme04/workspace/world_model_phys/PHYS/world_model_phys/local_assets/data/physion/generated_v5/converted_stage1_v1/03851_roll_orbit_right_60_seed42851,roll,orbit_right_60,42851
02973_collision_strafe_left_180_seed41973,/home/nvme04/workspace/world_model_phys/PHYS/world_model_phys/local_assets/data/physion/generated_v5/converted_stage1_v1/02973_collision_strafe_left_180_seed41973,collision,strafe_left_180,41973
01099_drop_orbit_left_72_seed40099,/home/nvme04/workspace/world_model_phys/PHYS/world_model_phys/local_assets/data/physion/generated_v5/converted_stage1_v1/01099_drop_orbit_left_72_seed40099,drop,orbit_left_72,40099
02032_drop_orbit_left_72_seed41032,/home/nvme04/workspace/world_model_phys/PHYS/world_model_phys/local_assets/data/physion/generated_v5/converted_stage1_v1/02032_drop_orbit_left_72_seed41032,drop,orbit_left_72,41032
03774_roll_orbit_right_60_seed42774,/home/nvme04/workspace/world_model_phys/PHYS/world_model_phys/local_assets/data/physion/generated_v5/converted_stage1_v1/03774_roll_orbit_right_60_seed42774,roll,orbit_right_60,42774
01089_drop_orbit_left_72_seed40089,/home/nvme04/workspace/world_model_phys/PHYS/world_model_phys/local_assets/data/physion/generated_v5/converted_stage1_v1/01089_drop_orbit_left_72_seed40089,drop,orbit_left_72,40089
01506_drop_orbit_left_72_seed40506,/home/nvme04/workspace/world_model_phys/PHYS/world_model_phys/local_assets/data/physion/generated_v5/converted_stage1_v1/01506_drop_orbit_left_72_seed40506,drop,orbit_left_72,40506
03797_roll_orbit_right_60_seed42797,/home/nvme04/workspace/world_model_phys/PHYS/world_model_phys/local_assets/data/physion/generated_v5/converted_stage1_v1/03797_roll_orbit_right_60_seed42797,roll,orbit_right_60,42797
03452_roll_orbit_right_60_seed42452,/home/nvme04/workspace/world_model_phys/PHYS/world_model_phys/local_assets/data/physion/generated_v5/converted_stage1_v1/03452_roll_orbit_right_60_seed42452,roll,orbit_right_60,42452
02052_drop_orbit_left_72_seed41052,/home/nvme04/workspace/world_model_phys/PHYS/world_model_phys/local_assets/data/physion/generated_v5/converted_stage1_v1/02052_drop_orbit_left_72_seed41052,drop,orbit_left_72,41052
02451_collision_strafe_left_180_seed41451,/home/nvme04/workspace/world_model_phys/PHYS/world_model_phys/local_assets/data/physion/generated_v5/converted_stage1_v1/02451_collision_strafe_left_180_seed41451,collision,strafe_left_180,41451
02416_collision_orbit_right_64_seed41416,/home/nvme04/workspace/world_model_phys/PHYS/world_model_phys/local_assets/data/physion/generated_v5/converted_stage1_v1/02416_collision_orbit_right_64_seed41416,collision,orbit_right_64,41416
01554_drop_orbit_left_72_seed40554,/home/nvme04/workspace/world_model_phys/PHYS/world_model_phys/local_assets/data/physion/generated_v5/converted_stage1_v1/01554_drop_orbit_left_72_seed40554,drop,orbit_left_72,40554
01310_drop_orbit_left_72_seed40310,/home/nvme04/workspace/world_model_phys/PHYS/world_model_phys/local_assets/data/physion/generated_v5/converted_stage1_v1/01310_drop_orbit_left_72_seed40310,drop,orbit_left_72,40310
02163_drop_orbit_left_72_seed41163,/home/nvme04/workspace/world_model_phys/PHYS/world_model_phys/local_assets/data/physion/generated_v5/converted_stage1_v1/02163_drop_orbit_left_72_seed41163,drop,orbit_left_72,41163
01800_drop_orbit_left_72_seed40800,/home/nvme04/workspace/world_model_phys/PHYS/world_model_phys/local_assets/data/physion/generated_v5/converted_stage1_v1/01800_drop_orbit_left_72_seed40800,drop,orbit_left_72,40800
02985_collision_strafe_left_180_seed41985,/home/nvme04/workspace/world_model_phys/PHYS/world_model_phys/local_assets/data/physion/generated_v5/converted_stage1_v1/02985_collision_strafe_left_180_seed41985,collision,strafe_left_180,41985
01503_drop_orbit_left_72_seed40503,/home/nvme04/workspace/world_model_phys/PHYS/world_model_phys/local_assets/data/physion/generated_v5/converted_stage1_v1/01503_drop_orbit_left_72_seed40503,drop,orbit_left_72,40503
03541_roll_orbit_right_60_seed42541,/home/nvme04/workspace/world_model_phys/PHYS/world_model_phys/local_assets/data/physion/generated_v5/converted_stage1_v1/03541_roll_orbit_right_60_seed42541,roll,orbit_right_60,42541
03901_roll_orbit_right_60_seed42901,/home/nvme04/workspace/world_model_phys/PHYS/world_model_phys/local_assets/data/physion/generated_v5/converted_stage1_v1/03901_roll_orbit_right_60_seed42901,roll,orbit_right_60,42901
03356_collision_orbit_right_64_seed42356,/home/nvme04/workspace/world_model_phys/PHYS/world_model_phys/local_assets/data/physion/generated_v5/converted_stage1_v1/03356_collision_orbit_right_64_seed42356,collision,orbit_right_64,42356
01743_drop_orbit_left_72_seed40743,/home/nvme04/workspace/world_model_phys/PHYS/world_model_phys/local_assets/data/physion/generated_v5/converted_stage1_v1/01743_drop_orbit_left_72_seed40743,drop,orbit_left_72,40743
02065_drop_orbit_left_72_seed41065,/home/nvme04/workspace/world_model_phys/PHYS/world_model_phys/local_assets/data/physion/generated_v5/converted_stage1_v1/02065_drop_orbit_left_72_seed41065,drop,orbit_left_72,41065
02037_drop_orbit_left_72_seed41037,/home/nvme04/workspace/world_model_phys/PHYS/world_model_phys/local_assets/data/physion/generated_v5/converted_stage1_v1/02037_drop_orbit_left_72_seed41037,drop,orbit_left_72,41037
01874_drop_orbit_left_72_seed40874,/home/nvme04/workspace/world_model_phys/PHYS/world_model_phys/local_assets/data/physion/generated_v5/converted_stage1_v1/01874_drop_orbit_left_72_seed40874,drop,orbit_left_72,40874
01492_drop_orbit_left_72_seed40492,/home/nvme04/workspace/world_model_phys/PHYS/world_model_phys/local_assets/data/physion/generated_v5/converted_stage1_v1/01492_drop_orbit_left_72_seed40492,drop,orbit_left_72,40492
03439_roll_orbit_right_60_seed42439,/home/nvme04/workspace/world_model_phys/PHYS/world_model_phys/local_assets/data/physion/generated_v5/converted_stage1_v1/03439_roll_orbit_right_60_seed42439,roll,orbit_right_60,42439
04256_containment_orbit_left_44_seed43256,/home/nvme04/workspace/world_model_phys/PHYS/world_model_phys/local_assets/data/physion/generated_v5/converted_stage1_v1/04256_containment_orbit_left_44_seed43256,containment,orbit_left_44,43256
04092_roll_orbit_right_60_seed43092,/home/nvme04/workspace/world_model_phys/PHYS/world_model_phys/local_assets/data/physion/generated_v5/converted_stage1_v1/04092_roll_orbit_right_60_seed43092,roll,orbit_right_60,43092
01902_drop_orbit_left_72_seed40902,/home/nvme04/workspace/world_model_phys/PHYS/world_model_phys/local_assets/data/physion/generated_v5/converted_stage1_v1/01902_drop_orbit_left_72_seed40902,drop,orbit_left_72,40902
03044_collision_orbit_right_64_seed42044,/home/nvme04/workspace/world_model_phys/PHYS/world_model_phys/local_assets/data/physion/generated_v5/converted_stage1_v1/03044_collision_orbit_right_64_seed42044,collision,orbit_right_64,42044
03277_collision_strafe_left_180_seed42277,/home/nvme04/workspace/world_model_phys/PHYS/world_model_phys/local_assets/data/physion/generated_v5/converted_stage1_v1/03277_collision_strafe_left_180_seed42277,collision,strafe_left_180,42277
02121_drop_orbit_left_72_seed41121,/home/nvme04/workspace/world_model_phys/PHYS/world_model_phys/local_assets/data/physion/generated_v5/converted_stage1_v1/02121_drop_orbit_left_72_seed41121,drop,orbit_left_72,41121
01945_drop_orbit_left_72_seed40945,/home/nvme04/workspace/world_model_phys/PHYS/world_model_phys/local_assets/data/physion/generated_v5/converted_stage1_v1/01945_drop_orbit_left_72_seed40945,drop,orbit_left_72,40945
01911_drop_orbit_left_72_seed40911,/home/nvme04/workspace/world_model_phys/PHYS/world_model_phys/local_assets/data/physion/generated_v5/converted_stage1_v1/01911_drop_orbit_left_72_seed40911,drop,orbit_left_72,40911
01727_drop_orbit_left_72_seed40727,/home/nvme04/workspace/world_model_phys/PHYS/world_model_phys/local_assets/data/physion/generated_v5/converted_stage1_v1/01727_drop_orbit_left_72_seed40727,drop,orbit_left_72,40727
01561_drop_orbit_left_72_seed40561,/home/nvme04/workspace/world_model_phys/PHYS/world_model_phys/local_assets/data/physion/generated_v5/converted_stage1_v1/01561_drop_orbit_left_72_seed40561,drop,orbit_left_72,40561
01596_drop_orbit_left_72_seed40596,/home/nvme04/workspace/world_model_phys/PHYS/world_model_phys/local_assets/data/physion/generated_v5/converted_stage1_v1/01596_drop_orbit_left_72_seed40596,drop,orbit_left_72,40596
03443_roll_orbit_right_60_seed42443,/home/nvme04/workspace/world_model_phys/PHYS/world_model_phys/local_assets/data/physion/generated_v5/converted_stage1_v1/03443_roll_orbit_right_60_seed42443,roll,orbit_right_60,42443
02179_drop_orbit_left_72_seed41179,/home/nvme04/workspace/world_model_phys/PHYS/world_model_phys/local_assets/data/physion/generated_v5/converted_stage1_v1/02179_drop_orbit_left_72_seed41179,drop,orbit_left_72,41179
01847_drop_orbit_left_72_seed40847,/home/nvme04/workspace/world_model_phys/PHYS/world_model_phys/local_assets/data/physion/generated_v5/converted_stage1_v1/01847_drop_orbit_left_72_seed40847,drop,orbit_left_72,40847
03981_roll_orbit_right_60_seed42981,/home/nvme04/workspace/world_model_phys/PHYS/world_model_phys/local_assets/data/physion/generated_v5/converted_stage1_v1/03981_roll_orbit_right_60_seed42981,roll,orbit_right_60,42981
04309_containment_orbit_left_44_seed43309,/home/nvme04/workspace/world_model_phys/PHYS/world_model_phys/local_assets/data/physion/generated_v5/converted_stage1_v1/04309_containment_orbit_left_44_seed43309,containment,orbit_left_44,43309
04237_containment_orbit_left_44_seed43237,/home/nvme04/workspace/world_model_phys/PHYS/world_model_phys/local_assets/data/physion/generated_v5/converted_stage1_v1/04237_containment_orbit_left_44_seed43237,containment,orbit_left_44,43237
01738_drop_orbit_left_72_seed40738,/home/nvme04/workspace/world_model_phys/PHYS/world_model_phys/local_assets/data/physion/generated_v5/converted_stage1_v1/01738_drop_orbit_left_72_seed40738,drop,orbit_left_72,40738
04053_roll_orbit_right_60_seed43053,/home/nvme04/workspace/world_model_phys/PHYS/world_model_phys/local_assets/data/physion/generated_v5/converted_stage1_v1/04053_roll_orbit_right_60_seed43053,roll,orbit_right_60,43053
03658_roll_orbit_right_60_seed42658,/home/nvme04/workspace/world_model_phys/PHYS/world_model_phys/local_assets/data/physion/generated_v5/converted_stage1_v1/03658_roll_orbit_right_60_seed42658,roll,orbit_right_60,42658
01179_drop_orbit_left_72_seed40179,/home/nvme04/workspace/world_model_phys/PHYS/world_model_phys/local_assets/data/physion/generated_v5/converted_stage1_v1/01179_drop_orbit_left_72_seed40179,drop,orbit_left_72,40179
02188_drop_orbit_left_72_seed41188,/home/nvme04/workspace/world_model_phys/PHYS/world_model_phys/local_assets/data/physion/generated_v5/converted_stage1_v1/02188_drop_orbit_left_72_seed41188,drop,orbit_left_72,41188
03135_collision_strafe_left_180_seed42135,/home/nvme04/workspace/world_model_phys/PHYS/world_model_phys/local_assets/data/physion/generated_v5/converted_stage1_v1/03135_collision_strafe_left_180_seed42135,collision,strafe_left_180,42135
03462_roll_orbit_right_60_seed42462,/home/nvme04/workspace/world_model_phys/PHYS/world_model_phys/local_assets/data/physion/generated_v5/converted_stage1_v1/03462_roll_orbit_right_60_seed42462,roll,orbit_right_60,42462
03838_roll_orbit_right_60_seed42838,/home/nvme04/workspace/world_model_phys/PHYS/world_model_phys/local_assets/data/physion/generated_v5/converted_stage1_v1/03838_roll_orbit_right_60_seed42838,roll,orbit_right_60,42838
02646_collision_orbit_right_64_seed41646,/home/nvme04/workspace/world_model_phys/PHYS/world_model_phys/local_assets/data/physion/generated_v5/converted_stage1_v1/02646_collision_orbit_right_64_seed41646,collision,orbit_right_64,41646
02360_collision_orbit_right_64_seed41360,/home/nvme04/workspace/world_model_phys/PHYS/world_model_phys/local_assets/data/physion/generated_v5/converted_stage1_v1/02360_collision_orbit_right_64_seed41360,collision,orbit_right_64,41360
03275_collision_strafe_left_180_seed42275,/home/nvme04/workspace/world_model_phys/PHYS/world_model_phys/local_assets/data/physion/generated_v5/converted_stage1_v1/03275_collision_strafe_left_180_seed42275,collision,strafe_left_180,42275
01991_drop_orbit_left_72_seed40991,/home/nvme04/workspace/world_model_phys/PHYS/world_model_phys/local_assets/data/physion/generated_v5/converted_stage1_v1/01991_drop_orbit_left_72_seed40991,drop,orbit_left_72,40991
02856_collision_orbit_right_64_seed41856,/home/nvme04/workspace/world_model_phys/PHYS/world_model_phys/local_assets/data/physion/generated_v5/converted_stage1_v1/02856_collision_orbit_right_64_seed41856,collision,orbit_right_64,41856
03824_roll_orbit_right_60_seed42824,/home/nvme04/workspace/world_model_phys/PHYS/world_model_phys/local_assets/data/physion/generated_v5/converted_stage1_v1/03824_roll_orbit_right_60_seed42824,roll,orbit_right_60,42824
02186_drop_orbit_left_72_seed41186,/home/nvme04/workspace/world_model_phys/PHYS/world_model_phys/local_assets/data/physion/generated_v5/converted_stage1_v1/02186_drop_orbit_left_72_seed41186,drop,orbit_left_72,41186
04298_containment_orbit_left_44_seed43298,/home/nvme04/workspace/world_model_phys/PHYS/world_model_phys/local_assets/data/physion/generated_v5/converted_stage1_v1/04298_containment_orbit_left_44_seed43298,containment,orbit_left_44,43298
03992_roll_orbit_right_60_seed42992,/home/nvme04/workspace/world_model_phys/PHYS/world_model_phys/local_assets/data/physion/generated_v5/converted_stage1_v1/03992_roll_orbit_right_60_seed42992,roll,orbit_right_60,42992
01614_drop_orbit_left_72_seed40614,/home/nvme04/workspace/world_model_phys/PHYS/world_model_phys/local_assets/data/physion/generated_v5/converted_stage1_v1/01614_drop_orbit_left_72_seed40614,drop,orbit_left_72,40614
04317_containment_orbit_left_44_seed43317,/home/nvme04/workspace/world_model_phys/PHYS/world_model_phys/local_assets/data/physion/generated_v5/converted_stage1_v1/04317_containment_orbit_left_44_seed43317,containment,orbit_left_44,43317
03866_roll_orbit_right_60_seed42866,/home/nvme04/workspace/world_model_phys/PHYS/world_model_phys/local_assets/data/physion/generated_v5/converted_stage1_v1/03866_roll_orbit_right_60_seed42866,roll,orbit_right_60,42866
02310_collision_orbit_right_64_seed41310,/home/nvme04/workspace/world_model_phys/PHYS/world_model_phys/local_assets/data/physion/generated_v5/converted_stage1_v1/02310_collision_orbit_right_64_seed41310,collision,orbit_right_64,41310
02727_collision_strafe_left_180_seed41727,/home/nvme04/workspace/world_model_phys/PHYS/world_model_phys/local_assets/data/physion/generated_v5/converted_stage1_v1/02727_collision_strafe_left_180_seed41727,collision,strafe_left_180,41727
03705_roll_orbit_right_60_seed42705,/home/nvme04/workspace/world_model_phys/PHYS/world_model_phys/local_assets/data/physion/generated_v5/converted_stage1_v1/03705_roll_orbit_right_60_seed42705,roll,orbit_right_60,42705
01927_drop_orbit_left_72_seed40927,/home/nvme04/workspace/world_model_phys/PHYS/world_model_phys/local_assets/data/physion/generated_v5/converted_stage1_v1/01927_drop_orbit_left_72_seed40927,drop,orbit_left_72,40927
03010_collision_orbit_right_64_seed42010,/home/nvme04/workspace/world_model_phys/PHYS/world_model_phys/local_assets/data/physion/generated_v5/converted_stage1_v1/03010_collision_orbit_right_64_seed42010,collision,orbit_right_64,42010
03508_roll_orbit_right_60_seed42508,/home/nvme04/workspace/world_model_phys/PHYS/world_model_phys/local_assets/data/physion/generated_v5/converted_stage1_v1/03508_roll_orbit_right_60_seed42508,roll,orbit_right_60,42508
01094_drop_orbit_left_72_seed40094,/home/nvme04/workspace/world_model_phys/PHYS/world_model_phys/local_assets/data/physion/generated_v5/converted_stage1_v1/01094_drop_orbit_left_72_seed40094,drop,orbit_left_72,40094
02798_collision_orbit_right_64_seed41798,/home/nvme04/workspace/world_model_phys/PHYS/world_model_phys/local_assets/data/physion/generated_v5/converted_stage1_v1/02798_collision_orbit_right_64_seed41798,collision,orbit_right_64,41798
03868_roll_orbit_right_60_seed42868,/home/nvme04/workspace/world_model_phys/PHYS/world_model_phys/local_assets/data/physion/generated_v5/converted_stage1_v1/03868_roll_orbit_right_60_seed42868,roll,orbit_right_60,42868
03861_roll_orbit_right_60_seed42861,/home/nvme04/workspace/world_model_phys/PHYS/world_model_phys/local_assets/data/physion/generated_v5/converted_stage1_v1/03861_roll_orbit_right_60_seed42861,roll,orbit_right_60,42861
02211_collision_strafe_left_180_seed41211,/home/nvme04/workspace/world_model_phys/PHYS/world_model_phys/local_assets/data/physion/generated_v5/converted_stage1_v1/02211_collision_strafe_left_180_seed41211,collision,strafe_left_180,41211
03355_collision_strafe_left_180_seed42355,/home/nvme04/workspace/world_model_phys/PHYS/world_model_phys/local_assets/data/physion/generated_v5/converted_stage1_v1/03355_collision_strafe_left_180_seed42355,collision,strafe_left_180,42355
03270_collision_orbit_right_64_seed42270,/home/nvme04/workspace/world_model_phys/PHYS/world_model_phys/local_assets/data/physion/generated_v5/converted_stage1_v1/03270_collision_orbit_right_64_seed42270,collision,orbit_right_64,42270
03994_roll_orbit_right_60_seed42994,/home/nvme04/workspace/world_model_phys/PHYS/world_model_phys/local_assets/data/physion/generated_v5/converted_stage1_v1/03994_roll_orbit_right_60_seed42994,roll,orbit_right_60,42994
03605_roll_orbit_right_60_seed42605,/home/nvme04/workspace/world_model_phys/PHYS/world_model_phys/local_assets/data/physion/generated_v5/converted_stage1_v1/03605_roll_orbit_right_60_seed42605,roll,orbit_right_60,42605
01018_drop_orbit_left_72_seed40018,/home/nvme04/workspace/world_model_phys/PHYS/world_model_phys/local_assets/data/physion/generated_v5/converted_stage1_v1/01018_drop_orbit_left_72_seed40018,drop,orbit_left_72,40018
01866_drop_orbit_left_72_seed40866,/home/nvme04/workspace/world_model_phys/PHYS/world_model_phys/local_assets/data/physion/generated_v5/converted_stage1_v1/01866_drop_orbit_left_72_seed40866,drop,orbit_left_72,40866
02841_collision_strafe_left_180_seed41841,/home/nvme04/workspace/world_model_phys/PHYS/world_model_phys/local_assets/data/physion/generated_v5/converted_stage1_v1/02841_collision_strafe_left_180_seed41841,collision,strafe_left_180,41841
01120_drop_orbit_left_72_seed40120,/home/nvme04/workspace/world_model_phys/PHYS/world_model_phys/local_assets/data/physion/generated_v5/converted_stage1_v1/01120_drop_orbit_left_72_seed40120,drop,orbit_left_72,40120
03096_collision_orbit_right_64_seed42096,/home/nvme04/workspace/world_model_phys/PHYS/world_model_phys/local_assets/data/physion/generated_v5/converted_stage1_v1/03096_collision_orbit_right_64_seed42096,collision,orbit_right_64,42096
01961_drop_orbit_left_72_seed40961,/home/nvme04/workspace/world_model_phys/PHYS/world_model_phys/local_assets/data/physion/generated_v5/converted_stage1_v1/01961_drop_orbit_left_72_seed40961,drop,orbit_left_72,40961
03775_roll_orbit_right_60_seed42775,/home/nvme04/workspace/world_model_phys/PHYS/world_model_phys/local_assets/data/physion/generated_v5/converted_stage1_v1/03775_roll_orbit_right_60_seed42775,roll,orbit_right_60,42775
03476_roll_orbit_right_60_seed42476,/home/nvme04/workspace/world_model_phys/PHYS/world_model_phys/local_assets/data/physion/generated_v5/converted_stage1_v1/03476_roll_orbit_right_60_seed42476,roll,orbit_right_60,42476
02228_collision_orbit_right_64_seed41228,/home/nvme04/workspace/world_model_phys/PHYS/world_model_phys/local_assets/data/physion/generated_v5/converted_stage1_v1/02228_collision_orbit_right_64_seed41228,collision,orbit_right_64,41228
01143_drop_orbit_left_72_seed40143,/home/nvme04/workspace/world_model_phys/PHYS/world_model_phys/local_assets/data/physion/generated_v5/converted_stage1_v1/01143_drop_orbit_left_72_seed40143,drop,orbit_left_72,40143
01255_drop_orbit_left_72_seed40255,/home/nvme04/workspace/world_model_phys/PHYS/world_model_phys/local_assets/data/physion/generated_v5/converted_stage1_v1/01255_drop_orbit_left_72_seed40255,drop,orbit_left_72,40255
04081_roll_orbit_right_60_seed43081,/home/nvme04/workspace/world_model_phys/PHYS/world_model_phys/local_assets/data/physion/generated_v5/converted_stage1_v1/04081_roll_orbit_right_60_seed43081,roll,orbit_right_60,43081
02385_collision_strafe_left_180_seed41385,/home/nvme04/workspace/world_model_phys/PHYS/world_model_phys/local_assets/data/physion/generated_v5/converted_stage1_v1/02385_collision_strafe_left_180_seed41385,collision,strafe_left_180,41385
03720_roll_orbit_right_60_seed42720,/home/nvme04/workspace/world_model_phys/PHYS/world_model_phys/local_assets/data/physion/generated_v5/converted_stage1_v1/03720_roll_orbit_right_60_seed42720,roll,orbit_right_60,42720
04090_roll_orbit_right_60_seed43090,/home/nvme04/workspace/world_model_phys/PHYS/world_model_phys/local_assets/data/physion/generated_v5/converted_stage1_v1/04090_roll_orbit_right_60_seed43090,roll,orbit_right_60,43090
01573_drop_orbit_left_72_seed40573,/home/nvme04/workspace/world_model_phys/PHYS/world_model_phys/local_assets/data/physion/generated_v5/converted_stage1_v1/01573_drop_orbit_left_72_seed40573,drop,orbit_left_72,40573
01382_drop_orbit_left_72_seed40382,/home/nvme04/workspace/world_model_phys/PHYS/world_model_phys/local_assets/data/physion/generated_v5/converted_stage1_v1/01382_drop_orbit_left_72_seed40382,drop,orbit_left_72,40382
03555_roll_orbit_right_60_seed42555,/home/nvme04/workspace/world_model_phys/PHYS/world_model_phys/local_assets/data/physion/generated_v5/converted_stage1_v1/03555_roll_orbit_right_60_seed42555,roll,orbit_right_60,42555
03748_roll_orbit_right_60_seed42748,/home/nvme04/workspace/world_model_phys/PHYS/world_model_phys/local_assets/data/physion/generated_v5/converted_stage1_v1/03748_roll_orbit_right_60_seed42748,roll,orbit_right_60,42748
03529_roll_orbit_right_60_seed42529,/home/nvme04/workspace/world_model_phys/PHYS/world_model_phys/local_assets/data/physion/generated_v5/converted_stage1_v1/03529_roll_orbit_right_60_seed42529,roll,orbit_right_60,42529
02614_collision_orbit_right_64_seed41614,/home/nvme04/workspace/world_model_phys/PHYS/world_model_phys/local_assets/data/physion/generated_v5/converted_stage1_v1/02614_collision_orbit_right_64_seed41614,collision,orbit_right_64,41614
03256_collision_orbit_right_64_seed42256,/home/nvme04/workspace/world_model_phys/PHYS/world_model_phys/local_assets/data/physion/generated_v5/converted_stage1_v1/03256_collision_orbit_right_64_seed42256,collision,orbit_right_64,42256
03332_collision_orbit_right_64_seed42332,/home/nvme04/workspace/world_model_phys/PHYS/world_model_phys/local_assets/data/physion/generated_v5/converted_stage1_v1/03332_collision_orbit_right_64_seed42332,collision,orbit_right_64,42332
02050_drop_orbit_left_72_seed41050,/home/nvme04/workspace/world_model_phys/PHYS/world_model_phys/local_assets/data/physion/generated_v5/converted_stage1_v1/02050_drop_orbit_left_72_seed41050,drop,orbit_left_72,41050
03312_collision_orbit_right_64_seed42312,/home/nvme04/workspace/world_model_phys/PHYS/world_model_phys/local_assets/data/physion/generated_v5/converted_stage1_v1/03312_collision_orbit_right_64_seed42312,collision,orbit_right_64,42312
01075_drop_orbit_left_72_seed40075,/home/nvme04/workspace/world_model_phys/PHYS/world_model_phys/local_assets/data/physion/generated_v5/converted_stage1_v1/01075_drop_orbit_left_72_seed40075,drop,orbit_left_72,40075
01073_drop_orbit_left_72_seed40073,/home/nvme04/workspace/world_model_phys/PHYS/world_model_phys/local_assets/data/physion/generated_v5/converted_stage1_v1/01073_drop_orbit_left_72_seed40073,drop,orbit_left_72,40073
02705_collision_strafe_left_180_seed41705,/home/nvme04/workspace/world_model_phys/PHYS/world_model_phys/local_assets/data/physion/generated_v5/converted_stage1_v1/02705_collision_strafe_left_180_seed41705,collision,strafe_left_180,41705
04001_roll_orbit_right_60_seed43001,/home/nvme04/workspace/world_model_phys/PHYS/world_model_phys/local_assets/data/physion/generated_v5/converted_stage1_v1/04001_roll_orbit_right_60_seed43001,roll,orbit_right_60,43001
02904_collision_orbit_right_64_seed41904,/home/nvme04/workspace/world_model_phys/PHYS/world_model_phys/local_assets/data/physion/generated_v5/converted_stage1_v1/02904_collision_orbit_right_64_seed41904,collision,orbit_right_64,41904
02718_collision_orbit_right_64_seed41718,/home/nvme04/workspace/world_model_phys/PHYS/world_model_phys/local_assets/data/physion/generated_v5/converted_stage1_v1/02718_collision_orbit_right_64_seed41718,collision,orbit_right_64,41718
01200_drop_orbit_left_72_seed40200,/home/nvme04/workspace/world_model_phys/PHYS/world_model_phys/local_assets/data/physion/generated_v5/converted_stage1_v1/01200_drop_orbit_left_72_seed40200,drop,orbit_left_72,40200
03968_roll_orbit_right_60_seed42968,/home/nvme04/workspace/world_model_phys/PHYS/world_model_phys/local_assets/data/physion/generated_v5/converted_stage1_v1/03968_roll_orbit_right_60_seed42968,roll,orbit_right_60,42968
02609_collision_strafe_left_180_seed41609,/home/nvme04/workspace/world_model_phys/PHYS/world_model_phys/local_assets/data/physion/generated_v5/converted_stage1_v1/02609_collision_strafe_left_180_seed41609,collision,strafe_left_180,41609
03915_roll_orbit_right_60_seed42915,/home/nvme04/workspace/world_model_phys/PHYS/world_model_phys/local_assets/data/physion/generated_v5/converted_stage1_v1/03915_roll_orbit_right_60_seed42915,roll,orbit_right_60,42915
01620_drop_orbit_left_72_seed40620,/home/nvme04/workspace/world_model_phys/PHYS/world_model_phys/local_assets/data/physion/generated_v5/converted_stage1_v1/01620_drop_orbit_left_72_seed40620,drop,orbit_left_72,40620
02187_drop_orbit_left_72_seed41187,/home/nvme04/workspace/world_model_phys/PHYS/world_model_phys/local_assets/data/physion/generated_v5/converted_stage1_v1/02187_drop_orbit_left_72_seed41187,drop,orbit_left_72,41187
02048_drop_orbit_left_72_seed41048,/home/nvme04/workspace/world_model_phys/PHYS/world_model_phys/local_assets/data/physion/generated_v5/converted_stage1_v1/02048_drop_orbit_left_72_seed41048,drop,orbit_left_72,41048
01049_drop_orbit_left_72_seed40049,/home/nvme04/workspace/world_model_phys/PHYS/world_model_phys/local_assets/data/physion/generated_v5/converted_stage1_v1/01049_drop_orbit_left_72_seed40049,drop,orbit_left_72,40049
01970_drop_orbit_left_72_seed40970,/home/nvme04/workspace/world_model_phys/PHYS/world_model_phys/local_assets/data/physion/generated_v5/converted_stage1_v1/01970_drop_orbit_left_72_seed40970,drop,orbit_left_72,40970
03923_roll_orbit_right_60_seed42923,/home/nvme04/workspace/world_model_phys/PHYS/world_model_phys/local_assets/data/physion/generated_v5/converted_stage1_v1/03923_roll_orbit_right_60_seed42923,roll,orbit_right_60,42923
01485_drop_orbit_left_72_seed40485,/home/nvme04/workspace/world_model_phys/PHYS/world_model_phys/local_assets/data/physion/generated_v5/converted_stage1_v1/01485_drop_orbit_left_72_seed40485,drop,orbit_left_72,40485
03094_collision_orbit_right_64_seed42094,/home/nvme04/workspace/world_model_phys/PHYS/world_model_phys/local_assets/data/physion/generated_v5/converted_stage1_v1/03094_collision_orbit_right_64_seed42094,collision,orbit_right_64,42094
03425_roll_orbit_right_60_seed42425,/home/nvme04/workspace/world_model_phys/PHYS/world_model_phys/local_assets/data/physion/generated_v5/converted_stage1_v1/03425_roll_orbit_right_60_seed42425,roll,orbit_right_60,42425
01171_drop_orbit_left_72_seed40171,/home/nvme04/workspace/world_model_phys/PHYS/world_model_phys/local_assets/data/physion/generated_v5/converted_stage1_v1/01171_drop_orbit_left_72_seed40171,drop,orbit_left_72,40171
03085_collision_strafe_left_180_seed42085,/home/nvme04/workspace/world_model_phys/PHYS/world_model_phys/local_assets/data/physion/generated_v5/converted_stage1_v1/03085_collision_strafe_left_180_seed42085,collision,strafe_left_180,42085
03090_collision_orbit_right_64_seed42090,/home/nvme04/workspace/world_model_phys/PHYS/world_model_phys/local_assets/data/physion/generated_v5/converted_stage1_v1/03090_collision_orbit_right_64_seed42090,collision,orbit_right_64,42090
02226_collision_orbit_right_64_seed41226,/home/nvme04/workspace/world_model_phys/PHYS/world_model_phys/local_assets/data/physion/generated_v5/converted_stage1_v1/02226_collision_orbit_right_64_seed41226,collision,orbit_right_64,41226
02407_collision_strafe_left_180_seed41407,/home/nvme04/workspace/world_model_phys/PHYS/world_model_phys/local_assets/data/physion/generated_v5/converted_stage1_v1/02407_collision_strafe_left_180_seed41407,collision,strafe_left_180,41407
01221_drop_orbit_left_72_seed40221,/home/nvme04/workspace/world_model_phys/PHYS/world_model_phys/local_assets/data/physion/generated_v5/converted_stage1_v1/01221_drop_orbit_left_72_seed40221,drop,orbit_left_72,40221
02329_collision_strafe_left_180_seed41329,/home/nvme04/workspace/world_model_phys/PHYS/world_model_phys/local_assets/data/physion/generated_v5/converted_stage1_v1/02329_collision_strafe_left_180_seed41329,collision,strafe_left_180,41329
03635_roll_orbit_right_60_seed42635,/home/nvme04/workspace/world_model_phys/PHYS/world_model_phys/local_assets/data/physion/generated_v5/converted_stage1_v1/03635_roll_orbit_right_60_seed42635,roll,orbit_right_60,42635
03043_collision_strafe_left_180_seed42043,/home/nvme04/workspace/world_model_phys/PHYS/world_model_phys/local_assets/data/physion/generated_v5/converted_stage1_v1/03043_collision_strafe_left_180_seed42043,collision,strafe_left_180,42043
03644_roll_orbit_right_60_seed42644,/home/nvme04/workspace/world_model_phys/PHYS/world_model_phys/local_assets/data/physion/generated_v5/converted_stage1_v1/03644_roll_orbit_right_60_seed42644,roll,orbit_right_60,42644
03049_collision_strafe_left_180_seed42049,/home/nvme04/workspace/world_model_phys/PHYS/world_model_phys/local_assets/data/physion/generated_v5/converted_stage1_v1/03049_collision_strafe_left_180_seed42049,collision,strafe_left_180,42049
01454_drop_orbit_left_72_seed40454,/home/nvme04/workspace/world_model_phys/PHYS/world_model_phys/local_assets/data/physion/generated_v5/converted_stage1_v1/01454_drop_orbit_left_72_seed40454,drop,orbit_left_72,40454
02486_collision_orbit_right_64_seed41486,/home/nvme04/workspace/world_model_phys/PHYS/world_model_phys/local_assets/data/physion/generated_v5/converted_stage1_v1/02486_collision_orbit_right_64_seed41486,collision,orbit_right_64,41486
02591_collision_strafe_left_180_seed41591,/home/nvme04/workspace/world_model_phys/PHYS/world_model_phys/local_assets/data/physion/generated_v5/converted_stage1_v1/02591_collision_strafe_left_180_seed41591,collision,strafe_left_180,41591
03696_roll_orbit_right_60_seed42696,/home/nvme04/workspace/world_model_phys/PHYS/world_model_phys/local_assets/data/physion/generated_v5/converted_stage1_v1/03696_roll_orbit_right_60_seed42696,roll,orbit_right_60,42696
01732_drop_orbit_left_72_seed40732,/home/nvme04/workspace/world_model_phys/PHYS/world_model_phys/local_assets/data/physion/generated_v5/converted_stage1_v1/01732_drop_orbit_left_72_seed40732,drop,orbit_left_72,40732
03875_roll_orbit_right_60_seed42875,/home/nvme04/workspace/world_model_phys/PHYS/world_model_phys/local_assets/data/physion/generated_v5/converted_stage1_v1/03875_roll_orbit_right_60_seed42875,roll,orbit_right_60,42875
01322_drop_orbit_left_72_seed40322,/home/nvme04/workspace/world_model_phys/PHYS/world_model_phys/local_assets/data/physion/generated_v5/converted_stage1_v1/01322_drop_orbit_left_72_seed40322,drop,orbit_left_72,40322
02450_collision_orbit_right_64_seed41450,/home/nvme04/workspace/world_model_phys/PHYS/world_model_phys/local_assets/data/physion/generated_v5/converted_stage1_v1/02450_collision_orbit_right_64_seed41450,collision,orbit_right_64,41450
03070_collision_orbit_right_64_seed42070,/home/nvme04/workspace/world_model_phys/PHYS/world_model_phys/local_assets/data/physion/generated_v5/converted_stage1_v1/03070_collision_orbit_right_64_seed42070,collision,orbit_right_64,42070
03220_collision_orbit_right_64_seed42220,/home/nvme04/workspace/world_model_phys/PHYS/world_model_phys/local_assets/data/physion/generated_v5/converted_stage1_v1/03220_collision_orbit_right_64_seed42220,collision,orbit_right_64,42220
03041_collision_strafe_left_180_seed42041,/home/nvme04/workspace/world_model_phys/PHYS/world_model_phys/local_assets/data/physion/generated_v5/converted_stage1_v1/03041_collision_strafe_left_180_seed42041,collision,strafe_left_180,42041
03370_collision_orbit_right_64_seed42370,/home/nvme04/workspace/world_model_phys/PHYS/world_model_phys/local_assets/data/physion/generated_v5/converted_stage1_v1/03370_collision_orbit_right_64_seed42370,collision,orbit_right_64,42370
01729_drop_orbit_left_72_seed40729,/home/nvme04/workspace/world_model_phys/PHYS/world_model_phys/local_assets/data/physion/generated_v5/converted_stage1_v1/01729_drop_orbit_left_72_seed40729,drop,orbit_left_72,40729
02919_collision_strafe_left_180_seed41919,/home/nvme04/workspace/world_model_phys/PHYS/world_model_phys/local_assets/data/physion/generated_v5/converted_stage1_v1/02919_collision_strafe_left_180_seed41919,collision,strafe_left_180,41919
01258_drop_orbit_left_72_seed40258,/home/nvme04/workspace/world_model_phys/PHYS/world_model_phys/local_assets/data/physion/generated_v5/converted_stage1_v1/01258_drop_orbit_left_72_seed40258,drop,orbit_left_72,40258
02939_collision_strafe_left_180_seed41939,/home/nvme04/workspace/world_model_phys/PHYS/world_model_phys/local_assets/data/physion/generated_v5/converted_stage1_v1/02939_collision_strafe_left_180_seed41939,collision,strafe_left_180,41939
02439_collision_strafe_left_180_seed41439,/home/nvme04/workspace/world_model_phys/PHYS/world_model_phys/local_assets/data/physion/generated_v5/converted_stage1_v1/02439_collision_strafe_left_180_seed41439,collision,strafe_left_180,41439
02600_collision_orbit_right_64_seed41600,/home/nvme04/workspace/world_model_phys/PHYS/world_model_phys/local_assets/data/physion/generated_v5/converted_stage1_v1/02600_collision_orbit_right_64_seed41600,collision,orbit_right_64,41600
01405_drop_orbit_left_72_seed40405,/home/nvme04/workspace/world_model_phys/PHYS/world_model_phys/local_assets/data/physion/generated_v5/converted_stage1_v1/01405_drop_orbit_left_72_seed40405,drop,orbit_left_72,40405
03519_roll_orbit_right_60_seed42519,/home/nvme04/workspace/world_model_phys/PHYS/world_model_phys/local_assets/data/physion/generated_v5/converted_stage1_v1/03519_roll_orbit_right_60_seed42519,roll,orbit_right_60,42519
01237_drop_orbit_left_72_seed40237,/home/nvme04/workspace/world_model_phys/PHYS/world_model_phys/local_assets/data/physion/generated_v5/converted_stage1_v1/01237_drop_orbit_left_72_seed40237,drop,orbit_left_72,40237
02726_collision_orbit_right_64_seed41726,/home/nvme04/workspace/world_model_phys/PHYS/world_model_phys/local_assets/data/physion/generated_v5/converted_stage1_v1/02726_collision_orbit_right_64_seed41726,collision,orbit_right_64,41726
02417_collision_strafe_left_180_seed41417,/home/nvme04/workspace/world_model_phys/PHYS/world_model_phys/local_assets/data/physion/generated_v5/converted_stage1_v1/02417_collision_strafe_left_180_seed41417,collision,strafe_left_180,41417
01351_drop_orbit_left_72_seed40351,/home/nvme04/workspace/world_model_phys/PHYS/world_model_phys/local_assets/data/physion/generated_v5/converted_stage1_v1/01351_drop_orbit_left_72_seed40351,drop,orbit_left_72,40351
03129_collision_strafe_left_180_seed42129,/home/nvme04/workspace/world_model_phys/PHYS/world_model_phys/local_assets/data/physion/generated_v5/converted_stage1_v1/03129_collision_strafe_left_180_seed42129,collision,strafe_left_180,42129
04290_containment_orbit_left_44_seed43290,/home/nvme04/workspace/world_model_phys/PHYS/world_model_phys/local_assets/data/physion/generated_v5/converted_stage1_v1/04290_containment_orbit_left_44_seed43290,containment,orbit_left_44,43290
02306_collision_orbit_right_64_seed41306,/home/nvme04/workspace/world_model_phys/PHYS/world_model_phys/local_assets/data/physion/generated_v5/converted_stage1_v1/02306_collision_orbit_right_64_seed41306,collision,orbit_right_64,41306
03091_collision_strafe_left_180_seed42091,/home/nvme04/workspace/world_model_phys/PHYS/world_model_phys/local_assets/data/physion/generated_v5/converted_stage1_v1/03091_collision_strafe_left_180_seed42091,collision,strafe_left_180,42091
01195_drop_orbit_left_72_seed40195,/home/nvme04/workspace/world_model_phys/PHYS/world_model_phys/local_assets/data/physion/generated_v5/converted_stage1_v1/01195_drop_orbit_left_72_seed40195,drop,orbit_left_72,40195
01449_drop_orbit_left_72_seed40449,/home/nvme04/workspace/world_model_phys/PHYS/world_model_phys/local_assets/data/physion/generated_v5/converted_stage1_v1/01449_drop_orbit_left_72_seed40449,drop,orbit_left_72,40449
02714_collision_orbit_right_64_seed41714,/home/nvme04/workspace/world_model_phys/PHYS/world_model_phys/local_assets/data/physion/generated_v5/converted_stage1_v1/02714_collision_orbit_right_64_seed41714,collision,orbit_right_64,41714
01077_drop_orbit_left_72_seed40077,/home/nvme04/workspace/world_model_phys/PHYS/world_model_phys/local_assets/data/physion/generated_v5/converted_stage1_v1/01077_drop_orbit_left_72_seed40077,drop,orbit_left_72,40077
02374_collision_orbit_right_64_seed41374,/home/nvme04/workspace/world_model_phys/PHYS/world_model_phys/local_assets/data/physion/generated_v5/converted_stage1_v1/02374_collision_orbit_right_64_seed41374,collision,orbit_right_64,41374
01369_drop_orbit_left_72_seed40369,/home/nvme04/workspace/world_model_phys/PHYS/world_model_phys/local_assets/data/physion/generated_v5/converted_stage1_v1/01369_drop_orbit_left_72_seed40369,drop,orbit_left_72,40369
01674_drop_orbit_left_72_seed40674,/home/nvme04/workspace/world_model_phys/PHYS/world_model_phys/local_assets/data/physion/generated_v5/converted_stage1_v1/01674_drop_orbit_left_72_seed40674,drop,orbit_left_72,40674
01842_drop_orbit_left_72_seed40842,/home/nvme04/workspace/world_model_phys/PHYS/world_model_phys/local_assets/data/physion/generated_v5/converted_stage1_v1/01842_drop_orbit_left_72_seed40842,drop,orbit_left_72,40842
03988_roll_orbit_right_60_seed42988,/home/nvme04/workspace/world_model_phys/PHYS/world_model_phys/local_assets/data/physion/generated_v5/converted_stage1_v1/03988_roll_orbit_right_60_seed42988,roll,orbit_right_60,42988
01785_drop_orbit_left_72_seed40785,/home/nvme04/workspace/world_model_phys/PHYS/world_model_phys/local_assets/data/physion/generated_v5/converted_stage1_v1/01785_drop_orbit_left_72_seed40785,drop,orbit_left_72,40785
01197_drop_orbit_left_72_seed40197,/home/nvme04/workspace/world_model_phys/PHYS/world_model_phys/local_assets/data/physion/generated_v5/converted_stage1_v1/01197_drop_orbit_left_72_seed40197,drop,orbit_left_72,40197
02236_collision_orbit_right_64_seed41236,/home/nvme04/workspace/world_model_phys/PHYS/world_model_phys/local_assets/data/physion/generated_v5/converted_stage1_v1/02236_collision_orbit_right_64_seed41236,collision,orbit_right_64,41236
02433_collision_strafe_left_180_seed41433,/home/nvme04/workspace/world_model_phys/PHYS/world_model_phys/local_assets/data/physion/generated_v5/converted_stage1_v1/02433_collision_strafe_left_180_seed41433,collision,strafe_left_180,41433
03245_collision_strafe_left_180_seed42245,/home/nvme04/workspace/world_model_phys/PHYS/world_model_phys/local_assets/data/physion/generated_v5/converted_stage1_v1/03245_collision_strafe_left_180_seed42245,collision,strafe_left_180,42245
01061_drop_orbit_left_72_seed40061,/home/nvme04/workspace/world_model_phys/PHYS/world_model_phys/local_assets/data/physion/generated_v5/converted_stage1_v1/01061_drop_orbit_left_72_seed40061,drop,orbit_left_72,40061
02216_collision_orbit_right_64_seed41216,/home/nvme04/workspace/world_model_phys/PHYS/world_model_phys/local_assets/data/physion/generated_v5/converted_stage1_v1/02216_collision_orbit_right_64_seed41216,collision,orbit_right_64,41216
02886_collision_orbit_right_64_seed41886,/home/nvme04/workspace/world_model_phys/PHYS/world_model_phys/local_assets/data/physion/generated_v5/converted_stage1_v1/02886_collision_orbit_right_64_seed41886,collision,orbit_right_64,41886
01924_drop_orbit_left_72_seed40924,/home/nvme04/workspace/world_model_phys/PHYS/world_model_phys/local_assets/data/physion/generated_v5/converted_stage1_v1/01924_drop_orbit_left_72_seed40924,drop,orbit_left_72,40924
01373_drop_orbit_left_72_seed40373,/home/nvme04/workspace/world_model_phys/PHYS/world_model_phys/local_assets/data/physion/generated_v5/converted_stage1_v1/01373_drop_orbit_left_72_seed40373,drop,orbit_left_72,40373
02069_drop_orbit_left_72_seed41069,/home/nvme04/workspace/world_model_phys/PHYS/world_model_phys/local_assets/data/physion/generated_v5/converted_stage1_v1/02069_drop_orbit_left_72_seed41069,drop,orbit_left_72,41069
02721_collision_strafe_left_180_seed41721,/home/nvme04/workspace/world_model_phys/PHYS/world_model_phys/local_assets/data/physion/generated_v5/converted_stage1_v1/02721_collision_strafe_left_180_seed41721,collision,strafe_left_180,41721
03600_roll_orbit_right_60_seed42600,/home/nvme04/workspace/world_model_phys/PHYS/world_model_phys/local_assets/data/physion/generated_v5/converted_stage1_v1/03600_roll_orbit_right_60_seed42600,roll,orbit_right_60,42600
03903_roll_orbit_right_60_seed42903,/home/nvme04/workspace/world_model_phys/PHYS/world_model_phys/local_assets/data/physion/generated_v5/converted_stage1_v1/03903_roll_orbit_right_60_seed42903,roll,orbit_right_60,42903
02460_collision_orbit_right_64_seed41460,/home/nvme04/workspace/world_model_phys/PHYS/world_model_phys/local_assets/data/physion/generated_v5/converted_stage1_v1/02460_collision_orbit_right_64_seed41460,collision,orbit_right_64,41460
01955_drop_orbit_left_72_seed40955,/home/nvme04/workspace/world_model_phys/PHYS/world_model_phys/local_assets/data/physion/generated_v5/converted_stage1_v1/01955_drop_orbit_left_72_seed40955,drop,orbit_left_72,40955
01315_drop_orbit_left_72_seed40315,/home/nvme04/workspace/world_model_phys/PHYS/world_model_phys/local_assets/data/physion/generated_v5/converted_stage1_v1/01315_drop_orbit_left_72_seed40315,drop,orbit_left_72,40315
04350_containment_orbit_left_44_seed43350,/home/nvme04/workspace/world_model_phys/PHYS/world_model_phys/local_assets/data/physion/generated_v5/converted_stage1_v1/04350_containment_orbit_left_44_seed43350,containment,orbit_left_44,43350
03316_collision_orbit_right_64_seed42316,/home/nvme04/workspace/world_model_phys/PHYS/world_model_phys/local_assets/data/physion/generated_v5/converted_stage1_v1/03316_collision_orbit_right_64_seed42316,collision,orbit_right_64,42316
04325_containment_orbit_left_44_seed43325,/home/nvme04/workspace/world_model_phys/PHYS/world_model_phys/local_assets/data/physion/generated_v5/converted_stage1_v1/04325_containment_orbit_left_44_seed43325,containment,orbit_left_44,43325
02118_drop_orbit_left_72_seed41118,/home/nvme04/workspace/world_model_phys/PHYS/world_model_phys/local_assets/data/physion/generated_v5/converted_stage1_v1/02118_drop_orbit_left_72_seed41118,drop,orbit_left_72,41118
02258_collision_orbit_right_64_seed41258,/home/nvme04/workspace/world_model_phys/PHYS/world_model_phys/local_assets/data/physion/generated_v5/converted_stage1_v1/02258_collision_orbit_right_64_seed41258,collision,orbit_right_64,41258
02463_collision_strafe_left_180_seed41463,/home/nvme04/workspace/world_model_phys/PHYS/world_model_phys/local_assets/data/physion/generated_v5/converted_stage1_v1/02463_collision_strafe_left_180_seed41463,collision,strafe_left_180,41463
01368_drop_orbit_left_72_seed40368,/home/nvme04/workspace/world_model_phys/PHYS/world_model_phys/local_assets/data/physion/generated_v5/converted_stage1_v1/01368_drop_orbit_left_72_seed40368,drop,orbit_left_72,40368
02772_collision_orbit_right_64_seed41772,/home/nvme04/workspace/world_model_phys/PHYS/world_model_phys/local_assets/data/physion/generated_v5/converted_stage1_v1/02772_collision_orbit_right_64_seed41772,collision,orbit_right_64,41772
01473_drop_orbit_left_72_seed40473,/home/nvme04/workspace/world_model_phys/PHYS/world_model_phys/local_assets/data/physion/generated_v5/converted_stage1_v1/01473_drop_orbit_left_72_seed40473,drop,orbit_left_72,40473
03290_collision_orbit_right_64_seed42290,/home/nvme04/workspace/world_model_phys/PHYS/world_model_phys/local_assets/data/physion/generated_v5/converted_stage1_v1/03290_collision_orbit_right_64_seed42290,collision,orbit_right_64,42290
02328_collision_orbit_right_64_seed41328,/home/nvme04/workspace/world_model_phys/PHYS/world_model_phys/local_assets/data/physion/generated_v5/converted_stage1_v1/02328_collision_orbit_right_64_seed41328,collision,orbit_right_64,41328
03056_collision_orbit_right_64_seed42056,/home/nvme04/workspace/world_model_phys/PHYS/world_model_phys/local_assets/data/physion/generated_v5/converted_stage1_v1/03056_collision_orbit_right_64_seed42056,collision,orbit_right_64,42056
02830_collision_orbit_right_64_seed41830,/home/nvme04/workspace/world_model_phys/PHYS/world_model_phys/local_assets/data/physion/generated_v5/converted_stage1_v1/02830_collision_orbit_right_64_seed41830,collision,orbit_right_64,41830
01897_drop_orbit_left_72_seed40897,/home/nvme04/workspace/world_model_phys/PHYS/world_model_phys/local_assets/data/physion/generated_v5/converted_stage1_v1/01897_drop_orbit_left_72_seed40897,drop,orbit_left_72,40897
03692_roll_orbit_right_60_seed42692,/home/nvme04/workspace/world_model_phys/PHYS/world_model_phys/local_assets/data/physion/generated_v5/converted_stage1_v1/03692_roll_orbit_right_60_seed42692,roll,orbit_right_60,42692
01775_drop_orbit_left_72_seed40775,/home/nvme04/workspace/world_model_phys/PHYS/world_model_phys/local_assets/data/physion/generated_v5/converted_stage1_v1/01775_drop_orbit_left_72_seed40775,drop,orbit_left_72,40775
02855_collision_strafe_left_180_seed41855,/home/nvme04/workspace/world_model_phys/PHYS/world_model_phys/local_assets/data/physion/generated_v5/converted_stage1_v1/02855_collision_strafe_left_180_seed41855,collision,strafe_left_180,41855
03298_collision_orbit_right_64_seed42298,/home/nvme04/workspace/world_model_phys/PHYS/world_model_phys/local_assets/data/physion/generated_v5/converted_stage1_v1/03298_collision_orbit_right_64_seed42298,collision,orbit_right_64,42298
04370_containment_orbit_left_44_seed43370,/home/nvme04/workspace/world_model_phys/PHYS/world_model_phys/local_assets/data/physion/generated_v5/converted_stage1_v1/04370_containment_orbit_left_44_seed43370,containment,orbit_left_44,43370
01896_drop_orbit_left_72_seed40896,/home/nvme04/workspace/world_model_phys/PHYS/world_model_phys/local_assets/data/physion/generated_v5/converted_stage1_v1/01896_drop_orbit_left_72_seed40896,drop,orbit_left_72,40896
02782_collision_orbit_right_64_seed41782,/home/nvme04/workspace/world_model_phys/PHYS/world_model_phys/local_assets/data/physion/generated_v5/converted_stage1_v1/02782_collision_orbit_right_64_seed41782,collision,orbit_right_64,41782
01707_drop_orbit_left_72_seed40707,/home/nvme04/workspace/world_model_phys/PHYS/world_model_phys/local_assets/data/physion/generated_v5/converted_stage1_v1/01707_drop_orbit_left_72_seed40707,drop,orbit_left_72,40707
01159_drop_orbit_left_72_seed40159,/home/nvme04/workspace/world_model_phys/PHYS/world_model_phys/local_assets/data/physion/generated_v5/converted_stage1_v1/01159_drop_orbit_left_72_seed40159,drop,orbit_left_72,40159
04087_roll_orbit_right_60_seed43087,/home/nvme04/workspace/world_model_phys/PHYS/world_model_phys/local_assets/data/physion/generated_v5/converted_stage1_v1/04087_roll_orbit_right_60_seed43087,roll,orbit_right_60,43087
02638_collision_orbit_right_64_seed41638,/home/nvme04/workspace/world_model_phys/PHYS/world_model_phys/local_assets/data/physion/generated_v5/converted_stage1_v1/02638_collision_orbit_right_64_seed41638,collision,orbit_right_64,41638
02900_collision_orbit_right_64_seed41900,/home/nvme04/workspace/world_model_phys/PHYS/world_model_phys/local_assets/data/physion/generated_v5/converted_stage1_v1/02900_collision_orbit_right_64_seed41900,collision,orbit_right_64,41900
02903_collision_strafe_left_180_seed41903,/home/nvme04/workspace/world_model_phys/PHYS/world_model_phys/local_assets/data/physion/generated_v5/converted_stage1_v1/02903_collision_strafe_left_180_seed41903,collision,strafe_left_180,41903
04316_containment_orbit_left_44_seed43316,/home/nvme04/workspace/world_model_phys/PHYS/world_model_phys/local_assets/data/physion/generated_v5/converted_stage1_v1/04316_containment_orbit_left_44_seed43316,containment,orbit_left_44,43316
02064_drop_orbit_left_72_seed41064,/home/nvme04/workspace/world_model_phys/PHYS/world_model_phys/local_assets/data/physion/generated_v5/converted_stage1_v1/02064_drop_orbit_left_72_seed41064,drop,orbit_left_72,41064
01155_drop_orbit_left_72_seed40155,/home/nvme04/workspace/world_model_phys/PHYS/world_model_phys/local_assets/data/physion/generated_v5/converted_stage1_v1/01155_drop_orbit_left_72_seed40155,drop,orbit_left_72,40155
04386_containment_orbit_left_44_seed43386,/home/nvme04/workspace/world_model_phys/PHYS/world_model_phys/local_assets/data/physion/generated_v5/converted_stage1_v1/04386_containment_orbit_left_44_seed43386,containment,orbit_left_44,43386
01000_drop_orbit_left_72_seed40000,/home/nvme04/workspace/world_model_phys/PHYS/world_model_phys/local_assets/data/physion/generated_v5/converted_stage1_v1/01000_drop_orbit_left_72_seed40000,drop,orbit_left_72,40000
02230_collision_orbit_right_64_seed41230,/home/nvme04/workspace/world_model_phys/PHYS/world_model_phys/local_assets/data/physion/generated_v5/converted_stage1_v1/02230_collision_orbit_right_64_seed41230,collision,orbit_right_64,41230
01306_drop_orbit_left_72_seed40306,/home/nvme04/workspace/world_model_phys/PHYS/world_model_phys/local_assets/data/physion/generated_v5/converted_stage1_v1/01306_drop_orbit_left_72_seed40306,drop,orbit_left_72,40306
03409_roll_orbit_right_60_seed42409,/home/nvme04/workspace/world_model_phys/PHYS/world_model_phys/local_assets/data/physion/generated_v5/converted_stage1_v1/03409_roll_orbit_right_60_seed42409,roll,orbit_right_60,42409
03317_collision_strafe_left_180_seed42317,/home/nvme04/workspace/world_model_phys/PHYS/world_model_phys/local_assets/data/physion/generated_v5/converted_stage1_v1/03317_collision_strafe_left_180_seed42317,collision,strafe_left_180,42317
01819_drop_orbit_left_72_seed40819,/home/nvme04/workspace/world_model_phys/PHYS/world_model_phys/local_assets/data/physion/generated_v5/converted_stage1_v1/01819_drop_orbit_left_72_seed40819,drop,orbit_left_72,40819
01274_drop_orbit_left_72_seed40274,/home/nvme04/workspace/world_model_phys/PHYS/world_model_phys/local_assets/data/physion/generated_v5/converted_stage1_v1/01274_drop_orbit_left_72_seed40274,drop,orbit_left_72,40274
03289_collision_strafe_left_180_seed42289,/home/nvme04/workspace/world_model_phys/PHYS/world_model_phys/local_assets/data/physion/generated_v5/converted_stage1_v1/03289_collision_strafe_left_180_seed42289,collision,strafe_left_180,42289
01885_drop_orbit_left_72_seed40885,/home/nvme04/workspace/world_model_phys/PHYS/world_model_phys/local_assets/data/physion/generated_v5/converted_stage1_v1/01885_drop_orbit_left_72_seed40885,drop,orbit_left_72,40885
03575_roll_orbit_right_60_seed42575,/home/nvme04/workspace/world_model_phys/PHYS/world_model_phys/local_assets/data/physion/generated_v5/converted_stage1_v1/03575_roll_orbit_right_60_seed42575,roll,orbit_right_60,42575
02313_collision_strafe_left_180_seed41313,/home/nvme04/workspace/world_model_phys/PHYS/world_model_phys/local_assets/data/physion/generated_v5/converted_stage1_v1/02313_collision_strafe_left_180_seed41313,collision,strafe_left_180,41313
02770_collision_orbit_right_64_seed41770,/home/nvme04/workspace/world_model_phys/PHYS/world_model_phys/local_assets/data/physion/generated_v5/converted_stage1_v1/02770_collision_orbit_right_64_seed41770,collision,orbit_right_64,41770
02677_collision_strafe_left_180_seed41677,/home/nvme04/workspace/world_model_phys/PHYS/world_model_phys/local_assets/data/physion/generated_v5/converted_stage1_v1/02677_collision_strafe_left_180_seed41677,collision,strafe_left_180,41677
01051_drop_orbit_left_72_seed40051,/home/nvme04/workspace/world_model_phys/PHYS/world_model_phys/local_assets/data/physion/generated_v5/converted_stage1_v1/01051_drop_orbit_left_72_seed40051,drop,orbit_left_72,40051
02564_collision_orbit_right_64_seed41564,/home/nvme04/workspace/world_model_phys/PHYS/world_model_phys/local_assets/data/physion/generated_v5/converted_stage1_v1/02564_collision_orbit_right_64_seed41564,collision,orbit_right_64,41564
01756_drop_orbit_left_72_seed40756,/home/nvme04/workspace/world_model_phys/PHYS/world_model_phys/local_assets/data/physion/generated_v5/converted_stage1_v1/01756_drop_orbit_left_72_seed40756,drop,orbit_left_72,40756
04289_containment_orbit_left_44_seed43289,/home/nvme04/workspace/world_model_phys/PHYS/world_model_phys/local_assets/data/physion/generated_v5/converted_stage1_v1/04289_containment_orbit_left_44_seed43289,containment,orbit_left_44,43289
03252_collision_orbit_right_64_seed42252,/home/nvme04/workspace/world_model_phys/PHYS/world_model_phys/local_assets/data/physion/generated_v5/converted_stage1_v1/03252_collision_orbit_right_64_seed42252,collision,orbit_right_64,42252
04005_roll_orbit_right_60_seed43005,/home/nvme04/workspace/world_model_phys/PHYS/world_model_phys/local_assets/data/physion/generated_v5/converted_stage1_v1/04005_roll_orbit_right_60_seed43005,roll,orbit_right_60,43005
03182_collision_orbit_right_64_seed42182,/home/nvme04/workspace/world_model_phys/PHYS/world_model_phys/local_assets/data/physion/generated_v5/converted_stage1_v1/03182_collision_orbit_right_64_seed42182,collision,orbit_right_64,42182
02223_collision_strafe_left_180_seed41223,/home/nvme04/workspace/world_model_phys/PHYS/world_model_phys/local_assets/data/physion/generated_v5/converted_stage1_v1/02223_collision_strafe_left_180_seed41223,collision,strafe_left_180,41223
02399_collision_strafe_left_180_seed41399,/home/nvme04/workspace/world_model_phys/PHYS/world_model_phys/local_assets/data/physion/generated_v5/converted_stage1_v1/02399_collision_strafe_left_180_seed41399,collision,strafe_left_180,41399
02096_drop_orbit_left_72_seed41096,/home/nvme04/workspace/world_model_phys/PHYS/world_model_phys/local_assets/data/physion/generated_v5/converted_stage1_v1/02096_drop_orbit_left_72_seed41096,drop,orbit_left_72,41096
01509_drop_orbit_left_72_seed40509,/home/nvme04/workspace/world_model_phys/PHYS/world_model_phys/local_assets/data/physion/generated_v5/converted_stage1_v1/01509_drop_orbit_left_72_seed40509,drop,orbit_left_72,40509
01301_drop_orbit_left_72_seed40301,/home/nvme04/workspace/world_model_phys/PHYS/world_model_phys/local_assets/data/physion/generated_v5/converted_stage1_v1/01301_drop_orbit_left_72_seed40301,drop,orbit_left_72,40301
03584_roll_orbit_right_60_seed42584,/home/nvme04/workspace/world_model_phys/PHYS/world_model_phys/local_assets/data/physion/generated_v5/converted_stage1_v1/03584_roll_orbit_right_60_seed42584,roll,orbit_right_60,42584
02906_collision_orbit_right_64_seed41906,/home/nvme04/workspace/world_model_phys/PHYS/world_model_phys/local_assets/data/physion/generated_v5/converted_stage1_v1/02906_collision_orbit_right_64_seed41906,collision,orbit_right_64,41906
02642_collision_orbit_right_64_seed41642,/home/nvme04/workspace/world_model_phys/PHYS/world_model_phys/local_assets/data/physion/generated_v5/converted_stage1_v1/02642_collision_orbit_right_64_seed41642,collision,orbit_right_64,41642
01388_drop_orbit_left_72_seed40388,/home/nvme04/workspace/world_model_phys/PHYS/world_model_phys/local_assets/data/physion/generated_v5/converted_stage1_v1/01388_drop_orbit_left_72_seed40388,drop,orbit_left_72,40388
02335_collision_strafe_left_180_seed41335,/home/nvme04/workspace/world_model_phys/PHYS/world_model_phys/local_assets/data/physion/generated_v5/converted_stage1_v1/02335_collision_strafe_left_180_seed41335,collision,strafe_left_180,41335
03051_collision_strafe_left_180_seed42051,/home/nvme04/workspace/world_model_phys/PHYS/world_model_phys/local_assets/data/physion/generated_v5/converted_stage1_v1/03051_collision_strafe_left_180_seed42051,collision,strafe_left_180,42051
03393_collision_strafe_left_180_seed42393,/home/nvme04/workspace/world_model_phys/PHYS/world_model_phys/local_assets/data/physion/generated_v5/converted_stage1_v1/03393_collision_strafe_left_180_seed42393,collision,strafe_left_180,42393
02573_collision_strafe_left_180_seed41573,/home/nvme04/workspace/world_model_phys/PHYS/world_model_phys/local_assets/data/physion/generated_v5/converted_stage1_v1/02573_collision_strafe_left_180_seed41573,collision,strafe_left_180,41573
01661_drop_orbit_left_72_seed40661,/home/nvme04/workspace/world_model_phys/PHYS/world_model_phys/local_assets/data/physion/generated_v5/converted_stage1_v1/01661_drop_orbit_left_72_seed40661,drop,orbit_left_72,40661
01203_drop_orbit_left_72_seed40203,/home/nvme04/workspace/world_model_phys/PHYS/world_model_phys/local_assets/data/physion/generated_v5/converted_stage1_v1/01203_drop_orbit_left_72_seed40203,drop,orbit_left_72,40203
04362_containment_orbit_left_44_seed43362,/home/nvme04/workspace/world_model_phys/PHYS/world_model_phys/local_assets/data/physion/generated_v5/converted_stage1_v1/04362_containment_orbit_left_44_seed43362,containment,orbit_left_44,43362
02100_drop_orbit_left_72_seed41100,/home/nvme04/workspace/world_model_phys/PHYS/world_model_phys/local_assets/data/physion/generated_v5/converted_stage1_v1/02100_drop_orbit_left_72_seed41100,drop,orbit_left_72,41100
02375_collision_strafe_left_180_seed41375,/home/nvme04/workspace/world_model_phys/PHYS/world_model_phys/local_assets/data/physion/generated_v5/converted_stage1_v1/02375_collision_strafe_left_180_seed41375,collision,strafe_left_180,41375
02684_collision_orbit_right_64_seed41684,/home/nvme04/workspace/world_model_phys/PHYS/world_model_phys/local_assets/data/physion/generated_v5/converted_stage1_v1/02684_collision_orbit_right_64_seed41684,collision,orbit_right_64,41684
03102_collision_orbit_right_64_seed42102,/home/nvme04/workspace/world_model_phys/PHYS/world_model_phys/local_assets/data/physion/generated_v5/converted_stage1_v1/03102_collision_orbit_right_64_seed42102,collision,orbit_right_64,42102
03399_collision_strafe_left_180_seed42399,/home/nvme04/workspace/world_model_phys/PHYS/world_model_phys/local_assets/data/physion/generated_v5/converted_stage1_v1/03399_collision_strafe_left_180_seed42399,collision,strafe_left_180,42399
04223_containment_orbit_left_44_seed43223,/home/nvme04/workspace/world_model_phys/PHYS/world_model_phys/local_assets/data/physion/generated_v5/converted_stage1_v1/04223_containment_orbit_left_44_seed43223,containment,orbit_left_44,43223
02042_drop_orbit_left_72_seed41042,/home/nvme04/workspace/world_model_phys/PHYS/world_model_phys/local_assets/data/physion/generated_v5/converted_stage1_v1/02042_drop_orbit_left_72_seed41042,drop,orbit_left_72,41042
03412_roll_orbit_right_60_seed42412,/home/nvme04/workspace/world_model_phys/PHYS/world_model_phys/local_assets/data/physion/generated_v5/converted_stage1_v1/03412_roll_orbit_right_60_seed42412,roll,orbit_right_60,42412
02703_collision_strafe_left_180_seed41703,/home/nvme04/workspace/world_model_phys/PHYS/world_model_phys/local_assets/data/physion/generated_v5/converted_stage1_v1/02703_collision_strafe_left_180_seed41703,collision,strafe_left_180,41703
01465_drop_orbit_left_72_seed40465,/home/nvme04/workspace/world_model_phys/PHYS/world_model_phys/local_assets/data/physion/generated_v5/converted_stage1_v1/01465_drop_orbit_left_72_seed40465,drop,orbit_left_72,40465
04314_containment_orbit_left_44_seed43314,/home/nvme04/workspace/world_model_phys/PHYS/world_model_phys/local_assets/data/physion/generated_v5/converted_stage1_v1/04314_containment_orbit_left_44_seed43314,containment,orbit_left_44,43314
04301_containment_orbit_left_44_seed43301,/home/nvme04/workspace/world_model_phys/PHYS/world_model_phys/local_assets/data/physion/generated_v5/converted_stage1_v1/04301_containment_orbit_left_44_seed43301,containment,orbit_left_44,43301
04397_containment_orbit_left_44_seed43397,/home/nvme04/workspace/world_model_phys/PHYS/world_model_phys/local_assets/data/physion/generated_v5/converted_stage1_v1/04397_containment_orbit_left_44_seed43397,containment,orbit_left_44,43397
02707_collision_strafe_left_180_seed41707,/home/nvme04/workspace/world_model_phys/PHYS/world_model_phys/local_assets/data/physion/generated_v5/converted_stage1_v1/02707_collision_strafe_left_180_seed41707,collision,strafe_left_180,41707
03877_roll_orbit_right_60_seed42877,/home/nvme04/workspace/world_model_phys/PHYS/world_model_phys/local_assets/data/physion/generated_v5/converted_stage1_v1/03877_roll_orbit_right_60_seed42877,roll,orbit_right_60,42877
03544_roll_orbit_right_60_seed42544,/home/nvme04/workspace/world_model_phys/PHYS/world_model_phys/local_assets/data/physion/generated_v5/converted_stage1_v1/03544_roll_orbit_right_60_seed42544,roll,orbit_right_60,42544
03192_collision_orbit_right_64_seed42192,/home/nvme04/workspace/world_model_phys/PHYS/world_model_phys/local_assets/data/physion/generated_v5/converted_stage1_v1/03192_collision_orbit_right_64_seed42192,collision,orbit_right_64,42192
02444_collision_orbit_right_64_seed41444,/home/nvme04/workspace/world_model_phys/PHYS/world_model_phys/local_assets/data/physion/generated_v5/converted_stage1_v1/02444_collision_orbit_right_64_seed41444,collision,orbit_right_64,41444
01748_drop_orbit_left_72_seed40748,/home/nvme04/workspace/world_model_phys/PHYS/world_model_phys/local_assets/data/physion/generated_v5/converted_stage1_v1/01748_drop_orbit_left_72_seed40748,drop,orbit_left_72,40748
02302_collision_orbit_right_64_seed41302,/home/nvme04/workspace/world_model_phys/PHYS/world_model_phys/local_assets/data/physion/generated_v5/converted_stage1_v1/02302_collision_orbit_right_64_seed41302,collision,orbit_right_64,41302
02729_collision_strafe_left_180_seed41729,/home/nvme04/workspace/world_model_phys/PHYS/world_model_phys/local_assets/data/physion/generated_v5/converted_stage1_v1/02729_collision_strafe_left_180_seed41729,collision,strafe_left_180,41729
03670_roll_orbit_right_60_seed42670,/home/nvme04/workspace/world_model_phys/PHYS/world_model_phys/local_assets/data/physion/generated_v5/converted_stage1_v1/03670_roll_orbit_right_60_seed42670,roll,orbit_right_60,42670
02244_collision_orbit_right_64_seed41244,/home/nvme04/workspace/world_model_phys/PHYS/world_model_phys/local_assets/data/physion/generated_v5/converted_stage1_v1/02244_collision_orbit_right_64_seed41244,collision,orbit_right_64,41244
03524_roll_orbit_right_60_seed42524,/home/nvme04/workspace/world_model_phys/PHYS/world_model_phys/local_assets/data/physion/generated_v5/converted_stage1_v1/03524_roll_orbit_right_60_seed42524,roll,orbit_right_60,42524
03036_collision_orbit_right_64_seed42036,/home/nvme04/workspace/world_model_phys/PHYS/world_model_phys/local_assets/data/physion/generated_v5/converted_stage1_v1/03036_collision_orbit_right_64_seed42036,collision,orbit_right_64,42036
02449_collision_strafe_left_180_seed41449,/home/nvme04/workspace/world_model_phys/PHYS/world_model_phys/local_assets/data/physion/generated_v5/converted_stage1_v1/02449_collision_strafe_left_180_seed41449,collision,strafe_left_180,41449
02937_collision_strafe_left_180_seed41937,/home/nvme04/workspace/world_model_phys/PHYS/world_model_phys/local_assets/data/physion/generated_v5/converted_stage1_v1/02937_collision_strafe_left_180_seed41937,collision,strafe_left_180,41937
02307_collision_strafe_left_180_seed41307,/home/nvme04/workspace/world_model_phys/PHYS/world_model_phys/local_assets/data/physion/generated_v5/converted_stage1_v1/02307_collision_strafe_left_180_seed41307,collision,strafe_left_180,41307
02639_collision_strafe_left_180_seed41639,/home/nvme04/workspace/world_model_phys/PHYS/world_model_phys/local_assets/data/physion/generated_v5/converted_stage1_v1/02639_collision_strafe_left_180_seed41639,collision,strafe_left_180,41639
02140_drop_orbit_left_72_seed41140,/home/nvme04/workspace/world_model_phys/PHYS/world_model_phys/local_assets/data/physion/generated_v5/converted_stage1_v1/02140_drop_orbit_left_72_seed41140,drop,orbit_left_72,41140
03604_roll_orbit_right_60_seed42604,/home/nvme04/workspace/world_model_phys/PHYS/world_model_phys/local_assets/data/physion/generated_v5/converted_stage1_v1/03604_roll_orbit_right_60_seed42604,roll,orbit_right_60,42604
02907_collision_strafe_left_180_seed41907,/home/nvme04/workspace/world_model_phys/PHYS/world_model_phys/local_assets/data/physion/generated_v5/converted_stage1_v1/02907_collision_strafe_left_180_seed41907,collision,strafe_left_180,41907
04335_containment_orbit_left_44_seed43335,/home/nvme04/workspace/world_model_phys/PHYS/world_model_phys/local_assets/data/physion/generated_v5/converted_stage1_v1/04335_containment_orbit_left_44_seed43335,containment,orbit_left_44,43335
02599_collision_strafe_left_180_seed41599,/home/nvme04/workspace/world_model_phys/PHYS/world_model_phys/local_assets/data/physion/generated_v5/converted_stage1_v1/02599_collision_strafe_left_180_seed41599,collision,strafe_left_180,41599
03865_roll_orbit_right_60_seed42865,/home/nvme04/workspace/world_model_phys/PHYS/world_model_phys/local_assets/data/physion/generated_v5/converted_stage1_v1/03865_roll_orbit_right_60_seed42865,roll,orbit_right_60,42865
03123_collision_strafe_left_180_seed42123,/home/nvme04/workspace/world_model_phys/PHYS/world_model_phys/local_assets/data/physion/generated_v5/converted_stage1_v1/03123_collision_strafe_left_180_seed42123,collision,strafe_left_180,42123
03025_collision_strafe_left_180_seed42025,/home/nvme04/workspace/world_model_phys/PHYS/world_model_phys/local_assets/data/physion/generated_v5/converted_stage1_v1/03025_collision_strafe_left_180_seed42025,collision,strafe_left_180,42025
02132_drop_orbit_left_72_seed41132,/home/nvme04/workspace/world_model_phys/PHYS/world_model_phys/local_assets/data/physion/generated_v5/converted_stage1_v1/02132_drop_orbit_left_72_seed41132,drop,orbit_left_72,41132
01878_drop_orbit_left_72_seed40878,/home/nvme04/workspace/world_model_phys/PHYS/world_model_phys/local_assets/data/physion/generated_v5/converted_stage1_v1/01878_drop_orbit_left_72_seed40878,drop,orbit_left_72,40878
04296_containment_orbit_left_44_seed43296,/home/nvme04/workspace/world_model_phys/PHYS/world_model_phys/local_assets/data/physion/generated_v5/converted_stage1_v1/04296_containment_orbit_left_44_seed43296,containment,orbit_left_44,43296
03364_collision_orbit_right_64_seed42364,/home/nvme04/workspace/world_model_phys/PHYS/world_model_phys/local_assets/data/physion/generated_v5/converted_stage1_v1/03364_collision_orbit_right_64_seed42364,collision,orbit_right_64,42364
02170_drop_orbit_left_72_seed41170,/home/nvme04/workspace/world_model_phys/PHYS/world_model_phys/local_assets/data/physion/generated_v5/converted_stage1_v1/02170_drop_orbit_left_72_seed41170,drop,orbit_left_72,41170
01050_drop_orbit_left_72_seed40050,/home/nvme04/workspace/world_model_phys/PHYS/world_model_phys/local_assets/data/physion/generated_v5/converted_stage1_v1/01050_drop_orbit_left_72_seed40050,drop,orbit_left_72,40050
03780_roll_orbit_right_60_seed42780,/home/nvme04/workspace/world_model_phys/PHYS/world_model_phys/local_assets/data/physion/generated_v5/converted_stage1_v1/03780_roll_orbit_right_60_seed42780,roll,orbit_right_60,42780
03373_collision_strafe_left_180_seed42373,/home/nvme04/workspace/world_model_phys/PHYS/world_model_phys/local_assets/data/physion/generated_v5/converted_stage1_v1/03373_collision_strafe_left_180_seed42373,collision,strafe_left_180,42373
01799_drop_orbit_left_72_seed40799,/home/nvme04/workspace/world_model_phys/PHYS/world_model_phys/local_assets/data/physion/generated_v5/converted_stage1_v1/01799_drop_orbit_left_72_seed40799,drop,orbit_left_72,40799
01404_drop_orbit_left_72_seed40404,/home/nvme04/workspace/world_model_phys/PHYS/world_model_phys/local_assets/data/physion/generated_v5/converted_stage1_v1/01404_drop_orbit_left_72_seed40404,drop,orbit_left_72,40404
01027_drop_orbit_left_72_seed40027,/home/nvme04/workspace/world_model_phys/PHYS/world_model_phys/local_assets/data/physion/generated_v5/converted_stage1_v1/01027_drop_orbit_left_72_seed40027,drop,orbit_left_72,40027
03147_collision_strafe_left_180_seed42147,/home/nvme04/workspace/world_model_phys/PHYS/world_model_phys/local_assets/data/physion/generated_v5/converted_stage1_v1/03147_collision_strafe_left_180_seed42147,collision,strafe_left_180,42147
01555_drop_orbit_left_72_seed40555,/home/nvme04/workspace/world_model_phys/PHYS/world_model_phys/local_assets/data/physion/generated_v5/converted_stage1_v1/01555_drop_orbit_left_72_seed40555,drop,orbit_left_72,40555
01577_drop_orbit_left_72_seed40577,/home/nvme04/workspace/world_model_phys/PHYS/world_model_phys/local_assets/data/physion/generated_v5/converted_stage1_v1/01577_drop_orbit_left_72_seed40577,drop,orbit_left_72,40577
02947_collision_strafe_left_180_seed41947,/home/nvme04/workspace/world_model_phys/PHYS/world_model_phys/local_assets/data/physion/generated_v5/converted_stage1_v1/02947_collision_strafe_left_180_seed41947,collision,strafe_left_180,41947
03842_roll_orbit_right_60_seed42842,/home/nvme04/workspace/world_model_phys/PHYS/world_model_phys/local_assets/data/physion/generated_v5/converted_stage1_v1/03842_roll_orbit_right_60_seed42842,roll,orbit_right_60,42842
03532_roll_orbit_right_60_seed42532,/home/nvme04/workspace/world_model_phys/PHYS/world_model_phys/local_assets/data/physion/generated_v5/converted_stage1_v1/03532_roll_orbit_right_60_seed42532,roll,orbit_right_60,42532
03481_roll_orbit_right_60_seed42481,/home/nvme04/workspace/world_model_phys/PHYS/world_model_phys/local_assets/data/physion/generated_v5/converted_stage1_v1/03481_roll_orbit_right_60_seed42481,roll,orbit_right_60,42481
03650_roll_orbit_right_60_seed42650,/home/nvme04/workspace/world_model_phys/PHYS/world_model_phys/local_assets/data/physion/generated_v5/converted_stage1_v1/03650_roll_orbit_right_60_seed42650,roll,orbit_right_60,42650
01611_drop_orbit_left_72_seed40611,/home/nvme04/workspace/world_model_phys/PHYS/world_model_phys/local_assets/data/physion/generated_v5/converted_stage1_v1/01611_drop_orbit_left_72_seed40611,drop,orbit_left_72,40611
03892_roll_orbit_right_60_seed42892,/home/nvme04/workspace/world_model_phys/PHYS/world_model_phys/local_assets/data/physion/generated_v5/converted_stage1_v1/03892_roll_orbit_right_60_seed42892,roll,orbit_right_60,42892
03296_collision_orbit_right_64_seed42296,/home/nvme04/workspace/world_model_phys/PHYS/world_model_phys/local_assets/data/physion/generated_v5/converted_stage1_v1/03296_collision_orbit_right_64_seed42296,collision,orbit_right_64,42296
02612_collision_orbit_right_64_seed41612,/home/nvme04/workspace/world_model_phys/PHYS/world_model_phys/local_assets/data/physion/generated_v5/converted_stage1_v1/02612_collision_orbit_right_64_seed41612,collision,orbit_right_64,41612
03257_collision_strafe_left_180_seed42257,/home/nvme04/workspace/world_model_phys/PHYS/world_model_phys/local_assets/data/physion/generated_v5/converted_stage1_v1/03257_collision_strafe_left_180_seed42257,collision,strafe_left_180,42257
03388_collision_orbit_right_64_seed42388,/home/nvme04/workspace/world_model_phys/PHYS/world_model_phys/local_assets/data/physion/generated_v5/converted_stage1_v1/03388_collision_orbit_right_64_seed42388,collision,orbit_right_64,42388
02780_collision_orbit_right_64_seed41780,/home/nvme04/workspace/world_model_phys/PHYS/world_model_phys/local_assets/data/physion/generated_v5/converted_stage1_v1/02780_collision_orbit_right_64_seed41780,collision,orbit_right_64,41780
01845_drop_orbit_left_72_seed40845,/home/nvme04/workspace/world_model_phys/PHYS/world_model_phys/local_assets/data/physion/generated_v5/converted_stage1_v1/01845_drop_orbit_left_72_seed40845,drop,orbit_left_72,40845
04355_containment_orbit_left_44_seed43355,/home/nvme04/workspace/world_model_phys/PHYS/world_model_phys/local_assets/data/physion/generated_v5/converted_stage1_v1/04355_containment_orbit_left_44_seed43355,containment,orbit_left_44,43355
03294_collision_orbit_right_64_seed42294,/home/nvme04/workspace/world_model_phys/PHYS/world_model_phys/local_assets/data/physion/generated_v5/converted_stage1_v1/03294_collision_orbit_right_64_seed42294,collision,orbit_right_64,42294
04253_containment_orbit_left_44_seed43253,/home/nvme04/workspace/world_model_phys/PHYS/world_model_phys/local_assets/data/physion/generated_v5/converted_stage1_v1/04253_containment_orbit_left_44_seed43253,containment,orbit_left_44,43253
01720_drop_orbit_left_72_seed40720,/home/nvme04/workspace/world_model_phys/PHYS/world_model_phys/local_assets/data/physion/generated_v5/converted_stage1_v1/01720_drop_orbit_left_72_seed40720,drop,orbit_left_72,40720
03027_collision_strafe_left_180_seed42027,/home/nvme04/workspace/world_model_phys/PHYS/world_model_phys/local_assets/data/physion/generated_v5/converted_stage1_v1/03027_collision_strafe_left_180_seed42027,collision,strafe_left_180,42027
01472_drop_orbit_left_72_seed40472,/home/nvme04/workspace/world_model_phys/PHYS/world_model_phys/local_assets/data/physion/generated_v5/converted_stage1_v1/01472_drop_orbit_left_72_seed40472,drop,orbit_left_72,40472
02531_collision_strafe_left_180_seed41531,/home/nvme04/workspace/world_model_phys/PHYS/world_model_phys/local_assets/data/physion/generated_v5/converted_stage1_v1/02531_collision_strafe_left_180_seed41531,collision,strafe_left_180,41531
04327_containment_orbit_left_44_seed43327,/home/nvme04/workspace/world_model_phys/PHYS/world_model_phys/local_assets/data/physion/generated_v5/converted_stage1_v1/04327_containment_orbit_left_44_seed43327,containment,orbit_left_44,43327
01714_drop_orbit_left_72_seed40714,/home/nvme04/workspace/world_model_phys/PHYS/world_model_phys/local_assets/data/physion/generated_v5/converted_stage1_v1/01714_drop_orbit_left_72_seed40714,drop,orbit_left_72,40714
04089_roll_orbit_right_60_seed43089,/home/nvme04/workspace/world_model_phys/PHYS/world_model_phys/local_assets/data/physion/generated_v5/converted_stage1_v1/04089_roll_orbit_right_60_seed43089,roll,orbit_right_60,43089
01313_drop_orbit_left_72_seed40313,/home/nvme04/workspace/world_model_phys/PHYS/world_model_phys/local_assets/data/physion/generated_v5/converted_stage1_v1/01313_drop_orbit_left_72_seed40313,drop,orbit_left_72,40313
03783_roll_orbit_right_60_seed42783,/home/nvme04/workspace/world_model_phys/PHYS/world_model_phys/local_assets/data/physion/generated_v5/converted_stage1_v1/03783_roll_orbit_right_60_seed42783,roll,orbit_right_60,42783
02977_collision_strafe_left_180_seed41977,/home/nvme04/workspace/world_model_phys/PHYS/world_model_phys/local_assets/data/physion/generated_v5/converted_stage1_v1/02977_collision_strafe_left_180_seed41977,collision,strafe_left_180,41977
01513_drop_orbit_left_72_seed40513,/home/nvme04/workspace/world_model_phys/PHYS/world_model_phys/local_assets/data/physion/generated_v5/converted_stage1_v1/01513_drop_orbit_left_72_seed40513,drop,orbit_left_72,40513
03770_roll_orbit_right_60_seed42770,/home/nvme04/workspace/world_model_phys/PHYS/world_model_phys/local_assets/data/physion/generated_v5/converted_stage1_v1/03770_roll_orbit_right_60_seed42770,roll,orbit_right_60,42770
03440_roll_orbit_right_60_seed42440,/home/nvme04/workspace/world_model_phys/PHYS/world_model_phys/local_assets/data/physion/generated_v5/converted_stage1_v1/03440_roll_orbit_right_60_seed42440,roll,orbit_right_60,42440
02649_collision_strafe_left_180_seed41649,/home/nvme04/workspace/world_model_phys/PHYS/world_model_phys/local_assets/data/physion/generated_v5/converted_stage1_v1/02649_collision_strafe_left_180_seed41649,collision,strafe_left_180,41649
01254_drop_orbit_left_72_seed40254,/home/nvme04/workspace/world_model_phys/PHYS/world_model_phys/local_assets/data/physion/generated_v5/converted_stage1_v1/01254_drop_orbit_left_72_seed40254,drop,orbit_left_72,40254
01758_drop_orbit_left_72_seed40758,/home/nvme04/workspace/world_model_phys/PHYS/world_model_phys/local_assets/data/physion/generated_v5/converted_stage1_v1/01758_drop_orbit_left_72_seed40758,drop,orbit_left_72,40758
02312_collision_orbit_right_64_seed41312,/home/nvme04/workspace/world_model_phys/PHYS/world_model_phys/local_assets/data/physion/generated_v5/converted_stage1_v1/02312_collision_orbit_right_64_seed41312,collision,orbit_right_64,41312
01282_drop_orbit_left_72_seed40282,/home/nvme04/workspace/world_model_phys/PHYS/world_model_phys/local_assets/data/physion/generated_v5/converted_stage1_v1/01282_drop_orbit_left_72_seed40282,drop,orbit_left_72,40282
02955_collision_strafe_left_180_seed41955,/home/nvme04/workspace/world_model_phys/PHYS/world_model_phys/local_assets/data/physion/generated_v5/converted_stage1_v1/02955_collision_strafe_left_180_seed41955,collision,strafe_left_180,41955
03115_collision_strafe_left_180_seed42115,/home/nvme04/workspace/world_model_phys/PHYS/world_model_phys/local_assets/data/physion/generated_v5/converted_stage1_v1/03115_collision_strafe_left_180_seed42115,collision,strafe_left_180,42115
01278_drop_orbit_left_72_seed40278,/home/nvme04/workspace/world_model_phys/PHYS/world_model_phys/local_assets/data/physion/generated_v5/converted_stage1_v1/01278_drop_orbit_left_72_seed40278,drop,orbit_left_72,40278
04202_containment_orbit_left_44_seed43202,/home/nvme04/workspace/world_model_phys/PHYS/world_model_phys/local_assets/data/physion/generated_v5/converted_stage1_v1/04202_containment_orbit_left_44_seed43202,containment,orbit_left_44,43202
03026_collision_orbit_right_64_seed42026,/home/nvme04/workspace/world_model_phys/PHYS/world_model_phys/local_assets/data/physion/generated_v5/converted_stage1_v1/03026_collision_orbit_right_64_seed42026,collision,orbit_right_64,42026
02232_collision_orbit_right_64_seed41232,/home/nvme04/workspace/world_model_phys/PHYS/world_model_phys/local_assets/data/physion/generated_v5/converted_stage1_v1/02232_collision_orbit_right_64_seed41232,collision,orbit_right_64,41232
01021_drop_orbit_left_72_seed40021,/home/nvme04/workspace/world_model_phys/PHYS/world_model_phys/local_assets/data/physion/generated_v5/converted_stage1_v1/01021_drop_orbit_left_72_seed40021,drop,orbit_left_72,40021
01236_drop_orbit_left_72_seed40236,/home/nvme04/workspace/world_model_phys/PHYS/world_model_phys/local_assets/data/physion/generated_v5/converted_stage1_v1/01236_drop_orbit_left_72_seed40236,drop,orbit_left_72,40236
01894_drop_orbit_left_72_seed40894,/home/nvme04/workspace/world_model_phys/PHYS/world_model_phys/local_assets/data/physion/generated_v5/converted_stage1_v1/01894_drop_orbit_left_72_seed40894,drop,orbit_left_72,40894
01848_drop_orbit_left_72_seed40848,/home/nvme04/workspace/world_model_phys/PHYS/world_model_phys/local_assets/data/physion/generated_v5/converted_stage1_v1/01848_drop_orbit_left_72_seed40848,drop,orbit_left_72,40848
03767_roll_orbit_right_60_seed42767,/home/nvme04/workspace/world_model_phys/PHYS/world_model_phys/local_assets/data/physion/generated_v5/converted_stage1_v1/03767_roll_orbit_right_60_seed42767,roll,orbit_right_60,42767
01682_drop_orbit_left_72_seed40682,/home/nvme04/workspace/world_model_phys/PHYS/world_model_phys/local_assets/data/physion/generated_v5/converted_stage1_v1/01682_drop_orbit_left_72_seed40682,drop,orbit_left_72,40682
03203_collision_strafe_left_180_seed42203,/home/nvme04/workspace/world_model_phys/PHYS/world_model_phys/local_assets/data/physion/generated_v5/converted_stage1_v1/03203_collision_strafe_left_180_seed42203,collision,strafe_left_180,42203
01645_drop_orbit_left_72_seed40645,/home/nvme04/workspace/world_model_phys/PHYS/world_model_phys/local_assets/data/physion/generated_v5/converted_stage1_v1/01645_drop_orbit_left_72_seed40645,drop,orbit_left_72,40645
01651_drop_orbit_left_72_seed40651,/home/nvme04/workspace/world_model_phys/PHYS/world_model_phys/local_assets/data/physion/generated_v5/converted_stage1_v1/01651_drop_orbit_left_72_seed40651,drop,orbit_left_72,40651
01105_drop_orbit_left_72_seed40105,/home/nvme04/workspace/world_model_phys/PHYS/world_model_phys/local_assets/data/physion/generated_v5/converted_stage1_v1/01105_drop_orbit_left_72_seed40105,drop,orbit_left_72,40105
03365_collision_strafe_left_180_seed42365,/home/nvme04/workspace/world_model_phys/PHYS/world_model_phys/local_assets/data/physion/generated_v5/converted_stage1_v1/03365_collision_strafe_left_180_seed42365,collision,strafe_left_180,42365
03629_roll_orbit_right_60_seed42629,/home/nvme04/workspace/world_model_phys/PHYS/world_model_phys/local_assets/data/physion/generated_v5/converted_stage1_v1/03629_roll_orbit_right_60_seed42629,roll,orbit_right_60,42629
03545_roll_orbit_right_60_seed42545,/home/nvme04/workspace/world_model_phys/PHYS/world_model_phys/local_assets/data/physion/generated_v5/converted_stage1_v1/03545_roll_orbit_right_60_seed42545,roll,orbit_right_60,42545
01751_drop_orbit_left_72_seed40751,/home/nvme04/workspace/world_model_phys/PHYS/world_model_phys/local_assets/data/physion/generated_v5/converted_stage1_v1/01751_drop_orbit_left_72_seed40751,drop,orbit_left_72,40751
02250_collision_orbit_right_64_seed41250,/home/nvme04/workspace/world_model_phys/PHYS/world_model_phys/local_assets/data/physion/generated_v5/converted_stage1_v1/02250_collision_orbit_right_64_seed41250,collision,orbit_right_64,41250
01877_drop_orbit_left_72_seed40877,/home/nvme04/workspace/world_model_phys/PHYS/world_model_phys/local_assets/data/physion/generated_v5/converted_stage1_v1/01877_drop_orbit_left_72_seed40877,drop,orbit_left_72,40877
01867_drop_orbit_left_72_seed40867,/home/nvme04/workspace/world_model_phys/PHYS/world_model_phys/local_assets/data/physion/generated_v5/converted_stage1_v1/01867_drop_orbit_left_72_seed40867,drop,orbit_left_72,40867
02043_drop_orbit_left_72_seed41043,/home/nvme04/workspace/world_model_phys/PHYS/world_model_phys/local_assets/data/physion/generated_v5/converted_stage1_v1/02043_drop_orbit_left_72_seed41043,drop,orbit_left_72,41043
02031_drop_orbit_left_72_seed41031,/home/nvme04/workspace/world_model_phys/PHYS/world_model_phys/local_assets/data/physion/generated_v5/converted_stage1_v1/02031_drop_orbit_left_72_seed41031,drop,orbit_left_72,41031
01484_drop_orbit_left_72_seed40484,/home/nvme04/workspace/world_model_phys/PHYS/world_model_phys/local_assets/data/physion/generated_v5/converted_stage1_v1/01484_drop_orbit_left_72_seed40484,drop,orbit_left_72,40484
03274_collision_orbit_right_64_seed42274,/home/nvme04/workspace/world_model_phys/PHYS/world_model_phys/local_assets/data/physion/generated_v5/converted_stage1_v1/03274_collision_orbit_right_64_seed42274,collision,orbit_right_64,42274
02627_collision_strafe_left_180_seed41627,/home/nvme04/workspace/world_model_phys/PHYS/world_model_phys/local_assets/data/physion/generated_v5/converted_stage1_v1/02627_collision_strafe_left_180_seed41627,collision,strafe_left_180,41627
02291_collision_strafe_left_180_seed41291,/home/nvme04/workspace/world_model_phys/PHYS/world_model_phys/local_assets/data/physion/generated_v5/converted_stage1_v1/02291_collision_strafe_left_180_seed41291,collision,strafe_left_180,41291
01780_drop_orbit_left_72_seed40780,/home/nvme04/workspace/world_model_phys/PHYS/world_model_phys/local_assets/data/physion/generated_v5/converted_stage1_v1/01780_drop_orbit_left_72_seed40780,drop,orbit_left_72,40780
04214_containment_orbit_left_44_seed43214,/home/nvme04/workspace/world_model_phys/PHYS/world_model_phys/local_assets/data/physion/generated_v5/converted_stage1_v1/04214_containment_orbit_left_44_seed43214,containment,orbit_left_44,43214
04217_containment_orbit_left_44_seed43217,/home/nvme04/workspace/world_model_phys/PHYS/world_model_phys/local_assets/data/physion/generated_v5/converted_stage1_v1/04217_containment_orbit_left_44_seed43217,containment,orbit_left_44,43217
02593_collision_strafe_left_180_seed41593,/home/nvme04/workspace/world_model_phys/PHYS/world_model_phys/local_assets/data/physion/generated_v5/converted_stage1_v1/02593_collision_strafe_left_180_seed41593,collision,strafe_left_180,41593
04022_roll_orbit_right_60_seed43022,/home/nvme04/workspace/world_model_phys/PHYS/world_model_phys/local_assets/data/physion/generated_v5/converted_stage1_v1/04022_roll_orbit_right_60_seed43022,roll,orbit_right_60,43022
03273_collision_strafe_left_180_seed42273,/home/nvme04/workspace/world_model_phys/PHYS/world_model_phys/local_assets/data/physion/generated_v5/converted_stage1_v1/03273_collision_strafe_left_180_seed42273,collision,strafe_left_180,42273
03004_collision_orbit_right_64_seed42004,/home/nvme04/workspace/world_model_phys/PHYS/world_model_phys/local_assets/data/physion/generated_v5/converted_stage1_v1/03004_collision_orbit_right_64_seed42004,collision,orbit_right_64,42004
04039_roll_orbit_right_60_seed43039,/home/nvme04/workspace/world_model_phys/PHYS/world_model_phys/local_assets/data/physion/generated_v5/converted_stage1_v1/04039_roll_orbit_right_60_seed43039,roll,orbit_right_60,43039
01754_drop_orbit_left_72_seed40754,/home/nvme04/workspace/world_model_phys/PHYS/world_model_phys/local_assets/data/physion/generated_v5/converted_stage1_v1/01754_drop_orbit_left_72_seed40754,drop,orbit_left_72,40754
03146_collision_orbit_right_64_seed42146,/home/nvme04/workspace/world_model_phys/PHYS/world_model_phys/local_assets/data/physion/generated_v5/converted_stage1_v1/03146_collision_orbit_right_64_seed42146,collision,orbit_right_64,42146
03852_roll_orbit_right_60_seed42852,/home/nvme04/workspace/world_model_phys/PHYS/world_model_phys/local_assets/data/physion/generated_v5/converted_stage1_v1/03852_roll_orbit_right_60_seed42852,roll,orbit_right_60,42852
02771_collision_strafe_left_180_seed41771,/home/nvme04/workspace/world_model_phys/PHYS/world_model_phys/local_assets/data/physion/generated_v5/converted_stage1_v1/02771_collision_strafe_left_180_seed41771,collision,strafe_left_180,41771
03621_roll_orbit_right_60_seed42621,/home/nvme04/workspace/world_model_phys/PHYS/world_model_phys/local_assets/data/physion/generated_v5/converted_stage1_v1/03621_roll_orbit_right_60_seed42621,roll,orbit_right_60,42621
01279_drop_orbit_left_72_seed40279,/home/nvme04/workspace/world_model_phys/PHYS/world_model_phys/local_assets/data/physion/generated_v5/converted_stage1_v1/01279_drop_orbit_left_72_seed40279,drop,orbit_left_72,40279
02085_drop_orbit_left_72_seed41085,/home/nvme04/workspace/world_model_phys/PHYS/world_model_phys/local_assets/data/physion/generated_v5/converted_stage1_v1/02085_drop_orbit_left_72_seed41085,drop,orbit_left_72,41085
02221_collision_strafe_left_180_seed41221,/home/nvme04/workspace/world_model_phys/PHYS/world_model_phys/local_assets/data/physion/generated_v5/converted_stage1_v1/02221_collision_strafe_left_180_seed41221,collision,strafe_left_180,41221
02446_collision_orbit_right_64_seed41446,/home/nvme04/workspace/world_model_phys/PHYS/world_model_phys/local_assets/data/physion/generated_v5/converted_stage1_v1/02446_collision_orbit_right_64_seed41446,collision,orbit_right_64,41446
03801_roll_orbit_right_60_seed42801,/home/nvme04/workspace/world_model_phys/PHYS/world_model_phys/local_assets/data/physion/generated_v5/converted_stage1_v1/03801_roll_orbit_right_60_seed42801,roll,orbit_right_60,42801
03411_roll_orbit_right_60_seed42411,/home/nvme04/workspace/world_model_phys/PHYS/world_model_phys/local_assets/data/physion/generated_v5/converted_stage1_v1/03411_roll_orbit_right_60_seed42411,roll,orbit_right_60,42411
02260_collision_orbit_right_64_seed41260,/home/nvme04/workspace/world_model_phys/PHYS/world_model_phys/local_assets/data/physion/generated_v5/converted_stage1_v1/02260_collision_orbit_right_64_seed41260,collision,orbit_right_64,41260
04239_containment_orbit_left_44_seed43239,/home/nvme04/workspace/world_model_phys/PHYS/world_model_phys/local_assets/data/physion/generated_v5/converted_stage1_v1/04239_containment_orbit_left_44_seed43239,containment,orbit_left_44,43239
03769_roll_orbit_right_60_seed42769,/home/nvme04/workspace/world_model_phys/PHYS/world_model_phys/local_assets/data/physion/generated_v5/converted_stage1_v1/03769_roll_orbit_right_60_seed42769,roll,orbit_right_60,42769
01801_drop_orbit_left_72_seed40801,/home/nvme04/workspace/world_model_phys/PHYS/world_model_phys/local_assets/data/physion/generated_v5/converted_stage1_v1/01801_drop_orbit_left_72_seed40801,drop,orbit_left_72,40801
04358_containment_orbit_left_44_seed43358,/home/nvme04/workspace/world_model_phys/PHYS/world_model_phys/local_assets/data/physion/generated_v5/converted_stage1_v1/04358_containment_orbit_left_44_seed43358,containment,orbit_left_44,43358
02932_collision_orbit_right_64_seed41932,/home/nvme04/workspace/world_model_phys/PHYS/world_model_phys/local_assets/data/physion/generated_v5/converted_stage1_v1/02932_collision_orbit_right_64_seed41932,collision,orbit_right_64,41932
03695_roll_orbit_right_60_seed42695,/home/nvme04/workspace/world_model_phys/PHYS/world_model_phys/local_assets/data/physion/generated_v5/converted_stage1_v1/03695_roll_orbit_right_60_seed42695,roll,orbit_right_60,42695
03766_roll_orbit_right_60_seed42766,/home/nvme04/workspace/world_model_phys/PHYS/world_model_phys/local_assets/data/physion/generated_v5/converted_stage1_v1/03766_roll_orbit_right_60_seed42766,roll,orbit_right_60,42766
03878_roll_orbit_right_60_seed42878,/home/nvme04/workspace/world_model_phys/PHYS/world_model_phys/local_assets/data/physion/generated_v5/converted_stage1_v1/03878_roll_orbit_right_60_seed42878,roll,orbit_right_60,42878
03221_collision_strafe_left_180_seed42221,/home/nvme04/workspace/world_model_phys/PHYS/world_model_phys/local_assets/data/physion/generated_v5/converted_stage1_v1/03221_collision_strafe_left_180_seed42221,collision,strafe_left_180,42221
02229_collision_strafe_left_180_seed41229,/home/nvme04/workspace/world_model_phys/PHYS/world_model_phys/local_assets/data/physion/generated_v5/converted_stage1_v1/02229_collision_strafe_left_180_seed41229,collision,strafe_left_180,41229
03701_roll_orbit_right_60_seed42701,/home/nvme04/workspace/world_model_phys/PHYS/world_model_phys/local_assets/data/physion/generated_v5/converted_stage1_v1/03701_roll_orbit_right_60_seed42701,roll,orbit_right_60,42701
04075_roll_orbit_right_60_seed43075,/home/nvme04/workspace/world_model_phys/PHYS/world_model_phys/local_assets/data/physion/generated_v5/converted_stage1_v1/04075_roll_orbit_right_60_seed43075,roll,orbit_right_60,43075
02859_collision_strafe_left_180_seed41859,/home/nvme04/workspace/world_model_phys/PHYS/world_model_phys/local_assets/data/physion/generated_v5/converted_stage1_v1/02859_collision_strafe_left_180_seed41859,collision,strafe_left_180,41859
02455_collision_strafe_left_180_seed41455,/home/nvme04/workspace/world_model_phys/PHYS/world_model_phys/local_assets/data/physion/generated_v5/converted_stage1_v1/02455_collision_strafe_left_180_seed41455,collision,strafe_left_180,41455
03830_roll_orbit_right_60_seed42830,/home/nvme04/workspace/world_model_phys/PHYS/world_model_phys/local_assets/data/physion/generated_v5/converted_stage1_v1/03830_roll_orbit_right_60_seed42830,roll,orbit_right_60,42830
01121_drop_orbit_left_72_seed40121,/home/nvme04/workspace/world_model_phys/PHYS/world_model_phys/local_assets/data/physion/generated_v5/converted_stage1_v1/01121_drop_orbit_left_72_seed40121,drop,orbit_left_72,40121
04383_containment_orbit_left_44_seed43383,/home/nvme04/workspace/world_model_phys/PHYS/world_model_phys/local_assets/data/physion/generated_v5/converted_stage1_v1/04383_containment_orbit_left_44_seed43383,containment,orbit_left_44,43383
03478_roll_orbit_right_60_seed42478,/home/nvme04/workspace/world_model_phys/PHYS/world_model_phys/local_assets/data/physion/generated_v5/converted_stage1_v1/03478_roll_orbit_right_60_seed42478,roll,orbit_right_60,42478
03723_roll_orbit_right_60_seed42723,/home/nvme04/workspace/world_model_phys/PHYS/world_model_phys/local_assets/data/physion/generated_v5/converted_stage1_v1/03723_roll_orbit_right_60_seed42723,roll,orbit_right_60,42723
01396_drop_orbit_left_72_seed40396,/home/nvme04/workspace/world_model_phys/PHYS/world_model_phys/local_assets/data/physion/generated_v5/converted_stage1_v1/01396_drop_orbit_left_72_seed40396,drop,orbit_left_72,40396
01630_drop_orbit_left_72_seed40630,/home/nvme04/workspace/world_model_phys/PHYS/world_model_phys/local_assets/data/physion/generated_v5/converted_stage1_v1/01630_drop_orbit_left_72_seed40630,drop,orbit_left_72,40630
02895_collision_strafe_left_180_seed41895,/home/nvme04/workspace/world_model_phys/PHYS/world_model_phys/local_assets/data/physion/generated_v5/converted_stage1_v1/02895_collision_strafe_left_180_seed41895,collision,strafe_left_180,41895
04283_containment_orbit_left_44_seed43283,/home/nvme04/workspace/world_model_phys/PHYS/world_model_phys/local_assets/data/physion/generated_v5/converted_stage1_v1/04283_containment_orbit_left_44_seed43283,containment,orbit_left_44,43283
01663_drop_orbit_left_72_seed40663,/home/nvme04/workspace/world_model_phys/PHYS/world_model_phys/local_assets/data/physion/generated_v5/converted_stage1_v1/01663_drop_orbit_left_72_seed40663,drop,orbit_left_72,40663
04043_roll_orbit_right_60_seed43043,/home/nvme04/workspace/world_model_phys/PHYS/world_model_phys/local_assets/data/physion/generated_v5/converted_stage1_v1/04043_roll_orbit_right_60_seed43043,roll,orbit_right_60,43043
04292_containment_orbit_left_44_seed43292,/home/nvme04/workspace/world_model_phys/PHYS/world_model_phys/local_assets/data/physion/generated_v5/converted_stage1_v1/04292_containment_orbit_left_44_seed43292,containment,orbit_left_44,43292
02167_drop_orbit_left_72_seed41167,/home/nvme04/workspace/world_model_phys/PHYS/world_model_phys/local_assets/data/physion/generated_v5/converted_stage1_v1/02167_drop_orbit_left_72_seed41167,drop,orbit_left_72,41167
02552_collision_orbit_right_64_seed41552,/home/nvme04/workspace/world_model_phys/PHYS/world_model_phys/local_assets/data/physion/generated_v5/converted_stage1_v1/02552_collision_orbit_right_64_seed41552,collision,orbit_right_64,41552
02405_collision_strafe_left_180_seed41405,/home/nvme04/workspace/world_model_phys/PHYS/world_model_phys/local_assets/data/physion/generated_v5/converted_stage1_v1/02405_collision_strafe_left_180_seed41405,collision,strafe_left_180,41405
03870_roll_orbit_right_60_seed42870,/home/nvme04/workspace/world_model_phys/PHYS/world_model_phys/local_assets/data/physion/generated_v5/converted_stage1_v1/03870_roll_orbit_right_60_seed42870,roll,orbit_right_60,42870
01739_drop_orbit_left_72_seed40739,/home/nvme04/workspace/world_model_phys/PHYS/world_model_phys/local_assets/data/physion/generated_v5/converted_stage1_v1/01739_drop_orbit_left_72_seed40739,drop,orbit_left_72,40739
02850_collision_orbit_right_64_seed41850,/home/nvme04/workspace/world_model_phys/PHYS/world_model_phys/local_assets/data/physion/generated_v5/converted_stage1_v1/02850_collision_orbit_right_64_seed41850,collision,orbit_right_64,41850
03999_roll_orbit_right_60_seed42999,/home/nvme04/workspace/world_model_phys/PHYS/world_model_phys/local_assets/data/physion/generated_v5/converted_stage1_v1/03999_roll_orbit_right_60_seed42999,roll,orbit_right_60,42999
01817_drop_orbit_left_72_seed40817,/home/nvme04/workspace/world_model_phys/PHYS/world_model_phys/local_assets/data/physion/generated_v5/converted_stage1_v1/01817_drop_orbit_left_72_seed40817,drop,orbit_left_72,40817
03267_collision_strafe_left_180_seed42267,/home/nvme04/workspace/world_model_phys/PHYS/world_model_phys/local_assets/data/physion/generated_v5/converted_stage1_v1/03267_collision_strafe_left_180_seed42267,collision,strafe_left_180,42267
01920_drop_orbit_left_72_seed40920,/home/nvme04/workspace/world_model_phys/PHYS/world_model_phys/local_assets/data/physion/generated_v5/converted_stage1_v1/01920_drop_orbit_left_72_seed40920,drop,orbit_left_72,40920
02778_collision_orbit_right_64_seed41778,/home/nvme04/workspace/world_model_phys/PHYS/world_model_phys/local_assets/data/physion/generated_v5/converted_stage1_v1/02778_collision_orbit_right_64_seed41778,collision,orbit_right_64,41778
02794_collision_orbit_right_64_seed41794,/home/nvme04/workspace/world_model_phys/PHYS/world_model_phys/local_assets/data/physion/generated_v5/converted_stage1_v1/02794_collision_orbit_right_64_seed41794,collision,orbit_right_64,41794
03846_roll_orbit_right_60_seed42846,/home/nvme04/workspace/world_model_phys/PHYS/world_model_phys/local_assets/data/physion/generated_v5/converted_stage1_v1/03846_roll_orbit_right_60_seed42846,roll,orbit_right_60,42846
01167_drop_orbit_left_72_seed40167,/home/nvme04/workspace/world_model_phys/PHYS/world_model_phys/local_assets/data/physion/generated_v5/converted_stage1_v1/01167_drop_orbit_left_72_seed40167,drop,orbit_left_72,40167
02299_collision_strafe_left_180_seed41299,/home/nvme04/workspace/world_model_phys/PHYS/world_model_phys/local_assets/data/physion/generated_v5/converted_stage1_v1/02299_collision_strafe_left_180_seed41299,collision,strafe_left_180,41299
01689_drop_orbit_left_72_seed40689,/home/nvme04/workspace/world_model_phys/PHYS/world_model_phys/local_assets/data/physion/generated_v5/converted_stage1_v1/01689_drop_orbit_left_72_seed40689,drop,orbit_left_72,40689
03480_roll_orbit_right_60_seed42480,/home/nvme04/workspace/world_model_phys/PHYS/world_model_phys/local_assets/data/physion/generated_v5/converted_stage1_v1/03480_roll_orbit_right_60_seed42480,roll,orbit_right_60,42480
02633_collision_strafe_left_180_seed41633,/home/nvme04/workspace/world_model_phys/PHYS/world_model_phys/local_assets/data/physion/generated_v5/converted_stage1_v1/02633_collision_strafe_left_180_seed41633,collision,strafe_left_180,41633
02466_collision_orbit_right_64_seed41466,/home/nvme04/workspace/world_model_phys/PHYS/world_model_phys/local_assets/data/physion/generated_v5/converted_stage1_v1/02466_collision_orbit_right_64_seed41466,collision,orbit_right_64,41466
01039_drop_orbit_left_72_seed40039,/home/nvme04/workspace/world_model_phys/PHYS/world_model_phys/local_assets/data/physion/generated_v5/converted_stage1_v1/01039_drop_orbit_left_72_seed40039,drop,orbit_left_72,40039
01350_drop_orbit_left_72_seed40350,/home/nvme04/workspace/world_model_phys/PHYS/world_model_phys/local_assets/data/physion/generated_v5/converted_stage1_v1/01350_drop_orbit_left_72_seed40350,drop,orbit_left_72,40350
01068_drop_orbit_left_72_seed40068,/home/nvme04/workspace/world_model_phys/PHYS/world_model_phys/local_assets/data/physion/generated_v5/converted_stage1_v1/01068_drop_orbit_left_72_seed40068,drop,orbit_left_72,40068
01724_drop_orbit_left_72_seed40724,/home/nvme04/workspace/world_model_phys/PHYS/world_model_phys/local_assets/data/physion/generated_v5/converted_stage1_v1/01724_drop_orbit_left_72_seed40724,drop,orbit_left_72,40724
03152_collision_orbit_right_64_seed42152,/home/nvme04/workspace/world_model_phys/PHYS/world_model_phys/local_assets/data/physion/generated_v5/converted_stage1_v1/03152_collision_orbit_right_64_seed42152,collision,orbit_right_64,42152
01836_drop_orbit_left_72_seed40836,/home/nvme04/workspace/world_model_phys/PHYS/world_model_phys/local_assets/data/physion/generated_v5/converted_stage1_v1/01836_drop_orbit_left_72_seed40836,drop,orbit_left_72,40836
01685_drop_orbit_left_72_seed40685,/home/nvme04/workspace/world_model_phys/PHYS/world_model_phys/local_assets/data/physion/generated_v5/converted_stage1_v1/01685_drop_orbit_left_72_seed40685,drop,orbit_left_72,40685
01040_drop_orbit_left_72_seed40040,/home/nvme04/workspace/world_model_phys/PHYS/world_model_phys/local_assets/data/physion/generated_v5/converted_stage1_v1/01040_drop_orbit_left_72_seed40040,drop,orbit_left_72,40040
03997_roll_orbit_right_60_seed42997,/home/nvme04/workspace/world_model_phys/PHYS/world_model_phys/local_assets/data/physion/generated_v5/converted_stage1_v1/03997_roll_orbit_right_60_seed42997,roll,orbit_right_60,42997
01574_drop_orbit_left_72_seed40574,/home/nvme04/workspace/world_model_phys/PHYS/world_model_phys/local_assets/data/physion/generated_v5/converted_stage1_v1/01574_drop_orbit_left_72_seed40574,drop,orbit_left_72,40574
01385_drop_orbit_left_72_seed40385,/home/nvme04/workspace/world_model_phys/PHYS/world_model_phys/local_assets/data/physion/generated_v5/converted_stage1_v1/01385_drop_orbit_left_72_seed40385,drop,orbit_left_72,40385
03415_roll_orbit_right_60_seed42415,/home/nvme04/workspace/world_model_phys/PHYS/world_model_phys/local_assets/data/physion/generated_v5/converted_stage1_v1/03415_roll_orbit_right_60_seed42415,roll,orbit_right_60,42415
03303_collision_strafe_left_180_seed42303,/home/nvme04/workspace/world_model_phys/PHYS/world_model_phys/local_assets/data/physion/generated_v5/converted_stage1_v1/03303_collision_strafe_left_180_seed42303,collision,strafe_left_180,42303
02130_drop_orbit_left_72_seed41130,/home/nvme04/workspace/world_model_phys/PHYS/world_model_phys/local_assets/data/physion/generated_v5/converted_stage1_v1/02130_drop_orbit_left_72_seed41130,drop,orbit_left_72,41130
02595_collision_strafe_left_180_seed41595,/home/nvme04/workspace/world_model_phys/PHYS/world_model_phys/local_assets/data/physion/generated_v5/converted_stage1_v1/02595_collision_strafe_left_180_seed41595,collision,strafe_left_180,41595
01005_drop_orbit_left_72_seed40005,/home/nvme04/workspace/world_model_phys/PHYS/world_model_phys/local_assets/data/physion/generated_v5/converted_stage1_v1/01005_drop_orbit_left_72_seed40005,drop,orbit_left_72,40005
03474_roll_orbit_right_60_seed42474,/home/nvme04/workspace/world_model_phys/PHYS/world_model_phys/local_assets/data/physion/generated_v5/converted_stage1_v1/03474_roll_orbit_right_60_seed42474,roll,orbit_right_60,42474
03746_roll_orbit_right_60_seed42746,/home/nvme04/workspace/world_model_phys/PHYS/world_model_phys/local_assets/data/physion/generated_v5/converted_stage1_v1/03746_roll_orbit_right_60_seed42746,roll,orbit_right_60,42746
02865_collision_strafe_left_180_seed41865,/home/nvme04/workspace/world_model_phys/PHYS/world_model_phys/local_assets/data/physion/generated_v5/converted_stage1_v1/02865_collision_strafe_left_180_seed41865,collision,strafe_left_180,41865
03305_collision_strafe_left_180_seed42305,/home/nvme04/workspace/world_model_phys/PHYS/world_model_phys/local_assets/data/physion/generated_v5/converted_stage1_v1/03305_collision_strafe_left_180_seed42305,collision,strafe_left_180,42305
02481_collision_strafe_left_180_seed41481,/home/nvme04/workspace/world_model_phys/PHYS/world_model_phys/local_assets/data/physion/generated_v5/converted_stage1_v1/02481_collision_strafe_left_180_seed41481,collision,strafe_left_180,41481
01642_drop_orbit_left_72_seed40642,/home/nvme04/workspace/world_model_phys/PHYS/world_model_phys/local_assets/data/physion/generated_v5/converted_stage1_v1/01642_drop_orbit_left_72_seed40642,drop,orbit_left_72,40642
04374_containment_orbit_left_44_seed43374,/home/nvme04/workspace/world_model_phys/PHYS/world_model_phys/local_assets/data/physion/generated_v5/converted_stage1_v1/04374_containment_orbit_left_44_seed43374,containment,orbit_left_44,43374
01436_drop_orbit_left_72_seed40436,/home/nvme04/workspace/world_model_phys/PHYS/world_model_phys/local_assets/data/physion/generated_v5/converted_stage1_v1/01436_drop_orbit_left_72_seed40436,drop,orbit_left_72,40436
02520_collision_orbit_right_64_seed41520,/home/nvme04/workspace/world_model_phys/PHYS/world_model_phys/local_assets/data/physion/generated_v5/converted_stage1_v1/02520_collision_orbit_right_64_seed41520,collision,orbit_right_64,41520
02590_collision_orbit_right_64_seed41590,/home/nvme04/workspace/world_model_phys/PHYS/world_model_phys/local_assets/data/physion/generated_v5/converted_stage1_v1/02590_collision_orbit_right_64_seed41590,collision,orbit_right_64,41590
01146_drop_orbit_left_72_seed40146,/home/nvme04/workspace/world_model_phys/PHYS/world_model_phys/local_assets/data/physion/generated_v5/converted_stage1_v1/01146_drop_orbit_left_72_seed40146,drop,orbit_left_72,40146
04388_containment_orbit_left_44_seed43388,/home/nvme04/workspace/world_model_phys/PHYS/world_model_phys/local_assets/data/physion/generated_v5/converted_stage1_v1/04388_containment_orbit_left_44_seed43388,containment,orbit_left_44,43388
03739_roll_orbit_right_60_seed42739,/home/nvme04/workspace/world_model_phys/PHYS/world_model_phys/local_assets/data/physion/generated_v5/converted_stage1_v1/03739_roll_orbit_right_60_seed42739,roll,orbit_right_60,42739
01022_drop_orbit_left_72_seed40022,/home/nvme04/workspace/world_model_phys/PHYS/world_model_phys/local_assets/data/physion/generated_v5/converted_stage1_v1/01022_drop_orbit_left_72_seed40022,drop,orbit_left_72,40022
03687_roll_orbit_right_60_seed42687,/home/nvme04/workspace/world_model_phys/PHYS/world_model_phys/local_assets/data/physion/generated_v5/converted_stage1_v1/03687_roll_orbit_right_60_seed42687,roll,orbit_right_60,42687
01359_drop_orbit_left_72_seed40359,/home/nvme04/workspace/world_model_phys/PHYS/world_model_phys/local_assets/data/physion/generated_v5/converted_stage1_v1/01359_drop_orbit_left_72_seed40359,drop,orbit_left_72,40359
04011_roll_orbit_right_60_seed43011,/home/nvme04/workspace/world_model_phys/PHYS/world_model_phys/local_assets/data/physion/generated_v5/converted_stage1_v1/04011_roll_orbit_right_60_seed43011,roll,orbit_right_60,43011
02381_collision_strafe_left_180_seed41381,/home/nvme04/workspace/world_model_phys/PHYS/world_model_phys/local_assets/data/physion/generated_v5/converted_stage1_v1/02381_collision_strafe_left_180_seed41381,collision,strafe_left_180,41381
03525_roll_orbit_right_60_seed42525,/home/nvme04/workspace/world_model_phys/PHYS/world_model_phys/local_assets/data/physion/generated_v5/converted_stage1_v1/03525_roll_orbit_right_60_seed42525,roll,orbit_right_60,42525
01765_drop_orbit_left_72_seed40765,/home/nvme04/workspace/world_model_phys/PHYS/world_model_phys/local_assets/data/physion/generated_v5/converted_stage1_v1/01765_drop_orbit_left_72_seed40765,drop,orbit_left_72,40765
02882_collision_orbit_right_64_seed41882,/home/nvme04/workspace/world_model_phys/PHYS/world_model_phys/local_assets/data/physion/generated_v5/converted_stage1_v1/02882_collision_orbit_right_64_seed41882,collision,orbit_right_64,41882
04319_containment_orbit_left_44_seed43319,/home/nvme04/workspace/world_model_phys/PHYS/world_model_phys/local_assets/data/physion/generated_v5/converted_stage1_v1/04319_containment_orbit_left_44_seed43319,containment,orbit_left_44,43319
01664_drop_orbit_left_72_seed40664,/home/nvme04/workspace/world_model_phys/PHYS/world_model_phys/local_assets/data/physion/generated_v5/converted_stage1_v1/01664_drop_orbit_left_72_seed40664,drop,orbit_left_72,40664
01204_drop_orbit_left_72_seed40204,/home/nvme04/workspace/world_model_phys/PHYS/world_model_phys/local_assets/data/physion/generated_v5/converted_stage1_v1/01204_drop_orbit_left_72_seed40204,drop,orbit_left_72,40204
03580_roll_orbit_right_60_seed42580,/home/nvme04/workspace/world_model_phys/PHYS/world_model_phys/local_assets/data/physion/generated_v5/converted_stage1_v1/03580_roll_orbit_right_60_seed42580,roll,orbit_right_60,42580
01498_drop_orbit_left_72_seed40498,/home/nvme04/workspace/world_model_phys/PHYS/world_model_phys/local_assets/data/physion/generated_v5/converted_stage1_v1/01498_drop_orbit_left_72_seed40498,drop,orbit_left_72,40498
01389_drop_orbit_left_72_seed40389,/home/nvme04/workspace/world_model_phys/PHYS/world_model_phys/local_assets/data/physion/generated_v5/converted_stage1_v1/01389_drop_orbit_left_72_seed40389,drop,orbit_left_72,40389
02734_collision_orbit_right_64_seed41734,/home/nvme04/workspace/world_model_phys/PHYS/world_model_phys/local_assets/data/physion/generated_v5/converted_stage1_v1/02734_collision_orbit_right_64_seed41734,collision,orbit_right_64,41734
01536_drop_orbit_left_72_seed40536,/home/nvme04/workspace/world_model_phys/PHYS/world_model_phys/local_assets/data/physion/generated_v5/converted_stage1_v1/01536_drop_orbit_left_72_seed40536,drop,orbit_left_72,40536
03125_collision_strafe_left_180_seed42125,/home/nvme04/workspace/world_model_phys/PHYS/world_model_phys/local_assets/data/physion/generated_v5/converted_stage1_v1/03125_collision_strafe_left_180_seed42125,collision,strafe_left_180,42125
01835_drop_orbit_left_72_seed40835,/home/nvme04/workspace/world_model_phys/PHYS/world_model_phys/local_assets/data/physion/generated_v5/converted_stage1_v1/01835_drop_orbit_left_72_seed40835,drop,orbit_left_72,40835
02949_collision_strafe_left_180_seed41949,/home/nvme04/workspace/world_model_phys/PHYS/world_model_phys/local_assets/data/physion/generated_v5/converted_stage1_v1/02949_collision_strafe_left_180_seed41949,collision,strafe_left_180,41949
02157_drop_orbit_left_72_seed41157,/home/nvme04/workspace/world_model_phys/PHYS/world_model_phys/local_assets/data/physion/generated_v5/converted_stage1_v1/02157_drop_orbit_left_72_seed41157,drop,orbit_left_72,41157
04304_containment_orbit_left_44_seed43304,/home/nvme04/workspace/world_model_phys/PHYS/world_model_phys/local_assets/data/physion/generated_v5/converted_stage1_v1/04304_containment_orbit_left_44_seed43304,containment,orbit_left_44,43304
03592_roll_orbit_right_60_seed42592,/home/nvme04/workspace/world_model_phys/PHYS/world_model_phys/local_assets/data/physion/generated_v5/converted_stage1_v1/03592_roll_orbit_right_60_seed42592,roll,orbit_right_60,42592
03322_collision_orbit_right_64_seed42322,/home/nvme04/workspace/world_model_phys/PHYS/world_model_phys/local_assets/data/physion/generated_v5/converted_stage1_v1/03322_collision_orbit_right_64_seed42322,collision,orbit_right_64,42322
01886_drop_orbit_left_72_seed40886,/home/nvme04/workspace/world_model_phys/PHYS/world_model_phys/local_assets/data/physion/generated_v5/converted_stage1_v1/01886_drop_orbit_left_72_seed40886,drop,orbit_left_72,40886
02998_collision_orbit_right_64_seed41998,/home/nvme04/workspace/world_model_phys/PHYS/world_model_phys/local_assets/data/physion/generated_v5/converted_stage1_v1/02998_collision_orbit_right_64_seed41998,collision,orbit_right_64,41998
01343_drop_orbit_left_72_seed40343,/home/nvme04/workspace/world_model_phys/PHYS/world_model_phys/local_assets/data/physion/generated_v5/converted_stage1_v1/01343_drop_orbit_left_72_seed40343,drop,orbit_left_72,40343
01557_drop_orbit_left_72_seed40557,/home/nvme04/workspace/world_model_phys/PHYS/world_model_phys/local_assets/data/physion/generated_v5/converted_stage1_v1/01557_drop_orbit_left_72_seed40557,drop,orbit_left_72,40557
02518_collision_orbit_right_64_seed41518,/home/nvme04/workspace/world_model_phys/PHYS/world_model_phys/local_assets/data/physion/generated_v5/converted_stage1_v1/02518_collision_orbit_right_64_seed41518,collision,orbit_right_64,41518
01358_drop_orbit_left_72_seed40358,/home/nvme04/workspace/world_model_phys/PHYS/world_model_phys/local_assets/data/physion/generated_v5/converted_stage1_v1/01358_drop_orbit_left_72_seed40358,drop,orbit_left_72,40358
01722_drop_orbit_left_72_seed40722,/home/nvme04/workspace/world_model_phys/PHYS/world_model_phys/local_assets/data/physion/generated_v5/converted_stage1_v1/01722_drop_orbit_left_72_seed40722,drop,orbit_left_72,40722
02901_collision_strafe_left_180_seed41901,/home/nvme04/workspace/world_model_phys/PHYS/world_model_phys/local_assets/data/physion/generated_v5/converted_stage1_v1/02901_collision_strafe_left_180_seed41901,collision,strafe_left_180,41901
03424_roll_orbit_right_60_seed42424,/home/nvme04/workspace/world_model_phys/PHYS/world_model_phys/local_assets/data/physion/generated_v5/converted_stage1_v1/03424_roll_orbit_right_60_seed42424,roll,orbit_right_60,42424
02284_collision_orbit_right_64_seed41284,/home/nvme04/workspace/world_model_phys/PHYS/world_model_phys/local_assets/data/physion/generated_v5/converted_stage1_v1/02284_collision_orbit_right_64_seed41284,collision,orbit_right_64,41284
03848_roll_orbit_right_60_seed42848,/home/nvme04/workspace/world_model_phys/PHYS/world_model_phys/local_assets/data/physion/generated_v5/converted_stage1_v1/03848_roll_orbit_right_60_seed42848,roll,orbit_right_60,42848
01461_drop_orbit_left_72_seed40461,/home/nvme04/workspace/world_model_phys/PHYS/world_model_phys/local_assets/data/physion/generated_v5/converted_stage1_v1/01461_drop_orbit_left_72_seed40461,drop,orbit_left_72,40461
03685_roll_orbit_right_60_seed42685,/home/nvme04/workspace/world_model_phys/PHYS/world_model_phys/local_assets/data/physion/generated_v5/converted_stage1_v1/03685_roll_orbit_right_60_seed42685,roll,orbit_right_60,42685
02840_collision_orbit_right_64_seed41840,/home/nvme04/workspace/world_model_phys/PHYS/world_model_phys/local_assets/data/physion/generated_v5/converted_stage1_v1/02840_collision_orbit_right_64_seed41840,collision,orbit_right_64,41840
02974_collision_orbit_right_64_seed41974,/home/nvme04/workspace/world_model_phys/PHYS/world_model_phys/local_assets/data/physion/generated_v5/converted_stage1_v1/02974_collision_orbit_right_64_seed41974,collision,orbit_right_64,41974
03098_collision_orbit_right_64_seed42098,/home/nvme04/workspace/world_model_phys/PHYS/world_model_phys/local_assets/data/physion/generated_v5/converted_stage1_v1/03098_collision_orbit_right_64_seed42098,collision,orbit_right_64,42098
01808_drop_orbit_left_72_seed40808,/home/nvme04/workspace/world_model_phys/PHYS/world_model_phys/local_assets/data/physion/generated_v5/converted_stage1_v1/01808_drop_orbit_left_72_seed40808,drop,orbit_left_72,40808
01767_drop_orbit_left_72_seed40767,/home/nvme04/workspace/world_model_phys/PHYS/world_model_phys/local_assets/data/physion/generated_v5/converted_stage1_v1/01767_drop_orbit_left_72_seed40767,drop,orbit_left_72,40767
03018_collision_orbit_right_64_seed42018,/home/nvme04/workspace/world_model_phys/PHYS/world_model_phys/local_assets/data/physion/generated_v5/converted_stage1_v1/03018_collision_orbit_right_64_seed42018,collision,orbit_right_64,42018
03253_collision_strafe_left_180_seed42253,/home/nvme04/workspace/world_model_phys/PHYS/world_model_phys/local_assets/data/physion/generated_v5/converted_stage1_v1/03253_collision_strafe_left_180_seed42253,collision,strafe_left_180,42253
01683_drop_orbit_left_72_seed40683,/home/nvme04/workspace/world_model_phys/PHYS/world_model_phys/local_assets/data/physion/generated_v5/converted_stage1_v1/01683_drop_orbit_left_72_seed40683,drop,orbit_left_72,40683
02392_collision_orbit_right_64_seed41392,/home/nvme04/workspace/world_model_phys/PHYS/world_model_phys/local_assets/data/physion/generated_v5/converted_stage1_v1/02392_collision_orbit_right_64_seed41392,collision,orbit_right_64,41392
01107_drop_orbit_left_72_seed40107,/home/nvme04/workspace/world_model_phys/PHYS/world_model_phys/local_assets/data/physion/generated_v5/converted_stage1_v1/01107_drop_orbit_left_72_seed40107,drop,orbit_left_72,40107
04367_containment_orbit_left_44_seed43367,/home/nvme04/workspace/world_model_phys/PHYS/world_model_phys/local_assets/data/physion/generated_v5/converted_stage1_v1/04367_containment_orbit_left_44_seed43367,containment,orbit_left_44,43367
02961_collision_strafe_left_180_seed41961,/home/nvme04/workspace/world_model_phys/PHYS/world_model_phys/local_assets/data/physion/generated_v5/converted_stage1_v1/02961_collision_strafe_left_180_seed41961,collision,strafe_left_180,41961
03306_collision_orbit_right_64_seed42306,/home/nvme04/workspace/world_model_phys/PHYS/world_model_phys/local_assets/data/physion/generated_v5/converted_stage1_v1/03306_collision_orbit_right_64_seed42306,collision,orbit_right_64,42306
01261_drop_orbit_left_72_seed40261,/home/nvme04/workspace/world_model_phys/PHYS/world_model_phys/local_assets/data/physion/generated_v5/converted_stage1_v1/01261_drop_orbit_left_72_seed40261,drop,orbit_left_72,40261
02321_collision_strafe_left_180_seed41321,/home/nvme04/workspace/world_model_phys/PHYS/world_model_phys/local_assets/data/physion/generated_v5/converted_stage1_v1/02321_collision_strafe_left_180_seed41321,collision,strafe_left_180,41321
01447_drop_orbit_left_72_seed40447,/home/nvme04/workspace/world_model_phys/PHYS/world_model_phys/local_assets/data/physion/generated_v5/converted_stage1_v1/01447_drop_orbit_left_72_seed40447,drop,orbit_left_72,40447
01334_drop_orbit_left_72_seed40334,/home/nvme04/workspace/world_model_phys/PHYS/world_model_phys/local_assets/data/physion/generated_v5/converted_stage1_v1/01334_drop_orbit_left_72_seed40334,drop,orbit_left_72,40334
01796_drop_orbit_left_72_seed40796,/home/nvme04/workspace/world_model_phys/PHYS/world_model_phys/local_assets/data/physion/generated_v5/converted_stage1_v1/01796_drop_orbit_left_72_seed40796,drop,orbit_left_72,40796
02201_collision_strafe_left_180_seed41201,/home/nvme04/workspace/world_model_phys/PHYS/world_model_phys/local_assets/data/physion/generated_v5/converted_stage1_v1/02201_collision_strafe_left_180_seed41201,collision,strafe_left_180,41201
03362_collision_orbit_right_64_seed42362,/home/nvme04/workspace/world_model_phys/PHYS/world_model_phys/local_assets/data/physion/generated_v5/converted_stage1_v1/03362_collision_orbit_right_64_seed42362,collision,orbit_right_64,42362
02845_collision_strafe_left_180_seed41845,/home/nvme04/workspace/world_model_phys/PHYS/world_model_phys/local_assets/data/physion/generated_v5/converted_stage1_v1/02845_collision_strafe_left_180_seed41845,collision,strafe_left_180,41845
03052_collision_orbit_right_64_seed42052,/home/nvme04/workspace/world_model_phys/PHYS/world_model_phys/local_assets/data/physion/generated_v5/converted_stage1_v1/03052_collision_orbit_right_64_seed42052,collision,orbit_right_64,42052
02807_collision_strafe_left_180_seed41807,/home/nvme04/workspace/world_model_phys/PHYS/world_model_phys/local_assets/data/physion/generated_v5/converted_stage1_v1/02807_collision_strafe_left_180_seed41807,collision,strafe_left_180,41807
01362_drop_orbit_left_72_seed40362,/home/nvme04/workspace/world_model_phys/PHYS/world_model_phys/local_assets/data/physion/generated_v5/converted_stage1_v1/01362_drop_orbit_left_72_seed40362,drop,orbit_left_72,40362
03227_collision_strafe_left_180_seed42227,/home/nvme04/workspace/world_model_phys/PHYS/world_model_phys/local_assets/data/physion/generated_v5/converted_stage1_v1/03227_collision_strafe_left_180_seed42227,collision,strafe_left_180,42227
02390_collision_orbit_right_64_seed41390,/home/nvme04/workspace/world_model_phys/PHYS/world_model_phys/local_assets/data/physion/generated_v5/converted_stage1_v1/02390_collision_orbit_right_64_seed41390,collision,orbit_right_64,41390
03180_collision_orbit_right_64_seed42180,/home/nvme04/workspace/world_model_phys/PHYS/world_model_phys/local_assets/data/physion/generated_v5/converted_stage1_v1/03180_collision_orbit_right_64_seed42180,collision,orbit_right_64,42180
01798_drop_orbit_left_72_seed40798,/home/nvme04/workspace/world_model_phys/PHYS/world_model_phys/local_assets/data/physion/generated_v5/converted_stage1_v1/01798_drop_orbit_left_72_seed40798,drop,orbit_left_72,40798
03491_roll_orbit_right_60_seed42491,/home/nvme04/workspace/world_model_phys/PHYS/world_model_phys/local_assets/data/physion/generated_v5/converted_stage1_v1/03491_roll_orbit_right_60_seed42491,roll,orbit_right_60,42491
03765_roll_orbit_right_60_seed42765,/home/nvme04/workspace/world_model_phys/PHYS/world_model_phys/local_assets/data/physion/generated_v5/converted_stage1_v1/03765_roll_orbit_right_60_seed42765,roll,orbit_right_60,42765
03858_roll_orbit_right_60_seed42858,/home/nvme04/workspace/world_model_phys/PHYS/world_model_phys/local_assets/data/physion/generated_v5/converted_stage1_v1/03858_roll_orbit_right_60_seed42858,roll,orbit_right_60,42858
02173_drop_orbit_left_72_seed41173,/home/nvme04/workspace/world_model_phys/PHYS/world_model_phys/local_assets/data/physion/generated_v5/converted_stage1_v1/02173_drop_orbit_left_72_seed41173,drop,orbit_left_72,41173
01251_drop_orbit_left_72_seed40251,/home/nvme04/workspace/world_model_phys/PHYS/world_model_phys/local_assets/data/physion/generated_v5/converted_stage1_v1/01251_drop_orbit_left_72_seed40251,drop,orbit_left_72,40251
03114_collision_orbit_right_64_seed42114,/home/nvme04/workspace/world_model_phys/PHYS/world_model_phys/local_assets/data/physion/generated_v5/converted_stage1_v1/03114_collision_orbit_right_64_seed42114,collision,orbit_right_64,42114
02128_drop_orbit_left_72_seed41128,/home/nvme04/workspace/world_model_phys/PHYS/world_model_phys/local_assets/data/physion/generated_v5/converted_stage1_v1/02128_drop_orbit_left_72_seed41128,drop,orbit_left_72,41128
02890_collision_orbit_right_64_seed41890,/home/nvme04/workspace/world_model_phys/PHYS/world_model_phys/local_assets/data/physion/generated_v5/converted_stage1_v1/02890_collision_orbit_right_64_seed41890,collision,orbit_right_64,41890
03832_roll_orbit_right_60_seed42832,/home/nvme04/workspace/world_model_phys/PHYS/world_model_phys/local_assets/data/physion/generated_v5/converted_stage1_v1/03832_roll_orbit_right_60_seed42832,roll,orbit_right_60,42832
03708_roll_orbit_right_60_seed42708,/home/nvme04/workspace/world_model_phys/PHYS/world_model_phys/local_assets/data/physion/generated_v5/converted_stage1_v1/03708_roll_orbit_right_60_seed42708,roll,orbit_right_60,42708
01158_drop_orbit_left_72_seed40158,/home/nvme04/workspace/world_model_phys/PHYS/world_model_phys/local_assets/data/physion/generated_v5/converted_stage1_v1/01158_drop_orbit_left_72_seed40158,drop,orbit_left_72,40158
01443_drop_orbit_left_72_seed40443,/home/nvme04/workspace/world_model_phys/PHYS/world_model_phys/local_assets/data/physion/generated_v5/converted_stage1_v1/01443_drop_orbit_left_72_seed40443,drop,orbit_left_72,40443
01745_drop_orbit_left_72_seed40745,/home/nvme04/workspace/world_model_phys/PHYS/world_model_phys/local_assets/data/physion/generated_v5/converted_stage1_v1/01745_drop_orbit_left_72_seed40745,drop,orbit_left_72,40745
02737_collision_strafe_left_180_seed41737,/home/nvme04/workspace/world_model_phys/PHYS/world_model_phys/local_assets/data/physion/generated_v5/converted_stage1_v1/02737_collision_strafe_left_180_seed41737,collision,strafe_left_180,41737
02176_drop_orbit_left_72_seed41176,/home/nvme04/workspace/world_model_phys/PHYS/world_model_phys/local_assets/data/physion/generated_v5/converted_stage1_v1/02176_drop_orbit_left_72_seed41176,drop,orbit_left_72,41176
01307_drop_orbit_left_72_seed40307,/home/nvme04/workspace/world_model_phys/PHYS/world_model_phys/local_assets/data/physion/generated_v5/converted_stage1_v1/01307_drop_orbit_left_72_seed40307,drop,orbit_left_72,40307
02688_collision_orbit_right_64_seed41688,/home/nvme04/workspace/world_model_phys/PHYS/world_model_phys/local_assets/data/physion/generated_v5/converted_stage1_v1/02688_collision_orbit_right_64_seed41688,collision,orbit_right_64,41688
01778_drop_orbit_left_72_seed40778,/home/nvme04/workspace/world_model_phys/PHYS/world_model_phys/local_assets/data/physion/generated_v5/converted_stage1_v1/01778_drop_orbit_left_72_seed40778,drop,orbit_left_72,40778
03859_roll_orbit_right_60_seed42859,/home/nvme04/workspace/world_model_phys/PHYS/world_model_phys/local_assets/data/physion/generated_v5/converted_stage1_v1/03859_roll_orbit_right_60_seed42859,roll,orbit_right_60,42859
02337_collision_strafe_left_180_seed41337,/home/nvme04/workspace/world_model_phys/PHYS/world_model_phys/local_assets/data/physion/generated_v5/converted_stage1_v1/02337_collision_strafe_left_180_seed41337,collision,strafe_left_180,41337
03428_roll_orbit_right_60_seed42428,/home/nvme04/workspace/world_model_phys/PHYS/world_model_phys/local_assets/data/physion/generated_v5/converted_stage1_v1/03428_roll_orbit_right_60_seed42428,roll,orbit_right_60,42428
03258_collision_orbit_right_64_seed42258,/home/nvme04/workspace/world_model_phys/PHYS/world_model_phys/local_assets/data/physion/generated_v5/converted_stage1_v1/03258_collision_orbit_right_64_seed42258,collision,orbit_right_64,42258
02751_collision_strafe_left_180_seed41751,/home/nvme04/workspace/world_model_phys/PHYS/world_model_phys/local_assets/data/physion/generated_v5/converted_stage1_v1/02751_collision_strafe_left_180_seed41751,collision,strafe_left_180,41751
03040_collision_orbit_right_64_seed42040,/home/nvme04/workspace/world_model_phys/PHYS/world_model_phys/local_assets/data/physion/generated_v5/converted_stage1_v1/03040_collision_orbit_right_64_seed42040,collision,orbit_right_64,42040
01496_drop_orbit_left_72_seed40496,/home/nvme04/workspace/world_model_phys/PHYS/world_model_phys/local_assets/data/physion/generated_v5/converted_stage1_v1/01496_drop_orbit_left_72_seed40496,drop,orbit_left_72,40496
01951_drop_orbit_left_72_seed40951,/home/nvme04/workspace/world_model_phys/PHYS/world_model_phys/local_assets/data/physion/generated_v5/converted_stage1_v1/01951_drop_orbit_left_72_seed40951,drop,orbit_left_72,40951
04356_containment_orbit_left_44_seed43356,/home/nvme04/workspace/world_model_phys/PHYS/world_model_phys/local_assets/data/physion/generated_v5/converted_stage1_v1/04356_containment_orbit_left_44_seed43356,containment,orbit_left_44,43356
04012_roll_orbit_right_60_seed43012,/home/nvme04/workspace/world_model_phys/PHYS/world_model_phys/local_assets/data/physion/generated_v5/converted_stage1_v1/04012_roll_orbit_right_60_seed43012,roll,orbit_right_60,43012
03893_roll_orbit_right_60_seed42893,/home/nvme04/workspace/world_model_phys/PHYS/world_model_phys/local_assets/data/physion/generated_v5/converted_stage1_v1/03893_roll_orbit_right_60_seed42893,roll,orbit_right_60,42893
03929_roll_orbit_right_60_seed42929,/home/nvme04/workspace/world_model_phys/PHYS/world_model_phys/local_assets/data/physion/generated_v5/converted_stage1_v1/03929_roll_orbit_right_60_seed42929,roll,orbit_right_60,42929
01335_drop_orbit_left_72_seed40335,/home/nvme04/workspace/world_model_phys/PHYS/world_model_phys/local_assets/data/physion/generated_v5/converted_stage1_v1/01335_drop_orbit_left_72_seed40335,drop,orbit_left_72,40335
02539_collision_strafe_left_180_seed41539,/home/nvme04/workspace/world_model_phys/PHYS/world_model_phys/local_assets/data/physion/generated_v5/converted_stage1_v1/02539_collision_strafe_left_180_seed41539,collision,strafe_left_180,41539
01165_drop_orbit_left_72_seed40165,/home/nvme04/workspace/world_model_phys/PHYS/world_model_phys/local_assets/data/physion/generated_v5/converted_stage1_v1/01165_drop_orbit_left_72_seed40165,drop,orbit_left_72,40165
04218_containment_orbit_left_44_seed43218,/home/nvme04/workspace/world_model_phys/PHYS/world_model_phys/local_assets/data/physion/generated_v5/converted_stage1_v1/04218_containment_orbit_left_44_seed43218,containment,orbit_left_44,43218
02403_collision_strafe_left_180_seed41403,/home/nvme04/workspace/world_model_phys/PHYS/world_model_phys/local_assets/data/physion/generated_v5/converted_stage1_v1/02403_collision_strafe_left_180_seed41403,collision,strafe_left_180,41403
03243_collision_strafe_left_180_seed42243,/home/nvme04/workspace/world_model_phys/PHYS/world_model_phys/local_assets/data/physion/generated_v5/converted_stage1_v1/03243_collision_strafe_left_180_seed42243,collision,strafe_left_180,42243
02616_collision_orbit_right_64_seed41616,/home/nvme04/workspace/world_model_phys/PHYS/world_model_phys/local_assets/data/physion/generated_v5/converted_stage1_v1/02616_collision_orbit_right_64_seed41616,collision,orbit_right_64,41616
03712_roll_orbit_right_60_seed42712,/home/nvme04/workspace/world_model_phys/PHYS/world_model_phys/local_assets/data/physion/generated_v5/converted_stage1_v1/03712_roll_orbit_right_60_seed42712,roll,orbit_right_60,42712
02606_collision_orbit_right_64_seed41606,/home/nvme04/workspace/world_model_phys/PHYS/world_model_phys/local_assets/data/physion/generated_v5/converted_stage1_v1/02606_collision_orbit_right_64_seed41606,collision,orbit_right_64,41606
01012_drop_orbit_left_72_seed40012,/home/nvme04/workspace/world_model_phys/PHYS/world_model_phys/local_assets/data/physion/generated_v5/converted_stage1_v1/01012_drop_orbit_left_72_seed40012,drop,orbit_left_72,40012
01161_drop_orbit_left_72_seed40161,/home/nvme04/workspace/world_model_phys/PHYS/world_model_phys/local_assets/data/physion/generated_v5/converted_stage1_v1/01161_drop_orbit_left_72_seed40161,drop,orbit_left_72,40161
01314_drop_orbit_left_72_seed40314,/home/nvme04/workspace/world_model_phys/PHYS/world_model_phys/local_assets/data/physion/generated_v5/converted_stage1_v1/01314_drop_orbit_left_72_seed40314,drop,orbit_left_72,40314
02148_drop_orbit_left_72_seed41148,/home/nvme04/workspace/world_model_phys/PHYS/world_model_phys/local_assets/data/physion/generated_v5/converted_stage1_v1/02148_drop_orbit_left_72_seed41148,drop,orbit_left_72,41148
03149_collision_strafe_left_180_seed42149,/home/nvme04/workspace/world_model_phys/PHYS/world_model_phys/local_assets/data/physion/generated_v5/converted_stage1_v1/03149_collision_strafe_left_180_seed42149,collision,strafe_left_180,42149
01697_drop_orbit_left_72_seed40697,/home/nvme04/workspace/world_model_phys/PHYS/world_model_phys/local_assets/data/physion/generated_v5/converted_stage1_v1/01697_drop_orbit_left_72_seed40697,drop,orbit_left_72,40697
01705_drop_orbit_left_72_seed40705,/home/nvme04/workspace/world_model_phys/PHYS/world_model_phys/local_assets/data/physion/generated_v5/converted_stage1_v1/01705_drop_orbit_left_72_seed40705,drop,orbit_left_72,40705
02797_collision_strafe_left_180_seed41797,/home/nvme04/workspace/world_model_phys/PHYS/world_model_phys/local_assets/data/physion/generated_v5/converted_stage1_v1/02797_collision_strafe_left_180_seed41797,collision,strafe_left_180,41797
02357_collision_strafe_left_180_seed41357,/home/nvme04/workspace/world_model_phys/PHYS/world_model_phys/local_assets/data/physion/generated_v5/converted_stage1_v1/02357_collision_strafe_left_180_seed41357,collision,strafe_left_180,41357
02706_collision_orbit_right_64_seed41706,/home/nvme04/workspace/world_model_phys/PHYS/world_model_phys/local_assets/data/physion/generated_v5/converted_stage1_v1/02706_collision_orbit_right_64_seed41706,collision,orbit_right_64,41706
03034_collision_orbit_right_64_seed42034,/home/nvme04/workspace/world_model_phys/PHYS/world_model_phys/local_assets/data/physion/generated_v5/converted_stage1_v1/03034_collision_orbit_right_64_seed42034,collision,orbit_right_64,42034
03835_roll_orbit_right_60_seed42835,/home/nvme04/workspace/world_model_phys/PHYS/world_model_phys/local_assets/data/physion/generated_v5/converted_stage1_v1/03835_roll_orbit_right_60_seed42835,roll,orbit_right_60,42835
02484_collision_orbit_right_64_seed41484,/home/nvme04/workspace/world_model_phys/PHYS/world_model_phys/local_assets/data/physion/generated_v5/converted_stage1_v1/02484_collision_orbit_right_64_seed41484,collision,orbit_right_64,41484
04072_roll_orbit_right_60_seed43072,/home/nvme04/workspace/world_model_phys/PHYS/world_model_phys/local_assets/data/physion/generated_v5/converted_stage1_v1/04072_roll_orbit_right_60_seed43072,roll,orbit_right_60,43072
02832_collision_orbit_right_64_seed41832,/home/nvme04/workspace/world_model_phys/PHYS/world_model_phys/local_assets/data/physion/generated_v5/converted_stage1_v1/02832_collision_orbit_right_64_seed41832,collision,orbit_right_64,41832
04056_roll_orbit_right_60_seed43056,/home/nvme04/workspace/world_model_phys/PHYS/world_model_phys/local_assets/data/physion/generated_v5/converted_stage1_v1/04056_roll_orbit_right_60_seed43056,roll,orbit_right_60,43056
02877_collision_strafe_left_180_seed41877,/home/nvme04/workspace/world_model_phys/PHYS/world_model_phys/local_assets/data/physion/generated_v5/converted_stage1_v1/02877_collision_strafe_left_180_seed41877,collision,strafe_left_180,41877
03939_roll_orbit_right_60_seed42939,/home/nvme04/workspace/world_model_phys/PHYS/world_model_phys/local_assets/data/physion/generated_v5/converted_stage1_v1/03939_roll_orbit_right_60_seed42939,roll,orbit_right_60,42939
03015_collision_strafe_left_180_seed42015,/home/nvme04/workspace/world_model_phys/PHYS/world_model_phys/local_assets/data/physion/generated_v5/converted_stage1_v1/03015_collision_strafe_left_180_seed42015,collision,strafe_left_180,42015
03188_collision_orbit_right_64_seed42188,/home/nvme04/workspace/world_model_phys/PHYS/world_model_phys/local_assets/data/physion/generated_v5/converted_stage1_v1/03188_collision_orbit_right_64_seed42188,collision,orbit_right_64,42188
02149_drop_orbit_left_72_seed41149,/home/nvme04/workspace/world_model_phys/PHYS/world_model_phys/local_assets/data/physion/generated_v5/converted_stage1_v1/02149_drop_orbit_left_72_seed41149,drop,orbit_left_72,41149
02365_collision_strafe_left_180_seed41365,/home/nvme04/workspace/world_model_phys/PHYS/world_model_phys/local_assets/data/physion/generated_v5/converted_stage1_v1/02365_collision_strafe_left_180_seed41365,collision,strafe_left_180,41365
01562_drop_orbit_left_72_seed40562,/home/nvme04/workspace/world_model_phys/PHYS/world_model_phys/local_assets/data/physion/generated_v5/converted_stage1_v1/01562_drop_orbit_left_72_seed40562,drop,orbit_left_72,40562
03721_roll_orbit_right_60_seed42721,/home/nvme04/workspace/world_model_phys/PHYS/world_model_phys/local_assets/data/physion/generated_v5/converted_stage1_v1/03721_roll_orbit_right_60_seed42721,roll,orbit_right_60,42721
02459_collision_strafe_left_180_seed41459,/home/nvme04/workspace/world_model_phys/PHYS/world_model_phys/local_assets/data/physion/generated_v5/converted_stage1_v1/02459_collision_strafe_left_180_seed41459,collision,strafe_left_180,41459
01772_drop_orbit_left_72_seed40772,/home/nvme04/workspace/world_model_phys/PHYS/world_model_phys/local_assets/data/physion/generated_v5/converted_stage1_v1/01772_drop_orbit_left_72_seed40772,drop,orbit_left_72,40772
01737_drop_orbit_left_72_seed40737,/home/nvme04/workspace/world_model_phys/PHYS/world_model_phys/local_assets/data/physion/generated_v5/converted_stage1_v1/01737_drop_orbit_left_72_seed40737,drop,orbit_left_72,40737
02519_collision_strafe_left_180_seed41519,/home/nvme04/workspace/world_model_phys/PHYS/world_model_phys/local_assets/data/physion/generated_v5/converted_stage1_v1/02519_collision_strafe_left_180_seed41519,collision,strafe_left_180,41519
03982_roll_orbit_right_60_seed42982,/home/nvme04/workspace/world_model_phys/PHYS/world_model_phys/local_assets/data/physion/generated_v5/converted_stage1_v1/03982_roll_orbit_right_60_seed42982,roll,orbit_right_60,42982
01036_drop_orbit_left_72_seed40036,/home/nvme04/workspace/world_model_phys/PHYS/world_model_phys/local_assets/data/physion/generated_v5/converted_stage1_v1/01036_drop_orbit_left_72_seed40036,drop,orbit_left_72,40036
02776_collision_orbit_right_64_seed41776,/home/nvme04/workspace/world_model_phys/PHYS/world_model_phys/local_assets/data/physion/generated_v5/converted_stage1_v1/02776_collision_orbit_right_64_seed41776,collision,orbit_right_64,41776
02012_drop_orbit_left_72_seed41012,/home/nvme04/workspace/world_model_phys/PHYS/world_model_phys/local_assets/data/physion/generated_v5/converted_stage1_v1/02012_drop_orbit_left_72_seed41012,drop,orbit_left_72,41012
03884_roll_orbit_right_60_seed42884,/home/nvme04/workspace/world_model_phys/PHYS/world_model_phys/local_assets/data/physion/generated_v5/converted_stage1_v1/03884_roll_orbit_right_60_seed42884,roll,orbit_right_60,42884
03144_collision_orbit_right_64_seed42144,/home/nvme04/workspace/world_model_phys/PHYS/world_model_phys/local_assets/data/physion/generated_v5/converted_stage1_v1/03144_collision_orbit_right_64_seed42144,collision,orbit_right_64,42144
03611_roll_orbit_right_60_seed42611,/home/nvme04/workspace/world_model_phys/PHYS/world_model_phys/local_assets/data/physion/generated_v5/converted_stage1_v1/03611_roll_orbit_right_60_seed42611,roll,orbit_right_60,42611
03226_collision_orbit_right_64_seed42226,/home/nvme04/workspace/world_model_phys/PHYS/world_model_phys/local_assets/data/physion/generated_v5/converted_stage1_v1/03226_collision_orbit_right_64_seed42226,collision,orbit_right_64,42226
01740_drop_orbit_left_72_seed40740,/home/nvme04/workspace/world_model_phys/PHYS/world_model_phys/local_assets/data/physion/generated_v5/converted_stage1_v1/01740_drop_orbit_left_72_seed40740,drop,orbit_left_72,40740
01770_drop_orbit_left_72_seed40770,/home/nvme04/workspace/world_model_phys/PHYS/world_model_phys/local_assets/data/physion/generated_v5/converted_stage1_v1/01770_drop_orbit_left_72_seed40770,drop,orbit_left_72,40770
03958_roll_orbit_right_60_seed42958,/home/nvme04/workspace/world_model_phys/PHYS/world_model_phys/local_assets/data/physion/generated_v5/converted_stage1_v1/03958_roll_orbit_right_60_seed42958,roll,orbit_right_60,42958
02314_collision_orbit_right_64_seed41314,/home/nvme04/workspace/world_model_phys/PHYS/world_model_phys/local_assets/data/physion/generated_v5/converted_stage1_v1/02314_collision_orbit_right_64_seed41314,collision,orbit_right_64,41314
04351_containment_orbit_left_44_seed43351,/home/nvme04/workspace/world_model_phys/PHYS/world_model_phys/local_assets/data/physion/generated_v5/converted_stage1_v1/04351_containment_orbit_left_44_seed43351,containment,orbit_left_44,43351
01239_drop_orbit_left_72_seed40239,/home/nvme04/workspace/world_model_phys/PHYS/world_model_phys/local_assets/data/physion/generated_v5/converted_stage1_v1/01239_drop_orbit_left_72_seed40239,drop,orbit_left_72,40239
02517_collision_strafe_left_180_seed41517,/home/nvme04/workspace/world_model_phys/PHYS/world_model_phys/local_assets/data/physion/generated_v5/converted_stage1_v1/02517_collision_strafe_left_180_seed41517,collision,strafe_left_180,41517
02742_collision_orbit_right_64_seed41742,/home/nvme04/workspace/world_model_phys/PHYS/world_model_phys/local_assets/data/physion/generated_v5/converted_stage1_v1/02742_collision_orbit_right_64_seed41742,collision,orbit_right_64,41742
03699_roll_orbit_right_60_seed42699,/home/nvme04/workspace/world_model_phys/PHYS/world_model_phys/local_assets/data/physion/generated_v5/converted_stage1_v1/03699_roll_orbit_right_60_seed42699,roll,orbit_right_60,42699
01998_drop_orbit_left_72_seed40998,/home/nvme04/workspace/world_model_phys/PHYS/world_model_phys/local_assets/data/physion/generated_v5/converted_stage1_v1/01998_drop_orbit_left_72_seed40998,drop,orbit_left_72,40998
01698_drop_orbit_left_72_seed40698,/home/nvme04/workspace/world_model_phys/PHYS/world_model_phys/local_assets/data/physion/generated_v5/converted_stage1_v1/01698_drop_orbit_left_72_seed40698,drop,orbit_left_72,40698
04315_containment_orbit_left_44_seed43315,/home/nvme04/workspace/world_model_phys/PHYS/world_model_phys/local_assets/data/physion/generated_v5/converted_stage1_v1/04315_containment_orbit_left_44_seed43315,containment,orbit_left_44,43315
01298_drop_orbit_left_72_seed40298,/home/nvme04/workspace/world_model_phys/PHYS/world_model_phys/local_assets/data/physion/generated_v5/converted_stage1_v1/01298_drop_orbit_left_72_seed40298,drop,orbit_left_72,40298
03534_roll_orbit_right_60_seed42534,/home/nvme04/workspace/world_model_phys/PHYS/world_model_phys/local_assets/data/physion/generated_v5/converted_stage1_v1/03534_roll_orbit_right_60_seed42534,roll,orbit_right_60,42534
02694_collision_orbit_right_64_seed41694,/home/nvme04/workspace/world_model_phys/PHYS/world_model_phys/local_assets/data/physion/generated_v5/converted_stage1_v1/02694_collision_orbit_right_64_seed41694,collision,orbit_right_64,41694
04030_roll_orbit_right_60_seed43030,/home/nvme04/workspace/world_model_phys/PHYS/world_model_phys/local_assets/data/physion/generated_v5/converted_stage1_v1/04030_roll_orbit_right_60_seed43030,roll,orbit_right_60,43030
01227_drop_orbit_left_72_seed40227,/home/nvme04/workspace/world_model_phys/PHYS/world_model_phys/local_assets/data/physion/generated_v5/converted_stage1_v1/01227_drop_orbit_left_72_seed40227,drop,orbit_left_72,40227
03142_collision_orbit_right_64_seed42142,/home/nvme04/workspace/world_model_phys/PHYS/world_model_phys/local_assets/data/physion/generated_v5/converted_stage1_v1/03142_collision_orbit_right_64_seed42142,collision,orbit_right_64,42142
03556_roll_orbit_right_60_seed42556,/home/nvme04/workspace/world_model_phys/PHYS/world_model_phys/local_assets/data/physion/generated_v5/converted_stage1_v1/03556_roll_orbit_right_60_seed42556,roll,orbit_right_60,42556
02505_collision_strafe_left_180_seed41505,/home/nvme04/workspace/world_model_phys/PHYS/world_model_phys/local_assets/data/physion/generated_v5/converted_stage1_v1/02505_collision_strafe_left_180_seed41505,collision,strafe_left_180,41505
01979_drop_orbit_left_72_seed40979,/home/nvme04/workspace/world_model_phys/PHYS/world_model_phys/local_assets/data/physion/generated_v5/converted_stage1_v1/01979_drop_orbit_left_72_seed40979,drop,orbit_left_72,40979
01805_drop_orbit_left_72_seed40805,/home/nvme04/workspace/world_model_phys/PHYS/world_model_phys/local_assets/data/physion/generated_v5/converted_stage1_v1/01805_drop_orbit_left_72_seed40805,drop,orbit_left_72,40805
02813_collision_strafe_left_180_seed41813,/home/nvme04/workspace/world_model_phys/PHYS/world_model_phys/local_assets/data/physion/generated_v5/converted_stage1_v1/02813_collision_strafe_left_180_seed41813,collision,strafe_left_180,41813
03335_collision_strafe_left_180_seed42335,/home/nvme04/workspace/world_model_phys/PHYS/world_model_phys/local_assets/data/physion/generated_v5/converted_stage1_v1/03335_collision_strafe_left_180_seed42335,collision,strafe_left_180,42335
01209_drop_orbit_left_72_seed40209,/home/nvme04/workspace/world_model_phys/PHYS/world_model_phys/local_assets/data/physion/generated_v5/converted_stage1_v1/01209_drop_orbit_left_72_seed40209,drop,orbit_left_72,40209
01330_drop_orbit_left_72_seed40330,/home/nvme04/workspace/world_model_phys/PHYS/world_model_phys/local_assets/data/physion/generated_v5/converted_stage1_v1/01330_drop_orbit_left_72_seed40330,drop,orbit_left_72,40330
03844_roll_orbit_right_60_seed42844,/home/nvme04/workspace/world_model_phys/PHYS/world_model_phys/local_assets/data/physion/generated_v5/converted_stage1_v1/03844_roll_orbit_right_60_seed42844,roll,orbit_right_60,42844
02343_collision_strafe_left_180_seed41343,/home/nvme04/workspace/world_model_phys/PHYS/world_model_phys/local_assets/data/physion/generated_v5/converted_stage1_v1/02343_collision_strafe_left_180_seed41343,collision,strafe_left_180,41343
01371_drop_orbit_left_72_seed40371,/home/nvme04/workspace/world_model_phys/PHYS/world_model_phys/local_assets/data/physion/generated_v5/converted_stage1_v1/01371_drop_orbit_left_72_seed40371,drop,orbit_left_72,40371
02710_collision_orbit_right_64_seed41710,/home/nvme04/workspace/world_model_phys/PHYS/world_model_phys/local_assets/data/physion/generated_v5/converted_stage1_v1/02710_collision_orbit_right_64_seed41710,collision,orbit_right_64,41710
02453_collision_strafe_left_180_seed41453,/home/nvme04/workspace/world_model_phys/PHYS/world_model_phys/local_assets/data/physion/generated_v5/converted_stage1_v1/02453_collision_strafe_left_180_seed41453,collision,strafe_left_180,41453
02428_collision_orbit_right_64_seed41428,/home/nvme04/workspace/world_model_phys/PHYS/world_model_phys/local_assets/data/physion/generated_v5/converted_stage1_v1/02428_collision_orbit_right_64_seed41428,collision,orbit_right_64,41428
03062_collision_orbit_right_64_seed42062,/home/nvme04/workspace/world_model_phys/PHYS/world_model_phys/local_assets/data/physion/generated_v5/converted_stage1_v1/03062_collision_orbit_right_64_seed42062,collision,orbit_right_64,42062
02040_drop_orbit_left_72_seed41040,/home/nvme04/workspace/world_model_phys/PHYS/world_model_phys/local_assets/data/physion/generated_v5/converted_stage1_v1/02040_drop_orbit_left_72_seed41040,drop,orbit_left_72,41040
04099_roll_orbit_right_60_seed43099,/home/nvme04/workspace/world_model_phys/PHYS/world_model_phys/local_assets/data/physion/generated_v5/converted_stage1_v1/04099_roll_orbit_right_60_seed43099,roll,orbit_right_60,43099
01539_drop_orbit_left_72_seed40539,/home/nvme04/workspace/world_model_phys/PHYS/world_model_phys/local_assets/data/physion/generated_v5/converted_stage1_v1/01539_drop_orbit_left_72_seed40539,drop,orbit_left_72,40539
01320_drop_orbit_left_72_seed40320,/home/nvme04/workspace/world_model_phys/PHYS/world_model_phys/local_assets/data/physion/generated_v5/converted_stage1_v1/01320_drop_orbit_left_72_seed40320,drop,orbit_left_72,40320
02060_drop_orbit_left_72_seed41060,/home/nvme04/workspace/world_model_phys/PHYS/world_model_phys/local_assets/data/physion/generated_v5/converted_stage1_v1/02060_drop_orbit_left_72_seed41060,drop,orbit_left_72,41060
03810_roll_orbit_right_60_seed42810,/home/nvme04/workspace/world_model_phys/PHYS/world_model_phys/local_assets/data/physion/generated_v5/converted_stage1_v1/03810_roll_orbit_right_60_seed42810,roll,orbit_right_60,42810
03360_collision_orbit_right_64_seed42360,/home/nvme04/workspace/world_model_phys/PHYS/world_model_phys/local_assets/data/physion/generated_v5/converted_stage1_v1/03360_collision_orbit_right_64_seed42360,collision,orbit_right_64,42360
02178_drop_orbit_left_72_seed41178,/home/nvme04/workspace/world_model_phys/PHYS/world_model_phys/local_assets/data/physion/generated_v5/converted_stage1_v1/02178_drop_orbit_left_72_seed41178,drop,orbit_left_72,41178
02749_collision_strafe_left_180_seed41749,/home/nvme04/workspace/world_model_phys/PHYS/world_model_phys/local_assets/data/physion/generated_v5/converted_stage1_v1/02749_collision_strafe_left_180_seed41749,collision,strafe_left_180,41749
01081_drop_orbit_left_72_seed40081,/home/nvme04/workspace/world_model_phys/PHYS/world_model_phys/local_assets/data/physion/generated_v5/converted_stage1_v1/01081_drop_orbit_left_72_seed40081,drop,orbit_left_72,40081
01044_drop_orbit_left_72_seed40044,/home/nvme04/workspace/world_model_phys/PHYS/world_model_phys/local_assets/data/physion/generated_v5/converted_stage1_v1/01044_drop_orbit_left_72_seed40044,drop,orbit_left_72,40044
04003_roll_orbit_right_60_seed43003,/home/nvme04/workspace/world_model_phys/PHYS/world_model_phys/local_assets/data/physion/generated_v5/converted_stage1_v1/04003_roll_orbit_right_60_seed43003,roll,orbit_right_60,43003
02464_collision_orbit_right_64_seed41464,/home/nvme04/workspace/world_model_phys/PHYS/world_model_phys/local_assets/data/physion/generated_v5/converted_stage1_v1/02464_collision_orbit_right_64_seed41464,collision,orbit_right_64,41464
01188_drop_orbit_left_72_seed40188,/home/nvme04/workspace/world_model_phys/PHYS/world_model_phys/local_assets/data/physion/generated_v5/converted_stage1_v1/01188_drop_orbit_left_72_seed40188,drop,orbit_left_72,40188
03777_roll_orbit_right_60_seed42777,/home/nvme04/workspace/world_model_phys/PHYS/world_model_phys/local_assets/data/physion/generated_v5/converted_stage1_v1/03777_roll_orbit_right_60_seed42777,roll,orbit_right_60,42777
03483_roll_orbit_right_60_seed42483,/home/nvme04/workspace/world_model_phys/PHYS/world_model_phys/local_assets/data/physion/generated_v5/converted_stage1_v1/03483_roll_orbit_right_60_seed42483,roll,orbit_right_60,42483
02713_collision_strafe_left_180_seed41713,/home/nvme04/workspace/world_model_phys/PHYS/world_model_phys/local_assets/data/physion/generated_v5/converted_stage1_v1/02713_collision_strafe_left_180_seed41713,collision,strafe_left_180,41713
03574_roll_orbit_right_60_seed42574,/home/nvme04/workspace/world_model_phys/PHYS/world_model_phys/local_assets/data/physion/generated_v5/converted_stage1_v1/03574_roll_orbit_right_60_seed42574,roll,orbit_right_60,42574
04251_containment_orbit_left_44_seed43251,/home/nvme04/workspace/world_model_phys/PHYS/world_model_phys/local_assets/data/physion/generated_v5/converted_stage1_v1/04251_containment_orbit_left_44_seed43251,containment,orbit_left_44,43251
02279_collision_strafe_left_180_seed41279,/home/nvme04/workspace/world_model_phys/PHYS/world_model_phys/local_assets/data/physion/generated_v5/converted_stage1_v1/02279_collision_strafe_left_180_seed41279,collision,strafe_left_180,41279
03437_roll_orbit_right_60_seed42437,/home/nvme04/workspace/world_model_phys/PHYS/world_model_phys/local_assets/data/physion/generated_v5/converted_stage1_v1/03437_roll_orbit_right_60_seed42437,roll,orbit_right_60,42437
03976_roll_orbit_right_60_seed42976,/home/nvme04/workspace/world_model_phys/PHYS/world_model_phys/local_assets/data/physion/generated_v5/converted_stage1_v1/03976_roll_orbit_right_60_seed42976,roll,orbit_right_60,42976
02765_collision_strafe_left_180_seed41765,/home/nvme04/workspace/world_model_phys/PHYS/world_model_phys/local_assets/data/physion/generated_v5/converted_stage1_v1/02765_collision_strafe_left_180_seed41765,collision,strafe_left_180,41765
01139_drop_orbit_left_72_seed40139,/home/nvme04/workspace/world_model_phys/PHYS/world_model_phys/local_assets/data/physion/generated_v5/converted_stage1_v1/01139_drop_orbit_left_72_seed40139,drop,orbit_left_72,40139
01411_drop_orbit_left_72_seed40411,/home/nvme04/workspace/world_model_phys/PHYS/world_model_phys/local_assets/data/physion/generated_v5/converted_stage1_v1/01411_drop_orbit_left_72_seed40411,drop,orbit_left_72,40411
04020_roll_orbit_right_60_seed43020,/home/nvme04/workspace/world_model_phys/PHYS/world_model_phys/local_assets/data/physion/generated_v5/converted_stage1_v1/04020_roll_orbit_right_60_seed43020,roll,orbit_right_60,43020
01295_drop_orbit_left_72_seed40295,/home/nvme04/workspace/world_model_phys/PHYS/world_model_phys/local_assets/data/physion/generated_v5/converted_stage1_v1/01295_drop_orbit_left_72_seed40295,drop,orbit_left_72,40295
02849_collision_strafe_left_180_seed41849,/home/nvme04/workspace/world_model_phys/PHYS/world_model_phys/local_assets/data/physion/generated_v5/converted_stage1_v1/02849_collision_strafe_left_180_seed41849,collision,strafe_left_180,41849
01015_drop_orbit_left_72_seed40015,/home/nvme04/workspace/world_model_phys/PHYS/world_model_phys/local_assets/data/physion/generated_v5/converted_stage1_v1/01015_drop_orbit_left_72_seed40015,drop,orbit_left_72,40015
01387_drop_orbit_left_72_seed40387,/home/nvme04/workspace/world_model_phys/PHYS/world_model_phys/local_assets/data/physion/generated_v5/converted_stage1_v1/01387_drop_orbit_left_72_seed40387,drop,orbit_left_72,40387
01933_drop_orbit_left_72_seed40933,/home/nvme04/workspace/world_model_phys/PHYS/world_model_phys/local_assets/data/physion/generated_v5/converted_stage1_v1/01933_drop_orbit_left_72_seed40933,drop,orbit_left_72,40933
02874_collision_orbit_right_64_seed41874,/home/nvme04/workspace/world_model_phys/PHYS/world_model_phys/local_assets/data/physion/generated_v5/converted_stage1_v1/02874_collision_orbit_right_64_seed41874,collision,orbit_right_64,41874
03628_roll_orbit_right_60_seed42628,/home/nvme04/workspace/world_model_phys/PHYS/world_model_phys/local_assets/data/physion/generated_v5/converted_stage1_v1/03628_roll_orbit_right_60_seed42628,roll,orbit_right_60,42628
01001_drop_orbit_left_72_seed40001,/home/nvme04/workspace/world_model_phys/PHYS/world_model_phys/local_assets/data/physion/generated_v5/converted_stage1_v1/01001_drop_orbit_left_72_seed40001,drop,orbit_left_72,40001
04254_containment_orbit_left_44_seed43254,/home/nvme04/workspace/world_model_phys/PHYS/world_model_phys/local_assets/data/physion/generated_v5/converted_stage1_v1/04254_containment_orbit_left_44_seed43254,containment,orbit_left_44,43254
02837_collision_strafe_left_180_seed41837,/home/nvme04/workspace/world_model_phys/PHYS/world_model_phys/local_assets/data/physion/generated_v5/converted_stage1_v1/02837_collision_strafe_left_180_seed41837,collision,strafe_left_180,41837
03168_collision_orbit_right_64_seed42168,/home/nvme04/workspace/world_model_phys/PHYS/world_model_phys/local_assets/data/physion/generated_v5/converted_stage1_v1/03168_collision_orbit_right_64_seed42168,collision,orbit_right_64,42168
02194_drop_orbit_left_72_seed41194,/home/nvme04/workspace/world_model_phys/PHYS/world_model_phys/local_assets/data/physion/generated_v5/converted_stage1_v1/02194_drop_orbit_left_72_seed41194,drop,orbit_left_72,41194
02054_drop_orbit_left_72_seed41054,/home/nvme04/workspace/world_model_phys/PHYS/world_model_phys/local_assets/data/physion/generated_v5/converted_stage1_v1/02054_drop_orbit_left_72_seed41054,drop,orbit_left_72,41054
01010_drop_orbit_left_72_seed40010,/home/nvme04/workspace/world_model_phys/PHYS/world_model_phys/local_assets/data/physion/generated_v5/converted_stage1_v1/01010_drop_orbit_left_72_seed40010,drop,orbit_left_72,40010
03278_collision_orbit_right_64_seed42278,/home/nvme04/workspace/world_model_phys/PHYS/world_model_phys/local_assets/data/physion/generated_v5/converted_stage1_v1/03278_collision_orbit_right_64_seed42278,collision,orbit_right_64,42278
04265_containment_orbit_left_44_seed43265,/home/nvme04/workspace/world_model_phys/PHYS/world_model_phys/local_assets/data/physion/generated_v5/converted_stage1_v1/04265_containment_orbit_left_44_seed43265,containment,orbit_left_44,43265
03679_roll_orbit_right_60_seed42679,/home/nvme04/workspace/world_model_phys/PHYS/world_model_phys/local_assets/data/physion/generated_v5/converted_stage1_v1/03679_roll_orbit_right_60_seed42679,roll,orbit_right_60,42679
03505_roll_orbit_right_60_seed42505,/home/nvme04/workspace/world_model_phys/PHYS/world_model_phys/local_assets/data/physion/generated_v5/converted_stage1_v1/03505_roll_orbit_right_60_seed42505,roll,orbit_right_60,42505
02143_drop_orbit_left_72_seed41143,/home/nvme04/workspace/world_model_phys/PHYS/world_model_phys/local_assets/data/physion/generated_v5/converted_stage1_v1/02143_drop_orbit_left_72_seed41143,drop,orbit_left_72,41143
03313_collision_strafe_left_180_seed42313,/home/nvme04/workspace/world_model_phys/PHYS/world_model_phys/local_assets/data/physion/generated_v5/converted_stage1_v1/03313_collision_strafe_left_180_seed42313,collision,strafe_left_180,42313
01956_drop_orbit_left_72_seed40956,/home/nvme04/workspace/world_model_phys/PHYS/world_model_phys/local_assets/data/physion/generated_v5/converted_stage1_v1/01956_drop_orbit_left_72_seed40956,drop,orbit_left_72,40956
01440_drop_orbit_left_72_seed40440,/home/nvme04/workspace/world_model_phys/PHYS/world_model_phys/local_assets/data/physion/generated_v5/converted_stage1_v1/01440_drop_orbit_left_72_seed40440,drop,orbit_left_72,40440
02213_collision_strafe_left_180_seed41213,/home/nvme04/workspace/world_model_phys/PHYS/world_model_phys/local_assets/data/physion/generated_v5/converted_stage1_v1/02213_collision_strafe_left_180_seed41213,collision,strafe_left_180,41213
01277_drop_orbit_left_72_seed40277,/home/nvme04/workspace/world_model_phys/PHYS/world_model_phys/local_assets/data/physion/generated_v5/converted_stage1_v1/01277_drop_orbit_left_72_seed40277,drop,orbit_left_72,40277
04052_roll_orbit_right_60_seed43052,/home/nvme04/workspace/world_model_phys/PHYS/world_model_phys/local_assets/data/physion/generated_v5/converted_stage1_v1/04052_roll_orbit_right_60_seed43052,roll,orbit_right_60,43052
02198_drop_orbit_left_72_seed41198,/home/nvme04/workspace/world_model_phys/PHYS/world_model_phys/local_assets/data/physion/generated_v5/converted_stage1_v1/02198_drop_orbit_left_72_seed41198,drop,orbit_left_72,41198
04024_roll_orbit_right_60_seed43024,/home/nvme04/workspace/world_model_phys/PHYS/world_model_phys/local_assets/data/physion/generated_v5/converted_stage1_v1/04024_roll_orbit_right_60_seed43024,roll,orbit_right_60,43024
02347_collision_strafe_left_180_seed41347,/home/nvme04/workspace/world_model_phys/PHYS/world_model_phys/local_assets/data/physion/generated_v5/converted_stage1_v1/02347_collision_strafe_left_180_seed41347,collision,strafe_left_180,41347
02526_collision_orbit_right_64_seed41526,/home/nvme04/workspace/world_model_phys/PHYS/world_model_phys/local_assets/data/physion/generated_v5/converted_stage1_v1/02526_collision_orbit_right_64_seed41526,collision,orbit_right_64,41526
02958_collision_orbit_right_64_seed41958,/home/nvme04/workspace/world_model_phys/PHYS/world_model_phys/local_assets/data/physion/generated_v5/converted_stage1_v1/02958_collision_orbit_right_64_seed41958,collision,orbit_right_64,41958
02969_collision_strafe_left_180_seed41969,/home/nvme04/workspace/world_model_phys/PHYS/world_model_phys/local_assets/data/physion/generated_v5/converted_stage1_v1/02969_collision_strafe_left_180_seed41969,collision,strafe_left_180,41969
02218_collision_orbit_right_64_seed41218,/home/nvme04/workspace/world_model_phys/PHYS/world_model_phys/local_assets/data/physion/generated_v5/converted_stage1_v1/02218_collision_orbit_right_64_seed41218,collision,orbit_right_64,41218
03793_roll_orbit_right_60_seed42793,/home/nvme04/workspace/world_model_phys/PHYS/world_model_phys/local_assets/data/physion/generated_v5/converted_stage1_v1/03793_roll_orbit_right_60_seed42793,roll,orbit_right_60,42793
03320_collision_orbit_right_64_seed42320,/home/nvme04/workspace/world_model_phys/PHYS/world_model_phys/local_assets/data/physion/generated_v5/converted_stage1_v1/03320_collision_orbit_right_64_seed42320,collision,orbit_right_64,42320
01841_drop_orbit_left_72_seed40841,/home/nvme04/workspace/world_model_phys/PHYS/world_model_phys/local_assets/data/physion/generated_v5/converted_stage1_v1/01841_drop_orbit_left_72_seed40841,drop,orbit_left_72,40841
01123_drop_orbit_left_72_seed40123,/home/nvme04/workspace/world_model_phys/PHYS/world_model_phys/local_assets/data/physion/generated_v5/converted_stage1_v1/01123_drop_orbit_left_72_seed40123,drop,orbit_left_72,40123
01004_drop_orbit_left_72_seed40004,/home/nvme04/workspace/world_model_phys/PHYS/world_model_phys/local_assets/data/physion/generated_v5/converted_stage1_v1/01004_drop_orbit_left_72_seed40004,drop,orbit_left_72,40004
04357_containment_orbit_left_44_seed43357,/home/nvme04/workspace/world_model_phys/PHYS/world_model_phys/local_assets/data/physion/generated_v5/converted_stage1_v1/04357_containment_orbit_left_44_seed43357,containment,orbit_left_44,43357
01898_drop_orbit_left_72_seed40898,/home/nvme04/workspace/world_model_phys/PHYS/world_model_phys/local_assets/data/physion/generated_v5/converted_stage1_v1/01898_drop_orbit_left_72_seed40898,drop,orbit_left_72,40898
02665_collision_strafe_left_180_seed41665,/home/nvme04/workspace/world_model_phys/PHYS/world_model_phys/local_assets/data/physion/generated_v5/converted_stage1_v1/02665_collision_strafe_left_180_seed41665,collision,strafe_left_180,41665
03531_roll_orbit_right_60_seed42531,/home/nvme04/workspace/world_model_phys/PHYS/world_model_phys/local_assets/data/physion/generated_v5/converted_stage1_v1/03531_roll_orbit_right_60_seed42531,roll,orbit_right_60,42531
01723_drop_orbit_left_72_seed40723,/home/nvme04/workspace/world_model_phys/PHYS/world_model_phys/local_assets/data/physion/generated_v5/converted_stage1_v1/01723_drop_orbit_left_72_seed40723,drop,orbit_left_72,40723
02083_drop_orbit_left_72_seed41083,/home/nvme04/workspace/world_model_phys/PHYS/world_model_phys/local_assets/data/physion/generated_v5/converted_stage1_v1/02083_drop_orbit_left_72_seed41083,drop,orbit_left_72,41083
01450_drop_orbit_left_72_seed40450,/home/nvme04/workspace/world_model_phys/PHYS/world_model_phys/local_assets/data/physion/generated_v5/converted_stage1_v1/01450_drop_orbit_left_72_seed40450,drop,orbit_left_72,40450
01206_drop_orbit_left_72_seed40206,/home/nvme04/workspace/world_model_phys/PHYS/world_model_phys/local_assets/data/physion/generated_v5/converted_stage1_v1/01206_drop_orbit_left_72_seed40206,drop,orbit_left_72,40206
03727_roll_orbit_right_60_seed42727,/home/nvme04/workspace/world_model_phys/PHYS/world_model_phys/local_assets/data/physion/generated_v5/converted_stage1_v1/03727_roll_orbit_right_60_seed42727,roll,orbit_right_60,42727
03661_roll_orbit_right_60_seed42661,/home/nvme04/workspace/world_model_phys/PHYS/world_model_phys/local_assets/data/physion/generated_v5/converted_stage1_v1/03661_roll_orbit_right_60_seed42661,roll,orbit_right_60,42661
03299_collision_strafe_left_180_seed42299,/home/nvme04/workspace/world_model_phys/PHYS/world_model_phys/local_assets/data/physion/generated_v5/converted_stage1_v1/03299_collision_strafe_left_180_seed42299,collision,strafe_left_180,42299
02147_drop_orbit_left_72_seed41147,/home/nvme04/workspace/world_model_phys/PHYS/world_model_phys/local_assets/data/physion/generated_v5/converted_stage1_v1/02147_drop_orbit_left_72_seed41147,drop,orbit_left_72,41147
03543_roll_orbit_right_60_seed42543,/home/nvme04/workspace/world_model_phys/PHYS/world_model_phys/local_assets/data/physion/generated_v5/converted_stage1_v1/03543_roll_orbit_right_60_seed42543,roll,orbit_right_60,42543
04375_containment_orbit_left_44_seed43375,/home/nvme04/workspace/world_model_phys/PHYS/world_model_phys/local_assets/data/physion/generated_v5/converted_stage1_v1/04375_containment_orbit_left_44_seed43375,containment,orbit_left_44,43375
02693_collision_strafe_left_180_seed41693,/home/nvme04/workspace/world_model_phys/PHYS/world_model_phys/local_assets/data/physion/generated_v5/converted_stage1_v1/02693_collision_strafe_left_180_seed41693,collision,strafe_left_180,41693
03156_collision_orbit_right_64_seed42156,/home/nvme04/workspace/world_model_phys/PHYS/world_model_phys/local_assets/data/physion/generated_v5/converted_stage1_v1/03156_collision_orbit_right_64_seed42156,collision,orbit_right_64,42156
01644_drop_orbit_left_72_seed40644,/home/nvme04/workspace/world_model_phys/PHYS/world_model_phys/local_assets/data/physion/generated_v5/converted_stage1_v1/01644_drop_orbit_left_72_seed40644,drop,orbit_left_72,40644
01283_drop_orbit_left_72_seed40283,/home/nvme04/workspace/world_model_phys/PHYS/world_model_phys/local_assets/data/physion/generated_v5/converted_stage1_v1/01283_drop_orbit_left_72_seed40283,drop,orbit_left_72,40283
01797_drop_orbit_left_72_seed40797,/home/nvme04/workspace/world_model_phys/PHYS/world_model_phys/local_assets/data/physion/generated_v5/converted_stage1_v1/01797_drop_orbit_left_72_seed40797,drop,orbit_left_72,40797
01152_drop_orbit_left_72_seed40152,/home/nvme04/workspace/world_model_phys/PHYS/world_model_phys/local_assets/data/physion/generated_v5/converted_stage1_v1/01152_drop_orbit_left_72_seed40152,drop,orbit_left_72,40152
01774_drop_orbit_left_72_seed40774,/home/nvme04/workspace/world_model_phys/PHYS/world_model_phys/local_assets/data/physion/generated_v5/converted_stage1_v1/01774_drop_orbit_left_72_seed40774,drop,orbit_left_72,40774
02107_drop_orbit_left_72_seed41107,/home/nvme04/workspace/world_model_phys/PHYS/world_model_phys/local_assets/data/physion/generated_v5/converted_stage1_v1/02107_drop_orbit_left_72_seed41107,drop,orbit_left_72,41107
03902_roll_orbit_right_60_seed42902,/home/nvme04/workspace/world_model_phys/PHYS/world_model_phys/local_assets/data/physion/generated_v5/converted_stage1_v1/03902_roll_orbit_right_60_seed42902,roll,orbit_right_60,42902
03565_roll_orbit_right_60_seed42565,/home/nvme04/workspace/world_model_phys/PHYS/world_model_phys/local_assets/data/physion/generated_v5/converted_stage1_v1/03565_roll_orbit_right_60_seed42565,roll,orbit_right_60,42565
04345_containment_orbit_left_44_seed43345,/home/nvme04/workspace/world_model_phys/PHYS/world_model_phys/local_assets/data/physion/generated_v5/converted_stage1_v1/04345_containment_orbit_left_44_seed43345,containment,orbit_left_44,43345
02788_collision_orbit_right_64_seed41788,/home/nvme04/workspace/world_model_phys/PHYS/world_model_phys/local_assets/data/physion/generated_v5/converted_stage1_v1/02788_collision_orbit_right_64_seed41788,collision,orbit_right_64,41788
02051_drop_orbit_left_72_seed41051,/home/nvme04/workspace/world_model_phys/PHYS/world_model_phys/local_assets/data/physion/generated_v5/converted_stage1_v1/02051_drop_orbit_left_72_seed41051,drop,orbit_left_72,41051
02253_collision_strafe_left_180_seed41253,/home/nvme04/workspace/world_model_phys/PHYS/world_model_phys/local_assets/data/physion/generated_v5/converted_stage1_v1/02253_collision_strafe_left_180_seed41253,collision,strafe_left_180,41253
03883_roll_orbit_right_60_seed42883,/home/nvme04/workspace/world_model_phys/PHYS/world_model_phys/local_assets/data/physion/generated_v5/converted_stage1_v1/03883_roll_orbit_right_60_seed42883,roll,orbit_right_60,42883
01859_drop_orbit_left_72_seed40859,/home/nvme04/workspace/world_model_phys/PHYS/world_model_phys/local_assets/data/physion/generated_v5/converted_stage1_v1/01859_drop_orbit_left_72_seed40859,drop,orbit_left_72,40859
01256_drop_orbit_left_72_seed40256,/home/nvme04/workspace/world_model_phys/PHYS/world_model_phys/local_assets/data/physion/generated_v5/converted_stage1_v1/01256_drop_orbit_left_72_seed40256,drop,orbit_left_72,40256
03722_roll_orbit_right_60_seed42722,/home/nvme04/workspace/world_model_phys/PHYS/world_model_phys/local_assets/data/physion/generated_v5/converted_stage1_v1/03722_roll_orbit_right_60_seed42722,roll,orbit_right_60,42722
01812_drop_orbit_left_72_seed40812,/home/nvme04/workspace/world_model_phys/PHYS/world_model_phys/local_assets/data/physion/generated_v5/converted_stage1_v1/01812_drop_orbit_left_72_seed40812,drop,orbit_left_72,40812
03787_roll_orbit_right_60_seed42787,/home/nvme04/workspace/world_model_phys/PHYS/world_model_phys/local_assets/data/physion/generated_v5/converted_stage1_v1/03787_roll_orbit_right_60_seed42787,roll,orbit_right_60,42787
03084_collision_orbit_right_64_seed42084,/home/nvme04/workspace/world_model_phys/PHYS/world_model_phys/local_assets/data/physion/generated_v5/converted_stage1_v1/03084_collision_orbit_right_64_seed42084,collision,orbit_right_64,42084
03235_collision_strafe_left_180_seed42235,/home/nvme04/workspace/world_model_phys/PHYS/world_model_phys/local_assets/data/physion/generated_v5/converted_stage1_v1/03235_collision_strafe_left_180_seed42235,collision,strafe_left_180,42235
02419_collision_strafe_left_180_seed41419,/home/nvme04/workspace/world_model_phys/PHYS/world_model_phys/local_assets/data/physion/generated_v5/converted_stage1_v1/02419_collision_strafe_left_180_seed41419,collision,strafe_left_180,41419
03657_roll_orbit_right_60_seed42657,/home/nvme04/workspace/world_model_phys/PHYS/world_model_phys/local_assets/data/physion/generated_v5/converted_stage1_v1/03657_roll_orbit_right_60_seed42657,roll,orbit_right_60,42657
01643_drop_orbit_left_72_seed40643,/home/nvme04/workspace/world_model_phys/PHYS/world_model_phys/local_assets/data/physion/generated_v5/converted_stage1_v1/01643_drop_orbit_left_72_seed40643,drop,orbit_left_72,40643
03553_roll_orbit_right_60_seed42553,/home/nvme04/workspace/world_model_phys/PHYS/world_model_phys/local_assets/data/physion/generated_v5/converted_stage1_v1/03553_roll_orbit_right_60_seed42553,roll,orbit_right_60,42553
01212_drop_orbit_left_72_seed40212,/home/nvme04/workspace/world_model_phys/PHYS/world_model_phys/local_assets/data/physion/generated_v5/converted_stage1_v1/01212_drop_orbit_left_72_seed40212,drop,orbit_left_72,40212
02045_drop_orbit_left_72_seed41045,/home/nvme04/workspace/world_model_phys/PHYS/world_model_phys/local_assets/data/physion/generated_v5/converted_stage1_v1/02045_drop_orbit_left_72_seed41045,drop,orbit_left_72,41045
02340_collision_orbit_right_64_seed41340,/home/nvme04/workspace/world_model_phys/PHYS/world_model_phys/local_assets/data/physion/generated_v5/converted_stage1_v1/02340_collision_orbit_right_64_seed41340,collision,orbit_right_64,41340
01990_drop_orbit_left_72_seed40990,/home/nvme04/workspace/world_model_phys/PHYS/world_model_phys/local_assets/data/physion/generated_v5/converted_stage1_v1/01990_drop_orbit_left_72_seed40990,drop,orbit_left_72,40990
01769_drop_orbit_left_72_seed40769,/home/nvme04/workspace/world_model_phys/PHYS/world_model_phys/local_assets/data/physion/generated_v5/converted_stage1_v1/01769_drop_orbit_left_72_seed40769,drop,orbit_left_72,40769
02558_collision_orbit_right_64_seed41558,/home/nvme04/workspace/world_model_phys/PHYS/world_model_phys/local_assets/data/physion/generated_v5/converted_stage1_v1/02558_collision_orbit_right_64_seed41558,collision,orbit_right_64,41558
03528_roll_orbit_right_60_seed42528,/home/nvme04/workspace/world_model_phys/PHYS/world_model_phys/local_assets/data/physion/generated_v5/converted_stage1_v1/03528_roll_orbit_right_60_seed42528,roll,orbit_right_60,42528
02978_collision_orbit_right_64_seed41978,/home/nvme04/workspace/world_model_phys/PHYS/world_model_phys/local_assets/data/physion/generated_v5/converted_stage1_v1/02978_collision_orbit_right_64_seed41978,collision,orbit_right_64,41978
02731_collision_strafe_left_180_seed41731,/home/nvme04/workspace/world_model_phys/PHYS/world_model_phys/local_assets/data/physion/generated_v5/converted_stage1_v1/02731_collision_strafe_left_180_seed41731,collision,strafe_left_180,41731
02379_collision_strafe_left_180_seed41379,/home/nvme04/workspace/world_model_phys/PHYS/world_model_phys/local_assets/data/physion/generated_v5/converted_stage1_v1/02379_collision_strafe_left_180_seed41379,collision,strafe_left_180,41379
03799_roll_orbit_right_60_seed42799,/home/nvme04/workspace/world_model_phys/PHYS/world_model_phys/local_assets/data/physion/generated_v5/converted_stage1_v1/03799_roll_orbit_right_60_seed42799,roll,orbit_right_60,42799
03284_collision_orbit_right_64_seed42284,/home/nvme04/workspace/world_model_phys/PHYS/world_model_phys/local_assets/data/physion/generated_v5/converted_stage1_v1/03284_collision_orbit_right_64_seed42284,collision,orbit_right_64,42284
03455_roll_orbit_right_60_seed42455,/home/nvme04/workspace/world_model_phys/PHYS/world_model_phys/local_assets/data/physion/generated_v5/converted_stage1_v1/03455_roll_orbit_right_60_seed42455,roll,orbit_right_60,42455
01257_drop_orbit_left_72_seed40257,/home/nvme04/workspace/world_model_phys/PHYS/world_model_phys/local_assets/data/physion/generated_v5/converted_stage1_v1/01257_drop_orbit_left_72_seed40257,drop,orbit_left_72,40257
01380_drop_orbit_left_72_seed40380,/home/nvme04/workspace/world_model_phys/PHYS/world_model_phys/local_assets/data/physion/generated_v5/converted_stage1_v1/01380_drop_orbit_left_72_seed40380,drop,orbit_left_72,40380
03163_collision_strafe_left_180_seed42163,/home/nvme04/workspace/world_model_phys/PHYS/world_model_phys/local_assets/data/physion/generated_v5/converted_stage1_v1/03163_collision_strafe_left_180_seed42163,collision,strafe_left_180,42163
04329_containment_orbit_left_44_seed43329,/home/nvme04/workspace/world_model_phys/PHYS/world_model_phys/local_assets/data/physion/generated_v5/converted_stage1_v1/04329_containment_orbit_left_44_seed43329,containment,orbit_left_44,43329
02013_drop_orbit_left_72_seed41013,/home/nvme04/workspace/world_model_phys/PHYS/world_model_phys/local_assets/data/physion/generated_v5/converted_stage1_v1/02013_drop_orbit_left_72_seed41013,drop,orbit_left_72,41013
01943_drop_orbit_left_72_seed40943,/home/nvme04/workspace/world_model_phys/PHYS/world_model_phys/local_assets/data/physion/generated_v5/converted_stage1_v1/01943_drop_orbit_left_72_seed40943,drop,orbit_left_72,40943
02367_collision_strafe_left_180_seed41367,/home/nvme04/workspace/world_model_phys/PHYS/world_model_phys/local_assets/data/physion/generated_v5/converted_stage1_v1/02367_collision_strafe_left_180_seed41367,collision,strafe_left_180,41367
04318_containment_orbit_left_44_seed43318,/home/nvme04/workspace/world_model_phys/PHYS/world_model_phys/local_assets/data/physion/generated_v5/converted_stage1_v1/04318_containment_orbit_left_44_seed43318,containment,orbit_left_44,43318
02686_collision_orbit_right_64_seed41686,/home/nvme04/workspace/world_model_phys/PHYS/world_model_phys/local_assets/data/physion/generated_v5/converted_stage1_v1/02686_collision_orbit_right_64_seed41686,collision,orbit_right_64,41686
02378_collision_orbit_right_64_seed41378,/home/nvme04/workspace/world_model_phys/PHYS/world_model_phys/local_assets/data/physion/generated_v5/converted_stage1_v1/02378_collision_orbit_right_64_seed41378,collision,orbit_right_64,41378
02632_collision_orbit_right_64_seed41632,/home/nvme04/workspace/world_model_phys/PHYS/world_model_phys/local_assets/data/physion/generated_v5/converted_stage1_v1/02632_collision_orbit_right_64_seed41632,collision,orbit_right_64,41632
01591_drop_orbit_left_72_seed40591,/home/nvme04/workspace/world_model_phys/PHYS/world_model_phys/local_assets/data/physion/generated_v5/converted_stage1_v1/01591_drop_orbit_left_72_seed40591,drop,orbit_left_72,40591
01341_drop_orbit_left_72_seed40341,/home/nvme04/workspace/world_model_phys/PHYS/world_model_phys/local_assets/data/physion/generated_v5/converted_stage1_v1/01341_drop_orbit_left_72_seed40341,drop,orbit_left_72,40341
02981_collision_strafe_left_180_seed41981,/home/nvme04/workspace/world_model_phys/PHYS/world_model_phys/local_assets/data/physion/generated_v5/converted_stage1_v1/02981_collision_strafe_left_180_seed41981,collision,strafe_left_180,41981
01138_drop_orbit_left_72_seed40138,/home/nvme04/workspace/world_model_phys/PHYS/world_model_phys/local_assets/data/physion/generated_v5/converted_stage1_v1/01138_drop_orbit_left_72_seed40138,drop,orbit_left_72,40138
01285_drop_orbit_left_72_seed40285,/home/nvme04/workspace/world_model_phys/PHYS/world_model_phys/local_assets/data/physion/generated_v5/converted_stage1_v1/01285_drop_orbit_left_72_seed40285,drop,orbit_left_72,40285
02586_collision_orbit_right_64_seed41586,/home/nvme04/workspace/world_model_phys/PHYS/world_model_phys/local_assets/data/physion/generated_v5/converted_stage1_v1/02586_collision_orbit_right_64_seed41586,collision,orbit_right_64,41586
03310_collision_orbit_right_64_seed42310,/home/nvme04/workspace/world_model_phys/PHYS/world_model_phys/local_assets/data/physion/generated_v5/converted_stage1_v1/03310_collision_orbit_right_64_seed42310,collision,orbit_right_64,42310
03776_roll_orbit_right_60_seed42776,/home/nvme04/workspace/world_model_phys/PHYS/world_model_phys/local_assets/data/physion/generated_v5/converted_stage1_v1/03776_roll_orbit_right_60_seed42776,roll,orbit_right_60,42776
01850_drop_orbit_left_72_seed40850,/home/nvme04/workspace/world_model_phys/PHYS/world_model_phys/local_assets/data/physion/generated_v5/converted_stage1_v1/01850_drop_orbit_left_72_seed40850,drop,orbit_left_72,40850
02214_collision_orbit_right_64_seed41214,/home/nvme04/workspace/world_model_phys/PHYS/world_model_phys/local_assets/data/physion/generated_v5/converted_stage1_v1/02214_collision_orbit_right_64_seed41214,collision,orbit_right_64,41214
01262_drop_orbit_left_72_seed40262,/home/nvme04/workspace/world_model_phys/PHYS/world_model_phys/local_assets/data/physion/generated_v5/converted_stage1_v1/01262_drop_orbit_left_72_seed40262,drop,orbit_left_72,40262
01879_drop_orbit_left_72_seed40879,/home/nvme04/workspace/world_model_phys/PHYS/world_model_phys/local_assets/data/physion/generated_v5/converted_stage1_v1/01879_drop_orbit_left_72_seed40879,drop,orbit_left_72,40879
03576_roll_orbit_right_60_seed42576,/home/nvme04/workspace/world_model_phys/PHYS/world_model_phys/local_assets/data/physion/generated_v5/converted_stage1_v1/03576_roll_orbit_right_60_seed42576,roll,orbit_right_60,42576
02938_collision_orbit_right_64_seed41938,/home/nvme04/workspace/world_model_phys/PHYS/world_model_phys/local_assets/data/physion/generated_v5/converted_stage1_v1/02938_collision_orbit_right_64_seed41938,collision,orbit_right_64,41938
01100_drop_orbit_left_72_seed40100,/home/nvme04/workspace/world_model_phys/PHYS/world_model_phys/local_assets/data/physion/generated_v5/converted_stage1_v1/01100_drop_orbit_left_72_seed40100,drop,orbit_left_72,40100
02093_drop_orbit_left_72_seed41093,/home/nvme04/workspace/world_model_phys/PHYS/world_model_phys/local_assets/data/physion/generated_v5/converted_stage1_v1/02093_drop_orbit_left_72_seed41093,drop,orbit_left_72,41093
03918_roll_orbit_right_60_seed42918,/home/nvme04/workspace/world_model_phys/PHYS/world_model_phys/local_assets/data/physion/generated_v5/converted_stage1_v1/03918_roll_orbit_right_60_seed42918,roll,orbit_right_60,42918
02183_drop_orbit_left_72_seed41183,/home/nvme04/workspace/world_model_phys/PHYS/world_model_phys/local_assets/data/physion/generated_v5/converted_stage1_v1/02183_drop_orbit_left_72_seed41183,drop,orbit_left_72,41183
04361_containment_orbit_left_44_seed43361,/home/nvme04/workspace/world_model_phys/PHYS/world_model_phys/local_assets/data/physion/generated_v5/converted_stage1_v1/04361_containment_orbit_left_44_seed43361,containment,orbit_left_44,43361
03867_roll_orbit_right_60_seed42867,/home/nvme04/workspace/world_model_phys/PHYS/world_model_phys/local_assets/data/physion/generated_v5/converted_stage1_v1/03867_roll_orbit_right_60_seed42867,roll,orbit_right_60,42867
03132_collision_orbit_right_64_seed42132,/home/nvme04/workspace/world_model_phys/PHYS/world_model_phys/local_assets/data/physion/generated_v5/converted_stage1_v1/03132_collision_orbit_right_64_seed42132,collision,orbit_right_64,42132
03071_collision_strafe_left_180_seed42071,/home/nvme04/workspace/world_model_phys/PHYS/world_model_phys/local_assets/data/physion/generated_v5/converted_stage1_v1/03071_collision_strafe_left_180_seed42071,collision,strafe_left_180,42071
03380_collision_orbit_right_64_seed42380,/home/nvme04/workspace/world_model_phys/PHYS/world_model_phys/local_assets/data/physion/generated_v5/converted_stage1_v1/03380_collision_orbit_right_64_seed42380,collision,orbit_right_64,42380
04205_containment_orbit_left_44_seed43205,/home/nvme04/workspace/world_model_phys/PHYS/world_model_phys/local_assets/data/physion/generated_v5/converted_stage1_v1/04205_containment_orbit_left_44_seed43205,containment,orbit_left_44,43205
03286_collision_orbit_right_64_seed42286,/home/nvme04/workspace/world_model_phys/PHYS/world_model_phys/local_assets/data/physion/generated_v5/converted_stage1_v1/03286_collision_orbit_right_64_seed42286,collision,orbit_right_64,42286
02918_collision_orbit_right_64_seed41918,/home/nvme04/workspace/world_model_phys/PHYS/world_model_phys/local_assets/data/physion/generated_v5/converted_stage1_v1/02918_collision_orbit_right_64_seed41918,collision,orbit_right_64,41918
01762_drop_orbit_left_72_seed40762,/home/nvme04/workspace/world_model_phys/PHYS/world_model_phys/local_assets/data/physion/generated_v5/converted_stage1_v1/01762_drop_orbit_left_72_seed40762,drop,orbit_left_72,40762
03856_roll_orbit_right_60_seed42856,/home/nvme04/workspace/world_model_phys/PHYS/world_model_phys/local_assets/data/physion/generated_v5/converted_stage1_v1/03856_roll_orbit_right_60_seed42856,roll,orbit_right_60,42856
01444_drop_orbit_left_72_seed40444,/home/nvme04/workspace/world_model_phys/PHYS/world_model_phys/local_assets/data/physion/generated_v5/converted_stage1_v1/01444_drop_orbit_left_72_seed40444,drop,orbit_left_72,40444
01549_drop_orbit_left_72_seed40549,/home/nvme04/workspace/world_model_phys/PHYS/world_model_phys/local_assets/data/physion/generated_v5/converted_stage1_v1/01549_drop_orbit_left_72_seed40549,drop,orbit_left_72,40549
01578_drop_orbit_left_72_seed40578,/home/nvme04/workspace/world_model_phys/PHYS/world_model_phys/local_assets/data/physion/generated_v5/converted_stage1_v1/01578_drop_orbit_left_72_seed40578,drop,orbit_left_72,40578
01706_drop_orbit_left_72_seed40706,/home/nvme04/workspace/world_model_phys/PHYS/world_model_phys/local_assets/data/physion/generated_v5/converted_stage1_v1/01706_drop_orbit_left_72_seed40706,drop,orbit_left_72,40706
04389_containment_orbit_left_44_seed43389,/home/nvme04/workspace/world_model_phys/PHYS/world_model_phys/local_assets/data/physion/generated_v5/converted_stage1_v1/04389_containment_orbit_left_44_seed43389,containment,orbit_left_44,43389
03174_collision_orbit_right_64_seed42174,/home/nvme04/workspace/world_model_phys/PHYS/world_model_phys/local_assets/data/physion/generated_v5/converted_stage1_v1/03174_collision_orbit_right_64_seed42174,collision,orbit_right_64,42174
02113_drop_orbit_left_72_seed41113,/home/nvme04/workspace/world_model_phys/PHYS/world_model_phys/local_assets/data/physion/generated_v5/converted_stage1_v1/02113_drop_orbit_left_72_seed41113,drop,orbit_left_72,41113
03100_collision_orbit_right_64_seed42100,/home/nvme04/workspace/world_model_phys/PHYS/world_model_phys/local_assets/data/physion/generated_v5/converted_stage1_v1/03100_collision_orbit_right_64_seed42100,collision,orbit_right_64,42100
01403_drop_orbit_left_72_seed40403,/home/nvme04/workspace/world_model_phys/PHYS/world_model_phys/local_assets/data/physion/generated_v5/converted_stage1_v1/01403_drop_orbit_left_72_seed40403,drop,orbit_left_72,40403
01504_drop_orbit_left_72_seed40504,/home/nvme04/workspace/world_model_phys/PHYS/world_model_phys/local_assets/data/physion/generated_v5/converted_stage1_v1/01504_drop_orbit_left_72_seed40504,drop,orbit_left_72,40504
03047_collision_strafe_left_180_seed42047,/home/nvme04/workspace/world_model_phys/PHYS/world_model_phys/local_assets/data/physion/generated_v5/converted_stage1_v1/03047_collision_strafe_left_180_seed42047,collision,strafe_left_180,42047
03453_roll_orbit_right_60_seed42453,/home/nvme04/workspace/world_model_phys/PHYS/world_model_phys/local_assets/data/physion/generated_v5/converted_stage1_v1/03453_roll_orbit_right_60_seed42453,roll,orbit_right_60,42453
02675_collision_strafe_left_180_seed41675,/home/nvme04/workspace/world_model_phys/PHYS/world_model_phys/local_assets/data/physion/generated_v5/converted_stage1_v1/02675_collision_strafe_left_180_seed41675,collision,strafe_left_180,41675
01037_drop_orbit_left_72_seed40037,/home/nvme04/workspace/world_model_phys/PHYS/world_model_phys/local_assets/data/physion/generated_v5/converted_stage1_v1/01037_drop_orbit_left_72_seed40037,drop,orbit_left_72,40037
01581_drop_orbit_left_72_seed40581,/home/nvme04/workspace/world_model_phys/PHYS/world_model_phys/local_assets/data/physion/generated_v5/converted_stage1_v1/01581_drop_orbit_left_72_seed40581,drop,orbit_left_72,40581
03291_collision_strafe_left_180_seed42291,/home/nvme04/workspace/world_model_phys/PHYS/world_model_phys/local_assets/data/physion/generated_v5/converted_stage1_v1/03291_collision_strafe_left_180_seed42291,collision,strafe_left_180,42291
01126_drop_orbit_left_72_seed40126,/home/nvme04/workspace/world_model_phys/PHYS/world_model_phys/local_assets/data/physion/generated_v5/converted_stage1_v1/01126_drop_orbit_left_72_seed40126,drop,orbit_left_72,40126
04096_roll_orbit_right_60_seed43096,/home/nvme04/workspace/world_model_phys/PHYS/world_model_phys/local_assets/data/physion/generated_v5/converted_stage1_v1/04096_roll_orbit_right_60_seed43096,roll,orbit_right_60,43096
01598_drop_orbit_left_72_seed40598,/home/nvme04/workspace/world_model_phys/PHYS/world_model_phys/local_assets/data/physion/generated_v5/converted_stage1_v1/01598_drop_orbit_left_72_seed40598,drop,orbit_left_72,40598
02618_collision_orbit_right_64_seed41618,/home/nvme04/workspace/world_model_phys/PHYS/world_model_phys/local_assets/data/physion/generated_v5/converted_stage1_v1/02618_collision_orbit_right_64_seed41618,collision,orbit_right_64,41618
03702_roll_orbit_right_60_seed42702,/home/nvme04/workspace/world_model_phys/PHYS/world_model_phys/local_assets/data/physion/generated_v5/converted_stage1_v1/03702_roll_orbit_right_60_seed42702,roll,orbit_right_60,42702
02715_collision_strafe_left_180_seed41715,/home/nvme04/workspace/world_model_phys/PHYS/world_model_phys/local_assets/data/physion/generated_v5/converted_stage1_v1/02715_collision_strafe_left_180_seed41715,collision,strafe_left_180,41715
03472_roll_orbit_right_60_seed42472,/home/nvme04/workspace/world_model_phys/PHYS/world_model_phys/local_assets/data/physion/generated_v5/converted_stage1_v1/03472_roll_orbit_right_60_seed42472,roll,orbit_right_60,42472
02673_collision_strafe_left_180_seed41673,/home/nvme04/workspace/world_model_phys/PHYS/world_model_phys/local_assets/data/physion/generated_v5/converted_stage1_v1/02673_collision_strafe_left_180_seed41673,collision,strafe_left_180,41673
03741_roll_orbit_right_60_seed42741,/home/nvme04/workspace/world_model_phys/PHYS/world_model_phys/local_assets/data/physion/generated_v5/converted_stage1_v1/03741_roll_orbit_right_60_seed42741,roll,orbit_right_60,42741
02025_drop_orbit_left_72_seed41025,/home/nvme04/workspace/world_model_phys/PHYS/world_model_phys/local_assets/data/physion/generated_v5/converted_stage1_v1/02025_drop_orbit_left_72_seed41025,drop,orbit_left_72,41025
02380_collision_orbit_right_64_seed41380,/home/nvme04/workspace/world_model_phys/PHYS/world_model_phys/local_assets/data/physion/generated_v5/converted_stage1_v1/02380_collision_orbit_right_64_seed41380,collision,orbit_right_64,41380
04201_containment_orbit_left_44_seed43201,/home/nvme04/workspace/world_model_phys/PHYS/world_model_phys/local_assets/data/physion/generated_v5/converted_stage1_v1/04201_containment_orbit_left_44_seed43201,containment,orbit_left_44,43201
03366_collision_orbit_right_64_seed42366,/home/nvme04/workspace/world_model_phys/PHYS/world_model_phys/local_assets/data/physion/generated_v5/converted_stage1_v1/03366_collision_orbit_right_64_seed42366,collision,orbit_right_64,42366
02596_collision_orbit_right_64_seed41596,/home/nvme04/workspace/world_model_phys/PHYS/world_model_phys/local_assets/data/physion/generated_v5/converted_stage1_v1/02596_collision_orbit_right_64_seed41596,collision,orbit_right_64,41596
04004_roll_orbit_right_60_seed43004,/home/nvme04/workspace/world_model_phys/PHYS/world_model_phys/local_assets/data/physion/generated_v5/converted_stage1_v1/04004_roll_orbit_right_60_seed43004,roll,orbit_right_60,43004
03942_roll_orbit_right_60_seed42942,/home/nvme04/workspace/world_model_phys/PHYS/world_model_phys/local_assets/data/physion/generated_v5/converted_stage1_v1/03942_roll_orbit_right_60_seed42942,roll,orbit_right_60,42942
02311_collision_strafe_left_180_seed41311,/home/nvme04/workspace/world_model_phys/PHYS/world_model_phys/local_assets/data/physion/generated_v5/converted_stage1_v1/02311_collision_strafe_left_180_seed41311,collision,strafe_left_180,41311
04308_containment_orbit_left_44_seed43308,/home/nvme04/workspace/world_model_phys/PHYS/world_model_phys/local_assets/data/physion/generated_v5/converted_stage1_v1/04308_containment_orbit_left_44_seed43308,containment,orbit_left_44,43308
02676_collision_orbit_right_64_seed41676,/home/nvme04/workspace/world_model_phys/PHYS/world_model_phys/local_assets/data/physion/generated_v5/converted_stage1_v1/02676_collision_orbit_right_64_seed41676,collision,orbit_right_64,41676
01163_drop_orbit_left_72_seed40163,/home/nvme04/workspace/world_model_phys/PHYS/world_model_phys/local_assets/data/physion/generated_v5/converted_stage1_v1/01163_drop_orbit_left_72_seed40163,drop,orbit_left_72,40163
01759_drop_orbit_left_72_seed40759,/home/nvme04/workspace/world_model_phys/PHYS/world_model_phys/local_assets/data/physion/generated_v5/converted_stage1_v1/01759_drop_orbit_left_72_seed40759,drop,orbit_left_72,40759
03889_roll_orbit_right_60_seed42889,/home/nvme04/workspace/world_model_phys/PHYS/world_model_phys/local_assets/data/physion/generated_v5/converted_stage1_v1/03889_roll_orbit_right_60_seed42889,roll,orbit_right_60,42889
03385_collision_strafe_left_180_seed42385,/home/nvme04/workspace/world_model_phys/PHYS/world_model_phys/local_assets/data/physion/generated_v5/converted_stage1_v1/03385_collision_strafe_left_180_seed42385,collision,strafe_left_180,42385
01771_drop_orbit_left_72_seed40771,/home/nvme04/workspace/world_model_phys/PHYS/world_model_phys/local_assets/data/physion/generated_v5/converted_stage1_v1/01771_drop_orbit_left_72_seed40771,drop,orbit_left_72,40771
03432_roll_orbit_right_60_seed42432,/home/nvme04/workspace/world_model_phys/PHYS/world_model_phys/local_assets/data/physion/generated_v5/converted_stage1_v1/03432_roll_orbit_right_60_seed42432,roll,orbit_right_60,42432
02666_collision_orbit_right_64_seed41666,/home/nvme04/workspace/world_model_phys/PHYS/world_model_phys/local_assets/data/physion/generated_v5/converted_stage1_v1/02666_collision_orbit_right_64_seed41666,collision,orbit_right_64,41666
01170_drop_orbit_left_72_seed40170,/home/nvme04/workspace/world_model_phys/PHYS/world_model_phys/local_assets/data/physion/generated_v5/converted_stage1_v1/01170_drop_orbit_left_72_seed40170,drop,orbit_left_72,40170
01742_drop_orbit_left_72_seed40742,/home/nvme04/workspace/world_model_phys/PHYS/world_model_phys/local_assets/data/physion/generated_v5/converted_stage1_v1/01742_drop_orbit_left_72_seed40742,drop,orbit_left_72,40742
03680_roll_orbit_right_60_seed42680,/home/nvme04/workspace/world_model_phys/PHYS/world_model_phys/local_assets/data/physion/generated_v5/converted_stage1_v1/03680_roll_orbit_right_60_seed42680,roll,orbit_right_60,42680
02116_drop_orbit_left_72_seed41116,/home/nvme04/workspace/world_model_phys/PHYS/world_model_phys/local_assets/data/physion/generated_v5/converted_stage1_v1/02116_drop_orbit_left_72_seed41116,drop,orbit_left_72,41116
01519_drop_orbit_left_72_seed40519,/home/nvme04/workspace/world_model_phys/PHYS/world_model_phys/local_assets/data/physion/generated_v5/converted_stage1_v1/01519_drop_orbit_left_72_seed40519,drop,orbit_left_72,40519
02172_drop_orbit_left_72_seed41172,/home/nvme04/workspace/world_model_phys/PHYS/world_model_phys/local_assets/data/physion/generated_v5/converted_stage1_v1/02172_drop_orbit_left_72_seed41172,drop,orbit_left_72,41172
01904_drop_orbit_left_72_seed40904,/home/nvme04/workspace/world_model_phys/PHYS/world_model_phys/local_assets/data/physion/generated_v5/converted_stage1_v1/01904_drop_orbit_left_72_seed40904,drop,orbit_left_72,40904
03350_collision_orbit_right_64_seed42350,/home/nvme04/workspace/world_model_phys/PHYS/world_model_phys/local_assets/data/physion/generated_v5/converted_stage1_v1/03350_collision_orbit_right_64_seed42350,collision,orbit_right_64,42350
03630_roll_orbit_right_60_seed42630,/home/nvme04/workspace/world_model_phys/PHYS/world_model_phys/local_assets/data/physion/generated_v5/converted_stage1_v1/03630_roll_orbit_right_60_seed42630,roll,orbit_right_60,42630
04222_containment_orbit_left_44_seed43222,/home/nvme04/workspace/world_model_phys/PHYS/world_model_phys/local_assets/data/physion/generated_v5/converted_stage1_v1/04222_containment_orbit_left_44_seed43222,containment,orbit_left_44,43222
01056_drop_orbit_left_72_seed40056,/home/nvme04/workspace/world_model_phys/PHYS/world_model_phys/local_assets/data/physion/generated_v5/converted_stage1_v1/01056_drop_orbit_left_72_seed40056,drop,orbit_left_72,40056
02921_collision_strafe_left_180_seed41921,/home/nvme04/workspace/world_model_phys/PHYS/world_model_phys/local_assets/data/physion/generated_v5/converted_stage1_v1/02921_collision_strafe_left_180_seed41921,collision,strafe_left_180,41921
02102_drop_orbit_left_72_seed41102,/home/nvme04/workspace/world_model_phys/PHYS/world_model_phys/local_assets/data/physion/generated_v5/converted_stage1_v1/02102_drop_orbit_left_72_seed41102,drop,orbit_left_72,41102
03000_collision_orbit_right_64_seed42000,/home/nvme04/workspace/world_model_phys/PHYS/world_model_phys/local_assets/data/physion/generated_v5/converted_stage1_v1/03000_collision_orbit_right_64_seed42000,collision,orbit_right_64,42000
02576_collision_orbit_right_64_seed41576,/home/nvme04/workspace/world_model_phys/PHYS/world_model_phys/local_assets/data/physion/generated_v5/converted_stage1_v1/02576_collision_orbit_right_64_seed41576,collision,orbit_right_64,41576
02808_collision_orbit_right_64_seed41808,/home/nvme04/workspace/world_model_phys/PHYS/world_model_phys/local_assets/data/physion/generated_v5/converted_stage1_v1/02808_collision_orbit_right_64_seed41808,collision,orbit_right_64,41808
02315_collision_strafe_left_180_seed41315,/home/nvme04/workspace/world_model_phys/PHYS/world_model_phys/local_assets/data/physion/generated_v5/converted_stage1_v1/02315_collision_strafe_left_180_seed41315,collision,strafe_left_180,41315
02222_collision_orbit_right_64_seed41222,/home/nvme04/workspace/world_model_phys/PHYS/world_model_phys/local_assets/data/physion/generated_v5/converted_stage1_v1/02222_collision_orbit_right_64_seed41222,collision,orbit_right_64,41222
03990_roll_orbit_right_60_seed42990,/home/nvme04/workspace/world_model_phys/PHYS/world_model_phys/local_assets/data/physion/generated_v5/converted_stage1_v1/03990_roll_orbit_right_60_seed42990,roll,orbit_right_60,42990
02796_collision_orbit_right_64_seed41796,/home/nvme04/workspace/world_model_phys/PHYS/world_model_phys/local_assets/data/physion/generated_v5/converted_stage1_v1/02796_collision_orbit_right_64_seed41796,collision,orbit_right_64,41796
03358_collision_orbit_right_64_seed42358,/home/nvme04/workspace/world_model_phys/PHYS/world_model_phys/local_assets/data/physion/generated_v5/converted_stage1_v1/03358_collision_orbit_right_64_seed42358,collision,orbit_right_64,42358
02640_collision_orbit_right_64_seed41640,/home/nvme04/workspace/world_model_phys/PHYS/world_model_phys/local_assets/data/physion/generated_v5/converted_stage1_v1/02640_collision_orbit_right_64_seed41640,collision,orbit_right_64,41640
01977_drop_orbit_left_72_seed40977,/home/nvme04/workspace/world_model_phys/PHYS/world_model_phys/local_assets/data/physion/generated_v5/converted_stage1_v1/01977_drop_orbit_left_72_seed40977,drop,orbit_left_72,40977
03760_roll_orbit_right_60_seed42760,/home/nvme04/workspace/world_model_phys/PHYS/world_model_phys/local_assets/data/physion/generated_v5/converted_stage1_v1/03760_roll_orbit_right_60_seed42760,roll,orbit_right_60,42760
04248_containment_orbit_left_44_seed43248,/home/nvme04/workspace/world_model_phys/PHYS/world_model_phys/local_assets/data/physion/generated_v5/converted_stage1_v1/04248_containment_orbit_left_44_seed43248,containment,orbit_left_44,43248
01187_drop_orbit_left_72_seed40187,/home/nvme04/workspace/world_model_phys/PHYS/world_model_phys/local_assets/data/physion/generated_v5/converted_stage1_v1/01187_drop_orbit_left_72_seed40187,drop,orbit_left_72,40187
03649_roll_orbit_right_60_seed42649,/home/nvme04/workspace/world_model_phys/PHYS/world_model_phys/local_assets/data/physion/generated_v5/converted_stage1_v1/03649_roll_orbit_right_60_seed42649,roll,orbit_right_60,42649
02346_collision_orbit_right_64_seed41346,/home/nvme04/workspace/world_model_phys/PHYS/world_model_phys/local_assets/data/physion/generated_v5/converted_stage1_v1/02346_collision_orbit_right_64_seed41346,collision,orbit_right_64,41346
03714_roll_orbit_right_60_seed42714,/home/nvme04/workspace/world_model_phys/PHYS/world_model_phys/local_assets/data/physion/generated_v5/converted_stage1_v1/03714_roll_orbit_right_60_seed42714,roll,orbit_right_60,42714
01345_drop_orbit_left_72_seed40345,/home/nvme04/workspace/world_model_phys/PHYS/world_model_phys/local_assets/data/physion/generated_v5/converted_stage1_v1/01345_drop_orbit_left_72_seed40345,drop,orbit_left_72,40345
02700_collision_orbit_right_64_seed41700,/home/nvme04/workspace/world_model_phys/PHYS/world_model_phys/local_assets/data/physion/generated_v5/converted_stage1_v1/02700_collision_orbit_right_64_seed41700,collision,orbit_right_64,41700
04295_containment_orbit_left_44_seed43295,/home/nvme04/workspace/world_model_phys/PHYS/world_model_phys/local_assets/data/physion/generated_v5/converted_stage1_v1/04295_containment_orbit_left_44_seed43295,containment,orbit_left_44,43295
03069_collision_strafe_left_180_seed42069,/home/nvme04/workspace/world_model_phys/PHYS/world_model_phys/local_assets/data/physion/generated_v5/converted_stage1_v1/03069_collision_strafe_left_180_seed42069,collision,strafe_left_180,42069
01116_drop_orbit_left_72_seed40116,/home/nvme04/workspace/world_model_phys/PHYS/world_model_phys/local_assets/data/physion/generated_v5/converted_stage1_v1/01116_drop_orbit_left_72_seed40116,drop,orbit_left_72,40116
02169_drop_orbit_left_72_seed41169,/home/nvme04/workspace/world_model_phys/PHYS/world_model_phys/local_assets/data/physion/generated_v5/converted_stage1_v1/02169_drop_orbit_left_72_seed41169,drop,orbit_left_72,41169
03353_collision_strafe_left_180_seed42353,/home/nvme04/workspace/world_model_phys/PHYS/world_model_phys/local_assets/data/physion/generated_v5/converted_stage1_v1/03353_collision_strafe_left_180_seed42353,collision,strafe_left_180,42353
01066_drop_orbit_left_72_seed40066,/home/nvme04/workspace/world_model_phys/PHYS/world_model_phys/local_assets/data/physion/generated_v5/converted_stage1_v1/01066_drop_orbit_left_72_seed40066,drop,orbit_left_72,40066
03089_collision_strafe_left_180_seed42089,/home/nvme04/workspace/world_model_phys/PHYS/world_model_phys/local_assets/data/physion/generated_v5/converted_stage1_v1/03089_collision_strafe_left_180_seed42089,collision,strafe_left_180,42089
04310_containment_orbit_left_44_seed43310,/home/nvme04/workspace/world_model_phys/PHYS/world_model_phys/local_assets/data/physion/generated_v5/converted_stage1_v1/04310_containment_orbit_left_44_seed43310,containment,orbit_left_44,43310
02773_collision_strafe_left_180_seed41773,/home/nvme04/workspace/world_model_phys/PHYS/world_model_phys/local_assets/data/physion/generated_v5/converted_stage1_v1/02773_collision_strafe_left_180_seed41773,collision,strafe_left_180,41773
03895_roll_orbit_right_60_seed42895,/home/nvme04/workspace/world_model_phys/PHYS/world_model_phys/local_assets/data/physion/generated_v5/converted_stage1_v1/03895_roll_orbit_right_60_seed42895,roll,orbit_right_60,42895
03583_roll_orbit_right_60_seed42583,/home/nvme04/workspace/world_model_phys/PHYS/world_model_phys/local_assets/data/physion/generated_v5/converted_stage1_v1/03583_roll_orbit_right_60_seed42583,roll,orbit_right_60,42583
02049_drop_orbit_left_72_seed41049,/home/nvme04/workspace/world_model_phys/PHYS/world_model_phys/local_assets/data/physion/generated_v5/converted_stage1_v1/02049_drop_orbit_left_72_seed41049,drop,orbit_left_72,41049
04007_roll_orbit_right_60_seed43007,/home/nvme04/workspace/world_model_phys/PHYS/world_model_phys/local_assets/data/physion/generated_v5/converted_stage1_v1/04007_roll_orbit_right_60_seed43007,roll,orbit_right_60,43007
03906_roll_orbit_right_60_seed42906,/home/nvme04/workspace/world_model_phys/PHYS/world_model_phys/local_assets/data/physion/generated_v5/converted_stage1_v1/03906_roll_orbit_right_60_seed42906,roll,orbit_right_60,42906
03008_collision_orbit_right_64_seed42008,/home/nvme04/workspace/world_model_phys/PHYS/world_model_phys/local_assets/data/physion/generated_v5/converted_stage1_v1/03008_collision_orbit_right_64_seed42008,collision,orbit_right_64,42008
03843_roll_orbit_right_60_seed42843,/home/nvme04/workspace/world_model_phys/PHYS/world_model_phys/local_assets/data/physion/generated_v5/converted_stage1_v1/03843_roll_orbit_right_60_seed42843,roll,orbit_right_60,42843
04267_containment_orbit_left_44_seed43267,/home/nvme04/workspace/world_model_phys/PHYS/world_model_phys/local_assets/data/physion/generated_v5/converted_stage1_v1/04267_containment_orbit_left_44_seed43267,containment,orbit_left_44,43267
02917_collision_strafe_left_180_seed41917,/home/nvme04/workspace/world_model_phys/PHYS/world_model_phys/local_assets/data/physion/generated_v5/converted_stage1_v1/02917_collision_strafe_left_180_seed41917,collision,strafe_left_180,41917
01730_drop_orbit_left_72_seed40730,/home/nvme04/workspace/world_model_phys/PHYS/world_model_phys/local_assets/data/physion/generated_v5/converted_stage1_v1/01730_drop_orbit_left_72_seed40730,drop,orbit_left_72,40730
03788_roll_orbit_right_60_seed42788,/home/nvme04/workspace/world_model_phys/PHYS/world_model_phys/local_assets/data/physion/generated_v5/converted_stage1_v1/03788_roll_orbit_right_60_seed42788,roll,orbit_right_60,42788
03655_roll_orbit_right_60_seed42655,/home/nvme04/workspace/world_model_phys/PHYS/world_model_phys/local_assets/data/physion/generated_v5/converted_stage1_v1/03655_roll_orbit_right_60_seed42655,roll,orbit_right_60,42655
01925_drop_orbit_left_72_seed40925,/home/nvme04/workspace/world_model_phys/PHYS/world_model_phys/local_assets/data/physion/generated_v5/converted_stage1_v1/01925_drop_orbit_left_72_seed40925,drop,orbit_left_72,40925
04233_containment_orbit_left_44_seed43233,/home/nvme04/workspace/world_model_phys/PHYS/world_model_phys/local_assets/data/physion/generated_v5/converted_stage1_v1/04233_containment_orbit_left_44_seed43233,containment,orbit_left_44,43233
01838_drop_orbit_left_72_seed40838,/home/nvme04/workspace/world_model_phys/PHYS/world_model_phys/local_assets/data/physion/generated_v5/converted_stage1_v1/01838_drop_orbit_left_72_seed40838,drop,orbit_left_72,40838
01711_drop_orbit_left_72_seed40711,/home/nvme04/workspace/world_model_phys/PHYS/world_model_phys/local_assets/data/physion/generated_v5/converted_stage1_v1/01711_drop_orbit_left_72_seed40711,drop,orbit_left_72,40711
03837_roll_orbit_right_60_seed42837,/home/nvme04/workspace/world_model_phys/PHYS/world_model_phys/local_assets/data/physion/generated_v5/converted_stage1_v1/03837_roll_orbit_right_60_seed42837,roll,orbit_right_60,42837
02562_collision_orbit_right_64_seed41562,/home/nvme04/workspace/world_model_phys/PHYS/world_model_phys/local_assets/data/physion/generated_v5/converted_stage1_v1/02562_collision_orbit_right_64_seed41562,collision,orbit_right_64,41562
03383_collision_strafe_left_180_seed42383,/home/nvme04/workspace/world_model_phys/PHYS/world_model_phys/local_assets/data/physion/generated_v5/converted_stage1_v1/03383_collision_strafe_left_180_seed42383,collision,strafe_left_180,42383
03285_collision_strafe_left_180_seed42285,/home/nvme04/workspace/world_model_phys/PHYS/world_model_phys/local_assets/data/physion/generated_v5/converted_stage1_v1/03285_collision_strafe_left_180_seed42285,collision,strafe_left_180,42285
03190_collision_orbit_right_64_seed42190,/home/nvme04/workspace/world_model_phys/PHYS/world_model_phys/local_assets/data/physion/generated_v5/converted_stage1_v1/03190_collision_orbit_right_64_seed42190,collision,orbit_right_64,42190
01932_drop_orbit_left_72_seed40932,/home/nvme04/workspace/world_model_phys/PHYS/world_model_phys/local_assets/data/physion/generated_v5/converted_stage1_v1/01932_drop_orbit_left_72_seed40932,drop,orbit_left_72,40932
02759_collision_strafe_left_180_seed41759,/home/nvme04/workspace/world_model_phys/PHYS/world_model_phys/local_assets/data/physion/generated_v5/converted_stage1_v1/02759_collision_strafe_left_180_seed41759,collision,strafe_left_180,41759
04360_containment_orbit_left_44_seed43360,/home/nvme04/workspace/world_model_phys/PHYS/world_model_phys/local_assets/data/physion/generated_v5/converted_stage1_v1/04360_containment_orbit_left_44_seed43360,containment,orbit_left_44,43360
03610_roll_orbit_right_60_seed42610,/home/nvme04/workspace/world_model_phys/PHYS/world_model_phys/local_assets/data/physion/generated_v5/converted_stage1_v1/03610_roll_orbit_right_60_seed42610,roll,orbit_right_60,42610
03405_roll_orbit_right_60_seed42405,/home/nvme04/workspace/world_model_phys/PHYS/world_model_phys/local_assets/data/physion/generated_v5/converted_stage1_v1/03405_roll_orbit_right_60_seed42405,roll,orbit_right_60,42405
01225_drop_orbit_left_72_seed40225,/home/nvme04/workspace/world_model_phys/PHYS/world_model_phys/local_assets/data/physion/generated_v5/converted_stage1_v1/01225_drop_orbit_left_72_seed40225,drop,orbit_left_72,40225
01604_drop_orbit_left_72_seed40604,/home/nvme04/workspace/world_model_phys/PHYS/world_model_phys/local_assets/data/physion/generated_v5/converted_stage1_v1/01604_drop_orbit_left_72_seed40604,drop,orbit_left_72,40604
01377_drop_orbit_left_72_seed40377,/home/nvme04/workspace/world_model_phys/PHYS/world_model_phys/local_assets/data/physion/generated_v5/converted_stage1_v1/01377_drop_orbit_left_72_seed40377,drop,orbit_left_72,40377
01060_drop_orbit_left_72_seed40060,/home/nvme04/workspace/world_model_phys/PHYS/world_model_phys/local_assets/data/physion/generated_v5/converted_stage1_v1/01060_drop_orbit_left_72_seed40060,drop,orbit_left_72,40060
02151_drop_orbit_left_72_seed41151,/home/nvme04/workspace/world_model_phys/PHYS/world_model_phys/local_assets/data/physion/generated_v5/converted_stage1_v1/02151_drop_orbit_left_72_seed41151,drop,orbit_left_72,41151
03281_collision_strafe_left_180_seed42281,/home/nvme04/workspace/world_model_phys/PHYS/world_model_phys/local_assets/data/physion/generated_v5/converted_stage1_v1/03281_collision_strafe_left_180_seed42281,collision,strafe_left_180,42281
01667_drop_orbit_left_72_seed40667,/home/nvme04/workspace/world_model_phys/PHYS/world_model_phys/local_assets/data/physion/generated_v5/converted_stage1_v1/01667_drop_orbit_left_72_seed40667,drop,orbit_left_72,40667
01413_drop_orbit_left_72_seed40413,/home/nvme04/workspace/world_model_phys/PHYS/world_model_phys/local_assets/data/physion/generated_v5/converted_stage1_v1/01413_drop_orbit_left_72_seed40413,drop,orbit_left_72,40413
02854_collision_orbit_right_64_seed41854,/home/nvme04/workspace/world_model_phys/PHYS/world_model_phys/local_assets/data/physion/generated_v5/converted_stage1_v1/02854_collision_orbit_right_64_seed41854,collision,orbit_right_64,41854
02323_collision_strafe_left_180_seed41323,/home/nvme04/workspace/world_model_phys/PHYS/world_model_phys/local_assets/data/physion/generated_v5/converted_stage1_v1/02323_collision_strafe_left_180_seed41323,collision,strafe_left_180,41323
03589_roll_orbit_right_60_seed42589,/home/nvme04/workspace/world_model_phys/PHYS/world_model_phys/local_assets/data/physion/generated_v5/converted_stage1_v1/03589_roll_orbit_right_60_seed42589,roll,orbit_right_60,42589
02930_collision_orbit_right_64_seed41930,/home/nvme04/workspace/world_model_phys/PHYS/world_model_phys/local_assets/data/physion/generated_v5/converted_stage1_v1/02930_collision_orbit_right_64_seed41930,collision,orbit_right_64,41930
01269_drop_orbit_left_72_seed40269,/home/nvme04/workspace/world_model_phys/PHYS/world_model_phys/local_assets/data/physion/generated_v5/converted_stage1_v1/01269_drop_orbit_left_72_seed40269,drop,orbit_left_72,40269
03829_roll_orbit_right_60_seed42829,/home/nvme04/workspace/world_model_phys/PHYS/world_model_phys/local_assets/data/physion/generated_v5/converted_stage1_v1/03829_roll_orbit_right_60_seed42829,roll,orbit_right_60,42829
04021_roll_orbit_right_60_seed43021,/home/nvme04/workspace/world_model_phys/PHYS/world_model_phys/local_assets/data/physion/generated_v5/converted_stage1_v1/04021_roll_orbit_right_60_seed43021,roll,orbit_right_60,43021
03594_roll_orbit_right_60_seed42594,/home/nvme04/workspace/world_model_phys/PHYS/world_model_phys/local_assets/data/physion/generated_v5/converted_stage1_v1/03594_roll_orbit_right_60_seed42594,roll,orbit_right_60,42594
02139_drop_orbit_left_72_seed41139,/home/nvme04/workspace/world_model_phys/PHYS/world_model_phys/local_assets/data/physion/generated_v5/converted_stage1_v1/02139_drop_orbit_left_72_seed41139,drop,orbit_left_72,41139
01810_drop_orbit_left_72_seed40810,/home/nvme04/workspace/world_model_phys/PHYS/world_model_phys/local_assets/data/physion/generated_v5/converted_stage1_v1/01810_drop_orbit_left_72_seed40810,drop,orbit_left_72,40810
03171_collision_strafe_left_180_seed42171,/home/nvme04/workspace/world_model_phys/PHYS/world_model_phys/local_assets/data/physion/generated_v5/converted_stage1_v1/03171_collision_strafe_left_180_seed42171,collision,strafe_left_180,42171
01023_drop_orbit_left_72_seed40023,/home/nvme04/workspace/world_model_phys/PHYS/world_model_phys/local_assets/data/physion/generated_v5/converted_stage1_v1/01023_drop_orbit_left_72_seed40023,drop,orbit_left_72,40023
03682_roll_orbit_right_60_seed42682,/home/nvme04/workspace/world_model_phys/PHYS/world_model_phys/local_assets/data/physion/generated_v5/converted_stage1_v1/03682_roll_orbit_right_60_seed42682,roll,orbit_right_60,42682
03971_roll_orbit_right_60_seed42971,/home/nvme04/workspace/world_model_phys/PHYS/world_model_phys/local_assets/data/physion/generated_v5/converted_stage1_v1/03971_roll_orbit_right_60_seed42971,roll,orbit_right_60,42971
02508_collision_orbit_right_64_seed41508,/home/nvme04/workspace/world_model_phys/PHYS/world_model_phys/local_assets/data/physion/generated_v5/converted_stage1_v1/02508_collision_orbit_right_64_seed41508,collision,orbit_right_64,41508
03800_roll_orbit_right_60_seed42800,/home/nvme04/workspace/world_model_phys/PHYS/world_model_phys/local_assets/data/physion/generated_v5/converted_stage1_v1/03800_roll_orbit_right_60_seed42800,roll,orbit_right_60,42800
02915_collision_strafe_left_180_seed41915,/home/nvme04/workspace/world_model_phys/PHYS/world_model_phys/local_assets/data/physion/generated_v5/converted_stage1_v1/02915_collision_strafe_left_180_seed41915,collision,strafe_left_180,41915
02763_collision_strafe_left_180_seed41763,/home/nvme04/workspace/world_model_phys/PHYS/world_model_phys/local_assets/data/physion/generated_v5/converted_stage1_v1/02763_collision_strafe_left_180_seed41763,collision,strafe_left_180,41763
01084_drop_orbit_left_72_seed40084,/home/nvme04/workspace/world_model_phys/PHYS/world_model_phys/local_assets/data/physion/generated_v5/converted_stage1_v1/01084_drop_orbit_left_72_seed40084,drop,orbit_left_72,40084
01852_drop_orbit_left_72_seed40852,/home/nvme04/workspace/world_model_phys/PHYS/world_model_phys/local_assets/data/physion/generated_v5/converted_stage1_v1/01852_drop_orbit_left_72_seed40852,drop,orbit_left_72,40852
02764_collision_orbit_right_64_seed41764,/home/nvme04/workspace/world_model_phys/PHYS/world_model_phys/local_assets/data/physion/generated_v5/converted_stage1_v1/02764_collision_orbit_right_64_seed41764,collision,orbit_right_64,41764
01483_drop_orbit_left_72_seed40483,/home/nvme04/workspace/world_model_phys/PHYS/world_model_phys/local_assets/data/physion/generated_v5/converted_stage1_v1/01483_drop_orbit_left_72_seed40483,drop,orbit_left_72,40483
03086_collision_orbit_right_64_seed42086,/home/nvme04/workspace/world_model_phys/PHYS/world_model_phys/local_assets/data/physion/generated_v5/converted_stage1_v1/03086_collision_orbit_right_64_seed42086,collision,orbit_right_64,42086
02496_collision_orbit_right_64_seed41496,/home/nvme04/workspace/world_model_phys/PHYS/world_model_phys/local_assets/data/physion/generated_v5/converted_stage1_v1/02496_collision_orbit_right_64_seed41496,collision,orbit_right_64,41496
03919_roll_orbit_right_60_seed42919,/home/nvme04/workspace/world_model_phys/PHYS/world_model_phys/local_assets/data/physion/generated_v5/converted_stage1_v1/03919_roll_orbit_right_60_seed42919,roll,orbit_right_60,42919
01560_drop_orbit_left_72_seed40560,/home/nvme04/workspace/world_model_phys/PHYS/world_model_phys/local_assets/data/physion/generated_v5/converted_stage1_v1/01560_drop_orbit_left_72_seed40560,drop,orbit_left_72,40560
02945_collision_strafe_left_180_seed41945,/home/nvme04/workspace/world_model_phys/PHYS/world_model_phys/local_assets/data/physion/generated_v5/converted_stage1_v1/02945_collision_strafe_left_180_seed41945,collision,strafe_left_180,41945
03397_collision_strafe_left_180_seed42397,/home/nvme04/workspace/world_model_phys/PHYS/world_model_phys/local_assets/data/physion/generated_v5/converted_stage1_v1/03397_collision_strafe_left_180_seed42397,collision,strafe_left_180,42397
02339_collision_strafe_left_180_seed41339,/home/nvme04/workspace/world_model_phys/PHYS/world_model_phys/local_assets/data/physion/generated_v5/converted_stage1_v1/02339_collision_strafe_left_180_seed41339,collision,strafe_left_180,41339
03039_collision_strafe_left_180_seed42039,/home/nvme04/workspace/world_model_phys/PHYS/world_model_phys/local_assets/data/physion/generated_v5/converted_stage1_v1/03039_collision_strafe_left_180_seed42039,collision,strafe_left_180,42039
01567_drop_orbit_left_72_seed40567,/home/nvme04/workspace/world_model_phys/PHYS/world_model_phys/local_assets/data/physion/generated_v5/converted_stage1_v1/01567_drop_orbit_left_72_seed40567,drop,orbit_left_72,40567
01870_drop_orbit_left_72_seed40870,/home/nvme04/workspace/world_model_phys/PHYS/world_model_phys/local_assets/data/physion/generated_v5/converted_stage1_v1/01870_drop_orbit_left_72_seed40870,drop,orbit_left_72,40870
03006_collision_orbit_right_64_seed42006,/home/nvme04/workspace/world_model_phys/PHYS/world_model_phys/local_assets/data/physion/generated_v5/converted_stage1_v1/03006_collision_orbit_right_64_seed42006,collision,orbit_right_64,42006
03993_roll_orbit_right_60_seed42993,/home/nvme04/workspace/world_model_phys/PHYS/world_model_phys/local_assets/data/physion/generated_v5/converted_stage1_v1/03993_roll_orbit_right_60_seed42993,roll,orbit_right_60,42993
01773_drop_orbit_left_72_seed40773,/home/nvme04/workspace/world_model_phys/PHYS/world_model_phys/local_assets/data/physion/generated_v5/converted_stage1_v1/01773_drop_orbit_left_72_seed40773,drop,orbit_left_72,40773
03210_collision_orbit_right_64_seed42210,/home/nvme04/workspace/world_model_phys/PHYS/world_model_phys/local_assets/data/physion/generated_v5/converted_stage1_v1/03210_collision_orbit_right_64_seed42210,collision,orbit_right_64,42210
01546_drop_orbit_left_72_seed40546,/home/nvme04/workspace/world_model_phys/PHYS/world_model_phys/local_assets/data/physion/generated_v5/converted_stage1_v1/01546_drop_orbit_left_72_seed40546,drop,orbit_left_72,40546
01906_drop_orbit_left_72_seed40906,/home/nvme04/workspace/world_model_phys/PHYS/world_model_phys/local_assets/data/physion/generated_v5/converted_stage1_v1/01906_drop_orbit_left_72_seed40906,drop,orbit_left_72,40906
02970_collision_orbit_right_64_seed41970,/home/nvme04/workspace/world_model_phys/PHYS/world_model_phys/local_assets/data/physion/generated_v5/converted_stage1_v1/02970_collision_orbit_right_64_seed41970,collision,orbit_right_64,41970
02476_collision_orbit_right_64_seed41476,/home/nvme04/workspace/world_model_phys/PHYS/world_model_phys/local_assets/data/physion/generated_v5/converted_stage1_v1/02476_collision_orbit_right_64_seed41476,collision,orbit_right_64,41476
02171_drop_orbit_left_72_seed41171,/home/nvme04/workspace/world_model_phys/PHYS/world_model_phys/local_assets/data/physion/generated_v5/converted_stage1_v1/02171_drop_orbit_left_72_seed41171,drop,orbit_left_72,41171
03512_roll_orbit_right_60_seed42512,/home/nvme04/workspace/world_model_phys/PHYS/world_model_phys/local_assets/data/physion/generated_v5/converted_stage1_v1/03512_roll_orbit_right_60_seed42512,roll,orbit_right_60,42512
03957_roll_orbit_right_60_seed42957,/home/nvme04/workspace/world_model_phys/PHYS/world_model_phys/local_assets/data/physion/generated_v5/converted_stage1_v1/03957_roll_orbit_right_60_seed42957,roll,orbit_right_60,42957
01657_drop_orbit_left_72_seed40657,/home/nvme04/workspace/world_model_phys/PHYS/world_model_phys/local_assets/data/physion/generated_v5/converted_stage1_v1/01657_drop_orbit_left_72_seed40657,drop,orbit_left_72,40657
01433_drop_orbit_left_72_seed40433,/home/nvme04/workspace/world_model_phys/PHYS/world_model_phys/local_assets/data/physion/generated_v5/converted_stage1_v1/01433_drop_orbit_left_72_seed40433,drop,orbit_left_72,40433
01205_drop_orbit_left_72_seed40205,/home/nvme04/workspace/world_model_phys/PHYS/world_model_phys/local_assets/data/physion/generated_v5/converted_stage1_v1/01205_drop_orbit_left_72_seed40205,drop,orbit_left_72,40205
02067_drop_orbit_left_72_seed41067,/home/nvme04/workspace/world_model_phys/PHYS/world_model_phys/local_assets/data/physion/generated_v5/converted_stage1_v1/02067_drop_orbit_left_72_seed41067,drop,orbit_left_72,41067
01624_drop_orbit_left_72_seed40624,/home/nvme04/workspace/world_model_phys/PHYS/world_model_phys/local_assets/data/physion/generated_v5/converted_stage1_v1/01624_drop_orbit_left_72_seed40624,drop,orbit_left_72,40624
02465_collision_strafe_left_180_seed41465,/home/nvme04/workspace/world_model_phys/PHYS/world_model_phys/local_assets/data/physion/generated_v5/converted_stage1_v1/02465_collision_strafe_left_180_seed41465,collision,strafe_left_180,41465
01361_drop_orbit_left_72_seed40361,/home/nvme04/workspace/world_model_phys/PHYS/world_model_phys/local_assets/data/physion/generated_v5/converted_stage1_v1/01361_drop_orbit_left_72_seed40361,drop,orbit_left_72,40361
04033_roll_orbit_right_60_seed43033,/home/nvme04/workspace/world_model_phys/PHYS/world_model_phys/local_assets/data/physion/generated_v5/converted_stage1_v1/04033_roll_orbit_right_60_seed43033,roll,orbit_right_60,43033
01806_drop_orbit_left_72_seed40806,/home/nvme04/workspace/world_model_phys/PHYS/world_model_phys/local_assets/data/physion/generated_v5/converted_stage1_v1/01806_drop_orbit_left_72_seed40806,drop,orbit_left_72,40806
02893_collision_strafe_left_180_seed41893,/home/nvme04/workspace/world_model_phys/PHYS/world_model_phys/local_assets/data/physion/generated_v5/converted_stage1_v1/02893_collision_strafe_left_180_seed41893,collision,strafe_left_180,41893
03482_roll_orbit_right_60_seed42482,/home/nvme04/workspace/world_model_phys/PHYS/world_model_phys/local_assets/data/physion/generated_v5/converted_stage1_v1/03482_roll_orbit_right_60_seed42482,roll,orbit_right_60,42482
01688_drop_orbit_left_72_seed40688,/home/nvme04/workspace/world_model_phys/PHYS/world_model_phys/local_assets/data/physion/generated_v5/converted_stage1_v1/01688_drop_orbit_left_72_seed40688,drop,orbit_left_72,40688
03606_roll_orbit_right_60_seed42606,/home/nvme04/workspace/world_model_phys/PHYS/world_model_phys/local_assets/data/physion/generated_v5/converted_stage1_v1/03606_roll_orbit_right_60_seed42606,roll,orbit_right_60,42606
02388_collision_orbit_right_64_seed41388,/home/nvme04/workspace/world_model_phys/PHYS/world_model_phys/local_assets/data/physion/generated_v5/converted_stage1_v1/02388_collision_orbit_right_64_seed41388,collision,orbit_right_64,41388
02499_collision_strafe_left_180_seed41499,/home/nvme04/workspace/world_model_phys/PHYS/world_model_phys/local_assets/data/physion/generated_v5/converted_stage1_v1/02499_collision_strafe_left_180_seed41499,collision,strafe_left_180,41499
01109_drop_orbit_left_72_seed40109,/home/nvme04/workspace/world_model_phys/PHYS/world_model_phys/local_assets/data/physion/generated_v5/converted_stage1_v1/01109_drop_orbit_left_72_seed40109,drop,orbit_left_72,40109
03301_collision_strafe_left_180_seed42301,/home/nvme04/workspace/world_model_phys/PHYS/world_model_phys/local_assets/data/physion/generated_v5/converted_stage1_v1/03301_collision_strafe_left_180_seed42301,collision,strafe_left_180,42301
01263_drop_orbit_left_72_seed40263,/home/nvme04/workspace/world_model_phys/PHYS/world_model_phys/local_assets/data/physion/generated_v5/converted_stage1_v1/01263_drop_orbit_left_72_seed40263,drop,orbit_left_72,40263
01054_drop_orbit_left_72_seed40054,/home/nvme04/workspace/world_model_phys/PHYS/world_model_phys/local_assets/data/physion/generated_v5/converted_stage1_v1/01054_drop_orbit_left_72_seed40054,drop,orbit_left_72,40054
01458_drop_orbit_left_72_seed40458,/home/nvme04/workspace/world_model_phys/PHYS/world_model_phys/local_assets/data/physion/generated_v5/converted_stage1_v1/01458_drop_orbit_left_72_seed40458,drop,orbit_left_72,40458
01478_drop_orbit_left_72_seed40478,/home/nvme04/workspace/world_model_phys/PHYS/world_model_phys/local_assets/data/physion/generated_v5/converted_stage1_v1/01478_drop_orbit_left_72_seed40478,drop,orbit_left_72,40478
01402_drop_orbit_left_72_seed40402,/home/nvme04/workspace/world_model_phys/PHYS/world_model_phys/local_assets/data/physion/generated_v5/converted_stage1_v1/01402_drop_orbit_left_72_seed40402,drop,orbit_left_72,40402
03609_roll_orbit_right_60_seed42609,/home/nvme04/workspace/world_model_phys/PHYS/world_model_phys/local_assets/data/physion/generated_v5/converted_stage1_v1/03609_roll_orbit_right_60_seed42609,roll,orbit_right_60,42609
03038_collision_orbit_right_64_seed42038,/home/nvme04/workspace/world_model_phys/PHYS/world_model_phys/local_assets/data/physion/generated_v5/converted_stage1_v1/03038_collision_orbit_right_64_seed42038,collision,orbit_right_64,42038
03490_roll_orbit_right_60_seed42490,/home/nvme04/workspace/world_model_phys/PHYS/world_model_phys/local_assets/data/physion/generated_v5/converted_stage1_v1/03490_roll_orbit_right_60_seed42490,roll,orbit_right_60,42490
03966_roll_orbit_right_60_seed42966,/home/nvme04/workspace/world_model_phys/PHYS/world_model_phys/local_assets/data/physion/generated_v5/converted_stage1_v1/03966_roll_orbit_right_60_seed42966,roll,orbit_right_60,42966
01873_drop_orbit_left_72_seed40873,/home/nvme04/workspace/world_model_phys/PHYS/world_model_phys/local_assets/data/physion/generated_v5/converted_stage1_v1/01873_drop_orbit_left_72_seed40873,drop,orbit_left_72,40873
02185_drop_orbit_left_72_seed41185,/home/nvme04/workspace/world_model_phys/PHYS/world_model_phys/local_assets/data/physion/generated_v5/converted_stage1_v1/02185_drop_orbit_left_72_seed41185,drop,orbit_left_72,41185
02626_collision_orbit_right_64_seed41626,/home/nvme04/workspace/world_model_phys/PHYS/world_model_phys/local_assets/data/physion/generated_v5/converted_stage1_v1/02626_collision_orbit_right_64_seed41626,collision,orbit_right_64,41626
01093_drop_orbit_left_72_seed40093,/home/nvme04/workspace/world_model_phys/PHYS/world_model_phys/local_assets/data/physion/generated_v5/converted_stage1_v1/01093_drop_orbit_left_72_seed40093,drop,orbit_left_72,40093
03197_collision_strafe_left_180_seed42197,/home/nvme04/workspace/world_model_phys/PHYS/world_model_phys/local_assets/data/physion/generated_v5/converted_stage1_v1/03197_collision_strafe_left_180_seed42197,collision,strafe_left_180,42197
01973_drop_orbit_left_72_seed40973,/home/nvme04/workspace/world_model_phys/PHYS/world_model_phys/local_assets/data/physion/generated_v5/converted_stage1_v1/01973_drop_orbit_left_72_seed40973,drop,orbit_left_72,40973
01670_drop_orbit_left_72_seed40670,/home/nvme04/workspace/world_model_phys/PHYS/world_model_phys/local_assets/data/physion/generated_v5/converted_stage1_v1/01670_drop_orbit_left_72_seed40670,drop,orbit_left_72,40670
04014_roll_orbit_right_60_seed43014,/home/nvme04/workspace/world_model_phys/PHYS/world_model_phys/local_assets/data/physion/generated_v5/converted_stage1_v1/04014_roll_orbit_right_60_seed43014,roll,orbit_right_60,43014
03989_roll_orbit_right_60_seed42989,/home/nvme04/workspace/world_model_phys/PHYS/world_model_phys/local_assets/data/physion/generated_v5/converted_stage1_v1/03989_roll_orbit_right_60_seed42989,roll,orbit_right_60,42989
04085_roll_orbit_right_60_seed43085,/home/nvme04/workspace/world_model_phys/PHYS/world_model_phys/local_assets/data/physion/generated_v5/converted_stage1_v1/04085_roll_orbit_right_60_seed43085,roll,orbit_right_60,43085
03349_collision_strafe_left_180_seed42349,/home/nvme04/workspace/world_model_phys/PHYS/world_model_phys/local_assets/data/physion/generated_v5/converted_stage1_v1/03349_collision_strafe_left_180_seed42349,collision,strafe_left_180,42349
02709_collision_strafe_left_180_seed41709,/home/nvme04/workspace/world_model_phys/PHYS/world_model_phys/local_assets/data/physion/generated_v5/converted_stage1_v1/02709_collision_strafe_left_180_seed41709,collision,strafe_left_180,41709
02944_collision_orbit_right_64_seed41944,/home/nvme04/workspace/world_model_phys/PHYS/world_model_phys/local_assets/data/physion/generated_v5/converted_stage1_v1/02944_collision_orbit_right_64_seed41944,collision,orbit_right_64,41944
02951_collision_strafe_left_180_seed41951,/home/nvme04/workspace/world_model_phys/PHYS/world_model_phys/local_assets/data/physion/generated_v5/converted_stage1_v1/02951_collision_strafe_left_180_seed41951,collision,strafe_left_180,41951
02348_collision_orbit_right_64_seed41348,/home/nvme04/workspace/world_model_phys/PHYS/world_model_phys/local_assets/data/physion/generated_v5/converted_stage1_v1/02348_collision_orbit_right_64_seed41348,collision,orbit_right_64,41348
03120_collision_orbit_right_64_seed42120,/home/nvme04/workspace/world_model_phys/PHYS/world_model_phys/local_assets/data/physion/generated_v5/converted_stage1_v1/03120_collision_orbit_right_64_seed42120,collision,orbit_right_64,42120
01793_drop_orbit_left_72_seed40793,/home/nvme04/workspace/world_model_phys/PHYS/world_model_phys/local_assets/data/physion/generated_v5/converted_stage1_v1/01793_drop_orbit_left_72_seed40793,drop,orbit_left_72,40793
01085_drop_orbit_left_72_seed40085,/home/nvme04/workspace/world_model_phys/PHYS/world_model_phys/local_assets/data/physion/generated_v5/converted_stage1_v1/01085_drop_orbit_left_72_seed40085,drop,orbit_left_72,40085
01383_drop_orbit_left_72_seed40383,/home/nvme04/workspace/world_model_phys/PHYS/world_model_phys/local_assets/data/physion/generated_v5/converted_stage1_v1/01383_drop_orbit_left_72_seed40383,drop,orbit_left_72,40383
01884_drop_orbit_left_72_seed40884,/home/nvme04/workspace/world_model_phys/PHYS/world_model_phys/local_assets/data/physion/generated_v5/converted_stage1_v1/01884_drop_orbit_left_72_seed40884,drop,orbit_left_72,40884
02127_drop_orbit_left_72_seed41127,/home/nvme04/workspace/world_model_phys/PHYS/world_model_phys/local_assets/data/physion/generated_v5/converted_stage1_v1/02127_drop_orbit_left_72_seed41127,drop,orbit_left_72,41127
01218_drop_orbit_left_72_seed40218,/home/nvme04/workspace/world_model_phys/PHYS/world_model_phys/local_assets/data/physion/generated_v5/converted_stage1_v1/01218_drop_orbit_left_72_seed40218,drop,orbit_left_72,40218
02996_collision_orbit_right_64_seed41996,/home/nvme04/workspace/world_model_phys/PHYS/world_model_phys/local_assets/data/physion/generated_v5/converted_stage1_v1/02996_collision_orbit_right_64_seed41996,collision,orbit_right_64,41996
03826_roll_orbit_right_60_seed42826,/home/nvme04/workspace/world_model_phys/PHYS/world_model_phys/local_assets/data/physion/generated_v5/converted_stage1_v1/03826_roll_orbit_right_60_seed42826,roll,orbit_right_60,42826
01827_drop_orbit_left_72_seed40827,/home/nvme04/workspace/world_model_phys/PHYS/world_model_phys/local_assets/data/physion/generated_v5/converted_stage1_v1/01827_drop_orbit_left_72_seed40827,drop,orbit_left_72,40827
02504_collision_orbit_right_64_seed41504,/home/nvme04/workspace/world_model_phys/PHYS/world_model_phys/local_assets/data/physion/generated_v5/converted_stage1_v1/02504_collision_orbit_right_64_seed41504,collision,orbit_right_64,41504
02831_collision_strafe_left_180_seed41831,/home/nvme04/workspace/world_model_phys/PHYS/world_model_phys/local_assets/data/physion/generated_v5/converted_stage1_v1/02831_collision_strafe_left_180_seed41831,collision,strafe_left_180,41831
03823_roll_orbit_right_60_seed42823,/home/nvme04/workspace/world_model_phys/PHYS/world_model_phys/local_assets/data/physion/generated_v5/converted_stage1_v1/03823_roll_orbit_right_60_seed42823,roll,orbit_right_60,42823
01418_drop_orbit_left_72_seed40418,/home/nvme04/workspace/world_model_phys/PHYS/world_model_phys/local_assets/data/physion/generated_v5/converted_stage1_v1/01418_drop_orbit_left_72_seed40418,drop,orbit_left_72,40418
02377_collision_strafe_left_180_seed41377,/home/nvme04/workspace/world_model_phys/PHYS/world_model_phys/local_assets/data/physion/generated_v5/converted_stage1_v1/02377_collision_strafe_left_180_seed41377,collision,strafe_left_180,41377
03970_roll_orbit_right_60_seed42970,/home/nvme04/workspace/world_model_phys/PHYS/world_model_phys/local_assets/data/physion/generated_v5/converted_stage1_v1/03970_roll_orbit_right_60_seed42970,roll,orbit_right_60,42970
03037_collision_strafe_left_180_seed42037,/home/nvme04/workspace/world_model_phys/PHYS/world_model_phys/local_assets/data/physion/generated_v5/converted_stage1_v1/03037_collision_strafe_left_180_seed42037,collision,strafe_left_180,42037
02995_collision_strafe_left_180_seed41995,/home/nvme04/workspace/world_model_phys/PHYS/world_model_phys/local_assets/data/physion/generated_v5/converted_stage1_v1/02995_collision_strafe_left_180_seed41995,collision,strafe_left_180,41995
01816_drop_orbit_left_72_seed40816,/home/nvme04/workspace/world_model_phys/PHYS/world_model_phys/local_assets/data/physion/generated_v5/converted_stage1_v1/01816_drop_orbit_left_72_seed40816,drop,orbit_left_72,40816
03916_roll_orbit_right_60_seed42916,/home/nvme04/workspace/world_model_phys/PHYS/world_model_phys/local_assets/data/physion/generated_v5/converted_stage1_v1/03916_roll_orbit_right_60_seed42916,roll,orbit_right_60,42916
02387_collision_strafe_left_180_seed41387,/home/nvme04/workspace/world_model_phys/PHYS/world_model_phys/local_assets/data/physion/generated_v5/converted_stage1_v1/02387_collision_strafe_left_180_seed41387,collision,strafe_left_180,41387
01378_drop_orbit_left_72_seed40378,/home/nvme04/workspace/world_model_phys/PHYS/world_model_phys/local_assets/data/physion/generated_v5/converted_stage1_v1/01378_drop_orbit_left_72_seed40378,drop,orbit_left_72,40378
03403_roll_orbit_right_60_seed42403,/home/nvme04/workspace/world_model_phys/PHYS/world_model_phys/local_assets/data/physion/generated_v5/converted_stage1_v1/03403_roll_orbit_right_60_seed42403,roll,orbit_right_60,42403
01400_drop_orbit_left_72_seed40400,/home/nvme04/workspace/world_model_phys/PHYS/world_model_phys/local_assets/data/physion/generated_v5/converted_stage1_v1/01400_drop_orbit_left_72_seed40400,drop,orbit_left_72,40400
03624_roll_orbit_right_60_seed42624,/home/nvme04/workspace/world_model_phys/PHYS/world_model_phys/local_assets/data/physion/generated_v5/converted_stage1_v1/03624_roll_orbit_right_60_seed42624,roll,orbit_right_60,42624
04293_containment_orbit_left_44_seed43293,/home/nvme04/workspace/world_model_phys/PHYS/world_model_phys/local_assets/data/physion/generated_v5/converted_stage1_v1/04293_containment_orbit_left_44_seed43293,containment,orbit_left_44,43293
03159_collision_strafe_left_180_seed42159,/home/nvme04/workspace/world_model_phys/PHYS/world_model_phys/local_assets/data/physion/generated_v5/converted_stage1_v1/03159_collision_strafe_left_180_seed42159,collision,strafe_left_180,42159
03498_roll_orbit_right_60_seed42498,/home/nvme04/workspace/world_model_phys/PHYS/world_model_phys/local_assets/data/physion/generated_v5/converted_stage1_v1/03498_roll_orbit_right_60_seed42498,roll,orbit_right_60,42498
02689_collision_strafe_left_180_seed41689,/home/nvme04/workspace/world_model_phys/PHYS/world_model_phys/local_assets/data/physion/generated_v5/converted_stage1_v1/02689_collision_strafe_left_180_seed41689,collision,strafe_left_180,41689
02432_collision_orbit_right_64_seed41432,/home/nvme04/workspace/world_model_phys/PHYS/world_model_phys/local_assets/data/physion/generated_v5/converted_stage1_v1/02432_collision_orbit_right_64_seed41432,collision,orbit_right_64,41432
01709_drop_orbit_left_72_seed40709,/home/nvme04/workspace/world_model_phys/PHYS/world_model_phys/local_assets/data/physion/generated_v5/converted_stage1_v1/01709_drop_orbit_left_72_seed40709,drop,orbit_left_72,40709
02372_collision_orbit_right_64_seed41372,/home/nvme04/workspace/world_model_phys/PHYS/world_model_phys/local_assets/data/physion/generated_v5/converted_stage1_v1/02372_collision_orbit_right_64_seed41372,collision,orbit_right_64,41372
01868_drop_orbit_left_72_seed40868,/home/nvme04/workspace/world_model_phys/PHYS/world_model_phys/local_assets/data/physion/generated_v5/converted_stage1_v1/01868_drop_orbit_left_72_seed40868,drop,orbit_left_72,40868
03381_collision_strafe_left_180_seed42381,/home/nvme04/workspace/world_model_phys/PHYS/world_model_phys/local_assets/data/physion/generated_v5/converted_stage1_v1/03381_collision_strafe_left_180_seed42381,collision,strafe_left_180,42381
01348_drop_orbit_left_72_seed40348,/home/nvme04/workspace/world_model_phys/PHYS/world_model_phys/local_assets/data/physion/generated_v5/converted_stage1_v1/01348_drop_orbit_left_72_seed40348,drop,orbit_left_72,40348
01038_drop_orbit_left_72_seed40038,/home/nvme04/workspace/world_model_phys/PHYS/world_model_phys/local_assets/data/physion/generated_v5/converted_stage1_v1/01038_drop_orbit_left_72_seed40038,drop,orbit_left_72,40038
02199_drop_orbit_left_72_seed41199,/home/nvme04/workspace/world_model_phys/PHYS/world_model_phys/local_assets/data/physion/generated_v5/converted_stage1_v1/02199_drop_orbit_left_72_seed41199,drop,orbit_left_72,41199
02182_drop_orbit_left_72_seed41182,/home/nvme04/workspace/world_model_phys/PHYS/world_model_phys/local_assets/data/physion/generated_v5/converted_stage1_v1/02182_drop_orbit_left_72_seed41182,drop,orbit_left_72,41182
01518_drop_orbit_left_72_seed40518,/home/nvme04/workspace/world_model_phys/PHYS/world_model_phys/local_assets/data/physion/generated_v5/converted_stage1_v1/01518_drop_orbit_left_72_seed40518,drop,orbit_left_72,40518
03669_roll_orbit_right_60_seed42669,/home/nvme04/workspace/world_model_phys/PHYS/world_model_phys/local_assets/data/physion/generated_v5/converted_stage1_v1/03669_roll_orbit_right_60_seed42669,roll,orbit_right_60,42669
03749_roll_orbit_right_60_seed42749,/home/nvme04/workspace/world_model_phys/PHYS/world_model_phys/local_assets/data/physion/generated_v5/converted_stage1_v1/03749_roll_orbit_right_60_seed42749,roll,orbit_right_60,42749
04031_roll_orbit_right_60_seed43031,/home/nvme04/workspace/world_model_phys/PHYS/world_model_phys/local_assets/data/physion/generated_v5/converted_stage1_v1/04031_roll_orbit_right_60_seed43031,roll,orbit_right_60,43031
01162_drop_orbit_left_72_seed40162,/home/nvme04/workspace/world_model_phys/PHYS/world_model_phys/local_assets/data/physion/generated_v5/converted_stage1_v1/01162_drop_orbit_left_72_seed40162,drop,orbit_left_72,40162
04347_containment_orbit_left_44_seed43347,/home/nvme04/workspace/world_model_phys/PHYS/world_model_phys/local_assets/data/physion/generated_v5/converted_stage1_v1/04347_containment_orbit_left_44_seed43347,containment,orbit_left_44,43347
01174_drop_orbit_left_72_seed40174,/home/nvme04/workspace/world_model_phys/PHYS/world_model_phys/local_assets/data/physion/generated_v5/converted_stage1_v1/01174_drop_orbit_left_72_seed40174,drop,orbit_left_72,40174
03595_roll_orbit_right_60_seed42595,/home/nvme04/workspace/world_model_phys/PHYS/world_model_phys/local_assets/data/physion/generated_v5/converted_stage1_v1/03595_roll_orbit_right_60_seed42595,roll,orbit_right_60,42595
01985_drop_orbit_left_72_seed40985,/home/nvme04/workspace/world_model_phys/PHYS/world_model_phys/local_assets/data/physion/generated_v5/converted_stage1_v1/01985_drop_orbit_left_72_seed40985,drop,orbit_left_72,40985
03265_collision_strafe_left_180_seed42265,/home/nvme04/workspace/world_model_phys/PHYS/world_model_phys/local_assets/data/physion/generated_v5/converted_stage1_v1/03265_collision_strafe_left_180_seed42265,collision,strafe_left_180,42265
02922_collision_orbit_right_64_seed41922,/home/nvme04/workspace/world_model_phys/PHYS/world_model_phys/local_assets/data/physion/generated_v5/converted_stage1_v1/02922_collision_orbit_right_64_seed41922,collision,orbit_right_64,41922
03500_roll_orbit_right_60_seed42500,/home/nvme04/workspace/world_model_phys/PHYS/world_model_phys/local_assets/data/physion/generated_v5/converted_stage1_v1/03500_roll_orbit_right_60_seed42500,roll,orbit_right_60,42500
01534_drop_orbit_left_72_seed40534,/home/nvme04/workspace/world_model_phys/PHYS/world_model_phys/local_assets/data/physion/generated_v5/converted_stage1_v1/01534_drop_orbit_left_72_seed40534,drop,orbit_left_72,40534
02270_collision_orbit_right_64_seed41270,/home/nvme04/workspace/world_model_phys/PHYS/world_model_phys/local_assets/data/physion/generated_v5/converted_stage1_v1/02270_collision_orbit_right_64_seed41270,collision,orbit_right_64,41270
03387_collision_strafe_left_180_seed42387,/home/nvme04/workspace/world_model_phys/PHYS/world_model_phys/local_assets/data/physion/generated_v5/converted_stage1_v1/03387_collision_strafe_left_180_seed42387,collision,strafe_left_180,42387
02979_collision_strafe_left_180_seed41979,/home/nvme04/workspace/world_model_phys/PHYS/world_model_phys/local_assets/data/physion/generated_v5/converted_stage1_v1/02979_collision_strafe_left_180_seed41979,collision,strafe_left_180,41979
01864_drop_orbit_left_72_seed40864,/home/nvme04/workspace/world_model_phys/PHYS/world_model_phys/local_assets/data/physion/generated_v5/converted_stage1_v1/01864_drop_orbit_left_72_seed40864,drop,orbit_left_72,40864
02326_collision_orbit_right_64_seed41326,/home/nvme04/workspace/world_model_phys/PHYS/world_model_phys/local_assets/data/physion/generated_v5/converted_stage1_v1/02326_collision_orbit_right_64_seed41326,collision,orbit_right_64,41326
02556_collision_orbit_right_64_seed41556,/home/nvme04/workspace/world_model_phys/PHYS/world_model_phys/local_assets/data/physion/generated_v5/converted_stage1_v1/02556_collision_orbit_right_64_seed41556,collision,orbit_right_64,41556
01183_drop_orbit_left_72_seed40183,/home/nvme04/workspace/world_model_phys/PHYS/world_model_phys/local_assets/data/physion/generated_v5/converted_stage1_v1/01183_drop_orbit_left_72_seed40183,drop,orbit_left_72,40183
02274_collision_orbit_right_64_seed41274,/home/nvme04/workspace/world_model_phys/PHYS/world_model_phys/local_assets/data/physion/generated_v5/converted_stage1_v1/02274_collision_orbit_right_64_seed41274,collision,orbit_right_64,41274
03271_collision_strafe_left_180_seed42271,/home/nvme04/workspace/world_model_phys/PHYS/world_model_phys/local_assets/data/physion/generated_v5/converted_stage1_v1/03271_collision_strafe_left_180_seed42271,collision,strafe_left_180,42271
01113_drop_orbit_left_72_seed40113,/home/nvme04/workspace/world_model_phys/PHYS/world_model_phys/local_assets/data/physion/generated_v5/converted_stage1_v1/01113_drop_orbit_left_72_seed40113,drop,orbit_left_72,40113
01047_drop_orbit_left_72_seed40047,/home/nvme04/workspace/world_model_phys/PHYS/world_model_phys/local_assets/data/physion/generated_v5/converted_stage1_v1/01047_drop_orbit_left_72_seed40047,drop,orbit_left_72,40047
01593_drop_orbit_left_72_seed40593,/home/nvme04/workspace/world_model_phys/PHYS/world_model_phys/local_assets/data/physion/generated_v5/converted_stage1_v1/01593_drop_orbit_left_72_seed40593,drop,orbit_left_72,40593
01124_drop_orbit_left_72_seed40124,/home/nvme04/workspace/world_model_phys/PHYS/world_model_phys/local_assets/data/physion/generated_v5/converted_stage1_v1/01124_drop_orbit_left_72_seed40124,drop,orbit_left_72,40124
03938_roll_orbit_right_60_seed42938,/home/nvme04/workspace/world_model_phys/PHYS/world_model_phys/local_assets/data/physion/generated_v5/converted_stage1_v1/03938_roll_orbit_right_60_seed42938,roll,orbit_right_60,42938
01974_drop_orbit_left_72_seed40974,/home/nvme04/workspace/world_model_phys/PHYS/world_model_phys/local_assets/data/physion/generated_v5/converted_stage1_v1/01974_drop_orbit_left_72_seed40974,drop,orbit_left_72,40974
03304_collision_orbit_right_64_seed42304,/home/nvme04/workspace/world_model_phys/PHYS/world_model_phys/local_assets/data/physion/generated_v5/converted_stage1_v1/03304_collision_orbit_right_64_seed42304,collision,orbit_right_64,42304
03516_roll_orbit_right_60_seed42516,/home/nvme04/workspace/world_model_phys/PHYS/world_model_phys/local_assets/data/physion/generated_v5/converted_stage1_v1/03516_roll_orbit_right_60_seed42516,roll,orbit_right_60,42516
02589_collision_strafe_left_180_seed41589,/home/nvme04/workspace/world_model_phys/PHYS/world_model_phys/local_assets/data/physion/generated_v5/converted_stage1_v1/02589_collision_strafe_left_180_seed41589,collision,strafe_left_180,41589
02243_collision_strafe_left_180_seed41243,/home/nvme04/workspace/world_model_phys/PHYS/world_model_phys/local_assets/data/physion/generated_v5/converted_stage1_v1/02243_collision_strafe_left_180_seed41243,collision,strafe_left_180,41243
01119_drop_orbit_left_72_seed40119,/home/nvme04/workspace/world_model_phys/PHYS/world_model_phys/local_assets/data/physion/generated_v5/converted_stage1_v1/01119_drop_orbit_left_72_seed40119,drop,orbit_left_72,40119
02281_collision_strafe_left_180_seed41281,/home/nvme04/workspace/world_model_phys/PHYS/world_model_phys/local_assets/data/physion/generated_v5/converted_stage1_v1/02281_collision_strafe_left_180_seed41281,collision,strafe_left_180,41281
03927_roll_orbit_right_60_seed42927,/home/nvme04/workspace/world_model_phys/PHYS/world_model_phys/local_assets/data/physion/generated_v5/converted_stage1_v1/03927_roll_orbit_right_60_seed42927,roll,orbit_right_60,42927
03514_roll_orbit_right_60_seed42514,/home/nvme04/workspace/world_model_phys/PHYS/world_model_phys/local_assets/data/physion/generated_v5/converted_stage1_v1/03514_roll_orbit_right_60_seed42514,roll,orbit_right_60,42514
01900_drop_orbit_left_72_seed40900,/home/nvme04/workspace/world_model_phys/PHYS/world_model_phys/local_assets/data/physion/generated_v5/converted_stage1_v1/01900_drop_orbit_left_72_seed40900,drop,orbit_left_72,40900
03806_roll_orbit_right_60_seed42806,/home/nvme04/workspace/world_model_phys/PHYS/world_model_phys/local_assets/data/physion/generated_v5/converted_stage1_v1/03806_roll_orbit_right_60_seed42806,roll,orbit_right_60,42806
02072_drop_orbit_left_72_seed41072,/home/nvme04/workspace/world_model_phys/PHYS/world_model_phys/local_assets/data/physion/generated_v5/converted_stage1_v1/02072_drop_orbit_left_72_seed41072,drop,orbit_left_72,41072
01091_drop_orbit_left_72_seed40091,/home/nvme04/workspace/world_model_phys/PHYS/world_model_phys/local_assets/data/physion/generated_v5/converted_stage1_v1/01091_drop_orbit_left_72_seed40091,drop,orbit_left_72,40091
02613_collision_strafe_left_180_seed41613,/home/nvme04/workspace/world_model_phys/PHYS/world_model_phys/local_assets/data/physion/generated_v5/converted_stage1_v1/02613_collision_strafe_left_180_seed41613,collision,strafe_left_180,41613
02364_collision_orbit_right_64_seed41364,/home/nvme04/workspace/world_model_phys/PHYS/world_model_phys/local_assets/data/physion/generated_v5/converted_stage1_v1/02364_collision_orbit_right_64_seed41364,collision,orbit_right_64,41364
02386_collision_orbit_right_64_seed41386,/home/nvme04/workspace/world_model_phys/PHYS/world_model_phys/local_assets/data/physion/generated_v5/converted_stage1_v1/02386_collision_orbit_right_64_seed41386,collision,orbit_right_64,41386
01190_drop_orbit_left_72_seed40190,/home/nvme04/workspace/world_model_phys/PHYS/world_model_phys/local_assets/data/physion/generated_v5/converted_stage1_v1/01190_drop_orbit_left_72_seed40190,drop,orbit_left_72,40190
01915_drop_orbit_left_72_seed40915,/home/nvme04/workspace/world_model_phys/PHYS/world_model_phys/local_assets/data/physion/generated_v5/converted_stage1_v1/01915_drop_orbit_left_72_seed40915,drop,orbit_left_72,40915
02110_drop_orbit_left_72_seed41110,/home/nvme04/workspace/world_model_phys/PHYS/world_model_phys/local_assets/data/physion/generated_v5/converted_stage1_v1/02110_drop_orbit_left_72_seed41110,drop,orbit_left_72,41110
03537_roll_orbit_right_60_seed42537,/home/nvme04/workspace/world_model_phys/PHYS/world_model_phys/local_assets/data/physion/generated_v5/converted_stage1_v1/03537_roll_orbit_right_60_seed42537,roll,orbit_right_60,42537
02207_collision_strafe_left_180_seed41207,/home/nvme04/workspace/world_model_phys/PHYS/world_model_phys/local_assets/data/physion/generated_v5/converted_stage1_v1/02207_collision_strafe_left_180_seed41207,collision,strafe_left_180,41207
01954_drop_orbit_left_72_seed40954,/home/nvme04/workspace/world_model_phys/PHYS/world_model_phys/local_assets/data/physion/generated_v5/converted_stage1_v1/01954_drop_orbit_left_72_seed40954,drop,orbit_left_72,40954
01601_drop_orbit_left_72_seed40601,/home/nvme04/workspace/world_model_phys/PHYS/world_model_phys/local_assets/data/physion/generated_v5/converted_stage1_v1/01601_drop_orbit_left_72_seed40601,drop,orbit_left_72,40601
02876_collision_orbit_right_64_seed41876,/home/nvme04/workspace/world_model_phys/PHYS/world_model_phys/local_assets/data/physion/generated_v5/converted_stage1_v1/02876_collision_orbit_right_64_seed41876,collision,orbit_right_64,41876
03406_roll_orbit_right_60_seed42406,/home/nvme04/workspace/world_model_phys/PHYS/world_model_phys/local_assets/data/physion/generated_v5/converted_stage1_v1/03406_roll_orbit_right_60_seed42406,roll,orbit_right_60,42406
03224_collision_orbit_right_64_seed42224,/home/nvme04/workspace/world_model_phys/PHYS/world_model_phys/local_assets/data/physion/generated_v5/converted_stage1_v1/03224_collision_orbit_right_64_seed42224,collision,orbit_right_64,42224
01872_drop_orbit_left_72_seed40872,/home/nvme04/workspace/world_model_phys/PHYS/world_model_phys/local_assets/data/physion/generated_v5/converted_stage1_v1/01872_drop_orbit_left_72_seed40872,drop,orbit_left_72,40872
01668_drop_orbit_left_72_seed40668,/home/nvme04/workspace/world_model_phys/PHYS/world_model_phys/local_assets/data/physion/generated_v5/converted_stage1_v1/01668_drop_orbit_left_72_seed40668,drop,orbit_left_72,40668
02356_collision_orbit_right_64_seed41356,/home/nvme04/workspace/world_model_phys/PHYS/world_model_phys/local_assets/data/physion/generated_v5/converted_stage1_v1/02356_collision_orbit_right_64_seed41356,collision,orbit_right_64,41356
01233_drop_orbit_left_72_seed40233,/home/nvme04/workspace/world_model_phys/PHYS/world_model_phys/local_assets/data/physion/generated_v5/converted_stage1_v1/01233_drop_orbit_left_72_seed40233,drop,orbit_left_72,40233
01455_drop_orbit_left_72_seed40455,/home/nvme04/workspace/world_model_phys/PHYS/world_model_phys/local_assets/data/physion/generated_v5/converted_stage1_v1/01455_drop_orbit_left_72_seed40455,drop,orbit_left_72,40455
03133_collision_strafe_left_180_seed42133,/home/nvme04/workspace/world_model_phys/PHYS/world_model_phys/local_assets/data/physion/generated_v5/converted_stage1_v1/03133_collision_strafe_left_180_seed42133,collision,strafe_left_180,42133
02345_collision_strafe_left_180_seed41345,/home/nvme04/workspace/world_model_phys/PHYS/world_model_phys/local_assets/data/physion/generated_v5/converted_stage1_v1/02345_collision_strafe_left_180_seed41345,collision,strafe_left_180,41345
01923_drop_orbit_left_72_seed40923,/home/nvme04/workspace/world_model_phys/PHYS/world_model_phys/local_assets/data/physion/generated_v5/converted_stage1_v1/01923_drop_orbit_left_72_seed40923,drop,orbit_left_72,40923
01937_drop_orbit_left_72_seed40937,/home/nvme04/workspace/world_model_phys/PHYS/world_model_phys/local_assets/data/physion/generated_v5/converted_stage1_v1/01937_drop_orbit_left_72_seed40937,drop,orbit_left_72,40937
01340_drop_orbit_left_72_seed40340,/home/nvme04/workspace/world_model_phys/PHYS/world_model_phys/local_assets/data/physion/generated_v5/converted_stage1_v1/01340_drop_orbit_left_72_seed40340,drop,orbit_left_72,40340
01180_drop_orbit_left_72_seed40180,/home/nvme04/workspace/world_model_phys/PHYS/world_model_phys/local_assets/data/physion/generated_v5/converted_stage1_v1/01180_drop_orbit_left_72_seed40180,drop,orbit_left_72,40180
01108_drop_orbit_left_72_seed40108,/home/nvme04/workspace/world_model_phys/PHYS/world_model_phys/local_assets/data/physion/generated_v5/converted_stage1_v1/01108_drop_orbit_left_72_seed40108,drop,orbit_left_72,40108
03209_collision_strafe_left_180_seed42209,/home/nvme04/workspace/world_model_phys/PHYS/world_model_phys/local_assets/data/physion/generated_v5/converted_stage1_v1/03209_collision_strafe_left_180_seed42209,collision,strafe_left_180,42209
03282_collision_orbit_right_64_seed42282,/home/nvme04/workspace/world_model_phys/PHYS/world_model_phys/local_assets/data/physion/generated_v5/converted_stage1_v1/03282_collision_orbit_right_64_seed42282,collision,orbit_right_64,42282
03134_collision_orbit_right_64_seed42134,/home/nvme04/workspace/world_model_phys/PHYS/world_model_phys/local_assets/data/physion/generated_v5/converted_stage1_v1/03134_collision_orbit_right_64_seed42134,collision,orbit_right_64,42134
03978_roll_orbit_right_60_seed42978,/home/nvme04/workspace/world_model_phys/PHYS/world_model_phys/local_assets/data/physion/generated_v5/converted_stage1_v1/03978_roll_orbit_right_60_seed42978,roll,orbit_right_60,42978
01006_drop_orbit_left_72_seed40006,/home/nvme04/workspace/world_model_phys/PHYS/world_model_phys/local_assets/data/physion/generated_v5/converted_stage1_v1/01006_drop_orbit_left_72_seed40006,drop,orbit_left_72,40006
01544_drop_orbit_left_72_seed40544,/home/nvme04/workspace/world_model_phys/PHYS/world_model_phys/local_assets/data/physion/generated_v5/converted_stage1_v1/01544_drop_orbit_left_72_seed40544,drop,orbit_left_72,40544
04246_containment_orbit_left_44_seed43246,/home/nvme04/workspace/world_model_phys/PHYS/world_model_phys/local_assets/data/physion/generated_v5/converted_stage1_v1/04246_containment_orbit_left_44_seed43246,containment,orbit_left_44,43246
02902_collision_orbit_right_64_seed41902,/home/nvme04/workspace/world_model_phys/PHYS/world_model_phys/local_assets/data/physion/generated_v5/converted_stage1_v1/02902_collision_orbit_right_64_seed41902,collision,orbit_right_64,41902
04041_roll_orbit_right_60_seed43041,/home/nvme04/workspace/world_model_phys/PHYS/world_model_phys/local_assets/data/physion/generated_v5/converted_stage1_v1/04041_roll_orbit_right_60_seed43041,roll,orbit_right_60,43041
01922_drop_orbit_left_72_seed40922,/home/nvme04/workspace/world_model_phys/PHYS/world_model_phys/local_assets/data/physion/generated_v5/converted_stage1_v1/01922_drop_orbit_left_72_seed40922,drop,orbit_left_72,40922
02728_collision_orbit_right_64_seed41728,/home/nvme04/workspace/world_model_phys/PHYS/world_model_phys/local_assets/data/physion/generated_v5/converted_stage1_v1/02728_collision_orbit_right_64_seed41728,collision,orbit_right_64,41728
04074_roll_orbit_right_60_seed43074,/home/nvme04/workspace/world_model_phys/PHYS/world_model_phys/local_assets/data/physion/generated_v5/converted_stage1_v1/04074_roll_orbit_right_60_seed43074,roll,orbit_right_60,43074
01887_drop_orbit_left_72_seed40887,/home/nvme04/workspace/world_model_phys/PHYS/world_model_phys/local_assets/data/physion/generated_v5/converted_stage1_v1/01887_drop_orbit_left_72_seed40887,drop,orbit_left_72,40887
02524_collision_orbit_right_64_seed41524,/home/nvme04/workspace/world_model_phys/PHYS/world_model_phys/local_assets/data/physion/generated_v5/converted_stage1_v1/02524_collision_orbit_right_64_seed41524,collision,orbit_right_64,41524
04244_containment_orbit_left_44_seed43244,/home/nvme04/workspace/world_model_phys/PHYS/world_model_phys/local_assets/data/physion/generated_v5/converted_stage1_v1/04244_containment_orbit_left_44_seed43244,containment,orbit_left_44,43244
03608_roll_orbit_right_60_seed42608,/home/nvme04/workspace/world_model_phys/PHYS/world_model_phys/local_assets/data/physion/generated_v5/converted_stage1_v1/03608_roll_orbit_right_60_seed42608,roll,orbit_right_60,42608
01768_drop_orbit_left_72_seed40768,/home/nvme04/workspace/world_model_phys/PHYS/world_model_phys/local_assets/data/physion/generated_v5/converted_stage1_v1/01768_drop_orbit_left_72_seed40768,drop,orbit_left_72,40768
02928_collision_orbit_right_64_seed41928,/home/nvme04/workspace/world_model_phys/PHYS/world_model_phys/local_assets/data/physion/generated_v5/converted_stage1_v1/02928_collision_orbit_right_64_seed41928,collision,orbit_right_64,41928
02452_collision_orbit_right_64_seed41452,/home/nvme04/workspace/world_model_phys/PHYS/world_model_phys/local_assets/data/physion/generated_v5/converted_stage1_v1/02452_collision_orbit_right_64_seed41452,collision,orbit_right_64,41452
03121_collision_strafe_left_180_seed42121,/home/nvme04/workspace/world_model_phys/PHYS/world_model_phys/local_assets/data/physion/generated_v5/converted_stage1_v1/03121_collision_strafe_left_180_seed42121,collision,strafe_left_180,42121
02114_drop_orbit_left_72_seed41114,/home/nvme04/workspace/world_model_phys/PHYS/world_model_phys/local_assets/data/physion/generated_v5/converted_stage1_v1/02114_drop_orbit_left_72_seed41114,drop,orbit_left_72,41114
03382_collision_orbit_right_64_seed42382,/home/nvme04/workspace/world_model_phys/PHYS/world_model_phys/local_assets/data/physion/generated_v5/converted_stage1_v1/03382_collision_orbit_right_64_seed42382,collision,orbit_right_64,42382
02663_collision_strafe_left_180_seed41663,/home/nvme04/workspace/world_model_phys/PHYS/world_model_phys/local_assets/data/physion/generated_v5/converted_stage1_v1/02663_collision_strafe_left_180_seed41663,collision,strafe_left_180,41663
04392_containment_orbit_left_44_seed43392,/home/nvme04/workspace/world_model_phys/PHYS/world_model_phys/local_assets/data/physion/generated_v5/converted_stage1_v1/04392_containment_orbit_left_44_seed43392,containment,orbit_left_44,43392
03204_collision_orbit_right_64_seed42204,/home/nvme04/workspace/world_model_phys/PHYS/world_model_phys/local_assets/data/physion/generated_v5/converted_stage1_v1/03204_collision_orbit_right_64_seed42204,collision,orbit_right_64,42204
03707_roll_orbit_right_60_seed42707,/home/nvme04/workspace/world_model_phys/PHYS/world_model_phys/local_assets/data/physion/generated_v5/converted_stage1_v1/03707_roll_orbit_right_60_seed42707,roll,orbit_right_60,42707
02553_collision_strafe_left_180_seed41553,/home/nvme04/workspace/world_model_phys/PHYS/world_model_phys/local_assets/data/physion/generated_v5/converted_stage1_v1/02553_collision_strafe_left_180_seed41553,collision,strafe_left_180,41553
03520_roll_orbit_right_60_seed42520,/home/nvme04/workspace/world_model_phys/PHYS/world_model_phys/local_assets/data/physion/generated_v5/converted_stage1_v1/03520_roll_orbit_right_60_seed42520,roll,orbit_right_60,42520
01637_drop_orbit_left_72_seed40637,/home/nvme04/workspace/world_model_phys/PHYS/world_model_phys/local_assets/data/physion/generated_v5/converted_stage1_v1/01637_drop_orbit_left_72_seed40637,drop,orbit_left_72,40637
03048_collision_orbit_right_64_seed42048,/home/nvme04/workspace/world_model_phys/PHYS/world_model_phys/local_assets/data/physion/generated_v5/converted_stage1_v1/03048_collision_orbit_right_64_seed42048,collision,orbit_right_64,42048
03032_collision_orbit_right_64_seed42032,/home/nvme04/workspace/world_model_phys/PHYS/world_model_phys/local_assets/data/physion/generated_v5/converted_stage1_v1/03032_collision_orbit_right_64_seed42032,collision,orbit_right_64,42032
01317_drop_orbit_left_72_seed40317,/home/nvme04/workspace/world_model_phys/PHYS/world_model_phys/local_assets/data/physion/generated_v5/converted_stage1_v1/01317_drop_orbit_left_72_seed40317,drop,orbit_left_72,40317
02212_collision_orbit_right_64_seed41212,/home/nvme04/workspace/world_model_phys/PHYS/world_model_phys/local_assets/data/physion/generated_v5/converted_stage1_v1/02212_collision_orbit_right_64_seed41212,collision,orbit_right_64,41212
01401_drop_orbit_left_72_seed40401,/home/nvme04/workspace/world_model_phys/PHYS/world_model_phys/local_assets/data/physion/generated_v5/converted_stage1_v1/01401_drop_orbit_left_72_seed40401,drop,orbit_left_72,40401
03834_roll_orbit_right_60_seed42834,/home/nvme04/workspace/world_model_phys/PHYS/world_model_phys/local_assets/data/physion/generated_v5/converted_stage1_v1/03834_roll_orbit_right_60_seed42834,roll,orbit_right_60,42834
01323_drop_orbit_left_72_seed40323,/home/nvme04/workspace/world_model_phys/PHYS/world_model_phys/local_assets/data/physion/generated_v5/converted_stage1_v1/01323_drop_orbit_left_72_seed40323,drop,orbit_left_72,40323
01988_drop_orbit_left_72_seed40988,/home/nvme04/workspace/world_model_phys/PHYS/world_model_phys/local_assets/data/physion/generated_v5/converted_stage1_v1/01988_drop_orbit_left_72_seed40988,drop,orbit_left_72,40988
01296_drop_orbit_left_72_seed40296,/home/nvme04/workspace/world_model_phys/PHYS/world_model_phys/local_assets/data/physion/generated_v5/converted_stage1_v1/01296_drop_orbit_left_72_seed40296,drop,orbit_left_72,40296
01438_drop_orbit_left_72_seed40438,/home/nvme04/workspace/world_model_phys/PHYS/world_model_phys/local_assets/data/physion/generated_v5/converted_stage1_v1/01438_drop_orbit_left_72_seed40438,drop,orbit_left_72,40438
02853_collision_strafe_left_180_seed41853,/home/nvme04/workspace/world_model_phys/PHYS/world_model_phys/local_assets/data/physion/generated_v5/converted_stage1_v1/02853_collision_strafe_left_180_seed41853,collision,strafe_left_180,41853
03615_roll_orbit_right_60_seed42615,/home/nvme04/workspace/world_model_phys/PHYS/world_model_phys/local_assets/data/physion/generated_v5/converted_stage1_v1/03615_roll_orbit_right_60_seed42615,roll,orbit_right_60,42615
02924_collision_orbit_right_64_seed41924,/home/nvme04/workspace/world_model_phys/PHYS/world_model_phys/local_assets/data/physion/generated_v5/converted_stage1_v1/02924_collision_orbit_right_64_seed41924,collision,orbit_right_64,41924
03716_roll_orbit_right_60_seed42716,/home/nvme04/workspace/world_model_phys/PHYS/world_model_phys/local_assets/data/physion/generated_v5/converted_stage1_v1/03716_roll_orbit_right_60_seed42716,roll,orbit_right_60,42716
01379_drop_orbit_left_72_seed40379,/home/nvme04/workspace/world_model_phys/PHYS/world_model_phys/local_assets/data/physion/generated_v5/converted_stage1_v1/01379_drop_orbit_left_72_seed40379,drop,orbit_left_72,40379
03215_collision_strafe_left_180_seed42215,/home/nvme04/workspace/world_model_phys/PHYS/world_model_phys/local_assets/data/physion/generated_v5/converted_stage1_v1/03215_collision_strafe_left_180_seed42215,collision,strafe_left_180,42215
02489_collision_strafe_left_180_seed41489,/home/nvme04/workspace/world_model_phys/PHYS/world_model_phys/local_assets/data/physion/generated_v5/converted_stage1_v1/02489_collision_strafe_left_180_seed41489,collision,strafe_left_180,41489
03809_roll_orbit_right_60_seed42809,/home/nvme04/workspace/world_model_phys/PHYS/world_model_phys/local_assets/data/physion/generated_v5/converted_stage1_v1/03809_roll_orbit_right_60_seed42809,roll,orbit_right_60,42809
03713_roll_orbit_right_60_seed42713,/home/nvme04/workspace/world_model_phys/PHYS/world_model_phys/local_assets/data/physion/generated_v5/converted_stage1_v1/03713_roll_orbit_right_60_seed42713,roll,orbit_right_60,42713
02094_drop_orbit_left_72_seed41094,/home/nvme04/workspace/world_model_phys/PHYS/world_model_phys/local_assets/data/physion/generated_v5/converted_stage1_v1/02094_drop_orbit_left_72_seed41094,drop,orbit_left_72,41094
03321_collision_strafe_left_180_seed42321,/home/nvme04/workspace/world_model_phys/PHYS/world_model_phys/local_assets/data/physion/generated_v5/converted_stage1_v1/03321_collision_strafe_left_180_seed42321,collision,strafe_left_180,42321
01675_drop_orbit_left_72_seed40675,/home/nvme04/workspace/world_model_phys/PHYS/world_model_phys/local_assets/data/physion/generated_v5/converted_stage1_v1/01675_drop_orbit_left_72_seed40675,drop,orbit_left_72,40675
02669_collision_strafe_left_180_seed41669,/home/nvme04/workspace/world_model_phys/PHYS/world_model_phys/local_assets/data/physion/generated_v5/converted_stage1_v1/02669_collision_strafe_left_180_seed41669,collision,strafe_left_180,41669
03244_collision_orbit_right_64_seed42244,/home/nvme04/workspace/world_model_phys/PHYS/world_model_phys/local_assets/data/physion/generated_v5/converted_stage1_v1/03244_collision_orbit_right_64_seed42244,collision,orbit_right_64,42244
03400_roll_orbit_right_60_seed42400,/home/nvme04/workspace/world_model_phys/PHYS/world_model_phys/local_assets/data/physion/generated_v5/converted_stage1_v1/03400_roll_orbit_right_60_seed42400,roll,orbit_right_60,42400
02422_collision_orbit_right_64_seed41422,/home/nvme04/workspace/world_model_phys/PHYS/world_model_phys/local_assets/data/physion/generated_v5/converted_stage1_v1/02422_collision_orbit_right_64_seed41422,collision,orbit_right_64,41422
02827_collision_strafe_left_180_seed41827,/home/nvme04/workspace/world_model_phys/PHYS/world_model_phys/local_assets/data/physion/generated_v5/converted_stage1_v1/02827_collision_strafe_left_180_seed41827,collision,strafe_left_180,41827
02623_collision_strafe_left_180_seed41623,/home/nvme04/workspace/world_model_phys/PHYS/world_model_phys/local_assets/data/physion/generated_v5/converted_stage1_v1/02623_collision_strafe_left_180_seed41623,collision,strafe_left_180,41623
01684_drop_orbit_left_72_seed40684,/home/nvme04/workspace/world_model_phys/PHYS/world_model_phys/local_assets/data/physion/generated_v5/converted_stage1_v1/01684_drop_orbit_left_72_seed40684,drop,orbit_left_72,40684
03926_roll_orbit_right_60_seed42926,/home/nvme04/workspace/world_model_phys/PHYS/world_model_phys/local_assets/data/physion/generated_v5/converted_stage1_v1/03926_roll_orbit_right_60_seed42926,roll,orbit_right_60,42926
02097_drop_orbit_left_72_seed41097,/home/nvme04/workspace/world_model_phys/PHYS/world_model_phys/local_assets/data/physion/generated_v5/converted_stage1_v1/02097_drop_orbit_left_72_seed41097,drop,orbit_left_72,41097
02334_collision_orbit_right_64_seed41334,/home/nvme04/workspace/world_model_phys/PHYS/world_model_phys/local_assets/data/physion/generated_v5/converted_stage1_v1/02334_collision_orbit_right_64_seed41334,collision,orbit_right_64,41334
03754_roll_orbit_right_60_seed42754,/home/nvme04/workspace/world_model_phys/PHYS/world_model_phys/local_assets/data/physion/generated_v5/converted_stage1_v1/03754_roll_orbit_right_60_seed42754,roll,orbit_right_60,42754
02500_collision_orbit_right_64_seed41500,/home/nvme04/workspace/world_model_phys/PHYS/world_model_phys/local_assets/data/physion/generated_v5/converted_stage1_v1/02500_collision_orbit_right_64_seed41500,collision,orbit_right_64,41500
02355_collision_strafe_left_180_seed41355,/home/nvme04/workspace/world_model_phys/PHYS/world_model_phys/local_assets/data/physion/generated_v5/converted_stage1_v1/02355_collision_strafe_left_180_seed41355,collision,strafe_left_180,41355
02080_drop_orbit_left_72_seed41080,/home/nvme04/workspace/world_model_phys/PHYS/world_model_phys/local_assets/data/physion/generated_v5/converted_stage1_v1/02080_drop_orbit_left_72_seed41080,drop,orbit_left_72,41080
02838_collision_orbit_right_64_seed41838,/home/nvme04/workspace/world_model_phys/PHYS/world_model_phys/local_assets/data/physion/generated_v5/converted_stage1_v1/02838_collision_orbit_right_64_seed41838,collision,orbit_right_64,41838
01946_drop_orbit_left_72_seed40946,/home/nvme04/workspace/world_model_phys/PHYS/world_model_phys/local_assets/data/physion/generated_v5/converted_stage1_v1/01946_drop_orbit_left_72_seed40946,drop,orbit_left_72,40946
03677_roll_orbit_right_60_seed42677,/home/nvme04/workspace/world_model_phys/PHYS/world_model_phys/local_assets/data/physion/generated_v5/converted_stage1_v1/03677_roll_orbit_right_60_seed42677,roll,orbit_right_60,42677
01515_drop_orbit_left_72_seed40515,/home/nvme04/workspace/world_model_phys/PHYS/world_model_phys/local_assets/data/physion/generated_v5/converted_stage1_v1/01515_drop_orbit_left_72_seed40515,drop,orbit_left_72,40515
01582_drop_orbit_left_72_seed40582,/home/nvme04/workspace/world_model_phys/PHYS/world_model_phys/local_assets/data/physion/generated_v5/converted_stage1_v1/01582_drop_orbit_left_72_seed40582,drop,orbit_left_72,40582
01500_drop_orbit_left_72_seed40500,/home/nvme04/workspace/world_model_phys/PHYS/world_model_phys/local_assets/data/physion/generated_v5/converted_stage1_v1/01500_drop_orbit_left_72_seed40500,drop,orbit_left_72,40500
04015_roll_orbit_right_60_seed43015,/home/nvme04/workspace/world_model_phys/PHYS/world_model_phys/local_assets/data/physion/generated_v5/converted_stage1_v1/04015_roll_orbit_right_60_seed43015,roll,orbit_right_60,43015
01219_drop_orbit_left_72_seed40219,/home/nvme04/workspace/world_model_phys/PHYS/world_model_phys/local_assets/data/physion/generated_v5/converted_stage1_v1/01219_drop_orbit_left_72_seed40219,drop,orbit_left_72,40219
01363_drop_orbit_left_72_seed40363,/home/nvme04/workspace/world_model_phys/PHYS/world_model_phys/local_assets/data/physion/generated_v5/converted_stage1_v1/01363_drop_orbit_left_72_seed40363,drop,orbit_left_72,40363
03849_roll_orbit_right_60_seed42849,/home/nvme04/workspace/world_model_phys/PHYS/world_model_phys/local_assets/data/physion/generated_v5/converted_stage1_v1/03849_roll_orbit_right_60_seed42849,roll,orbit_right_60,42849
01463_drop_orbit_left_72_seed40463,/home/nvme04/workspace/world_model_phys/PHYS/world_model_phys/local_assets/data/physion/generated_v5/converted_stage1_v1/01463_drop_orbit_left_72_seed40463,drop,orbit_left_72,40463
03077_collision_strafe_left_180_seed42077,/home/nvme04/workspace/world_model_phys/PHYS/world_model_phys/local_assets/data/physion/generated_v5/converted_stage1_v1/03077_collision_strafe_left_180_seed42077,collision,strafe_left_180,42077
03561_roll_orbit_right_60_seed42561,/home/nvme04/workspace/world_model_phys/PHYS/world_model_phys/local_assets/data/physion/generated_v5/converted_stage1_v1/03561_roll_orbit_right_60_seed42561,roll,orbit_right_60,42561
03014_collision_orbit_right_64_seed42014,/home/nvme04/workspace/world_model_phys/PHYS/world_model_phys/local_assets/data/physion/generated_v5/converted_stage1_v1/03014_collision_orbit_right_64_seed42014,collision,orbit_right_64,42014
01288_drop_orbit_left_72_seed40288,/home/nvme04/workspace/world_model_phys/PHYS/world_model_phys/local_assets/data/physion/generated_v5/converted_stage1_v1/01288_drop_orbit_left_72_seed40288,drop,orbit_left_72,40288
03127_collision_strafe_left_180_seed42127,/home/nvme04/workspace/world_model_phys/PHYS/world_model_phys/local_assets/data/physion/generated_v5/converted_stage1_v1/03127_collision_strafe_left_180_seed42127,collision,strafe_left_180,42127
01173_drop_orbit_left_72_seed40173,/home/nvme04/workspace/world_model_phys/PHYS/world_model_phys/local_assets/data/physion/generated_v5/converted_stage1_v1/01173_drop_orbit_left_72_seed40173,drop,orbit_left_72,40173
02544_collision_orbit_right_64_seed41544,/home/nvme04/workspace/world_model_phys/PHYS/world_model_phys/local_assets/data/physion/generated_v5/converted_stage1_v1/02544_collision_orbit_right_64_seed41544,collision,orbit_right_64,41544
01130_drop_orbit_left_72_seed40130,/home/nvme04/workspace/world_model_phys/PHYS/world_model_phys/local_assets/data/physion/generated_v5/converted_stage1_v1/01130_drop_orbit_left_72_seed40130,drop,orbit_left_72,40130
01318_drop_orbit_left_72_seed40318,/home/nvme04/workspace/world_model_phys/PHYS/world_model_phys/local_assets/data/physion/generated_v5/converted_stage1_v1/01318_drop_orbit_left_72_seed40318,drop,orbit_left_72,40318
03060_collision_orbit_right_64_seed42060,/home/nvme04/workspace/world_model_phys/PHYS/world_model_phys/local_assets/data/physion/generated_v5/converted_stage1_v1/03060_collision_orbit_right_64_seed42060,collision,orbit_right_64,42060
02285_collision_strafe_left_180_seed41285,/home/nvme04/workspace/world_model_phys/PHYS/world_model_phys/local_assets/data/physion/generated_v5/converted_stage1_v1/02285_collision_strafe_left_180_seed41285,collision,strafe_left_180,41285
01672_drop_orbit_left_72_seed40672,/home/nvme04/workspace/world_model_phys/PHYS/world_model_phys/local_assets/data/physion/generated_v5/converted_stage1_v1/01672_drop_orbit_left_72_seed40672,drop,orbit_left_72,40672
04341_containment_orbit_left_44_seed43341,/home/nvme04/workspace/world_model_phys/PHYS/world_model_phys/local_assets/data/physion/generated_v5/converted_stage1_v1/04341_containment_orbit_left_44_seed43341,containment,orbit_left_44,43341
01965_drop_orbit_left_72_seed40965,/home/nvme04/workspace/world_model_phys/PHYS/world_model_phys/local_assets/data/physion/generated_v5/converted_stage1_v1/01965_drop_orbit_left_72_seed40965,drop,orbit_left_72,40965
01680_drop_orbit_left_72_seed40680,/home/nvme04/workspace/world_model_phys/PHYS/world_model_phys/local_assets/data/physion/generated_v5/converted_stage1_v1/01680_drop_orbit_left_72_seed40680,drop,orbit_left_72,40680
02409_collision_strafe_left_180_seed41409,/home/nvme04/workspace/world_model_phys/PHYS/world_model_phys/local_assets/data/physion/generated_v5/converted_stage1_v1/02409_collision_strafe_left_180_seed41409,collision,strafe_left_180,41409
02511_collision_strafe_left_180_seed41511,/home/nvme04/workspace/world_model_phys/PHYS/world_model_phys/local_assets/data/physion/generated_v5/converted_stage1_v1/02511_collision_strafe_left_180_seed41511,collision,strafe_left_180,41511
03515_roll_orbit_right_60_seed42515,/home/nvme04/workspace/world_model_phys/PHYS/world_model_phys/local_assets/data/physion/generated_v5/converted_stage1_v1/03515_roll_orbit_right_60_seed42515,roll,orbit_right_60,42515
03268_collision_orbit_right_64_seed42268,/home/nvme04/workspace/world_model_phys/PHYS/world_model_phys/local_assets/data/physion/generated_v5/converted_stage1_v1/03268_collision_orbit_right_64_seed42268,collision,orbit_right_64,42268
02018_drop_orbit_left_72_seed41018,/home/nvme04/workspace/world_model_phys/PHYS/world_model_phys/local_assets/data/physion/generated_v5/converted_stage1_v1/02018_drop_orbit_left_72_seed41018,drop,orbit_left_72,41018
03562_roll_orbit_right_60_seed42562,/home/nvme04/workspace/world_model_phys/PHYS/world_model_phys/local_assets/data/physion/generated_v5/converted_stage1_v1/03562_roll_orbit_right_60_seed42562,roll,orbit_right_60,42562
01216_drop_orbit_left_72_seed40216,/home/nvme04/workspace/world_model_phys/PHYS/world_model_phys/local_assets/data/physion/generated_v5/converted_stage1_v1/01216_drop_orbit_left_72_seed40216,drop,orbit_left_72,40216
03922_roll_orbit_right_60_seed42922,/home/nvme04/workspace/world_model_phys/PHYS/world_model_phys/local_assets/data/physion/generated_v5/converted_stage1_v1/03922_roll_orbit_right_60_seed42922,roll,orbit_right_60,42922
02674_collision_orbit_right_64_seed41674,/home/nvme04/workspace/world_model_phys/PHYS/world_model_phys/local_assets/data/physion/generated_v5/converted_stage1_v1/02674_collision_orbit_right_64_seed41674,collision,orbit_right_64,41674
03417_roll_orbit_right_60_seed42417,/home/nvme04/workspace/world_model_phys/PHYS/world_model_phys/local_assets/data/physion/generated_v5/converted_stage1_v1/03417_roll_orbit_right_60_seed42417,roll,orbit_right_60,42417
02905_collision_strafe_left_180_seed41905,/home/nvme04/workspace/world_model_phys/PHYS/world_model_phys/local_assets/data/physion/generated_v5/converted_stage1_v1/02905_collision_strafe_left_180_seed41905,collision,strafe_left_180,41905
01241_drop_orbit_left_72_seed40241,/home/nvme04/workspace/world_model_phys/PHYS/world_model_phys/local_assets/data/physion/generated_v5/converted_stage1_v1/01241_drop_orbit_left_72_seed40241,drop,orbit_left_72,40241
04399_containment_orbit_left_44_seed43399,/home/nvme04/workspace/world_model_phys/PHYS/world_model_phys/local_assets/data/physion/generated_v5/converted_stage1_v1/04399_containment_orbit_left_44_seed43399,containment,orbit_left_44,43399
02989_collision_strafe_left_180_seed41989,/home/nvme04/workspace/world_model_phys/PHYS/world_model_phys/local_assets/data/physion/generated_v5/converted_stage1_v1/02989_collision_strafe_left_180_seed41989,collision,strafe_left_180,41989
02081_drop_orbit_left_72_seed41081,/home/nvme04/workspace/world_model_phys/PHYS/world_model_phys/local_assets/data/physion/generated_v5/converted_stage1_v1/02081_drop_orbit_left_72_seed41081,drop,orbit_left_72,41081
01666_drop_orbit_left_72_seed40666,/home/nvme04/workspace/world_model_phys/PHYS/world_model_phys/local_assets/data/physion/generated_v5/converted_stage1_v1/01666_drop_orbit_left_72_seed40666,drop,orbit_left_72,40666
01559_drop_orbit_left_72_seed40559,/home/nvme04/workspace/world_model_phys/PHYS/world_model_phys/local_assets/data/physion/generated_v5/converted_stage1_v1/01559_drop_orbit_left_72_seed40559,drop,orbit_left_72,40559
03828_roll_orbit_right_60_seed42828,/home/nvme04/workspace/world_model_phys/PHYS/world_model_phys/local_assets/data/physion/generated_v5/converted_stage1_v1/03828_roll_orbit_right_60_seed42828,roll,orbit_right_60,42828
04385_containment_orbit_left_44_seed43385,/home/nvme04/workspace/world_model_phys/PHYS/world_model_phys/local_assets/data/physion/generated_v5/converted_stage1_v1/04385_containment_orbit_left_44_seed43385,containment,orbit_left_44,43385
02548_collision_orbit_right_64_seed41548,/home/nvme04/workspace/world_model_phys/PHYS/world_model_phys/local_assets/data/physion/generated_v5/converted_stage1_v1/02548_collision_orbit_right_64_seed41548,collision,orbit_right_64,41548
03216_collision_orbit_right_64_seed42216,/home/nvme04/workspace/world_model_phys/PHYS/world_model_phys/local_assets/data/physion/generated_v5/converted_stage1_v1/03216_collision_orbit_right_64_seed42216,collision,orbit_right_64,42216
03665_roll_orbit_right_60_seed42665,/home/nvme04/workspace/world_model_phys/PHYS/world_model_phys/local_assets/data/physion/generated_v5/converted_stage1_v1/03665_roll_orbit_right_60_seed42665,roll,orbit_right_60,42665
03206_collision_orbit_right_64_seed42206,/home/nvme04/workspace/world_model_phys/PHYS/world_model_phys/local_assets/data/physion/generated_v5/converted_stage1_v1/03206_collision_orbit_right_64_seed42206,collision,orbit_right_64,42206
02897_collision_strafe_left_180_seed41897,/home/nvme04/workspace/world_model_phys/PHYS/world_model_phys/local_assets/data/physion/generated_v5/converted_stage1_v1/02897_collision_strafe_left_180_seed41897,collision,strafe_left_180,41897
03494_roll_orbit_right_60_seed42494,/home/nvme04/workspace/world_model_phys/PHYS/world_model_phys/local_assets/data/physion/generated_v5/converted_stage1_v1/03494_roll_orbit_right_60_seed42494,roll,orbit_right_60,42494
03763_roll_orbit_right_60_seed42763,/home/nvme04/workspace/world_model_phys/PHYS/world_model_phys/local_assets/data/physion/generated_v5/converted_stage1_v1/03763_roll_orbit_right_60_seed42763,roll,orbit_right_60,42763
02021_drop_orbit_left_72_seed41021,/home/nvme04/workspace/world_model_phys/PHYS/world_model_phys/local_assets/data/physion/generated_v5/converted_stage1_v1/02021_drop_orbit_left_72_seed41021,drop,orbit_left_72,41021
01228_drop_orbit_left_72_seed40228,/home/nvme04/workspace/world_model_phys/PHYS/world_model_phys/local_assets/data/physion/generated_v5/converted_stage1_v1/01228_drop_orbit_left_72_seed40228,drop,orbit_left_72,40228
01270_drop_orbit_left_72_seed40270,/home/nvme04/workspace/world_model_phys/PHYS/world_model_phys/local_assets/data/physion/generated_v5/converted_stage1_v1/01270_drop_orbit_left_72_seed40270,drop,orbit_left_72,40270
01067_drop_orbit_left_72_seed40067,/home/nvme04/workspace/world_model_phys/PHYS/world_model_phys/local_assets/data/physion/generated_v5/converted_stage1_v1/01067_drop_orbit_left_72_seed40067,drop,orbit_left_72,40067
02482_collision_orbit_right_64_seed41482,/home/nvme04/workspace/world_model_phys/PHYS/world_model_phys/local_assets/data/physion/generated_v5/converted_stage1_v1/02482_collision_orbit_right_64_seed41482,collision,orbit_right_64,41482
01690_drop_orbit_left_72_seed40690,/home/nvme04/workspace/world_model_phys/PHYS/world_model_phys/local_assets/data/physion/generated_v5/converted_stage1_v1/01690_drop_orbit_left_72_seed40690,drop,orbit_left_72,40690
02101_drop_orbit_left_72_seed41101,/home/nvme04/workspace/world_model_phys/PHYS/world_model_phys/local_assets/data/physion/generated_v5/converted_stage1_v1/02101_drop_orbit_left_72_seed41101,drop,orbit_left_72,41101
03924_roll_orbit_right_60_seed42924,/home/nvme04/workspace/world_model_phys/PHYS/world_model_phys/local_assets/data/physion/generated_v5/converted_stage1_v1/03924_roll_orbit_right_60_seed42924,roll,orbit_right_60,42924
02805_collision_strafe_left_180_seed41805,/home/nvme04/workspace/world_model_phys/PHYS/world_model_phys/local_assets/data/physion/generated_v5/converted_stage1_v1/02805_collision_strafe_left_180_seed41805,collision,strafe_left_180,41805
02541_collision_strafe_left_180_seed41541,/home/nvme04/workspace/world_model_phys/PHYS/world_model_phys/local_assets/data/physion/generated_v5/converted_stage1_v1/02541_collision_strafe_left_180_seed41541,collision,strafe_left_180,41541
01129_drop_orbit_left_72_seed40129,/home/nvme04/workspace/world_model_phys/PHYS/world_model_phys/local_assets/data/physion/generated_v5/converted_stage1_v1/01129_drop_orbit_left_72_seed40129,drop,orbit_left_72,40129
02549_collision_strafe_left_180_seed41549,/home/nvme04/workspace/world_model_phys/PHYS/world_model_phys/local_assets/data/physion/generated_v5/converted_stage1_v1/02549_collision_strafe_left_180_seed41549,collision,strafe_left_180,41549
01829_drop_orbit_left_72_seed40829,/home/nvme04/workspace/world_model_phys/PHYS/world_model_phys/local_assets/data/physion/generated_v5/converted_stage1_v1/01829_drop_orbit_left_72_seed40829,drop,orbit_left_72,40829
01892_drop_orbit_left_72_seed40892,/home/nvme04/workspace/world_model_phys/PHYS/world_model_phys/local_assets/data/physion/generated_v5/converted_stage1_v1/01892_drop_orbit_left_72_seed40892,drop,orbit_left_72,40892
04227_containment_orbit_left_44_seed43227,/home/nvme04/workspace/world_model_phys/PHYS/world_model_phys/local_assets/data/physion/generated_v5/converted_stage1_v1/04227_containment_orbit_left_44_seed43227,containment,orbit_left_44,43227
01342_drop_orbit_left_72_seed40342,/home/nvme04/workspace/world_model_phys/PHYS/world_model_phys/local_assets/data/physion/generated_v5/converted_stage1_v1/01342_drop_orbit_left_72_seed40342,drop,orbit_left_72,40342
03336_collision_orbit_right_64_seed42336,/home/nvme04/workspace/world_model_phys/PHYS/world_model_phys/local_assets/data/physion/generated_v5/converted_stage1_v1/03336_collision_orbit_right_64_seed42336,collision,orbit_right_64,42336
01828_drop_orbit_left_72_seed40828,/home/nvme04/workspace/world_model_phys/PHYS/world_model_phys/local_assets/data/physion/generated_v5/converted_stage1_v1/01828_drop_orbit_left_72_seed40828,drop,orbit_left_72,40828
03995_roll_orbit_right_60_seed42995,/home/nvme04/workspace/world_model_phys/PHYS/world_model_phys/local_assets/data/physion/generated_v5/converted_stage1_v1/03995_roll_orbit_right_60_seed42995,roll,orbit_right_60,42995
03634_roll_orbit_right_60_seed42634,/home/nvme04/workspace/world_model_phys/PHYS/world_model_phys/local_assets/data/physion/generated_v5/converted_stage1_v1/03634_roll_orbit_right_60_seed42634,roll,orbit_right_60,42634
01249_drop_orbit_left_72_seed40249,/home/nvme04/workspace/world_model_phys/PHYS/world_model_phys/local_assets/data/physion/generated_v5/converted_stage1_v1/01249_drop_orbit_left_72_seed40249,drop,orbit_left_72,40249
02819_collision_strafe_left_180_seed41819,/home/nvme04/workspace/world_model_phys/PHYS/world_model_phys/local_assets/data/physion/generated_v5/converted_stage1_v1/02819_collision_strafe_left_180_seed41819,collision,strafe_left_180,41819
04029_roll_orbit_right_60_seed43029,/home/nvme04/workspace/world_model_phys/PHYS/world_model_phys/local_assets/data/physion/generated_v5/converted_stage1_v1/04029_roll_orbit_right_60_seed43029,roll,orbit_right_60,43029
01133_drop_orbit_left_72_seed40133,/home/nvme04/workspace/world_model_phys/PHYS/world_model_phys/local_assets/data/physion/generated_v5/converted_stage1_v1/01133_drop_orbit_left_72_seed40133,drop,orbit_left_72,40133
03201_collision_strafe_left_180_seed42201,/home/nvme04/workspace/world_model_phys/PHYS/world_model_phys/local_assets/data/physion/generated_v5/converted_stage1_v1/03201_collision_strafe_left_180_seed42201,collision,strafe_left_180,42201
01063_drop_orbit_left_72_seed40063,/home/nvme04/workspace/world_model_phys/PHYS/world_model_phys/local_assets/data/physion/generated_v5/converted_stage1_v1/01063_drop_orbit_left_72_seed40063,drop,orbit_left_72,40063
04212_containment_orbit_left_44_seed43212,/home/nvme04/workspace/world_model_phys/PHYS/world_model_phys/local_assets/data/physion/generated_v5/converted_stage1_v1/04212_containment_orbit_left_44_seed43212,containment,orbit_left_44,43212
01489_drop_orbit_left_72_seed40489,/home/nvme04/workspace/world_model_phys/PHYS/world_model_phys/local_assets/data/physion/generated_v5/converted_stage1_v1/01489_drop_orbit_left_72_seed40489,drop,orbit_left_72,40489
01779_drop_orbit_left_72_seed40779,/home/nvme04/workspace/world_model_phys/PHYS/world_model_phys/local_assets/data/physion/generated_v5/converted_stage1_v1/01779_drop_orbit_left_72_seed40779,drop,orbit_left_72,40779
01696_drop_orbit_left_72_seed40696,/home/nvme04/workspace/world_model_phys/PHYS/world_model_phys/local_assets/data/physion/generated_v5/converted_stage1_v1/01696_drop_orbit_left_72_seed40696,drop,orbit_left_72,40696
04098_roll_orbit_right_60_seed43098,/home/nvme04/workspace/world_model_phys/PHYS/world_model_phys/local_assets/data/physion/generated_v5/converted_stage1_v1/04098_roll_orbit_right_60_seed43098,roll,orbit_right_60,43098
01325_drop_orbit_left_72_seed40325,/home/nvme04/workspace/world_model_phys/PHYS/world_model_phys/local_assets/data/physion/generated_v5/converted_stage1_v1/01325_drop_orbit_left_72_seed40325,drop,orbit_left_72,40325
04008_roll_orbit_right_60_seed43008,/home/nvme04/workspace/world_model_phys/PHYS/world_model_phys/local_assets/data/physion/generated_v5/converted_stage1_v1/04008_roll_orbit_right_60_seed43008,roll,orbit_right_60,43008
03280_collision_orbit_right_64_seed42280,/home/nvme04/workspace/world_model_phys/PHYS/world_model_phys/local_assets/data/physion/generated_v5/converted_stage1_v1/03280_collision_orbit_right_64_seed42280,collision,orbit_right_64,42280
03935_roll_orbit_right_60_seed42935,/home/nvme04/workspace/world_model_phys/PHYS/world_model_phys/local_assets/data/physion/generated_v5/converted_stage1_v1/03935_roll_orbit_right_60_seed42935,roll,orbit_right_60,42935
02755_collision_strafe_left_180_seed41755,/home/nvme04/workspace/world_model_phys/PHYS/world_model_phys/local_assets/data/physion/generated_v5/converted_stage1_v1/02755_collision_strafe_left_180_seed41755,collision,strafe_left_180,41755
02239_collision_strafe_left_180_seed41239,/home/nvme04/workspace/world_model_phys/PHYS/world_model_phys/local_assets/data/physion/generated_v5/converted_stage1_v1/02239_collision_strafe_left_180_seed41239,collision,strafe_left_180,41239
03326_collision_orbit_right_64_seed42326,/home/nvme04/workspace/world_model_phys/PHYS/world_model_phys/local_assets/data/physion/generated_v5/converted_stage1_v1/03326_collision_orbit_right_64_seed42326,collision,orbit_right_64,42326
01766_drop_orbit_left_72_seed40766,/home/nvme04/workspace/world_model_phys/PHYS/world_model_phys/local_assets/data/physion/generated_v5/converted_stage1_v1/01766_drop_orbit_left_72_seed40766,drop,orbit_left_72,40766
03647_roll_orbit_right_60_seed42647,/home/nvme04/workspace/world_model_phys/PHYS/world_model_phys/local_assets/data/physion/generated_v5/converted_stage1_v1/03647_roll_orbit_right_60_seed42647,roll,orbit_right_60,42647
02471_collision_strafe_left_180_seed41471,/home/nvme04/workspace/world_model_phys/PHYS/world_model_phys/local_assets/data/physion/generated_v5/converted_stage1_v1/02471_collision_strafe_left_180_seed41471,collision,strafe_left_180,41471
02133_drop_orbit_left_72_seed41133,/home/nvme04/workspace/world_model_phys/PHYS/world_model_phys/local_assets/data/physion/generated_v5/converted_stage1_v1/02133_drop_orbit_left_72_seed41133,drop,orbit_left_72,41133
03099_collision_strafe_left_180_seed42099,/home/nvme04/workspace/world_model_phys/PHYS/world_model_phys/local_assets/data/physion/generated_v5/converted_stage1_v1/03099_collision_strafe_left_180_seed42099,collision,strafe_left_180,42099
03330_collision_orbit_right_64_seed42330,/home/nvme04/workspace/world_model_phys/PHYS/world_model_phys/local_assets/data/physion/generated_v5/converted_stage1_v1/03330_collision_orbit_right_64_seed42330,collision,orbit_right_64,42330
04287_containment_orbit_left_44_seed43287,/home/nvme04/workspace/world_model_phys/PHYS/world_model_phys/local_assets/data/physion/generated_v5/converted_stage1_v1/04287_containment_orbit_left_44_seed43287,containment,orbit_left_44,43287
01471_drop_orbit_left_72_seed40471,/home/nvme04/workspace/world_model_phys/PHYS/world_model_phys/local_assets/data/physion/generated_v5/converted_stage1_v1/01471_drop_orbit_left_72_seed40471,drop,orbit_left_72,40471
03921_roll_orbit_right_60_seed42921,/home/nvme04/workspace/world_model_phys/PHYS/world_model_phys/local_assets/data/physion/generated_v5/converted_stage1_v1/03921_roll_orbit_right_60_seed42921,roll,orbit_right_60,42921
04393_containment_orbit_left_44_seed43393,/home/nvme04/workspace/world_model_phys/PHYS/world_model_phys/local_assets/data/physion/generated_v5/converted_stage1_v1/04393_containment_orbit_left_44_seed43393,containment,orbit_left_44,43393
01157_drop_orbit_left_72_seed40157,/home/nvme04/workspace/world_model_phys/PHYS/world_model_phys/local_assets/data/physion/generated_v5/converted_stage1_v1/01157_drop_orbit_left_72_seed40157,drop,orbit_left_72,40157
02779_collision_strafe_left_180_seed41779,/home/nvme04/workspace/world_model_phys/PHYS/world_model_phys/local_assets/data/physion/generated_v5/converted_stage1_v1/02779_collision_strafe_left_180_seed41779,collision,strafe_left_180,41779
02430_collision_orbit_right_64_seed41430,/home/nvme04/workspace/world_model_phys/PHYS/world_model_phys/local_assets/data/physion/generated_v5/converted_stage1_v1/02430_collision_orbit_right_64_seed41430,collision,orbit_right_64,41430
03496_roll_orbit_right_60_seed42496,/home/nvme04/workspace/world_model_phys/PHYS/world_model_phys/local_assets/data/physion/generated_v5/converted_stage1_v1/03496_roll_orbit_right_60_seed42496,roll,orbit_right_60,42496
01470_drop_orbit_left_72_seed40470,/home/nvme04/workspace/world_model_phys/PHYS/world_model_phys/local_assets/data/physion/generated_v5/converted_stage1_v1/01470_drop_orbit_left_72_seed40470,drop,orbit_left_72,40470
02316_collision_orbit_right_64_seed41316,/home/nvme04/workspace/world_model_phys/PHYS/world_model_phys/local_assets/data/physion/generated_v5/converted_stage1_v1/02316_collision_orbit_right_64_seed41316,collision,orbit_right_64,41316
02887_collision_strafe_left_180_seed41887,/home/nvme04/workspace/world_model_phys/PHYS/world_model_phys/local_assets/data/physion/generated_v5/converted_stage1_v1/02887_collision_strafe_left_180_seed41887,collision,strafe_left_180,41887
02448_collision_orbit_right_64_seed41448,/home/nvme04/workspace/world_model_phys/PHYS/world_model_phys/local_assets/data/physion/generated_v5/converted_stage1_v1/02448_collision_orbit_right_64_seed41448,collision,orbit_right_64,41448
02712_collision_orbit_right_64_seed41712,/home/nvme04/workspace/world_model_phys/PHYS/world_model_phys/local_assets/data/physion/generated_v5/converted_stage1_v1/02712_collision_orbit_right_64_seed41712,collision,orbit_right_64,41712
03128_collision_orbit_right_64_seed42128,/home/nvme04/workspace/world_model_phys/PHYS/world_model_phys/local_assets/data/physion/generated_v5/converted_stage1_v1/03128_collision_orbit_right_64_seed42128,collision,orbit_right_64,42128
02748_collision_orbit_right_64_seed41748,/home/nvme04/workspace/world_model_phys/PHYS/world_model_phys/local_assets/data/physion/generated_v5/converted_stage1_v1/02748_collision_orbit_right_64_seed41748,collision,orbit_right_64,41748
03792_roll_orbit_right_60_seed42792,/home/nvme04/workspace/world_model_phys/PHYS/world_model_phys/local_assets/data/physion/generated_v5/converted_stage1_v1/03792_roll_orbit_right_60_seed42792,roll,orbit_right_60,42792
02625_collision_strafe_left_180_seed41625,/home/nvme04/workspace/world_model_phys/PHYS/world_model_phys/local_assets/data/physion/generated_v5/converted_stage1_v1/02625_collision_strafe_left_180_seed41625,collision,strafe_left_180,41625
01880_drop_orbit_left_72_seed40880,/home/nvme04/workspace/world_model_phys/PHYS/world_model_phys/local_assets/data/physion/generated_v5/converted_stage1_v1/01880_drop_orbit_left_72_seed40880,drop,orbit_left_72,40880
01980_drop_orbit_left_72_seed40980,/home/nvme04/workspace/world_model_phys/PHYS/world_model_phys/local_assets/data/physion/generated_v5/converted_stage1_v1/01980_drop_orbit_left_72_seed40980,drop,orbit_left_72,40980
02036_drop_orbit_left_72_seed41036,/home/nvme04/workspace/world_model_phys/PHYS/world_model_phys/local_assets/data/physion/generated_v5/converted_stage1_v1/02036_drop_orbit_left_72_seed41036,drop,orbit_left_72,41036
03931_roll_orbit_right_60_seed42931,/home/nvme04/workspace/world_model_phys/PHYS/world_model_phys/local_assets/data/physion/generated_v5/converted_stage1_v1/03931_roll_orbit_right_60_seed42931,roll,orbit_right_60,42931
01409_drop_orbit_left_72_seed40409,/home/nvme04/workspace/world_model_phys/PHYS/world_model_phys/local_assets/data/physion/generated_v5/converted_stage1_v1/01409_drop_orbit_left_72_seed40409,drop,orbit_left_72,40409
01757_drop_orbit_left_72_seed40757,/home/nvme04/workspace/world_model_phys/PHYS/world_model_phys/local_assets/data/physion/generated_v5/converted_stage1_v1/01757_drop_orbit_left_72_seed40757,drop,orbit_left_72,40757
01435_drop_orbit_left_72_seed40435,/home/nvme04/workspace/world_model_phys/PHYS/world_model_phys/local_assets/data/physion/generated_v5/converted_stage1_v1/01435_drop_orbit_left_72_seed40435,drop,orbit_left_72,40435
03169_collision_strafe_left_180_seed42169,/home/nvme04/workspace/world_model_phys/PHYS/world_model_phys/local_assets/data/physion/generated_v5/converted_stage1_v1/03169_collision_strafe_left_180_seed42169,collision,strafe_left_180,42169
03597_roll_orbit_right_60_seed42597,/home/nvme04/workspace/world_model_phys/PHYS/world_model_phys/local_assets/data/physion/generated_v5/converted_stage1_v1/03597_roll_orbit_right_60_seed42597,roll,orbit_right_60,42597
03885_roll_orbit_right_60_seed42885,/home/nvme04/workspace/world_model_phys/PHYS/world_model_phys/local_assets/data/physion/generated_v5/converted_stage1_v1/03885_roll_orbit_right_60_seed42885,roll,orbit_right_60,42885
04321_containment_orbit_left_44_seed43321,/home/nvme04/workspace/world_model_phys/PHYS/world_model_phys/local_assets/data/physion/generated_v5/converted_stage1_v1/04321_containment_orbit_left_44_seed43321,containment,orbit_left_44,43321
02030_drop_orbit_left_72_seed41030,/home/nvme04/workspace/world_model_phys/PHYS/world_model_phys/local_assets/data/physion/generated_v5/converted_stage1_v1/02030_drop_orbit_left_72_seed41030,drop,orbit_left_72,41030
04259_containment_orbit_left_44_seed43259,/home/nvme04/workspace/world_model_phys/PHYS/world_model_phys/local_assets/data/physion/generated_v5/converted_stage1_v1/04259_containment_orbit_left_44_seed43259,containment,orbit_left_44,43259
03446_roll_orbit_right_60_seed42446,/home/nvme04/workspace/world_model_phys/PHYS/world_model_phys/local_assets/data/physion/generated_v5/converted_stage1_v1/03446_roll_orbit_right_60_seed42446,roll,orbit_right_60,42446
01605_drop_orbit_left_72_seed40605,/home/nvme04/workspace/world_model_phys/PHYS/world_model_phys/local_assets/data/physion/generated_v5/converted_stage1_v1/01605_drop_orbit_left_72_seed40605,drop,orbit_left_72,40605
01416_drop_orbit_left_72_seed40416,/home/nvme04/workspace/world_model_phys/PHYS/world_model_phys/local_assets/data/physion/generated_v5/converted_stage1_v1/01416_drop_orbit_left_72_seed40416,drop,orbit_left_72,40416
01186_drop_orbit_left_72_seed40186,/home/nvme04/workspace/world_model_phys/PHYS/world_model_phys/local_assets/data/physion/generated_v5/converted_stage1_v1/01186_drop_orbit_left_72_seed40186,drop,orbit_left_72,40186
02389_collision_strafe_left_180_seed41389,/home/nvme04/workspace/world_model_phys/PHYS/world_model_phys/local_assets/data/physion/generated_v5/converted_stage1_v1/02389_collision_strafe_left_180_seed41389,collision,strafe_left_180,41389
03946_roll_orbit_right_60_seed42946,/home/nvme04/workspace/world_model_phys/PHYS/world_model_phys/local_assets/data/physion/generated_v5/converted_stage1_v1/03946_roll_orbit_right_60_seed42946,roll,orbit_right_60,42946
01917_drop_orbit_left_72_seed40917,/home/nvme04/workspace/world_model_phys/PHYS/world_model_phys/local_assets/data/physion/generated_v5/converted_stage1_v1/01917_drop_orbit_left_72_seed40917,drop,orbit_left_72,40917
01989_drop_orbit_left_72_seed40989,/home/nvme04/workspace/world_model_phys/PHYS/world_model_phys/local_assets/data/physion/generated_v5/converted_stage1_v1/01989_drop_orbit_left_72_seed40989,drop,orbit_left_72,40989
01468_drop_orbit_left_72_seed40468,/home/nvme04/workspace/world_model_phys/PHYS/world_model_phys/local_assets/data/physion/generated_v5/converted_stage1_v1/01468_drop_orbit_left_72_seed40468,drop,orbit_left_72,40468
04363_containment_orbit_left_44_seed43363,/home/nvme04/workspace/world_model_phys/PHYS/world_model_phys/local_assets/data/physion/generated_v5/converted_stage1_v1/04363_containment_orbit_left_44_seed43363,containment,orbit_left_44,43363
01752_drop_orbit_left_72_seed40752,/home/nvme04/workspace/world_model_phys/PHYS/world_model_phys/local_assets/data/physion/generated_v5/converted_stage1_v1/01752_drop_orbit_left_72_seed40752,drop,orbit_left_72,40752
01267_drop_orbit_left_72_seed40267,/home/nvme04/workspace/world_model_phys/PHYS/world_model_phys/local_assets/data/physion/generated_v5/converted_stage1_v1/01267_drop_orbit_left_72_seed40267,drop,orbit_left_72,40267
03195_collision_strafe_left_180_seed42195,/home/nvme04/workspace/world_model_phys/PHYS/world_model_phys/local_assets/data/physion/generated_v5/converted_stage1_v1/03195_collision_strafe_left_180_seed42195,collision,strafe_left_180,42195
04235_containment_orbit_left_44_seed43235,/home/nvme04/workspace/world_model_phys/PHYS/world_model_phys/local_assets/data/physion/generated_v5/converted_stage1_v1/04235_containment_orbit_left_44_seed43235,containment,orbit_left_44,43235
03017_collision_strafe_left_180_seed42017,/home/nvme04/workspace/world_model_phys/PHYS/world_model_phys/local_assets/data/physion/generated_v5/converted_stage1_v1/03017_collision_strafe_left_180_seed42017,collision,strafe_left_180,42017
01522_drop_orbit_left_72_seed40522,/home/nvme04/workspace/world_model_phys/PHYS/world_model_phys/local_assets/data/physion/generated_v5/converted_stage1_v1/01522_drop_orbit_left_72_seed40522,drop,orbit_left_72,40522
03546_roll_orbit_right_60_seed42546,/home/nvme04/workspace/world_model_phys/PHYS/world_model_phys/local_assets/data/physion/generated_v5/converted_stage1_v1/03546_roll_orbit_right_60_seed42546,roll,orbit_right_60,42546
04264_containment_orbit_left_44_seed43264,/home/nvme04/workspace/world_model_phys/PHYS/world_model_phys/local_assets/data/physion/generated_v5/converted_stage1_v1/04264_containment_orbit_left_44_seed43264,containment,orbit_left_44,43264
02414_collision_orbit_right_64_seed41414,/home/nvme04/workspace/world_model_phys/PHYS/world_model_phys/local_assets/data/physion/generated_v5/converted_stage1_v1/02414_collision_orbit_right_64_seed41414,collision,orbit_right_64,41414
01224_drop_orbit_left_72_seed40224,/home/nvme04/workspace/world_model_phys/PHYS/world_model_phys/local_assets/data/physion/generated_v5/converted_stage1_v1/01224_drop_orbit_left_72_seed40224,drop,orbit_left_72,40224
02641_collision_strafe_left_180_seed41641,/home/nvme04/workspace/world_model_phys/PHYS/world_model_phys/local_assets/data/physion/generated_v5/converted_stage1_v1/02641_collision_strafe_left_180_seed41641,collision,strafe_left_180,41641
01936_drop_orbit_left_72_seed40936,/home/nvme04/workspace/world_model_phys/PHYS/world_model_phys/local_assets/data/physion/generated_v5/converted_stage1_v1/01936_drop_orbit_left_72_seed40936,drop,orbit_left_72,40936
03302_collision_orbit_right_64_seed42302,/home/nvme04/workspace/world_model_phys/PHYS/world_model_phys/local_assets/data/physion/generated_v5/converted_stage1_v1/03302_collision_orbit_right_64_seed42302,collision,orbit_right_64,42302
03585_roll_orbit_right_60_seed42585,/home/nvme04/workspace/world_model_phys/PHYS/world_model_phys/local_assets/data/physion/generated_v5/converted_stage1_v1/03585_roll_orbit_right_60_seed42585,roll,orbit_right_60,42585
03187_collision_strafe_left_180_seed42187,/home/nvme04/workspace/world_model_phys/PHYS/world_model_phys/local_assets/data/physion/generated_v5/converted_stage1_v1/03187_collision_strafe_left_180_seed42187,collision,strafe_left_180,42187
03097_collision_strafe_left_180_seed42097,/home/nvme04/workspace/world_model_phys/PHYS/world_model_phys/local_assets/data/physion/generated_v5/converted_stage1_v1/03097_collision_strafe_left_180_seed42097,collision,strafe_left_180,42097
01526_drop_orbit_left_72_seed40526,/home/nvme04/workspace/world_model_phys/PHYS/world_model_phys/local_assets/data/physion/generated_v5/converted_stage1_v1/01526_drop_orbit_left_72_seed40526,drop,orbit_left_72,40526
01553_drop_orbit_left_72_seed40553,/home/nvme04/workspace/world_model_phys/PHYS/world_model_phys/local_assets/data/physion/generated_v5/converted_stage1_v1/01553_drop_orbit_left_72_seed40553,drop,orbit_left_72,40553
01057_drop_orbit_left_72_seed40057,/home/nvme04/workspace/world_model_phys/PHYS/world_model_phys/local_assets/data/physion/generated_v5/converted_stage1_v1/01057_drop_orbit_left_72_seed40057,drop,orbit_left_72,40057
03030_collision_orbit_right_64_seed42030,/home/nvme04/workspace/world_model_phys/PHYS/world_model_phys/local_assets/data/physion/generated_v5/converted_stage1_v1/03030_collision_orbit_right_64_seed42030,collision,orbit_right_64,42030
02532_collision_orbit_right_64_seed41532,/home/nvme04/workspace/world_model_phys/PHYS/world_model_phys/local_assets/data/physion/generated_v5/converted_stage1_v1/02532_collision_orbit_right_64_seed41532,collision,orbit_right_64,41532
01366_drop_orbit_left_72_seed40366,/home/nvme04/workspace/world_model_phys/PHYS/world_model_phys/local_assets/data/physion/generated_v5/converted_stage1_v1/01366_drop_orbit_left_72_seed40366,drop,orbit_left_72,40366
01024_drop_orbit_left_72_seed40024,/home/nvme04/workspace/world_model_phys/PHYS/world_model_phys/local_assets/data/physion/generated_v5/converted_stage1_v1/01024_drop_orbit_left_72_seed40024,drop,orbit_left_72,40024
02756_collision_orbit_right_64_seed41756,/home/nvme04/workspace/world_model_phys/PHYS/world_model_phys/local_assets/data/physion/generated_v5/converted_stage1_v1/02756_collision_orbit_right_64_seed41756,collision,orbit_right_64,41756
02913_collision_strafe_left_180_seed41913,/home/nvme04/workspace/world_model_phys/PHYS/world_model_phys/local_assets/data/physion/generated_v5/converted_stage1_v1/02913_collision_strafe_left_180_seed41913,collision,strafe_left_180,41913
03374_collision_orbit_right_64_seed42374,/home/nvme04/workspace/world_model_phys/PHYS/world_model_phys/local_assets/data/physion/generated_v5/converted_stage1_v1/03374_collision_orbit_right_64_seed42374,collision,orbit_right_64,42374
01250_drop_orbit_left_72_seed40250,/home/nvme04/workspace/world_model_phys/PHYS/world_model_phys/local_assets/data/physion/generated_v5/converted_stage1_v1/01250_drop_orbit_left_72_seed40250,drop,orbit_left_72,40250
04088_roll_orbit_right_60_seed43088,/home/nvme04/workspace/world_model_phys/PHYS/world_model_phys/local_assets/data/physion/generated_v5/converted_stage1_v1/04088_roll_orbit_right_60_seed43088,roll,orbit_right_60,43088
03928_roll_orbit_right_60_seed42928,/home/nvme04/workspace/world_model_phys/PHYS/world_model_phys/local_assets/data/physion/generated_v5/converted_stage1_v1/03928_roll_orbit_right_60_seed42928,roll,orbit_right_60,42928
02574_collision_orbit_right_64_seed41574,/home/nvme04/workspace/world_model_phys/PHYS/world_model_phys/local_assets/data/physion/generated_v5/converted_stage1_v1/02574_collision_orbit_right_64_seed41574,collision,orbit_right_64,41574
02691_collision_strafe_left_180_seed41691,/home/nvme04/workspace/world_model_phys/PHYS/world_model_phys/local_assets/data/physion/generated_v5/converted_stage1_v1/02691_collision_strafe_left_180_seed41691,collision,strafe_left_180,41691
02063_drop_orbit_left_72_seed41063,/home/nvme04/workspace/world_model_phys/PHYS/world_model_phys/local_assets/data/physion/generated_v5/converted_stage1_v1/02063_drop_orbit_left_72_seed41063,drop,orbit_left_72,41063
04017_roll_orbit_right_60_seed43017,/home/nvme04/workspace/world_model_phys/PHYS/world_model_phys/local_assets/data/physion/generated_v5/converted_stage1_v1/04017_roll_orbit_right_60_seed43017,roll,orbit_right_60,43017
02621_collision_strafe_left_180_seed41621,/home/nvme04/workspace/world_model_phys/PHYS/world_model_phys/local_assets/data/physion/generated_v5/converted_stage1_v1/02621_collision_strafe_left_180_seed41621,collision,strafe_left_180,41621
02992_collision_orbit_right_64_seed41992,/home/nvme04/workspace/world_model_phys/PHYS/world_model_phys/local_assets/data/physion/generated_v5/converted_stage1_v1/02992_collision_orbit_right_64_seed41992,collision,orbit_right_64,41992
02513_collision_strafe_left_180_seed41513,/home/nvme04/workspace/world_model_phys/PHYS/world_model_phys/local_assets/data/physion/generated_v5/converted_stage1_v1/02513_collision_strafe_left_180_seed41513,collision,strafe_left_180,41513
01914_drop_orbit_left_72_seed40914,/home/nvme04/workspace/world_model_phys/PHYS/world_model_phys/local_assets/data/physion/generated_v5/converted_stage1_v1/01914_drop_orbit_left_72_seed40914,drop,orbit_left_72,40914
02180_drop_orbit_left_72_seed41180,/home/nvme04/workspace/world_model_phys/PHYS/world_model_phys/local_assets/data/physion/generated_v5/converted_stage1_v1/02180_drop_orbit_left_72_seed41180,drop,orbit_left_72,41180
03493_roll_orbit_right_60_seed42493,/home/nvme04/workspace/world_model_phys/PHYS/world_model_phys/local_assets/data/physion/generated_v5/converted_stage1_v1/03493_roll_orbit_right_60_seed42493,roll,orbit_right_60,42493
04058_roll_orbit_right_60_seed43058,/home/nvme04/workspace/world_model_phys/PHYS/world_model_phys/local_assets/data/physion/generated_v5/converted_stage1_v1/04058_roll_orbit_right_60_seed43058,roll,orbit_right_60,43058
03503_roll_orbit_right_60_seed42503,/home/nvme04/workspace/world_model_phys/PHYS/world_model_phys/local_assets/data/physion/generated_v5/converted_stage1_v1/03503_roll_orbit_right_60_seed42503,roll,orbit_right_60,42503
02516_collision_orbit_right_64_seed41516,/home/nvme04/workspace/world_model_phys/PHYS/world_model_phys/local_assets/data/physion/generated_v5/converted_stage1_v1/02516_collision_orbit_right_64_seed41516,collision,orbit_right_64,41516
01821_drop_orbit_left_72_seed40821,/home/nvme04/workspace/world_model_phys/PHYS/world_model_phys/local_assets/data/physion/generated_v5/converted_stage1_v1/01821_drop_orbit_left_72_seed40821,drop,orbit_left_72,40821
01154_drop_orbit_left_72_seed40154,/home/nvme04/workspace/world_model_phys/PHYS/world_model_phys/local_assets/data/physion/generated_v5/converted_stage1_v1/01154_drop_orbit_left_72_seed40154,drop,orbit_left_72,40154
02402_collision_orbit_right_64_seed41402,/home/nvme04/workspace/world_model_phys/PHYS/world_model_phys/local_assets/data/physion/generated_v5/converted_stage1_v1/02402_collision_orbit_right_64_seed41402,collision,orbit_right_64,41402
03961_roll_orbit_right_60_seed42961,/home/nvme04/workspace/world_model_phys/PHYS/world_model_phys/local_assets/data/physion/generated_v5/converted_stage1_v1/03961_roll_orbit_right_60_seed42961,roll,orbit_right_60,42961
01337_drop_orbit_left_72_seed40337,/home/nvme04/workspace/world_model_phys/PHYS/world_model_phys/local_assets/data/physion/generated_v5/converted_stage1_v1/01337_drop_orbit_left_72_seed40337,drop,orbit_left_72,40337
03729_roll_orbit_right_60_seed42729,/home/nvme04/workspace/world_model_phys/PHYS/world_model_phys/local_assets/data/physion/generated_v5/converted_stage1_v1/03729_roll_orbit_right_60_seed42729,roll,orbit_right_60,42729
03967_roll_orbit_right_60_seed42967,/home/nvme04/workspace/world_model_phys/PHYS/world_model_phys/local_assets/data/physion/generated_v5/converted_stage1_v1/03967_roll_orbit_right_60_seed42967,roll,orbit_right_60,42967
02571_collision_strafe_left_180_seed41571,/home/nvme04/workspace/world_model_phys/PHYS/world_model_phys/local_assets/data/physion/generated_v5/converted_stage1_v1/02571_collision_strafe_left_180_seed41571,collision,strafe_left_180,41571
01211_drop_orbit_left_72_seed40211,/home/nvme04/workspace/world_model_phys/PHYS/world_model_phys/local_assets/data/physion/generated_v5/converted_stage1_v1/01211_drop_orbit_left_72_seed40211,drop,orbit_left_72,40211
02009_drop_orbit_left_72_seed41009,/home/nvme04/workspace/world_model_phys/PHYS/world_model_phys/local_assets/data/physion/generated_v5/converted_stage1_v1/02009_drop_orbit_left_72_seed41009,drop,orbit_left_72,41009
03664_roll_orbit_right_60_seed42664,/home/nvme04/workspace/world_model_phys/PHYS/world_model_phys/local_assets/data/physion/generated_v5/converted_stage1_v1/03664_roll_orbit_right_60_seed42664,roll,orbit_right_60,42664
04084_roll_orbit_right_60_seed43084,/home/nvme04/workspace/world_model_phys/PHYS/world_model_phys/local_assets/data/physion/generated_v5/converted_stage1_v1/04084_roll_orbit_right_60_seed43084,roll,orbit_right_60,43084
03756_roll_orbit_right_60_seed42756,/home/nvme04/workspace/world_model_phys/PHYS/world_model_phys/local_assets/data/physion/generated_v5/converted_stage1_v1/03756_roll_orbit_right_60_seed42756,roll,orbit_right_60,42756
02774_collision_orbit_right_64_seed41774,/home/nvme04/workspace/world_model_phys/PHYS/world_model_phys/local_assets/data/physion/generated_v5/converted_stage1_v1/02774_collision_orbit_right_64_seed41774,collision,orbit_right_64,41774
04221_containment_orbit_left_44_seed43221,/home/nvme04/workspace/world_model_phys/PHYS/world_model_phys/local_assets/data/physion/generated_v5/converted_stage1_v1/04221_containment_orbit_left_44_seed43221,containment,orbit_left_44,43221
03213_collision_strafe_left_180_seed42213,/home/nvme04/workspace/world_model_phys/PHYS/world_model_phys/local_assets/data/physion/generated_v5/converted_stage1_v1/03213_collision_strafe_left_180_seed42213,collision,strafe_left_180,42213
03633_roll_orbit_right_60_seed42633,/home/nvme04/workspace/world_model_phys/PHYS/world_model_phys/local_assets/data/physion/generated_v5/converted_stage1_v1/03633_roll_orbit_right_60_seed42633,roll,orbit_right_60,42633
02851_collision_strafe_left_180_seed41851,/home/nvme04/workspace/world_model_phys/PHYS/world_model_phys/local_assets/data/physion/generated_v5/converted_stage1_v1/02851_collision_strafe_left_180_seed41851,collision,strafe_left_180,41851
01102_drop_orbit_left_72_seed40102,/home/nvme04/workspace/world_model_phys/PHYS/world_model_phys/local_assets/data/physion/generated_v5/converted_stage1_v1/01102_drop_orbit_left_72_seed40102,drop,orbit_left_72,40102
01939_drop_orbit_left_72_seed40939,/home/nvme04/workspace/world_model_phys/PHYS/world_model_phys/local_assets/data/physion/generated_v5/converted_stage1_v1/01939_drop_orbit_left_72_seed40939,drop,orbit_left_72,40939
02027_drop_orbit_left_72_seed41027,/home/nvme04/workspace/world_model_phys/PHYS/world_model_phys/local_assets/data/physion/generated_v5/converted_stage1_v1/02027_drop_orbit_left_72_seed41027,drop,orbit_left_72,41027
03827_roll_orbit_right_60_seed42827,/home/nvme04/workspace/world_model_phys/PHYS/world_model_phys/local_assets/data/physion/generated_v5/converted_stage1_v1/03827_roll_orbit_right_60_seed42827,roll,orbit_right_60,42827
03985_roll_orbit_right_60_seed42985,/home/nvme04/workspace/world_model_phys/PHYS/world_model_phys/local_assets/data/physion/generated_v5/converted_stage1_v1/03985_roll_orbit_right_60_seed42985,roll,orbit_right_60,42985
03790_roll_orbit_right_60_seed42790,/home/nvme04/workspace/world_model_phys/PHYS/world_model_phys/local_assets/data/physion/generated_v5/converted_stage1_v1/03790_roll_orbit_right_60_seed42790,roll,orbit_right_60,42790
01640_drop_orbit_left_72_seed40640,/home/nvme04/workspace/world_model_phys/PHYS/world_model_phys/local_assets/data/physion/generated_v5/converted_stage1_v1/01640_drop_orbit_left_72_seed40640,drop,orbit_left_72,40640
03200_collision_orbit_right_64_seed42200,/home/nvme04/workspace/world_model_phys/PHYS/world_model_phys/local_assets/data/physion/generated_v5/converted_stage1_v1/03200_collision_orbit_right_64_seed42200,collision,orbit_right_64,42200
02095_drop_orbit_left_72_seed41095,/home/nvme04/workspace/world_model_phys/PHYS/world_model_phys/local_assets/data/physion/generated_v5/converted_stage1_v1/02095_drop_orbit_left_72_seed41095,drop,orbit_left_72,41095
01547_drop_orbit_left_72_seed40547,/home/nvme04/workspace/world_model_phys/PHYS/world_model_phys/local_assets/data/physion/generated_v5/converted_stage1_v1/01547_drop_orbit_left_72_seed40547,drop,orbit_left_72,40547
04215_containment_orbit_left_44_seed43215,/home/nvme04/workspace/world_model_phys/PHYS/world_model_phys/local_assets/data/physion/generated_v5/converted_stage1_v1/04215_containment_orbit_left_44_seed43215,containment,orbit_left_44,43215
03240_collision_orbit_right_64_seed42240,/home/nvme04/workspace/world_model_phys/PHYS/world_model_phys/local_assets/data/physion/generated_v5/converted_stage1_v1/03240_collision_orbit_right_64_seed42240,collision,orbit_right_64,42240
01813_drop_orbit_left_72_seed40813,/home/nvme04/workspace/world_model_phys/PHYS/world_model_phys/local_assets/data/physion/generated_v5/converted_stage1_v1/01813_drop_orbit_left_72_seed40813,drop,orbit_left_72,40813
02852_collision_orbit_right_64_seed41852,/home/nvme04/workspace/world_model_phys/PHYS/world_model_phys/local_assets/data/physion/generated_v5/converted_stage1_v1/02852_collision_orbit_right_64_seed41852,collision,orbit_right_64,41852
01118_drop_orbit_left_72_seed40118,/home/nvme04/workspace/world_model_phys/PHYS/world_model_phys/local_assets/data/physion/generated_v5/converted_stage1_v1/01118_drop_orbit_left_72_seed40118,drop,orbit_left_72,40118
01422_drop_orbit_left_72_seed40422,/home/nvme04/workspace/world_model_phys/PHYS/world_model_phys/local_assets/data/physion/generated_v5/converted_stage1_v1/01422_drop_orbit_left_72_seed40422,drop,orbit_left_72,40422
03847_roll_orbit_right_60_seed42847,/home/nvme04/workspace/world_model_phys/PHYS/world_model_phys/local_assets/data/physion/generated_v5/converted_stage1_v1/03847_roll_orbit_right_60_seed42847,roll,orbit_right_60,42847
03975_roll_orbit_right_60_seed42975,/home/nvme04/workspace/world_model_phys/PHYS/world_model_phys/local_assets/data/physion/generated_v5/converted_stage1_v1/03975_roll_orbit_right_60_seed42975,roll,orbit_right_60,42975
03351_collision_strafe_left_180_seed42351,/home/nvme04/workspace/world_model_phys/PHYS/world_model_phys/local_assets/data/physion/generated_v5/converted_stage1_v1/03351_collision_strafe_left_180_seed42351,collision,strafe_left_180,42351
03686_roll_orbit_right_60_seed42686,/home/nvme04/workspace/world_model_phys/PHYS/world_model_phys/local_assets/data/physion/generated_v5/converted_stage1_v1/03686_roll_orbit_right_60_seed42686,roll,orbit_right_60,42686
01993_drop_orbit_left_72_seed40993,/home/nvme04/workspace/world_model_phys/PHYS/world_model_phys/local_assets/data/physion/generated_v5/converted_stage1_v1/01993_drop_orbit_left_72_seed40993,drop,orbit_left_72,40993
02123_drop_orbit_left_72_seed41123,/home/nvme04/workspace/world_model_phys/PHYS/world_model_phys/local_assets/data/physion/generated_v5/converted_stage1_v1/02123_drop_orbit_left_72_seed41123,drop,orbit_left_72,41123
02090_drop_orbit_left_72_seed41090,/home/nvme04/workspace/world_model_phys/PHYS/world_model_phys/local_assets/data/physion/generated_v5/converted_stage1_v1/02090_drop_orbit_left_72_seed41090,drop,orbit_left_72,41090
04395_containment_orbit_left_44_seed43395,/home/nvme04/workspace/world_model_phys/PHYS/world_model_phys/local_assets/data/physion/generated_v5/converted_stage1_v1/04395_containment_orbit_left_44_seed43395,containment,orbit_left_44,43395
02957_collision_strafe_left_180_seed41957,/home/nvme04/workspace/world_model_phys/PHYS/world_model_phys/local_assets/data/physion/generated_v5/converted_stage1_v1/02957_collision_strafe_left_180_seed41957,collision,strafe_left_180,41957
03183_collision_strafe_left_180_seed42183,/home/nvme04/workspace/world_model_phys/PHYS/world_model_phys/local_assets/data/physion/generated_v5/converted_stage1_v1/03183_collision_strafe_left_180_seed42183,collision,strafe_left_180,42183
02373_collision_strafe_left_180_seed41373,/home/nvme04/workspace/world_model_phys/PHYS/world_model_phys/local_assets/data/physion/generated_v5/converted_stage1_v1/02373_collision_strafe_left_180_seed41373,collision,strafe_left_180,41373
02124_drop_orbit_left_72_seed41124,/home/nvme04/workspace/world_model_phys/PHYS/world_model_phys/local_assets/data/physion/generated_v5/converted_stage1_v1/02124_drop_orbit_left_72_seed41124,drop,orbit_left_72,41124
02099_drop_orbit_left_72_seed41099,/home/nvme04/workspace/world_model_phys/PHYS/world_model_phys/local_assets/data/physion/generated_v5/converted_stage1_v1/02099_drop_orbit_left_72_seed41099,drop,orbit_left_72,41099
01725_drop_orbit_left_72_seed40725,/home/nvme04/workspace/world_model_phys/PHYS/world_model_phys/local_assets/data/physion/generated_v5/converted_stage1_v1/01725_drop_orbit_left_72_seed40725,drop,orbit_left_72,40725
01505_drop_orbit_left_72_seed40505,/home/nvme04/workspace/world_model_phys/PHYS/world_model_phys/local_assets/data/physion/generated_v5/converted_stage1_v1/01505_drop_orbit_left_72_seed40505,drop,orbit_left_72,40505
03447_roll_orbit_right_60_seed42447,/home/nvme04/workspace/world_model_phys/PHYS/world_model_phys/local_assets/data/physion/generated_v5/converted_stage1_v1/03447_roll_orbit_right_60_seed42447,roll,orbit_right_60,42447
03138_collision_orbit_right_64_seed42138,/home/nvme04/workspace/world_model_phys/PHYS/world_model_phys/local_assets/data/physion/generated_v5/converted_stage1_v1/03138_collision_orbit_right_64_seed42138,collision,orbit_right_64,42138
04038_roll_orbit_right_60_seed43038,/home/nvme04/workspace/world_model_phys/PHYS/world_model_phys/local_assets/data/physion/generated_v5/converted_stage1_v1/04038_roll_orbit_right_60_seed43038,roll,orbit_right_60,43038
03637_roll_orbit_right_60_seed42637,/home/nvme04/workspace/world_model_phys/PHYS/world_model_phys/local_assets/data/physion/generated_v5/converted_stage1_v1/03637_roll_orbit_right_60_seed42637,roll,orbit_right_60,42637
01949_drop_orbit_left_72_seed40949,/home/nvme04/workspace/world_model_phys/PHYS/world_model_phys/local_assets/data/physion/generated_v5/converted_stage1_v1/01949_drop_orbit_left_72_seed40949,drop,orbit_left_72,40949
03031_collision_strafe_left_180_seed42031,/home/nvme04/workspace/world_model_phys/PHYS/world_model_phys/local_assets/data/physion/generated_v5/converted_stage1_v1/03031_collision_strafe_left_180_seed42031,collision,strafe_left_180,42031
01392_drop_orbit_left_72_seed40392,/home/nvme04/workspace/world_model_phys/PHYS/world_model_phys/local_assets/data/physion/generated_v5/converted_stage1_v1/01392_drop_orbit_left_72_seed40392,drop,orbit_left_72,40392
01271_drop_orbit_left_72_seed40271,/home/nvme04/workspace/world_model_phys/PHYS/world_model_phys/local_assets/data/physion/generated_v5/converted_stage1_v1/01271_drop_orbit_left_72_seed40271,drop,orbit_left_72,40271
03172_collision_orbit_right_64_seed42172,/home/nvme04/workspace/world_model_phys/PHYS/world_model_phys/local_assets/data/physion/generated_v5/converted_stage1_v1/03172_collision_orbit_right_64_seed42172,collision,orbit_right_64,42172
02292_collision_orbit_right_64_seed41292,/home/nvme04/workspace/world_model_phys/PHYS/world_model_phys/local_assets/data/physion/generated_v5/converted_stage1_v1/02292_collision_orbit_right_64_seed41292,collision,orbit_right_64,41292
03944_roll_orbit_right_60_seed42944,/home/nvme04/workspace/world_model_phys/PHYS/world_model_phys/local_assets/data/physion/generated_v5/converted_stage1_v1/03944_roll_orbit_right_60_seed42944,roll,orbit_right_60,42944
01182_drop_orbit_left_72_seed40182,/home/nvme04/workspace/world_model_phys/PHYS/world_model_phys/local_assets/data/physion/generated_v5/converted_stage1_v1/01182_drop_orbit_left_72_seed40182,drop,orbit_left_72,40182
02059_drop_orbit_left_72_seed41059,/home/nvme04/workspace/world_model_phys/PHYS/world_model_phys/local_assets/data/physion/generated_v5/converted_stage1_v1/02059_drop_orbit_left_72_seed41059,drop,orbit_left_72,41059
02889_collision_strafe_left_180_seed41889,/home/nvme04/workspace/world_model_phys/PHYS/world_model_phys/local_assets/data/physion/generated_v5/converted_stage1_v1/02889_collision_strafe_left_180_seed41889,collision,strafe_left_180,41889
01408_drop_orbit_left_72_seed40408,/home/nvme04/workspace/world_model_phys/PHYS/world_model_phys/local_assets/data/physion/generated_v5/converted_stage1_v1/01408_drop_orbit_left_72_seed40408,drop,orbit_left_72,40408
03974_roll_orbit_right_60_seed42974,/home/nvme04/workspace/world_model_phys/PHYS/world_model_phys/local_assets/data/physion/generated_v5/converted_stage1_v1/03974_roll_orbit_right_60_seed42974,roll,orbit_right_60,42974
02351_collision_strafe_left_180_seed41351,/home/nvme04/workspace/world_model_phys/PHYS/world_model_phys/local_assets/data/physion/generated_v5/converted_stage1_v1/02351_collision_strafe_left_180_seed41351,collision,strafe_left_180,41351
03671_roll_orbit_right_60_seed42671,/home/nvme04/workspace/world_model_phys/PHYS/world_model_phys/local_assets/data/physion/generated_v5/converted_stage1_v1/03671_roll_orbit_right_60_seed42671,roll,orbit_right_60,42671
03202_collision_orbit_right_64_seed42202,/home/nvme04/workspace/world_model_phys/PHYS/world_model_phys/local_assets/data/physion/generated_v5/converted_stage1_v1/03202_collision_orbit_right_64_seed42202,collision,orbit_right_64,42202
02458_collision_orbit_right_64_seed41458,/home/nvme04/workspace/world_model_phys/PHYS/world_model_phys/local_assets/data/physion/generated_v5/converted_stage1_v1/02458_collision_orbit_right_64_seed41458,collision,orbit_right_64,41458
03936_roll_orbit_right_60_seed42936,/home/nvme04/workspace/world_model_phys/PHYS/world_model_phys/local_assets/data/physion/generated_v5/converted_stage1_v1/03936_roll_orbit_right_60_seed42936,roll,orbit_right_60,42936
02960_collision_orbit_right_64_seed41960,/home/nvme04/workspace/world_model_phys/PHYS/world_model_phys/local_assets/data/physion/generated_v5/converted_stage1_v1/02960_collision_orbit_right_64_seed41960,collision,orbit_right_64,41960
01429_drop_orbit_left_72_seed40429,/home/nvme04/workspace/world_model_phys/PHYS/world_model_phys/local_assets/data/physion/generated_v5/converted_stage1_v1/01429_drop_orbit_left_72_seed40429,drop,orbit_left_72,40429
03352_collision_orbit_right_64_seed42352,/home/nvme04/workspace/world_model_phys/PHYS/world_model_phys/local_assets/data/physion/generated_v5/converted_stage1_v1/03352_collision_orbit_right_64_seed42352,collision,orbit_right_64,42352
04307_containment_orbit_left_44_seed43307,/home/nvme04/workspace/world_model_phys/PHYS/world_model_phys/local_assets/data/physion/generated_v5/converted_stage1_v1/04307_containment_orbit_left_44_seed43307,containment,orbit_left_44,43307
01853_drop_orbit_left_72_seed40853,/home/nvme04/workspace/world_model_phys/PHYS/world_model_phys/local_assets/data/physion/generated_v5/converted_stage1_v1/01853_drop_orbit_left_72_seed40853,drop,orbit_left_72,40853
03073_collision_strafe_left_180_seed42073,/home/nvme04/workspace/world_model_phys/PHYS/world_model_phys/local_assets/data/physion/generated_v5/converted_stage1_v1/03073_collision_strafe_left_180_seed42073,collision,strafe_left_180,42073
04026_roll_orbit_right_60_seed43026,/home/nvme04/workspace/world_model_phys/PHYS/world_model_phys/local_assets/data/physion/generated_v5/converted_stage1_v1/04026_roll_orbit_right_60_seed43026,roll,orbit_right_60,43026
01451_drop_orbit_left_72_seed40451,/home/nvme04/workspace/world_model_phys/PHYS/world_model_phys/local_assets/data/physion/generated_v5/converted_stage1_v1/01451_drop_orbit_left_72_seed40451,drop,orbit_left_72,40451
02141_drop_orbit_left_72_seed41141,/home/nvme04/workspace/world_model_phys/PHYS/world_model_phys/local_assets/data/physion/generated_v5/converted_stage1_v1/02141_drop_orbit_left_72_seed41141,drop,orbit_left_72,41141
02437_collision_strafe_left_180_seed41437,/home/nvme04/workspace/world_model_phys/PHYS/world_model_phys/local_assets/data/physion/generated_v5/converted_stage1_v1/02437_collision_strafe_left_180_seed41437,collision,strafe_left_180,41437
03784_roll_orbit_right_60_seed42784,/home/nvme04/workspace/world_model_phys/PHYS/world_model_phys/local_assets/data/physion/generated_v5/converted_stage1_v1/03784_roll_orbit_right_60_seed42784,roll,orbit_right_60,42784
02602_collision_orbit_right_64_seed41602,/home/nvme04/workspace/world_model_phys/PHYS/world_model_phys/local_assets/data/physion/generated_v5/converted_stage1_v1/02602_collision_orbit_right_64_seed41602,collision,orbit_right_64,41602
03587_roll_orbit_right_60_seed42587,/home/nvme04/workspace/world_model_phys/PHYS/world_model_phys/local_assets/data/physion/generated_v5/converted_stage1_v1/03587_roll_orbit_right_60_seed42587,roll,orbit_right_60,42587
03205_collision_strafe_left_180_seed42205,/home/nvme04/workspace/world_model_phys/PHYS/world_model_phys/local_assets/data/physion/generated_v5/converted_stage1_v1/03205_collision_strafe_left_180_seed42205,collision,strafe_left_180,42205
03955_roll_orbit_right_60_seed42955,/home/nvme04/workspace/world_model_phys/PHYS/world_model_phys/local_assets/data/physion/generated_v5/converted_stage1_v1/03955_roll_orbit_right_60_seed42955,roll,orbit_right_60,42955
02761_collision_strafe_left_180_seed41761,/home/nvme04/workspace/world_model_phys/PHYS/world_model_phys/local_assets/data/physion/generated_v5/converted_stage1_v1/02761_collision_strafe_left_180_seed41761,collision,strafe_left_180,41761
03170_collision_orbit_right_64_seed42170,/home/nvme04/workspace/world_model_phys/PHYS/world_model_phys/local_assets/data/physion/generated_v5/converted_stage1_v1/03170_collision_orbit_right_64_seed42170,collision,orbit_right_64,42170
01825_drop_orbit_left_72_seed40825,/home/nvme04/workspace/world_model_phys/PHYS/world_model_phys/local_assets/data/physion/generated_v5/converted_stage1_v1/01825_drop_orbit_left_72_seed40825,drop,orbit_left_72,40825
04334_containment_orbit_left_44_seed43334,/home/nvme04/workspace/world_model_phys/PHYS/world_model_phys/local_assets/data/physion/generated_v5/converted_stage1_v1/04334_containment_orbit_left_44_seed43334,containment,orbit_left_44,43334
02082_drop_orbit_left_72_seed41082,/home/nvme04/workspace/world_model_phys/PHYS/world_model_phys/local_assets/data/physion/generated_v5/converted_stage1_v1/02082_drop_orbit_left_72_seed41082,drop,orbit_left_72,41082
02254_collision_orbit_right_64_seed41254,/home/nvme04/workspace/world_model_phys/PHYS/world_model_phys/local_assets/data/physion/generated_v5/converted_stage1_v1/02254_collision_orbit_right_64_seed41254,collision,orbit_right_64,41254
03614_roll_orbit_right_60_seed42614,/home/nvme04/workspace/world_model_phys/PHYS/world_model_phys/local_assets/data/physion/generated_v5/converted_stage1_v1/03614_roll_orbit_right_60_seed42614,roll,orbit_right_60,42614
02860_collision_orbit_right_64_seed41860,/home/nvme04/workspace/world_model_phys/PHYS/world_model_phys/local_assets/data/physion/generated_v5/converted_stage1_v1/02860_collision_orbit_right_64_seed41860,collision,orbit_right_64,41860
02651_collision_strafe_left_180_seed41651,/home/nvme04/workspace/world_model_phys/PHYS/world_model_phys/local_assets/data/physion/generated_v5/converted_stage1_v1/02651_collision_strafe_left_180_seed41651,collision,strafe_left_180,41651
03394_collision_orbit_right_64_seed42394,/home/nvme04/workspace/world_model_phys/PHYS/world_model_phys/local_assets/data/physion/generated_v5/converted_stage1_v1/03394_collision_orbit_right_64_seed42394,collision,orbit_right_64,42394
01855_drop_orbit_left_72_seed40855,/home/nvme04/workspace/world_model_phys/PHYS/world_model_phys/local_assets/data/physion/generated_v5/converted_stage1_v1/01855_drop_orbit_left_72_seed40855,drop,orbit_left_72,40855
02594_collision_orbit_right_64_seed41594,/home/nvme04/workspace/world_model_phys/PHYS/world_model_phys/local_assets/data/physion/generated_v5/converted_stage1_v1/02594_collision_orbit_right_64_seed41594,collision,orbit_right_64,41594
03698_roll_orbit_right_60_seed42698,/home/nvme04/workspace/world_model_phys/PHYS/world_model_phys/local_assets/data/physion/generated_v5/converted_stage1_v1/03698_roll_orbit_right_60_seed42698,roll,orbit_right_60,42698
01551_drop_orbit_left_72_seed40551,/home/nvme04/workspace/world_model_phys/PHYS/world_model_phys/local_assets/data/physion/generated_v5/converted_stage1_v1/01551_drop_orbit_left_72_seed40551,drop,orbit_left_72,40551
01882_drop_orbit_left_72_seed40882,/home/nvme04/workspace/world_model_phys/PHYS/world_model_phys/local_assets/data/physion/generated_v5/converted_stage1_v1/01882_drop_orbit_left_72_seed40882,drop,orbit_left_72,40882
01110_drop_orbit_left_72_seed40110,/home/nvme04/workspace/world_model_phys/PHYS/world_model_phys/local_assets/data/physion/generated_v5/converted_stage1_v1/01110_drop_orbit_left_72_seed40110,drop,orbit_left_72,40110
02190_drop_orbit_left_72_seed41190,/home/nvme04/workspace/world_model_phys/PHYS/world_model_phys/local_assets/data/physion/generated_v5/converted_stage1_v1/02190_drop_orbit_left_72_seed41190,drop,orbit_left_72,41190
03506_roll_orbit_right_60_seed42506,/home/nvme04/workspace/world_model_phys/PHYS/world_model_phys/local_assets/data/physion/generated_v5/converted_stage1_v1/03506_roll_orbit_right_60_seed42506,roll,orbit_right_60,42506
04291_containment_orbit_left_44_seed43291,/home/nvme04/workspace/world_model_phys/PHYS/world_model_phys/local_assets/data/physion/generated_v5/converted_stage1_v1/04291_containment_orbit_left_44_seed43291,containment,orbit_left_44,43291
02233_collision_strafe_left_180_seed41233,/home/nvme04/workspace/world_model_phys/PHYS/world_model_phys/local_assets/data/physion/generated_v5/converted_stage1_v1/02233_collision_strafe_left_180_seed41233,collision,strafe_left_180,41233
02733_collision_strafe_left_180_seed41733,/home/nvme04/workspace/world_model_phys/PHYS/world_model_phys/local_assets/data/physion/generated_v5/converted_stage1_v1/02733_collision_strafe_left_180_seed41733,collision,strafe_left_180,41733
04245_containment_orbit_left_44_seed43245,/home/nvme04/workspace/world_model_phys/PHYS/world_model_phys/local_assets/data/physion/generated_v5/converted_stage1_v1/04245_containment_orbit_left_44_seed43245,containment,orbit_left_44,43245
03840_roll_orbit_right_60_seed42840,/home/nvme04/workspace/world_model_phys/PHYS/world_model_phys/local_assets/data/physion/generated_v5/converted_stage1_v1/03840_roll_orbit_right_60_seed42840,roll,orbit_right_60,42840
03237_collision_strafe_left_180_seed42237,/home/nvme04/workspace/world_model_phys/PHYS/world_model_phys/local_assets/data/physion/generated_v5/converted_stage1_v1/03237_collision_strafe_left_180_seed42237,collision,strafe_left_180,42237
02271_collision_strafe_left_180_seed41271,/home/nvme04/workspace/world_model_phys/PHYS/world_model_phys/local_assets/data/physion/generated_v5/converted_stage1_v1/02271_collision_strafe_left_180_seed41271,collision,strafe_left_180,41271
02861_collision_strafe_left_180_seed41861,/home/nvme04/workspace/world_model_phys/PHYS/world_model_phys/local_assets/data/physion/generated_v5/converted_stage1_v1/02861_collision_strafe_left_180_seed41861,collision,strafe_left_180,41861
03407_roll_orbit_right_60_seed42407,/home/nvme04/workspace/world_model_phys/PHYS/world_model_phys/local_assets/data/physion/generated_v5/converted_stage1_v1/03407_roll_orbit_right_60_seed42407,roll,orbit_right_60,42407
01579_drop_orbit_left_72_seed40579,/home/nvme04/workspace/world_model_phys/PHYS/world_model_phys/local_assets/data/physion/generated_v5/converted_stage1_v1/01579_drop_orbit_left_72_seed40579,drop,orbit_left_72,40579
03527_roll_orbit_right_60_seed42527,/home/nvme04/workspace/world_model_phys/PHYS/world_model_phys/local_assets/data/physion/generated_v5/converted_stage1_v1/03527_roll_orbit_right_60_seed42527,roll,orbit_right_60,42527
02447_collision_strafe_left_180_seed41447,/home/nvme04/workspace/world_model_phys/PHYS/world_model_phys/local_assets/data/physion/generated_v5/converted_stage1_v1/02447_collision_strafe_left_180_seed41447,collision,strafe_left_180,41447
02935_collision_strafe_left_180_seed41935,/home/nvme04/workspace/world_model_phys/PHYS/world_model_phys/local_assets/data/physion/generated_v5/converted_stage1_v1/02935_collision_strafe_left_180_seed41935,collision,strafe_left_180,41935
01960_drop_orbit_left_72_seed40960,/home/nvme04/workspace/world_model_phys/PHYS/world_model_phys/local_assets/data/physion/generated_v5/converted_stage1_v1/01960_drop_orbit_left_72_seed40960,drop,orbit_left_72,40960
03631_roll_orbit_right_60_seed42631,/home/nvme04/workspace/world_model_phys/PHYS/world_model_phys/local_assets/data/physion/generated_v5/converted_stage1_v1/03631_roll_orbit_right_60_seed42631,roll,orbit_right_60,42631
02775_collision_strafe_left_180_seed41775,/home/nvme04/workspace/world_model_phys/PHYS/world_model_phys/local_assets/data/physion/generated_v5/converted_stage1_v1/02775_collision_strafe_left_180_seed41775,collision,strafe_left_180,41775
02383_collision_strafe_left_180_seed41383,/home/nvme04/workspace/world_model_phys/PHYS/world_model_phys/local_assets/data/physion/generated_v5/converted_stage1_v1/02383_collision_strafe_left_180_seed41383,collision,strafe_left_180,41383
02117_drop_orbit_left_72_seed41117,/home/nvme04/workspace/world_model_phys/PHYS/world_model_phys/local_assets/data/physion/generated_v5/converted_stage1_v1/02117_drop_orbit_left_72_seed41117,drop,orbit_left_72,41117
02954_collision_orbit_right_64_seed41954,/home/nvme04/workspace/world_model_phys/PHYS/world_model_phys/local_assets/data/physion/generated_v5/converted_stage1_v1/02954_collision_orbit_right_64_seed41954,collision,orbit_right_64,41954
02111_drop_orbit_left_72_seed41111,/home/nvme04/workspace/world_model_phys/PHYS/world_model_phys/local_assets/data/physion/generated_v5/converted_stage1_v1/02111_drop_orbit_left_72_seed41111,drop,orbit_left_72,41111
01735_drop_orbit_left_72_seed40735,/home/nvme04/workspace/world_model_phys/PHYS/world_model_phys/local_assets/data/physion/generated_v5/converted_stage1_v1/01735_drop_orbit_left_72_seed40735,drop,orbit_left_72,40735
02866_collision_orbit_right_64_seed41866,/home/nvme04/workspace/world_model_phys/PHYS/world_model_phys/local_assets/data/physion/generated_v5/converted_stage1_v1/02866_collision_orbit_right_64_seed41866,collision,orbit_right_64,41866
04326_containment_orbit_left_44_seed43326,/home/nvme04/workspace/world_model_phys/PHYS/world_model_phys/local_assets/data/physion/generated_v5/converted_stage1_v1/04326_containment_orbit_left_44_seed43326,containment,orbit_left_44,43326
03460_roll_orbit_right_60_seed42460,/home/nvme04/workspace/world_model_phys/PHYS/world_model_phys/local_assets/data/physion/generated_v5/converted_stage1_v1/03460_roll_orbit_right_60_seed42460,roll,orbit_right_60,42460
02467_collision_strafe_left_180_seed41467,/home/nvme04/workspace/world_model_phys/PHYS/world_model_phys/local_assets/data/physion/generated_v5/converted_stage1_v1/02467_collision_strafe_left_180_seed41467,collision,strafe_left_180,41467
03683_roll_orbit_right_60_seed42683,/home/nvme04/workspace/world_model_phys/PHYS/world_model_phys/local_assets/data/physion/generated_v5/converted_stage1_v1/03683_roll_orbit_right_60_seed42683,roll,orbit_right_60,42683
03376_collision_orbit_right_64_seed42376,/home/nvme04/workspace/world_model_phys/PHYS/world_model_phys/local_assets/data/physion/generated_v5/converted_stage1_v1/03376_collision_orbit_right_64_seed42376,collision,orbit_right_64,42376
02692_collision_orbit_right_64_seed41692,/home/nvme04/workspace/world_model_phys/PHYS/world_model_phys/local_assets/data/physion/generated_v5/converted_stage1_v1/02692_collision_orbit_right_64_seed41692,collision,orbit_right_64,41692
02871_collision_strafe_left_180_seed41871,/home/nvme04/workspace/world_model_phys/PHYS/world_model_phys/local_assets/data/physion/generated_v5/converted_stage1_v1/02871_collision_strafe_left_180_seed41871,collision,strafe_left_180,41871
03488_roll_orbit_right_60_seed42488,/home/nvme04/workspace/world_model_phys/PHYS/world_model_phys/local_assets/data/physion/generated_v5/converted_stage1_v1/03488_roll_orbit_right_60_seed42488,roll,orbit_right_60,42488
03323_collision_strafe_left_180_seed42323,/home/nvme04/workspace/world_model_phys/PHYS/world_model_phys/local_assets/data/physion/generated_v5/converted_stage1_v1/03323_collision_strafe_left_180_seed42323,collision,strafe_left_180,42323
01856_drop_orbit_left_72_seed40856,/home/nvme04/workspace/world_model_phys/PHYS/world_model_phys/local_assets/data/physion/generated_v5/converted_stage1_v1/01856_drop_orbit_left_72_seed40856,drop,orbit_left_72,40856
03907_roll_orbit_right_60_seed42907,/home/nvme04/workspace/world_model_phys/PHYS/world_model_phys/local_assets/data/physion/generated_v5/converted_stage1_v1/03907_roll_orbit_right_60_seed42907,roll,orbit_right_60,42907
02394_collision_orbit_right_64_seed41394,/home/nvme04/workspace/world_model_phys/PHYS/world_model_phys/local_assets/data/physion/generated_v5/converted_stage1_v1/02394_collision_orbit_right_64_seed41394,collision,orbit_right_64,41394
04364_containment_orbit_left_44_seed43364,/home/nvme04/workspace/world_model_phys/PHYS/world_model_phys/local_assets/data/physion/generated_v5/converted_stage1_v1/04364_containment_orbit_left_44_seed43364,containment,orbit_left_44,43364
01412_drop_orbit_left_72_seed40412,/home/nvme04/workspace/world_model_phys/PHYS/world_model_phys/local_assets/data/physion/generated_v5/converted_stage1_v1/01412_drop_orbit_left_72_seed40412,drop,orbit_left_72,40412
03717_roll_orbit_right_60_seed42717,/home/nvme04/workspace/world_model_phys/PHYS/world_model_phys/local_assets/data/physion/generated_v5/converted_stage1_v1/03717_roll_orbit_right_60_seed42717,roll,orbit_right_60,42717
01527_drop_orbit_left_72_seed40527,/home/nvme04/workspace/world_model_phys/PHYS/world_model_phys/local_assets/data/physion/generated_v5/converted_stage1_v1/01527_drop_orbit_left_72_seed40527,drop,orbit_left_72,40527
01865_drop_orbit_left_72_seed40865,/home/nvme04/workspace/world_model_phys/PHYS/world_model_phys/local_assets/data/physion/generated_v5/converted_stage1_v1/01865_drop_orbit_left_72_seed40865,drop,orbit_left_72,40865
01719_drop_orbit_left_72_seed40719,/home/nvme04/workspace/world_model_phys/PHYS/world_model_phys/local_assets/data/physion/generated_v5/converted_stage1_v1/01719_drop_orbit_left_72_seed40719,drop,orbit_left_72,40719
03469_roll_orbit_right_60_seed42469,/home/nvme04/workspace/world_model_phys/PHYS/world_model_phys/local_assets/data/physion/generated_v5/converted_stage1_v1/03469_roll_orbit_right_60_seed42469,roll,orbit_right_60,42469
03068_collision_orbit_right_64_seed42068,/home/nvme04/workspace/world_model_phys/PHYS/world_model_phys/local_assets/data/physion/generated_v5/converted_stage1_v1/03068_collision_orbit_right_64_seed42068,collision,orbit_right_64,42068
03214_collision_orbit_right_64_seed42214,/home/nvme04/workspace/world_model_phys/PHYS/world_model_phys/local_assets/data/physion/generated_v5/converted_stage1_v1/03214_collision_orbit_right_64_seed42214,collision,orbit_right_64,42214
03623_roll_orbit_right_60_seed42623,/home/nvme04/workspace/world_model_phys/PHYS/world_model_phys/local_assets/data/physion/generated_v5/converted_stage1_v1/03623_roll_orbit_right_60_seed42623,roll,orbit_right_60,42623
02578_collision_orbit_right_64_seed41578,/home/nvme04/workspace/world_model_phys/PHYS/world_model_phys/local_assets/data/physion/generated_v5/converted_stage1_v1/02578_collision_orbit_right_64_seed41578,collision,orbit_right_64,41578
01080_drop_orbit_left_72_seed40080,/home/nvme04/workspace/world_model_phys/PHYS/world_model_phys/local_assets/data/physion/generated_v5/converted_stage1_v1/01080_drop_orbit_left_72_seed40080,drop,orbit_left_72,40080
03761_roll_orbit_right_60_seed42761,/home/nvme04/workspace/world_model_phys/PHYS/world_model_phys/local_assets/data/physion/generated_v5/converted_stage1_v1/03761_roll_orbit_right_60_seed42761,roll,orbit_right_60,42761
01869_drop_orbit_left_72_seed40869,/home/nvme04/workspace/world_model_phys/PHYS/world_model_phys/local_assets/data/physion/generated_v5/converted_stage1_v1/01869_drop_orbit_left_72_seed40869,drop,orbit_left_72,40869
03882_roll_orbit_right_60_seed42882,/home/nvme04/workspace/world_model_phys/PHYS/world_model_phys/local_assets/data/physion/generated_v5/converted_stage1_v1/03882_roll_orbit_right_60_seed42882,roll,orbit_right_60,42882
02202_collision_orbit_right_64_seed41202,/home/nvme04/workspace/world_model_phys/PHYS/world_model_phys/local_assets/data/physion/generated_v5/converted_stage1_v1/02202_collision_orbit_right_64_seed41202,collision,orbit_right_64,41202
03599_roll_orbit_right_60_seed42599,/home/nvme04/workspace/world_model_phys/PHYS/world_model_phys/local_assets/data/physion/generated_v5/converted_stage1_v1/03599_roll_orbit_right_60_seed42599,roll,orbit_right_60,42599
01028_drop_orbit_left_72_seed40028,/home/nvme04/workspace/world_model_phys/PHYS/world_model_phys/local_assets/data/physion/generated_v5/converted_stage1_v1/01028_drop_orbit_left_72_seed40028,drop,orbit_left_72,40028
03024_collision_orbit_right_64_seed42024,/home/nvme04/workspace/world_model_phys/PHYS/world_model_phys/local_assets/data/physion/generated_v5/converted_stage1_v1/03024_collision_orbit_right_64_seed42024,collision,orbit_right_64,42024
01034_drop_orbit_left_72_seed40034,/home/nvme04/workspace/world_model_phys/PHYS/world_model_phys/local_assets/data/physion/generated_v5/converted_stage1_v1/01034_drop_orbit_left_72_seed40034,drop,orbit_left_72,40034
02265_collision_strafe_left_180_seed41265,/home/nvme04/workspace/world_model_phys/PHYS/world_model_phys/local_assets/data/physion/generated_v5/converted_stage1_v1/02265_collision_strafe_left_180_seed41265,collision,strafe_left_180,41265
02154_drop_orbit_left_72_seed41154,/home/nvme04/workspace/world_model_phys/PHYS/world_model_phys/local_assets/data/physion/generated_v5/converted_stage1_v1/02154_drop_orbit_left_72_seed41154,drop,orbit_left_72,41154
03143_collision_strafe_left_180_seed42143,/home/nvme04/workspace/world_model_phys/PHYS/world_model_phys/local_assets/data/physion/generated_v5/converted_stage1_v1/03143_collision_strafe_left_180_seed42143,collision,strafe_left_180,42143
03518_roll_orbit_right_60_seed42518,/home/nvme04/workspace/world_model_phys/PHYS/world_model_phys/local_assets/data/physion/generated_v5/converted_stage1_v1/03518_roll_orbit_right_60_seed42518,roll,orbit_right_60,42518
01115_drop_orbit_left_72_seed40115,/home/nvme04/workspace/world_model_phys/PHYS/world_model_phys/local_assets/data/physion/generated_v5/converted_stage1_v1/01115_drop_orbit_left_72_seed40115,drop,orbit_left_72,40115
01253_drop_orbit_left_72_seed40253,/home/nvme04/workspace/world_model_phys/PHYS/world_model_phys/local_assets/data/physion/generated_v5/converted_stage1_v1/01253_drop_orbit_left_72_seed40253,drop,orbit_left_72,40253
01815_drop_orbit_left_72_seed40815,/home/nvme04/workspace/world_model_phys/PHYS/world_model_phys/local_assets/data/physion/generated_v5/converted_stage1_v1/01815_drop_orbit_left_72_seed40815,drop,orbit_left_72,40815
02174_drop_orbit_left_72_seed41174,/home/nvme04/workspace/world_model_phys/PHYS/world_model_phys/local_assets/data/physion/generated_v5/converted_stage1_v1/02174_drop_orbit_left_72_seed41174,drop,orbit_left_72,41174
03083_collision_strafe_left_180_seed42083,/home/nvme04/workspace/world_model_phys/PHYS/world_model_phys/local_assets/data/physion/generated_v5/converted_stage1_v1/03083_collision_strafe_left_180_seed42083,collision,strafe_left_180,42083
01517_drop_orbit_left_72_seed40517,/home/nvme04/workspace/world_model_phys/PHYS/world_model_phys/local_assets/data/physion/generated_v5/converted_stage1_v1/01517_drop_orbit_left_72_seed40517,drop,orbit_left_72,40517
02536_collision_orbit_right_64_seed41536,/home/nvme04/workspace/world_model_phys/PHYS/world_model_phys/local_assets/data/physion/generated_v5/converted_stage1_v1/02536_collision_orbit_right_64_seed41536,collision,orbit_right_64,41536
03796_roll_orbit_right_60_seed42796,/home/nvme04/workspace/world_model_phys/PHYS/world_model_phys/local_assets/data/physion/generated_v5/converted_stage1_v1/03796_roll_orbit_right_60_seed42796,roll,orbit_right_60,42796
02000_drop_orbit_left_72_seed41000,/home/nvme04/workspace/world_model_phys/PHYS/world_model_phys/local_assets/data/physion/generated_v5/converted_stage1_v1/02000_drop_orbit_left_72_seed41000,drop,orbit_left_72,41000
04359_containment_orbit_left_44_seed43359,/home/nvme04/workspace/world_model_phys/PHYS/world_model_phys/local_assets/data/physion/generated_v5/converted_stage1_v1/04359_containment_orbit_left_44_seed43359,containment,orbit_left_44,43359
02885_collision_strafe_left_180_seed41885,/home/nvme04/workspace/world_model_phys/PHYS/world_model_phys/local_assets/data/physion/generated_v5/converted_stage1_v1/02885_collision_strafe_left_180_seed41885,collision,strafe_left_180,41885
03550_roll_orbit_right_60_seed42550,/home/nvme04/workspace/world_model_phys/PHYS/world_model_phys/local_assets/data/physion/generated_v5/converted_stage1_v1/03550_roll_orbit_right_60_seed42550,roll,orbit_right_60,42550
03486_roll_orbit_right_60_seed42486,/home/nvme04/workspace/world_model_phys/PHYS/world_model_phys/local_assets/data/physion/generated_v5/converted_stage1_v1/03486_roll_orbit_right_60_seed42486,roll,orbit_right_60,42486
03122_collision_orbit_right_64_seed42122,/home/nvme04/workspace/world_model_phys/PHYS/world_model_phys/local_assets/data/physion/generated_v5/converted_stage1_v1/03122_collision_orbit_right_64_seed42122,collision,orbit_right_64,42122
01273_drop_orbit_left_72_seed40273,/home/nvme04/workspace/world_model_phys/PHYS/world_model_phys/local_assets/data/physion/generated_v5/converted_stage1_v1/01273_drop_orbit_left_72_seed40273,drop,orbit_left_72,40273
03613_roll_orbit_right_60_seed42613,/home/nvme04/workspace/world_model_phys/PHYS/world_model_phys/local_assets/data/physion/generated_v5/converted_stage1_v1/03613_roll_orbit_right_60_seed42613,roll,orbit_right_60,42613
03573_roll_orbit_right_60_seed42573,/home/nvme04/workspace/world_model_phys/PHYS/world_model_phys/local_assets/data/physion/generated_v5/converted_stage1_v1/03573_roll_orbit_right_60_seed42573,roll,orbit_right_60,42573
01606_drop_orbit_left_72_seed40606,/home/nvme04/workspace/world_model_phys/PHYS/world_model_phys/local_assets/data/physion/generated_v5/converted_stage1_v1/01606_drop_orbit_left_72_seed40606,drop,orbit_left_72,40606
02041_drop_orbit_left_72_seed41041,/home/nvme04/workspace/world_model_phys/PHYS/world_model_phys/local_assets/data/physion/generated_v5/converted_stage1_v1/02041_drop_orbit_left_72_seed41041,drop,orbit_left_72,41041
02477_collision_strafe_left_180_seed41477,/home/nvme04/workspace/world_model_phys/PHYS/world_model_phys/local_assets/data/physion/generated_v5/converted_stage1_v1/02477_collision_strafe_left_180_seed41477,collision,strafe_left_180,41477
03996_roll_orbit_right_60_seed42996,/home/nvme04/workspace/world_model_phys/PHYS/world_model_phys/local_assets/data/physion/generated_v5/converted_stage1_v1/03996_roll_orbit_right_60_seed42996,roll,orbit_right_60,42996
03591_roll_orbit_right_60_seed42591,/home/nvme04/workspace/world_model_phys/PHYS/world_model_phys/local_assets/data/physion/generated_v5/converted_stage1_v1/03591_roll_orbit_right_60_seed42591,roll,orbit_right_60,42591
03199_collision_strafe_left_180_seed42199,/home/nvme04/workspace/world_model_phys/PHYS/world_model_phys/local_assets/data/physion/generated_v5/converted_stage1_v1/03199_collision_strafe_left_180_seed42199,collision,strafe_left_180,42199
03511_roll_orbit_right_60_seed42511,/home/nvme04/workspace/world_model_phys/PHYS/world_model_phys/local_assets/data/physion/generated_v5/converted_stage1_v1/03511_roll_orbit_right_60_seed42511,roll,orbit_right_60,42511
02561_collision_strafe_left_180_seed41561,/home/nvme04/workspace/world_model_phys/PHYS/world_model_phys/local_assets/data/physion/generated_v5/converted_stage1_v1/02561_collision_strafe_left_180_seed41561,collision,strafe_left_180,41561
01033_drop_orbit_left_72_seed40033,/home/nvme04/workspace/world_model_phys/PHYS/world_model_phys/local_assets/data/physion/generated_v5/converted_stage1_v1/01033_drop_orbit_left_72_seed40033,drop,orbit_left_72,40033
04268_containment_orbit_left_44_seed43268,/home/nvme04/workspace/world_model_phys/PHYS/world_model_phys/local_assets/data/physion/generated_v5/converted_stage1_v1/04268_containment_orbit_left_44_seed43268,containment,orbit_left_44,43268
02238_collision_orbit_right_64_seed41238,/home/nvme04/workspace/world_model_phys/PHYS/world_model_phys/local_assets/data/physion/generated_v5/converted_stage1_v1/02238_collision_orbit_right_64_seed41238,collision,orbit_right_64,41238
03937_roll_orbit_right_60_seed42937,/home/nvme04/workspace/world_model_phys/PHYS/world_model_phys/local_assets/data/physion/generated_v5/converted_stage1_v1/03937_roll_orbit_right_60_seed42937,roll,orbit_right_60,42937
03684_roll_orbit_right_60_seed42684,/home/nvme04/workspace/world_model_phys/PHYS/world_model_phys/local_assets/data/physion/generated_v5/converted_stage1_v1/03684_roll_orbit_right_60_seed42684,roll,orbit_right_60,42684
01247_drop_orbit_left_72_seed40247,/home/nvme04/workspace/world_model_phys/PHYS/world_model_phys/local_assets/data/physion/generated_v5/converted_stage1_v1/01247_drop_orbit_left_72_seed40247,drop,orbit_left_72,40247
02757_collision_strafe_left_180_seed41757,/home/nvme04/workspace/world_model_phys/PHYS/world_model_phys/local_assets/data/physion/generated_v5/converted_stage1_v1/02757_collision_strafe_left_180_seed41757,collision,strafe_left_180,41757
01995_drop_orbit_left_72_seed40995,/home/nvme04/workspace/world_model_phys/PHYS/world_model_phys/local_assets/data/physion/generated_v5/converted_stage1_v1/01995_drop_orbit_left_72_seed40995,drop,orbit_left_72,40995
02204_collision_orbit_right_64_seed41204,/home/nvme04/workspace/world_model_phys/PHYS/world_model_phys/local_assets/data/physion/generated_v5/converted_stage1_v1/02204_collision_orbit_right_64_seed41204,collision,orbit_right_64,41204
04381_containment_orbit_left_44_seed43381,/home/nvme04/workspace/world_model_phys/PHYS/world_model_phys/local_assets/data/physion/generated_v5/converted_stage1_v1/04381_containment_orbit_left_44_seed43381,containment,orbit_left_44,43381
02843_collision_strafe_left_180_seed41843,/home/nvme04/workspace/world_model_phys/PHYS/world_model_phys/local_assets/data/physion/generated_v5/converted_stage1_v1/02843_collision_strafe_left_180_seed41843,collision,strafe_left_180,41843
02582_collision_orbit_right_64_seed41582,/home/nvme04/workspace/world_model_phys/PHYS/world_model_phys/local_assets/data/physion/generated_v5/converted_stage1_v1/02582_collision_orbit_right_64_seed41582,collision,orbit_right_64,41582
02297_collision_strafe_left_180_seed41297,/home/nvme04/workspace/world_model_phys/PHYS/world_model_phys/local_assets/data/physion/generated_v5/converted_stage1_v1/02297_collision_strafe_left_180_seed41297,collision,strafe_left_180,41297
02247_collision_strafe_left_180_seed41247,/home/nvme04/workspace/world_model_phys/PHYS/world_model_phys/local_assets/data/physion/generated_v5/converted_stage1_v1/02247_collision_strafe_left_180_seed41247,collision,strafe_left_180,41247
01975_drop_orbit_left_72_seed40975,/home/nvme04/workspace/world_model_phys/PHYS/world_model_phys/local_assets/data/physion/generated_v5/converted_stage1_v1/01975_drop_orbit_left_72_seed40975,drop,orbit_left_72,40975
02177_drop_orbit_left_72_seed41177,/home/nvme04/workspace/world_model_phys/PHYS/world_model_phys/local_assets/data/physion/generated_v5/converted_stage1_v1/02177_drop_orbit_left_72_seed41177,drop,orbit_left_72,41177
03959_roll_orbit_right_60_seed42959,/home/nvme04/workspace/world_model_phys/PHYS/world_model_phys/local_assets/data/physion/generated_v5/converted_stage1_v1/03959_roll_orbit_right_60_seed42959,roll,orbit_right_60,42959
01117_drop_orbit_left_72_seed40117,/home/nvme04/workspace/world_model_phys/PHYS/world_model_phys/local_assets/data/physion/generated_v5/converted_stage1_v1/01117_drop_orbit_left_72_seed40117,drop,orbit_left_72,40117
01491_drop_orbit_left_72_seed40491,/home/nvme04/workspace/world_model_phys/PHYS/world_model_phys/local_assets/data/physion/generated_v5/converted_stage1_v1/01491_drop_orbit_left_72_seed40491,drop,orbit_left_72,40491
02635_collision_strafe_left_180_seed41635,/home/nvme04/workspace/world_model_phys/PHYS/world_model_phys/local_assets/data/physion/generated_v5/converted_stage1_v1/02635_collision_strafe_left_180_seed41635,collision,strafe_left_180,41635
03157_collision_strafe_left_180_seed42157,/home/nvme04/workspace/world_model_phys/PHYS/world_model_phys/local_assets/data/physion/generated_v5/converted_stage1_v1/03157_collision_strafe_left_180_seed42157,collision,strafe_left_180,42157
03560_roll_orbit_right_60_seed42560,/home/nvme04/workspace/world_model_phys/PHYS/world_model_phys/local_assets/data/physion/generated_v5/converted_stage1_v1/03560_roll_orbit_right_60_seed42560,roll,orbit_right_60,42560
02655_collision_strafe_left_180_seed41655,/home/nvme04/workspace/world_model_phys/PHYS/world_model_phys/local_assets/data/physion/generated_v5/converted_stage1_v1/02655_collision_strafe_left_180_seed41655,collision,strafe_left_180,41655
02933_collision_strafe_left_180_seed41933,/home/nvme04/workspace/world_model_phys/PHYS/world_model_phys/local_assets/data/physion/generated_v5/converted_stage1_v1/02933_collision_strafe_left_180_seed41933,collision,strafe_left_180,41933
02225_collision_strafe_left_180_seed41225,/home/nvme04/workspace/world_model_phys/PHYS/world_model_phys/local_assets/data/physion/generated_v5/converted_stage1_v1/02225_collision_strafe_left_180_seed41225,collision,strafe_left_180,41225
03751_roll_orbit_right_60_seed42751,/home/nvme04/workspace/world_model_phys/PHYS/world_model_phys/local_assets/data/physion/generated_v5/converted_stage1_v1/03751_roll_orbit_right_60_seed42751,roll,orbit_right_60,42751
02724_collision_orbit_right_64_seed41724,/home/nvme04/workspace/world_model_phys/PHYS/world_model_phys/local_assets/data/physion/generated_v5/converted_stage1_v1/02724_collision_orbit_right_64_seed41724,collision,orbit_right_64,41724
01135_drop_orbit_left_72_seed40135,/home/nvme04/workspace/world_model_phys/PHYS/world_model_phys/local_assets/data/physion/generated_v5/converted_stage1_v1/01135_drop_orbit_left_72_seed40135,drop,orbit_left_72,40135
01608_drop_orbit_left_72_seed40608,/home/nvme04/workspace/world_model_phys/PHYS/world_model_phys/local_assets/data/physion/generated_v5/converted_stage1_v1/01608_drop_orbit_left_72_seed40608,drop,orbit_left_72,40608
02086_drop_orbit_left_72_seed41086,/home/nvme04/workspace/world_model_phys/PHYS/world_model_phys/local_assets/data/physion/generated_v5/converted_stage1_v1/02086_drop_orbit_left_72_seed41086,drop,orbit_left_72,41086
04078_roll_orbit_right_60_seed43078,/home/nvme04/workspace/world_model_phys/PHYS/world_model_phys/local_assets/data/physion/generated_v5/converted_stage1_v1/04078_roll_orbit_right_60_seed43078,roll,orbit_right_60,43078
04228_containment_orbit_left_44_seed43228,/home/nvme04/workspace/world_model_phys/PHYS/world_model_phys/local_assets/data/physion/generated_v5/converted_stage1_v1/04228_containment_orbit_left_44_seed43228,containment,orbit_left_44,43228
02790_collision_orbit_right_64_seed41790,/home/nvme04/workspace/world_model_phys/PHYS/world_model_phys/local_assets/data/physion/generated_v5/converted_stage1_v1/02790_collision_orbit_right_64_seed41790,collision,orbit_right_64,41790
03436_roll_orbit_right_60_seed42436,/home/nvme04/workspace/world_model_phys/PHYS/world_model_phys/local_assets/data/physion/generated_v5/converted_stage1_v1/03436_roll_orbit_right_60_seed42436,roll,orbit_right_60,42436
01512_drop_orbit_left_72_seed40512,/home/nvme04/workspace/world_model_phys/PHYS/world_model_phys/local_assets/data/physion/generated_v5/converted_stage1_v1/01512_drop_orbit_left_72_seed40512,drop,orbit_left_72,40512
01014_drop_orbit_left_72_seed40014,/home/nvme04/workspace/world_model_phys/PHYS/world_model_phys/local_assets/data/physion/generated_v5/converted_stage1_v1/01014_drop_orbit_left_72_seed40014,drop,orbit_left_72,40014
03046_collision_orbit_right_64_seed42046,/home/nvme04/workspace/world_model_phys/PHYS/world_model_phys/local_assets/data/physion/generated_v5/converted_stage1_v1/03046_collision_orbit_right_64_seed42046,collision,orbit_right_64,42046
03396_collision_orbit_right_64_seed42396,/home/nvme04/workspace/world_model_phys/PHYS/world_model_phys/local_assets/data/physion/generated_v5/converted_stage1_v1/03396_collision_orbit_right_64_seed42396,collision,orbit_right_64,42396
02611_collision_strafe_left_180_seed41611,/home/nvme04/workspace/world_model_phys/PHYS/world_model_phys/local_assets/data/physion/generated_v5/converted_stage1_v1/02611_collision_strafe_left_180_seed41611,collision,strafe_left_180,41611
02629_collision_strafe_left_180_seed41629,/home/nvme04/workspace/world_model_phys/PHYS/world_model_phys/local_assets/data/physion/generated_v5/converted_stage1_v1/02629_collision_strafe_left_180_seed41629,collision,strafe_left_180,41629
03953_roll_orbit_right_60_seed42953,/home/nvme04/workspace/world_model_phys/PHYS/world_model_phys/local_assets/data/physion/generated_v5/converted_stage1_v1/03953_roll_orbit_right_60_seed42953,roll,orbit_right_60,42953
03822_roll_orbit_right_60_seed42822,/home/nvme04/workspace/world_model_phys/PHYS/world_model_phys/local_assets/data/physion/generated_v5/converted_stage1_v1/03822_roll_orbit_right_60_seed42822,roll,orbit_right_60,42822
03530_roll_orbit_right_60_seed42530,/home/nvme04/workspace/world_model_phys/PHYS/world_model_phys/local_assets/data/physion/generated_v5/converted_stage1_v1/03530_roll_orbit_right_60_seed42530,roll,orbit_right_60,42530
01861_drop_orbit_left_72_seed40861,/home/nvme04/workspace/world_model_phys/PHYS/world_model_phys/local_assets/data/physion/generated_v5/converted_stage1_v1/01861_drop_orbit_left_72_seed40861,drop,orbit_left_72,40861
03602_roll_orbit_right_60_seed42602,/home/nvme04/workspace/world_model_phys/PHYS/world_model_phys/local_assets/data/physion/generated_v5/converted_stage1_v1/03602_roll_orbit_right_60_seed42602,roll,orbit_right_60,42602
01457_drop_orbit_left_72_seed40457,/home/nvme04/workspace/world_model_phys/PHYS/world_model_phys/local_assets/data/physion/generated_v5/converted_stage1_v1/01457_drop_orbit_left_72_seed40457,drop,orbit_left_72,40457
04282_containment_orbit_left_44_seed43282,/home/nvme04/workspace/world_model_phys/PHYS/world_model_phys/local_assets/data/physion/generated_v5/converted_stage1_v1/04282_containment_orbit_left_44_seed43282,containment,orbit_left_44,43282
02758_collision_orbit_right_64_seed41758,/home/nvme04/workspace/world_model_phys/PHYS/world_model_phys/local_assets/data/physion/generated_v5/converted_stage1_v1/02758_collision_orbit_right_64_seed41758,collision,orbit_right_64,41758
03962_roll_orbit_right_60_seed42962,/home/nvme04/workspace/world_model_phys/PHYS/world_model_phys/local_assets/data/physion/generated_v5/converted_stage1_v1/03962_roll_orbit_right_60_seed42962,roll,orbit_right_60,42962
01832_drop_orbit_left_72_seed40832,/home/nvme04/workspace/world_model_phys/PHYS/world_model_phys/local_assets/data/physion/generated_v5/converted_stage1_v1/01832_drop_orbit_left_72_seed40832,drop,orbit_left_72,40832
03079_collision_strafe_left_180_seed42079,/home/nvme04/workspace/world_model_phys/PHYS/world_model_phys/local_assets/data/physion/generated_v5/converted_stage1_v1/03079_collision_strafe_left_180_seed42079,collision,strafe_left_180,42079
03307_collision_strafe_left_180_seed42307,/home/nvme04/workspace/world_model_phys/PHYS/world_model_phys/local_assets/data/physion/generated_v5/converted_stage1_v1/03307_collision_strafe_left_180_seed42307,collision,strafe_left_180,42307
02622_collision_orbit_right_64_seed41622,/home/nvme04/workspace/world_model_phys/PHYS/world_model_phys/local_assets/data/physion/generated_v5/converted_stage1_v1/02622_collision_orbit_right_64_seed41622,collision,orbit_right_64,41622
02277_collision_strafe_left_180_seed41277,/home/nvme04/workspace/world_model_phys/PHYS/world_model_phys/local_assets/data/physion/generated_v5/converted_stage1_v1/02277_collision_strafe_left_180_seed41277,collision,strafe_left_180,41277
02341_collision_strafe_left_180_seed41341,/home/nvme04/workspace/world_model_phys/PHYS/world_model_phys/local_assets/data/physion/generated_v5/converted_stage1_v1/02341_collision_strafe_left_180_seed41341,collision,strafe_left_180,41341
02604_collision_orbit_right_64_seed41604,/home/nvme04/workspace/world_model_phys/PHYS/world_model_phys/local_assets/data/physion/generated_v5/converted_stage1_v1/02604_collision_orbit_right_64_seed41604,collision,orbit_right_64,41604
01185_drop_orbit_left_72_seed40185,/home/nvme04/workspace/world_model_phys/PHYS/world_model_phys/local_assets/data/physion/generated_v5/converted_stage1_v1/01185_drop_orbit_left_72_seed40185,drop,orbit_left_72,40185
03952_roll_orbit_right_60_seed42952,/home/nvme04/workspace/world_model_phys/PHYS/world_model_phys/local_assets/data/physion/generated_v5/converted_stage1_v1/03952_roll_orbit_right_60_seed42952,roll,orbit_right_60,42952
03943_roll_orbit_right_60_seed42943,/home/nvme04/workspace/world_model_phys/PHYS/world_model_phys/local_assets/data/physion/generated_v5/converted_stage1_v1/03943_roll_orbit_right_60_seed42943,roll,orbit_right_60,42943
02799_collision_strafe_left_180_seed41799,/home/nvme04/workspace/world_model_phys/PHYS/world_model_phys/local_assets/data/physion/generated_v5/converted_stage1_v1/02799_collision_strafe_left_180_seed41799,collision,strafe_left_180,41799
01820_drop_orbit_left_72_seed40820,/home/nvme04/workspace/world_model_phys/PHYS/world_model_phys/local_assets/data/physion/generated_v5/converted_stage1_v1/01820_drop_orbit_left_72_seed40820,drop,orbit_left_72,40820
02303_collision_strafe_left_180_seed41303,/home/nvme04/workspace/world_model_phys/PHYS/world_model_phys/local_assets/data/physion/generated_v5/converted_stage1_v1/02303_collision_strafe_left_180_seed41303,collision,strafe_left_180,41303
02752_collision_orbit_right_64_seed41752,/home/nvme04/workspace/world_model_phys/PHYS/world_model_phys/local_assets/data/physion/generated_v5/converted_stage1_v1/02752_collision_orbit_right_64_seed41752,collision,orbit_right_64,41752
01198_drop_orbit_left_72_seed40198,/home/nvme04/workspace/world_model_phys/PHYS/world_model_phys/local_assets/data/physion/generated_v5/converted_stage1_v1/01198_drop_orbit_left_72_seed40198,drop,orbit_left_72,40198
03757_roll_orbit_right_60_seed42757,/home/nvme04/workspace/world_model_phys/PHYS/world_model_phys/local_assets/data/physion/generated_v5/converted_stage1_v1/03757_roll_orbit_right_60_seed42757,roll,orbit_right_60,42757
01713_drop_orbit_left_72_seed40713,/home/nvme04/workspace/world_model_phys/PHYS/world_model_phys/local_assets/data/physion/generated_v5/converted_stage1_v1/01713_drop_orbit_left_72_seed40713,drop,orbit_left_72,40713
04372_containment_orbit_left_44_seed43372,/home/nvme04/workspace/world_model_phys/PHYS/world_model_phys/local_assets/data/physion/generated_v5/converted_stage1_v1/04372_containment_orbit_left_44_seed43372,containment,orbit_left_44,43372
02029_drop_orbit_left_72_seed41029,/home/nvme04/workspace/world_model_phys/PHYS/world_model_phys/local_assets/data/physion/generated_v5/converted_stage1_v1/02029_drop_orbit_left_72_seed41029,drop,orbit_left_72,41029
03076_collision_orbit_right_64_seed42076,/home/nvme04/workspace/world_model_phys/PHYS/world_model_phys/local_assets/data/physion/generated_v5/converted_stage1_v1/03076_collision_orbit_right_64_seed42076,collision,orbit_right_64,42076
02716_collision_orbit_right_64_seed41716,/home/nvme04/workspace/world_model_phys/PHYS/world_model_phys/local_assets/data/physion/generated_v5/converted_stage1_v1/02716_collision_orbit_right_64_seed41716,collision,orbit_right_64,41716
03166_collision_orbit_right_64_seed42166,/home/nvme04/workspace/world_model_phys/PHYS/world_model_phys/local_assets/data/physion/generated_v5/converted_stage1_v1/03166_collision_orbit_right_64_seed42166,collision,orbit_right_64,42166
02697_collision_strafe_left_180_seed41697,/home/nvme04/workspace/world_model_phys/PHYS/world_model_phys/local_assets/data/physion/generated_v5/converted_stage1_v1/02697_collision_strafe_left_180_seed41697,collision,strafe_left_180,41697
01940_drop_orbit_left_72_seed40940,/home/nvme04/workspace/world_model_phys/PHYS/world_model_phys/local_assets/data/physion/generated_v5/converted_stage1_v1/01940_drop_orbit_left_72_seed40940,drop,orbit_left_72,40940
02956_collision_orbit_right_64_seed41956,/home/nvme04/workspace/world_model_phys/PHYS/world_model_phys/local_assets/data/physion/generated_v5/converted_stage1_v1/02956_collision_orbit_right_64_seed41956,collision,orbit_right_64,41956
02698_collision_orbit_right_64_seed41698,/home/nvme04/workspace/world_model_phys/PHYS/world_model_phys/local_assets/data/physion/generated_v5/converted_stage1_v1/02698_collision_orbit_right_64_seed41698,collision,orbit_right_64,41698
04305_containment_orbit_left_44_seed43305,/home/nvme04/workspace/world_model_phys/PHYS/world_model_phys/local_assets/data/physion/generated_v5/converted_stage1_v1/04305_containment_orbit_left_44_seed43305,containment,orbit_left_44,43305
01895_drop_orbit_left_72_seed40895,/home/nvme04/workspace/world_model_phys/PHYS/world_model_phys/local_assets/data/physion/generated_v5/converted_stage1_v1/01895_drop_orbit_left_72_seed40895,drop,orbit_left_72,40895
01563_drop_orbit_left_72_seed40563,/home/nvme04/workspace/world_model_phys/PHYS/world_model_phys/local_assets/data/physion/generated_v5/converted_stage1_v1/01563_drop_orbit_left_72_seed40563,drop,orbit_left_72,40563
03137_collision_strafe_left_180_seed42137,/home/nvme04/workspace/world_model_phys/PHYS/world_model_phys/local_assets/data/physion/generated_v5/converted_stage1_v1/03137_collision_strafe_left_180_seed42137,collision,strafe_left_180,42137
02987_collision_strafe_left_180_seed41987,/home/nvme04/workspace/world_model_phys/PHYS/world_model_phys/local_assets/data/physion/generated_v5/converted_stage1_v1/02987_collision_strafe_left_180_seed41987,collision,strafe_left_180,41987
01883_drop_orbit_left_72_seed40883,/home/nvme04/workspace/world_model_phys/PHYS/world_model_phys/local_assets/data/physion/generated_v5/converted_stage1_v1/01883_drop_orbit_left_72_seed40883,drop,orbit_left_72,40883
03663_roll_orbit_right_60_seed42663,/home/nvme04/workspace/world_model_phys/PHYS/world_model_phys/local_assets/data/physion/generated_v5/converted_stage1_v1/03663_roll_orbit_right_60_seed42663,roll,orbit_right_60,42663
03646_roll_orbit_right_60_seed42646,/home/nvme04/workspace/world_model_phys/PHYS/world_model_phys/local_assets/data/physion/generated_v5/converted_stage1_v1/03646_roll_orbit_right_60_seed42646,roll,orbit_right_60,42646
01312_drop_orbit_left_72_seed40312,/home/nvme04/workspace/world_model_phys/PHYS/world_model_phys/local_assets/data/physion/generated_v5/converted_stage1_v1/01312_drop_orbit_left_72_seed40312,drop,orbit_left_72,40312
02503_collision_strafe_left_180_seed41503,/home/nvme04/workspace/world_model_phys/PHYS/world_model_phys/local_assets/data/physion/generated_v5/converted_stage1_v1/02503_collision_strafe_left_180_seed41503,collision,strafe_left_180,41503
01736_drop_orbit_left_72_seed40736,/home/nvme04/workspace/world_model_phys/PHYS/world_model_phys/local_assets/data/physion/generated_v5/converted_stage1_v1/01736_drop_orbit_left_72_seed40736,drop,orbit_left_72,40736
03272_collision_orbit_right_64_seed42272,/home/nvme04/workspace/world_model_phys/PHYS/world_model_phys/local_assets/data/physion/generated_v5/converted_stage1_v1/03272_collision_orbit_right_64_seed42272,collision,orbit_right_64,42272
01514_drop_orbit_left_72_seed40514,/home/nvme04/workspace/world_model_phys/PHYS/world_model_phys/local_assets/data/physion/generated_v5/converted_stage1_v1/01514_drop_orbit_left_72_seed40514,drop,orbit_left_72,40514
02923_collision_strafe_left_180_seed41923,/home/nvme04/workspace/world_model_phys/PHYS/world_model_phys/local_assets/data/physion/generated_v5/converted_stage1_v1/02923_collision_strafe_left_180_seed41923,collision,strafe_left_180,41923
03019_collision_strafe_left_180_seed42019,/home/nvme04/workspace/world_model_phys/PHYS/world_model_phys/local_assets/data/physion/generated_v5/converted_stage1_v1/03019_collision_strafe_left_180_seed42019,collision,strafe_left_180,42019
01976_drop_orbit_left_72_seed40976,/home/nvme04/workspace/world_model_phys/PHYS/world_model_phys/local_assets/data/physion/generated_v5/converted_stage1_v1/01976_drop_orbit_left_72_seed40976,drop,orbit_left_72,40976
01142_drop_orbit_left_72_seed40142,/home/nvme04/workspace/world_model_phys/PHYS/world_model_phys/local_assets/data/physion/generated_v5/converted_stage1_v1/01142_drop_orbit_left_72_seed40142,drop,orbit_left_72,40142
01150_drop_orbit_left_72_seed40150,/home/nvme04/workspace/world_model_phys/PHYS/world_model_phys/local_assets/data/physion/generated_v5/converted_stage1_v1/01150_drop_orbit_left_72_seed40150,drop,orbit_left_72,40150
03526_roll_orbit_right_60_seed42526,/home/nvme04/workspace/world_model_phys/PHYS/world_model_phys/local_assets/data/physion/generated_v5/converted_stage1_v1/03526_roll_orbit_right_60_seed42526,roll,orbit_right_60,42526
04252_containment_orbit_left_44_seed43252,/home/nvme04/workspace/world_model_phys/PHYS/world_model_phys/local_assets/data/physion/generated_v5/converted_stage1_v1/04252_containment_orbit_left_44_seed43252,containment,orbit_left_44,43252
02605_collision_strafe_left_180_seed41605,/home/nvme04/workspace/world_model_phys/PHYS/world_model_phys/local_assets/data/physion/generated_v5/converted_stage1_v1/02605_collision_strafe_left_180_seed41605,collision,strafe_left_180,41605
03292_collision_orbit_right_64_seed42292,/home/nvme04/workspace/world_model_phys/PHYS/world_model_phys/local_assets/data/physion/generated_v5/converted_stage1_v1/03292_collision_orbit_right_64_seed42292,collision,orbit_right_64,42292
01059_drop_orbit_left_72_seed40059,/home/nvme04/workspace/world_model_phys/PHYS/world_model_phys/local_assets/data/physion/generated_v5/converted_stage1_v1/01059_drop_orbit_left_72_seed40059,drop,orbit_left_72,40059
02940_collision_orbit_right_64_seed41940,/home/nvme04/workspace/world_model_phys/PHYS/world_model_phys/local_assets/data/physion/generated_v5/converted_stage1_v1/02940_collision_orbit_right_64_seed41940,collision,orbit_right_64,41940
04200_containment_orbit_left_44_seed43200,/home/nvme04/workspace/world_model_phys/PHYS/world_model_phys/local_assets/data/physion/generated_v5/converted_stage1_v1/04200_containment_orbit_left_44_seed43200,containment,orbit_left_44,43200
01931_drop_orbit_left_72_seed40931,/home/nvme04/workspace/world_model_phys/PHYS/world_model_phys/local_assets/data/physion/generated_v5/converted_stage1_v1/01931_drop_orbit_left_72_seed40931,drop,orbit_left_72,40931
01469_drop_orbit_left_72_seed40469,/home/nvme04/workspace/world_model_phys/PHYS/world_model_phys/local_assets/data/physion/generated_v5/converted_stage1_v1/01469_drop_orbit_left_72_seed40469,drop,orbit_left_72,40469
01648_drop_orbit_left_72_seed40648,/home/nvme04/workspace/world_model_phys/PHYS/world_model_phys/local_assets/data/physion/generated_v5/converted_stage1_v1/01648_drop_orbit_left_72_seed40648,drop,orbit_left_72,40648
01210_drop_orbit_left_72_seed40210,/home/nvme04/workspace/world_model_phys/PHYS/world_model_phys/local_assets/data/physion/generated_v5/converted_stage1_v1/01210_drop_orbit_left_72_seed40210,drop,orbit_left_72,40210
03154_collision_orbit_right_64_seed42154,/home/nvme04/workspace/world_model_phys/PHYS/world_model_phys/local_assets/data/physion/generated_v5/converted_stage1_v1/03154_collision_orbit_right_64_seed42154,collision,orbit_right_64,42154
01423_drop_orbit_left_72_seed40423,/home/nvme04/workspace/world_model_phys/PHYS/world_model_phys/local_assets/data/physion/generated_v5/converted_stage1_v1/01423_drop_orbit_left_72_seed40423,drop,orbit_left_72,40423
03158_collision_orbit_right_64_seed42158,/home/nvme04/workspace/world_model_phys/PHYS/world_model_phys/local_assets/data/physion/generated_v5/converted_stage1_v1/03158_collision_orbit_right_64_seed42158,collision,orbit_right_64,42158
01625_drop_orbit_left_72_seed40625,/home/nvme04/workspace/world_model_phys/PHYS/world_model_phys/local_assets/data/physion/generated_v5/converted_stage1_v1/01625_drop_orbit_left_72_seed40625,drop,orbit_left_72,40625
02994_collision_orbit_right_64_seed41994,/home/nvme04/workspace/world_model_phys/PHYS/world_model_phys/local_assets/data/physion/generated_v5/converted_stage1_v1/02994_collision_orbit_right_64_seed41994,collision,orbit_right_64,41994
03603_roll_orbit_right_60_seed42603,/home/nvme04/workspace/world_model_phys/PHYS/world_model_phys/local_assets/data/physion/generated_v5/converted_stage1_v1/03603_roll_orbit_right_60_seed42603,roll,orbit_right_60,42603
02152_drop_orbit_left_72_seed41152,/home/nvme04/workspace/world_model_phys/PHYS/world_model_phys/local_assets/data/physion/generated_v5/converted_stage1_v1/02152_drop_orbit_left_72_seed41152,drop,orbit_left_72,41152
01930_drop_orbit_left_72_seed40930,/home/nvme04/workspace/world_model_phys/PHYS/world_model_phys/local_assets/data/physion/generated_v5/converted_stage1_v1/01930_drop_orbit_left_72_seed40930,drop,orbit_left_72,40930
01548_drop_orbit_left_72_seed40548,/home/nvme04/workspace/world_model_phys/PHYS/world_model_phys/local_assets/data/physion/generated_v5/converted_stage1_v1/01548_drop_orbit_left_72_seed40548,drop,orbit_left_72,40548
01708_drop_orbit_left_72_seed40708,/home/nvme04/workspace/world_model_phys/PHYS/world_model_phys/local_assets/data/physion/generated_v5/converted_stage1_v1/01708_drop_orbit_left_72_seed40708,drop,orbit_left_72,40708
02058_drop_orbit_left_72_seed41058,/home/nvme04/workspace/world_model_phys/PHYS/world_model_phys/local_assets/data/physion/generated_v5/converted_stage1_v1/02058_drop_orbit_left_72_seed41058,drop,orbit_left_72,41058
02426_collision_orbit_right_64_seed41426,/home/nvme04/workspace/world_model_phys/PHYS/world_model_phys/local_assets/data/physion/generated_v5/converted_stage1_v1/02426_collision_orbit_right_64_seed41426,collision,orbit_right_64,41426
01807_drop_orbit_left_72_seed40807,/home/nvme04/workspace/world_model_phys/PHYS/world_model_phys/local_assets/data/physion/generated_v5/converted_stage1_v1/01807_drop_orbit_left_72_seed40807,drop,orbit_left_72,40807
01710_drop_orbit_left_72_seed40710,/home/nvme04/workspace/world_model_phys/PHYS/world_model_phys/local_assets/data/physion/generated_v5/converted_stage1_v1/01710_drop_orbit_left_72_seed40710,drop,orbit_left_72,40710
02354_collision_orbit_right_64_seed41354,/home/nvme04/workspace/world_model_phys/PHYS/world_model_phys/local_assets/data/physion/generated_v5/converted_stage1_v1/02354_collision_orbit_right_64_seed41354,collision,orbit_right_64,41354
01647_drop_orbit_left_72_seed40647,/home/nvme04/workspace/world_model_phys/PHYS/world_model_phys/local_assets/data/physion/generated_v5/converted_stage1_v1/01647_drop_orbit_left_72_seed40647,drop,orbit_left_72,40647
03914_roll_orbit_right_60_seed42914,/home/nvme04/workspace/world_model_phys/PHYS/world_model_phys/local_assets/data/physion/generated_v5/converted_stage1_v1/03914_roll_orbit_right_60_seed42914,roll,orbit_right_60,42914
01140_drop_orbit_left_72_seed40140,/home/nvme04/workspace/world_model_phys/PHYS/world_model_phys/local_assets/data/physion/generated_v5/converted_stage1_v1/01140_drop_orbit_left_72_seed40140,drop,orbit_left_72,40140
02654_collision_orbit_right_64_seed41654,/home/nvme04/workspace/world_model_phys/PHYS/world_model_phys/local_assets/data/physion/generated_v5/converted_stage1_v1/02654_collision_orbit_right_64_seed41654,collision,orbit_right_64,41654
03262_collision_orbit_right_64_seed42262,/home/nvme04/workspace/world_model_phys/PHYS/world_model_phys/local_assets/data/physion/generated_v5/converted_stage1_v1/03262_collision_orbit_right_64_seed42262,collision,orbit_right_64,42262
01386_drop_orbit_left_72_seed40386,/home/nvme04/workspace/world_model_phys/PHYS/world_model_phys/local_assets/data/physion/generated_v5/converted_stage1_v1/01386_drop_orbit_left_72_seed40386,drop,orbit_left_72,40386
04330_containment_orbit_left_44_seed43330,/home/nvme04/workspace/world_model_phys/PHYS/world_model_phys/local_assets/data/physion/generated_v5/converted_stage1_v1/04330_containment_orbit_left_44_seed43330,containment,orbit_left_44,43330
01431_drop_orbit_left_72_seed40431,/home/nvme04/workspace/world_model_phys/PHYS/world_model_phys/local_assets/data/physion/generated_v5/converted_stage1_v1/01431_drop_orbit_left_72_seed40431,drop,orbit_left_72,40431
03002_collision_orbit_right_64_seed42002,/home/nvme04/workspace/world_model_phys/PHYS/world_model_phys/local_assets/data/physion/generated_v5/converted_stage1_v1/03002_collision_orbit_right_64_seed42002,collision,orbit_right_64,42002
01193_drop_orbit_left_72_seed40193,/home/nvme04/workspace/world_model_phys/PHYS/world_model_phys/local_assets/data/physion/generated_v5/converted_stage1_v1/01193_drop_orbit_left_72_seed40193,drop,orbit_left_72,40193
03811_roll_orbit_right_60_seed42811,/home/nvme04/workspace/world_model_phys/PHYS/world_model_phys/local_assets/data/physion/generated_v5/converted_stage1_v1/03811_roll_orbit_right_60_seed42811,roll,orbit_right_60,42811
02929_collision_strafe_left_180_seed41929,/home/nvme04/workspace/world_model_phys/PHYS/world_model_phys/local_assets/data/physion/generated_v5/converted_stage1_v1/02929_collision_strafe_left_180_seed41929,collision,strafe_left_180,41929
03105_collision_strafe_left_180_seed42105,/home/nvme04/workspace/world_model_phys/PHYS/world_model_phys/local_assets/data/physion/generated_v5/converted_stage1_v1/03105_collision_strafe_left_180_seed42105,collision,strafe_left_180,42105
03730_roll_orbit_right_60_seed42730,/home/nvme04/workspace/world_model_phys/PHYS/world_model_phys/local_assets/data/physion/generated_v5/converted_stage1_v1/03730_roll_orbit_right_60_seed42730,roll,orbit_right_60,42730
02587_collision_strafe_left_180_seed41587,/home/nvme04/workspace/world_model_phys/PHYS/world_model_phys/local_assets/data/physion/generated_v5/converted_stage1_v1/02587_collision_strafe_left_180_seed41587,collision,strafe_left_180,41587
02683_collision_strafe_left_180_seed41683,/home/nvme04/workspace/world_model_phys/PHYS/world_model_phys/local_assets/data/physion/generated_v5/converted_stage1_v1/02683_collision_strafe_left_180_seed41683,collision,strafe_left_180,41683
01308_drop_orbit_left_72_seed40308,/home/nvme04/workspace/world_model_phys/PHYS/world_model_phys/local_assets/data/physion/generated_v5/converted_stage1_v1/01308_drop_orbit_left_72_seed40308,drop,orbit_left_72,40308
03492_roll_orbit_right_60_seed42492,/home/nvme04/workspace/world_model_phys/PHYS/world_model_phys/local_assets/data/physion/generated_v5/converted_stage1_v1/03492_roll_orbit_right_60_seed42492,roll,orbit_right_60,42492
02847_collision_strafe_left_180_seed41847,/home/nvme04/workspace/world_model_phys/PHYS/world_model_phys/local_assets/data/physion/generated_v5/converted_stage1_v1/02847_collision_strafe_left_180_seed41847,collision,strafe_left_180,41847
02898_collision_orbit_right_64_seed41898,/home/nvme04/workspace/world_model_phys/PHYS/world_model_phys/local_assets/data/physion/generated_v5/converted_stage1_v1/02898_collision_orbit_right_64_seed41898,collision,orbit_right_64,41898
02404_collision_orbit_right_64_seed41404,/home/nvme04/workspace/world_model_phys/PHYS/world_model_phys/local_assets/data/physion/generated_v5/converted_stage1_v1/02404_collision_orbit_right_64_seed41404,collision,orbit_right_64,41404
02760_collision_orbit_right_64_seed41760,/home/nvme04/workspace/world_model_phys/PHYS/world_model_phys/local_assets/data/physion/generated_v5/converted_stage1_v1/02760_collision_orbit_right_64_seed41760,collision,orbit_right_64,41760
03438_roll_orbit_right_60_seed42438,/home/nvme04/workspace/world_model_phys/PHYS/world_model_phys/local_assets/data/physion/generated_v5/converted_stage1_v1/03438_roll_orbit_right_60_seed42438,roll,orbit_right_60,42438
04262_containment_orbit_left_44_seed43262,/home/nvme04/workspace/world_model_phys/PHYS/world_model_phys/local_assets/data/physion/generated_v5/converted_stage1_v1/04262_containment_orbit_left_44_seed43262,containment,orbit_left_44,43262
01217_drop_orbit_left_72_seed40217,/home/nvme04/workspace/world_model_phys/PHYS/world_model_phys/local_assets/data/physion/generated_v5/converted_stage1_v1/01217_drop_orbit_left_72_seed40217,drop,orbit_left_72,40217
03471_roll_orbit_right_60_seed42471,/home/nvme04/workspace/world_model_phys/PHYS/world_model_phys/local_assets/data/physion/generated_v5/converted_stage1_v1/03471_roll_orbit_right_60_seed42471,roll,orbit_right_60,42471
01460_drop_orbit_left_72_seed40460,/home/nvme04/workspace/world_model_phys/PHYS/world_model_phys/local_assets/data/physion/generated_v5/converted_stage1_v1/01460_drop_orbit_left_72_seed40460,drop,orbit_left_72,40460
04047_roll_orbit_right_60_seed43047,/home/nvme04/workspace/world_model_phys/PHYS/world_model_phys/local_assets/data/physion/generated_v5/converted_stage1_v1/04047_roll_orbit_right_60_seed43047,roll,orbit_right_60,43047
02391_collision_strafe_left_180_seed41391,/home/nvme04/workspace/world_model_phys/PHYS/world_model_phys/local_assets/data/physion/generated_v5/converted_stage1_v1/02391_collision_strafe_left_180_seed41391,collision,strafe_left_180,41391
01928_drop_orbit_left_72_seed40928,/home/nvme04/workspace/world_model_phys/PHYS/world_model_phys/local_assets/data/physion/generated_v5/converted_stage1_v1/01928_drop_orbit_left_72_seed40928,drop,orbit_left_72,40928
04250_containment_orbit_left_44_seed43250,/home/nvme04/workspace/world_model_phys/PHYS/world_model_phys/local_assets/data/physion/generated_v5/converted_stage1_v1/04250_containment_orbit_left_44_seed43250,containment,orbit_left_44,43250
01669_drop_orbit_left_72_seed40669,/home/nvme04/workspace/world_model_phys/PHYS/world_model_phys/local_assets/data/physion/generated_v5/converted_stage1_v1/01669_drop_orbit_left_72_seed40669,drop,orbit_left_72,40669
01953_drop_orbit_left_72_seed40953,/home/nvme04/workspace/world_model_phys/PHYS/world_model_phys/local_assets/data/physion/generated_v5/converted_stage1_v1/01953_drop_orbit_left_72_seed40953,drop,orbit_left_72,40953
02577_collision_strafe_left_180_seed41577,/home/nvme04/workspace/world_model_phys/PHYS/world_model_phys/local_assets/data/physion/generated_v5/converted_stage1_v1/02577_collision_strafe_left_180_seed41577,collision,strafe_left_180,41577
03246_collision_orbit_right_64_seed42246,/home/nvme04/workspace/world_model_phys/PHYS/world_model_phys/local_assets/data/physion/generated_v5/converted_stage1_v1/03246_collision_orbit_right_64_seed42246,collision,orbit_right_64,42246
03219_collision_strafe_left_180_seed42219,/home/nvme04/workspace/world_model_phys/PHYS/world_model_phys/local_assets/data/physion/generated_v5/converted_stage1_v1/03219_collision_strafe_left_180_seed42219,collision,strafe_left_180,42219
01319_drop_orbit_left_72_seed40319,/home/nvme04/workspace/world_model_phys/PHYS/world_model_phys/local_assets/data/physion/generated_v5/converted_stage1_v1/01319_drop_orbit_left_72_seed40319,drop,orbit_left_72,40319
03588_roll_orbit_right_60_seed42588,/home/nvme04/workspace/world_model_phys/PHYS/world_model_phys/local_assets/data/physion/generated_v5/converted_stage1_v1/03588_roll_orbit_right_60_seed42588,roll,orbit_right_60,42588
02912_collision_orbit_right_64_seed41912,/home/nvme04/workspace/world_model_phys/PHYS/world_model_phys/local_assets/data/physion/generated_v5/converted_stage1_v1/02912_collision_orbit_right_64_seed41912,collision,orbit_right_64,41912
02076_drop_orbit_left_72_seed41076,/home/nvme04/workspace/world_model_phys/PHYS/world_model_phys/local_assets/data/physion/generated_v5/converted_stage1_v1/02076_drop_orbit_left_72_seed41076,drop,orbit_left_72,41076
03477_roll_orbit_right_60_seed42477,/home/nvme04/workspace/world_model_phys/PHYS/world_model_phys/local_assets/data/physion/generated_v5/converted_stage1_v1/03477_roll_orbit_right_60_seed42477,roll,orbit_right_60,42477
03433_roll_orbit_right_60_seed42433,/home/nvme04/workspace/world_model_phys/PHYS/world_model_phys/local_assets/data/physion/generated_v5/converted_stage1_v1/03433_roll_orbit_right_60_seed42433,roll,orbit_right_60,42433
04093_roll_orbit_right_60_seed43093,/home/nvme04/workspace/world_model_phys/PHYS/world_model_phys/local_assets/data/physion/generated_v5/converted_stage1_v1/04093_roll_orbit_right_60_seed43093,roll,orbit_right_60,43093
01851_drop_orbit_left_72_seed40851,/home/nvme04/workspace/world_model_phys/PHYS/world_model_phys/local_assets/data/physion/generated_v5/converted_stage1_v1/01851_drop_orbit_left_72_seed40851,drop,orbit_left_72,40851
01355_drop_orbit_left_72_seed40355,/home/nvme04/workspace/world_model_phys/PHYS/world_model_phys/local_assets/data/physion/generated_v5/converted_stage1_v1/01355_drop_orbit_left_72_seed40355,drop,orbit_left_72,40355
03711_roll_orbit_right_60_seed42711,/home/nvme04/workspace/world_model_phys/PHYS/world_model_phys/local_assets/data/physion/generated_v5/converted_stage1_v1/03711_roll_orbit_right_60_seed42711,roll,orbit_right_60,42711
02309_collision_strafe_left_180_seed41309,/home/nvme04/workspace/world_model_phys/PHYS/world_model_phys/local_assets/data/physion/generated_v5/converted_stage1_v1/02309_collision_strafe_left_180_seed41309,collision,strafe_left_180,41309
01913_drop_orbit_left_72_seed40913,/home/nvme04/workspace/world_model_phys/PHYS/world_model_phys/local_assets/data/physion/generated_v5/converted_stage1_v1/01913_drop_orbit_left_72_seed40913,drop,orbit_left_72,40913
02336_collision_orbit_right_64_seed41336,/home/nvme04/workspace/world_model_phys/PHYS/world_model_phys/local_assets/data/physion/generated_v5/converted_stage1_v1/02336_collision_orbit_right_64_seed41336,collision,orbit_right_64,41336
02848_collision_orbit_right_64_seed41848,/home/nvme04/workspace/world_model_phys/PHYS/world_model_phys/local_assets/data/physion/generated_v5/converted_stage1_v1/02848_collision_orbit_right_64_seed41848,collision,orbit_right_64,41848
02242_collision_orbit_right_64_seed41242,/home/nvme04/workspace/world_model_phys/PHYS/world_model_phys/local_assets/data/physion/generated_v5/converted_stage1_v1/02242_collision_orbit_right_64_seed41242,collision,orbit_right_64,41242
01981_drop_orbit_left_72_seed40981,/home/nvme04/workspace/world_model_phys/PHYS/world_model_phys/local_assets/data/physion/generated_v5/converted_stage1_v1/01981_drop_orbit_left_72_seed40981,drop,orbit_left_72,40981
01588_drop_orbit_left_72_seed40588,/home/nvme04/workspace/world_model_phys/PHYS/world_model_phys/local_assets/data/physion/generated_v5/converted_stage1_v1/01588_drop_orbit_left_72_seed40588,drop,orbit_left_72,40588
03703_roll_orbit_right_60_seed42703,/home/nvme04/workspace/world_model_phys/PHYS/world_model_phys/local_assets/data/physion/generated_v5/converted_stage1_v1/03703_roll_orbit_right_60_seed42703,roll,orbit_right_60,42703
01659_drop_orbit_left_72_seed40659,/home/nvme04/workspace/world_model_phys/PHYS/world_model_phys/local_assets/data/physion/generated_v5/converted_stage1_v1/01659_drop_orbit_left_72_seed40659,drop,orbit_left_72,40659
02237_collision_strafe_left_180_seed41237,/home/nvme04/workspace/world_model_phys/PHYS/world_model_phys/local_assets/data/physion/generated_v5/converted_stage1_v1/02237_collision_strafe_left_180_seed41237,collision,strafe_left_180,41237
02583_collision_strafe_left_180_seed41583,/home/nvme04/workspace/world_model_phys/PHYS/world_model_phys/local_assets/data/physion/generated_v5/converted_stage1_v1/02583_collision_strafe_left_180_seed41583,collision,strafe_left_180,41583
04213_containment_orbit_left_44_seed43213,/home/nvme04/workspace/world_model_phys/PHYS/world_model_phys/local_assets/data/physion/generated_v5/converted_stage1_v1/04213_containment_orbit_left_44_seed43213,containment,orbit_left_44,43213
01610_drop_orbit_left_72_seed40610,/home/nvme04/workspace/world_model_phys/PHYS/world_model_phys/local_assets/data/physion/generated_v5/converted_stage1_v1/01610_drop_orbit_left_72_seed40610,drop,orbit_left_72,40610
03378_collision_orbit_right_64_seed42378,/home/nvme04/workspace/world_model_phys/PHYS/world_model_phys/local_assets/data/physion/generated_v5/converted_stage1_v1/03378_collision_orbit_right_64_seed42378,collision,orbit_right_64,42378
02002_drop_orbit_left_72_seed41002,/home/nvme04/workspace/world_model_phys/PHYS/world_model_phys/local_assets/data/physion/generated_v5/converted_stage1_v1/02002_drop_orbit_left_72_seed41002,drop,orbit_left_72,41002
01220_drop_orbit_left_72_seed40220,/home/nvme04/workspace/world_model_phys/PHYS/world_model_phys/local_assets/data/physion/generated_v5/converted_stage1_v1/01220_drop_orbit_left_72_seed40220,drop,orbit_left_72,40220
03808_roll_orbit_right_60_seed42808,/home/nvme04/workspace/world_model_phys/PHYS/world_model_phys/local_assets/data/physion/generated_v5/converted_stage1_v1/03808_roll_orbit_right_60_seed42808,roll,orbit_right_60,42808
04382_containment_orbit_left_44_seed43382,/home/nvme04/workspace/world_model_phys/PHYS/world_model_phys/local_assets/data/physion/generated_v5/converted_stage1_v1/04382_containment_orbit_left_44_seed43382,containment,orbit_left_44,43382
03750_roll_orbit_right_60_seed42750,/home/nvme04/workspace/world_model_phys/PHYS/world_model_phys/local_assets/data/physion/generated_v5/converted_stage1_v1/03750_roll_orbit_right_60_seed42750,roll,orbit_right_60,42750
03429_roll_orbit_right_60_seed42429,/home/nvme04/workspace/world_model_phys/PHYS/world_model_phys/local_assets/data/physion/generated_v5/converted_stage1_v1/03429_roll_orbit_right_60_seed42429,roll,orbit_right_60,42429
03950_roll_orbit_right_60_seed42950,/home/nvme04/workspace/world_model_phys/PHYS/world_model_phys/local_assets/data/physion/generated_v5/converted_stage1_v1/03950_roll_orbit_right_60_seed42950,roll,orbit_right_60,42950
03153_collision_strafe_left_180_seed42153,/home/nvme04/workspace/world_model_phys/PHYS/world_model_phys/local_assets/data/physion/generated_v5/converted_stage1_v1/03153_collision_strafe_left_180_seed42153,collision,strafe_left_180,42153
03689_roll_orbit_right_60_seed42689,/home/nvme04/workspace/world_model_phys/PHYS/world_model_phys/local_assets/data/physion/generated_v5/converted_stage1_v1/03689_roll_orbit_right_60_seed42689,roll,orbit_right_60,42689
03513_roll_orbit_right_60_seed42513,/home/nvme04/workspace/world_model_phys/PHYS/world_model_phys/local_assets/data/physion/generated_v5/converted_stage1_v1/03513_roll_orbit_right_60_seed42513,roll,orbit_right_60,42513
02585_collision_strafe_left_180_seed41585,/home/nvme04/workspace/world_model_phys/PHYS/world_model_phys/local_assets/data/physion/generated_v5/converted_stage1_v1/02585_collision_strafe_left_180_seed41585,collision,strafe_left_180,41585
04285_containment_orbit_left_44_seed43285,/home/nvme04/workspace/world_model_phys/PHYS/world_model_phys/local_assets/data/physion/generated_v5/converted_stage1_v1/04285_containment_orbit_left_44_seed43285,containment,orbit_left_44,43285
02844_collision_orbit_right_64_seed41844,/home/nvme04/workspace/world_model_phys/PHYS/world_model_phys/local_assets/data/physion/generated_v5/converted_stage1_v1/02844_collision_orbit_right_64_seed41844,collision,orbit_right_64,41844
02891_collision_strafe_left_180_seed41891,/home/nvme04/workspace/world_model_phys/PHYS/world_model_phys/local_assets/data/physion/generated_v5/converted_stage1_v1/02891_collision_strafe_left_180_seed41891,collision,strafe_left_180,41891
03850_roll_orbit_right_60_seed42850,/home/nvme04/workspace/world_model_phys/PHYS/world_model_phys/local_assets/data/physion/generated_v5/converted_stage1_v1/03850_roll_orbit_right_60_seed42850,roll,orbit_right_60,42850
03260_collision_orbit_right_64_seed42260,/home/nvme04/workspace/world_model_phys/PHYS/world_model_phys/local_assets/data/physion/generated_v5/converted_stage1_v1/03260_collision_orbit_right_64_seed42260,collision,orbit_right_64,42260
01153_drop_orbit_left_72_seed40153,/home/nvme04/workspace/world_model_phys/PHYS/world_model_phys/local_assets/data/physion/generated_v5/converted_stage1_v1/01153_drop_orbit_left_72_seed40153,drop,orbit_left_72,40153
01446_drop_orbit_left_72_seed40446,/home/nvme04/workspace/world_model_phys/PHYS/world_model_phys/local_assets/data/physion/generated_v5/converted_stage1_v1/01446_drop_orbit_left_72_seed40446,drop,orbit_left_72,40446
03632_roll_orbit_right_60_seed42632,/home/nvme04/workspace/world_model_phys/PHYS/world_model_phys/local_assets/data/physion/generated_v5/converted_stage1_v1/03632_roll_orbit_right_60_seed42632,roll,orbit_right_60,42632
03470_roll_orbit_right_60_seed42470,/home/nvme04/workspace/world_model_phys/PHYS/world_model_phys/local_assets/data/physion/generated_v5/converted_stage1_v1/03470_roll_orbit_right_60_seed42470,roll,orbit_right_60,42470
01652_drop_orbit_left_72_seed40652,/home/nvme04/workspace/world_model_phys/PHYS/world_model_phys/local_assets/data/physion/generated_v5/converted_stage1_v1/01652_drop_orbit_left_72_seed40652,drop,orbit_left_72,40652
03948_roll_orbit_right_60_seed42948,/home/nvme04/workspace/world_model_phys/PHYS/world_model_phys/local_assets/data/physion/generated_v5/converted_stage1_v1/03948_roll_orbit_right_60_seed42948,roll,orbit_right_60,42948
03497_roll_orbit_right_60_seed42497,/home/nvme04/workspace/world_model_phys/PHYS/world_model_phys/local_assets/data/physion/generated_v5/converted_stage1_v1/03497_roll_orbit_right_60_seed42497,roll,orbit_right_60,42497
02461_collision_strafe_left_180_seed41461,/home/nvme04/workspace/world_model_phys/PHYS/world_model_phys/local_assets/data/physion/generated_v5/converted_stage1_v1/02461_collision_strafe_left_180_seed41461,collision,strafe_left_180,41461
04281_containment_orbit_left_44_seed43281,/home/nvme04/workspace/world_model_phys/PHYS/world_model_phys/local_assets/data/physion/generated_v5/converted_stage1_v1/04281_containment_orbit_left_44_seed43281,containment,orbit_left_44,43281
01612_drop_orbit_left_72_seed40612,/home/nvme04/workspace/world_model_phys/PHYS/world_model_phys/local_assets/data/physion/generated_v5/converted_stage1_v1/01612_drop_orbit_left_72_seed40612,drop,orbit_left_72,40612
01354_drop_orbit_left_72_seed40354,/home/nvme04/workspace/world_model_phys/PHYS/world_model_phys/local_assets/data/physion/generated_v5/converted_stage1_v1/01354_drop_orbit_left_72_seed40354,drop,orbit_left_72,40354
03898_roll_orbit_right_60_seed42898,/home/nvme04/workspace/world_model_phys/PHYS/world_model_phys/local_assets/data/physion/generated_v5/converted_stage1_v1/03898_roll_orbit_right_60_seed42898,roll,orbit_right_60,42898
02525_collision_strafe_left_180_seed41525,/home/nvme04/workspace/world_model_phys/PHYS/world_model_phys/local_assets/data/physion/generated_v5/converted_stage1_v1/02525_collision_strafe_left_180_seed41525,collision,strafe_left_180,41525
02560_collision_orbit_right_64_seed41560,/home/nvme04/workspace/world_model_phys/PHYS/world_model_phys/local_assets/data/physion/generated_v5/converted_stage1_v1/02560_collision_orbit_right_64_seed41560,collision,orbit_right_64,41560
04224_containment_orbit_left_44_seed43224,/home/nvme04/workspace/world_model_phys/PHYS/world_model_phys/local_assets/data/physion/generated_v5/converted_stage1_v1/04224_containment_orbit_left_44_seed43224,containment,orbit_left_44,43224
01901_drop_orbit_left_72_seed40901,/home/nvme04/workspace/world_model_phys/PHYS/world_model_phys/local_assets/data/physion/generated_v5/converted_stage1_v1/01901_drop_orbit_left_72_seed40901,drop,orbit_left_72,40901
01477_drop_orbit_left_72_seed40477,/home/nvme04/workspace/world_model_phys/PHYS/world_model_phys/local_assets/data/physion/generated_v5/converted_stage1_v1/01477_drop_orbit_left_72_seed40477,drop,orbit_left_72,40477
03548_roll_orbit_right_60_seed42548,/home/nvme04/workspace/world_model_phys/PHYS/world_model_phys/local_assets/data/physion/generated_v5/converted_stage1_v1/03548_roll_orbit_right_60_seed42548,roll,orbit_right_60,42548
03101_collision_strafe_left_180_seed42101,/home/nvme04/workspace/world_model_phys/PHYS/world_model_phys/local_assets/data/physion/generated_v5/converted_stage1_v1/03101_collision_strafe_left_180_seed42101,collision,strafe_left_180,42101
04271_containment_orbit_left_44_seed43271,/home/nvme04/workspace/world_model_phys/PHYS/world_model_phys/local_assets/data/physion/generated_v5/converted_stage1_v1/04271_containment_orbit_left_44_seed43271,containment,orbit_left_44,43271
02300_collision_orbit_right_64_seed41300,/home/nvme04/workspace/world_model_phys/PHYS/world_model_phys/local_assets/data/physion/generated_v5/converted_stage1_v1/02300_collision_orbit_right_64_seed41300,collision,orbit_right_64,41300
01833_drop_orbit_left_72_seed40833,/home/nvme04/workspace/world_model_phys/PHYS/world_model_phys/local_assets/data/physion/generated_v5/converted_stage1_v1/01833_drop_orbit_left_72_seed40833,drop,orbit_left_72,40833
02438_collision_orbit_right_64_seed41438,/home/nvme04/workspace/world_model_phys/PHYS/world_model_phys/local_assets/data/physion/generated_v5/converted_stage1_v1/02438_collision_orbit_right_64_seed41438,collision,orbit_right_64,41438
02462_collision_orbit_right_64_seed41462,/home/nvme04/workspace/world_model_phys/PHYS/world_model_phys/local_assets/data/physion/generated_v5/converted_stage1_v1/02462_collision_orbit_right_64_seed41462,collision,orbit_right_64,41462
02862_collision_orbit_right_64_seed41862,/home/nvme04/workspace/world_model_phys/PHYS/world_model_phys/local_assets/data/physion/generated_v5/converted_stage1_v1/02862_collision_orbit_right_64_seed41862,collision,orbit_right_64,41862
02896_collision_orbit_right_64_seed41896,/home/nvme04/workspace/world_model_phys/PHYS/world_model_phys/local_assets/data/physion/generated_v5/converted_stage1_v1/02896_collision_orbit_right_64_seed41896,collision,orbit_right_64,41896
02276_collision_orbit_right_64_seed41276,/home/nvme04/workspace/world_model_phys/PHYS/world_model_phys/local_assets/data/physion/generated_v5/converted_stage1_v1/02276_collision_orbit_right_64_seed41276,collision,orbit_right_64,41276
02425_collision_strafe_left_180_seed41425,/home/nvme04/workspace/world_model_phys/PHYS/world_model_phys/local_assets/data/physion/generated_v5/converted_stage1_v1/02425_collision_strafe_left_180_seed41425,collision,strafe_left_180,41425
02061_drop_orbit_left_72_seed41061,/home/nvme04/workspace/world_model_phys/PHYS/world_model_phys/local_assets/data/physion/generated_v5/converted_stage1_v1/02061_drop_orbit_left_72_seed41061,drop,orbit_left_72,41061
04294_containment_orbit_left_44_seed43294,/home/nvme04/workspace/world_model_phys/PHYS/world_model_phys/local_assets/data/physion/generated_v5/converted_stage1_v1/04294_containment_orbit_left_44_seed43294,containment,orbit_left_44,43294
03293_collision_strafe_left_180_seed42293,/home/nvme04/workspace/world_model_phys/PHYS/world_model_phys/local_assets/data/physion/generated_v5/converted_stage1_v1/03293_collision_strafe_left_180_seed42293,collision,strafe_left_180,42293
02408_collision_orbit_right_64_seed41408,/home/nvme04/workspace/world_model_phys/PHYS/world_model_phys/local_assets/data/physion/generated_v5/converted_stage1_v1/02408_collision_orbit_right_64_seed41408,collision,orbit_right_64,41408
01619_drop_orbit_left_72_seed40619,/home/nvme04/workspace/world_model_phys/PHYS/world_model_phys/local_assets/data/physion/generated_v5/converted_stage1_v1/01619_drop_orbit_left_72_seed40619,drop,orbit_left_72,40619
02427_collision_strafe_left_180_seed41427,/home/nvme04/workspace/world_model_phys/PHYS/world_model_phys/local_assets/data/physion/generated_v5/converted_stage1_v1/02427_collision_strafe_left_180_seed41427,collision,strafe_left_180,41427
01618_drop_orbit_left_72_seed40618,/home/nvme04/workspace/world_model_phys/PHYS/world_model_phys/local_assets/data/physion/generated_v5/converted_stage1_v1/01618_drop_orbit_left_72_seed40618,drop,orbit_left_72,40618
03998_roll_orbit_right_60_seed42998,/home/nvme04/workspace/world_model_phys/PHYS/world_model_phys/local_assets/data/physion/generated_v5/converted_stage1_v1/03998_roll_orbit_right_60_seed42998,roll,orbit_right_60,42998
01481_drop_orbit_left_72_seed40481,/home/nvme04/workspace/world_model_phys/PHYS/world_model_phys/local_assets/data/physion/generated_v5/converted_stage1_v1/01481_drop_orbit_left_72_seed40481,drop,orbit_left_72,40481
01982_drop_orbit_left_72_seed40982,/home/nvme04/workspace/world_model_phys/PHYS/world_model_phys/local_assets/data/physion/generated_v5/converted_stage1_v1/01982_drop_orbit_left_72_seed40982,drop,orbit_left_72,40982
01541_drop_orbit_left_72_seed40541,/home/nvme04/workspace/world_model_phys/PHYS/world_model_phys/local_assets/data/physion/generated_v5/converted_stage1_v1/01541_drop_orbit_left_72_seed40541,drop,orbit_left_72,40541
03570_roll_orbit_right_60_seed42570,/home/nvme04/workspace/world_model_phys/PHYS/world_model_phys/local_assets/data/physion/generated_v5/converted_stage1_v1/03570_roll_orbit_right_60_seed42570,roll,orbit_right_60,42570
03678_roll_orbit_right_60_seed42678,/home/nvme04/workspace/world_model_phys/PHYS/world_model_phys/local_assets/data/physion/generated_v5/converted_stage1_v1/03678_roll_orbit_right_60_seed42678,roll,orbit_right_60,42678
02547_collision_strafe_left_180_seed41547,/home/nvme04/workspace/world_model_phys/PHYS/world_model_phys/local_assets/data/physion/generated_v5/converted_stage1_v1/02547_collision_strafe_left_180_seed41547,collision,strafe_left_180,41547
03103_collision_strafe_left_180_seed42103,/home/nvme04/workspace/world_model_phys/PHYS/world_model_phys/local_assets/data/physion/generated_v5/converted_stage1_v1/03103_collision_strafe_left_180_seed42103,collision,strafe_left_180,42103
03818_roll_orbit_right_60_seed42818,/home/nvme04/workspace/world_model_phys/PHYS/world_model_phys/local_assets/data/physion/generated_v5/converted_stage1_v1/03818_roll_orbit_right_60_seed42818,roll,orbit_right_60,42818
04390_containment_orbit_left_44_seed43390,/home/nvme04/workspace/world_model_phys/PHYS/world_model_phys/local_assets/data/physion/generated_v5/converted_stage1_v1/04390_containment_orbit_left_44_seed43390,containment,orbit_left_44,43390
03572_roll_orbit_right_60_seed42572,/home/nvme04/workspace/world_model_phys/PHYS/world_model_phys/local_assets/data/physion/generated_v5/converted_stage1_v1/03572_roll_orbit_right_60_seed42572,roll,orbit_right_60,42572
02008_drop_orbit_left_72_seed41008,/home/nvme04/workspace/world_model_phys/PHYS/world_model_phys/local_assets/data/physion/generated_v5/converted_stage1_v1/02008_drop_orbit_left_72_seed41008,drop,orbit_left_72,41008
02719_collision_strafe_left_180_seed41719,/home/nvme04/workspace/world_model_phys/PHYS/world_model_phys/local_assets/data/physion/generated_v5/converted_stage1_v1/02719_collision_strafe_left_180_seed41719,collision,strafe_left_180,41719
03445_roll_orbit_right_60_seed42445,/home/nvme04/workspace/world_model_phys/PHYS/world_model_phys/local_assets/data/physion/generated_v5/converted_stage1_v1/03445_roll_orbit_right_60_seed42445,roll,orbit_right_60,42445
01437_drop_orbit_left_72_seed40437,/home/nvme04/workspace/world_model_phys/PHYS/world_model_phys/local_assets/data/physion/generated_v5/converted_stage1_v1/01437_drop_orbit_left_72_seed40437,drop,orbit_left_72,40437
02115_drop_orbit_left_72_seed41115,/home/nvme04/workspace/world_model_phys/PHYS/world_model_phys/local_assets/data/physion/generated_v5/converted_stage1_v1/02115_drop_orbit_left_72_seed41115,drop,orbit_left_72,41115
02802_collision_orbit_right_64_seed41802,/home/nvme04/workspace/world_model_phys/PHYS/world_model_phys/local_assets/data/physion/generated_v5/converted_stage1_v1/02802_collision_orbit_right_64_seed41802,collision,orbit_right_64,41802
02138_drop_orbit_left_72_seed41138,/home/nvme04/workspace/world_model_phys/PHYS/world_model_phys/local_assets/data/physion/generated_v5/converted_stage1_v1/02138_drop_orbit_left_72_seed41138,drop,orbit_left_72,41138
02015_drop_orbit_left_72_seed41015,/home/nvme04/workspace/world_model_phys/PHYS/world_model_phys/local_assets/data/physion/generated_v5/converted_stage1_v1/02015_drop_orbit_left_72_seed41015,drop,orbit_left_72,41015
02074_drop_orbit_left_72_seed41074,/home/nvme04/workspace/world_model_phys/PHYS/world_model_phys/local_assets/data/physion/generated_v5/converted_stage1_v1/02074_drop_orbit_left_72_seed41074,drop,orbit_left_72,41074
03028_collision_orbit_right_64_seed42028,/home/nvme04/workspace/world_model_phys/PHYS/world_model_phys/local_assets/data/physion/generated_v5/converted_stage1_v1/03028_collision_orbit_right_64_seed42028,collision,orbit_right_64,42028
03311_collision_strafe_left_180_seed42311,/home/nvme04/workspace/world_model_phys/PHYS/world_model_phys/local_assets/data/physion/generated_v5/converted_stage1_v1/03311_collision_strafe_left_180_seed42311,collision,strafe_left_180,42311
03991_roll_orbit_right_60_seed42991,/home/nvme04/workspace/world_model_phys/PHYS/world_model_phys/local_assets/data/physion/generated_v5/converted_stage1_v1/03991_roll_orbit_right_60_seed42991,roll,orbit_right_60,42991
02359_collision_strafe_left_180_seed41359,/home/nvme04/workspace/world_model_phys/PHYS/world_model_phys/local_assets/data/physion/generated_v5/converted_stage1_v1/02359_collision_strafe_left_180_seed41359,collision,strafe_left_180,41359
03106_collision_orbit_right_64_seed42106,/home/nvme04/workspace/world_model_phys/PHYS/world_model_phys/local_assets/data/physion/generated_v5/converted_stage1_v1/03106_collision_orbit_right_64_seed42106,collision,orbit_right_64,42106
01434_drop_orbit_left_72_seed40434,/home/nvme04/workspace/world_model_phys/PHYS/world_model_phys/local_assets/data/physion/generated_v5/converted_stage1_v1/01434_drop_orbit_left_72_seed40434,drop,orbit_left_72,40434
02057_drop_orbit_left_72_seed41057,/home/nvme04/workspace/world_model_phys/PHYS/world_model_phys/local_assets/data/physion/generated_v5/converted_stage1_v1/02057_drop_orbit_left_72_seed41057,drop,orbit_left_72,41057
04340_containment_orbit_left_44_seed43340,/home/nvme04/workspace/world_model_phys/PHYS/world_model_phys/local_assets/data/physion/generated_v5/converted_stage1_v1/04340_containment_orbit_left_44_seed43340,containment,orbit_left_44,43340
02344_collision_orbit_right_64_seed41344,/home/nvme04/workspace/world_model_phys/PHYS/world_model_phys/local_assets/data/physion/generated_v5/converted_stage1_v1/02344_collision_orbit_right_64_seed41344,collision,orbit_right_64,41344
03466_roll_orbit_right_60_seed42466,/home/nvme04/workspace/world_model_phys/PHYS/world_model_phys/local_assets/data/physion/generated_v5/converted_stage1_v1/03466_roll_orbit_right_60_seed42466,roll,orbit_right_60,42466
03230_collision_orbit_right_64_seed42230,/home/nvme04/workspace/world_model_phys/PHYS/world_model_phys/local_assets/data/physion/generated_v5/converted_stage1_v1/03230_collision_orbit_right_64_seed42230,collision,orbit_right_64,42230
01424_drop_orbit_left_72_seed40424,/home/nvme04/workspace/world_model_phys/PHYS/world_model_phys/local_assets/data/physion/generated_v5/converted_stage1_v1/01424_drop_orbit_left_72_seed40424,drop,orbit_left_72,40424
01521_drop_orbit_left_72_seed40521,/home/nvme04/workspace/world_model_phys/PHYS/world_model_phys/local_assets/data/physion/generated_v5/converted_stage1_v1/01521_drop_orbit_left_72_seed40521,drop,orbit_left_72,40521
01286_drop_orbit_left_72_seed40286,/home/nvme04/workspace/world_model_phys/PHYS/world_model_phys/local_assets/data/physion/generated_v5/converted_stage1_v1/01286_drop_orbit_left_72_seed40286,drop,orbit_left_72,40286
01587_drop_orbit_left_72_seed40587,/home/nvme04/workspace/world_model_phys/PHYS/world_model_phys/local_assets/data/physion/generated_v5/converted_stage1_v1/01587_drop_orbit_left_72_seed40587,drop,orbit_left_72,40587
02196_drop_orbit_left_72_seed41196,/home/nvme04/workspace/world_model_phys/PHYS/world_model_phys/local_assets/data/physion/generated_v5/converted_stage1_v1/02196_drop_orbit_left_72_seed41196,drop,orbit_left_72,41196
02395_collision_strafe_left_180_seed41395,/home/nvme04/workspace/world_model_phys/PHYS/world_model_phys/local_assets/data/physion/generated_v5/converted_stage1_v1/02395_collision_strafe_left_180_seed41395,collision,strafe_left_180,41395
02711_collision_strafe_left_180_seed41711,/home/nvme04/workspace/world_model_phys/PHYS/world_model_phys/local_assets/data/physion/generated_v5/converted_stage1_v1/02711_collision_strafe_left_180_seed41711,collision,strafe_left_180,41711
01415_drop_orbit_left_72_seed40415,/home/nvme04/workspace/world_model_phys/PHYS/world_model_phys/local_assets/data/physion/generated_v5/converted_stage1_v1/01415_drop_orbit_left_72_seed40415,drop,orbit_left_72,40415
03222_collision_orbit_right_64_seed42222,/home/nvme04/workspace/world_model_phys/PHYS/world_model_phys/local_assets/data/physion/generated_v5/converted_stage1_v1/03222_collision_orbit_right_64_seed42222,collision,orbit_right_64,42222
01978_drop_orbit_left_72_seed40978,/home/nvme04/workspace/world_model_phys/PHYS/world_model_phys/local_assets/data/physion/generated_v5/converted_stage1_v1/01978_drop_orbit_left_72_seed40978,drop,orbit_left_72,40978
04336_containment_orbit_left_44_seed43336,/home/nvme04/workspace/world_model_phys/PHYS/world_model_phys/local_assets/data/physion/generated_v5/converted_stage1_v1/04336_containment_orbit_left_44_seed43336,containment,orbit_left_44,43336
01662_drop_orbit_left_72_seed40662,/home/nvme04/workspace/world_model_phys/PHYS/world_model_phys/local_assets/data/physion/generated_v5/converted_stage1_v1/01662_drop_orbit_left_72_seed40662,drop,orbit_left_72,40662
02501_collision_strafe_left_180_seed41501,/home/nvme04/workspace/world_model_phys/PHYS/world_model_phys/local_assets/data/physion/generated_v5/converted_stage1_v1/02501_collision_strafe_left_180_seed41501,collision,strafe_left_180,41501
02308_collision_orbit_right_64_seed41308,/home/nvme04/workspace/world_model_phys/PHYS/world_model_phys/local_assets/data/physion/generated_v5/converted_stage1_v1/02308_collision_orbit_right_64_seed41308,collision,orbit_right_64,41308
03359_collision_strafe_left_180_seed42359,/home/nvme04/workspace/world_model_phys/PHYS/world_model_phys/local_assets/data/physion/generated_v5/converted_stage1_v1/03359_collision_strafe_left_180_seed42359,collision,strafe_left_180,42359
02435_collision_strafe_left_180_seed41435,/home/nvme04/workspace/world_model_phys/PHYS/world_model_phys/local_assets/data/physion/generated_v5/converted_stage1_v1/02435_collision_strafe_left_180_seed41435,collision,strafe_left_180,41435
02965_collision_strafe_left_180_seed41965,/home/nvme04/workspace/world_model_phys/PHYS/world_model_phys/local_assets/data/physion/generated_v5/converted_stage1_v1/02965_collision_strafe_left_180_seed41965,collision,strafe_left_180,41965
02997_collision_strafe_left_180_seed41997,/home/nvme04/workspace/world_model_phys/PHYS/world_model_phys/local_assets/data/physion/generated_v5/converted_stage1_v1/02997_collision_strafe_left_180_seed41997,collision,strafe_left_180,41997
04354_containment_orbit_left_44_seed43354,/home/nvme04/workspace/world_model_phys/PHYS/world_model_phys/local_assets/data/physion/generated_v5/converted_stage1_v1/04354_containment_orbit_left_44_seed43354,containment,orbit_left_44,43354
03794_roll_orbit_right_60_seed42794,/home/nvme04/workspace/world_model_phys/PHYS/world_model_phys/local_assets/data/physion/generated_v5/converted_stage1_v1/03794_roll_orbit_right_60_seed42794,roll,orbit_right_60,42794
02736_collision_orbit_right_64_seed41736,/home/nvme04/workspace/world_model_phys/PHYS/world_model_phys/local_assets/data/physion/generated_v5/converted_stage1_v1/02736_collision_orbit_right_64_seed41736,collision,orbit_right_64,41736
03839_roll_orbit_right_60_seed42839,/home/nvme04/workspace/world_model_phys/PHYS/world_model_phys/local_assets/data/physion/generated_v5/converted_stage1_v1/03839_roll_orbit_right_60_seed42839,roll,orbit_right_60,42839
01453_drop_orbit_left_72_seed40453,/home/nvme04/workspace/world_model_phys/PHYS/world_model_phys/local_assets/data/physion/generated_v5/converted_stage1_v1/01453_drop_orbit_left_72_seed40453,drop,orbit_left_72,40453
01783_drop_orbit_left_72_seed40783,/home/nvme04/workspace/world_model_phys/PHYS/world_model_phys/local_assets/data/physion/generated_v5/converted_stage1_v1/01783_drop_orbit_left_72_seed40783,drop,orbit_left_72,40783
03162_collision_orbit_right_64_seed42162,/home/nvme04/workspace/world_model_phys/PHYS/world_model_phys/local_assets/data/physion/generated_v5/converted_stage1_v1/03162_collision_orbit_right_64_seed42162,collision,orbit_right_64,42162
03841_roll_orbit_right_60_seed42841,/home/nvme04/workspace/world_model_phys/PHYS/world_model_phys/local_assets/data/physion/generated_v5/converted_stage1_v1/03841_roll_orbit_right_60_seed42841,roll,orbit_right_60,42841
03341_collision_strafe_left_180_seed42341,/home/nvme04/workspace/world_model_phys/PHYS/world_model_phys/local_assets/data/physion/generated_v5/converted_stage1_v1/03341_collision_strafe_left_180_seed42341,collision,strafe_left_180,42341
03547_roll_orbit_right_60_seed42547,/home/nvme04/workspace/world_model_phys/PHYS/world_model_phys/local_assets/data/physion/generated_v5/converted_stage1_v1/03547_roll_orbit_right_60_seed42547,roll,orbit_right_60,42547
04083_roll_orbit_right_60_seed43083,/home/nvme04/workspace/world_model_phys/PHYS/world_model_phys/local_assets/data/physion/generated_v5/converted_stage1_v1/04083_roll_orbit_right_60_seed43083,roll,orbit_right_60,43083
02120_drop_orbit_left_72_seed41120,/home/nvme04/workspace/world_model_phys/PHYS/world_model_phys/local_assets/data/physion/generated_v5/converted_stage1_v1/02120_drop_orbit_left_72_seed41120,drop,orbit_left_72,41120
03160_collision_orbit_right_64_seed42160,/home/nvme04/workspace/world_model_phys/PHYS/world_model_phys/local_assets/data/physion/generated_v5/converted_stage1_v1/03160_collision_orbit_right_64_seed42160,collision,orbit_right_64,42160
01252_drop_orbit_left_72_seed40252,/home/nvme04/workspace/world_model_phys/PHYS/world_model_phys/local_assets/data/physion/generated_v5/converted_stage1_v1/01252_drop_orbit_left_72_seed40252,drop,orbit_left_72,40252
02842_collision_orbit_right_64_seed41842,/home/nvme04/workspace/world_model_phys/PHYS/world_model_phys/local_assets/data/physion/generated_v5/converted_stage1_v1/02842_collision_orbit_right_64_seed41842,collision,orbit_right_64,41842
01013_drop_orbit_left_72_seed40013,/home/nvme04/workspace/world_model_phys/PHYS/world_model_phys/local_assets/data/physion/generated_v5/converted_stage1_v1/01013_drop_orbit_left_72_seed40013,drop,orbit_left_72,40013
01096_drop_orbit_left_72_seed40096,/home/nvme04/workspace/world_model_phys/PHYS/world_model_phys/local_assets/data/physion/generated_v5/converted_stage1_v1/01096_drop_orbit_left_72_seed40096,drop,orbit_left_72,40096
02005_drop_orbit_left_72_seed41005,/home/nvme04/workspace/world_model_phys/PHYS/world_model_phys/local_assets/data/physion/generated_v5/converted_stage1_v1/02005_drop_orbit_left_72_seed41005,drop,orbit_left_72,41005
03189_collision_strafe_left_180_seed42189,/home/nvme04/workspace/world_model_phys/PHYS/world_model_phys/local_assets/data/physion/generated_v5/converted_stage1_v1/03189_collision_strafe_left_180_seed42189,collision,strafe_left_180,42189
03263_collision_strafe_left_180_seed42263,/home/nvme04/workspace/world_model_phys/PHYS/world_model_phys/local_assets/data/physion/generated_v5/converted_stage1_v1/03263_collision_strafe_left_180_seed42263,collision,strafe_left_180,42263
03558_roll_orbit_right_60_seed42558,/home/nvme04/workspace/world_model_phys/PHYS/world_model_phys/local_assets/data/physion/generated_v5/converted_stage1_v1/03558_roll_orbit_right_60_seed42558,roll,orbit_right_60,42558
02983_collision_strafe_left_180_seed41983,/home/nvme04/workspace/world_model_phys/PHYS/world_model_phys/local_assets/data/physion/generated_v5/converted_stage1_v1/02983_collision_strafe_left_180_seed41983,collision,strafe_left_180,41983
02410_collision_orbit_right_64_seed41410,/home/nvme04/workspace/world_model_phys/PHYS/world_model_phys/local_assets/data/physion/generated_v5/converted_stage1_v1/02410_collision_orbit_right_64_seed41410,collision,orbit_right_64,41410
02197_drop_orbit_left_72_seed41197,/home/nvme04/workspace/world_model_phys/PHYS/world_model_phys/local_assets/data/physion/generated_v5/converted_stage1_v1/02197_drop_orbit_left_72_seed41197,drop,orbit_left_72,41197
01633_drop_orbit_left_72_seed40633,/home/nvme04/workspace/world_model_phys/PHYS/world_model_phys/local_assets/data/physion/generated_v5/converted_stage1_v1/01633_drop_orbit_left_72_seed40633,drop,orbit_left_72,40633
04042_roll_orbit_right_60_seed43042,/home/nvme04/workspace/world_model_phys/PHYS/world_model_phys/local_assets/data/physion/generated_v5/converted_stage1_v1/04042_roll_orbit_right_60_seed43042,roll,orbit_right_60,43042
01702_drop_orbit_left_72_seed40702,/home/nvme04/workspace/world_model_phys/PHYS/world_model_phys/local_assets/data/physion/generated_v5/converted_stage1_v1/01702_drop_orbit_left_72_seed40702,drop,orbit_left_72,40702
01293_drop_orbit_left_72_seed40293,/home/nvme04/workspace/world_model_phys/PHYS/world_model_phys/local_assets/data/physion/generated_v5/converted_stage1_v1/01293_drop_orbit_left_72_seed40293,drop,orbit_left_72,40293
02735_collision_strafe_left_180_seed41735,/home/nvme04/workspace/world_model_phys/PHYS/world_model_phys/local_assets/data/physion/generated_v5/converted_stage1_v1/02735_collision_strafe_left_180_seed41735,collision,strafe_left_180,41735
02192_drop_orbit_left_72_seed41192,/home/nvme04/workspace/world_model_phys/PHYS/world_model_phys/local_assets/data/physion/generated_v5/converted_stage1_v1/02192_drop_orbit_left_72_seed41192,drop,orbit_left_72,41192
03941_roll_orbit_right_60_seed42941,/home/nvme04/workspace/world_model_phys/PHYS/world_model_phys/local_assets/data/physion/generated_v5/converted_stage1_v1/03941_roll_orbit_right_60_seed42941,roll,orbit_right_60,42941
04379_containment_orbit_left_44_seed43379,/home/nvme04/workspace/world_model_phys/PHYS/world_model_phys/local_assets/data/physion/generated_v5/converted_stage1_v1/04379_containment_orbit_left_44_seed43379,containment,orbit_left_44,43379
02982_collision_orbit_right_64_seed41982,/home/nvme04/workspace/world_model_phys/PHYS/world_model_phys/local_assets/data/physion/generated_v5/converted_stage1_v1/02982_collision_orbit_right_64_seed41982,collision,orbit_right_64,41982
01641_drop_orbit_left_72_seed40641,/home/nvme04/workspace/world_model_phys/PHYS/world_model_phys/local_assets/data/physion/generated_v5/converted_stage1_v1/01641_drop_orbit_left_72_seed40641,drop,orbit_left_72,40641
01999_drop_orbit_left_72_seed40999,/home/nvme04/workspace/world_model_phys/PHYS/world_model_phys/local_assets/data/physion/generated_v5/converted_stage1_v1/01999_drop_orbit_left_72_seed40999,drop,orbit_left_72,40999
03593_roll_orbit_right_60_seed42593,/home/nvme04/workspace/world_model_phys/PHYS/world_model_phys/local_assets/data/physion/generated_v5/converted_stage1_v1/03593_roll_orbit_right_60_seed42593,roll,orbit_right_60,42593
03913_roll_orbit_right_60_seed42913,/home/nvme04/workspace/world_model_phys/PHYS/world_model_phys/local_assets/data/physion/generated_v5/converted_stage1_v1/03913_roll_orbit_right_60_seed42913,roll,orbit_right_60,42913
02039_drop_orbit_left_72_seed41039,/home/nvme04/workspace/world_model_phys/PHYS/world_model_phys/local_assets/data/physion/generated_v5/converted_stage1_v1/02039_drop_orbit_left_72_seed41039,drop,orbit_left_72,41039
04240_containment_orbit_left_44_seed43240,/home/nvme04/workspace/world_model_phys/PHYS/world_model_phys/local_assets/data/physion/generated_v5/converted_stage1_v1/04240_containment_orbit_left_44_seed43240,containment,orbit_left_44,43240
01665_drop_orbit_left_72_seed40665,/home/nvme04/workspace/world_model_phys/PHYS/world_model_phys/local_assets/data/physion/generated_v5/converted_stage1_v1/01665_drop_orbit_left_72_seed40665,drop,orbit_left_72,40665
02134_drop_orbit_left_72_seed41134,/home/nvme04/workspace/world_model_phys/PHYS/world_model_phys/local_assets/data/physion/generated_v5/converted_stage1_v1/02134_drop_orbit_left_72_seed41134,drop,orbit_left_72,41134
02948_collision_orbit_right_64_seed41948,/home/nvme04/workspace/world_model_phys/PHYS/world_model_phys/local_assets/data/physion/generated_v5/converted_stage1_v1/02948_collision_orbit_right_64_seed41948,collision,orbit_right_64,41948
02554_collision_orbit_right_64_seed41554,/home/nvme04/workspace/world_model_phys/PHYS/world_model_phys/local_assets/data/physion/generated_v5/converted_stage1_v1/02554_collision_orbit_right_64_seed41554,collision,orbit_right_64,41554
03414_roll_orbit_right_60_seed42414,/home/nvme04/workspace/world_model_phys/PHYS/world_model_phys/local_assets/data/physion/generated_v5/converted_stage1_v1/03414_roll_orbit_right_60_seed42414,roll,orbit_right_60,42414
02474_collision_orbit_right_64_seed41474,/home/nvme04/workspace/world_model_phys/PHYS/world_model_phys/local_assets/data/physion/generated_v5/converted_stage1_v1/02474_collision_orbit_right_64_seed41474,collision,orbit_right_64,41474
02817_collision_strafe_left_180_seed41817,/home/nvme04/workspace/world_model_phys/PHYS/world_model_phys/local_assets/data/physion/generated_v5/converted_stage1_v1/02817_collision_strafe_left_180_seed41817,collision,strafe_left_180,41817
03917_roll_orbit_right_60_seed42917,/home/nvme04/workspace/world_model_phys/PHYS/world_model_phys/local_assets/data/physion/generated_v5/converted_stage1_v1/03917_roll_orbit_right_60_seed42917,roll,orbit_right_60,42917
03145_collision_strafe_left_180_seed42145,/home/nvme04/workspace/world_model_phys/PHYS/world_model_phys/local_assets/data/physion/generated_v5/converted_stage1_v1/03145_collision_strafe_left_180_seed42145,collision,strafe_left_180,42145
03648_roll_orbit_right_60_seed42648,/home/nvme04/workspace/world_model_phys/PHYS/world_model_phys/local_assets/data/physion/generated_v5/converted_stage1_v1/03648_roll_orbit_right_60_seed42648,roll,orbit_right_60,42648
02943_collision_strafe_left_180_seed41943,/home/nvme04/workspace/world_model_phys/PHYS/world_model_phys/local_assets/data/physion/generated_v5/converted_stage1_v1/02943_collision_strafe_left_180_seed41943,collision,strafe_left_180,41943
02980_collision_orbit_right_64_seed41980,/home/nvme04/workspace/world_model_phys/PHYS/world_model_phys/local_assets/data/physion/generated_v5/converted_stage1_v1/02980_collision_orbit_right_64_seed41980,collision,orbit_right_64,41980
03239_collision_strafe_left_180_seed42239,/home/nvme04/workspace/world_model_phys/PHYS/world_model_phys/local_assets/data/physion/generated_v5/converted_stage1_v1/03239_collision_strafe_left_180_seed42239,collision,strafe_left_180,42239
03719_roll_orbit_right_60_seed42719,/home/nvme04/workspace/world_model_phys/PHYS/world_model_phys/local_assets/data/physion/generated_v5/converted_stage1_v1/03719_roll_orbit_right_60_seed42719,roll,orbit_right_60,42719
01009_drop_orbit_left_72_seed40009,/home/nvme04/workspace/world_model_phys/PHYS/world_model_phys/local_assets/data/physion/generated_v5/converted_stage1_v1/01009_drop_orbit_left_72_seed40009,drop,orbit_left_72,40009
02720_collision_orbit_right_64_seed41720,/home/nvme04/workspace/world_model_phys/PHYS/world_model_phys/local_assets/data/physion/generated_v5/converted_stage1_v1/02720_collision_orbit_right_64_seed41720,collision,orbit_right_64,41720
02325_collision_strafe_left_180_seed41325,/home/nvme04/workspace/world_model_phys/PHYS/world_model_phys/local_assets/data/physion/generated_v5/converted_stage1_v1/02325_collision_strafe_left_180_seed41325,collision,strafe_left_180,41325
03502_roll_orbit_right_60_seed42502,/home/nvme04/workspace/world_model_phys/PHYS/world_model_phys/local_assets/data/physion/generated_v5/converted_stage1_v1/03502_roll_orbit_right_60_seed42502,roll,orbit_right_60,42502
02690_collision_orbit_right_64_seed41690,/home/nvme04/workspace/world_model_phys/PHYS/world_model_phys/local_assets/data/physion/generated_v5/converted_stage1_v1/02690_collision_orbit_right_64_seed41690,collision,orbit_right_64,41690
03021_collision_strafe_left_180_seed42021,/home/nvme04/workspace/world_model_phys/PHYS/world_model_phys/local_assets/data/physion/generated_v5/converted_stage1_v1/03021_collision_strafe_left_180_seed42021,collision,strafe_left_180,42021
01693_drop_orbit_left_72_seed40693,/home/nvme04/workspace/world_model_phys/PHYS/world_model_phys/local_assets/data/physion/generated_v5/converted_stage1_v1/01693_drop_orbit_left_72_seed40693,drop,orbit_left_72,40693
01488_drop_orbit_left_72_seed40488,/home/nvme04/workspace/world_model_phys/PHYS/world_model_phys/local_assets/data/physion/generated_v5/converted_stage1_v1/01488_drop_orbit_left_72_seed40488,drop,orbit_left_72,40488
01671_drop_orbit_left_72_seed40671,/home/nvme04/workspace/world_model_phys/PHYS/world_model_phys/local_assets/data/physion/generated_v5/converted_stage1_v1/01671_drop_orbit_left_72_seed40671,drop,orbit_left_72,40671
03375_collision_strafe_left_180_seed42375,/home/nvme04/workspace/world_model_phys/PHYS/world_model_phys/local_assets/data/physion/generated_v5/converted_stage1_v1/03375_collision_strafe_left_180_seed42375,collision,strafe_left_180,42375
02704_collision_orbit_right_64_seed41704,/home/nvme04/workspace/world_model_phys/PHYS/world_model_phys/local_assets/data/physion/generated_v5/converted_stage1_v1/02704_collision_orbit_right_64_seed41704,collision,orbit_right_64,41704
03422_roll_orbit_right_60_seed42422,/home/nvme04/workspace/world_model_phys/PHYS/world_model_phys/local_assets/data/physion/generated_v5/converted_stage1_v1/03422_roll_orbit_right_60_seed42422,roll,orbit_right_60,42422
03319_collision_strafe_left_180_seed42319,/home/nvme04/workspace/world_model_phys/PHYS/world_model_phys/local_assets/data/physion/generated_v5/converted_stage1_v1/03319_collision_strafe_left_180_seed42319,collision,strafe_left_180,42319
01781_drop_orbit_left_72_seed40781,/home/nvme04/workspace/world_model_phys/PHYS/world_model_phys/local_assets/data/physion/generated_v5/converted_stage1_v1/01781_drop_orbit_left_72_seed40781,drop,orbit_left_72,40781
01532_drop_orbit_left_72_seed40532,/home/nvme04/workspace/world_model_phys/PHYS/world_model_phys/local_assets/data/physion/generated_v5/converted_stage1_v1/01532_drop_orbit_left_72_seed40532,drop,orbit_left_72,40532
03607_roll_orbit_right_60_seed42607,/home/nvme04/workspace/world_model_phys/PHYS/world_model_phys/local_assets/data/physion/generated_v5/converted_stage1_v1/03607_roll_orbit_right_60_seed42607,roll,orbit_right_60,42607
04048_roll_orbit_right_60_seed43048,/home/nvme04/workspace/world_model_phys/PHYS/world_model_phys/local_assets/data/physion/generated_v5/converted_stage1_v1/04048_roll_orbit_right_60_seed43048,roll,orbit_right_60,43048
02952_collision_orbit_right_64_seed41952,/home/nvme04/workspace/world_model_phys/PHYS/world_model_phys/local_assets/data/physion/generated_v5/converted_stage1_v1/02952_collision_orbit_right_64_seed41952,collision,orbit_right_64,41952
01520_drop_orbit_left_72_seed40520,/home/nvme04/workspace/world_model_phys/PHYS/world_model_phys/local_assets/data/physion/generated_v5/converted_stage1_v1/01520_drop_orbit_left_72_seed40520,drop,orbit_left_72,40520
01222_drop_orbit_left_72_seed40222,/home/nvme04/workspace/world_model_phys/PHYS/world_model_phys/local_assets/data/physion/generated_v5/converted_stage1_v1/01222_drop_orbit_left_72_seed40222,drop,orbit_left_72,40222
02868_collision_orbit_right_64_seed41868,/home/nvme04/workspace/world_model_phys/PHYS/world_model_phys/local_assets/data/physion/generated_v5/converted_stage1_v1/02868_collision_orbit_right_64_seed41868,collision,orbit_right_64,41868
01731_drop_orbit_left_72_seed40731,/home/nvme04/workspace/world_model_phys/PHYS/world_model_phys/local_assets/data/physion/generated_v5/converted_stage1_v1/01731_drop_orbit_left_72_seed40731,drop,orbit_left_72,40731
02264_collision_orbit_right_64_seed41264,/home/nvme04/workspace/world_model_phys/PHYS/world_model_phys/local_assets/data/physion/generated_v5/converted_stage1_v1/02264_collision_orbit_right_64_seed41264,collision,orbit_right_64,41264
02497_collision_strafe_left_180_seed41497,/home/nvme04/workspace/world_model_phys/PHYS/world_model_phys/local_assets/data/physion/generated_v5/converted_stage1_v1/02497_collision_strafe_left_180_seed41497,collision,strafe_left_180,41497
01131_drop_orbit_left_72_seed40131,/home/nvme04/workspace/world_model_phys/PHYS/world_model_phys/local_assets/data/physion/generated_v5/converted_stage1_v1/01131_drop_orbit_left_72_seed40131,drop,orbit_left_72,40131
02546_collision_orbit_right_64_seed41546,/home/nvme04/workspace/world_model_phys/PHYS/world_model_phys/local_assets/data/physion/generated_v5/converted_stage1_v1/02546_collision_orbit_right_64_seed41546,collision,orbit_right_64,41546
04045_roll_orbit_right_60_seed43045,/home/nvme04/workspace/world_model_phys/PHYS/world_model_phys/local_assets/data/physion/generated_v5/converted_stage1_v1/04045_roll_orbit_right_60_seed43045,roll,orbit_right_60,43045
02644_collision_orbit_right_64_seed41644,/home/nvme04/workspace/world_model_phys/PHYS/world_model_phys/local_assets/data/physion/generated_v5/converted_stage1_v1/02644_collision_orbit_right_64_seed41644,collision,orbit_right_64,41644
02488_collision_orbit_right_64_seed41488,/home/nvme04/workspace/world_model_phys/PHYS/world_model_phys/local_assets/data/physion/generated_v5/converted_stage1_v1/02488_collision_orbit_right_64_seed41488,collision,orbit_right_64,41488
01394_drop_orbit_left_72_seed40394,/home/nvme04/workspace/world_model_phys/PHYS/world_model_phys/local_assets/data/physion/generated_v5/converted_stage1_v1/01394_drop_orbit_left_72_seed40394,drop,orbit_left_72,40394
02304_collision_orbit_right_64_seed41304,/home/nvme04/workspace/world_model_phys/PHYS/world_model_phys/local_assets/data/physion/generated_v5/converted_stage1_v1/02304_collision_orbit_right_64_seed41304,collision,orbit_right_64,41304
02370_collision_orbit_right_64_seed41370,/home/nvme04/workspace/world_model_phys/PHYS/world_model_phys/local_assets/data/physion/generated_v5/converted_stage1_v1/02370_collision_orbit_right_64_seed41370,collision,orbit_right_64,41370
04353_containment_orbit_left_44_seed43353,/home/nvme04/workspace/world_model_phys/PHYS/world_model_phys/local_assets/data/physion/generated_v5/converted_stage1_v1/04353_containment_orbit_left_44_seed43353,containment,orbit_left_44,43353
01208_drop_orbit_left_72_seed40208,/home/nvme04/workspace/world_model_phys/PHYS/world_model_phys/local_assets/data/physion/generated_v5/converted_stage1_v1/01208_drop_orbit_left_72_seed40208,drop,orbit_left_72,40208
01791_drop_orbit_left_72_seed40791,/home/nvme04/workspace/world_model_phys/PHYS/world_model_phys/local_assets/data/physion/generated_v5/converted_stage1_v1/01791_drop_orbit_left_72_seed40791,drop,orbit_left_72,40791
02986_collision_orbit_right_64_seed41986,/home/nvme04/workspace/world_model_phys/PHYS/world_model_phys/local_assets/data/physion/generated_v5/converted_stage1_v1/02986_collision_orbit_right_64_seed41986,collision,orbit_right_64,41986
03233_collision_strafe_left_180_seed42233,/home/nvme04/workspace/world_model_phys/PHYS/world_model_phys/local_assets/data/physion/generated_v5/converted_stage1_v1/03233_collision_strafe_left_180_seed42233,collision,strafe_left_180,42233
01569_drop_orbit_left_72_seed40569,/home/nvme04/workspace/world_model_phys/PHYS/world_model_phys/local_assets/data/physion/generated_v5/converted_stage1_v1/01569_drop_orbit_left_72_seed40569,drop,orbit_left_72,40569
01231_drop_orbit_left_72_seed40231,/home/nvme04/workspace/world_model_phys/PHYS/world_model_phys/local_assets/data/physion/generated_v5/converted_stage1_v1/01231_drop_orbit_left_72_seed40231,drop,orbit_left_72,40231
02431_collision_strafe_left_180_seed41431,/home/nvme04/workspace/world_model_phys/PHYS/world_model_phys/local_assets/data/physion/generated_v5/converted_stage1_v1/02431_collision_strafe_left_180_seed41431,collision,strafe_left_180,41431
04273_containment_orbit_left_44_seed43273,/home/nvme04/workspace/world_model_phys/PHYS/world_model_phys/local_assets/data/physion/generated_v5/converted_stage1_v1/04273_containment_orbit_left_44_seed43273,containment,orbit_left_44,43273
01144_drop_orbit_left_72_seed40144,/home/nvme04/workspace/world_model_phys/PHYS/world_model_phys/local_assets/data/physion/generated_v5/converted_stage1_v1/01144_drop_orbit_left_72_seed40144,drop,orbit_left_72,40144
03416_roll_orbit_right_60_seed42416,/home/nvme04/workspace/world_model_phys/PHYS/world_model_phys/local_assets/data/physion/generated_v5/converted_stage1_v1/03416_roll_orbit_right_60_seed42416,roll,orbit_right_60,42416
03045_collision_strafe_left_180_seed42045,/home/nvme04/workspace/world_model_phys/PHYS/world_model_phys/local_assets/data/physion/generated_v5/converted_stage1_v1/03045_collision_strafe_left_180_seed42045,collision,strafe_left_180,42045
03461_roll_orbit_right_60_seed42461,/home/nvme04/workspace/world_model_phys/PHYS/world_model_phys/local_assets/data/physion/generated_v5/converted_stage1_v1/03461_roll_orbit_right_60_seed42461,roll,orbit_right_60,42461
02869_collision_strafe_left_180_seed41869,/home/nvme04/workspace/world_model_phys/PHYS/world_model_phys/local_assets/data/physion/generated_v5/converted_stage1_v1/02869_collision_strafe_left_180_seed41869,collision,strafe_left_180,41869
03308_collision_orbit_right_64_seed42308,/home/nvme04/workspace/world_model_phys/PHYS/world_model_phys/local_assets/data/physion/generated_v5/converted_stage1_v1/03308_collision_orbit_right_64_seed42308,collision,orbit_right_64,42308
03656_roll_orbit_right_60_seed42656,/home/nvme04/workspace/world_model_phys/PHYS/world_model_phys/local_assets/data/physion/generated_v5/converted_stage1_v1/03656_roll_orbit_right_60_seed42656,roll,orbit_right_60,42656
03315_collision_strafe_left_180_seed42315,/home/nvme04/workspace/world_model_phys/PHYS/world_model_phys/local_assets/data/physion/generated_v5/converted_stage1_v1/03315_collision_strafe_left_180_seed42315,collision,strafe_left_180,42315
02660_collision_orbit_right_64_seed41660,/home/nvme04/workspace/world_model_phys/PHYS/world_model_phys/local_assets/data/physion/generated_v5/converted_stage1_v1/02660_collision_orbit_right_64_seed41660,collision,orbit_right_64,41660
02393_collision_strafe_left_180_seed41393,/home/nvme04/workspace/world_model_phys/PHYS/world_model_phys/local_assets/data/physion/generated_v5/converted_stage1_v1/02393_collision_strafe_left_180_seed41393,collision,strafe_left_180,41393
03706_roll_orbit_right_60_seed42706,/home/nvme04/workspace/world_model_phys/PHYS/world_model_phys/local_assets/data/physion/generated_v5/converted_stage1_v1/03706_roll_orbit_right_60_seed42706,roll,orbit_right_60,42706
01367_drop_orbit_left_72_seed40367,/home/nvme04/workspace/world_model_phys/PHYS/world_model_phys/local_assets/data/physion/generated_v5/converted_stage1_v1/01367_drop_orbit_left_72_seed40367,drop,orbit_left_72,40367
04387_containment_orbit_left_44_seed43387,/home/nvme04/workspace/world_model_phys/PHYS/world_model_phys/local_assets/data/physion/generated_v5/converted_stage1_v1/04387_containment_orbit_left_44_seed43387,containment,orbit_left_44,43387
02103_drop_orbit_left_72_seed41103,/home/nvme04/workspace/world_model_phys/PHYS/world_model_phys/local_assets/data/physion/generated_v5/converted_stage1_v1/02103_drop_orbit_left_72_seed41103,drop,orbit_left_72,41103
03012_collision_orbit_right_64_seed42012,/home/nvme04/workspace/world_model_phys/PHYS/world_model_phys/local_assets/data/physion/generated_v5/converted_stage1_v1/03012_collision_orbit_right_64_seed42012,collision,orbit_right_64,42012
03862_roll_orbit_right_60_seed42862,/home/nvme04/workspace/world_model_phys/PHYS/world_model_phys/local_assets/data/physion/generated_v5/converted_stage1_v1/03862_roll_orbit_right_60_seed42862,roll,orbit_right_60,42862
02540_collision_orbit_right_64_seed41540,/home/nvme04/workspace/world_model_phys/PHYS/world_model_phys/local_assets/data/physion/generated_v5/converted_stage1_v1/02540_collision_orbit_right_64_seed41540,collision,orbit_right_64,41540
03413_roll_orbit_right_60_seed42413,/home/nvme04/workspace/world_model_phys/PHYS/world_model_phys/local_assets/data/physion/generated_v5/converted_stage1_v1/03413_roll_orbit_right_60_seed42413,roll,orbit_right_60,42413
04269_containment_orbit_left_44_seed43269,/home/nvme04/workspace/world_model_phys/PHYS/world_model_phys/local_assets/data/physion/generated_v5/converted_stage1_v1/04269_containment_orbit_left_44_seed43269,containment,orbit_left_44,43269
04000_roll_orbit_right_60_seed43000,/home/nvme04/workspace/world_model_phys/PHYS/world_model_phys/local_assets/data/physion/generated_v5/converted_stage1_v1/04000_roll_orbit_right_60_seed43000,roll,orbit_right_60,43000
01486_drop_orbit_left_72_seed40486,/home/nvme04/workspace/world_model_phys/PHYS/world_model_phys/local_assets/data/physion/generated_v5/converted_stage1_v1/01486_drop_orbit_left_72_seed40486,drop,orbit_left_72,40486
02398_collision_orbit_right_64_seed41398,/home/nvme04/workspace/world_model_phys/PHYS/world_model_phys/local_assets/data/physion/generated_v5/converted_stage1_v1/02398_collision_orbit_right_64_seed41398,collision,orbit_right_64,41398
04349_containment_orbit_left_44_seed43349,/home/nvme04/workspace/world_model_phys/PHYS/world_model_phys/local_assets/data/physion/generated_v5/converted_stage1_v1/04349_containment_orbit_left_44_seed43349,containment,orbit_left_44,43349
03339_collision_strafe_left_180_seed42339,/home/nvme04/workspace/world_model_phys/PHYS/world_model_phys/local_assets/data/physion/generated_v5/converted_stage1_v1/03339_collision_strafe_left_180_seed42339,collision,strafe_left_180,42339
02566_collision_orbit_right_64_seed41566,/home/nvme04/workspace/world_model_phys/PHYS/world_model_phys/local_assets/data/physion/generated_v5/converted_stage1_v1/02566_collision_orbit_right_64_seed41566,collision,orbit_right_64,41566
03148_collision_orbit_right_64_seed42148,/home/nvme04/workspace/world_model_phys/PHYS/world_model_phys/local_assets/data/physion/generated_v5/converted_stage1_v1/03148_collision_orbit_right_64_seed42148,collision,orbit_right_64,42148
03193_collision_strafe_left_180_seed42193,/home/nvme04/workspace/world_model_phys/PHYS/world_model_phys/local_assets/data/physion/generated_v5/converted_stage1_v1/03193_collision_strafe_left_180_seed42193,collision,strafe_left_180,42193
02659_collision_strafe_left_180_seed41659,/home/nvme04/workspace/world_model_phys/PHYS/world_model_phys/local_assets/data/physion/generated_v5/converted_stage1_v1/02659_collision_strafe_left_180_seed41659,collision,strafe_left_180,41659
02863_collision_strafe_left_180_seed41863,/home/nvme04/workspace/world_model_phys/PHYS/world_model_phys/local_assets/data/physion/generated_v5/converted_stage1_v1/02863_collision_strafe_left_180_seed41863,collision,strafe_left_180,41863
03063_collision_strafe_left_180_seed42063,/home/nvme04/workspace/world_model_phys/PHYS/world_model_phys/local_assets/data/physion/generated_v5/converted_stage1_v1/03063_collision_strafe_left_180_seed42063,collision,strafe_left_180,42063
03786_roll_orbit_right_60_seed42786,/home/nvme04/workspace/world_model_phys/PHYS/world_model_phys/local_assets/data/physion/generated_v5/converted_stage1_v1/03786_roll_orbit_right_60_seed42786,roll,orbit_right_60,42786
01957_drop_orbit_left_72_seed40957,/home/nvme04/workspace/world_model_phys/PHYS/world_model_phys/local_assets/data/physion/generated_v5/converted_stage1_v1/01957_drop_orbit_left_72_seed40957,drop,orbit_left_72,40957
03487_roll_orbit_right_60_seed42487,/home/nvme04/workspace/world_model_phys/PHYS/world_model_phys/local_assets/data/physion/generated_v5/converted_stage1_v1/03487_roll_orbit_right_60_seed42487,roll,orbit_right_60,42487
01281_drop_orbit_left_72_seed40281,/home/nvme04/workspace/world_model_phys/PHYS/world_model_phys/local_assets/data/physion/generated_v5/converted_stage1_v1/01281_drop_orbit_left_72_seed40281,drop,orbit_left_72,40281
02789_collision_strafe_left_180_seed41789,/home/nvme04/workspace/world_model_phys/PHYS/world_model_phys/local_assets/data/physion/generated_v5/converted_stage1_v1/02789_collision_strafe_left_180_seed41789,collision,strafe_left_180,41789
03058_collision_orbit_right_64_seed42058,/home/nvme04/workspace/world_model_phys/PHYS/world_model_phys/local_assets/data/physion/generated_v5/converted_stage1_v1/03058_collision_orbit_right_64_seed42058,collision,orbit_right_64,42058
01542_drop_orbit_left_72_seed40542,/home/nvme04/workspace/world_model_phys/PHYS/world_model_phys/local_assets/data/physion/generated_v5/converted_stage1_v1/01542_drop_orbit_left_72_seed40542,drop,orbit_left_72,40542
01223_drop_orbit_left_72_seed40223,/home/nvme04/workspace/world_model_phys/PHYS/world_model_phys/local_assets/data/physion/generated_v5/converted_stage1_v1/01223_drop_orbit_left_72_seed40223,drop,orbit_left_72,40223
01229_drop_orbit_left_72_seed40229,/home/nvme04/workspace/world_model_phys/PHYS/world_model_phys/local_assets/data/physion/generated_v5/converted_stage1_v1/01229_drop_orbit_left_72_seed40229,drop,orbit_left_72,40229
02597_collision_strafe_left_180_seed41597,/home/nvme04/workspace/world_model_phys/PHYS/world_model_phys/local_assets/data/physion/generated_v5/converted_stage1_v1/02597_collision_strafe_left_180_seed41597,collision,strafe_left_180,41597
03501_roll_orbit_right_60_seed42501,/home/nvme04/workspace/world_model_phys/PHYS/world_model_phys/local_assets/data/physion/generated_v5/converted_stage1_v1/03501_roll_orbit_right_60_seed42501,roll,orbit_right_60,42501
01818_drop_orbit_left_72_seed40818,/home/nvme04/workspace/world_model_phys/PHYS/world_model_phys/local_assets/data/physion/generated_v5/converted_stage1_v1/01818_drop_orbit_left_72_seed40818,drop,orbit_left_72,40818
02078_drop_orbit_left_72_seed41078,/home/nvme04/workspace/world_model_phys/PHYS/world_model_phys/local_assets/data/physion/generated_v5/converted_stage1_v1/02078_drop_orbit_left_72_seed41078,drop,orbit_left_72,41078
01019_drop_orbit_left_72_seed40019,/home/nvme04/workspace/world_model_phys/PHYS/world_model_phys/local_assets/data/physion/generated_v5/converted_stage1_v1/01019_drop_orbit_left_72_seed40019,drop,orbit_left_72,40019
01339_drop_orbit_left_72_seed40339,/home/nvme04/workspace/world_model_phys/PHYS/world_model_phys/local_assets/data/physion/generated_v5/converted_stage1_v1/01339_drop_orbit_left_72_seed40339,drop,orbit_left_72,40339
03184_collision_orbit_right_64_seed42184,/home/nvme04/workspace/world_model_phys/PHYS/world_model_phys/local_assets/data/physion/generated_v5/converted_stage1_v1/03184_collision_orbit_right_64_seed42184,collision,orbit_right_64,42184
02563_collision_strafe_left_180_seed41563,/home/nvme04/workspace/world_model_phys/PHYS/world_model_phys/local_assets/data/physion/generated_v5/converted_stage1_v1/02563_collision_strafe_left_180_seed41563,collision,strafe_left_180,41563
04277_containment_orbit_left_44_seed43277,/home/nvme04/workspace/world_model_phys/PHYS/world_model_phys/local_assets/data/physion/generated_v5/converted_stage1_v1/04277_containment_orbit_left_44_seed43277,containment,orbit_left_44,43277
02369_collision_strafe_left_180_seed41369,/home/nvme04/workspace/world_model_phys/PHYS/world_model_phys/local_assets/data/physion/generated_v5/converted_stage1_v1/02369_collision_strafe_left_180_seed41369,collision,strafe_left_180,41369
01699_drop_orbit_left_72_seed40699,/home/nvme04/workspace/world_model_phys/PHYS/world_model_phys/local_assets/data/physion/generated_v5/converted_stage1_v1/01699_drop_orbit_left_72_seed40699,drop,orbit_left_72,40699
01439_drop_orbit_left_72_seed40439,/home/nvme04/workspace/world_model_phys/PHYS/world_model_phys/local_assets/data/physion/generated_v5/converted_stage1_v1/01439_drop_orbit_left_72_seed40439,drop,orbit_left_72,40439
01921_drop_orbit_left_72_seed40921,/home/nvme04/workspace/world_model_phys/PHYS/world_model_phys/local_assets/data/physion/generated_v5/converted_stage1_v1/01921_drop_orbit_left_72_seed40921,drop,orbit_left_72,40921
04219_containment_orbit_left_44_seed43219,/home/nvme04/workspace/world_model_phys/PHYS/world_model_phys/local_assets/data/physion/generated_v5/converted_stage1_v1/04219_containment_orbit_left_44_seed43219,containment,orbit_left_44,43219
02878_collision_orbit_right_64_seed41878,/home/nvme04/workspace/world_model_phys/PHYS/world_model_phys/local_assets/data/physion/generated_v5/converted_stage1_v1/02878_collision_orbit_right_64_seed41878,collision,orbit_right_64,41878
04232_containment_orbit_left_44_seed43232,/home/nvme04/workspace/world_model_phys/PHYS/world_model_phys/local_assets/data/physion/generated_v5/converted_stage1_v1/04232_containment_orbit_left_44_seed43232,containment,orbit_left_44,43232
03551_roll_orbit_right_60_seed42551,/home/nvme04/workspace/world_model_phys/PHYS/world_model_phys/local_assets/data/physion/generated_v5/converted_stage1_v1/03551_roll_orbit_right_60_seed42551,roll,orbit_right_60,42551
03795_roll_orbit_right_60_seed42795,/home/nvme04/workspace/world_model_phys/PHYS/world_model_phys/local_assets/data/physion/generated_v5/converted_stage1_v1/03795_roll_orbit_right_60_seed42795,roll,orbit_right_60,42795
02327_collision_strafe_left_180_seed41327,/home/nvme04/workspace/world_model_phys/PHYS/world_model_phys/local_assets/data/physion/generated_v5/converted_stage1_v1/02327_collision_strafe_left_180_seed41327,collision,strafe_left_180,41327
01510_drop_orbit_left_72_seed40510,/home/nvme04/workspace/world_model_phys/PHYS/world_model_phys/local_assets/data/physion/generated_v5/converted_stage1_v1/01510_drop_orbit_left_72_seed40510,drop,orbit_left_72,40510
01621_drop_orbit_left_72_seed40621,/home/nvme04/workspace/world_model_phys/PHYS/world_model_phys/local_assets/data/physion/generated_v5/converted_stage1_v1/01621_drop_orbit_left_72_seed40621,drop,orbit_left_72,40621
02777_collision_strafe_left_180_seed41777,/home/nvme04/workspace/world_model_phys/PHYS/world_model_phys/local_assets/data/physion/generated_v5/converted_stage1_v1/02777_collision_strafe_left_180_seed41777,collision,strafe_left_180,41777
01092_drop_orbit_left_72_seed40092,/home/nvme04/workspace/world_model_phys/PHYS/world_model_phys/local_assets/data/physion/generated_v5/converted_stage1_v1/01092_drop_orbit_left_72_seed40092,drop,orbit_left_72,40092
04371_containment_orbit_left_44_seed43371,/home/nvme04/workspace/world_model_phys/PHYS/world_model_phys/local_assets/data/physion/generated_v5/converted_stage1_v1/04371_containment_orbit_left_44_seed43371,containment,orbit_left_44,43371
03081_collision_strafe_left_180_seed42081,/home/nvme04/workspace/world_model_phys/PHYS/world_model_phys/local_assets/data/physion/generated_v5/converted_stage1_v1/03081_collision_strafe_left_180_seed42081,collision,strafe_left_180,42081
04288_containment_orbit_left_44_seed43288,/home/nvme04/workspace/world_model_phys/PHYS/world_model_phys/local_assets/data/physion/generated_v5/converted_stage1_v1/04288_containment_orbit_left_44_seed43288,containment,orbit_left_44,43288
03450_roll_orbit_right_60_seed42450,/home/nvme04/workspace/world_model_phys/PHYS/world_model_phys/local_assets/data/physion/generated_v5/converted_stage1_v1/03450_roll_orbit_right_60_seed42450,roll,orbit_right_60,42450
01971_drop_orbit_left_72_seed40971,/home/nvme04/workspace/world_model_phys/PHYS/world_model_phys/local_assets/data/physion/generated_v5/converted_stage1_v1/01971_drop_orbit_left_72_seed40971,drop,orbit_left_72,40971
03855_roll_orbit_right_60_seed42855,/home/nvme04/workspace/world_model_phys/PHYS/world_model_phys/local_assets/data/physion/generated_v5/converted_stage1_v1/03855_roll_orbit_right_60_seed42855,roll,orbit_right_60,42855
03346_collision_orbit_right_64_seed42346,/home/nvme04/workspace/world_model_phys/PHYS/world_model_phys/local_assets/data/physion/generated_v5/converted_stage1_v1/03346_collision_orbit_right_64_seed42346,collision,orbit_right_64,42346
03005_collision_strafe_left_180_seed42005,/home/nvme04/workspace/world_model_phys/PHYS/world_model_phys/local_assets/data/physion/generated_v5/converted_stage1_v1/03005_collision_strafe_left_180_seed42005,collision,strafe_left_180,42005
03813_roll_orbit_right_60_seed42813,/home/nvme04/workspace/world_model_phys/PHYS/world_model_phys/local_assets/data/physion/generated_v5/converted_stage1_v1/03813_roll_orbit_right_60_seed42813,roll,orbit_right_60,42813
01782_drop_orbit_left_72_seed40782,/home/nvme04/workspace/world_model_phys/PHYS/world_model_phys/local_assets/data/physion/generated_v5/converted_stage1_v1/01782_drop_orbit_left_72_seed40782,drop,orbit_left_72,40782
01391_drop_orbit_left_72_seed40391,/home/nvme04/workspace/world_model_phys/PHYS/world_model_phys/local_assets/data/physion/generated_v5/converted_stage1_v1/01391_drop_orbit_left_72_seed40391,drop,orbit_left_72,40391
01826_drop_orbit_left_72_seed40826,/home/nvme04/workspace/world_model_phys/PHYS/world_model_phys/local_assets/data/physion/generated_v5/converted_stage1_v1/01826_drop_orbit_left_72_seed40826,drop,orbit_left_72,40826
02894_collision_orbit_right_64_seed41894,/home/nvme04/workspace/world_model_phys/PHYS/world_model_phys/local_assets/data/physion/generated_v5/converted_stage1_v1/02894_collision_orbit_right_64_seed41894,collision,orbit_right_64,41894
03817_roll_orbit_right_60_seed42817,/home/nvme04/workspace/world_model_phys/PHYS/world_model_phys/local_assets/data/physion/generated_v5/converted_stage1_v1/03817_roll_orbit_right_60_seed42817,roll,orbit_right_60,42817
03618_roll_orbit_right_60_seed42618,/home/nvme04/workspace/world_model_phys/PHYS/world_model_phys/local_assets/data/physion/generated_v5/converted_stage1_v1/03618_roll_orbit_right_60_seed42618,roll,orbit_right_60,42618
02165_drop_orbit_left_72_seed41165,/home/nvme04/workspace/world_model_phys/PHYS/world_model_phys/local_assets/data/physion/generated_v5/converted_stage1_v1/02165_drop_orbit_left_72_seed41165,drop,orbit_left_72,41165
04006_roll_orbit_right_60_seed43006,/home/nvme04/workspace/world_model_phys/PHYS/world_model_phys/local_assets/data/physion/generated_v5/converted_stage1_v1/04006_roll_orbit_right_60_seed43006,roll,orbit_right_60,43006
01686_drop_orbit_left_72_seed40686,/home/nvme04/workspace/world_model_phys/PHYS/world_model_phys/local_assets/data/physion/generated_v5/converted_stage1_v1/01686_drop_orbit_left_72_seed40686,drop,orbit_left_72,40686
02617_collision_strafe_left_180_seed41617,/home/nvme04/workspace/world_model_phys/PHYS/world_model_phys/local_assets/data/physion/generated_v5/converted_stage1_v1/02617_collision_strafe_left_180_seed41617,collision,strafe_left_180,41617
02668_collision_orbit_right_64_seed41668,/home/nvme04/workspace/world_model_phys/PHYS/world_model_phys/local_assets/data/physion/generated_v5/converted_stage1_v1/02668_collision_orbit_right_64_seed41668,collision,orbit_right_64,41668
03949_roll_orbit_right_60_seed42949,/home/nvme04/workspace/world_model_phys/PHYS/world_model_phys/local_assets/data/physion/generated_v5/converted_stage1_v1/03949_roll_orbit_right_60_seed42949,roll,orbit_right_60,42949
03778_roll_orbit_right_60_seed42778,/home/nvme04/workspace/world_model_phys/PHYS/world_model_phys/local_assets/data/physion/generated_v5/converted_stage1_v1/03778_roll_orbit_right_60_seed42778,roll,orbit_right_60,42778
03619_roll_orbit_right_60_seed42619,/home/nvme04/workspace/world_model_phys/PHYS/world_model_phys/local_assets/data/physion/generated_v5/converted_stage1_v1/03619_roll_orbit_right_60_seed42619,roll,orbit_right_60,42619
03963_roll_orbit_right_60_seed42963,/home/nvme04/workspace/world_model_phys/PHYS/world_model_phys/local_assets/data/physion/generated_v5/converted_stage1_v1/03963_roll_orbit_right_60_seed42963,roll,orbit_right_60,42963
02066_drop_orbit_left_72_seed41066,/home/nvme04/workspace/world_model_phys/PHYS/world_model_phys/local_assets/data/physion/generated_v5/converted_stage1_v1/02066_drop_orbit_left_72_seed41066,drop,orbit_left_72,41066
01248_drop_orbit_left_72_seed40248,/home/nvme04/workspace/world_model_phys/PHYS/world_model_phys/local_assets/data/physion/generated_v5/converted_stage1_v1/01248_drop_orbit_left_72_seed40248,drop,orbit_left_72,40248
01627_drop_orbit_left_72_seed40627,/home/nvme04/workspace/world_model_phys/PHYS/world_model_phys/local_assets/data/physion/generated_v5/converted_stage1_v1/01627_drop_orbit_left_72_seed40627,drop,orbit_left_72,40627
01677_drop_orbit_left_72_seed40677,/home/nvme04/workspace/world_model_phys/PHYS/world_model_phys/local_assets/data/physion/generated_v5/converted_stage1_v1/01677_drop_orbit_left_72_seed40677,drop,orbit_left_72,40677
04352_containment_orbit_left_44_seed43352,/home/nvme04/workspace/world_model_phys/PHYS/world_model_phys/local_assets/data/physion/generated_v5/converted_stage1_v1/04352_containment_orbit_left_44_seed43352,containment,orbit_left_44,43352
03759_roll_orbit_right_60_seed42759,/home/nvme04/workspace/world_model_phys/PHYS/world_model_phys/local_assets/data/physion/generated_v5/converted_stage1_v1/03759_roll_orbit_right_60_seed42759,roll,orbit_right_60,42759
02908_collision_orbit_right_64_seed41908,/home/nvme04/workspace/world_model_phys/PHYS/world_model_phys/local_assets/data/physion/generated_v5/converted_stage1_v1/02908_collision_orbit_right_64_seed41908,collision,orbit_right_64,41908
01260_drop_orbit_left_72_seed40260,/home/nvme04/workspace/world_model_phys/PHYS/world_model_phys/local_assets/data/physion/generated_v5/converted_stage1_v1/01260_drop_orbit_left_72_seed40260,drop,orbit_left_72,40260
01550_drop_orbit_left_72_seed40550,/home/nvme04/workspace/world_model_phys/PHYS/world_model_phys/local_assets/data/physion/generated_v5/converted_stage1_v1/01550_drop_orbit_left_72_seed40550,drop,orbit_left_72,40550
04284_containment_orbit_left_44_seed43284,/home/nvme04/workspace/world_model_phys/PHYS/world_model_phys/local_assets/data/physion/generated_v5/converted_stage1_v1/04284_containment_orbit_left_44_seed43284,containment,orbit_left_44,43284
02603_collision_strafe_left_180_seed41603,/home/nvme04/workspace/world_model_phys/PHYS/world_model_phys/local_assets/data/physion/generated_v5/converted_stage1_v1/02603_collision_strafe_left_180_seed41603,collision,strafe_left_180,41603
03261_collision_strafe_left_180_seed42261,/home/nvme04/workspace/world_model_phys/PHYS/world_model_phys/local_assets/data/physion/generated_v5/converted_stage1_v1/03261_collision_strafe_left_180_seed42261,collision,strafe_left_180,42261
03888_roll_orbit_right_60_seed42888,/home/nvme04/workspace/world_model_phys/PHYS/world_model_phys/local_assets/data/physion/generated_v5/converted_stage1_v1/03888_roll_orbit_right_60_seed42888,roll,orbit_right_60,42888
03421_roll_orbit_right_60_seed42421,/home/nvme04/workspace/world_model_phys/PHYS/world_model_phys/local_assets/data/physion/generated_v5/converted_stage1_v1/03421_roll_orbit_right_60_seed42421,roll,orbit_right_60,42421
01843_drop_orbit_left_72_seed40843,/home/nvme04/workspace/world_model_phys/PHYS/world_model_phys/local_assets/data/physion/generated_v5/converted_stage1_v1/01843_drop_orbit_left_72_seed40843,drop,orbit_left_72,40843
04276_containment_orbit_left_44_seed43276,/home/nvme04/workspace/world_model_phys/PHYS/world_model_phys/local_assets/data/physion/generated_v5/converted_stage1_v1/04276_containment_orbit_left_44_seed43276,containment,orbit_left_44,43276
03344_collision_orbit_right_64_seed42344,/home/nvme04/workspace/world_model_phys/PHYS/world_model_phys/local_assets/data/physion/generated_v5/converted_stage1_v1/03344_collision_orbit_right_64_seed42344,collision,orbit_right_64,42344
02135_drop_orbit_left_72_seed41135,/home/nvme04/workspace/world_model_phys/PHYS/world_model_phys/local_assets/data/physion/generated_v5/converted_stage1_v1/02135_drop_orbit_left_72_seed41135,drop,orbit_left_72,41135
03266_collision_orbit_right_64_seed42266,/home/nvme04/workspace/world_model_phys/PHYS/world_model_phys/local_assets/data/physion/generated_v5/converted_stage1_v1/03266_collision_orbit_right_64_seed42266,collision,orbit_right_64,42266
01053_drop_orbit_left_72_seed40053,/home/nvme04/workspace/world_model_phys/PHYS/world_model_phys/local_assets/data/physion/generated_v5/converted_stage1_v1/01053_drop_orbit_left_72_seed40053,drop,orbit_left_72,40053
02267_collision_strafe_left_180_seed41267,/home/nvme04/workspace/world_model_phys/PHYS/world_model_phys/local_assets/data/physion/generated_v5/converted_stage1_v1/02267_collision_strafe_left_180_seed41267,collision,strafe_left_180,41267
04278_containment_orbit_left_44_seed43278,/home/nvme04/workspace/world_model_phys/PHYS/world_model_phys/local_assets/data/physion/generated_v5/converted_stage1_v1/04278_containment_orbit_left_44_seed43278,containment,orbit_left_44,43278
01240_drop_orbit_left_72_seed40240,/home/nvme04/workspace/world_model_phys/PHYS/world_model_phys/local_assets/data/physion/generated_v5/converted_stage1_v1/01240_drop_orbit_left_72_seed40240,drop,orbit_left_72,40240
01003_drop_orbit_left_72_seed40003,/home/nvme04/workspace/world_model_phys/PHYS/world_model_phys/local_assets/data/physion/generated_v5/converted_stage1_v1/01003_drop_orbit_left_72_seed40003,drop,orbit_left_72,40003
02396_collision_orbit_right_64_seed41396,/home/nvme04/workspace/world_model_phys/PHYS/world_model_phys/local_assets/data/physion/generated_v5/converted_stage1_v1/02396_collision_orbit_right_64_seed41396,collision,orbit_right_64,41396
02184_drop_orbit_left_72_seed41184,/home/nvme04/workspace/world_model_phys/PHYS/world_model_phys/local_assets/data/physion/generated_v5/converted_stage1_v1/02184_drop_orbit_left_72_seed41184,drop,orbit_left_72,41184
03110_collision_orbit_right_64_seed42110,/home/nvme04/workspace/world_model_phys/PHYS/world_model_phys/local_assets/data/physion/generated_v5/converted_stage1_v1/03110_collision_orbit_right_64_seed42110,collision,orbit_right_64,42110
03419_roll_orbit_right_60_seed42419,/home/nvme04/workspace/world_model_phys/PHYS/world_model_phys/local_assets/data/physion/generated_v5/converted_stage1_v1/03419_roll_orbit_right_60_seed42419,roll,orbit_right_60,42419
01327_drop_orbit_left_72_seed40327,/home/nvme04/workspace/world_model_phys/PHYS/world_model_phys/local_assets/data/physion/generated_v5/converted_stage1_v1/01327_drop_orbit_left_72_seed40327,drop,orbit_left_72,40327
01058_drop_orbit_left_72_seed40058,/home/nvme04/workspace/world_model_phys/PHYS/world_model_phys/local_assets/data/physion/generated_v5/converted_stage1_v1/01058_drop_orbit_left_72_seed40058,drop,orbit_left_72,40058
02696_collision_orbit_right_64_seed41696,/home/nvme04/workspace/world_model_phys/PHYS/world_model_phys/local_assets/data/physion/generated_v5/converted_stage1_v1/02696_collision_orbit_right_64_seed41696,collision,orbit_right_64,41696
04055_roll_orbit_right_60_seed43055,/home/nvme04/workspace/world_model_phys/PHYS/world_model_phys/local_assets/data/physion/generated_v5/converted_stage1_v1/04055_roll_orbit_right_60_seed43055,roll,orbit_right_60,43055
04322_containment_orbit_left_44_seed43322,/home/nvme04/workspace/world_model_phys/PHYS/world_model_phys/local_assets/data/physion/generated_v5/converted_stage1_v1/04322_containment_orbit_left_44_seed43322,containment,orbit_left_44,43322
02631_collision_strafe_left_180_seed41631,/home/nvme04/workspace/world_model_phys/PHYS/world_model_phys/local_assets/data/physion/generated_v5/converted_stage1_v1/02631_collision_strafe_left_180_seed41631,collision,strafe_left_180,41631
03745_roll_orbit_right_60_seed42745,/home/nvme04/workspace/world_model_phys/PHYS/world_model_phys/local_assets/data/physion/generated_v5/converted_stage1_v1/03745_roll_orbit_right_60_seed42745,roll,orbit_right_60,42745
01622_drop_orbit_left_72_seed40622,/home/nvme04/workspace/world_model_phys/PHYS/world_model_phys/local_assets/data/physion/generated_v5/converted_stage1_v1/01622_drop_orbit_left_72_seed40622,drop,orbit_left_72,40622
02224_collision_orbit_right_64_seed41224,/home/nvme04/workspace/world_model_phys/PHYS/world_model_phys/local_assets/data/physion/generated_v5/converted_stage1_v1/02224_collision_orbit_right_64_seed41224,collision,orbit_right_64,41224
04086_roll_orbit_right_60_seed43086,/home/nvme04/workspace/world_model_phys/PHYS/world_model_phys/local_assets/data/physion/generated_v5/converted_stage1_v1/04086_roll_orbit_right_60_seed43086,roll,orbit_right_60,43086
01926_drop_orbit_left_72_seed40926,/home/nvme04/workspace/world_model_phys/PHYS/world_model_phys/local_assets/data/physion/generated_v5/converted_stage1_v1/01926_drop_orbit_left_72_seed40926,drop,orbit_left_72,40926
01695_drop_orbit_left_72_seed40695,/home/nvme04/workspace/world_model_phys/PHYS/world_model_phys/local_assets/data/physion/generated_v5/converted_stage1_v1/01695_drop_orbit_left_72_seed40695,drop,orbit_left_72,40695
01649_drop_orbit_left_72_seed40649,/home/nvme04/workspace/world_model_phys/PHYS/world_model_phys/local_assets/data/physion/generated_v5/converted_stage1_v1/01649_drop_orbit_left_72_seed40649,drop,orbit_left_72,40649
02473_collision_strafe_left_180_seed41473,/home/nvme04/workspace/world_model_phys/PHYS/world_model_phys/local_assets/data/physion/generated_v5/converted_stage1_v1/02473_collision_strafe_left_180_seed41473,collision,strafe_left_180,41473
03538_roll_orbit_right_60_seed42538,/home/nvme04/workspace/world_model_phys/PHYS/world_model_phys/local_assets/data/physion/generated_v5/converted_stage1_v1/03538_roll_orbit_right_60_seed42538,roll,orbit_right_60,42538
01041_drop_orbit_left_72_seed40041,/home/nvme04/workspace/world_model_phys/PHYS/world_model_phys/local_assets/data/physion/generated_v5/converted_stage1_v1/01041_drop_orbit_left_72_seed40041,drop,orbit_left_72,40041
02825_collision_strafe_left_180_seed41825,/home/nvme04/workspace/world_model_phys/PHYS/world_model_phys/local_assets/data/physion/generated_v5/converted_stage1_v1/02825_collision_strafe_left_180_seed41825,collision,strafe_left_180,41825
02483_collision_strafe_left_180_seed41483,/home/nvme04/workspace/world_model_phys/PHYS/world_model_phys/local_assets/data/physion/generated_v5/converted_stage1_v1/02483_collision_strafe_left_180_seed41483,collision,strafe_left_180,41483
01632_drop_orbit_left_72_seed40632,/home/nvme04/workspace/world_model_phys/PHYS/world_model_phys/local_assets/data/physion/generated_v5/converted_stage1_v1/01632_drop_orbit_left_72_seed40632,drop,orbit_left_72,40632
02815_collision_strafe_left_180_seed41815,/home/nvme04/workspace/world_model_phys/PHYS/world_model_phys/local_assets/data/physion/generated_v5/converted_stage1_v1/02815_collision_strafe_left_180_seed41815,collision,strafe_left_180,41815
03479_roll_orbit_right_60_seed42479,/home/nvme04/workspace/world_model_phys/PHYS/world_model_phys/local_assets/data/physion/generated_v5/converted_stage1_v1/03479_roll_orbit_right_60_seed42479,roll,orbit_right_60,42479
02119_drop_orbit_left_72_seed41119,/home/nvme04/workspace/world_model_phys/PHYS/world_model_phys/local_assets/data/physion/generated_v5/converted_stage1_v1/02119_drop_orbit_left_72_seed41119,drop,orbit_left_72,41119
01501_drop_orbit_left_72_seed40501,/home/nvme04/workspace/world_model_phys/PHYS/world_model_phys/local_assets/data/physion/generated_v5/converted_stage1_v1/01501_drop_orbit_left_72_seed40501,drop,orbit_left_72,40501
02941_collision_strafe_left_180_seed41941,/home/nvme04/workspace/world_model_phys/PHYS/world_model_phys/local_assets/data/physion/generated_v5/converted_stage1_v1/02941_collision_strafe_left_180_seed41941,collision,strafe_left_180,41941
02653_collision_strafe_left_180_seed41653,/home/nvme04/workspace/world_model_phys/PHYS/world_model_phys/local_assets/data/physion/generated_v5/converted_stage1_v1/02653_collision_strafe_left_180_seed41653,collision,strafe_left_180,41653
03728_roll_orbit_right_60_seed42728,/home/nvme04/workspace/world_model_phys/PHYS/world_model_phys/local_assets/data/physion/generated_v5/converted_stage1_v1/03728_roll_orbit_right_60_seed42728,roll,orbit_right_60,42728
02454_collision_orbit_right_64_seed41454,/home/nvme04/workspace/world_model_phys/PHYS/world_model_phys/local_assets/data/physion/generated_v5/converted_stage1_v1/02454_collision_orbit_right_64_seed41454,collision,orbit_right_64,41454
01168_drop_orbit_left_72_seed40168,/home/nvme04/workspace/world_model_phys/PHYS/world_model_phys/local_assets/data/physion/generated_v5/converted_stage1_v1/01168_drop_orbit_left_72_seed40168,drop,orbit_left_72,40168
01726_drop_orbit_left_72_seed40726,/home/nvme04/workspace/world_model_phys/PHYS/world_model_phys/local_assets/data/physion/generated_v5/converted_stage1_v1/01726_drop_orbit_left_72_seed40726,drop,orbit_left_72,40726
03726_roll_orbit_right_60_seed42726,/home/nvme04/workspace/world_model_phys/PHYS/world_model_phys/local_assets/data/physion/generated_v5/converted_stage1_v1/03726_roll_orbit_right_60_seed42726,roll,orbit_right_60,42726
03740_roll_orbit_right_60_seed42740,/home/nvme04/workspace/world_model_phys/PHYS/world_model_phys/local_assets/data/physion/generated_v5/converted_stage1_v1/03740_roll_orbit_right_60_seed42740,roll,orbit_right_60,42740
02662_collision_orbit_right_64_seed41662,/home/nvme04/workspace/world_model_phys/PHYS/world_model_phys/local_assets/data/physion/generated_v5/converted_stage1_v1/02662_collision_orbit_right_64_seed41662,collision,orbit_right_64,41662
03340_collision_orbit_right_64_seed42340,/home/nvme04/workspace/world_model_phys/PHYS/world_model_phys/local_assets/data/physion/generated_v5/converted_stage1_v1/03340_collision_orbit_right_64_seed42340,collision,orbit_right_64,42340
04312_containment_orbit_left_44_seed43312,/home/nvme04/workspace/world_model_phys/PHYS/world_model_phys/local_assets/data/physion/generated_v5/converted_stage1_v1/04312_containment_orbit_left_44_seed43312,containment,orbit_left_44,43312
03821_roll_orbit_right_60_seed42821,/home/nvme04/workspace/world_model_phys/PHYS/world_model_phys/local_assets/data/physion/generated_v5/converted_stage1_v1/03821_roll_orbit_right_60_seed42821,roll,orbit_right_60,42821
01176_drop_orbit_left_72_seed40176,/home/nvme04/workspace/world_model_phys/PHYS/world_model_phys/local_assets/data/physion/generated_v5/converted_stage1_v1/01176_drop_orbit_left_72_seed40176,drop,orbit_left_72,40176
02725_collision_strafe_left_180_seed41725,/home/nvme04/workspace/world_model_phys/PHYS/world_model_phys/local_assets/data/physion/generated_v5/converted_stage1_v1/02725_collision_strafe_left_180_seed41725,collision,strafe_left_180,41725
03279_collision_strafe_left_180_seed42279,/home/nvme04/workspace/world_model_phys/PHYS/world_model_phys/local_assets/data/physion/generated_v5/converted_stage1_v1/03279_collision_strafe_left_180_seed42279,collision,strafe_left_180,42279
04064_roll_orbit_right_60_seed43064,/home/nvme04/workspace/world_model_phys/PHYS/world_model_phys/local_assets/data/physion/generated_v5/converted_stage1_v1/04064_roll_orbit_right_60_seed43064,roll,orbit_right_60,43064
01201_drop_orbit_left_72_seed40201,/home/nvme04/workspace/world_model_phys/PHYS/world_model_phys/local_assets/data/physion/generated_v5/converted_stage1_v1/01201_drop_orbit_left_72_seed40201,drop,orbit_left_72,40201
01462_drop_orbit_left_72_seed40462,/home/nvme04/workspace/world_model_phys/PHYS/world_model_phys/local_assets/data/physion/generated_v5/converted_stage1_v1/01462_drop_orbit_left_72_seed40462,drop,orbit_left_72,40462
03845_roll_orbit_right_60_seed42845,/home/nvme04/workspace/world_model_phys/PHYS/world_model_phys/local_assets/data/physion/generated_v5/converted_stage1_v1/03845_roll_orbit_right_60_seed42845,roll,orbit_right_60,42845
02305_collision_strafe_left_180_seed41305,/home/nvme04/workspace/world_model_phys/PHYS/world_model_phys/local_assets/data/physion/generated_v5/converted_stage1_v1/02305_collision_strafe_left_180_seed41305,collision,strafe_left_180,41305
02001_drop_orbit_left_72_seed41001,/home/nvme04/workspace/world_model_phys/PHYS/world_model_phys/local_assets/data/physion/generated_v5/converted_stage1_v1/02001_drop_orbit_left_72_seed41001,drop,orbit_left_72,41001
02472_collision_orbit_right_64_seed41472,/home/nvme04/workspace/world_model_phys/PHYS/world_model_phys/local_assets/data/physion/generated_v5/converted_stage1_v1/02472_collision_orbit_right_64_seed41472,collision,orbit_right_64,41472
02209_collision_strafe_left_180_seed41209,/home/nvme04/workspace/world_model_phys/PHYS/world_model_phys/local_assets/data/physion/generated_v5/converted_stage1_v1/02209_collision_strafe_left_180_seed41209,collision,strafe_left_180,41209
02925_collision_strafe_left_180_seed41925,/home/nvme04/workspace/world_model_phys/PHYS/world_model_phys/local_assets/data/physion/generated_v5/converted_stage1_v1/02925_collision_strafe_left_180_seed41925,collision,strafe_left_180,41925
01305_drop_orbit_left_72_seed40305,/home/nvme04/workspace/world_model_phys/PHYS/world_model_phys/local_assets/data/physion/generated_v5/converted_stage1_v1/01305_drop_orbit_left_72_seed40305,drop,orbit_left_72,40305
03626_roll_orbit_right_60_seed42626,/home/nvme04/workspace/world_model_phys/PHYS/world_model_phys/local_assets/data/physion/generated_v5/converted_stage1_v1/03626_roll_orbit_right_60_seed42626,roll,orbit_right_60,42626
03987_roll_orbit_right_60_seed42987,/home/nvme04/workspace/world_model_phys/PHYS/world_model_phys/local_assets/data/physion/generated_v5/converted_stage1_v1/03987_roll_orbit_right_60_seed42987,roll,orbit_right_60,42987
03117_collision_strafe_left_180_seed42117,/home/nvme04/workspace/world_model_phys/PHYS/world_model_phys/local_assets/data/physion/generated_v5/converted_stage1_v1/03117_collision_strafe_left_180_seed42117,collision,strafe_left_180,42117
02834_collision_orbit_right_64_seed41834,/home/nvme04/workspace/world_model_phys/PHYS/world_model_phys/local_assets/data/physion/generated_v5/converted_stage1_v1/02834_collision_orbit_right_64_seed41834,collision,orbit_right_64,41834
01352_drop_orbit_left_72_seed40352,/home/nvme04/workspace/world_model_phys/PHYS/world_model_phys/local_assets/data/physion/generated_v5/converted_stage1_v1/01352_drop_orbit_left_72_seed40352,drop,orbit_left_72,40352
03333_collision_strafe_left_180_seed42333,/home/nvme04/workspace/world_model_phys/PHYS/world_model_phys/local_assets/data/physion/generated_v5/converted_stage1_v1/03333_collision_strafe_left_180_seed42333,collision,strafe_left_180,42333
02350_collision_orbit_right_64_seed41350,/home/nvme04/workspace/world_model_phys/PHYS/world_model_phys/local_assets/data/physion/generated_v5/converted_stage1_v1/02350_collision_orbit_right_64_seed41350,collision,orbit_right_64,41350
04280_containment_orbit_left_44_seed43280,/home/nvme04/workspace/world_model_phys/PHYS/world_model_phys/local_assets/data/physion/generated_v5/converted_stage1_v1/04280_containment_orbit_left_44_seed43280,containment,orbit_left_44,43280
03894_roll_orbit_right_60_seed42894,/home/nvme04/workspace/world_model_phys/PHYS/world_model_phys/local_assets/data/physion/generated_v5/converted_stage1_v1/03894_roll_orbit_right_60_seed42894,roll,orbit_right_60,42894
02490_collision_orbit_right_64_seed41490,/home/nvme04/workspace/world_model_phys/PHYS/world_model_phys/local_assets/data/physion/generated_v5/converted_stage1_v1/02490_collision_orbit_right_64_seed41490,collision,orbit_right_64,41490
01881_drop_orbit_left_72_seed40881,/home/nvme04/workspace/world_model_phys/PHYS/world_model_phys/local_assets/data/physion/generated_v5/converted_stage1_v1/01881_drop_orbit_left_72_seed40881,drop,orbit_left_72,40881
03912_roll_orbit_right_60_seed42912,/home/nvme04/workspace/world_model_phys/PHYS/world_model_phys/local_assets/data/physion/generated_v5/converted_stage1_v1/03912_roll_orbit_right_60_seed42912,roll,orbit_right_60,42912
02624_collision_orbit_right_64_seed41624,/home/nvme04/workspace/world_model_phys/PHYS/world_model_phys/local_assets/data/physion/generated_v5/converted_stage1_v1/02624_collision_orbit_right_64_seed41624,collision,orbit_right_64,41624
01151_drop_orbit_left_72_seed40151,/home/nvme04/workspace/world_model_phys/PHYS/world_model_phys/local_assets/data/physion/generated_v5/converted_stage1_v1/01151_drop_orbit_left_72_seed40151,drop,orbit_left_72,40151
03178_collision_orbit_right_64_seed42178,/home/nvme04/workspace/world_model_phys/PHYS/world_model_phys/local_assets/data/physion/generated_v5/converted_stage1_v1/03178_collision_orbit_right_64_seed42178,collision,orbit_right_64,42178
02538_collision_orbit_right_64_seed41538,/home/nvme04/workspace/world_model_phys/PHYS/world_model_phys/local_assets/data/physion/generated_v5/converted_stage1_v1/02538_collision_orbit_right_64_seed41538,collision,orbit_right_64,41538
01788_drop_orbit_left_72_seed40788,/home/nvme04/workspace/world_model_phys/PHYS/world_model_phys/local_assets/data/physion/generated_v5/converted_stage1_v1/01788_drop_orbit_left_72_seed40788,drop,orbit_left_72,40788
02017_drop_orbit_left_72_seed41017,/home/nvme04/workspace/world_model_phys/PHYS/world_model_phys/local_assets/data/physion/generated_v5/converted_stage1_v1/02017_drop_orbit_left_72_seed41017,drop,orbit_left_72,41017
01374_drop_orbit_left_72_seed40374,/home/nvme04/workspace/world_model_phys/PHYS/world_model_phys/local_assets/data/physion/generated_v5/converted_stage1_v1/01374_drop_orbit_left_72_seed40374,drop,orbit_left_72,40374
02263_collision_strafe_left_180_seed41263,/home/nvme04/workspace/world_model_phys/PHYS/world_model_phys/local_assets/data/physion/generated_v5/converted_stage1_v1/02263_collision_strafe_left_180_seed41263,collision,strafe_left_180,41263
02412_collision_orbit_right_64_seed41412,/home/nvme04/workspace/world_model_phys/PHYS/world_model_phys/local_assets/data/physion/generated_v5/converted_stage1_v1/02412_collision_orbit_right_64_seed41412,collision,orbit_right_64,41412
02702_collision_orbit_right_64_seed41702,/home/nvme04/workspace/world_model_phys/PHYS/world_model_phys/local_assets/data/physion/generated_v5/converted_stage1_v1/02702_collision_orbit_right_64_seed41702,collision,orbit_right_64,41702
03112_collision_orbit_right_64_seed42112,/home/nvme04/workspace/world_model_phys/PHYS/world_model_phys/local_assets/data/physion/generated_v5/converted_stage1_v1/03112_collision_orbit_right_64_seed42112,collision,orbit_right_64,42112
02160_drop_orbit_left_72_seed41160,/home/nvme04/workspace/world_model_phys/PHYS/world_model_phys/local_assets/data/physion/generated_v5/converted_stage1_v1/02160_drop_orbit_left_72_seed41160,drop,orbit_left_72,41160
03874_roll_orbit_right_60_seed42874,/home/nvme04/workspace/world_model_phys/PHYS/world_model_phys/local_assets/data/physion/generated_v5/converted_stage1_v1/03874_roll_orbit_right_60_seed42874,roll,orbit_right_60,42874
01234_drop_orbit_left_72_seed40234,/home/nvme04/workspace/world_model_phys/PHYS/world_model_phys/local_assets/data/physion/generated_v5/converted_stage1_v1/01234_drop_orbit_left_72_seed40234,drop,orbit_left_72,40234
02880_collision_orbit_right_64_seed41880,/home/nvme04/workspace/world_model_phys/PHYS/world_model_phys/local_assets/data/physion/generated_v5/converted_stage1_v1/02880_collision_orbit_right_64_seed41880,collision,orbit_right_64,41880
01104_drop_orbit_left_72_seed40104,/home/nvme04/workspace/world_model_phys/PHYS/world_model_phys/local_assets/data/physion/generated_v5/converted_stage1_v1/01104_drop_orbit_left_72_seed40104,drop,orbit_left_72,40104
01166_drop_orbit_left_72_seed40166,/home/nvme04/workspace/world_model_phys/PHYS/world_model_phys/local_assets/data/physion/generated_v5/converted_stage1_v1/01166_drop_orbit_left_72_seed40166,drop,orbit_left_72,40166
04028_roll_orbit_right_60_seed43028,/home/nvme04/workspace/world_model_phys/PHYS/world_model_phys/local_assets/data/physion/generated_v5/converted_stage1_v1/04028_roll_orbit_right_60_seed43028,roll,orbit_right_60,43028
01414_drop_orbit_left_72_seed40414,/home/nvme04/workspace/world_model_phys/PHYS/world_model_phys/local_assets/data/physion/generated_v5/converted_stage1_v1/01414_drop_orbit_left_72_seed40414,drop,orbit_left_72,40414
02493_collision_strafe_left_180_seed41493,/home/nvme04/workspace/world_model_phys/PHYS/world_model_phys/local_assets/data/physion/generated_v5/converted_stage1_v1/02493_collision_strafe_left_180_seed41493,collision,strafe_left_180,41493
02783_collision_strafe_left_180_seed41783,/home/nvme04/workspace/world_model_phys/PHYS/world_model_phys/local_assets/data/physion/generated_v5/converted_stage1_v1/02783_collision_strafe_left_180_seed41783,collision,strafe_left_180,41783
04027_roll_orbit_right_60_seed43027,/home/nvme04/workspace/world_model_phys/PHYS/world_model_phys/local_assets/data/physion/generated_v5/converted_stage1_v1/04027_roll_orbit_right_60_seed43027,roll,orbit_right_60,43027
03510_roll_orbit_right_60_seed42510,/home/nvme04/workspace/world_model_phys/PHYS/world_model_phys/local_assets/data/physion/generated_v5/converted_stage1_v1/03510_roll_orbit_right_60_seed42510,roll,orbit_right_60,42510
03831_roll_orbit_right_60_seed42831,/home/nvme04/workspace/world_model_phys/PHYS/world_model_phys/local_assets/data/physion/generated_v5/converted_stage1_v1/03831_roll_orbit_right_60_seed42831,roll,orbit_right_60,42831
03853_roll_orbit_right_60_seed42853,/home/nvme04/workspace/world_model_phys/PHYS/world_model_phys/local_assets/data/physion/generated_v5/converted_stage1_v1/03853_roll_orbit_right_60_seed42853,roll,orbit_right_60,42853
03029_collision_strafe_left_180_seed42029,/home/nvme04/workspace/world_model_phys/PHYS/world_model_phys/local_assets/data/physion/generated_v5/converted_stage1_v1/03029_collision_strafe_left_180_seed42029,collision,strafe_left_180,42029
02275_collision_strafe_left_180_seed41275,/home/nvme04/workspace/world_model_phys/PHYS/world_model_phys/local_assets/data/physion/generated_v5/converted_stage1_v1/02275_collision_strafe_left_180_seed41275,collision,strafe_left_180,41275
02046_drop_orbit_left_72_seed41046,/home/nvme04/workspace/world_model_phys/PHYS/world_model_phys/local_assets/data/physion/generated_v5/converted_stage1_v1/02046_drop_orbit_left_72_seed41046,drop,orbit_left_72,41046
01692_drop_orbit_left_72_seed40692,/home/nvme04/workspace/world_model_phys/PHYS/world_model_phys/local_assets/data/physion/generated_v5/converted_stage1_v1/01692_drop_orbit_left_72_seed40692,drop,orbit_left_72,40692
02934_collision_orbit_right_64_seed41934,/home/nvme04/workspace/world_model_phys/PHYS/world_model_phys/local_assets/data/physion/generated_v5/converted_stage1_v1/02934_collision_orbit_right_64_seed41934,collision,orbit_right_64,41934
01196_drop_orbit_left_72_seed40196,/home/nvme04/workspace/world_model_phys/PHYS/world_model_phys/local_assets/data/physion/generated_v5/converted_stage1_v1/01196_drop_orbit_left_72_seed40196,drop,orbit_left_72,40196
03755_roll_orbit_right_60_seed42755,/home/nvme04/workspace/world_model_phys/PHYS/world_model_phys/local_assets/data/physion/generated_v5/converted_stage1_v1/03755_roll_orbit_right_60_seed42755,roll,orbit_right_60,42755
01919_drop_orbit_left_72_seed40919,/home/nvme04/workspace/world_model_phys/PHYS/world_model_phys/local_assets/data/physion/generated_v5/converted_stage1_v1/01919_drop_orbit_left_72_seed40919,drop,orbit_left_72,40919
02610_collision_orbit_right_64_seed41610,/home/nvme04/workspace/world_model_phys/PHYS/world_model_phys/local_assets/data/physion/generated_v5/converted_stage1_v1/02610_collision_orbit_right_64_seed41610,collision,orbit_right_64,41610
02656_collision_orbit_right_64_seed41656,/home/nvme04/workspace/world_model_phys/PHYS/world_model_phys/local_assets/data/physion/generated_v5/converted_stage1_v1/02656_collision_orbit_right_64_seed41656,collision,orbit_right_64,41656
01893_drop_orbit_left_72_seed40893,/home/nvme04/workspace/world_model_phys/PHYS/world_model_phys/local_assets/data/physion/generated_v5/converted_stage1_v1/01893_drop_orbit_left_72_seed40893,drop,orbit_left_72,40893
01650_drop_orbit_left_72_seed40650,/home/nvme04/workspace/world_model_phys/PHYS/world_model_phys/local_assets/data/physion/generated_v5/converted_stage1_v1/01650_drop_orbit_left_72_seed40650,drop,orbit_left_72,40650
01266_drop_orbit_left_72_seed40266,/home/nvme04/workspace/world_model_phys/PHYS/world_model_phys/local_assets/data/physion/generated_v5/converted_stage1_v1/01266_drop_orbit_left_72_seed40266,drop,orbit_left_72,40266
02999_collision_strafe_left_180_seed41999,/home/nvme04/workspace/world_model_phys/PHYS/world_model_phys/local_assets/data/physion/generated_v5/converted_stage1_v1/02999_collision_strafe_left_180_seed41999,collision,strafe_left_180,41999
02785_collision_strafe_left_180_seed41785,/home/nvme04/workspace/world_model_phys/PHYS/world_model_phys/local_assets/data/physion/generated_v5/converted_stage1_v1/02785_collision_strafe_left_180_seed41785,collision,strafe_left_180,41785
04065_roll_orbit_right_60_seed43065,/home/nvme04/workspace/world_model_phys/PHYS/world_model_phys/local_assets/data/physion/generated_v5/converted_stage1_v1/04065_roll_orbit_right_60_seed43065,roll,orbit_right_60,43065
02607_collision_strafe_left_180_seed41607,/home/nvme04/workspace/world_model_phys/PHYS/world_model_phys/local_assets/data/physion/generated_v5/converted_stage1_v1/02607_collision_strafe_left_180_seed41607,collision,strafe_left_180,41607
03458_roll_orbit_right_60_seed42458,/home/nvme04/workspace/world_model_phys/PHYS/world_model_phys/local_assets/data/physion/generated_v5/converted_stage1_v1/03458_roll_orbit_right_60_seed42458,roll,orbit_right_60,42458
01214_drop_orbit_left_72_seed40214,/home/nvme04/workspace/world_model_phys/PHYS/world_model_phys/local_assets/data/physion/generated_v5/converted_stage1_v1/01214_drop_orbit_left_72_seed40214,drop,orbit_left_72,40214
01631_drop_orbit_left_72_seed40631,/home/nvme04/workspace/world_model_phys/PHYS/world_model_phys/local_assets/data/physion/generated_v5/converted_stage1_v1/01631_drop_orbit_left_72_seed40631,drop,orbit_left_72,40631
02769_collision_strafe_left_180_seed41769,/home/nvme04/workspace/world_model_phys/PHYS/world_model_phys/local_assets/data/physion/generated_v5/converted_stage1_v1/02769_collision_strafe_left_180_seed41769,collision,strafe_left_180,41769
01964_drop_orbit_left_72_seed40964,/home/nvme04/workspace/world_model_phys/PHYS/world_model_phys/local_assets/data/physion/generated_v5/converted_stage1_v1/01964_drop_orbit_left_72_seed40964,drop,orbit_left_72,40964
03003_collision_strafe_left_180_seed42003,/home/nvme04/workspace/world_model_phys/PHYS/world_model_phys/local_assets/data/physion/generated_v5/converted_stage1_v1/03003_collision_strafe_left_180_seed42003,collision,strafe_left_180,42003
01570_drop_orbit_left_72_seed40570,/home/nvme04/workspace/world_model_phys/PHYS/world_model_phys/local_assets/data/physion/generated_v5/converted_stage1_v1/01570_drop_orbit_left_72_seed40570,drop,orbit_left_72,40570
02227_collision_strafe_left_180_seed41227,/home/nvme04/workspace/world_model_phys/PHYS/world_model_phys/local_assets/data/physion/generated_v5/converted_stage1_v1/02227_collision_strafe_left_180_seed41227,collision,strafe_left_180,41227
01029_drop_orbit_left_72_seed40029,/home/nvme04/workspace/world_model_phys/PHYS/world_model_phys/local_assets/data/physion/generated_v5/converted_stage1_v1/01029_drop_orbit_left_72_seed40029,drop,orbit_left_72,40029
04016_roll_orbit_right_60_seed43016,/home/nvme04/workspace/world_model_phys/PHYS/world_model_phys/local_assets/data/physion/generated_v5/converted_stage1_v1/04016_roll_orbit_right_60_seed43016,roll,orbit_right_60,43016
03666_roll_orbit_right_60_seed42666,/home/nvme04/workspace/world_model_phys/PHYS/world_model_phys/local_assets/data/physion/generated_v5/converted_stage1_v1/03666_roll_orbit_right_60_seed42666,roll,orbit_right_60,42666
02294_collision_orbit_right_64_seed41294,/home/nvme04/workspace/world_model_phys/PHYS/world_model_phys/local_assets/data/physion/generated_v5/converted_stage1_v1/02294_collision_orbit_right_64_seed41294,collision,orbit_right_64,41294
04320_containment_orbit_left_44_seed43320,/home/nvme04/workspace/world_model_phys/PHYS/world_model_phys/local_assets/data/physion/generated_v5/converted_stage1_v1/04320_containment_orbit_left_44_seed43320,containment,orbit_left_44,43320
01545_drop_orbit_left_72_seed40545,/home/nvme04/workspace/world_model_phys/PHYS/world_model_phys/local_assets/data/physion/generated_v5/converted_stage1_v1/01545_drop_orbit_left_72_seed40545,drop,orbit_left_72,40545
03408_roll_orbit_right_60_seed42408,/home/nvme04/workspace/world_model_phys/PHYS/world_model_phys/local_assets/data/physion/generated_v5/converted_stage1_v1/03408_roll_orbit_right_60_seed42408,roll,orbit_right_60,42408
02168_drop_orbit_left_72_seed41168,/home/nvme04/workspace/world_model_phys/PHYS/world_model_phys/local_assets/data/physion/generated_v5/converted_stage1_v1/02168_drop_orbit_left_72_seed41168,drop,orbit_left_72,41168
01653_drop_orbit_left_72_seed40653,/home/nvme04/workspace/world_model_phys/PHYS/world_model_phys/local_assets/data/physion/generated_v5/converted_stage1_v1/01653_drop_orbit_left_72_seed40653,drop,orbit_left_72,40653
04095_roll_orbit_right_60_seed43095,/home/nvme04/workspace/world_model_phys/PHYS/world_model_phys/local_assets/data/physion/generated_v5/converted_stage1_v1/04095_roll_orbit_right_60_seed43095,roll,orbit_right_60,43095
03194_collision_orbit_right_64_seed42194,/home/nvme04/workspace/world_model_phys/PHYS/world_model_phys/local_assets/data/physion/generated_v5/converted_stage1_v1/03194_collision_orbit_right_64_seed42194,collision,orbit_right_64,42194
01592_drop_orbit_left_72_seed40592,/home/nvme04/workspace/world_model_phys/PHYS/world_model_phys/local_assets/data/physion/generated_v5/converted_stage1_v1/01592_drop_orbit_left_72_seed40592,drop,orbit_left_72,40592
01493_drop_orbit_left_72_seed40493,/home/nvme04/workspace/world_model_phys/PHYS/world_model_phys/local_assets/data/physion/generated_v5/converted_stage1_v1/01493_drop_orbit_left_72_seed40493,drop,orbit_left_72,40493
03287_collision_strafe_left_180_seed42287,/home/nvme04/workspace/world_model_phys/PHYS/world_model_phys/local_assets/data/physion/generated_v5/converted_stage1_v1/03287_collision_strafe_left_180_seed42287,collision,strafe_left_180,42287
04063_roll_orbit_right_60_seed43063,/home/nvme04/workspace/world_model_phys/PHYS/world_model_phys/local_assets/data/physion/generated_v5/converted_stage1_v1/04063_roll_orbit_right_60_seed43063,roll,orbit_right_60,43063
03331_collision_strafe_left_180_seed42331,/home/nvme04/workspace/world_model_phys/PHYS/world_model_phys/local_assets/data/physion/generated_v5/converted_stage1_v1/03331_collision_strafe_left_180_seed42331,collision,strafe_left_180,42331
02804_collision_orbit_right_64_seed41804,/home/nvme04/workspace/world_model_phys/PHYS/world_model_phys/local_assets/data/physion/generated_v5/converted_stage1_v1/02804_collision_orbit_right_64_seed41804,collision,orbit_right_64,41804
01268_drop_orbit_left_72_seed40268,/home/nvme04/workspace/world_model_phys/PHYS/world_model_phys/local_assets/data/physion/generated_v5/converted_stage1_v1/01268_drop_orbit_left_72_seed40268,drop,orbit_left_72,40268
02509_collision_strafe_left_180_seed41509,/home/nvme04/workspace/world_model_phys/PHYS/world_model_phys/local_assets/data/physion/generated_v5/converted_stage1_v1/02509_collision_strafe_left_180_seed41509,collision,strafe_left_180,41509
02332_collision_orbit_right_64_seed41332,/home/nvme04/workspace/world_model_phys/PHYS/world_model_phys/local_assets/data/physion/generated_v5/converted_stage1_v1/02332_collision_orbit_right_64_seed41332,collision,orbit_right_64,41332
02786_collision_orbit_right_64_seed41786,/home/nvme04/workspace/world_model_phys/PHYS/world_model_phys/local_assets/data/physion/generated_v5/converted_stage1_v1/02786_collision_orbit_right_64_seed41786,collision,orbit_right_64,41786
01786_drop_orbit_left_72_seed40786,/home/nvme04/workspace/world_model_phys/PHYS/world_model_phys/local_assets/data/physion/generated_v5/converted_stage1_v1/01786_drop_orbit_left_72_seed40786,drop,orbit_left_72,40786
02533_collision_strafe_left_180_seed41533,/home/nvme04/workspace/world_model_phys/PHYS/world_model_phys/local_assets/data/physion/generated_v5/converted_stage1_v1/02533_collision_strafe_left_180_seed41533,collision,strafe_left_180,41533
02971_collision_strafe_left_180_seed41971,/home/nvme04/workspace/world_model_phys/PHYS/world_model_phys/local_assets/data/physion/generated_v5/converted_stage1_v1/02971_collision_strafe_left_180_seed41971,collision,strafe_left_180,41971
01365_drop_orbit_left_72_seed40365,/home/nvme04/workspace/world_model_phys/PHYS/world_model_phys/local_assets/data/physion/generated_v5/converted_stage1_v1/01365_drop_orbit_left_72_seed40365,drop,orbit_left_72,40365
02068_drop_orbit_left_72_seed41068,/home/nvme04/workspace/world_model_phys/PHYS/world_model_phys/local_assets/data/physion/generated_v5/converted_stage1_v1/02068_drop_orbit_left_72_seed41068,drop,orbit_left_72,41068
02352_collision_orbit_right_64_seed41352,/home/nvme04/workspace/world_model_phys/PHYS/world_model_phys/local_assets/data/physion/generated_v5/converted_stage1_v1/02352_collision_orbit_right_64_seed41352,collision,orbit_right_64,41352
03042_collision_orbit_right_64_seed42042,/home/nvme04/workspace/world_model_phys/PHYS/world_model_phys/local_assets/data/physion/generated_v5/converted_stage1_v1/03042_collision_orbit_right_64_seed42042,collision,orbit_right_64,42042
01918_drop_orbit_left_72_seed40918,/home/nvme04/workspace/world_model_phys/PHYS/world_model_phys/local_assets/data/physion/generated_v5/converted_stage1_v1/01918_drop_orbit_left_72_seed40918,drop,orbit_left_72,40918
01703_drop_orbit_left_72_seed40703,/home/nvme04/workspace/world_model_phys/PHYS/world_model_phys/local_assets/data/physion/generated_v5/converted_stage1_v1/01703_drop_orbit_left_72_seed40703,drop,orbit_left_72,40703
01996_drop_orbit_left_72_seed40996,/home/nvme04/workspace/world_model_phys/PHYS/world_model_phys/local_assets/data/physion/generated_v5/converted_stage1_v1/01996_drop_orbit_left_72_seed40996,drop,orbit_left_72,40996
02108_drop_orbit_left_72_seed41108,/home/nvme04/workspace/world_model_phys/PHYS/world_model_phys/local_assets/data/physion/generated_v5/converted_stage1_v1/02108_drop_orbit_left_72_seed41108,drop,orbit_left_72,41108
02739_collision_strafe_left_180_seed41739,/home/nvme04/workspace/world_model_phys/PHYS/world_model_phys/local_assets/data/physion/generated_v5/converted_stage1_v1/02739_collision_strafe_left_180_seed41739,collision,strafe_left_180,41739
03509_roll_orbit_right_60_seed42509,/home/nvme04/workspace/world_model_phys/PHYS/world_model_phys/local_assets/data/physion/generated_v5/converted_stage1_v1/03509_roll_orbit_right_60_seed42509,roll,orbit_right_60,42509
03905_roll_orbit_right_60_seed42905,/home/nvme04/workspace/world_model_phys/PHYS/world_model_phys/local_assets/data/physion/generated_v5/converted_stage1_v1/03905_roll_orbit_right_60_seed42905,roll,orbit_right_60,42905
03404_roll_orbit_right_60_seed42404,/home/nvme04/workspace/world_model_phys/PHYS/world_model_phys/local_assets/data/physion/generated_v5/converted_stage1_v1/03404_roll_orbit_right_60_seed42404,roll,orbit_right_60,42404
02371_collision_strafe_left_180_seed41371,/home/nvme04/workspace/world_model_phys/PHYS/world_model_phys/local_assets/data/physion/generated_v5/converted_stage1_v1/02371_collision_strafe_left_180_seed41371,collision,strafe_left_180,41371
01427_drop_orbit_left_72_seed40427,/home/nvme04/workspace/world_model_phys/PHYS/world_model_phys/local_assets/data/physion/generated_v5/converted_stage1_v1/01427_drop_orbit_left_72_seed40427,drop,orbit_left_72,40427
02158_drop_orbit_left_72_seed41158,/home/nvme04/workspace/world_model_phys/PHYS/world_model_phys/local_assets/data/physion/generated_v5/converted_stage1_v1/02158_drop_orbit_left_72_seed41158,drop,orbit_left_72,41158
02750_collision_orbit_right_64_seed41750,/home/nvme04/workspace/world_model_phys/PHYS/world_model_phys/local_assets/data/physion/generated_v5/converted_stage1_v1/02750_collision_orbit_right_64_seed41750,collision,orbit_right_64,41750
02592_collision_orbit_right_64_seed41592,/home/nvme04/workspace/world_model_phys/PHYS/world_model_phys/local_assets/data/physion/generated_v5/converted_stage1_v1/02592_collision_orbit_right_64_seed41592,collision,orbit_right_64,41592
02257_collision_strafe_left_180_seed41257,/home/nvme04/workspace/world_model_phys/PHYS/world_model_phys/local_assets/data/physion/generated_v5/converted_stage1_v1/02257_collision_strafe_left_180_seed41257,collision,strafe_left_180,41257
04297_containment_orbit_left_44_seed43297,/home/nvme04/workspace/world_model_phys/PHYS/world_model_phys/local_assets/data/physion/generated_v5/converted_stage1_v1/04297_containment_orbit_left_44_seed43297,containment,orbit_left_44,43297
01712_drop_orbit_left_72_seed40712,/home/nvme04/workspace/world_model_phys/PHYS/world_model_phys/local_assets/data/physion/generated_v5/converted_stage1_v1/01712_drop_orbit_left_72_seed40712,drop,orbit_left_72,40712
03087_collision_strafe_left_180_seed42087,/home/nvme04/workspace/world_model_phys/PHYS/world_model_phys/local_assets/data/physion/generated_v5/converted_stage1_v1/03087_collision_strafe_left_180_seed42087,collision,strafe_left_180,42087
02559_collision_strafe_left_180_seed41559,/home/nvme04/workspace/world_model_phys/PHYS/world_model_phys/local_assets/data/physion/generated_v5/converted_stage1_v1/02559_collision_strafe_left_180_seed41559,collision,strafe_left_180,41559
03489_roll_orbit_right_60_seed42489,/home/nvme04/workspace/world_model_phys/PHYS/world_model_phys/local_assets/data/physion/generated_v5/converted_stage1_v1/03489_roll_orbit_right_60_seed42489,roll,orbit_right_60,42489
04025_roll_orbit_right_60_seed43025,/home/nvme04/workspace/world_model_phys/PHYS/world_model_phys/local_assets/data/physion/generated_v5/converted_stage1_v1/04025_roll_orbit_right_60_seed43025,roll,orbit_right_60,43025
01441_drop_orbit_left_72_seed40441,/home/nvme04/workspace/world_model_phys/PHYS/world_model_phys/local_assets/data/physion/generated_v5/converted_stage1_v1/01441_drop_orbit_left_72_seed40441,drop,orbit_left_72,40441
02457_collision_strafe_left_180_seed41457,/home/nvme04/workspace/world_model_phys/PHYS/world_model_phys/local_assets/data/physion/generated_v5/converted_stage1_v1/02457_collision_strafe_left_180_seed41457,collision,strafe_left_180,41457
03973_roll_orbit_right_60_seed42973,/home/nvme04/workspace/world_model_phys/PHYS/world_model_phys/local_assets/data/physion/generated_v5/converted_stage1_v1/03973_roll_orbit_right_60_seed42973,roll,orbit_right_60,42973
04226_containment_orbit_left_44_seed43226,/home/nvme04/workspace/world_model_phys/PHYS/world_model_phys/local_assets/data/physion/generated_v5/converted_stage1_v1/04226_containment_orbit_left_44_seed43226,containment,orbit_left_44,43226
03900_roll_orbit_right_60_seed42900,/home/nvme04/workspace/world_model_phys/PHYS/world_model_phys/local_assets/data/physion/generated_v5/converted_stage1_v1/03900_roll_orbit_right_60_seed42900,roll,orbit_right_60,42900
01764_drop_orbit_left_72_seed40764,/home/nvme04/workspace/world_model_phys/PHYS/world_model_phys/local_assets/data/physion/generated_v5/converted_stage1_v1/01764_drop_orbit_left_72_seed40764,drop,orbit_left_72,40764
01329_drop_orbit_left_72_seed40329,/home/nvme04/workspace/world_model_phys/PHYS/world_model_phys/local_assets/data/physion/generated_v5/converted_stage1_v1/01329_drop_orbit_left_72_seed40329,drop,orbit_left_72,40329
02024_drop_orbit_left_72_seed41024,/home/nvme04/workspace/world_model_phys/PHYS/world_model_phys/local_assets/data/physion/generated_v5/converted_stage1_v1/02024_drop_orbit_left_72_seed41024,drop,orbit_left_72,41024
03465_roll_orbit_right_60_seed42465,/home/nvme04/workspace/world_model_phys/PHYS/world_model_phys/local_assets/data/physion/generated_v5/converted_stage1_v1/03465_roll_orbit_right_60_seed42465,roll,orbit_right_60,42465
03536_roll_orbit_right_60_seed42536,/home/nvme04/workspace/world_model_phys/PHYS/world_model_phys/local_assets/data/physion/generated_v5/converted_stage1_v1/03536_roll_orbit_right_60_seed42536,roll,orbit_right_60,42536
02968_collision_orbit_right_64_seed41968,/home/nvme04/workspace/world_model_phys/PHYS/world_model_phys/local_assets/data/physion/generated_v5/converted_stage1_v1/02968_collision_orbit_right_64_seed41968,collision,orbit_right_64,41968
03725_roll_orbit_right_60_seed42725,/home/nvme04/workspace/world_model_phys/PHYS/world_model_phys/local_assets/data/physion/generated_v5/converted_stage1_v1/03725_roll_orbit_right_60_seed42725,roll,orbit_right_60,42725
01862_drop_orbit_left_72_seed40862,/home/nvme04/workspace/world_model_phys/PHYS/world_model_phys/local_assets/data/physion/generated_v5/converted_stage1_v1/01862_drop_orbit_left_72_seed40862,drop,orbit_left_72,40862
02670_collision_orbit_right_64_seed41670,/home/nvme04/workspace/world_model_phys/PHYS/world_model_phys/local_assets/data/physion/generated_v5/converted_stage1_v1/02670_collision_orbit_right_64_seed41670,collision,orbit_right_64,41670
02251_collision_strafe_left_180_seed41251,/home/nvme04/workspace/world_model_phys/PHYS/world_model_phys/local_assets/data/physion/generated_v5/converted_stage1_v1/02251_collision_strafe_left_180_seed41251,collision,strafe_left_180,41251
03434_roll_orbit_right_60_seed42434,/home/nvme04/workspace/world_model_phys/PHYS/world_model_phys/local_assets/data/physion/generated_v5/converted_stage1_v1/03434_roll_orbit_right_60_seed42434,roll,orbit_right_60,42434
03983_roll_orbit_right_60_seed42983,/home/nvme04/workspace/world_model_phys/PHYS/world_model_phys/local_assets/data/physion/generated_v5/converted_stage1_v1/03983_roll_orbit_right_60_seed42983,roll,orbit_right_60,42983
03371_collision_strafe_left_180_seed42371,/home/nvme04/workspace/world_model_phys/PHYS/world_model_phys/local_assets/data/physion/generated_v5/converted_stage1_v1/03371_collision_strafe_left_180_seed42371,collision,strafe_left_180,42371
02823_collision_strafe_left_180_seed41823,/home/nvme04/workspace/world_model_phys/PHYS/world_model_phys/local_assets/data/physion/generated_v5/converted_stage1_v1/02823_collision_strafe_left_180_seed41823,collision,strafe_left_180,41823
01432_drop_orbit_left_72_seed40432,/home/nvme04/workspace/world_model_phys/PHYS/world_model_phys/local_assets/data/physion/generated_v5/converted_stage1_v1/01432_drop_orbit_left_72_seed40432,drop,orbit_left_72,40432
02112_drop_orbit_left_72_seed41112,/home/nvme04/workspace/world_model_phys/PHYS/world_model_phys/local_assets/data/physion/generated_v5/converted_stage1_v1/02112_drop_orbit_left_72_seed41112,drop,orbit_left_72,41112
03554_roll_orbit_right_60_seed42554,/home/nvme04/workspace/world_model_phys/PHYS/world_model_phys/local_assets/data/physion/generated_v5/converted_stage1_v1/03554_roll_orbit_right_60_seed42554,roll,orbit_right_60,42554
03140_collision_orbit_right_64_seed42140,/home/nvme04/workspace/world_model_phys/PHYS/world_model_phys/local_assets/data/physion/generated_v5/converted_stage1_v1/03140_collision_orbit_right_64_seed42140,collision,orbit_right_64,42140
02732_collision_orbit_right_64_seed41732,/home/nvme04/workspace/world_model_phys/PHYS/world_model_phys/local_assets/data/physion/generated_v5/converted_stage1_v1/02732_collision_orbit_right_64_seed41732,collision,orbit_right_64,41732
02317_collision_strafe_left_180_seed41317,/home/nvme04/workspace/world_model_phys/PHYS/world_model_phys/local_assets/data/physion/generated_v5/converted_stage1_v1/02317_collision_strafe_left_180_seed41317,collision,strafe_left_180,41317
04257_containment_orbit_left_44_seed43257,/home/nvme04/workspace/world_model_phys/PHYS/world_model_phys/local_assets/data/physion/generated_v5/converted_stage1_v1/04257_containment_orbit_left_44_seed43257,containment,orbit_left_44,43257
01149_drop_orbit_left_72_seed40149,/home/nvme04/workspace/world_model_phys/PHYS/world_model_phys/local_assets/data/physion/generated_v5/converted_stage1_v1/01149_drop_orbit_left_72_seed40149,drop,orbit_left_72,40149
02203_collision_strafe_left_180_seed41203,/home/nvme04/workspace/world_model_phys/PHYS/world_model_phys/local_assets/data/physion/generated_v5/converted_stage1_v1/02203_collision_strafe_left_180_seed41203,collision,strafe_left_180,41203
04346_containment_orbit_left_44_seed43346,/home/nvme04/workspace/world_model_phys/PHYS/world_model_phys/local_assets/data/physion/generated_v5/converted_stage1_v1/04346_containment_orbit_left_44_seed43346,containment,orbit_left_44,43346
04060_roll_orbit_right_60_seed43060,/home/nvme04/workspace/world_model_phys/PHYS/world_model_phys/local_assets/data/physion/generated_v5/converted_stage1_v1/04060_roll_orbit_right_60_seed43060,roll,orbit_right_60,43060
01128_drop_orbit_left_72_seed40128,/home/nvme04/workspace/world_model_phys/PHYS/world_model_phys/local_assets/data/physion/generated_v5/converted_stage1_v1/01128_drop_orbit_left_72_seed40128,drop,orbit_left_72,40128
02579_collision_strafe_left_180_seed41579,/home/nvme04/workspace/world_model_phys/PHYS/world_model_phys/local_assets/data/physion/generated_v5/converted_stage1_v1/02579_collision_strafe_left_180_seed41579,collision,strafe_left_180,41579
02833_collision_strafe_left_180_seed41833,/home/nvme04/workspace/world_model_phys/PHYS/world_model_phys/local_assets/data/physion/generated_v5/converted_stage1_v1/02833_collision_strafe_left_180_seed41833,collision,strafe_left_180,41833
02246_collision_orbit_right_64_seed41246,/home/nvme04/workspace/world_model_phys/PHYS/world_model_phys/local_assets/data/physion/generated_v5/converted_stage1_v1/02246_collision_orbit_right_64_seed41246,collision,orbit_right_64,41246
01046_drop_orbit_left_72_seed40046,/home/nvme04/workspace/world_model_phys/PHYS/world_model_phys/local_assets/data/physion/generated_v5/converted_stage1_v1/01046_drop_orbit_left_72_seed40046,drop,orbit_left_72,40046
04062_roll_orbit_right_60_seed43062,/home/nvme04/workspace/world_model_phys/PHYS/world_model_phys/local_assets/data/physion/generated_v5/converted_stage1_v1/04062_roll_orbit_right_60_seed43062,roll,orbit_right_60,43062
02828_collision_orbit_right_64_seed41828,/home/nvme04/workspace/world_model_phys/PHYS/world_model_phys/local_assets/data/physion/generated_v5/converted_stage1_v1/02828_collision_orbit_right_64_seed41828,collision,orbit_right_64,41828
02824_collision_orbit_right_64_seed41824,/home/nvme04/workspace/world_model_phys/PHYS/world_model_phys/local_assets/data/physion/generated_v5/converted_stage1_v1/02824_collision_orbit_right_64_seed41824,collision,orbit_right_64,41824
03082_collision_orbit_right_64_seed42082,/home/nvme04/workspace/world_model_phys/PHYS/world_model_phys/local_assets/data/physion/generated_v5/converted_stage1_v1/03082_collision_orbit_right_64_seed42082,collision,orbit_right_64,42082
02256_collision_orbit_right_64_seed41256,/home/nvme04/workspace/world_model_phys/PHYS/world_model_phys/local_assets/data/physion/generated_v5/converted_stage1_v1/02256_collision_orbit_right_64_seed41256,collision,orbit_right_64,41256
02006_drop_orbit_left_72_seed41006,/home/nvme04/workspace/world_model_phys/PHYS/world_model_phys/local_assets/data/physion/generated_v5/converted_stage1_v1/02006_drop_orbit_left_72_seed41006,drop,orbit_left_72,41006
04272_containment_orbit_left_44_seed43272,/home/nvme04/workspace/world_model_phys/PHYS/world_model_phys/local_assets/data/physion/generated_v5/converted_stage1_v1/04272_containment_orbit_left_44_seed43272,containment,orbit_left_44,43272
01456_drop_orbit_left_72_seed40456,/home/nvme04/workspace/world_model_phys/PHYS/world_model_phys/local_assets/data/physion/generated_v5/converted_stage1_v1/01456_drop_orbit_left_72_seed40456,drop,orbit_left_72,40456
02857_collision_strafe_left_180_seed41857,/home/nvme04/workspace/world_model_phys/PHYS/world_model_phys/local_assets/data/physion/generated_v5/converted_stage1_v1/02857_collision_strafe_left_180_seed41857,collision,strafe_left_180,41857
01114_drop_orbit_left_72_seed40114,/home/nvme04/workspace/world_model_phys/PHYS/world_model_phys/local_assets/data/physion/generated_v5/converted_stage1_v1/01114_drop_orbit_left_72_seed40114,drop,orbit_left_72,40114
04067_roll_orbit_right_60_seed43067,/home/nvme04/workspace/world_model_phys/PHYS/world_model_phys/local_assets/data/physion/generated_v5/converted_stage1_v1/04067_roll_orbit_right_60_seed43067,roll,orbit_right_60,43067
02234_collision_orbit_right_64_seed41234,/home/nvme04/workspace/world_model_phys/PHYS/world_model_phys/local_assets/data/physion/generated_v5/converted_stage1_v1/02234_collision_orbit_right_64_seed41234,collision,orbit_right_64,41234
04010_roll_orbit_right_60_seed43010,/home/nvme04/workspace/world_model_phys/PHYS/world_model_phys/local_assets/data/physion/generated_v5/converted_stage1_v1/04010_roll_orbit_right_60_seed43010,roll,orbit_right_60,43010
02324_collision_orbit_right_64_seed41324,/home/nvme04/workspace/world_model_phys/PHYS/world_model_phys/local_assets/data/physion/generated_v5/converted_stage1_v1/02324_collision_orbit_right_64_seed41324,collision,orbit_right_64,41324
04365_containment_orbit_left_44_seed43365,/home/nvme04/workspace/world_model_phys/PHYS/world_model_phys/local_assets/data/physion/generated_v5/converted_stage1_v1/04365_containment_orbit_left_44_seed43365,containment,orbit_left_44,43365
02491_collision_strafe_left_180_seed41491,/home/nvme04/workspace/world_model_phys/PHYS/world_model_phys/local_assets/data/physion/generated_v5/converted_stage1_v1/02491_collision_strafe_left_180_seed41491,collision,strafe_left_180,41491
01903_drop_orbit_left_72_seed40903,/home/nvme04/workspace/world_model_phys/PHYS/world_model_phys/local_assets/data/physion/generated_v5/converted_stage1_v1/01903_drop_orbit_left_72_seed40903,drop,orbit_left_72,40903
01235_drop_orbit_left_72_seed40235,/home/nvme04/workspace/world_model_phys/PHYS/world_model_phys/local_assets/data/physion/generated_v5/converted_stage1_v1/01235_drop_orbit_left_72_seed40235,drop,orbit_left_72,40235
04348_containment_orbit_left_44_seed43348,/home/nvme04/workspace/world_model_phys/PHYS/world_model_phys/local_assets/data/physion/generated_v5/converted_stage1_v1/04348_containment_orbit_left_44_seed43348,containment,orbit_left_44,43348
01721_drop_orbit_left_72_seed40721,/home/nvme04/workspace/world_model_phys/PHYS/world_model_phys/local_assets/data/physion/generated_v5/converted_stage1_v1/01721_drop_orbit_left_72_seed40721,drop,orbit_left_72,40721
01983_drop_orbit_left_72_seed40983,/home/nvme04/workspace/world_model_phys/PHYS/world_model_phys/local_assets/data/physion/generated_v5/converted_stage1_v1/01983_drop_orbit_left_72_seed40983,drop,orbit_left_72,40983
04339_containment_orbit_left_44_seed43339,/home/nvme04/workspace/world_model_phys/PHYS/world_model_phys/local_assets/data/physion/generated_v5/converted_stage1_v1/04339_containment_orbit_left_44_seed43339,containment,orbit_left_44,43339
01338_drop_orbit_left_72_seed40338,/home/nvme04/workspace/world_model_phys/PHYS/world_model_phys/local_assets/data/physion/generated_v5/converted_stage1_v1/01338_drop_orbit_left_72_seed40338,drop,orbit_left_72,40338
01792_drop_orbit_left_72_seed40792,/home/nvme04/workspace/world_model_phys/PHYS/world_model_phys/local_assets/data/physion/generated_v5/converted_stage1_v1/01792_drop_orbit_left_72_seed40792,drop,orbit_left_72,40792
03659_roll_orbit_right_60_seed42659,/home/nvme04/workspace/world_model_phys/PHYS/world_model_phys/local_assets/data/physion/generated_v5/converted_stage1_v1/03659_roll_orbit_right_60_seed42659,roll,orbit_right_60,42659
03088_collision_orbit_right_64_seed42088,/home/nvme04/workspace/world_model_phys/PHYS/world_model_phys/local_assets/data/physion/generated_v5/converted_stage1_v1/03088_collision_orbit_right_64_seed42088,collision,orbit_right_64,42088
01538_drop_orbit_left_72_seed40538,/home/nvme04/workspace/world_model_phys/PHYS/world_model_phys/local_assets/data/physion/generated_v5/converted_stage1_v1/01538_drop_orbit_left_72_seed40538,drop,orbit_left_72,40538
04091_roll_orbit_right_60_seed43091,/home/nvme04/workspace/world_model_phys/PHYS/world_model_phys/local_assets/data/physion/generated_v5/converted_stage1_v1/04091_roll_orbit_right_60_seed43091,roll,orbit_right_60,43091
02657_collision_strafe_left_180_seed41657,/home/nvme04/workspace/world_model_phys/PHYS/world_model_phys/local_assets/data/physion/generated_v5/converted_stage1_v1/02657_collision_strafe_left_180_seed41657,collision,strafe_left_180,41657
02342_collision_orbit_right_64_seed41342,/home/nvme04/workspace/world_model_phys/PHYS/world_model_phys/local_assets/data/physion/generated_v5/converted_stage1_v1/02342_collision_orbit_right_64_seed41342,collision,orbit_right_64,41342
02469_collision_strafe_left_180_seed41469,/home/nvme04/workspace/world_model_phys/PHYS/world_model_phys/local_assets/data/physion/generated_v5/converted_stage1_v1/02469_collision_strafe_left_180_seed41469,collision,strafe_left_180,41469
02717_collision_strafe_left_180_seed41717,/home/nvme04/workspace/world_model_phys/PHYS/world_model_phys/local_assets/data/physion/generated_v5/converted_stage1_v1/02717_collision_strafe_left_180_seed41717,collision,strafe_left_180,41717
01552_drop_orbit_left_72_seed40552,/home/nvme04/workspace/world_model_phys/PHYS/world_model_phys/local_assets/data/physion/generated_v5/converted_stage1_v1/01552_drop_orbit_left_72_seed40552,drop,orbit_left_72,40552
04034_roll_orbit_right_60_seed43034,/home/nvme04/workspace/world_model_phys/PHYS/world_model_phys/local_assets/data/physion/generated_v5/converted_stage1_v1/04034_roll_orbit_right_60_seed43034,roll,orbit_right_60,43034
01891_drop_orbit_left_72_seed40891,/home/nvme04/workspace/world_model_phys/PHYS/world_model_phys/local_assets/data/physion/generated_v5/converted_stage1_v1/01891_drop_orbit_left_72_seed40891,drop,orbit_left_72,40891
04249_containment_orbit_left_44_seed43249,/home/nvme04/workspace/world_model_phys/PHYS/world_model_phys/local_assets/data/physion/generated_v5/converted_stage1_v1/04249_containment_orbit_left_44_seed43249,containment,orbit_left_44,43249
01215_drop_orbit_left_72_seed40215,/home/nvme04/workspace/world_model_phys/PHYS/world_model_phys/local_assets/data/physion/generated_v5/converted_stage1_v1/01215_drop_orbit_left_72_seed40215,drop,orbit_left_72,40215
01497_drop_orbit_left_72_seed40497,/home/nvme04/workspace/world_model_phys/PHYS/world_model_phys/local_assets/data/physion/generated_v5/converted_stage1_v1/01497_drop_orbit_left_72_seed40497,drop,orbit_left_72,40497
02289_collision_strafe_left_180_seed41289,/home/nvme04/workspace/world_model_phys/PHYS/world_model_phys/local_assets/data/physion/generated_v5/converted_stage1_v1/02289_collision_strafe_left_180_seed41289,collision,strafe_left_180,41289
04206_containment_orbit_left_44_seed43206,/home/nvme04/workspace/world_model_phys/PHYS/world_model_phys/local_assets/data/physion/generated_v5/converted_stage1_v1/04206_containment_orbit_left_44_seed43206,containment,orbit_left_44,43206
03954_roll_orbit_right_60_seed42954,/home/nvme04/workspace/world_model_phys/PHYS/world_model_phys/local_assets/data/physion/generated_v5/converted_stage1_v1/03954_roll_orbit_right_60_seed42954,roll,orbit_right_60,42954
03297_collision_strafe_left_180_seed42297,/home/nvme04/workspace/world_model_phys/PHYS/world_model_phys/local_assets/data/physion/generated_v5/converted_stage1_v1/03297_collision_strafe_left_180_seed42297,collision,strafe_left_180,42297
01899_drop_orbit_left_72_seed40899,/home/nvme04/workspace/world_model_phys/PHYS/world_model_phys/local_assets/data/physion/generated_v5/converted_stage1_v1/01899_drop_orbit_left_72_seed40899,drop,orbit_left_72,40899
04032_roll_orbit_right_60_seed43032,/home/nvme04/workspace/world_model_phys/PHYS/world_model_phys/local_assets/data/physion/generated_v5/converted_stage1_v1/04032_roll_orbit_right_60_seed43032,roll,orbit_right_60,43032
01376_drop_orbit_left_72_seed40376,/home/nvme04/workspace/world_model_phys/PHYS/world_model_phys/local_assets/data/physion/generated_v5/converted_stage1_v1/01376_drop_orbit_left_72_seed40376,drop,orbit_left_72,40376
03886_roll_orbit_right_60_seed42886,/home/nvme04/workspace/world_model_phys/PHYS/world_model_phys/local_assets/data/physion/generated_v5/converted_stage1_v1/03886_roll_orbit_right_60_seed42886,roll,orbit_right_60,42886
01638_drop_orbit_left_72_seed40638,/home/nvme04/workspace/world_model_phys/PHYS/world_model_phys/local_assets/data/physion/generated_v5/converted_stage1_v1/01638_drop_orbit_left_72_seed40638,drop,orbit_left_72,40638
03113_collision_strafe_left_180_seed42113,/home/nvme04/workspace/world_model_phys/PHYS/world_model_phys/local_assets/data/physion/generated_v5/converted_stage1_v1/03113_collision_strafe_left_180_seed42113,collision,strafe_left_180,42113
03642_roll_orbit_right_60_seed42642,/home/nvme04/workspace/world_model_phys/PHYS/world_model_phys/local_assets/data/physion/generated_v5/converted_stage1_v1/03642_roll_orbit_right_60_seed42642,roll,orbit_right_60,42642
01909_drop_orbit_left_72_seed40909,/home/nvme04/workspace/world_model_phys/PHYS/world_model_phys/local_assets/data/physion/generated_v5/converted_stage1_v1/01909_drop_orbit_left_72_seed40909,drop,orbit_left_72,40909
01048_drop_orbit_left_72_seed40048,/home/nvme04/workspace/world_model_phys/PHYS/world_model_phys/local_assets/data/physion/generated_v5/converted_stage1_v1/01048_drop_orbit_left_72_seed40048,drop,orbit_left_72,40048
01476_drop_orbit_left_72_seed40476,/home/nvme04/workspace/world_model_phys/PHYS/world_model_phys/local_assets/data/physion/generated_v5/converted_stage1_v1/01476_drop_orbit_left_72_seed40476,drop,orbit_left_72,40476
01175_drop_orbit_left_72_seed40175,/home/nvme04/workspace/world_model_phys/PHYS/world_model_phys/local_assets/data/physion/generated_v5/converted_stage1_v1/01175_drop_orbit_left_72_seed40175,drop,orbit_left_72,40175
04209_containment_orbit_left_44_seed43209,/home/nvme04/workspace/world_model_phys/PHYS/world_model_phys/local_assets/data/physion/generated_v5/converted_stage1_v1/04209_containment_orbit_left_44_seed43209,containment,orbit_left_44,43209
02411_collision_strafe_left_180_seed41411,/home/nvme04/workspace/world_model_phys/PHYS/world_model_phys/local_assets/data/physion/generated_v5/converted_stage1_v1/02411_collision_strafe_left_180_seed41411,collision,strafe_left_180,41411
03454_roll_orbit_right_60_seed42454,/home/nvme04/workspace/world_model_phys/PHYS/world_model_phys/local_assets/data/physion/generated_v5/converted_stage1_v1/03454_roll_orbit_right_60_seed42454,roll,orbit_right_60,42454
02507_collision_strafe_left_180_seed41507,/home/nvme04/workspace/world_model_phys/PHYS/world_model_phys/local_assets/data/physion/generated_v5/converted_stage1_v1/02507_collision_strafe_left_180_seed41507,collision,strafe_left_180,41507
02988_collision_orbit_right_64_seed41988,/home/nvme04/workspace/world_model_phys/PHYS/world_model_phys/local_assets/data/physion/generated_v5/converted_stage1_v1/02988_collision_orbit_right_64_seed41988,collision,orbit_right_64,41988
03854_roll_orbit_right_60_seed42854,/home/nvme04/workspace/world_model_phys/PHYS/world_model_phys/local_assets/data/physion/generated_v5/converted_stage1_v1/03854_roll_orbit_right_60_seed42854,roll,orbit_right_60,42854
01349_drop_orbit_left_72_seed40349,/home/nvme04/workspace/world_model_phys/PHYS/world_model_phys/local_assets/data/physion/generated_v5/converted_stage1_v1/01349_drop_orbit_left_72_seed40349,drop,orbit_left_72,40349
01132_drop_orbit_left_72_seed40132,/home/nvme04/workspace/world_model_phys/PHYS/world_model_phys/local_assets/data/physion/generated_v5/converted_stage1_v1/01132_drop_orbit_left_72_seed40132,drop,orbit_left_72,40132
01763_drop_orbit_left_72_seed40763,/home/nvme04/workspace/world_model_phys/PHYS/world_model_phys/local_assets/data/physion/generated_v5/converted_stage1_v1/01763_drop_orbit_left_72_seed40763,drop,orbit_left_72,40763
03578_roll_orbit_right_60_seed42578,/home/nvme04/workspace/world_model_phys/PHYS/world_model_phys/local_assets/data/physion/generated_v5/converted_stage1_v1/03578_roll_orbit_right_60_seed42578,roll,orbit_right_60,42578
02004_drop_orbit_left_72_seed41004,/home/nvme04/workspace/world_model_phys/PHYS/world_model_phys/local_assets/data/physion/generated_v5/converted_stage1_v1/02004_drop_orbit_left_72_seed41004,drop,orbit_left_72,41004
01716_drop_orbit_left_72_seed40716,/home/nvme04/workspace/world_model_phys/PHYS/world_model_phys/local_assets/data/physion/generated_v5/converted_stage1_v1/01716_drop_orbit_left_72_seed40716,drop,orbit_left_72,40716
03930_roll_orbit_right_60_seed42930,/home/nvme04/workspace/world_model_phys/PHYS/world_model_phys/local_assets/data/physion/generated_v5/converted_stage1_v1/03930_roll_orbit_right_60_seed42930,roll,orbit_right_60,42930
04044_roll_orbit_right_60_seed43044,/home/nvme04/workspace/world_model_phys/PHYS/world_model_phys/local_assets/data/physion/generated_v5/converted_stage1_v1/04044_roll_orbit_right_60_seed43044,roll,orbit_right_60,43044
02588_collision_orbit_right_64_seed41588,/home/nvme04/workspace/world_model_phys/PHYS/world_model_phys/local_assets/data/physion/generated_v5/converted_stage1_v1/02588_collision_orbit_right_64_seed41588,collision,orbit_right_64,41588
03165_collision_strafe_left_180_seed42165,/home/nvme04/workspace/world_model_phys/PHYS/world_model_phys/local_assets/data/physion/generated_v5/converted_stage1_v1/03165_collision_strafe_left_180_seed42165,collision,strafe_left_180,42165
03690_roll_orbit_right_60_seed42690,/home/nvme04/workspace/world_model_phys/PHYS/world_model_phys/local_assets/data/physion/generated_v5/converted_stage1_v1/03690_roll_orbit_right_60_seed42690,roll,orbit_right_60,42690
03876_roll_orbit_right_60_seed42876,/home/nvme04/workspace/world_model_phys/PHYS/world_model_phys/local_assets/data/physion/generated_v5/converted_stage1_v1/03876_roll_orbit_right_60_seed42876,roll,orbit_right_60,42876
04071_roll_orbit_right_60_seed43071,/home/nvme04/workspace/world_model_phys/PHYS/world_model_phys/local_assets/data/physion/generated_v5/converted_stage1_v1/04071_roll_orbit_right_60_seed43071,roll,orbit_right_60,43071
02743_collision_strafe_left_180_seed41743,/home/nvme04/workspace/world_model_phys/PHYS/world_model_phys/local_assets/data/physion/generated_v5/converted_stage1_v1/02743_collision_strafe_left_180_seed41743,collision,strafe_left_180,41743
02679_collision_strafe_left_180_seed41679,/home/nvme04/workspace/world_model_phys/PHYS/world_model_phys/local_assets/data/physion/generated_v5/converted_stage1_v1/02679_collision_strafe_left_180_seed41679,collision,strafe_left_180,41679
04069_roll_orbit_right_60_seed43069,/home/nvme04/workspace/world_model_phys/PHYS/world_model_phys/local_assets/data/physion/generated_v5/converted_stage1_v1/04069_roll_orbit_right_60_seed43069,roll,orbit_right_60,43069
02543_collision_strafe_left_180_seed41543,/home/nvme04/workspace/world_model_phys/PHYS/world_model_phys/local_assets/data/physion/generated_v5/converted_stage1_v1/02543_collision_strafe_left_180_seed41543,collision,strafe_left_180,41543
04247_containment_orbit_left_44_seed43247,/home/nvme04/workspace/world_model_phys/PHYS/world_model_phys/local_assets/data/physion/generated_v5/converted_stage1_v1/04247_containment_orbit_left_44_seed43247,containment,orbit_left_44,43247
03825_roll_orbit_right_60_seed42825,/home/nvme04/workspace/world_model_phys/PHYS/world_model_phys/local_assets/data/physion/generated_v5/converted_stage1_v1/03825_roll_orbit_right_60_seed42825,roll,orbit_right_60,42825
01191_drop_orbit_left_72_seed40191,/home/nvme04/workspace/world_model_phys/PHYS/world_model_phys/local_assets/data/physion/generated_v5/converted_stage1_v1/01191_drop_orbit_left_72_seed40191,drop,orbit_left_72,40191
02963_collision_strafe_left_180_seed41963,/home/nvme04/workspace/world_model_phys/PHYS/world_model_phys/local_assets/data/physion/generated_v5/converted_stage1_v1/02963_collision_strafe_left_180_seed41963,collision,strafe_left_180,41963
01590_drop_orbit_left_72_seed40590,/home/nvme04/workspace/world_model_phys/PHYS/world_model_phys/local_assets/data/physion/generated_v5/converted_stage1_v1/01590_drop_orbit_left_72_seed40590,drop,orbit_left_72,40590
03641_roll_orbit_right_60_seed42641,/home/nvme04/workspace/world_model_phys/PHYS/world_model_phys/local_assets/data/physion/generated_v5/converted_stage1_v1/03641_roll_orbit_right_60_seed42641,roll,orbit_right_60,42641
03247_collision_strafe_left_180_seed42247,/home/nvme04/workspace/world_model_phys/PHYS/world_model_phys/local_assets/data/physion/generated_v5/converted_stage1_v1/03247_collision_strafe_left_180_seed42247,collision,strafe_left_180,42247
01908_drop_orbit_left_72_seed40908,/home/nvme04/workspace/world_model_phys/PHYS/world_model_phys/local_assets/data/physion/generated_v5/converted_stage1_v1/01908_drop_orbit_left_72_seed40908,drop,orbit_left_72,40908
04266_containment_orbit_left_44_seed43266,/home/nvme04/workspace/world_model_phys/PHYS/world_model_phys/local_assets/data/physion/generated_v5/converted_stage1_v1/04266_containment_orbit_left_44_seed43266,containment,orbit_left_44,43266
01607_drop_orbit_left_72_seed40607,/home/nvme04/workspace/world_model_phys/PHYS/world_model_phys/local_assets/data/physion/generated_v5/converted_stage1_v1/01607_drop_orbit_left_72_seed40607,drop,orbit_left_72,40607
03347_collision_strafe_left_180_seed42347,/home/nvme04/workspace/world_model_phys/PHYS/world_model_phys/local_assets/data/physion/generated_v5/converted_stage1_v1/03347_collision_strafe_left_180_seed42347,collision,strafe_left_180,42347
01147_drop_orbit_left_72_seed40147,/home/nvme04/workspace/world_model_phys/PHYS/world_model_phys/local_assets/data/physion/generated_v5/converted_stage1_v1/01147_drop_orbit_left_72_seed40147,drop,orbit_left_72,40147
04220_containment_orbit_left_44_seed43220,/home/nvme04/workspace/world_model_phys/PHYS/world_model_phys/local_assets/data/physion/generated_v5/converted_stage1_v1/04220_containment_orbit_left_44_seed43220,containment,orbit_left_44,43220
04337_containment_orbit_left_44_seed43337,/home/nvme04/workspace/world_model_phys/PHYS/world_model_phys/local_assets/data/physion/generated_v5/converted_stage1_v1/04337_containment_orbit_left_44_seed43337,containment,orbit_left_44,43337
03533_roll_orbit_right_60_seed42533,/home/nvme04/workspace/world_model_phys/PHYS/world_model_phys/local_assets/data/physion/generated_v5/converted_stage1_v1/03533_roll_orbit_right_60_seed42533,roll,orbit_right_60,42533
01328_drop_orbit_left_72_seed40328,/home/nvme04/workspace/world_model_phys/PHYS/world_model_phys/local_assets/data/physion/generated_v5/converted_stage1_v1/01328_drop_orbit_left_72_seed40328,drop,orbit_left_72,40328
02931_collision_strafe_left_180_seed41931,/home/nvme04/workspace/world_model_phys/PHYS/world_model_phys/local_assets/data/physion/generated_v5/converted_stage1_v1/02931_collision_strafe_left_180_seed41931,collision,strafe_left_180,41931
02445_collision_strafe_left_180_seed41445,/home/nvme04/workspace/world_model_phys/PHYS/world_model_phys/local_assets/data/physion/generated_v5/converted_stage1_v1/02445_collision_strafe_left_180_seed41445,collision,strafe_left_180,41445
01857_drop_orbit_left_72_seed40857,/home/nvme04/workspace/world_model_phys/PHYS/world_model_phys/local_assets/data/physion/generated_v5/converted_stage1_v1/01857_drop_orbit_left_72_seed40857,drop,orbit_left_72,40857
02248_collision_orbit_right_64_seed41248,/home/nvme04/workspace/world_model_phys/PHYS/world_model_phys/local_assets/data/physion/generated_v5/converted_stage1_v1/02248_collision_orbit_right_64_seed41248,collision,orbit_right_64,41248
02166_drop_orbit_left_72_seed41166,/home/nvme04/workspace/world_model_phys/PHYS/world_model_phys/local_assets/data/physion/generated_v5/converted_stage1_v1/02166_drop_orbit_left_72_seed41166,drop,orbit_left_72,41166
03762_roll_orbit_right_60_seed42762,/home/nvme04/workspace/world_model_phys/PHYS/world_model_phys/local_assets/data/physion/generated_v5/converted_stage1_v1/03762_roll_orbit_right_60_seed42762,roll,orbit_right_60,42762
03141_collision_strafe_left_180_seed42141,/home/nvme04/workspace/world_model_phys/PHYS/world_model_phys/local_assets/data/physion/generated_v5/converted_stage1_v1/03141_collision_strafe_left_180_seed42141,collision,strafe_left_180,42141
04097_roll_orbit_right_60_seed43097,/home/nvme04/workspace/world_model_phys/PHYS/world_model_phys/local_assets/data/physion/generated_v5/converted_stage1_v1/04097_roll_orbit_right_60_seed43097,roll,orbit_right_60,43097
01586_drop_orbit_left_72_seed40586,/home/nvme04/workspace/world_model_phys/PHYS/world_model_phys/local_assets/data/physion/generated_v5/converted_stage1_v1/01586_drop_orbit_left_72_seed40586,drop,orbit_left_72,40586
02628_collision_orbit_right_64_seed41628,/home/nvme04/workspace/world_model_phys/PHYS/world_model_phys/local_assets/data/physion/generated_v5/converted_stage1_v1/02628_collision_orbit_right_64_seed41628,collision,orbit_right_64,41628
03732_roll_orbit_right_60_seed42732,/home/nvme04/workspace/world_model_phys/PHYS/world_model_phys/local_assets/data/physion/generated_v5/converted_stage1_v1/03732_roll_orbit_right_60_seed42732,roll,orbit_right_60,42732
03563_roll_orbit_right_60_seed42563,/home/nvme04/workspace/world_model_phys/PHYS/world_model_phys/local_assets/data/physion/generated_v5/converted_stage1_v1/03563_roll_orbit_right_60_seed42563,roll,orbit_right_60,42563
03467_roll_orbit_right_60_seed42467,/home/nvme04/workspace/world_model_phys/PHYS/world_model_phys/local_assets/data/physion/generated_v5/converted_stage1_v1/03467_roll_orbit_right_60_seed42467,roll,orbit_right_60,42467
03552_roll_orbit_right_60_seed42552,/home/nvme04/workspace/world_model_phys/PHYS/world_model_phys/local_assets/data/physion/generated_v5/converted_stage1_v1/03552_roll_orbit_right_60_seed42552,roll,orbit_right_60,42552
01678_drop_orbit_left_72_seed40678,/home/nvme04/workspace/world_model_phys/PHYS/world_model_phys/local_assets/data/physion/generated_v5/converted_stage1_v1/01678_drop_orbit_left_72_seed40678,drop,orbit_left_72,40678
02241_collision_strafe_left_180_seed41241,/home/nvme04/workspace/world_model_phys/PHYS/world_model_phys/local_assets/data/physion/generated_v5/converted_stage1_v1/02241_collision_strafe_left_180_seed41241,collision,strafe_left_180,41241
02822_collision_orbit_right_64_seed41822,/home/nvme04/workspace/world_model_phys/PHYS/world_model_phys/local_assets/data/physion/generated_v5/converted_stage1_v1/02822_collision_orbit_right_64_seed41822,collision,orbit_right_64,41822
04204_containment_orbit_left_44_seed43204,/home/nvme04/workspace/world_model_phys/PHYS/world_model_phys/local_assets/data/physion/generated_v5/converted_stage1_v1/04204_containment_orbit_left_44_seed43204,containment,orbit_left_44,43204
04243_containment_orbit_left_44_seed43243,/home/nvme04/workspace/world_model_phys/PHYS/world_model_phys/local_assets/data/physion/generated_v5/converted_stage1_v1/04243_containment_orbit_left_44_seed43243,containment,orbit_left_44,43243
02581_collision_strafe_left_180_seed41581,/home/nvme04/workspace/world_model_phys/PHYS/world_model_phys/local_assets/data/physion/generated_v5/converted_stage1_v1/02581_collision_strafe_left_180_seed41581,collision,strafe_left_180,41581
01292_drop_orbit_left_72_seed40292,/home/nvme04/workspace/world_model_phys/PHYS/world_model_phys/local_assets/data/physion/generated_v5/converted_stage1_v1/01292_drop_orbit_left_72_seed40292,drop,orbit_left_72,40292
02972_collision_orbit_right_64_seed41972,/home/nvme04/workspace/world_model_phys/PHYS/world_model_phys/local_assets/data/physion/generated_v5/converted_stage1_v1/02972_collision_orbit_right_64_seed41972,collision,orbit_right_64,41972
01111_drop_orbit_left_72_seed40111,/home/nvme04/workspace/world_model_phys/PHYS/world_model_phys/local_assets/data/physion/generated_v5/converted_stage1_v1/01111_drop_orbit_left_72_seed40111,drop,orbit_left_72,40111
01580_drop_orbit_left_72_seed40580,/home/nvme04/workspace/world_model_phys/PHYS/world_model_phys/local_assets/data/physion/generated_v5/converted_stage1_v1/01580_drop_orbit_left_72_seed40580,drop,orbit_left_72,40580
01761_drop_orbit_left_72_seed40761,/home/nvme04/workspace/world_model_phys/PHYS/world_model_phys/local_assets/data/physion/generated_v5/converted_stage1_v1/01761_drop_orbit_left_72_seed40761,drop,orbit_left_72,40761
02349_collision_strafe_left_180_seed41349,/home/nvme04/workspace/world_model_phys/PHYS/world_model_phys/local_assets/data/physion/generated_v5/converted_stage1_v1/02349_collision_strafe_left_180_seed41349,collision,strafe_left_180,41349
01181_drop_orbit_left_72_seed40181,/home/nvme04/workspace/world_model_phys/PHYS/world_model_phys/local_assets/data/physion/generated_v5/converted_stage1_v1/01181_drop_orbit_left_72_seed40181,drop,orbit_left_72,40181
03660_roll_orbit_right_60_seed42660,/home/nvme04/workspace/world_model_phys/PHYS/world_model_phys/local_assets/data/physion/generated_v5/converted_stage1_v1/03660_roll_orbit_right_60_seed42660,roll,orbit_right_60,42660
01381_drop_orbit_left_72_seed40381,/home/nvme04/workspace/world_model_phys/PHYS/world_model_phys/local_assets/data/physion/generated_v5/converted_stage1_v1/01381_drop_orbit_left_72_seed40381,drop,orbit_left_72,40381
03507_roll_orbit_right_60_seed42507,/home/nvme04/workspace/world_model_phys/PHYS/world_model_phys/local_assets/data/physion/generated_v5/converted_stage1_v1/03507_roll_orbit_right_60_seed42507,roll,orbit_right_60,42507
01715_drop_orbit_left_72_seed40715,/home/nvme04/workspace/world_model_phys/PHYS/world_model_phys/local_assets/data/physion/generated_v5/converted_stage1_v1/01715_drop_orbit_left_72_seed40715,drop,orbit_left_72,40715
01523_drop_orbit_left_72_seed40523,/home/nvme04/workspace/world_model_phys/PHYS/world_model_phys/local_assets/data/physion/generated_v5/converted_stage1_v1/01523_drop_orbit_left_72_seed40523,drop,orbit_left_72,40523
02927_collision_strafe_left_180_seed41927,/home/nvme04/workspace/world_model_phys/PHYS/world_model_phys/local_assets/data/physion/generated_v5/converted_stage1_v1/02927_collision_strafe_left_180_seed41927,collision,strafe_left_180,41927
04306_containment_orbit_left_44_seed43306,/home/nvme04/workspace/world_model_phys/PHYS/world_model_phys/local_assets/data/physion/generated_v5/converted_stage1_v1/04306_containment_orbit_left_44_seed43306,containment,orbit_left_44,43306
03053_collision_strafe_left_180_seed42053,/home/nvme04/workspace/world_model_phys/PHYS/world_model_phys/local_assets/data/physion/generated_v5/converted_stage1_v1/03053_collision_strafe_left_180_seed42053,collision,strafe_left_180,42053
03911_roll_orbit_right_60_seed42911,/home/nvme04/workspace/world_model_phys/PHYS/world_model_phys/local_assets/data/physion/generated_v5/converted_stage1_v1/03911_roll_orbit_right_60_seed42911,roll,orbit_right_60,42911
03379_collision_strafe_left_180_seed42379,/home/nvme04/workspace/world_model_phys/PHYS/world_model_phys/local_assets/data/physion/generated_v5/converted_stage1_v1/03379_collision_strafe_left_180_seed42379,collision,strafe_left_180,42379
01088_drop_orbit_left_72_seed40088,/home/nvme04/workspace/world_model_phys/PHYS/world_model_phys/local_assets/data/physion/generated_v5/converted_stage1_v1/01088_drop_orbit_left_72_seed40088,drop,orbit_left_72,40088
01333_drop_orbit_left_72_seed40333,/home/nvme04/workspace/world_model_phys/PHYS/world_model_phys/local_assets/data/physion/generated_v5/converted_stage1_v1/01333_drop_orbit_left_72_seed40333,drop,orbit_left_72,40333
02672_collision_orbit_right_64_seed41672,/home/nvme04/workspace/world_model_phys/PHYS/world_model_phys/local_assets/data/physion/generated_v5/converted_stage1_v1/02672_collision_orbit_right_64_seed41672,collision,orbit_right_64,41672
03067_collision_strafe_left_180_seed42067,/home/nvme04/workspace/world_model_phys/PHYS/world_model_phys/local_assets/data/physion/generated_v5/converted_stage1_v1/03067_collision_strafe_left_180_seed42067,collision,strafe_left_180,42067
01082_drop_orbit_left_72_seed40082,/home/nvme04/workspace/world_model_phys/PHYS/world_model_phys/local_assets/data/physion/generated_v5/converted_stage1_v1/01082_drop_orbit_left_72_seed40082,drop,orbit_left_72,40082
03523_roll_orbit_right_60_seed42523,/home/nvme04/workspace/world_model_phys/PHYS/world_model_phys/local_assets/data/physion/generated_v5/converted_stage1_v1/03523_roll_orbit_right_60_seed42523,roll,orbit_right_60,42523
02361_collision_strafe_left_180_seed41361,/home/nvme04/workspace/world_model_phys/PHYS/world_model_phys/local_assets/data/physion/generated_v5/converted_stage1_v1/02361_collision_strafe_left_180_seed41361,collision,strafe_left_180,41361
01303_drop_orbit_left_72_seed40303,/home/nvme04/workspace/world_model_phys/PHYS/world_model_phys/local_assets/data/physion/generated_v5/converted_stage1_v1/01303_drop_orbit_left_72_seed40303,drop,orbit_left_72,40303
03354_collision_orbit_right_64_seed42354,/home/nvme04/workspace/world_model_phys/PHYS/world_model_phys/local_assets/data/physion/generated_v5/converted_stage1_v1/03354_collision_orbit_right_64_seed42354,collision,orbit_right_64,42354
01700_drop_orbit_left_72_seed40700,/home/nvme04/workspace/world_model_phys/PHYS/world_model_phys/local_assets/data/physion/generated_v5/converted_stage1_v1/01700_drop_orbit_left_72_seed40700,drop,orbit_left_72,40700
02723_collision_strafe_left_180_seed41723,/home/nvme04/workspace/world_model_phys/PHYS/world_model_phys/local_assets/data/physion/generated_v5/converted_stage1_v1/02723_collision_strafe_left_180_seed41723,collision,strafe_left_180,41723
02193_drop_orbit_left_72_seed41193,/home/nvme04/workspace/world_model_phys/PHYS/world_model_phys/local_assets/data/physion/generated_v5/converted_stage1_v1/02193_drop_orbit_left_72_seed41193,drop,orbit_left_72,41193
03653_roll_orbit_right_60_seed42653,/home/nvme04/workspace/world_model_phys/PHYS/world_model_phys/local_assets/data/physion/generated_v5/converted_stage1_v1/03653_roll_orbit_right_60_seed42653,roll,orbit_right_60,42653
02055_drop_orbit_left_72_seed41055,/home/nvme04/workspace/world_model_phys/PHYS/world_model_phys/local_assets/data/physion/generated_v5/converted_stage1_v1/02055_drop_orbit_left_72_seed41055,drop,orbit_left_72,41055
02821_collision_strafe_left_180_seed41821,/home/nvme04/workspace/world_model_phys/PHYS/world_model_phys/local_assets/data/physion/generated_v5/converted_stage1_v1/02821_collision_strafe_left_180_seed41821,collision,strafe_left_180,41821
03731_roll_orbit_right_60_seed42731,/home/nvme04/workspace/world_model_phys/PHYS/world_model_phys/local_assets/data/physion/generated_v5/converted_stage1_v1/03731_roll_orbit_right_60_seed42731,roll,orbit_right_60,42731
01226_drop_orbit_left_72_seed40226,/home/nvme04/workspace/world_model_phys/PHYS/world_model_phys/local_assets/data/physion/generated_v5/converted_stage1_v1/01226_drop_orbit_left_72_seed40226,drop,orbit_left_72,40226
02514_collision_orbit_right_64_seed41514,/home/nvme04/workspace/world_model_phys/PHYS/world_model_phys/local_assets/data/physion/generated_v5/converted_stage1_v1/02514_collision_orbit_right_64_seed41514,collision,orbit_right_64,41514
03249_collision_strafe_left_180_seed42249,/home/nvme04/workspace/world_model_phys/PHYS/world_model_phys/local_assets/data/physion/generated_v5/converted_stage1_v1/03249_collision_strafe_left_180_seed42249,collision,strafe_left_180,42249
